date_key,date,sector,value_mt_co2
20190101,2019-01-01,Domestic Aviation,0.000523345
20190101,2019-01-01,Ground Transport,0.0338561
20190101,2019-01-01,Industry,0.0164559
20190101,2019-01-01,International Aviation,0.006298
20190101,2019-01-01,Power,0.0392924
20190101,2019-01-01,Residential,0.0169605
20190102,2019-01-02,Domestic Aviation,0.000609373
20190102,2019-01-02,Ground Transport,0.0321331
20190102,2019-01-02,Industry,0.0251989
20190102,2019-01-02,International Aviation,0.00695575
20190102,2019-01-02,Power,0.0601682
20190102,2019-01-02,Residential,0.0232794
20190103,2019-01-03,Domestic Aviation,0.000671439
20190103,2019-01-03,Ground Transport,0.0323502
20190103,2019-01-03,Industry,0.0289116
20190103,2019-01-03,International Aviation,0.00648115
20190103,2019-01-03,Power,0.0690332
20190103,2019-01-03,Residential,0.0292669
20190104,2019-01-04,Domestic Aviation,0.000687658
20190104,2019-01-04,Ground Transport,0.0332922
20190104,2019-01-04,Industry,0.0281053
20190104,2019-01-04,International Aviation,0.00685998
20190104,2019-01-04,Power,0.067108
20190104,2019-01-04,Residential,0.0210586
20190105,2019-01-05,Domestic Aviation,0.000565381
20190105,2019-01-05,Ground Transport,0.0256659
20190105,2019-01-05,Industry,0.0253289
20190105,2019-01-05,International Aviation,0.00678833
20190105,2019-01-05,Power,0.0604787
20190105,2019-01-05,Residential,0.0236672
20190106,2019-01-06,Domestic Aviation,0.000638054
20190106,2019-01-06,Ground Transport,0.0211952
20190106,2019-01-06,Industry,0.0242988
20190106,2019-01-06,International Aviation,0.00710313
20190106,2019-01-06,Power,0.0580189
20190106,2019-01-06,Residential,0.0207207
20190107,2019-01-07,Domestic Aviation,0.000648045
20190107,2019-01-07,Ground Transport,0.0313098
20190107,2019-01-07,Industry,0.0242943
20190107,2019-01-07,International Aviation,0.0077117
20190107,2019-01-07,Power,0.0580084
20190107,2019-01-07,Residential,0.0178399
20190108,2019-01-08,Domestic Aviation,0.00062446
20190108,2019-01-08,Ground Transport,0.0338561
20190108,2019-01-08,Industry,0.0246877
20190108,2019-01-08,International Aviation,0.00606834
20190108,2019-01-08,Power,0.0589475
20190108,2019-01-08,Residential,0.0193777
20190109,2019-01-09,Domestic Aviation,0.000627017
20190109,2019-01-09,Ground Transport,0.0321331
20190109,2019-01-09,Industry,0.0267675
20190109,2019-01-09,International Aviation,0.00678492
20190109,2019-01-09,Power,0.0639137
20190109,2019-01-09,Residential,0.0217317
20190110,2019-01-10,Domestic Aviation,0.000727908
20190110,2019-01-10,Ground Transport,0.0323502
20190110,2019-01-10,Industry,0.029229
20190110,2019-01-10,International Aviation,0.0078867
20190110,2019-01-10,Power,0.069791
20190110,2019-01-10,Residential,0.0233405
20190111,2019-01-11,Domestic Aviation,0.000726088
20190111,2019-01-11,Ground Transport,0.0332922
20190111,2019-01-11,Industry,0.0243642
20190111,2019-01-11,International Aviation,0.00528675
20190111,2019-01-11,Power,0.0581751
20190111,2019-01-11,Residential,0.016804
20190112,2019-01-12,Domestic Aviation,0.000544539
20190112,2019-01-12,Ground Transport,0.0256659
20190112,2019-01-12,Industry,0.0252181
20190112,2019-01-12,International Aviation,0.00680965
20190112,2019-01-12,Power,0.0602141
20190112,2019-01-12,Residential,0.0205759
20190113,2019-01-13,Domestic Aviation,0.000632107
20190113,2019-01-13,Ground Transport,0.0211952
20190113,2019-01-13,Industry,0.0253816
20190113,2019-01-13,International Aviation,0.00695105
20190113,2019-01-13,Power,0.0606045
20190113,2019-01-13,Residential,0.0237666
20190114,2019-01-14,Domestic Aviation,0.000675657
20190114,2019-01-14,Ground Transport,0.0313098
20190114,2019-01-14,Industry,0.0292935
20190114,2019-01-14,International Aviation,0.00715857
20190114,2019-01-14,Power,0.069945
20190114,2019-01-14,Residential,0.0217069
20190115,2019-01-15,Domestic Aviation,0.00070292
20190115,2019-01-15,Ground Transport,0.0338561
20190115,2019-01-15,Industry,0.0322763
20190115,2019-01-15,International Aviation,0.00604828
20190115,2019-01-15,Power,0.0770671
20190115,2019-01-15,Residential,0.0230656
20190116,2019-01-16,Domestic Aviation,0.000545609
20190116,2019-01-16,Ground Transport,0.0321331
20190116,2019-01-16,Industry,0.0341107
20190116,2019-01-16,International Aviation,0.00611819
20190116,2019-01-16,Power,0.0814473
20190116,2019-01-16,Residential,0.0250051
20190117,2019-01-17,Domestic Aviation,0.000637282
20190117,2019-01-17,Ground Transport,0.0323502
20190117,2019-01-17,Industry,0.0349593
20190117,2019-01-17,International Aviation,0.00561059
20190117,2019-01-17,Power,0.0834734
20190117,2019-01-17,Residential,0.0260613
20190118,2019-01-18,Domestic Aviation,0.000764022
20190118,2019-01-18,Ground Transport,0.0332922
20190118,2019-01-18,Industry,0.0363837
20190118,2019-01-18,International Aviation,0.0063395
20190118,2019-01-18,Power,0.0868746
20190118,2019-01-18,Residential,0.0295917
20190119,2019-01-19,Domestic Aviation,0.000517238
20190119,2019-01-19,Ground Transport,0.0256659
20190119,2019-01-19,Industry,0.0350947
20190119,2019-01-19,International Aviation,0.00688541
20190119,2019-01-19,Power,0.0837968
20190119,2019-01-19,Residential,0.0278184
20190120,2019-01-20,Domestic Aviation,0.000607834
20190120,2019-01-20,Ground Transport,0.0211952
20190120,2019-01-20,Industry,0.0354829
20190120,2019-01-20,International Aviation,0.00670104
20190120,2019-01-20,Power,0.0847236
20190120,2019-01-20,Residential,0.0297878
20190121,2019-01-21,Domestic Aviation,0.00068903
20190121,2019-01-21,Ground Transport,0.0313098
20190121,2019-01-21,Industry,0.0381591
20190121,2019-01-21,International Aviation,0.00705285
20190121,2019-01-21,Power,0.0911138
20190121,2019-01-21,Residential,0.0359656
20190122,2019-01-22,Domestic Aviation,0.000686757
20190122,2019-01-22,Ground Transport,0.0338561
20190122,2019-01-22,Industry,0.0384028
20190122,2019-01-22,International Aviation,0.00607261
20190122,2019-01-22,Power,0.0916955
20190122,2019-01-22,Residential,0.0310724
20190123,2019-01-23,Domestic Aviation,0.000699565
20190123,2019-01-23,Ground Transport,0.0321331
20190123,2019-01-23,Industry,0.0366683
20190123,2019-01-23,International Aviation,0.00632609
20190123,2019-01-23,Power,0.0875542
20190123,2019-01-23,Residential,0.024188
20190124,2019-01-24,Domestic Aviation,0.000723972
20190124,2019-01-24,Ground Transport,0.0323502
20190124,2019-01-24,Industry,0.0372185
20190124,2019-01-24,International Aviation,0.00645181
20190124,2019-01-24,Power,0.0888679
20190124,2019-01-24,Residential,0.0315766
20190125,2019-01-25,Domestic Aviation,0.000770598
20190125,2019-01-25,Ground Transport,0.0332922
20190125,2019-01-25,Industry,0.0367514
20190125,2019-01-25,International Aviation,0.00658035
20190125,2019-01-25,Power,0.0877524
20190125,2019-01-25,Residential,0.0267716
20190126,2019-01-26,Domestic Aviation,0.000540424
20190126,2019-01-26,Ground Transport,0.0256659
20190126,2019-01-26,Industry,0.035225
20190126,2019-01-26,International Aviation,0.00688295
20190126,2019-01-26,Power,0.0841078
20190126,2019-01-26,Residential,0.0291629
20190127,2019-01-27,Domestic Aviation,0.000652758
20190127,2019-01-27,Ground Transport,0.0211952
20190127,2019-01-27,Industry,0.0358968
20190127,2019-01-27,International Aviation,0.00712903
20190127,2019-01-27,Power,0.085712
20190127,2019-01-27,Residential,0.0358353
20190128,2019-01-28,Domestic Aviation,0.000510417
20190128,2019-01-28,Ground Transport,0.0313098
20190128,2019-01-28,Industry,0.0369296
20190128,2019-01-28,International Aviation,0.00602445
20190128,2019-01-28,Power,0.0881779
20190128,2019-01-28,Residential,0.0315073
20190129,2019-01-29,Domestic Aviation,0.00074689
20190129,2019-01-29,Ground Transport,0.0338561
20190129,2019-01-29,Industry,0.0360922
20190129,2019-01-29,International Aviation,0.00630395
20190129,2019-01-29,Power,0.0861785
20190129,2019-01-29,Residential,0.0247508
20190130,2019-01-30,Domestic Aviation,0.000718328
20190130,2019-01-30,Ground Transport,0.0321331
20190130,2019-01-30,Industry,0.0354198
20190130,2019-01-30,International Aviation,0.0062084
20190130,2019-01-30,Power,0.0845729
20190130,2019-01-30,Residential,0.0242121
20190131,2019-01-31,Domestic Aviation,0.000776358
20190131,2019-01-31,Ground Transport,0.0323502
20190131,2019-01-31,Industry,0.0359019
20190131,2019-01-31,International Aviation,0.00637549
20190131,2019-01-31,Power,0.0857241
20190131,2019-01-31,Residential,0.0254294
20190201,2019-02-01,Domestic Aviation,0.000742204
20190201,2019-02-01,Ground Transport,0.0332922
20190201,2019-02-01,Industry,0.0451044
20190201,2019-02-01,International Aviation,0.00666355
20190201,2019-02-01,Power,0.085006
20190201,2019-02-01,Residential,0.0267373
20190202,2019-02-02,Domestic Aviation,0.00056077
20190202,2019-02-02,Ground Transport,0.0256659
20190202,2019-02-02,Industry,0.0427395
20190202,2019-02-02,International Aviation,0.00660392
20190202,2019-02-02,Power,0.080549
20190202,2019-02-02,Residential,0.0266051
20190203,2019-02-03,Domestic Aviation,0.000646493
20190203,2019-02-03,Ground Transport,0.0211952
20190203,2019-02-03,Industry,0.0419076
20190203,2019-02-03,International Aviation,0.00646374
20190203,2019-02-03,Power,0.0789811
20190203,2019-02-03,Residential,0.0244093
20190204,2019-02-04,Domestic Aviation,0.000747071
20190204,2019-02-04,Ground Transport,0.0313098
20190204,2019-02-04,Industry,0.0437069
20190204,2019-02-04,International Aviation,0.007138
20190204,2019-02-04,Power,0.0823721
20190204,2019-02-04,Residential,0.0240797
20190205,2019-02-05,Domestic Aviation,0.000680399
20190205,2019-02-05,Ground Transport,0.0338561
20190205,2019-02-05,Industry,0.0397276
20190205,2019-02-05,International Aviation,0.00587081
20190205,2019-02-05,Power,0.0748725
20190205,2019-02-05,Residential,0.0233034
20190206,2019-02-06,Domestic Aviation,0.000780571
20190206,2019-02-06,Ground Transport,0.0321331
20190206,2019-02-06,Industry,0.0405545
20190206,2019-02-06,International Aviation,0.00632354
20190206,2019-02-06,Power,0.0764311
20190206,2019-02-06,Residential,0.0276589
20190207,2019-02-07,Domestic Aviation,0.000752671
20190207,2019-02-07,Ground Transport,0.0323502
20190207,2019-02-07,Industry,0.0380425
20190207,2019-02-07,International Aviation,0.00640452
20190207,2019-02-07,Power,0.0716968
20190207,2019-02-07,Residential,0.0208397
20190208,2019-02-08,Domestic Aviation,0.000767306
20190208,2019-02-08,Ground Transport,0.0332922
20190208,2019-02-08,Industry,0.0330803
20190208,2019-02-08,International Aviation,0.00694545
20190208,2019-02-08,Power,0.0623447
20190208,2019-02-08,Residential,0.0176732
20190209,2019-02-09,Domestic Aviation,0.000578757
20190209,2019-02-09,Ground Transport,0.0256659
20190209,2019-02-09,Industry,0.0297963
20190209,2019-02-09,International Aviation,0.00680428
20190209,2019-02-09,Power,0.0561555
20190209,2019-02-09,Residential,0.0170603
20190210,2019-02-10,Domestic Aviation,0.000698516
20190210,2019-02-10,Ground Transport,0.0211952
20190210,2019-02-10,Industry,0.0286131
20190210,2019-02-10,International Aviation,0.00697337
20190210,2019-02-10,Power,0.0539256
20190210,2019-02-10,Residential,0.0160604
20190211,2019-02-11,Domestic Aviation,0.000736452
20190211,2019-02-11,Ground Transport,0.0313098
20190211,2019-02-11,Industry,0.0328738
20190211,2019-02-11,International Aviation,0.00672174
20190211,2019-02-11,Power,0.0619555
20190211,2019-02-11,Residential,0.0177353
20190212,2019-02-12,Domestic Aviation,0.000814848
20190212,2019-02-12,Ground Transport,0.0338561
20190212,2019-02-12,Industry,0.0353607
20190212,2019-02-12,International Aviation,0.00641725
20190212,2019-02-12,Power,0.0666425
20190212,2019-02-12,Residential,0.0221829
20190213,2019-02-13,Domestic Aviation,0.000774253
20190213,2019-02-13,Ground Transport,0.0321331
20190213,2019-02-13,Industry,0.0344511
20190213,2019-02-13,International Aviation,0.00668681
20190213,2019-02-13,Power,0.0649282
20190213,2019-02-13,Residential,0.0208124
20190214,2019-02-14,Domestic Aviation,0.000812446
20190214,2019-02-14,Ground Transport,0.0323502
20190214,2019-02-14,Industry,0.0315433
20190214,2019-02-14,International Aviation,0.00639251
20190214,2019-02-14,Power,0.0594479
20190214,2019-02-14,Residential,0.0173259
20190215,2019-02-15,Domestic Aviation,0.000799842
20190215,2019-02-15,Ground Transport,0.0332922
20190215,2019-02-15,Industry,0.0262583
20190215,2019-02-15,International Aviation,0.00707498
20190215,2019-02-15,Power,0.0494877
20190215,2019-02-15,Residential,0.0141591
20190216,2019-02-16,Domestic Aviation,0.000612485
20190216,2019-02-16,Ground Transport,0.0256659
20190216,2019-02-16,Industry,0.0279839
20190216,2019-02-16,International Aviation,0.00670591
20190216,2019-02-16,Power,0.0527399
20190216,2019-02-16,Residential,0.0155023
20190217,2019-02-17,Domestic Aviation,0.000734795
20190217,2019-02-17,Ground Transport,0.0211952
20190217,2019-02-17,Industry,0.0299339
20190217,2019-02-17,International Aviation,0.00717018
20190217,2019-02-17,Power,0.0564149
20190217,2019-02-17,Residential,0.0183206
20190218,2019-02-18,Domestic Aviation,0.000763169
20190218,2019-02-18,Ground Transport,0.0313098
20190218,2019-02-18,Industry,0.0319998
20190218,2019-02-18,International Aviation,0.00687109
20190218,2019-02-18,Power,0.0603084
20190218,2019-02-18,Residential,0.0189896
20190219,2019-02-19,Domestic Aviation,0.000774908
20190219,2019-02-19,Ground Transport,0.0338561
20190219,2019-02-19,Industry,0.0298184
20190219,2019-02-19,International Aviation,0.00649278
20190219,2019-02-19,Power,0.0561971
20190219,2019-02-19,Residential,0.0158386
20190220,2019-02-20,Domestic Aviation,0.000767307
20190220,2019-02-20,Ground Transport,0.0321331
20190220,2019-02-20,Industry,0.0325706
20190220,2019-02-20,International Aviation,0.00619986
20190220,2019-02-20,Power,0.0613842
20190220,2019-02-20,Residential,0.0207677
20190221,2019-02-21,Domestic Aviation,0.000821337
20190221,2019-02-21,Ground Transport,0.0323502
20190221,2019-02-21,Industry,0.0369698
20190221,2019-02-21,International Aviation,0.00646913
20190221,2019-02-21,Power,0.0696751
20190221,2019-02-21,Residential,0.0275278
20190222,2019-02-22,Domestic Aviation,0.000788336
20190222,2019-02-22,Ground Transport,0.0332922
20190222,2019-02-22,Industry,0.0347546
20190222,2019-02-22,International Aviation,0.00678641
20190222,2019-02-22,Power,0.0655002
20190222,2019-02-22,Residential,0.026531
20190223,2019-02-23,Domestic Aviation,0.000592735
20190223,2019-02-23,Ground Transport,0.0256659
20190223,2019-02-23,Industry,0.0256082
20190223,2019-02-23,International Aviation,0.00717255
20190223,2019-02-23,Power,0.0482625
20190223,2019-02-23,Residential,0.0159876
20190224,2019-02-24,Domestic Aviation,0.000727806
20190224,2019-02-24,Ground Transport,0.0211952
20190224,2019-02-24,Industry,0.024078
20190224,2019-02-24,International Aviation,0.00727681
20190224,2019-02-24,Power,0.0453785
20190224,2019-02-24,Residential,0.0150954
20190225,2019-02-25,Domestic Aviation,0.000786125
20190225,2019-02-25,Ground Transport,0.0313098
20190225,2019-02-25,Industry,0.0236831
20190225,2019-02-25,International Aviation,0.00697271
20190225,2019-02-25,Power,0.0446342
20190225,2019-02-25,Residential,0.0139033
20190226,2019-02-26,Domestic Aviation,0.00079104
20190226,2019-02-26,Ground Transport,0.0338561
20190226,2019-02-26,Industry,0.0291316
20190226,2019-02-26,International Aviation,0.00651254
20190226,2019-02-26,Power,0.0549027
20190226,2019-02-26,Residential,0.0164561
20190227,2019-02-27,Domestic Aviation,0.000720265
20190227,2019-02-27,Ground Transport,0.0321331
20190227,2019-02-27,Industry,0.0258604
20190227,2019-02-27,International Aviation,0.00678891
20190227,2019-02-27,Power,0.0487377
20190227,2019-02-27,Residential,0.014585
20190228,2019-02-28,Domestic Aviation,0.000765669
20190228,2019-02-28,Ground Transport,0.0323502
20190228,2019-02-28,Industry,0.0281897
20190228,2019-02-28,International Aviation,0.00625705
20190228,2019-02-28,Power,0.0531276
20190228,2019-02-28,Residential,0.0188807
20190301,2019-03-01,Domestic Aviation,0.000816907
20190301,2019-03-01,Ground Transport,0.0332922
20190301,2019-03-01,Industry,0.0426543
20190301,2019-03-01,International Aviation,0.00657608
20190301,2019-03-01,Power,0.0630445
20190301,2019-03-01,Residential,0.0240917
20190302,2019-03-02,Domestic Aviation,0.000595674
20190302,2019-03-02,Ground Transport,0.0256659
20190302,2019-03-02,Industry,0.0377506
20190302,2019-03-02,International Aviation,0.00710489
20190302,2019-03-02,Power,0.0557967
20190302,2019-03-02,Residential,0.0207312
20190303,2019-03-03,Domestic Aviation,0.000736881
20190303,2019-03-03,Ground Transport,0.0211952
20190303,2019-03-03,Industry,0.0401657
20190303,2019-03-03,International Aviation,0.00709623
20190303,2019-03-03,Power,0.0593662
20190303,2019-03-03,Residential,0.0263948
20190304,2019-03-04,Domestic Aviation,0.000778725
20190304,2019-03-04,Ground Transport,0.0313098
20190304,2019-03-04,Industry,0.0430357
20190304,2019-03-04,International Aviation,0.00726344
20190304,2019-03-04,Power,0.0636082
20190304,2019-03-04,Residential,0.0246091
20190305,2019-03-05,Domestic Aviation,0.000768723
20190305,2019-03-05,Ground Transport,0.0338561
20190305,2019-03-05,Industry,0.0413544
20190305,2019-03-05,International Aviation,0.00651888
20190305,2019-03-05,Power,0.0611232
20190305,2019-03-05,Residential,0.0261753
20190306,2019-03-06,Domestic Aviation,0.000770632
20190306,2019-03-06,Ground Transport,0.0321331
20190306,2019-03-06,Industry,0.0404342
20190306,2019-03-06,International Aviation,0.00620067
20190306,2019-03-06,Power,0.0597631
20190306,2019-03-06,Residential,0.0255988
20190307,2019-03-07,Domestic Aviation,0.000764629
20190307,2019-03-07,Ground Transport,0.0323502
20190307,2019-03-07,Industry,0.0375719
20190307,2019-03-07,International Aviation,0.00632472
20190307,2019-03-07,Power,0.0555326
20190307,2019-03-07,Residential,0.019489
20190308,2019-03-08,Domestic Aviation,0.000806031
20190308,2019-03-08,Ground Transport,0.0332922
20190308,2019-03-08,Industry,0.0333263
20190308,2019-03-08,International Aviation,0.00739934
20190308,2019-03-08,Power,0.0492574
20190308,2019-03-08,Residential,0.0163253
20190309,2019-03-09,Domestic Aviation,0.00063849
20190309,2019-03-09,Ground Transport,0.0256659
20190309,2019-03-09,Industry,0.0359553
20190309,2019-03-09,International Aviation,0.00665102
20190309,2019-03-09,Power,0.0531431
20190309,2019-03-09,Residential,0.019759
20190310,2019-03-10,Domestic Aviation,0.000738352
20190310,2019-03-10,Ground Transport,0.0211952
20190310,2019-03-10,Industry,0.0383536
20190310,2019-03-10,International Aviation,0.00713764
20190310,2019-03-10,Power,0.0566878
20190310,2019-03-10,Residential,0.0218994
20190311,2019-03-11,Domestic Aviation,0.000767102
20190311,2019-03-11,Ground Transport,0.0313098
20190311,2019-03-11,Industry,0.0421855
20190311,2019-03-11,International Aviation,0.0070755
20190311,2019-03-11,Power,0.0623515
20190311,2019-03-11,Residential,0.0239125
20190312,2019-03-12,Domestic Aviation,0.000743484
20190312,2019-03-12,Ground Transport,0.0338561
20190312,2019-03-12,Industry,0.0425304
20190312,2019-03-12,International Aviation,0.00656448
20190312,2019-03-12,Power,0.0628613
20190312,2019-03-12,Residential,0.0240485
20190313,2019-03-13,Domestic Aviation,0.000743354
20190313,2019-03-13,Ground Transport,0.0321331
20190313,2019-03-13,Industry,0.0397834
20190313,2019-03-13,International Aviation,0.00633783
20190313,2019-03-13,Power,0.0588012
20190313,2019-03-13,Residential,0.0235853
20190314,2019-03-14,Domestic Aviation,0.000755716
20190314,2019-03-14,Ground Transport,0.0323502
20190314,2019-03-14,Industry,0.0363606
20190314,2019-03-14,International Aviation,0.00635778
20190314,2019-03-14,Power,0.0537422
20190314,2019-03-14,Residential,0.0178273
20190315,2019-03-15,Domestic Aviation,0.000756543
20190315,2019-03-15,Ground Transport,0.0332922
20190315,2019-03-15,Industry,0.0329802
20190315,2019-03-15,International Aviation,0.00671109
20190315,2019-03-15,Power,0.0487458
20190315,2019-03-15,Residential,0.0163052
20190316,2019-03-16,Domestic Aviation,0.000601774
20190316,2019-03-16,Ground Transport,0.0256659
20190316,2019-03-16,Industry,0.0298448
20190316,2019-03-16,International Aviation,0.00673449
20190316,2019-03-16,Power,0.0441115
20190316,2019-03-16,Residential,0.0162546
20190317,2019-03-17,Domestic Aviation,0.000685696
20190317,2019-03-17,Ground Transport,0.0211952
20190317,2019-03-17,Industry,0.0303018
20190317,2019-03-17,International Aviation,0.00638877
20190317,2019-03-17,Power,0.044787
20190317,2019-03-17,Residential,0.0164671
20190318,2019-03-18,Domestic Aviation,0.000701613
20190318,2019-03-18,Ground Transport,0.0313098
20190318,2019-03-18,Industry,0.0326873
20190318,2019-03-18,International Aviation,0.00750415
20190318,2019-03-18,Power,0.0483129
20190318,2019-03-18,Residential,0.015498
20190319,2019-03-19,Domestic Aviation,0.000717563
20190319,2019-03-19,Ground Transport,0.0338561
20190319,2019-03-19,Industry,0.0356066
20190319,2019-03-19,International Aviation,0.00619817
20190319,2019-03-19,Power,0.0526278
20190319,2019-03-19,Residential,0.0166761
20190320,2019-03-20,Domestic Aviation,0.000701996
20190320,2019-03-20,Ground Transport,0.0321331
20190320,2019-03-20,Industry,0.0340554
20190320,2019-03-20,International Aviation,0.00701936
20190320,2019-03-20,Power,0.0503351
20190320,2019-03-20,Residential,0.0173545
20190321,2019-03-21,Domestic Aviation,0.000754127
20190321,2019-03-21,Ground Transport,0.0323502
20190321,2019-03-21,Industry,0.0329027
20190321,2019-03-21,International Aviation,0.00674125
20190321,2019-03-21,Power,0.0486313
20190321,2019-03-21,Residential,0.0153436
20190322,2019-03-22,Domestic Aviation,0.000811257
20190322,2019-03-22,Ground Transport,0.0332922
20190322,2019-03-22,Industry,0.0323397
20190322,2019-03-22,International Aviation,0.00644755
20190322,2019-03-22,Power,0.0477992
20190322,2019-03-22,Residential,0.0158391
20190323,2019-03-23,Domestic Aviation,0.000600343
20190323,2019-03-23,Ground Transport,0.0256659
20190323,2019-03-23,Industry,0.0304887
20190323,2019-03-23,International Aviation,0.00694407
20190323,2019-03-23,Power,0.0450633
20190323,2019-03-23,Residential,0.0151046
20190324,2019-03-24,Domestic Aviation,0.000678588
20190324,2019-03-24,Ground Transport,0.0211952
20190324,2019-03-24,Industry,0.0296799
20190324,2019-03-24,International Aviation,0.00674846
20190324,2019-03-24,Power,0.0438679
20190324,2019-03-24,Residential,0.0152663
20190325,2019-03-25,Domestic Aviation,0.000726354
20190325,2019-03-25,Ground Transport,0.0313098
20190325,2019-03-25,Industry,0.0328796
20190325,2019-03-25,International Aviation,0.00710586
20190325,2019-03-25,Power,0.0485971
20190325,2019-03-25,Residential,0.0179237
20190326,2019-03-26,Domestic Aviation,0.000830859
20190326,2019-03-26,Ground Transport,0.0338561
20190326,2019-03-26,Industry,0.0331155
20190326,2019-03-26,International Aviation,0.00654664
20190326,2019-03-26,Power,0.0489458
20190326,2019-03-26,Residential,0.0196026
20190327,2019-03-27,Domestic Aviation,0.000778224
20190327,2019-03-27,Ground Transport,0.0321331
20190327,2019-03-27,Industry,0.0345653
20190327,2019-03-27,International Aviation,0.00717733
20190327,2019-03-27,Power,0.0510887
20190327,2019-03-27,Residential,0.0188831
20190328,2019-03-28,Domestic Aviation,0.00075321
20190328,2019-03-28,Ground Transport,0.0323502
20190328,2019-03-28,Industry,0.0297666
20190328,2019-03-28,International Aviation,0.00647617
20190328,2019-03-28,Power,0.043996
20190328,2019-03-28,Residential,0.0146908
20190329,2019-03-29,Domestic Aviation,0.000783583
20190329,2019-03-29,Ground Transport,0.0332922
20190329,2019-03-29,Industry,0.0240469
20190329,2019-03-29,International Aviation,0.00651823
20190329,2019-03-29,Power,0.0355422
20190329,2019-03-29,Residential,0.0118045
20190330,2019-03-30,Domestic Aviation,0.000601289
20190330,2019-03-30,Ground Transport,0.0256659
20190330,2019-03-30,Industry,0.0237768
20190330,2019-03-30,International Aviation,0.00699723
20190330,2019-03-30,Power,0.0351429
20190330,2019-03-30,Residential,0.0140033
20190331,2019-03-31,Domestic Aviation,0.000553781
20190331,2019-03-31,Ground Transport,0.0211952
20190331,2019-03-31,Industry,0.0242184
20190331,2019-03-31,International Aviation,0.00754543
20190331,2019-03-31,Power,0.0357956
20190331,2019-03-31,Residential,0.016258
20190401,2019-04-01,Domestic Aviation,0.000619925
20190401,2019-04-01,Ground Transport,0.0313098
20190401,2019-04-01,Industry,0.0416869
20190401,2019-04-01,International Aviation,0.00706793
20190401,2019-04-01,Power,0.04223
20190401,2019-04-01,Residential,0.0161578
20190402,2019-04-02,Domestic Aviation,0.000678021
20190402,2019-04-02,Ground Transport,0.0338561
20190402,2019-04-02,Industry,0.0392771
20190402,2019-04-02,International Aviation,0.00656175
20190402,2019-04-02,Power,0.0397888
20190402,2019-04-02,Residential,0.0148998
20190403,2019-04-03,Domestic Aviation,0.000671679
20190403,2019-04-03,Ground Transport,0.0321331
20190403,2019-04-03,Industry,0.0368222
20190403,2019-04-03,International Aviation,0.00702154
20190403,2019-04-03,Power,0.0373019
20190403,2019-04-03,Residential,0.0135697
20190404,2019-04-04,Domestic Aviation,0.00065674
20190404,2019-04-04,Ground Transport,0.0323502
20190404,2019-04-04,Industry,0.0343287
20190404,2019-04-04,International Aviation,0.00653286
20190404,2019-04-04,Power,0.0347759
20190404,2019-04-04,Residential,0.0129353
20190405,2019-04-05,Domestic Aviation,0.000659367
20190405,2019-04-05,Ground Transport,0.0332922
20190405,2019-04-05,Industry,0.0388082
20190405,2019-04-05,International Aviation,0.00645731
20190405,2019-04-05,Power,0.0393138
20190405,2019-04-05,Residential,0.0142357
20190406,2019-04-06,Domestic Aviation,0.000510935
20190406,2019-04-06,Ground Transport,0.0256659
20190406,2019-04-06,Industry,0.0339908
20190406,2019-04-06,International Aviation,0.00687297
20190406,2019-04-06,Power,0.0344337
20190406,2019-04-06,Residential,0.0126535
20190407,2019-04-07,Domestic Aviation,0.0005315
20190407,2019-04-07,Ground Transport,0.0211952
20190407,2019-04-07,Industry,0.0353057
20190407,2019-04-07,International Aviation,0.00669552
20190407,2019-04-07,Power,0.0357657
20190407,2019-04-07,Residential,0.0131906
20190408,2019-04-08,Domestic Aviation,0.000606606
20190408,2019-04-08,Ground Transport,0.0313098
20190408,2019-04-08,Industry,0.0423644
20190408,2019-04-08,International Aviation,0.00723192
20190408,2019-04-08,Power,0.0429164
20190408,2019-04-08,Residential,0.0159792
20190409,2019-04-09,Domestic Aviation,0.000598206
20190409,2019-04-09,Ground Transport,0.0338561
20190409,2019-04-09,Industry,0.0429381
20190409,2019-04-09,International Aviation,0.00637507
20190409,2019-04-09,Power,0.0434976
20190409,2019-04-09,Residential,0.0175302
20190410,2019-04-10,Domestic Aviation,0.000658002
20190410,2019-04-10,Ground Transport,0.0321331
20190410,2019-04-10,Industry,0.0465212
20190410,2019-04-10,International Aviation,0.00790765
20190410,2019-04-10,Power,0.0471274
20190410,2019-04-10,Residential,0.0193508
20190411,2019-04-11,Domestic Aviation,0.000528066
20190411,2019-04-11,Ground Transport,0.0323502
20190411,2019-04-11,Industry,0.0526962
20190411,2019-04-11,International Aviation,0.005062
20190411,2019-04-11,Power,0.0533828
20190411,2019-04-11,Residential,0.0189447
20190412,2019-04-12,Domestic Aviation,0.000706886
20190412,2019-04-12,Ground Transport,0.0332922
20190412,2019-04-12,Industry,0.0509478
20190412,2019-04-12,International Aviation,0.00692763
20190412,2019-04-12,Power,0.0516116
20190412,2019-04-12,Residential,0.0168127
20190413,2019-04-13,Domestic Aviation,0.000476275
20190413,2019-04-13,Ground Transport,0.0256659
20190413,2019-04-13,Industry,0.0405602
20190413,2019-04-13,International Aviation,0.00725701
20190413,2019-04-13,Power,0.0410886
20190413,2019-04-13,Residential,0.0148418
20190414,2019-04-14,Domestic Aviation,0.00054586
20190414,2019-04-14,Ground Transport,0.0211952
20190414,2019-04-14,Industry,0.0394521
20190414,2019-04-14,International Aviation,0.00667701
20190414,2019-04-14,Power,0.0399661
20190414,2019-04-14,Residential,0.0146498
20190415,2019-04-15,Domestic Aviation,0.000649689
20190415,2019-04-15,Ground Transport,0.0313098
20190415,2019-04-15,Industry,0.0420741
20190415,2019-04-15,International Aviation,0.00668983
20190415,2019-04-15,Power,0.0426223
20190415,2019-04-15,Residential,0.0141806
20190416,2019-04-16,Domestic Aviation,0.000681311
20190416,2019-04-16,Ground Transport,0.0338561
20190416,2019-04-16,Industry,0.0405395
20190416,2019-04-16,International Aviation,0.00724843
20190416,2019-04-16,Power,0.0410677
20190416,2019-04-16,Residential,0.0125848
20190417,2019-04-17,Domestic Aviation,0.00067787
20190417,2019-04-17,Ground Transport,0.0321331
20190417,2019-04-17,Industry,0.0388798
20190417,2019-04-17,International Aviation,0.0071323
20190417,2019-04-17,Power,0.0393864
20190417,2019-04-17,Residential,0.0118967
20190418,2019-04-18,Domestic Aviation,0.00067013
20190418,2019-04-18,Ground Transport,0.0323502
20190418,2019-04-18,Industry,0.0355983
20190418,2019-04-18,International Aviation,0.00689268
20190418,2019-04-18,Power,0.0360621
20190418,2019-04-18,Residential,0.01078
20190419,2019-04-19,Domestic Aviation,0.000452508
20190419,2019-04-19,Ground Transport,0.0332922
20190419,2019-04-19,Industry,0.0300813
20190419,2019-04-19,International Aviation,0.00713751
20190419,2019-04-19,Power,0.0304733
20190419,2019-04-19,Residential,0.0105097
20190420,2019-04-20,Domestic Aviation,0.000405446
20190420,2019-04-20,Ground Transport,0.0256659
20190420,2019-04-20,Industry,0.0261111
20190420,2019-04-20,International Aviation,0.00681786
20190420,2019-04-20,Power,0.0264513
20190420,2019-04-20,Residential,0.0114016
20190421,2019-04-21,Domestic Aviation,0.000416221
20190421,2019-04-21,Ground Transport,0.0211952
20190421,2019-04-21,Industry,0.0279033
20190421,2019-04-21,International Aviation,0.00683153
20190421,2019-04-21,Power,0.0282669
20190421,2019-04-21,Residential,0.0108001
20190422,2019-04-22,Domestic Aviation,0.000498694
20190422,2019-04-22,Ground Transport,0.0313098
20190422,2019-04-22,Industry,0.0248123
20190422,2019-04-22,International Aviation,0.00672708
20190422,2019-04-22,Power,0.0251356
20190422,2019-04-22,Residential,0.00866725
20190423,2019-04-23,Domestic Aviation,0.000654483
20190423,2019-04-23,Ground Transport,0.0338561
20190423,2019-04-23,Industry,0.0236155
20190423,2019-04-23,International Aviation,0.0069739
20190423,2019-04-23,Power,0.0239232
20190423,2019-04-23,Residential,0.00674117
20190424,2019-04-24,Domestic Aviation,0.000651867
20190424,2019-04-24,Ground Transport,0.0321331
20190424,2019-04-24,Industry,0.0226569
20190424,2019-04-24,International Aviation,0.00736951
20190424,2019-04-24,Power,0.022952
20190424,2019-04-24,Residential,0.00659559
20190425,2019-04-25,Domestic Aviation,0.000606079
20190425,2019-04-25,Ground Transport,0.0323502
20190425,2019-04-25,Industry,0.024163
20190425,2019-04-25,International Aviation,0.00690558
20190425,2019-04-25,Power,0.0244778
20190425,2019-04-25,Residential,0.00595333
20190426,2019-04-26,Domestic Aviation,0.000668991
20190426,2019-04-26,Ground Transport,0.0332922
20190426,2019-04-26,Industry,0.0272107
20190426,2019-04-26,International Aviation,0.00759025
20190426,2019-04-26,Power,0.0275653
20190426,2019-04-26,Residential,0.00625295
20190427,2019-04-27,Domestic Aviation,0.000413488
20190427,2019-04-27,Ground Transport,0.0256659
20190427,2019-04-27,Industry,0.0217579
20190427,2019-04-27,International Aviation,0.00721551
20190427,2019-04-27,Power,0.0220414
20190427,2019-04-27,Residential,0.0064965
20190428,2019-04-28,Domestic Aviation,0.000503485
20190428,2019-04-28,Ground Transport,0.0211952
20190428,2019-04-28,Industry,0.0257536
20190428,2019-04-28,International Aviation,0.00698092
20190428,2019-04-28,Power,0.0260892
20190428,2019-04-28,Residential,0.0120589
20190429,2019-04-29,Domestic Aviation,0.000589189
20190429,2019-04-29,Ground Transport,0.0313098
20190429,2019-04-29,Industry,0.0328311
20190429,2019-04-29,International Aviation,0.00670926
20190429,2019-04-29,Power,0.0332589
20190429,2019-04-29,Residential,0.011085
20190430,2019-04-30,Domestic Aviation,0.000550568
20190430,2019-04-30,Ground Transport,0.0338561
20190430,2019-04-30,Industry,0.0308435
20190430,2019-04-30,International Aviation,0.00665907
20190430,2019-04-30,Power,0.0312454
20190430,2019-04-30,Residential,0.0100125
20190501,2019-05-01,Domestic Aviation,0.000308654
20190501,2019-05-01,Ground Transport,0.0321331
20190501,2019-05-01,Industry,0.0341209
20190501,2019-05-01,International Aviation,0.00716167
20190501,2019-05-01,Power,0.0254978
20190501,2019-05-01,Residential,0.0111828
20190502,2019-05-02,Domestic Aviation,0.000508263
20190502,2019-05-02,Ground Transport,0.0323502
20190502,2019-05-02,Industry,0.0404881
20190502,2019-05-02,International Aviation,0.0073779
20190502,2019-05-02,Power,0.0302559
20190502,2019-05-02,Residential,0.0153324
20190503,2019-05-03,Domestic Aviation,0.000569836
20190503,2019-05-03,Ground Transport,0.0332922
20190503,2019-05-03,Industry,0.046222
20190503,2019-05-03,International Aviation,0.00668865
20190503,2019-05-03,Power,0.0345407
20190503,2019-05-03,Residential,0.0175615
20190504,2019-05-04,Domestic Aviation,0.000344576
20190504,2019-05-04,Ground Transport,0.0256659
20190504,2019-05-04,Industry,0.045166
20190504,2019-05-04,International Aviation,0.00750383
20190504,2019-05-04,Power,0.0337516
20190504,2019-05-04,Residential,0.0163002
20190505,2019-05-05,Domestic Aviation,0.000433106
20190505,2019-05-05,Ground Transport,0.0211952
20190505,2019-05-05,Industry,0.0419013
20190505,2019-05-05,International Aviation,0.00698948
20190505,2019-05-05,Power,0.0313119
20190505,2019-05-05,Residential,0.014378
20190506,2019-05-06,Domestic Aviation,0.000590988
20190506,2019-05-06,Ground Transport,0.0313098
20190506,2019-05-06,Industry,0.0460957
20190506,2019-05-06,International Aviation,0.00677437
20190506,2019-05-06,Power,0.0344463
20190506,2019-05-06,Residential,0.0119516
20190507,2019-05-07,Domestic Aviation,0.000572951
20190507,2019-05-07,Ground Transport,0.0338561
20190507,2019-05-07,Industry,0.044118
20190507,2019-05-07,International Aviation,0.00720327
20190507,2019-05-07,Power,0.0329684
20190507,2019-05-07,Residential,0.0120625
20190508,2019-05-08,Domestic Aviation,0.000546526
20190508,2019-05-08,Ground Transport,0.0321331
20190508,2019-05-08,Industry,0.038746
20190508,2019-05-08,International Aviation,0.00686713
20190508,2019-05-08,Power,0.028954
20190508,2019-05-08,Residential,0.0119068
20190509,2019-05-09,Domestic Aviation,0.000608678
20190509,2019-05-09,Ground Transport,0.0323502
20190509,2019-05-09,Industry,0.0350748
20190509,2019-05-09,International Aviation,0.00670527
20190509,2019-05-09,Power,0.0262106
20190509,2019-05-09,Residential,0.00890404
20190510,2019-05-10,Domestic Aviation,0.00062165
20190510,2019-05-10,Ground Transport,0.0332922
20190510,2019-05-10,Industry,0.0341367
20190510,2019-05-10,International Aviation,0.00740258
20190510,2019-05-10,Power,0.0255096
20190510,2019-05-10,Residential,0.00879989
20190511,2019-05-11,Domestic Aviation,0.000339792
20190511,2019-05-11,Ground Transport,0.0256659
20190511,2019-05-11,Industry,0.0324428
20190511,2019-05-11,International Aviation,0.00767323
20190511,2019-05-11,Power,0.0242438
20190511,2019-05-11,Residential,0.00766409
20190512,2019-05-12,Domestic Aviation,0.000430404
20190512,2019-05-12,Ground Transport,0.0211952
20190512,2019-05-12,Industry,0.0320808
20190512,2019-05-12,International Aviation,0.00710459
20190512,2019-05-12,Power,0.0239733
20190512,2019-05-12,Residential,0.00885923
20190513,2019-05-13,Domestic Aviation,0.000594019
20190513,2019-05-13,Ground Transport,0.0313098
20190513,2019-05-13,Industry,0.0474982
20190513,2019-05-13,International Aviation,0.00670689
20190513,2019-05-13,Power,0.0354943
20190513,2019-05-13,Residential,0.0109454
20190514,2019-05-14,Domestic Aviation,0.00061404
20190514,2019-05-14,Ground Transport,0.0338561
20190514,2019-05-14,Industry,0.0440756
20190514,2019-05-14,International Aviation,0.00736882
20190514,2019-05-14,Power,0.0329367
20190514,2019-05-14,Residential,0.0106191
20190515,2019-05-15,Domestic Aviation,0.000628478
20190515,2019-05-15,Ground Transport,0.0321331
20190515,2019-05-15,Industry,0.0400417
20190515,2019-05-15,International Aviation,0.0075007
20190515,2019-05-15,Power,0.0299222
20190515,2019-05-15,Residential,0.00913336
20190516,2019-05-16,Domestic Aviation,0.00060209
20190516,2019-05-16,Ground Transport,0.0323502
20190516,2019-05-16,Industry,0.0371576
20190516,2019-05-16,International Aviation,0.0069383
20190516,2019-05-16,Power,0.027767
20190516,2019-05-16,Residential,0.00699265
20190517,2019-05-17,Domestic Aviation,0.000647663
20190517,2019-05-17,Ground Transport,0.0332922
20190517,2019-05-17,Industry,0.0334254
20190517,2019-05-17,International Aviation,0.00729866
20190517,2019-05-17,Power,0.0249781
20190517,2019-05-17,Residential,0.00506673
20190518,2019-05-18,Domestic Aviation,0.000359271
20190518,2019-05-18,Ground Transport,0.0256659
20190518,2019-05-18,Industry,0.0254118
20190518,2019-05-18,International Aviation,0.00767608
20190518,2019-05-18,Power,0.0189897
20190518,2019-05-18,Residential,0.00261486
20190519,2019-05-19,Domestic Aviation,0.000464366
20190519,2019-05-19,Ground Transport,0.0211952
20190519,2019-05-19,Industry,0.0248855
20190519,2019-05-19,International Aviation,0.00717037
20190519,2019-05-19,Power,0.0185964
20190519,2019-05-19,Residential,0.000940182
20190520,2019-05-20,Domestic Aviation,0.000608513
20190520,2019-05-20,Ground Transport,0.0313098
20190520,2019-05-20,Industry,0.0264012
20190520,2019-05-20,International Aviation,0.0066069
20190520,2019-05-20,Power,0.019729
20190520,2019-05-20,Residential,0.00145188
20190521,2019-05-21,Domestic Aviation,0.00061458
20190521,2019-05-21,Ground Transport,0.0338561
20190521,2019-05-21,Industry,0.0246219
20190521,2019-05-21,International Aviation,0.00695052
20190521,2019-05-21,Power,0.0183994
20190521,2019-05-21,Residential,0.00131073
20190522,2019-05-22,Domestic Aviation,0.00063384
20190522,2019-05-22,Ground Transport,0.0321331
20190522,2019-05-22,Industry,0.0249958
20190522,2019-05-22,International Aviation,0.00745061
20190522,2019-05-22,Power,0.0186788
20190522,2019-05-22,Residential,0.0025876
20190523,2019-05-23,Domestic Aviation,0.000610659
20190523,2019-05-23,Ground Transport,0.0323502
20190523,2019-05-23,Industry,0.027697
20190523,2019-05-23,International Aviation,0.00735868
20190523,2019-05-23,Power,0.0206974
20190523,2019-05-23,Residential,0.00727339
20190524,2019-05-24,Domestic Aviation,0.000623654
20190524,2019-05-24,Ground Transport,0.0332922
20190524,2019-05-24,Industry,0.0320995
20190524,2019-05-24,International Aviation,0.00708992
20190524,2019-05-24,Power,0.0239873
20190524,2019-05-24,Residential,0.00921878
20190525,2019-05-25,Domestic Aviation,0.000368892
20190525,2019-05-25,Ground Transport,0.0256659
20190525,2019-05-25,Industry,0.030203
20190525,2019-05-25,International Aviation,0.00706678
20190525,2019-05-25,Power,0.02257
20190525,2019-05-25,Residential,0.00863401
20190526,2019-05-26,Domestic Aviation,0.000393345
20190526,2019-05-26,Ground Transport,0.0211952
20190526,2019-05-26,Industry,0.0291328
20190526,2019-05-26,International Aviation,0.00724786
20190526,2019-05-26,Power,0.0217703
20190526,2019-05-26,Residential,0.00939653
20190527,2019-05-27,Domestic Aviation,0.000585644
20190527,2019-05-27,Ground Transport,0.0313098
20190527,2019-05-27,Industry,0.0319981
20190527,2019-05-27,International Aviation,0.00744526
20190527,2019-05-27,Power,0.0239115
20190527,2019-05-27,Residential,0.00780461
20190528,2019-05-28,Domestic Aviation,0.000595177
20190528,2019-05-28,Ground Transport,0.0338561
20190528,2019-05-28,Industry,0.0304318
20190528,2019-05-28,International Aviation,0.00710878
20190528,2019-05-28,Power,0.022741
20190528,2019-05-28,Residential,0.00636528
20190529,2019-05-29,Domestic Aviation,0.00053717
20190529,2019-05-29,Ground Transport,0.0321331
20190529,2019-05-29,Industry,0.0283989
20190529,2019-05-29,International Aviation,0.00707467
20190529,2019-05-29,Power,0.0212219
20190529,2019-05-29,Residential,0.00665999
20190530,2019-05-30,Domestic Aviation,0.000328748
20190530,2019-05-30,Ground Transport,0.0323502
20190530,2019-05-30,Industry,0.0227469
20190530,2019-05-30,International Aviation,0.00738435
20190530,2019-05-30,Power,0.0169983
20190530,2019-05-30,Residential,0.00659797
20190531,2019-05-31,Domestic Aviation,0.000537971
20190531,2019-05-31,Ground Transport,0.0332922
20190531,2019-05-31,Industry,0.0229224
20190531,2019-05-31,International Aviation,0.00687874
20190531,2019-05-31,Power,0.0171294
20190531,2019-05-31,Residential,0.00776954
20190601,2019-06-01,Domestic Aviation,0.000367238
20190601,2019-06-01,Ground Transport,0.0256659
20190601,2019-06-01,Industry,0.0385538
20190601,2019-06-01,International Aviation,0.00755374
20190601,2019-06-01,Power,0.0163094
20190601,2019-06-01,Residential,0.00684367
20190602,2019-06-02,Domestic Aviation,0.000455448
20190602,2019-06-02,Ground Transport,0.0211952
20190602,2019-06-02,Industry,0.0394546
20190602,2019-06-02,International Aviation,0.00715245
20190602,2019-06-02,Power,0.0166905
20190602,2019-06-02,Residential,0.00697148
20190603,2019-06-03,Domestic Aviation,0.000583284
20190603,2019-06-03,Ground Transport,0.0313098
20190603,2019-06-03,Industry,0.0529613
20190603,2019-06-03,International Aviation,0.00699472
20190603,2019-06-03,Power,0.0224042
20190603,2019-06-03,Residential,0.00554849
20190604,2019-06-04,Domestic Aviation,0.000600175
20190604,2019-06-04,Ground Transport,0.0338561
20190604,2019-06-04,Industry,0.0488211
20190604,2019-06-04,International Aviation,0.00725972
20190604,2019-06-04,Power,0.0206528
20190604,2019-06-04,Residential,0.00199361
20190605,2019-06-05,Domestic Aviation,0.000604949
20190605,2019-06-05,Ground Transport,0.0321331
20190605,2019-06-05,Industry,0.054835
20190605,2019-06-05,International Aviation,0.00717485
20190605,2019-06-05,Power,0.0231969
20190605,2019-06-05,Residential,0.000740497
20190606,2019-06-06,Domestic Aviation,0.000591896
20190606,2019-06-06,Ground Transport,0.0323502
20190606,2019-06-06,Industry,0.0544612
20190606,2019-06-06,International Aviation,0.00777303
20190606,2019-06-06,Power,0.0230387
20190606,2019-06-06,Residential,0.00014695
20190607,2019-06-07,Domestic Aviation,0.000627249
20190607,2019-06-07,Ground Transport,0.0332922
20190607,2019-06-07,Industry,0.0531881
20190607,2019-06-07,International Aviation,0.00709853
20190607,2019-06-07,Power,0.0225002
20190607,2019-06-07,Residential,3.45321e-05
20190608,2019-06-08,Domestic Aviation,0.000345692
20190608,2019-06-08,Ground Transport,0.0256659
20190608,2019-06-08,Industry,0.0314371
20190608,2019-06-08,International Aviation,0.00768551
20190608,2019-06-08,Power,0.0132988
20190608,2019-06-08,Residential,7.21293e-05
20190609,2019-06-09,Domestic Aviation,0.000467436
20190609,2019-06-09,Ground Transport,0.0211952
20190609,2019-06-09,Industry,0.0313481
20190609,2019-06-09,International Aviation,0.00729526
20190609,2019-06-09,Power,0.0132612
20190609,2019-06-09,Residential,0.00060767
20190610,2019-06-10,Domestic Aviation,0.000593582
20190610,2019-06-10,Ground Transport,0.0313098
20190610,2019-06-10,Industry,0.0344064
20190610,2019-06-10,International Aviation,0.00719681
20190610,2019-06-10,Power,0.014555
20190610,2019-06-10,Residential,0.00298092
20190611,2019-06-11,Domestic Aviation,0.000593659
20190611,2019-06-11,Ground Transport,0.0338561
20190611,2019-06-11,Industry,0.0484801
20190611,2019-06-11,International Aviation,0.00737518
20190611,2019-06-11,Power,0.0205085
20190611,2019-06-11,Residential,0.00380791
20190612,2019-06-12,Domestic Aviation,0.000614543
20190612,2019-06-12,Ground Transport,0.0321331
20190612,2019-06-12,Industry,0.0408307
20190612,2019-06-12,International Aviation,0.00741696
20190612,2019-06-12,Power,0.0172726
20190612,2019-06-12,Residential,0.00535613
20190613,2019-06-13,Domestic Aviation,0.000622961
20190613,2019-06-13,Ground Transport,0.0323502
20190613,2019-06-13,Industry,0.040798
20190613,2019-06-13,International Aviation,0.00730483
20190613,2019-06-13,Power,0.0172588
20190613,2019-06-13,Residential,0.00417782
20190614,2019-06-14,Domestic Aviation,0.000589458
20190614,2019-06-14,Ground Transport,0.0332922
20190614,2019-06-14,Industry,0.0427604
20190614,2019-06-14,International Aviation,0.00759499
20190614,2019-06-14,Power,0.0180889
20190614,2019-06-14,Residential,0.00310246
20190615,2019-06-15,Domestic Aviation,0.00037014
20190615,2019-06-15,Ground Transport,0.0256659
20190615,2019-06-15,Industry,0.0351949
20190615,2019-06-15,International Aviation,0.00679158
20190615,2019-06-15,Power,0.0148885
20190615,2019-06-15,Residential,0.00304617
20190616,2019-06-16,Domestic Aviation,0.000425097
20190616,2019-06-16,Ground Transport,0.0211952
20190616,2019-06-16,Industry,0.0329787
20190616,2019-06-16,International Aviation,0.00805067
20190616,2019-06-16,Power,0.013951
20190616,2019-06-16,Residential,0.000821088
20190617,2019-06-17,Domestic Aviation,0.000601856
20190617,2019-06-17,Ground Transport,0.0313098
20190617,2019-06-17,Industry,0.0262769
20190617,2019-06-17,International Aviation,0.00704075
20190617,2019-06-17,Power,0.0111159
20190617,2019-06-17,Residential,0.000315253
20190618,2019-06-18,Domestic Aviation,0.000586972
20190618,2019-06-18,Ground Transport,0.0338561
20190618,2019-06-18,Industry,0.0236726
20190618,2019-06-18,International Aviation,0.00748204
20190618,2019-06-18,Power,0.0100142
20190618,2019-06-18,Residential,0.000298866
20190619,2019-06-19,Domestic Aviation,0.000558297
20190619,2019-06-19,Ground Transport,0.0321331
20190619,2019-06-19,Industry,0.023342
20190619,2019-06-19,International Aviation,0.00726383
20190619,2019-06-19,Power,0.00987439
20190619,2019-06-19,Residential,0.000588054
20190620,2019-06-20,Domestic Aviation,0.000454259
20190620,2019-06-20,Ground Transport,0.0323502
20190620,2019-06-20,Industry,0.0235293
20190620,2019-06-20,International Aviation,0.00739625
20190620,2019-06-20,Power,0.00995359
20190620,2019-06-20,Residential,0.000321102
20190621,2019-06-21,Domestic Aviation,0.000308745
20190621,2019-06-21,Ground Transport,0.0332922
20190621,2019-06-21,Industry,0.0222518
20190621,2019-06-21,International Aviation,0.00688432
20190621,2019-06-21,Power,0.00941316
20190621,2019-06-21,Residential,0.000279744
20190622,2019-06-22,Domestic Aviation,0.000194728
20190622,2019-06-22,Ground Transport,0.0256659
20190622,2019-06-22,Industry,0.0223513
20190622,2019-06-22,International Aviation,0.00766265
20190622,2019-06-22,Power,0.00945528
20190622,2019-06-22,Residential,0.00277862
20190623,2019-06-23,Domestic Aviation,0.000325055
20190623,2019-06-23,Ground Transport,0.0211952
20190623,2019-06-23,Industry,0.0227485
20190623,2019-06-23,International Aviation,0.00731821
20190623,2019-06-23,Power,0.00962332
20190623,2019-06-23,Residential,0.00297274
20190624,2019-06-24,Domestic Aviation,0.000402523
20190624,2019-06-24,Ground Transport,0.0313098
20190624,2019-06-24,Industry,0.023123
20190624,2019-06-24,International Aviation,0.00679478
20190624,2019-06-24,Power,0.00978172
20190624,2019-06-24,Residential,0.00282288
20190625,2019-06-25,Domestic Aviation,0.000395746
20190625,2019-06-25,Ground Transport,0.0338561
20190625,2019-06-25,Industry,0.0341267
20190625,2019-06-25,International Aviation,0.00765674
20190625,2019-06-25,Power,0.0144366
20190625,2019-06-25,Residential,0.00295293
20190626,2019-06-26,Domestic Aviation,0.000393362
20190626,2019-06-26,Ground Transport,0.0321331
20190626,2019-06-26,Industry,0.0406373
20190626,2019-06-26,International Aviation,0.0076003
20190626,2019-06-26,Power,0.0171908
20190626,2019-06-26,Residential,0.00342999
20190627,2019-06-27,Domestic Aviation,0.000401527
20190627,2019-06-27,Ground Transport,0.0323502
20190627,2019-06-27,Industry,0.0345343
20190627,2019-06-27,International Aviation,0.00704161
20190627,2019-06-27,Power,0.014609
20190627,2019-06-27,Residential,0.00369032
20190628,2019-06-28,Domestic Aviation,0.000406685
20190628,2019-06-28,Ground Transport,0.0332922
20190628,2019-06-28,Industry,0.0347395
20190628,2019-06-28,International Aviation,0.0069528
20190628,2019-06-28,Power,0.0146959
20190628,2019-06-28,Residential,0.00409168
20190629,2019-06-29,Domestic Aviation,0.000312966
20190629,2019-06-29,Ground Transport,0.0256659
20190629,2019-06-29,Industry,0.0261352
20190629,2019-06-29,International Aviation,0.00803916
20190629,2019-06-29,Power,0.011056
20190629,2019-06-29,Residential,0.0032607
20190630,2019-06-30,Domestic Aviation,0.000340819
20190630,2019-06-30,Ground Transport,0.0211952
20190630,2019-06-30,Industry,0.0251729
20190630,2019-06-30,International Aviation,0.0075043
20190630,2019-06-30,Power,0.0106489
20190630,2019-06-30,Residential,0.00220147
20190701,2019-07-01,Domestic Aviation,0.000383193
20190701,2019-07-01,Ground Transport,0.0313098
20190701,2019-07-01,Industry,0.0225726
20190701,2019-07-01,International Aviation,0.0070549
20190701,2019-07-01,Power,0.0114174
20190701,2019-07-01,Residential,0.00129959
20190702,2019-07-02,Domestic Aviation,0.000395111
20190702,2019-07-02,Ground Transport,0.0338561
20190702,2019-07-02,Industry,0.0343169
20190702,2019-07-02,International Aviation,0.00738012
20190702,2019-07-02,Power,0.0173577
20190702,2019-07-02,Residential,0.00351444
20190703,2019-07-03,Domestic Aviation,0.000404207
20190703,2019-07-03,Ground Transport,0.0321331
20190703,2019-07-03,Industry,0.0345698
20190703,2019-07-03,International Aviation,0.00760007
20190703,2019-07-03,Power,0.0174857
20190703,2019-07-03,Residential,0.00452186
20190704,2019-07-04,Domestic Aviation,0.000415338
20190704,2019-07-04,Ground Transport,0.0323502
20190704,2019-07-04,Industry,0.0372382
20190704,2019-07-04,International Aviation,0.0072046
20190704,2019-07-04,Power,0.0188354
20190704,2019-07-04,Residential,0.0048205
20190705,2019-07-05,Domestic Aviation,0.000406458
20190705,2019-07-05,Ground Transport,0.0332922
20190705,2019-07-05,Industry,0.0309879
20190705,2019-07-05,International Aviation,0.00761793
20190705,2019-07-05,Power,0.0156739
20190705,2019-07-05,Residential,0.00524068
20190706,2019-07-06,Domestic Aviation,0.000312857
20190706,2019-07-06,Ground Transport,0.0256659
20190706,2019-07-06,Industry,0.0226798
20190706,2019-07-06,International Aviation,0.00701936
20190706,2019-07-06,Power,0.0114716
20190706,2019-07-06,Residential,0.00412158
20190707,2019-07-07,Domestic Aviation,0.000352795
20190707,2019-07-07,Ground Transport,0.0211952
20190707,2019-07-07,Industry,0.0219411
20190707,2019-07-07,International Aviation,0.00756238
20190707,2019-07-07,Power,0.011098
20190707,2019-07-07,Residential,0.00377128
20190708,2019-07-08,Domestic Aviation,0.000370912
20190708,2019-07-08,Ground Transport,0.0313098
20190708,2019-07-08,Industry,0.0233619
20190708,2019-07-08,International Aviation,0.00790058
20190708,2019-07-08,Power,0.0118167
20190708,2019-07-08,Residential,0.00482002
20190709,2019-07-09,Domestic Aviation,0.000408721
20190709,2019-07-09,Ground Transport,0.0338561
20190709,2019-07-09,Industry,0.0263501
20190709,2019-07-09,International Aviation,0.00745892
20190709,2019-07-09,Power,0.0133281
20190709,2019-07-09,Residential,0.00556675
20190710,2019-07-10,Domestic Aviation,0.000386356
20190710,2019-07-10,Ground Transport,0.0321331
20190710,2019-07-10,Industry,0.0231287
20190710,2019-07-10,International Aviation,0.00744141
20190710,2019-07-10,Power,0.0116987
20190710,2019-07-10,Residential,0.0032841
20190711,2019-07-11,Domestic Aviation,0.000419825
20190711,2019-07-11,Ground Transport,0.0323502
20190711,2019-07-11,Industry,0.0320737
20190711,2019-07-11,International Aviation,0.0072814
20190711,2019-07-11,Power,0.0162231
20190711,2019-07-11,Residential,0.0054633
20190712,2019-07-12,Domestic Aviation,0.000400196
20190712,2019-07-12,Ground Transport,0.0332922
20190712,2019-07-12,Industry,0.031304
20190712,2019-07-12,International Aviation,0.00732903
20190712,2019-07-12,Power,0.0158338
20190712,2019-07-12,Residential,0.00433606
20190713,2019-07-13,Domestic Aviation,0.000345824
20190713,2019-07-13,Ground Transport,0.0256659
20190713,2019-07-13,Industry,0.0211902
20190713,2019-07-13,International Aviation,0.00777973
20190713,2019-07-13,Power,0.0107182
20190713,2019-07-13,Residential,0.00477236
20190714,2019-07-14,Domestic Aviation,0.000364183
20190714,2019-07-14,Ground Transport,0.0211952
20190714,2019-07-14,Industry,0.0215718
20190714,2019-07-14,International Aviation,0.00764313
20190714,2019-07-14,Power,0.0109112
20190714,2019-07-14,Residential,0.00459632
20190715,2019-07-15,Domestic Aviation,0.000393722
20190715,2019-07-15,Ground Transport,0.0313098
20190715,2019-07-15,Industry,0.0348687
20190715,2019-07-15,International Aviation,0.00698781
20190715,2019-07-15,Power,0.0176368
20190715,2019-07-15,Residential,0.00359523
20190716,2019-07-16,Domestic Aviation,0.000434373
20190716,2019-07-16,Ground Transport,0.0338561
20190716,2019-07-16,Industry,0.0312018
20190716,2019-07-16,International Aviation,0.0073522
20190716,2019-07-16,Power,0.0157821
20190716,2019-07-16,Residential,0.0031986
20190717,2019-07-17,Domestic Aviation,0.00043211
20190717,2019-07-17,Ground Transport,0.0321331
20190717,2019-07-17,Industry,0.0384524
20190717,2019-07-17,International Aviation,0.00752754
20190717,2019-07-17,Power,0.0194495
20190717,2019-07-17,Residential,0.0025018
20190718,2019-07-18,Domestic Aviation,0.00046451
20190718,2019-07-18,Ground Transport,0.0323502
20190718,2019-07-18,Industry,0.0366665
20190718,2019-07-18,International Aviation,0.00715534
20190718,2019-07-18,Power,0.0185462
20190718,2019-07-18,Residential,0.00158438
20190719,2019-07-19,Domestic Aviation,0.000475953
20190719,2019-07-19,Ground Transport,0.0332922
20190719,2019-07-19,Industry,0.0355644
20190719,2019-07-19,International Aviation,0.00763707
20190719,2019-07-19,Power,0.0179887
20190719,2019-07-19,Residential,0.00112855
20190720,2019-07-20,Domestic Aviation,0.000349209
20190720,2019-07-20,Ground Transport,0.0256659
20190720,2019-07-20,Industry,0.0310322
20190720,2019-07-20,International Aviation,0.00758444
20190720,2019-07-20,Power,0.0156963
20190720,2019-07-20,Residential,0.000454089
20190721,2019-07-21,Domestic Aviation,0.000385122
20190721,2019-07-21,Ground Transport,0.0211952
20190721,2019-07-21,Industry,0.0287168
20190721,2019-07-21,International Aviation,0.00736482
20190721,2019-07-21,Power,0.0145252
20190721,2019-07-21,Residential,2.58633e-05
20190722,2019-07-22,Domestic Aviation,0.000394006
20190722,2019-07-22,Ground Transport,0.0313098
20190722,2019-07-22,Industry,0.0389928
20190722,2019-07-22,International Aviation,0.0075826
20190722,2019-07-22,Power,0.0197229
20190722,2019-07-22,Residential,3.86394e-06
20190723,2019-07-23,Domestic Aviation,0.000415717
20190723,2019-07-23,Ground Transport,0.0338561
20190723,2019-07-23,Industry,0.0381436
20190723,2019-07-23,International Aviation,0.00717071
20190723,2019-07-23,Power,0.0192933
20190723,2019-07-23,Residential,1.10266e-05
20190724,2019-07-24,Domestic Aviation,0.000411201
20190724,2019-07-24,Ground Transport,0.0321331
20190724,2019-07-24,Industry,0.0377782
20190724,2019-07-24,International Aviation,0.0074773
20190724,2019-07-24,Power,0.0191085
20190724,2019-07-24,Residential,4.50776e-05
20190725,2019-07-25,Domestic Aviation,0.000412072
20190725,2019-07-25,Ground Transport,0.0323502
20190725,2019-07-25,Industry,0.0348436
20190725,2019-07-25,International Aviation,0.00734533
20190725,2019-07-25,Power,0.0176242
20190725,2019-07-25,Residential,8.19588e-07
20190726,2019-07-26,Domestic Aviation,0.000443812
20190726,2019-07-26,Ground Transport,0.0332922
20190726,2019-07-26,Industry,0.0359884
20190726,2019-07-26,International Aviation,0.00719036
20190726,2019-07-26,Power,0.0182032
20190726,2019-07-26,Residential,8.79686e-07
20190727,2019-07-27,Domestic Aviation,0.000335402
20190727,2019-07-27,Ground Transport,0.0256659
20190727,2019-07-27,Industry,0.0333341
20190727,2019-07-27,International Aviation,0.00753789
20190727,2019-07-27,Power,0.0168606
20190727,2019-07-27,Residential,9.16886e-06
20190728,2019-07-28,Domestic Aviation,0.000370571
20190728,2019-07-28,Ground Transport,0.0211952
20190728,2019-07-28,Industry,0.0302379
20190728,2019-07-28,International Aviation,0.00817413
20190728,2019-07-28,Power,0.0152946
20190728,2019-07-28,Residential,0.000484744
20190729,2019-07-29,Domestic Aviation,0.000403007
20190729,2019-07-29,Ground Transport,0.0313098
20190729,2019-07-29,Industry,0.0363199
20190729,2019-07-29,International Aviation,0.00718921
20190729,2019-07-29,Power,0.0183709
20190729,2019-07-29,Residential,0.00301944
20190730,2019-07-30,Domestic Aviation,0.000417158
20190730,2019-07-30,Ground Transport,0.0338561
20190730,2019-07-30,Industry,0.0341289
20190730,2019-07-30,International Aviation,0.00687677
20190730,2019-07-30,Power,0.0172627
20190730,2019-07-30,Residential,0.0062309
20190731,2019-07-31,Domestic Aviation,0.000399156
20190731,2019-07-31,Ground Transport,0.0321331
20190731,2019-07-31,Industry,0.035261
20190731,2019-07-31,International Aviation,0.00720621
20190731,2019-07-31,Power,0.0178353
20190731,2019-07-31,Residential,0.00505217
20190801,2019-08-01,Domestic Aviation,0.000435159
20190801,2019-08-01,Ground Transport,0.0323502
20190801,2019-08-01,Industry,0.0408455
20190801,2019-08-01,International Aviation,0.00811405
20190801,2019-08-01,Power,0.0182673
20190801,2019-08-01,Residential,0.00507232
20190802,2019-08-02,Domestic Aviation,0.000449497
20190802,2019-08-02,Ground Transport,0.0332922
20190802,2019-08-02,Industry,0.0379287
20190802,2019-08-02,International Aviation,0.00759641
20190802,2019-08-02,Power,0.0169628
20190802,2019-08-02,Residential,0.00470106
20190803,2019-08-03,Domestic Aviation,0.000340842
20190803,2019-08-03,Ground Transport,0.0256659
20190803,2019-08-03,Industry,0.0304306
20190803,2019-08-03,International Aviation,0.00690447
20190803,2019-08-03,Power,0.0136094
20190803,2019-08-03,Residential,0.00654568
20190804,2019-08-04,Domestic Aviation,0.000371828
20190804,2019-08-04,Ground Transport,0.0211952
20190804,2019-08-04,Industry,0.0284092
20190804,2019-08-04,International Aviation,0.00766684
20190804,2019-08-04,Power,0.0127054
20190804,2019-08-04,Residential,0.00588051
20190805,2019-08-05,Domestic Aviation,0.00037437
20190805,2019-08-05,Ground Transport,0.0313098
20190805,2019-08-05,Industry,0.0368485
20190805,2019-08-05,International Aviation,0.00700538
20190805,2019-08-05,Power,0.0164797
20190805,2019-08-05,Residential,0.00410644
20190806,2019-08-06,Domestic Aviation,0.000394065
20190806,2019-08-06,Ground Transport,0.0338561
20190806,2019-08-06,Industry,0.0375496
20190806,2019-08-06,International Aviation,0.00761877
20190806,2019-08-06,Power,0.0167932
20190806,2019-08-06,Residential,0.00402899
20190807,2019-08-07,Domestic Aviation,0.000384919
20190807,2019-08-07,Ground Transport,0.0321331
20190807,2019-08-07,Industry,0.0389488
20190807,2019-08-07,International Aviation,0.00692713
20190807,2019-08-07,Power,0.017419
20190807,2019-08-07,Residential,0.00326749
20190808,2019-08-08,Domestic Aviation,0.000439399
20190808,2019-08-08,Ground Transport,0.0323502
20190808,2019-08-08,Industry,0.0372592
20190808,2019-08-08,International Aviation,0.00653359
20190808,2019-08-08,Power,0.0166634
20190808,2019-08-08,Residential,0.00279364
20190809,2019-08-09,Domestic Aviation,0.000418617
20190809,2019-08-09,Ground Transport,0.0332922
20190809,2019-08-09,Industry,0.0389343
20190809,2019-08-09,International Aviation,0.00841629
20190809,2019-08-09,Power,0.0174125
20190809,2019-08-09,Residential,0.00257651
20190810,2019-08-10,Domestic Aviation,0.000323022
20190810,2019-08-10,Ground Transport,0.0256659
20190810,2019-08-10,Industry,0.0232944
20190810,2019-08-10,International Aviation,0.00740765
20190810,2019-08-10,Power,0.0104179
20190810,2019-08-10,Residential,0.00174279
20190811,2019-08-11,Domestic Aviation,0.000390757
20190811,2019-08-11,Ground Transport,0.0211952
20190811,2019-08-11,Industry,0.0204571
20190811,2019-08-11,International Aviation,0.00683579
20190811,2019-08-11,Power,0.00914901
20190811,2019-08-11,Residential,0.00193449
20190812,2019-08-12,Domestic Aviation,0.000525954
20190812,2019-08-12,Ground Transport,0.0313098
20190812,2019-08-12,Industry,0.0369432
20190812,2019-08-12,International Aviation,0.00734255
20190812,2019-08-12,Power,0.016522
20190812,2019-08-12,Residential,0.00151082
20190813,2019-08-13,Domestic Aviation,0.000516317
20190813,2019-08-13,Ground Transport,0.0338561
20190813,2019-08-13,Industry,0.0419086
20190813,2019-08-13,International Aviation,0.00684801
20190813,2019-08-13,Power,0.0187427
20190813,2019-08-13,Residential,0.00149374
20190814,2019-08-14,Domestic Aviation,0.000520377
20190814,2019-08-14,Ground Transport,0.0321331
20190814,2019-08-14,Industry,0.0399684
20190814,2019-08-14,International Aviation,0.00669055
20190814,2019-08-14,Power,0.017875
20190814,2019-08-14,Residential,0.00338635
20190815,2019-08-15,Domestic Aviation,0.000549706
20190815,2019-08-15,Ground Transport,0.0323502
20190815,2019-08-15,Industry,0.0371048
20190815,2019-08-15,International Aviation,0.00788989
20190815,2019-08-15,Power,0.0165943
20190815,2019-08-15,Residential,0.00408561
20190816,2019-08-16,Domestic Aviation,0.00055472
20190816,2019-08-16,Ground Transport,0.0332922
20190816,2019-08-16,Industry,0.037465
20190816,2019-08-16,International Aviation,0.00719834
20190816,2019-08-16,Power,0.0167554
20190816,2019-08-16,Residential,0.00259363
20190817,2019-08-17,Domestic Aviation,0.000298662
20190817,2019-08-17,Ground Transport,0.0256659
20190817,2019-08-17,Industry,0.0213652
20190817,2019-08-17,International Aviation,0.00763695
20190817,2019-08-17,Power,0.00955512
20190817,2019-08-17,Residential,0.000681871
20190818,2019-08-18,Domestic Aviation,0.000411621
20190818,2019-08-18,Ground Transport,0.0211952
20190818,2019-08-18,Industry,0.0205072
20190818,2019-08-18,International Aviation,0.0078084
20190818,2019-08-18,Power,0.00917138
20190818,2019-08-18,Residential,0.000776758
20190819,2019-08-19,Domestic Aviation,0.000479218
20190819,2019-08-19,Ground Transport,0.0313098
20190819,2019-08-19,Industry,0.0246338
20190819,2019-08-19,International Aviation,0.00679337
20190819,2019-08-19,Power,0.0110169
20190819,2019-08-19,Residential,0.00204614
20190820,2019-08-20,Domestic Aviation,0.000527024
20190820,2019-08-20,Ground Transport,0.0338561
20190820,2019-08-20,Industry,0.0251207
20190820,2019-08-20,International Aviation,0.00755631
20190820,2019-08-20,Power,0.0112347
20190820,2019-08-20,Residential,0.00177771
20190821,2019-08-21,Domestic Aviation,0.00057454
20190821,2019-08-21,Ground Transport,0.0321331
20190821,2019-08-21,Industry,0.0278585
20190821,2019-08-21,International Aviation,0.00714634
20190821,2019-08-21,Power,0.0124591
20190821,2019-08-21,Residential,0.00248242
20190822,2019-08-22,Domestic Aviation,0.000586761
20190822,2019-08-22,Ground Transport,0.0323502
20190822,2019-08-22,Industry,0.028467
20190822,2019-08-22,International Aviation,0.00760944
20190822,2019-08-22,Power,0.0127312
20190822,2019-08-22,Residential,0.00333218
20190823,2019-08-23,Domestic Aviation,0.000574216
20190823,2019-08-23,Ground Transport,0.0332922
20190823,2019-08-23,Industry,0.0252396
20190823,2019-08-23,International Aviation,0.00685219
20190823,2019-08-23,Power,0.0112879
20190823,2019-08-23,Residential,0.00385309
20190824,2019-08-24,Domestic Aviation,0.000303905
20190824,2019-08-24,Ground Transport,0.0256659
20190824,2019-08-24,Industry,0.0258943
20190824,2019-08-24,International Aviation,0.00720836
20190824,2019-08-24,Power,0.0115807
20190824,2019-08-24,Residential,0.00374821
20190825,2019-08-25,Domestic Aviation,0.000433335
20190825,2019-08-25,Ground Transport,0.0211952
20190825,2019-08-25,Industry,0.0236726
20190825,2019-08-25,International Aviation,0.0077359
20190825,2019-08-25,Power,0.0105871
20190825,2019-08-25,Residential,0.00328435
20190826,2019-08-26,Domestic Aviation,0.000546068
20190826,2019-08-26,Ground Transport,0.0313098
20190826,2019-08-26,Industry,0.0405894
20190826,2019-08-26,International Aviation,0.00648377
20190826,2019-08-26,Power,0.0181527
20190826,2019-08-26,Residential,0.00128474
20190827,2019-08-27,Domestic Aviation,0.000507241
20190827,2019-08-27,Ground Transport,0.0338561
20190827,2019-08-27,Industry,0.0418667
20190827,2019-08-27,International Aviation,0.00703199
20190827,2019-08-27,Power,0.018724
20190827,2019-08-27,Residential,0.000758347
20190828,2019-08-28,Domestic Aviation,0.000556764
20190828,2019-08-28,Ground Transport,0.0321331
20190828,2019-08-28,Industry,0.0404273
20190828,2019-08-28,International Aviation,0.00797162
20190828,2019-08-28,Power,0.0180802
20190828,2019-08-28,Residential,0.000147462
20190829,2019-08-29,Domestic Aviation,0.000568981
20190829,2019-08-29,Ground Transport,0.0323502
20190829,2019-08-29,Industry,0.0408971
20190829,2019-08-29,International Aviation,0.00705908
20190829,2019-08-29,Power,0.0182903
20190829,2019-08-29,Residential,1.61884e-05
20190830,2019-08-30,Domestic Aviation,0.000606787
20190830,2019-08-30,Ground Transport,0.0332922
20190830,2019-08-30,Industry,0.0425624
20190830,2019-08-30,International Aviation,0.00797122
20190830,2019-08-30,Power,0.0190351
20190830,2019-08-30,Residential,0.000710768
20190831,2019-08-31,Domestic Aviation,0.000358116
20190831,2019-08-31,Ground Transport,0.0256659
20190831,2019-08-31,Industry,0.031896
20190831,2019-08-31,International Aviation,0.0068211
20190831,2019-08-31,Power,0.0142648
20190831,2019-08-31,Residential,0.00137214
20190901,2019-09-01,Domestic Aviation,0.00048486
20190901,2019-09-01,Ground Transport,0.0211952
20190901,2019-09-01,Industry,0.0194665
20190901,2019-09-01,International Aviation,0.00782487
20190901,2019-09-01,Power,0.0161634
20190901,2019-09-01,Residential,0.000794493
20190902,2019-09-02,Domestic Aviation,0.000542468
20190902,2019-09-02,Ground Transport,0.0313098
20190902,2019-09-02,Industry,0.025817
20190902,2019-09-02,International Aviation,0.00725609
20190902,2019-09-02,Power,0.0214364
20190902,2019-09-02,Residential,0.00126231
20190903,2019-09-03,Domestic Aviation,0.000557221
20190903,2019-09-03,Ground Transport,0.0338561
20190903,2019-09-03,Industry,0.0263428
20190903,2019-09-03,International Aviation,0.00672768
20190903,2019-09-03,Power,0.021873
20190903,2019-09-03,Residential,0.00441783
20190904,2019-09-04,Domestic Aviation,0.000583281
20190904,2019-09-04,Ground Transport,0.0321331
20190904,2019-09-04,Industry,0.0252965
20190904,2019-09-04,International Aviation,0.00742747
20190904,2019-09-04,Power,0.0210042
20190904,2019-09-04,Residential,0.00490387
20190905,2019-09-05,Domestic Aviation,0.00061128
20190905,2019-09-05,Ground Transport,0.0323502
20190905,2019-09-05,Industry,0.0274307
20190905,2019-09-05,International Aviation,0.00750368
20190905,2019-09-05,Power,0.0227763
20190905,2019-09-05,Residential,0.0040668
20190906,2019-09-06,Domestic Aviation,0.00058993
20190906,2019-09-06,Ground Transport,0.0332922
20190906,2019-09-06,Industry,0.0292472
20190906,2019-09-06,International Aviation,0.00782129
20190906,2019-09-06,Power,0.0242846
20190906,2019-09-06,Residential,0.00523854
20190907,2019-09-07,Domestic Aviation,0.000404702
20190907,2019-09-07,Ground Transport,0.0256659
20190907,2019-09-07,Industry,0.0268921
20190907,2019-09-07,International Aviation,0.00770281
20190907,2019-09-07,Power,0.022329
20190907,2019-09-07,Residential,0.00599331
20190908,2019-09-08,Domestic Aviation,0.000508194
20190908,2019-09-08,Ground Transport,0.0211952
20190908,2019-09-08,Industry,0.0234796
20190908,2019-09-08,International Aviation,0.00736691
20190908,2019-09-08,Power,0.0194956
20190908,2019-09-08,Residential,0.00417103
20190909,2019-09-09,Domestic Aviation,0.000565194
20190909,2019-09-09,Ground Transport,0.0313098
20190909,2019-09-09,Industry,0.038022
20190909,2019-09-09,International Aviation,0.006711
20190909,2019-09-09,Power,0.0315704
20190909,2019-09-09,Residential,0.00375584
20190910,2019-09-10,Domestic Aviation,0.000604553
20190910,2019-09-10,Ground Transport,0.0338561
20190910,2019-09-10,Industry,0.0273597
20190910,2019-09-10,International Aviation,0.00714638
20190910,2019-09-10,Power,0.0227174
20190910,2019-09-10,Residential,0.00151222
20190911,2019-09-11,Domestic Aviation,0.000591359
20190911,2019-09-11,Ground Transport,0.0321331
20190911,2019-09-11,Industry,0.0270486
20190911,2019-09-11,International Aviation,0.00785654
20190911,2019-09-11,Power,0.022459
20190911,2019-09-11,Residential,0.00260098
20190912,2019-09-12,Domestic Aviation,0.000626484
20190912,2019-09-12,Ground Transport,0.0323502
20190912,2019-09-12,Industry,0.0276533
20190912,2019-09-12,International Aviation,0.00749723
20190912,2019-09-12,Power,0.0229611
20190912,2019-09-12,Residential,0.00394933
20190913,2019-09-13,Domestic Aviation,0.000600378
20190913,2019-09-13,Ground Transport,0.0332922
20190913,2019-09-13,Industry,0.0296191
20190913,2019-09-13,International Aviation,0.00713547
20190913,2019-09-13,Power,0.0245933
20190913,2019-09-13,Residential,0.0062619
20190914,2019-09-14,Domestic Aviation,0.000378017
20190914,2019-09-14,Ground Transport,0.0256659
20190914,2019-09-14,Industry,0.0273971
20190914,2019-09-14,International Aviation,0.00784042
20190914,2019-09-14,Power,0.0227484
20190914,2019-09-14,Residential,0.0087774
20190915,2019-09-15,Domestic Aviation,0.000490887
20190915,2019-09-15,Ground Transport,0.0211952
20190915,2019-09-15,Industry,0.0239733
20190915,2019-09-15,International Aviation,0.00732282
20190915,2019-09-15,Power,0.0199055
20190915,2019-09-15,Residential,0.00916726
20190916,2019-09-16,Domestic Aviation,0.000561993
20190916,2019-09-16,Ground Transport,0.0313098
20190916,2019-09-16,Industry,0.0298131
20190916,2019-09-16,International Aviation,0.00702875
20190916,2019-09-16,Power,0.0247545
20190916,2019-09-16,Residential,0.00954463
20190917,2019-09-17,Domestic Aviation,0.000595993
20190917,2019-09-17,Ground Transport,0.0338561
20190917,2019-09-17,Industry,0.0405927
20190917,2019-09-17,International Aviation,0.0069584
20190917,2019-09-17,Power,0.0337049
20190917,2019-09-17,Residential,0.0101816
20190918,2019-09-18,Domestic Aviation,0.000612551
20190918,2019-09-18,Ground Transport,0.0321331
20190918,2019-09-18,Industry,0.0465685
20190918,2019-09-18,International Aviation,0.00788228
20190918,2019-09-18,Power,0.0386668
20190918,2019-09-18,Residential,0.011357
20190919,2019-09-19,Domestic Aviation,0.000597973
20190919,2019-09-19,Ground Transport,0.0323502
20190919,2019-09-19,Industry,0.0471302
20190919,2019-09-19,International Aviation,0.00703575
20190919,2019-09-19,Power,0.0391332
20190919,2019-09-19,Residential,0.012838
20190920,2019-09-20,Domestic Aviation,0.000588822
20190920,2019-09-20,Ground Transport,0.0332922
20190920,2019-09-20,Industry,0.0519939
20190920,2019-09-20,International Aviation,0.00726192
20190920,2019-09-20,Power,0.0431716
20190920,2019-09-20,Residential,0.0123452
20190921,2019-09-21,Domestic Aviation,0.000382439
20190921,2019-09-21,Ground Transport,0.0256659
20190921,2019-09-21,Industry,0.0388879
20190921,2019-09-21,International Aviation,0.0079132
20190921,2019-09-21,Power,0.0322895
20190921,2019-09-21,Residential,0.0112294
20190922,2019-09-22,Domestic Aviation,0.000480376
20190922,2019-09-22,Ground Transport,0.0211952
20190922,2019-09-22,Industry,0.042436
20190922,2019-09-22,International Aviation,0.00691273
20190922,2019-09-22,Power,0.0352355
20190922,2019-09-22,Residential,0.0130178
20190923,2019-09-23,Domestic Aviation,0.0005406
20190923,2019-09-23,Ground Transport,0.0313098
20190923,2019-09-23,Industry,0.0569282
20190923,2019-09-23,International Aviation,0.00693354
20190923,2019-09-23,Power,0.0472687
20190923,2019-09-23,Residential,0.0134008
20190924,2019-09-24,Domestic Aviation,0.000583955
20190924,2019-09-24,Ground Transport,0.0338561
20190924,2019-09-24,Industry,0.0592222
20190924,2019-09-24,International Aviation,0.00713196
20190924,2019-09-24,Power,0.0491734
20190924,2019-09-24,Residential,0.0130555
20190925,2019-09-25,Domestic Aviation,0.000575632
20190925,2019-09-25,Ground Transport,0.0321331
20190925,2019-09-25,Industry,0.0575042
20190925,2019-09-25,International Aviation,0.00692822
20190925,2019-09-25,Power,0.0477469
20190925,2019-09-25,Residential,0.0125971
20190926,2019-09-26,Domestic Aviation,0.000624633
20190926,2019-09-26,Ground Transport,0.0323502
20190926,2019-09-26,Industry,0.0608729
20190926,2019-09-26,International Aviation,0.00732535
20190926,2019-09-26,Power,0.0505441
20190926,2019-09-26,Residential,0.0104355
20190927,2019-09-27,Domestic Aviation,0.000604065
20190927,2019-09-27,Ground Transport,0.0332922
20190927,2019-09-27,Industry,0.0553137
20190927,2019-09-27,International Aviation,0.00711453
20190927,2019-09-27,Power,0.0459282
20190927,2019-09-27,Residential,0.0093942
20190928,2019-09-28,Domestic Aviation,0.000386185
20190928,2019-09-28,Ground Transport,0.0256659
20190928,2019-09-28,Industry,0.0370639
20190928,2019-09-28,International Aviation,0.00798213
20190928,2019-09-28,Power,0.030775
20190928,2019-09-28,Residential,0.00903159
20190929,2019-09-29,Domestic Aviation,0.00050588
20190929,2019-09-29,Ground Transport,0.0211952
20190929,2019-09-29,Industry,0.0333951
20190929,2019-09-29,International Aviation,0.00715418
20190929,2019-09-29,Power,0.0277287
20190929,2019-09-29,Residential,0.00826447
20190930,2019-09-30,Domestic Aviation,0.000556036
20190930,2019-09-30,Ground Transport,0.0313098
20190930,2019-09-30,Industry,0.0413944
20190930,2019-09-30,International Aviation,0.00671689
20190930,2019-09-30,Power,0.0343706
20190930,2019-09-30,Residential,0.00752728
20191001,2019-10-01,Domestic Aviation,0.000595274
20191001,2019-10-01,Ground Transport,0.0338561
20191001,2019-10-01,Industry,0.0309437
20191001,2019-10-01,International Aviation,0.0068295
20191001,2019-10-01,Power,0.0370027
20191001,2019-10-01,Residential,0.0102262
20191002,2019-10-02,Domestic Aviation,0.000611463
20191002,2019-10-02,Ground Transport,0.0321331
20191002,2019-10-02,Industry,0.0319629
20191002,2019-10-02,International Aviation,0.0075058
20191002,2019-10-02,Power,0.0382214
20191002,2019-10-02,Residential,0.0127771
20191003,2019-10-03,Domestic Aviation,0.000609296
20191003,2019-10-03,Ground Transport,0.0323502
20191003,2019-10-03,Industry,0.0380573
20191003,2019-10-03,International Aviation,0.0074729
20191003,2019-10-03,Power,0.0455092
20191003,2019-10-03,Residential,0.0145804
20191004,2019-10-04,Domestic Aviation,0.00060234
20191004,2019-10-04,Ground Transport,0.0332922
20191004,2019-10-04,Industry,0.040241
20191004,2019-10-04,International Aviation,0.00701514
20191004,2019-10-04,Power,0.0481205
20191004,2019-10-04,Residential,0.0158038
20191005,2019-10-05,Domestic Aviation,0.000362613
20191005,2019-10-05,Ground Transport,0.0256659
20191005,2019-10-05,Industry,0.0335439
20191005,2019-10-05,International Aviation,0.00783032
20191005,2019-10-05,Power,0.040112
20191005,2019-10-05,Residential,0.0156363
20191006,2019-10-06,Domestic Aviation,0.000441319
20191006,2019-10-06,Ground Transport,0.0211952
20191006,2019-10-06,Industry,0.0333069
20191006,2019-10-06,International Aviation,0.00676242
20191006,2019-10-06,Power,0.0398286
20191006,2019-10-06,Residential,0.0143635
20191007,2019-10-07,Domestic Aviation,0.000539127
20191007,2019-10-07,Ground Transport,0.0313098
20191007,2019-10-07,Industry,0.0472282
20191007,2019-10-07,International Aviation,0.00738073
20191007,2019-10-07,Power,0.0564758
20191007,2019-10-07,Residential,0.0140772
20191008,2019-10-08,Domestic Aviation,0.000604741
20191008,2019-10-08,Ground Transport,0.0338561
20191008,2019-10-08,Industry,0.0496532
20191008,2019-10-08,International Aviation,0.00732877
20191008,2019-10-08,Power,0.0593756
20191008,2019-10-08,Residential,0.0153024
20191009,2019-10-09,Domestic Aviation,0.000591292
20191009,2019-10-09,Ground Transport,0.0321331
20191009,2019-10-09,Industry,0.0444124
20191009,2019-10-09,International Aviation,0.0073901
20191009,2019-10-09,Power,0.0531086
20191009,2019-10-09,Residential,0.0157784
20191010,2019-10-10,Domestic Aviation,0.000560308
20191010,2019-10-10,Ground Transport,0.0323502
20191010,2019-10-10,Industry,0.0421571
20191010,2019-10-10,International Aviation,0.00722205
20191010,2019-10-10,Power,0.0504118
20191010,2019-10-10,Residential,0.0134935
20191011,2019-10-11,Domestic Aviation,0.000508214
20191011,2019-10-11,Ground Transport,0.0332922
20191011,2019-10-11,Industry,0.0383279
20191011,2019-10-11,International Aviation,0.00708848
20191011,2019-10-11,Power,0.0458327
20191011,2019-10-11,Residential,0.0101738
20191012,2019-10-12,Domestic Aviation,0.000325472
20191012,2019-10-12,Ground Transport,0.0256659
20191012,2019-10-12,Industry,0.0259601
20191012,2019-10-12,International Aviation,0.00788359
20191012,2019-10-12,Power,0.0310432
20191012,2019-10-12,Residential,0.0109986
20191013,2019-10-13,Domestic Aviation,0.000414948
20191013,2019-10-13,Ground Transport,0.0211952
20191013,2019-10-13,Industry,0.025866
20191013,2019-10-13,International Aviation,0.00694288
20191013,2019-10-13,Power,0.0309308
20191013,2019-10-13,Residential,0.0129106
20191014,2019-10-14,Domestic Aviation,0.00046973
20191014,2019-10-14,Ground Transport,0.0313098
20191014,2019-10-14,Industry,0.0370468
20191014,2019-10-14,International Aviation,0.00775612
20191014,2019-10-14,Power,0.0443008
20191014,2019-10-14,Residential,0.0151448
20191015,2019-10-15,Domestic Aviation,0.000448425
20191015,2019-10-15,Ground Transport,0.0338561
20191015,2019-10-15,Industry,0.0364528
20191015,2019-10-15,International Aviation,0.0068763
20191015,2019-10-15,Power,0.0435905
20191015,2019-10-15,Residential,0.0156523
20191016,2019-10-16,Domestic Aviation,0.000485391
20191016,2019-10-16,Ground Transport,0.0321331
20191016,2019-10-16,Industry,0.0357495
20191016,2019-10-16,International Aviation,0.00749019
20191016,2019-10-16,Power,0.0427495
20191016,2019-10-16,Residential,0.0143349
20191017,2019-10-17,Domestic Aviation,0.000482951
20191017,2019-10-17,Ground Transport,0.0323502
20191017,2019-10-17,Industry,0.041962
20191017,2019-10-17,International Aviation,0.00725088
20191017,2019-10-17,Power,0.0501784
20191017,2019-10-17,Residential,0.0147634
20191018,2019-10-18,Domestic Aviation,0.000490229
20191018,2019-10-18,Ground Transport,0.0332922
20191018,2019-10-18,Industry,0.0418751
20191018,2019-10-18,International Aviation,0.00679787
20191018,2019-10-18,Power,0.0500746
20191018,2019-10-18,Residential,0.0122802
20191019,2019-10-19,Domestic Aviation,0.000366509
20191019,2019-10-19,Ground Transport,0.0256659
20191019,2019-10-19,Industry,0.027257
20191019,2019-10-19,International Aviation,0.0086583
20191019,2019-10-19,Power,0.0325942
20191019,2019-10-19,Residential,0.00916211
20191020,2019-10-20,Domestic Aviation,0.000442461
20191020,2019-10-20,Ground Transport,0.0211952
20191020,2019-10-20,Industry,0.0294892
20191020,2019-10-20,International Aviation,0.00694982
20191020,2019-10-20,Power,0.0352634
20191020,2019-10-20,Residential,0.0132539
20191021,2019-10-21,Domestic Aviation,0.000590578
20191021,2019-10-21,Ground Transport,0.0313098
20191021,2019-10-21,Industry,0.0408677
20191021,2019-10-21,International Aviation,0.00766523
20191021,2019-10-21,Power,0.0488699
20191021,2019-10-21,Residential,0.0147994
20191022,2019-10-22,Domestic Aviation,0.000570303
20191022,2019-10-22,Ground Transport,0.0338561
20191022,2019-10-22,Industry,0.0289198
20191022,2019-10-22,International Aviation,0.00736769
20191022,2019-10-22,Power,0.0345825
20191022,2019-10-22,Residential,0.0108439
20191023,2019-10-23,Domestic Aviation,0.000600919
20191023,2019-10-23,Ground Transport,0.0321331
20191023,2019-10-23,Industry,0.0298358
20191023,2019-10-23,International Aviation,0.00717817
20191023,2019-10-23,Power,0.0356778
20191023,2019-10-23,Residential,0.010644
20191024,2019-10-24,Domestic Aviation,0.000592118
20191024,2019-10-24,Ground Transport,0.0323502
20191024,2019-10-24,Industry,0.027619
20191024,2019-10-24,International Aviation,0.00714638
20191024,2019-10-24,Power,0.033027
20191024,2019-10-24,Residential,0.00927511
20191025,2019-10-25,Domestic Aviation,0.00061302
20191025,2019-10-25,Ground Transport,0.0332922
20191025,2019-10-25,Industry,0.0251416
20191025,2019-10-25,International Aviation,0.00753738
20191025,2019-10-25,Power,0.0300645
20191025,2019-10-25,Residential,0.0082658
20191026,2019-10-26,Domestic Aviation,0.000357264
20191026,2019-10-26,Ground Transport,0.0256659
20191026,2019-10-26,Industry,0.0261103
20191026,2019-10-26,International Aviation,0.00723763
20191026,2019-10-26,Power,0.0312228
20191026,2019-10-26,Residential,0.0125716
20191027,2019-10-27,Domestic Aviation,0.000439519
20191027,2019-10-27,Ground Transport,0.0211952
20191027,2019-10-27,Industry,0.0328009
20191027,2019-10-27,International Aviation,0.00520771
20191027,2019-10-27,Power,0.0392235
20191027,2019-10-27,Residential,0.0164503
20191028,2019-10-28,Domestic Aviation,0.000583838
20191028,2019-10-28,Ground Transport,0.0313098
20191028,2019-10-28,Industry,0.0464224
20191028,2019-10-28,International Aviation,0.00720755
20191028,2019-10-28,Power,0.0555122
20191028,2019-10-28,Residential,0.0185203
20191029,2019-10-29,Domestic Aviation,0.000606554
20191029,2019-10-29,Ground Transport,0.0338561
20191029,2019-10-29,Industry,0.0478511
20191029,2019-10-29,International Aviation,0.00732715
20191029,2019-10-29,Power,0.0572206
20191029,2019-10-29,Residential,0.0196221
20191030,2019-10-30,Domestic Aviation,0.000598901
20191030,2019-10-30,Ground Transport,0.0321331
20191030,2019-10-30,Industry,0.0469724
20191030,2019-10-30,International Aviation,0.00657946
20191030,2019-10-30,Power,0.05617
20191030,2019-10-30,Residential,0.020018
20191031,2019-10-31,Domestic Aviation,0.000590198
20191031,2019-10-31,Ground Transport,0.0323502
20191031,2019-10-31,Industry,0.0422116
20191031,2019-10-31,International Aviation,0.00603826
20191031,2019-10-31,Power,0.0504769
20191031,2019-10-31,Residential,0.0160286
20191101,2019-11-01,Domestic Aviation,0.000669005
20191101,2019-11-01,Ground Transport,0.0332922
20191101,2019-11-01,Industry,0.0364054
20191101,2019-11-01,International Aviation,0.00655684
20191101,2019-11-01,Power,0.0483375
20191101,2019-11-01,Residential,0.0185718
20191102,2019-11-02,Domestic Aviation,0.00042137
20191102,2019-11-02,Ground Transport,0.0256659
20191102,2019-11-02,Industry,0.0282997
20191102,2019-11-02,International Aviation,0.00680731
20191102,2019-11-02,Power,0.0375751
20191102,2019-11-02,Residential,0.0159832
20191103,2019-11-03,Domestic Aviation,0.000472311
20191103,2019-11-03,Ground Transport,0.0211952
20191103,2019-11-03,Industry,0.0305924
20191103,2019-11-03,International Aviation,0.00685151
20191103,2019-11-03,Power,0.0406193
20191103,2019-11-03,Residential,0.0171945
20191104,2019-11-04,Domestic Aviation,0.000615429
20191104,2019-11-04,Ground Transport,0.0313098
20191104,2019-11-04,Industry,0.0372391
20191104,2019-11-04,International Aviation,0.00733527
20191104,2019-11-04,Power,0.0494444
20191104,2019-11-04,Residential,0.0211381
20191105,2019-11-05,Domestic Aviation,0.000631445
20191105,2019-11-05,Ground Transport,0.0338561
20191105,2019-11-05,Industry,0.0430773
20191105,2019-11-05,International Aviation,0.00676901
20191105,2019-11-05,Power,0.0571961
20191105,2019-11-05,Residential,0.0224506
20191106,2019-11-06,Domestic Aviation,0.000637702
20191106,2019-11-06,Ground Transport,0.0321331
20191106,2019-11-06,Industry,0.0464725
20191106,2019-11-06,International Aviation,0.00682651
20191106,2019-11-06,Power,0.061704
20191106,2019-11-06,Residential,0.0239179
20191107,2019-11-07,Domestic Aviation,0.000624665
20191107,2019-11-07,Ground Transport,0.0323502
20191107,2019-11-07,Industry,0.0497057
20191107,2019-11-07,International Aviation,0.00578935
20191107,2019-11-07,Power,0.065997
20191107,2019-11-07,Residential,0.0229814
20191108,2019-11-08,Domestic Aviation,0.000710538
20191108,2019-11-08,Ground Transport,0.0332922
20191108,2019-11-08,Industry,0.0477626
20191108,2019-11-08,International Aviation,0.0067366
20191108,2019-11-08,Power,0.063417
20191108,2019-11-08,Residential,0.0200754
20191109,2019-11-09,Domestic Aviation,0.00044159
20191109,2019-11-09,Ground Transport,0.0256659
20191109,2019-11-09,Industry,0.0318778
20191109,2019-11-09,International Aviation,0.00730095
20191109,2019-11-09,Power,0.0423259
20191109,2019-11-09,Residential,0.01612
20191110,2019-11-10,Domestic Aviation,0.000471374
20191110,2019-11-10,Ground Transport,0.0211952
20191110,2019-11-10,Industry,0.0302443
20191110,2019-11-10,International Aviation,0.00666647
20191110,2019-11-10,Power,0.040157
20191110,2019-11-10,Residential,0.0163937
20191111,2019-11-11,Domestic Aviation,0.000616883
20191111,2019-11-11,Ground Transport,0.0313098
20191111,2019-11-11,Industry,0.0358433
20191111,2019-11-11,International Aviation,0.00708118
20191111,2019-11-11,Power,0.0475912
20191111,2019-11-11,Residential,0.0185157
20191112,2019-11-12,Domestic Aviation,0.000626709
20191112,2019-11-12,Ground Transport,0.0338561
20191112,2019-11-12,Industry,0.0360349
20191112,2019-11-12,International Aviation,0.00695334
20191112,2019-11-12,Power,0.0478455
20191112,2019-11-12,Residential,0.0175521
20191113,2019-11-13,Domestic Aviation,0.00062298
20191113,2019-11-13,Ground Transport,0.0321331
20191113,2019-11-13,Industry,0.0327082
20191113,2019-11-13,International Aviation,0.00681049
20191113,2019-11-13,Power,0.0434285
20191113,2019-11-13,Residential,0.0136018
20191114,2019-11-14,Domestic Aviation,0.000635721
20191114,2019-11-14,Ground Transport,0.0323502
20191114,2019-11-14,Industry,0.0319208
20191114,2019-11-14,International Aviation,0.00588955
20191114,2019-11-14,Power,0.042383
20191114,2019-11-14,Residential,0.0125163
20191115,2019-11-15,Domestic Aviation,0.000695197
20191115,2019-11-15,Ground Transport,0.0332922
20191115,2019-11-15,Industry,0.0333915
20191115,2019-11-15,International Aviation,0.00682096
20191115,2019-11-15,Power,0.0443358
20191115,2019-11-15,Residential,0.0162407
20191116,2019-11-16,Domestic Aviation,0.000461936
20191116,2019-11-16,Ground Transport,0.0256659
20191116,2019-11-16,Industry,0.0330356
20191116,2019-11-16,International Aviation,0.0064033
20191116,2019-11-16,Power,0.0438632
20191116,2019-11-16,Residential,0.0177485
20191117,2019-11-17,Domestic Aviation,0.000462836
20191117,2019-11-17,Ground Transport,0.0211952
20191117,2019-11-17,Industry,0.0286657
20191117,2019-11-17,International Aviation,0.00711678
20191117,2019-11-17,Power,0.038061
20191117,2019-11-17,Residential,0.0141268
20191118,2019-11-18,Domestic Aviation,0.000639225
20191118,2019-11-18,Ground Transport,0.0313098
20191118,2019-11-18,Industry,0.033199
20191118,2019-11-18,International Aviation,0.0069129
20191118,2019-11-18,Power,0.0440801
20191118,2019-11-18,Residential,0.0136055
20191119,2019-11-19,Domestic Aviation,0.000671721
20191119,2019-11-19,Ground Transport,0.0338561
20191119,2019-11-19,Industry,0.0309218
20191119,2019-11-19,International Aviation,0.00645331
20191119,2019-11-19,Power,0.0410566
20191119,2019-11-19,Residential,0.012589
20191120,2019-11-20,Domestic Aviation,0.000680815
20191120,2019-11-20,Ground Transport,0.0321331
20191120,2019-11-20,Industry,0.0321055
20191120,2019-11-20,International Aviation,0.00693364
20191120,2019-11-20,Power,0.0426283
20191120,2019-11-20,Residential,0.0126263
20191121,2019-11-21,Domestic Aviation,0.000722258
20191121,2019-11-21,Ground Transport,0.0323502
20191121,2019-11-21,Industry,0.0323358
20191121,2019-11-21,International Aviation,0.00624695
20191121,2019-11-21,Power,0.042934
20191121,2019-11-21,Residential,0.0142232
20191122,2019-11-22,Domestic Aviation,0.000719902
20191122,2019-11-22,Ground Transport,0.0332922
20191122,2019-11-22,Industry,0.0340139
20191122,2019-11-22,International Aviation,0.00694325
20191122,2019-11-22,Power,0.0451622
20191122,2019-11-22,Residential,0.0162847
20191123,2019-11-23,Domestic Aviation,0.0005027
20191123,2019-11-23,Ground Transport,0.0256659
20191123,2019-11-23,Industry,0.0323697
20191123,2019-11-23,International Aviation,0.00615924
20191123,2019-11-23,Power,0.0429791
20191123,2019-11-23,Residential,0.0181594
20191124,2019-11-24,Domestic Aviation,0.000544157
20191124,2019-11-24,Ground Transport,0.0211952
20191124,2019-11-24,Industry,0.0321243
20191124,2019-11-24,International Aviation,0.00689835
20191124,2019-11-24,Power,0.0426532
20191124,2019-11-24,Residential,0.0191456
20191125,2019-11-25,Domestic Aviation,0.000225321
20191125,2019-11-25,Ground Transport,0.0313098
20191125,2019-11-25,Industry,0.0391202
20191125,2019-11-25,International Aviation,0.00560909
20191125,2019-11-25,Power,0.0519421
20191125,2019-11-25,Residential,0.0186446
20191126,2019-11-26,Domestic Aviation,0.000670842
20191126,2019-11-26,Ground Transport,0.0338561
20191126,2019-11-26,Industry,0.0392437
20191126,2019-11-26,International Aviation,0.00609375
20191126,2019-11-26,Power,0.052106
20191126,2019-11-26,Residential,0.0170225
20191127,2019-11-27,Domestic Aviation,0.000700074
20191127,2019-11-27,Ground Transport,0.0321331
20191127,2019-11-27,Industry,0.041762
20191127,2019-11-27,International Aviation,0.00647556
20191127,2019-11-27,Power,0.0554498
20191127,2019-11-27,Residential,0.0180197
20191128,2019-11-28,Domestic Aviation,0.000712217
20191128,2019-11-28,Ground Transport,0.0323502
20191128,2019-11-28,Industry,0.0384756
20191128,2019-11-28,International Aviation,0.00693169
20191128,2019-11-28,Power,0.0510861
20191128,2019-11-28,Residential,0.0162762
20191129,2019-11-29,Domestic Aviation,0.0007336
20191129,2019-11-29,Ground Transport,0.0332922
20191129,2019-11-29,Industry,0.0360646
20191129,2019-11-29,International Aviation,0.00640755
20191129,2019-11-29,Power,0.047885
20191129,2019-11-29,Residential,0.0177129
20191130,2019-11-30,Domestic Aviation,0.000534283
20191130,2019-11-30,Ground Transport,0.0256659
20191130,2019-11-30,Industry,0.0365503
20191130,2019-11-30,International Aviation,0.00697856
20191130,2019-11-30,Power,0.0485299
20191130,2019-11-30,Residential,0.0223176
20191201,2019-12-01,Domestic Aviation,0.000587609
20191201,2019-12-01,Ground Transport,0.0211952
20191201,2019-12-01,Industry,0.039552
20191201,2019-12-01,International Aviation,0.00737022
20191201,2019-12-01,Power,0.0493468
20191201,2019-12-01,Residential,0.0200688
20191202,2019-12-02,Domestic Aviation,0.00077427
20191202,2019-12-02,Ground Transport,0.0313098
20191202,2019-12-02,Industry,0.0446527
20191202,2019-12-02,International Aviation,0.00757278
20191202,2019-12-02,Power,0.0557108
20191202,2019-12-02,Residential,0.0202981
20191203,2019-12-03,Domestic Aviation,0.000712971
20191203,2019-12-03,Ground Transport,0.0338561
20191203,2019-12-03,Industry,0.04506
20191203,2019-12-03,International Aviation,0.00671247
20191203,2019-12-03,Power,0.0562189
20191203,2019-12-03,Residential,0.0204653
20191204,2019-12-04,Domestic Aviation,0.000733874
20191204,2019-12-04,Ground Transport,0.0321331
20191204,2019-12-04,Industry,0.0374809
20191204,2019-12-04,International Aviation,0.00786027
20191204,2019-12-04,Power,0.0467628
20191204,2019-12-04,Residential,0.0148502
20191205,2019-12-05,Domestic Aviation,0.000804856
20191205,2019-12-05,Ground Transport,0.0323502
20191205,2019-12-05,Industry,0.0333143
20191205,2019-12-05,International Aviation,0.0074659
20191205,2019-12-05,Power,0.0415644
20191205,2019-12-05,Residential,0.0134676
20191206,2019-12-06,Domestic Aviation,0.000530174
20191206,2019-12-06,Ground Transport,0.0332922
20191206,2019-12-06,Industry,0.0340441
20191206,2019-12-06,International Aviation,0.0070974
20191206,2019-12-06,Power,0.042475
20191206,2019-12-06,Residential,0.0146584
20191207,2019-12-07,Domestic Aviation,0.000494323
20191207,2019-12-07,Ground Transport,0.0256659
20191207,2019-12-07,Industry,0.0326226
20191207,2019-12-07,International Aviation,0.00694348
20191207,2019-12-07,Power,0.0407014
20191207,2019-12-07,Residential,0.0153435
20191208,2019-12-08,Domestic Aviation,0.000627754
20191208,2019-12-08,Ground Transport,0.0211952
20191208,2019-12-08,Industry,0.0341051
20191208,2019-12-08,International Aviation,0.00741591
20191208,2019-12-08,Power,0.0425511
20191208,2019-12-08,Residential,0.0170867
20191209,2019-12-09,Domestic Aviation,0.000773153
20191209,2019-12-09,Ground Transport,0.0313098
20191209,2019-12-09,Industry,0.0343728
20191209,2019-12-09,International Aviation,0.00776946
20191209,2019-12-09,Power,0.0428851
20191209,2019-12-09,Residential,0.0159706
20191210,2019-12-10,Domestic Aviation,0.000723228
20191210,2019-12-10,Ground Transport,0.0338561
20191210,2019-12-10,Industry,0.0426498
20191210,2019-12-10,International Aviation,0.00739354
20191210,2019-12-10,Power,0.0532118
20191210,2019-12-10,Residential,0.0221697
20191211,2019-12-11,Domestic Aviation,0.000733724
20191211,2019-12-11,Ground Transport,0.0321331
20191211,2019-12-11,Industry,0.0372569
20191211,2019-12-11,International Aviation,0.0078861
20191211,2019-12-11,Power,0.0464833
20191211,2019-12-11,Residential,0.0178125
20191212,2019-12-12,Domestic Aviation,0.000779267
20191212,2019-12-12,Ground Transport,0.0323502
20191212,2019-12-12,Industry,0.0382224
20191212,2019-12-12,International Aviation,0.00697802
20191212,2019-12-12,Power,0.047688
20191212,2019-12-12,Residential,0.016497
20191213,2019-12-13,Domestic Aviation,0.000774632
20191213,2019-12-13,Ground Transport,0.0332922
20191213,2019-12-13,Industry,0.0378043
20191213,2019-12-13,International Aviation,0.00672264
20191213,2019-12-13,Power,0.0471663
20191213,2019-12-13,Residential,0.0162021
20191214,2019-12-14,Domestic Aviation,0.000512924
20191214,2019-12-14,Ground Transport,0.0256659
20191214,2019-12-14,Industry,0.0318188
20191214,2019-12-14,International Aviation,0.00729178
20191214,2019-12-14,Power,0.0396986
20191214,2019-12-14,Residential,0.0162908
20191215,2019-12-15,Domestic Aviation,0.000602958
20191215,2019-12-15,Ground Transport,0.0211952
20191215,2019-12-15,Industry,0.0303672
20191215,2019-12-15,International Aviation,0.00764106
20191215,2019-12-15,Power,0.0378875
20191215,2019-12-15,Residential,0.0163366
20191216,2019-12-16,Domestic Aviation,0.000751808
20191216,2019-12-16,Ground Transport,0.0313098
20191216,2019-12-16,Industry,0.0347467
20191216,2019-12-16,International Aviation,0.00740897
20191216,2019-12-16,Power,0.0433515
20191216,2019-12-16,Residential,0.0162379
20191217,2019-12-17,Domestic Aviation,0.00072364
20191217,2019-12-17,Ground Transport,0.0338561
20191217,2019-12-17,Industry,0.0369282
20191217,2019-12-17,International Aviation,0.00797846
20191217,2019-12-17,Power,0.0460733
20191217,2019-12-17,Residential,0.0161686
20191218,2019-12-18,Domestic Aviation,0.000754169
20191218,2019-12-18,Ground Transport,0.0321331
20191218,2019-12-18,Industry,0.0370548
20191218,2019-12-18,International Aviation,0.00756211
20191218,2019-12-18,Power,0.0462312
20191218,2019-12-18,Residential,0.0167427
20191219,2019-12-19,Domestic Aviation,0.000798068
20191219,2019-12-19,Ground Transport,0.0323502
20191219,2019-12-19,Industry,0.0388133
20191219,2019-12-19,International Aviation,0.007091
20191219,2019-12-19,Power,0.0484252
20191219,2019-12-19,Residential,0.0182717
20191220,2019-12-20,Domestic Aviation,0.000809771
20191220,2019-12-20,Ground Transport,0.0332922
20191220,2019-12-20,Industry,0.0370939
20191220,2019-12-20,International Aviation,0.00751998
20191220,2019-12-20,Power,0.04628
20191220,2019-12-20,Residential,0.0165234
20191221,2019-12-21,Domestic Aviation,0.000650534
20191221,2019-12-21,Ground Transport,0.0256659
20191221,2019-12-21,Industry,0.0330261
20191221,2019-12-21,International Aviation,0.00777997
20191221,2019-12-21,Power,0.0412048
20191221,2019-12-21,Residential,0.016034
20191222,2019-12-22,Domestic Aviation,0.00069765
20191222,2019-12-22,Ground Transport,0.0211952
20191222,2019-12-22,Industry,0.0299911
20191222,2019-12-22,International Aviation,0.00815047
20191222,2019-12-22,Power,0.0374182
20191222,2019-12-22,Residential,0.0154745
20191223,2019-12-23,Domestic Aviation,0.000800604
20191223,2019-12-23,Ground Transport,0.0313098
20191223,2019-12-23,Industry,0.0326235
20191223,2019-12-23,International Aviation,0.00837925
20191223,2019-12-23,Power,0.0407026
20191223,2019-12-23,Residential,0.0154859
20191224,2019-12-24,Domestic Aviation,0.000340718
20191224,2019-12-24,Ground Transport,0.0338561
20191224,2019-12-24,Industry,0.0316362
20191224,2019-12-24,International Aviation,0.00611275
20191224,2019-12-24,Power,0.0394708
20191224,2019-12-24,Residential,0.0165353
20191225,2019-12-25,Domestic Aviation,0.000217024
20191225,2019-12-25,Ground Transport,0.0321331
20191225,2019-12-25,Industry,0.0328109
20191225,2019-12-25,International Aviation,0.00379785
20191225,2019-12-25,Power,0.0409363
20191225,2019-12-25,Residential,0.0172879
20191226,2019-12-26,Domestic Aviation,0.000730669
20191226,2019-12-26,Ground Transport,0.0323502
20191226,2019-12-26,Industry,0.0338938
20191226,2019-12-26,International Aviation,0.00631316
20191226,2019-12-26,Power,0.0422874
20191226,2019-12-26,Residential,0.0185349
20191227,2019-12-27,Domestic Aviation,0.000758349
20191227,2019-12-27,Ground Transport,0.0332922
20191227,2019-12-27,Industry,0.0401195
20191227,2019-12-27,International Aviation,0.00698739
20191227,2019-12-27,Power,0.0500549
20191227,2019-12-27,Residential,0.0227499
20191228,2019-12-28,Domestic Aviation,0.000658413
20191228,2019-12-28,Ground Transport,0.0256659
20191228,2019-12-28,Industry,0.0391476
20191228,2019-12-28,International Aviation,0.00771754
20191228,2019-12-28,Power,0.0488424
20191228,2019-12-28,Residential,0.0249738
20191229,2019-12-29,Domestic Aviation,0.000704404
20191229,2019-12-29,Ground Transport,0.0211952
20191229,2019-12-29,Industry,0.0314623
20191229,2019-12-29,International Aviation,0.00788754
20191229,2019-12-29,Power,0.0392537
20191229,2019-12-29,Residential,0.0172311
20191230,2019-12-30,Domestic Aviation,0.000781876
20191230,2019-12-30,Ground Transport,0.0313098
20191230,2019-12-30,Industry,0.0300877
20191230,2019-12-30,International Aviation,0.00779073
20191230,2019-12-30,Power,0.0375388
20191230,2019-12-30,Residential,0.0137551
20191231,2019-12-31,Domestic Aviation,0.000519974
20191231,2019-12-31,Ground Transport,0.0338561
20191231,2019-12-31,Industry,0.0335063
20191231,2019-12-31,International Aviation,0.00662981
20191231,2019-12-31,Power,0.041804
20191231,2019-12-31,Residential,0.0180019
20200101,2020-01-01,Domestic Aviation,0.000475496
20200101,2020-01-01,Ground Transport,0.0300401
20200101,2020-01-01,Industry,0.0289305
20200101,2020-01-01,International Aviation,0.006335
20200101,2020-01-01,Power,0.0428018
20200101,2020-01-01,Residential,0.0175892
20200102,2020-01-02,Domestic Aviation,0.000599904
20200102,2020-01-02,Ground Transport,0.0302431
20200102,2020-01-02,Industry,0.0262207
20200102,2020-01-02,International Aviation,0.00693171
20200102,2020-01-02,Power,0.0387927
20200102,2020-01-02,Residential,0.0147361
20200103,2020-01-03,Domestic Aviation,0.000599455
20200103,2020-01-03,Ground Transport,0.0311237
20200103,2020-01-03,Industry,0.0256323
20200103,2020-01-03,International Aviation,0.00653276
20200103,2020-01-03,Power,0.0379222
20200103,2020-01-03,Residential,0.0148698
20200104,2020-01-04,Domestic Aviation,0.0005209
20200104,2020-01-04,Ground Transport,0.0239939
20200104,2020-01-04,Industry,0.0269227
20200104,2020-01-04,International Aviation,0.0068055
20200104,2020-01-04,Power,0.0398314
20200104,2020-01-04,Residential,0.0182724
20200105,2020-01-05,Domestic Aviation,0.000481677
20200105,2020-01-05,Ground Transport,0.0198146
20200105,2020-01-05,Industry,0.0312467
20200105,2020-01-05,International Aviation,0.00715275
20200105,2020-01-05,Power,0.0462285
20200105,2020-01-05,Residential,0.0223923
20200106,2020-01-06,Domestic Aviation,0.00046622
20200106,2020-01-06,Ground Transport,0.0292704
20200106,2020-01-06,Industry,0.0291417
20200106,2020-01-06,International Aviation,0.00684035
20200106,2020-01-06,Power,0.0431143
20200106,2020-01-06,Residential,0.0182845
20200107,2020-01-07,Domestic Aviation,0.000567891
20200107,2020-01-07,Ground Transport,0.0316509
20200107,2020-01-07,Industry,0.0243747
20200107,2020-01-07,International Aviation,0.00672797
20200107,2020-01-07,Power,0.0360616
20200107,2020-01-07,Residential,0.0151659
20200108,2020-01-08,Domestic Aviation,0.000326513
20200108,2020-01-08,Ground Transport,0.0300401
20200108,2020-01-08,Industry,0.02684
20200108,2020-01-08,International Aviation,0.00665007
20200108,2020-01-08,Power,0.039709
20200108,2020-01-08,Residential,0.014177
20200109,2020-01-09,Domestic Aviation,0.000588647
20200109,2020-01-09,Ground Transport,0.0302431
20200109,2020-01-09,Industry,0.0311336
20200109,2020-01-09,International Aviation,0.00640125
20200109,2020-01-09,Power,0.0460612
20200109,2020-01-09,Residential,0.0171392
20200110,2020-01-10,Domestic Aviation,0.000595806
20200110,2020-01-10,Ground Transport,0.0311237
20200110,2020-01-10,Industry,0.0353331
20200110,2020-01-10,International Aviation,0.00658612
20200110,2020-01-10,Power,0.0522744
20200110,2020-01-10,Residential,0.0212443
20200111,2020-01-11,Domestic Aviation,0.000456888
20200111,2020-01-11,Ground Transport,0.0239939
20200111,2020-01-11,Industry,0.0315205
20200111,2020-01-11,International Aviation,0.00655968
20200111,2020-01-11,Power,0.0466336
20200111,2020-01-11,Residential,0.0195765
20200112,2020-01-12,Domestic Aviation,0.000524964
20200112,2020-01-12,Ground Transport,0.0198146
20200112,2020-01-12,Industry,0.0274043
20200112,2020-01-12,International Aviation,0.00753527
20200112,2020-01-12,Power,0.0405439
20200112,2020-01-12,Residential,0.0154459
20200113,2020-01-13,Domestic Aviation,0.000581623
20200113,2020-01-13,Ground Transport,0.0292704
20200113,2020-01-13,Industry,0.0314073
20200113,2020-01-13,International Aviation,0.00627003
20200113,2020-01-13,Power,0.0464662
20200113,2020-01-13,Residential,0.0185671
20200114,2020-01-14,Domestic Aviation,0.000566885
20200114,2020-01-14,Ground Transport,0.0316509
20200114,2020-01-14,Industry,0.0298335
20200114,2020-01-14,International Aviation,0.00711648
20200114,2020-01-14,Power,0.0441377
20200114,2020-01-14,Residential,0.0164108
20200115,2020-01-15,Domestic Aviation,0.000543897
20200115,2020-01-15,Ground Transport,0.0300401
20200115,2020-01-15,Industry,0.0281659
20200115,2020-01-15,International Aviation,0.00588896
20200115,2020-01-15,Power,0.0416706
20200115,2020-01-15,Residential,0.014147
20200116,2020-01-16,Domestic Aviation,0.000613356
20200116,2020-01-16,Ground Transport,0.0302431
20200116,2020-01-16,Industry,0.0301175
20200116,2020-01-16,International Aviation,0.00675246
20200116,2020-01-16,Power,0.0445579
20200116,2020-01-16,Residential,0.0157141
20200117,2020-01-17,Domestic Aviation,0.00059588
20200117,2020-01-17,Ground Transport,0.0311237
20200117,2020-01-17,Industry,0.0298175
20200117,2020-01-17,International Aviation,0.00600847
20200117,2020-01-17,Power,0.0441141
20200117,2020-01-17,Residential,0.0159693
20200118,2020-01-18,Domestic Aviation,0.000464367
20200118,2020-01-18,Ground Transport,0.0239939
20200118,2020-01-18,Industry,0.0280465
20200118,2020-01-18,International Aviation,0.00636604
20200118,2020-01-18,Power,0.041494
20200118,2020-01-18,Residential,0.0158359
20200119,2020-01-19,Domestic Aviation,0.00054111
20200119,2020-01-19,Ground Transport,0.0198146
20200119,2020-01-19,Industry,0.028801
20200119,2020-01-19,International Aviation,0.00704042
20200119,2020-01-19,Power,0.0426103
20200119,2020-01-19,Residential,0.0171511
20200120,2020-01-20,Domestic Aviation,0.00058036
20200120,2020-01-20,Ground Transport,0.0292704
20200120,2020-01-20,Industry,0.028852
20200120,2020-01-20,International Aviation,0.00669356
20200120,2020-01-20,Power,0.0426857
20200120,2020-01-20,Residential,0.0163904
20200121,2020-01-21,Domestic Aviation,0.000582265
20200121,2020-01-21,Ground Transport,0.0316509
20200121,2020-01-21,Industry,0.0272493
20200121,2020-01-21,International Aviation,0.006339
20200121,2020-01-21,Power,0.0403145
20200121,2020-01-21,Residential,0.0144082
20200122,2020-01-22,Domestic Aviation,0.000570815
20200122,2020-01-22,Ground Transport,0.0300401
20200122,2020-01-22,Industry,0.0318925
20200122,2020-01-22,International Aviation,0.00683205
20200122,2020-01-22,Power,0.047184
20200122,2020-01-22,Residential,0.0187909
20200123,2020-01-23,Domestic Aviation,0.00068197
20200123,2020-01-23,Ground Transport,0.0302431
20200123,2020-01-23,Industry,0.0337128
20200123,2020-01-23,International Aviation,0.00619531
20200123,2020-01-23,Power,0.0498771
20200123,2020-01-23,Residential,0.0199792
20200124,2020-01-24,Domestic Aviation,0.000675139
20200124,2020-01-24,Ground Transport,0.0311237
20200124,2020-01-24,Industry,0.0298812
20200124,2020-01-24,International Aviation,0.00654605
20200124,2020-01-24,Power,0.0442084
20200124,2020-01-24,Residential,0.0179629
20200125,2020-01-25,Domestic Aviation,0.000488862
20200125,2020-01-25,Ground Transport,0.0239939
20200125,2020-01-25,Industry,0.0305651
20200125,2020-01-25,International Aviation,0.00681542
20200125,2020-01-25,Power,0.0452202
20200125,2020-01-25,Residential,0.0203009
20200126,2020-01-26,Domestic Aviation,0.000567116
20200126,2020-01-26,Ground Transport,0.0198146
20200126,2020-01-26,Industry,0.0294003
20200126,2020-01-26,International Aviation,0.00699904
20200126,2020-01-26,Power,0.0434969
20200126,2020-01-26,Residential,0.0210109
20200127,2020-01-27,Domestic Aviation,0.000651179
20200127,2020-01-27,Ground Transport,0.0292704
20200127,2020-01-27,Industry,0.0354413
20200127,2020-01-27,International Aviation,0.00656138
20200127,2020-01-27,Power,0.0524343
20200127,2020-01-27,Residential,0.0239614
20200128,2020-01-28,Domestic Aviation,0.000629618
20200128,2020-01-28,Ground Transport,0.0316509
20200128,2020-01-28,Industry,0.0335508
20200128,2020-01-28,International Aviation,0.00663425
20200128,2020-01-28,Power,0.0496375
20200128,2020-01-28,Residential,0.0197814
20200129,2020-01-29,Domestic Aviation,0.00063515
20200129,2020-01-29,Ground Transport,0.0300401
20200129,2020-01-29,Industry,0.033104
20200129,2020-01-29,International Aviation,0.00627233
20200129,2020-01-29,Power,0.0489764
20200129,2020-01-29,Residential,0.0193027
20200130,2020-01-30,Domestic Aviation,0.000688155
20200130,2020-01-30,Ground Transport,0.0302431
20200130,2020-01-30,Industry,0.0320959
20200130,2020-01-30,International Aviation,0.00633858
20200130,2020-01-30,Power,0.0474849
20200130,2020-01-30,Residential,0.0194211
20200131,2020-01-31,Domestic Aviation,0.00065572
20200131,2020-01-31,Ground Transport,0.0311237
20200131,2020-01-31,Industry,0.031936
20200131,2020-01-31,International Aviation,0.00637811
20200131,2020-01-31,Power,0.0472484
20200131,2020-01-31,Residential,0.0201025
20200201,2020-02-01,Domestic Aviation,0.000487143
20200201,2020-02-01,Ground Transport,0.0239939
20200201,2020-02-01,Industry,0.025496
20200201,2020-02-01,International Aviation,0.00658644
20200201,2020-02-01,Power,0.0387194
20200201,2020-02-01,Residential,0.0192718
20200202,2020-02-02,Domestic Aviation,0.000557483
20200202,2020-02-02,Ground Transport,0.0198146
20200202,2020-02-02,Industry,0.0253835
20200202,2020-02-02,International Aviation,0.00681357
20200202,2020-02-02,Power,0.0385486
20200202,2020-02-02,Residential,0.0175764
20200203,2020-02-03,Domestic Aviation,0.000616147
20200203,2020-02-03,Ground Transport,0.0292704
20200203,2020-02-03,Industry,0.0320319
20200203,2020-02-03,International Aviation,0.00666279
20200203,2020-02-03,Power,0.0486451
20200203,2020-02-03,Residential,0.0211744
20200204,2020-02-04,Domestic Aviation,0.000625122
20200204,2020-02-04,Ground Transport,0.0316509
20200204,2020-02-04,Industry,0.0393368
20200204,2020-02-04,International Aviation,0.00648675
20200204,2020-02-04,Power,0.0597387
20200204,2020-02-04,Residential,0.026104
20200205,2020-02-05,Domestic Aviation,0.000651481
20200205,2020-02-05,Ground Transport,0.0300401
20200205,2020-02-05,Industry,0.0356956
20200205,2020-02-05,International Aviation,0.00670126
20200205,2020-02-05,Power,0.054209
20200205,2020-02-05,Residential,0.0219861
20200206,2020-02-06,Domestic Aviation,0.000709213
20200206,2020-02-06,Ground Transport,0.0302431
20200206,2020-02-06,Industry,0.0350052
20200206,2020-02-06,International Aviation,0.00615989
20200206,2020-02-06,Power,0.0531605
20200206,2020-02-06,Residential,0.0242137
20200207,2020-02-07,Domestic Aviation,0.00069441
20200207,2020-02-07,Ground Transport,0.0311237
20200207,2020-02-07,Industry,0.0358981
20200207,2020-02-07,International Aviation,0.00578974
20200207,2020-02-07,Power,0.0545165
20200207,2020-02-07,Residential,0.0238167
20200208,2020-02-08,Domestic Aviation,0.000505364
20200208,2020-02-08,Ground Transport,0.0239939
20200208,2020-02-08,Industry,0.0240888
20200208,2020-02-08,International Aviation,0.00640894
20200208,2020-02-08,Power,0.0365824
20200208,2020-02-08,Residential,0.0190006
20200209,2020-02-09,Domestic Aviation,0.000561792
20200209,2020-02-09,Ground Transport,0.0198146
20200209,2020-02-09,Industry,0.0225227
20200209,2020-02-09,International Aviation,0.00615056
20200209,2020-02-09,Power,0.0342039
20200209,2020-02-09,Residential,0.0162051
20200210,2020-02-10,Domestic Aviation,0.000642226
20200210,2020-02-10,Ground Transport,0.0292704
20200210,2020-02-10,Industry,0.0228685
20200210,2020-02-10,International Aviation,0.00660936
20200210,2020-02-10,Power,0.0347291
20200210,2020-02-10,Residential,0.014984
20200211,2020-02-11,Domestic Aviation,0.000658289
20200211,2020-02-11,Ground Transport,0.0316509
20200211,2020-02-11,Industry,0.0236764
20200211,2020-02-11,International Aviation,0.00619173
20200211,2020-02-11,Power,0.035956
20200211,2020-02-11,Residential,0.0165342
20200212,2020-02-12,Domestic Aviation,0.0006557
20200212,2020-02-12,Ground Transport,0.0300401
20200212,2020-02-12,Industry,0.0306525
20200212,2020-02-12,International Aviation,0.00600168
20200212,2020-02-12,Power,0.0465503
20200212,2020-02-12,Residential,0.0168473
20200213,2020-02-13,Domestic Aviation,0.000741119
20200213,2020-02-13,Ground Transport,0.0302431
20200213,2020-02-13,Industry,0.0386664
20200213,2020-02-13,International Aviation,0.00571999
20200213,2020-02-13,Power,0.0587206
20200213,2020-02-13,Residential,0.0179717
20200214,2020-02-14,Domestic Aviation,0.00069867
20200214,2020-02-14,Ground Transport,0.0311237
20200214,2020-02-14,Industry,0.0417641
20200214,2020-02-14,International Aviation,0.00608667
20200214,2020-02-14,Power,0.0634248
20200214,2020-02-14,Residential,0.0203606
20200215,2020-02-15,Domestic Aviation,0.000585477
20200215,2020-02-15,Ground Transport,0.0239939
20200215,2020-02-15,Industry,0.02481
20200215,2020-02-15,International Aviation,0.00651241
20200215,2020-02-15,Power,0.0376776
20200215,2020-02-15,Residential,0.0183802
20200216,2020-02-16,Domestic Aviation,0.000572521
20200216,2020-02-16,Ground Transport,0.0198146
20200216,2020-02-16,Industry,0.0187405
20200216,2020-02-16,International Aviation,0.00663438
20200216,2020-02-16,Power,0.0284602
20200216,2020-02-16,Residential,0.0152105
20200217,2020-02-17,Domestic Aviation,0.000659371
20200217,2020-02-17,Ground Transport,0.0292704
20200217,2020-02-17,Industry,0.0224955
20200217,2020-02-17,International Aviation,0.00615294
20200217,2020-02-17,Power,0.0341626
20200217,2020-02-17,Residential,0.0142387
20200218,2020-02-18,Domestic Aviation,0.00065673
20200218,2020-02-18,Ground Transport,0.0316509
20200218,2020-02-18,Industry,0.0238769
20200218,2020-02-18,International Aviation,0.00618471
20200218,2020-02-18,Power,0.0362606
20200218,2020-02-18,Residential,0.0143349
20200219,2020-02-19,Domestic Aviation,0.000683352
20200219,2020-02-19,Ground Transport,0.0300401
20200219,2020-02-19,Industry,0.0298165
20200219,2020-02-19,International Aviation,0.0058647
20200219,2020-02-19,Power,0.0452807
20200219,2020-02-19,Residential,0.0174349
20200220,2020-02-20,Domestic Aviation,0.0007314
20200220,2020-02-20,Ground Transport,0.0302431
20200220,2020-02-20,Industry,0.0313916
20200220,2020-02-20,International Aviation,0.00561362
20200220,2020-02-20,Power,0.0476727
20200220,2020-02-20,Residential,0.0212378
20200221,2020-02-21,Domestic Aviation,0.000670515
20200221,2020-02-21,Ground Transport,0.0311237
20200221,2020-02-21,Industry,0.0249447
20200221,2020-02-21,International Aviation,0.00578261
20200221,2020-02-21,Power,0.0378822
20200221,2020-02-21,Residential,0.0163332
20200222,2020-02-22,Domestic Aviation,0.000594019
20200222,2020-02-22,Ground Transport,0.0239939
20200222,2020-02-22,Industry,0.0189484
20200222,2020-02-22,International Aviation,0.0067664
20200222,2020-02-22,Power,0.0287759
20200222,2020-02-22,Residential,0.0151603
20200223,2020-02-23,Domestic Aviation,0.000603547
20200223,2020-02-23,Ground Transport,0.0198146
20200223,2020-02-23,Industry,0.0191742
20200223,2020-02-23,International Aviation,0.00611134
20200223,2020-02-23,Power,0.0291188
20200223,2020-02-23,Residential,0.0165048
20200224,2020-02-24,Domestic Aviation,0.00065114
20200224,2020-02-24,Ground Transport,0.0292704
20200224,2020-02-24,Industry,0.0293267
20200224,2020-02-24,International Aviation,0.00556722
20200224,2020-02-24,Power,0.0445369
20200224,2020-02-24,Residential,0.0184125
20200225,2020-02-25,Domestic Aviation,0.000648622
20200225,2020-02-25,Ground Transport,0.0316509
20200225,2020-02-25,Industry,0.0375741
20200225,2020-02-25,International Aviation,0.00655875
20200225,2020-02-25,Power,0.0570618
20200225,2020-02-25,Residential,0.0221182
20200226,2020-02-26,Domestic Aviation,0.000614196
20200226,2020-02-26,Ground Transport,0.0300401
20200226,2020-02-26,Industry,0.0426462
20200226,2020-02-26,International Aviation,0.00575582
20200226,2020-02-26,Power,0.0647644
20200226,2020-02-26,Residential,0.023841
20200227,2020-02-27,Domestic Aviation,0.000731816
20200227,2020-02-27,Ground Transport,0.0302431
20200227,2020-02-27,Industry,0.0480508
20200227,2020-02-27,International Aviation,0.00581149
20200227,2020-02-27,Power,0.0729721
20200227,2020-02-27,Residential,0.0248209
20200228,2020-02-28,Domestic Aviation,0.00070075
20200228,2020-02-28,Ground Transport,0.0311237
20200228,2020-02-28,Industry,0.0461094
20200228,2020-02-28,International Aviation,0.00557478
20200228,2020-02-28,Power,0.0700239
20200228,2020-02-28,Residential,0.0258588
20200301,2020-03-01,Domestic Aviation,0.000589885
20200301,2020-03-01,Ground Transport,0.0198146
20200301,2020-03-01,Industry,0.041172
20200301,2020-03-01,International Aviation,0.00618545
20200301,2020-03-01,Power,0.0457351
20200301,2020-03-01,Residential,0.0200878
20200302,2020-03-02,Domestic Aviation,0.000654233
20200302,2020-03-02,Ground Transport,0.0292704
20200302,2020-03-02,Industry,0.0466275
20200302,2020-03-02,International Aviation,0.00596587
20200302,2020-03-02,Power,0.0517953
20200302,2020-03-02,Residential,0.0192078
20200303,2020-03-03,Domestic Aviation,0.00064785
20200303,2020-03-03,Ground Transport,0.0316509
20200303,2020-03-03,Industry,0.0465973
20200303,2020-03-03,International Aviation,0.00615486
20200303,2020-03-03,Power,0.0517618
20200303,2020-03-03,Residential,0.0199651
20200304,2020-03-04,Domestic Aviation,0.00062224
20200304,2020-03-04,Ground Transport,0.0300401
20200304,2020-03-04,Industry,0.044181
20200304,2020-03-04,International Aviation,0.00531459
20200304,2020-03-04,Power,0.0490776
20200304,2020-03-04,Residential,0.0194731
20200305,2020-03-05,Domestic Aviation,0.000744263
20200305,2020-03-05,Ground Transport,0.0302431
20200305,2020-03-05,Industry,0.0405447
20200305,2020-03-05,International Aviation,0.00625189
20200305,2020-03-05,Power,0.0450383
20200305,2020-03-05,Residential,0.0173455
20200306,2020-03-06,Domestic Aviation,0.000675967
20200306,2020-03-06,Ground Transport,0.0311237
20200306,2020-03-06,Industry,0.0401753
20200306,2020-03-06,International Aviation,0.00557979
20200306,2020-03-06,Power,0.0446279
20200306,2020-03-06,Residential,0.0188267
20200307,2020-03-07,Domestic Aviation,0.000525939
20200307,2020-03-07,Ground Transport,0.0239939
20200307,2020-03-07,Industry,0.0350388
20200307,2020-03-07,International Aviation,0.00655763
20200307,2020-03-07,Power,0.0389222
20200307,2020-03-07,Residential,0.0193673
20200308,2020-03-08,Domestic Aviation,0.000600919
20200308,2020-03-08,Ground Transport,0.0198146
20200308,2020-03-08,Industry,0.0301995
20200308,2020-03-08,International Aviation,0.00572923
20200308,2020-03-08,Power,0.0335466
20200308,2020-03-08,Residential,0.0179611
20200309,2020-03-09,Domestic Aviation,0.000684859
20200309,2020-03-09,Ground Transport,0.0292704
20200309,2020-03-09,Industry,0.029249
20200309,2020-03-09,International Aviation,0.00594182
20200309,2020-03-09,Power,0.0324908
20200309,2020-03-09,Residential,0.0146406
20200310,2020-03-10,Domestic Aviation,0.000668849
20200310,2020-03-10,Ground Transport,0.0316509
20200310,2020-03-10,Industry,0.0370979
20200310,2020-03-10,International Aviation,0.00590171
20200310,2020-03-10,Power,0.0412095
20200310,2020-03-10,Residential,0.0155736
20200311,2020-03-11,Domestic Aviation,0.000703446
20200311,2020-03-11,Ground Transport,0.0300401
20200311,2020-03-11,Industry,0.0367381
20200311,2020-03-11,International Aviation,0.00533485
20200311,2020-03-11,Power,0.0408099
20200311,2020-03-11,Residential,0.0163278
20200312,2020-03-12,Domestic Aviation,0.000720489
20200312,2020-03-12,Ground Transport,0.0302431
20200312,2020-03-12,Industry,0.0370789
20200312,2020-03-12,International Aviation,0.00568213
20200312,2020-03-12,Power,0.0411884
20200312,2020-03-12,Residential,0.0165242
20200313,2020-03-13,Domestic Aviation,0.000680223
20200313,2020-03-13,Ground Transport,0.0311237
20200313,2020-03-13,Industry,0.0368783
20200313,2020-03-13,International Aviation,0.00525787
20200313,2020-03-13,Power,0.0409655
20200313,2020-03-13,Residential,0.0195954
20200314,2020-03-14,Domestic Aviation,0.00051554
20200314,2020-03-14,Ground Transport,0.0239939
20200314,2020-03-14,Industry,0.035188
20200314,2020-03-14,International Aviation,0.00535995
20200314,2020-03-14,Power,0.039088
20200314,2020-03-14,Residential,0.0231298
20200315,2020-03-15,Domestic Aviation,0.00057939
20200315,2020-03-15,Ground Transport,0.0198146
20200315,2020-03-15,Industry,0.0280041
20200315,2020-03-15,International Aviation,0.00524979
20200315,2020-03-15,Power,0.0311079
20200315,2020-03-15,Residential,0.0184539
20200316,2020-03-16,Domestic Aviation,0.00059074
20200316,2020-03-16,Ground Transport,0.0292704
20200316,2020-03-16,Industry,0.0343885
20200316,2020-03-16,International Aviation,0.00469066
20200316,2020-03-16,Power,0.0381998
20200316,2020-03-16,Residential,0.0170634
20200317,2020-03-17,Domestic Aviation,0.000336848
20200317,2020-03-17,Ground Transport,0.0316509
20200317,2020-03-17,Industry,0.0318196
20200317,2020-03-17,International Aviation,0.00449898
20200317,2020-03-17,Power,0.0353462
20200317,2020-03-17,Residential,0.0178482
20200318,2020-03-18,Domestic Aviation,0.000326097
20200318,2020-03-18,Ground Transport,0.0300401
20200318,2020-03-18,Industry,0.0301261
20200318,2020-03-18,International Aviation,0.00369898
20200318,2020-03-18,Power,0.033465
20200318,2020-03-18,Residential,0.0150047
20200319,2020-03-19,Domestic Aviation,0.000294052
20200319,2020-03-19,Ground Transport,0.0302431
20200319,2020-03-19,Industry,0.032172
20200319,2020-03-19,International Aviation,0.00343761
20200319,2020-03-19,Power,0.0357376
20200319,2020-03-19,Residential,0.0168092
20200320,2020-03-20,Domestic Aviation,0.000257505
20200320,2020-03-20,Ground Transport,0.0311237
20200320,2020-03-20,Industry,0.0395074
20200320,2020-03-20,International Aviation,0.00307654
20200320,2020-03-20,Power,0.0438861
20200320,2020-03-20,Residential,0.0210902
20200321,2020-03-21,Domestic Aviation,0.000254239
20200321,2020-03-21,Ground Transport,0.0239939
20200321,2020-03-21,Industry,0.0365056
20200321,2020-03-21,International Aviation,0.00262334
20200321,2020-03-21,Power,0.0405516
20200321,2020-03-21,Residential,0.021693
20200322,2020-03-22,Domestic Aviation,0.000245753
20200322,2020-03-22,Ground Transport,0.0198146
20200322,2020-03-22,Industry,0.0303834
20200322,2020-03-22,International Aviation,0.00180875
20200322,2020-03-22,Power,0.0337508
20200322,2020-03-22,Residential,0.0207421
20200323,2020-03-23,Domestic Aviation,0.000181207
20200323,2020-03-23,Ground Transport,0.0292704
20200323,2020-03-23,Industry,0.0337313
20200323,2020-03-23,International Aviation,0.00166715
20200323,2020-03-23,Power,0.0374698
20200323,2020-03-23,Residential,0.0173578
20200324,2020-03-24,Domestic Aviation,0.000171987
20200324,2020-03-24,Ground Transport,0.0316509
20200324,2020-03-24,Industry,0.030184
20200324,2020-03-24,International Aviation,0.00206626
20200324,2020-03-24,Power,0.0335293
20200324,2020-03-24,Residential,0.0148775
20200325,2020-03-25,Domestic Aviation,0.00018208
20200325,2020-03-25,Ground Transport,0.0300401
20200325,2020-03-25,Industry,0.0289127
20200325,2020-03-25,International Aviation,0.00149262
20200325,2020-03-25,Power,0.0321171
20200325,2020-03-25,Residential,0.0127481
20200326,2020-03-26,Domestic Aviation,0.000165929
20200326,2020-03-26,Ground Transport,0.0302431
20200326,2020-03-26,Industry,0.0356646
20200326,2020-03-26,International Aviation,0.00151294
20200326,2020-03-26,Power,0.0396174
20200326,2020-03-26,Residential,0.014047
20200327,2020-03-27,Domestic Aviation,0.000181266
20200327,2020-03-27,Ground Transport,0.0311237
20200327,2020-03-27,Industry,0.0321063
20200327,2020-03-27,International Aviation,0.0014565
20200327,2020-03-27,Power,0.0356647
20200327,2020-03-27,Residential,0.0143933
20200328,2020-03-28,Domestic Aviation,0.000160895
20200328,2020-03-28,Ground Transport,0.0239939
20200328,2020-03-28,Industry,0.0292225
20200328,2020-03-28,International Aviation,0.00142415
20200328,2020-03-28,Power,0.0324613
20200328,2020-03-28,Residential,0.0156268
20200329,2020-03-29,Domestic Aviation,0.000133044
20200329,2020-03-29,Ground Transport,0.0198146
20200329,2020-03-29,Industry,0.0329298
20200329,2020-03-29,International Aviation,0.000746642
20200329,2020-03-29,Power,0.0365795
20200329,2020-03-29,Residential,0.0207233
20200330,2020-03-30,Domestic Aviation,9.98716e-05
20200330,2020-03-30,Ground Transport,0.0292704
20200330,2020-03-30,Industry,0.0403436
20200330,2020-03-30,International Aviation,0.00101691
20200330,2020-03-30,Power,0.044815
20200330,2020-03-30,Residential,0.0217696
20200331,2020-03-31,Domestic Aviation,8.51811e-05
20200331,2020-03-31,Ground Transport,0.0316509
20200331,2020-03-31,Industry,0.041063
20200331,2020-03-31,International Aviation,0.000765534
20200331,2020-03-31,Power,0.0456141
20200331,2020-03-31,Residential,0.0202555
20200401,2020-04-01,Domestic Aviation,7.54415e-05
20200401,2020-04-01,Ground Transport,0.0300401
20200401,2020-04-01,Industry,0.0409905
20200401,2020-04-01,International Aviation,0.00129034
20200401,2020-04-01,Power,0.0419696
20200401,2020-04-01,Residential,0.0178588
20200402,2020-04-02,Domestic Aviation,5.54527e-05
20200402,2020-04-02,Ground Transport,0.0302431
20200402,2020-04-02,Industry,0.0395023
20200402,2020-04-02,International Aviation,0.000474408
20200402,2020-04-02,Power,0.0404459
20200402,2020-04-02,Residential,0.0175596
20200403,2020-04-03,Domestic Aviation,5.81784e-05
20200403,2020-04-03,Ground Transport,0.0311237
20200403,2020-04-03,Industry,0.0369499
20200403,2020-04-03,International Aviation,0.000846198
20200403,2020-04-03,Power,0.0378325
20200403,2020-04-03,Residential,0.0183307
20200404,2020-04-04,Domestic Aviation,4.45199e-05
20200404,2020-04-04,Ground Transport,0.0239939
20200404,2020-04-04,Industry,0.0356508
20200404,2020-04-04,International Aviation,0.000598295
20200404,2020-04-04,Power,0.0365023
20200404,2020-04-04,Residential,0.018595
20200405,2020-04-05,Domestic Aviation,4.90279e-05
20200405,2020-04-05,Ground Transport,0.0198146
20200405,2020-04-05,Industry,0.0322886
20200405,2020-04-05,International Aviation,0.000386908
20200405,2020-04-05,Power,0.0330598
20200405,2020-04-05,Residential,0.0187335
20200406,2020-04-06,Domestic Aviation,5.09226e-05
20200406,2020-04-06,Ground Transport,0.0292704
20200406,2020-04-06,Industry,0.0336496
20200406,2020-04-06,International Aviation,0.000856235
20200406,2020-04-06,Power,0.0344533
20200406,2020-04-06,Residential,0.0153988
20200407,2020-04-07,Domestic Aviation,6.09189e-05
20200407,2020-04-07,Ground Transport,0.0316509
20200407,2020-04-07,Industry,0.0303412
20200407,2020-04-07,International Aviation,0.000905794
20200407,2020-04-07,Power,0.0310659
20200407,2020-04-07,Residential,0.0122831
20200408,2020-04-08,Domestic Aviation,7.44318e-05
20200408,2020-04-08,Ground Transport,0.0300401
20200408,2020-04-08,Industry,0.0293455
20200408,2020-04-08,International Aviation,0.000441779
20200408,2020-04-08,Power,0.0300465
20200408,2020-04-08,Residential,0.0122861
20200409,2020-04-09,Domestic Aviation,6.46518e-05
20200409,2020-04-09,Ground Transport,0.0302431
20200409,2020-04-09,Industry,0.0305335
20200409,2020-04-09,International Aviation,0.000842216
20200409,2020-04-09,Power,0.0312628
20200409,2020-04-09,Residential,0.0143977
20200410,2020-04-10,Domestic Aviation,3.60421e-05
20200410,2020-04-10,Ground Transport,0.0311237
20200410,2020-04-10,Industry,0.0323033
20200410,2020-04-10,International Aviation,0.00077075
20200410,2020-04-10,Power,0.0330749
20200410,2020-04-10,Residential,0.0172441
20200411,2020-04-11,Domestic Aviation,4.77641e-05
20200411,2020-04-11,Ground Transport,0.0239939
20200411,2020-04-11,Industry,0.0298963
20200411,2020-04-11,International Aviation,0.000378166
20200411,2020-04-11,Power,0.0306104
20200411,2020-04-11,Residential,0.0174353
20200412,2020-04-12,Domestic Aviation,3.79707e-05
20200412,2020-04-12,Ground Transport,0.0198146
20200412,2020-04-12,Industry,0.0242745
20200412,2020-04-12,International Aviation,0.000681537
20200412,2020-04-12,Power,0.0248543
20200412,2020-04-12,Residential,0.0161198
20200413,2020-04-13,Domestic Aviation,4.40125e-05
20200413,2020-04-13,Ground Transport,0.0292704
20200413,2020-04-13,Industry,0.0257203
20200413,2020-04-13,International Aviation,0.000436573
20200413,2020-04-13,Power,0.0263346
20200413,2020-04-13,Residential,0.0166163
20200414,2020-04-14,Domestic Aviation,6.16766e-05
20200414,2020-04-14,Ground Transport,0.0316509
20200414,2020-04-14,Industry,0.0377582
20200414,2020-04-14,International Aviation,0.000854459
20200414,2020-04-14,Power,0.0386601
20200414,2020-04-14,Residential,0.017528
20200415,2020-04-15,Domestic Aviation,7.56244e-05
20200415,2020-04-15,Ground Transport,0.0300401
20200415,2020-04-15,Industry,0.0398635
20200415,2020-04-15,International Aviation,0.000745918
20200415,2020-04-15,Power,0.0408156
20200415,2020-04-15,Residential,0.0164978
20200416,2020-04-16,Domestic Aviation,5.26212e-05
20200416,2020-04-16,Ground Transport,0.0302431
20200416,2020-04-16,Industry,0.0402007
20200416,2020-04-16,International Aviation,0.00101708
20200416,2020-04-16,Power,0.0411609
20200416,2020-04-16,Residential,0.0160383
20200417,2020-04-17,Domestic Aviation,3.89642e-05
20200417,2020-04-17,Ground Transport,0.0311237
20200417,2020-04-17,Industry,0.0358052
20200417,2020-04-17,International Aviation,0.0013973
20200417,2020-04-17,Power,0.0366605
20200417,2020-04-17,Residential,0.0154331
20200418,2020-04-18,Domestic Aviation,3.39249e-05
20200418,2020-04-18,Ground Transport,0.0239939
20200418,2020-04-18,Industry,0.0298068
20200418,2020-04-18,International Aviation,0.000584851
20200418,2020-04-18,Power,0.0305187
20200418,2020-04-18,Residential,0.0147155
20200419,2020-04-19,Domestic Aviation,3.11596e-05
20200419,2020-04-19,Ground Transport,0.0198146
20200419,2020-04-19,Industry,0.0275505
20200419,2020-04-19,International Aviation,0.000834484
20200419,2020-04-19,Power,0.0282085
20200419,2020-04-19,Residential,0.0135447
20200420,2020-04-20,Domestic Aviation,5.70436e-05
20200420,2020-04-20,Ground Transport,0.0292704
20200420,2020-04-20,Industry,0.0316492
20200420,2020-04-20,International Aviation,0.000590595
20200420,2020-04-20,Power,0.0324051
20200420,2020-04-20,Residential,0.011611
20200421,2020-04-21,Domestic Aviation,7.83539e-05
20200421,2020-04-21,Ground Transport,0.0316509
20200421,2020-04-21,Industry,0.0293395
20200421,2020-04-21,International Aviation,0.0006053
20200421,2020-04-21,Power,0.0300403
20200421,2020-04-21,Residential,0.0109622
20200422,2020-04-22,Domestic Aviation,7.53947e-05
20200422,2020-04-22,Ground Transport,0.0300401
20200422,2020-04-22,Industry,0.0286393
20200422,2020-04-22,International Aviation,0.000904211
20200422,2020-04-22,Power,0.0293234
20200422,2020-04-22,Residential,0.012153
20200423,2020-04-23,Domestic Aviation,6.43041e-05
20200423,2020-04-23,Ground Transport,0.0302431
20200423,2020-04-23,Industry,0.0297467
20200423,2020-04-23,International Aviation,0.00114539
20200423,2020-04-23,Power,0.0304572
20200423,2020-04-23,Residential,0.0130631
20200424,2020-04-24,Domestic Aviation,5.97418e-05
20200424,2020-04-24,Ground Transport,0.0311237
20200424,2020-04-24,Industry,0.0287509
20200424,2020-04-24,International Aviation,0.000821123
20200424,2020-04-24,Power,0.0294377
20200424,2020-04-24,Residential,0.0146533
20200425,2020-04-25,Domestic Aviation,5.13781e-05
20200425,2020-04-25,Ground Transport,0.0239939
20200425,2020-04-25,Industry,0.0240181
20200425,2020-04-25,International Aviation,0.000788938
20200425,2020-04-25,Power,0.0245918
20200425,2020-04-25,Residential,0.0159692
20200426,2020-04-26,Domestic Aviation,4.23402e-05
20200426,2020-04-26,Ground Transport,0.0198146
20200426,2020-04-26,Industry,0.0259617
20200426,2020-04-26,International Aviation,0.000844388
20200426,2020-04-26,Power,0.0265818
20200426,2020-04-26,Residential,0.0152674
20200427,2020-04-27,Domestic Aviation,6.14136e-05
20200427,2020-04-27,Ground Transport,0.0292704
20200427,2020-04-27,Industry,0.0326545
20200427,2020-04-27,International Aviation,0.000820109
20200427,2020-04-27,Power,0.0334344
20200427,2020-04-27,Residential,0.0154204
20200428,2020-04-28,Domestic Aviation,7.31857e-05
20200428,2020-04-28,Ground Transport,0.0316509
20200428,2020-04-28,Industry,0.0366232
20200428,2020-04-28,International Aviation,0.000948199
20200428,2020-04-28,Power,0.0374979
20200428,2020-04-28,Residential,0.0159778
20200429,2020-04-29,Domestic Aviation,7.06845e-05
20200429,2020-04-29,Ground Transport,0.0300401
20200429,2020-04-29,Industry,0.0363735
20200429,2020-04-29,International Aviation,0.000946446
20200429,2020-04-29,Power,0.0372423
20200429,2020-04-29,Residential,0.0166274
20200430,2020-04-30,Domestic Aviation,8.26574e-05
20200430,2020-04-30,Ground Transport,0.0302431
20200430,2020-04-30,Industry,0.0374789
20200430,2020-04-30,International Aviation,0.00102312
20200430,2020-04-30,Power,0.0383741
20200430,2020-04-30,Residential,0.0164988
20200501,2020-05-01,Domestic Aviation,4.1032e-05
20200501,2020-05-01,Ground Transport,0.0311237
20200501,2020-05-01,Industry,0.0373159
20200501,2020-05-01,International Aviation,0.00124901
20200501,2020-05-01,Power,0.0267734
20200501,2020-05-01,Residential,0.0134865
20200502,2020-05-02,Domestic Aviation,3.10909e-05
20200502,2020-05-02,Ground Transport,0.0239939
20200502,2020-05-02,Industry,0.0335088
20200502,2020-05-02,International Aviation,0.000759264
20200502,2020-05-02,Power,0.0240419
20200502,2020-05-02,Residential,0.010272
20200503,2020-05-03,Domestic Aviation,5.36668e-05
20200503,2020-05-03,Ground Transport,0.0198146
20200503,2020-05-03,Industry,0.0350135
20200503,2020-05-03,International Aviation,0.000694298
20200503,2020-05-03,Power,0.0251215
20200503,2020-05-03,Residential,0.0108716
20200504,2020-05-04,Domestic Aviation,5.45145e-05
20200504,2020-05-04,Ground Transport,0.0292704
20200504,2020-05-04,Industry,0.0383521
20200504,2020-05-04,International Aviation,0.000564623
20200504,2020-05-04,Power,0.0275169
20200504,2020-05-04,Residential,0.0114685
20200505,2020-05-05,Domestic Aviation,6.45642e-05
20200505,2020-05-05,Ground Transport,0.0316509
20200505,2020-05-05,Industry,0.0341679
20200505,2020-05-05,International Aviation,0.000864145
20200505,2020-05-05,Power,0.0245148
20200505,2020-05-05,Residential,0.0100358
20200506,2020-05-06,Domestic Aviation,7.86979e-05
20200506,2020-05-06,Ground Transport,0.0300401
20200506,2020-05-06,Industry,0.0285654
20200506,2020-05-06,International Aviation,0.00117073
20200506,2020-05-06,Power,0.0204951
20200506,2020-05-06,Residential,0.0105253
20200507,2020-05-07,Domestic Aviation,6.89381e-05
20200507,2020-05-07,Ground Transport,0.0302431
20200507,2020-05-07,Industry,0.0306835
20200507,2020-05-07,International Aviation,0.000805166
20200507,2020-05-07,Power,0.0220148
20200507,2020-05-07,Residential,0.0119231
20200508,2020-05-08,Domestic Aviation,4.72104e-05
20200508,2020-05-08,Ground Transport,0.0311237
20200508,2020-05-08,Industry,0.032647
20200508,2020-05-08,International Aviation,0.00136484
20200508,2020-05-08,Power,0.0234236
20200508,2020-05-08,Residential,0.0116461
20200509,2020-05-09,Domestic Aviation,3.66312e-05
20200509,2020-05-09,Ground Transport,0.0239939
20200509,2020-05-09,Industry,0.0226848
20200509,2020-05-09,International Aviation,0.000968899
20200509,2020-05-09,Power,0.0162759
20200509,2020-05-09,Residential,0.0124148
20200510,2020-05-10,Domestic Aviation,4.04769e-05
20200510,2020-05-10,Ground Transport,0.0198146
20200510,2020-05-10,Industry,0.0230349
20200510,2020-05-10,International Aviation,0.000938741
20200510,2020-05-10,Power,0.0165271
20200510,2020-05-10,Residential,0.0105454
20200511,2020-05-11,Domestic Aviation,4.23109e-05
20200511,2020-05-11,Ground Transport,0.0292704
20200511,2020-05-11,Industry,0.0361837
20200511,2020-05-11,International Aviation,0.00108562
20200511,2020-05-11,Power,0.0259611
20200511,2020-05-11,Residential,0.0154714
20200512,2020-05-12,Domestic Aviation,6.31085e-05
20200512,2020-05-12,Ground Transport,0.0316509
20200512,2020-05-12,Industry,0.0361503
20200512,2020-05-12,International Aviation,0.00072974
20200512,2020-05-12,Power,0.0259371
20200512,2020-05-12,Residential,0.0147256
20200513,2020-05-13,Domestic Aviation,7.12661e-05
20200513,2020-05-13,Ground Transport,0.0300401
20200513,2020-05-13,Industry,0.0374773
20200513,2020-05-13,International Aviation,0.00119616
20200513,2020-05-13,Power,0.0268892
20200513,2020-05-13,Residential,0.0141925
20200514,2020-05-14,Domestic Aviation,7.16663e-05
20200514,2020-05-14,Ground Transport,0.0302431
20200514,2020-05-14,Industry,0.0347842
20200514,2020-05-14,International Aviation,0.0013439
20200514,2020-05-14,Power,0.024957
20200514,2020-05-14,Residential,0.0136307
20200515,2020-05-15,Domestic Aviation,8.81391e-05
20200515,2020-05-15,Ground Transport,0.0311237
20200515,2020-05-15,Industry,0.0367342
20200515,2020-05-15,International Aviation,0.00159133
20200515,2020-05-15,Power,0.0263561
20200515,2020-05-15,Residential,0.0143001
20200516,2020-05-16,Domestic Aviation,5.76524e-05
20200516,2020-05-16,Ground Transport,0.0239939
20200516,2020-05-16,Industry,0.0284642
20200516,2020-05-16,International Aviation,0.00102364
20200516,2020-05-16,Power,0.0204225
20200516,2020-05-16,Residential,0.0145211
20200517,2020-05-17,Domestic Aviation,5.95153e-05
20200517,2020-05-17,Ground Transport,0.0198146
20200517,2020-05-17,Industry,0.0265255
20200517,2020-05-17,International Aviation,0.00112178
20200517,2020-05-17,Power,0.0190316
20200517,2020-05-17,Residential,0.0136032
20200518,2020-05-18,Domestic Aviation,9.85316e-05
20200518,2020-05-18,Ground Transport,0.0292704
20200518,2020-05-18,Industry,0.0429712
20200518,2020-05-18,International Aviation,0.00115896
20200518,2020-05-18,Power,0.030831
20200518,2020-05-18,Residential,0.012334
20200519,2020-05-19,Domestic Aviation,9.10724e-05
20200519,2020-05-19,Ground Transport,0.0316509
20200519,2020-05-19,Industry,0.0400866
20200519,2020-05-19,International Aviation,0.00098583
20200519,2020-05-19,Power,0.0287614
20200519,2020-05-19,Residential,0.0128356
20200520,2020-05-20,Domestic Aviation,9.12051e-05
20200520,2020-05-20,Ground Transport,0.0300401
20200520,2020-05-20,Industry,0.0341118
20200520,2020-05-20,International Aviation,0.00128229
20200520,2020-05-20,Power,0.0244746
20200520,2020-05-20,Residential,0.0113859
20200521,2020-05-21,Domestic Aviation,6.80254e-05
20200521,2020-05-21,Ground Transport,0.0302431
20200521,2020-05-21,Industry,0.0307002
20200521,2020-05-21,International Aviation,0.00133566
20200521,2020-05-21,Power,0.0220268
20200521,2020-05-21,Residential,0.0097301
20200522,2020-05-22,Domestic Aviation,0.000101051
20200522,2020-05-22,Ground Transport,0.0311237
20200522,2020-05-22,Industry,0.0293729
20200522,2020-05-22,International Aviation,0.00183138
20200522,2020-05-22,Power,0.0210745
20200522,2020-05-22,Residential,0.00803424
20200523,2020-05-23,Domestic Aviation,6.93889e-05
20200523,2020-05-23,Ground Transport,0.0239939
20200523,2020-05-23,Industry,0.0230169
20200523,2020-05-23,International Aviation,0.00102186
20200523,2020-05-23,Power,0.0165142
20200523,2020-05-23,Residential,0.00637889
20200524,2020-05-24,Domestic Aviation,5.88964e-05
20200524,2020-05-24,Ground Transport,0.0198146
20200524,2020-05-24,Industry,0.0234076
20200524,2020-05-24,International Aviation,0.00101515
20200524,2020-05-24,Power,0.0167945
20200524,2020-05-24,Residential,0.00647707
20200525,2020-05-25,Domestic Aviation,8.81337e-05
20200525,2020-05-25,Ground Transport,0.0292704
20200525,2020-05-25,Industry,0.0291366
20200525,2020-05-25,International Aviation,0.00112582
20200525,2020-05-25,Power,0.0209049
20200525,2020-05-25,Residential,0.00506464
20200526,2020-05-26,Domestic Aviation,7.91977e-05
20200526,2020-05-26,Ground Transport,0.0316509
20200526,2020-05-26,Industry,0.0208215
20200526,2020-05-26,International Aviation,0.00107471
20200526,2020-05-26,Power,0.014939
20200526,2020-05-26,Residential,0.00326277
20200527,2020-05-27,Domestic Aviation,9.66059e-05
20200527,2020-05-27,Ground Transport,0.0300401
20200527,2020-05-27,Industry,0.0202728
20200527,2020-05-27,International Aviation,0.00117849
20200527,2020-05-27,Power,0.0145453
20200527,2020-05-27,Residential,0.00446964
20200528,2020-05-28,Domestic Aviation,9.2335e-05
20200528,2020-05-28,Ground Transport,0.0302431
20200528,2020-05-28,Industry,0.0210815
20200528,2020-05-28,International Aviation,0.00159255
20200528,2020-05-28,Power,0.0151256
20200528,2020-05-28,Residential,0.00631989
20200529,2020-05-29,Domestic Aviation,9.50038e-05
20200529,2020-05-29,Ground Transport,0.0311237
20200529,2020-05-29,Industry,0.0202265
20200529,2020-05-29,International Aviation,0.00160608
20200529,2020-05-29,Power,0.0145121
20200529,2020-05-29,Residential,0.00661787
20200530,2020-05-30,Domestic Aviation,6.16489e-05
20200530,2020-05-30,Ground Transport,0.0239939
20200530,2020-05-30,Industry,0.0157299
20200530,2020-05-30,International Aviation,0.00108329
20200530,2020-05-30,Power,0.0112859
20200530,2020-05-30,Residential,0.00448449
20200531,2020-05-31,Domestic Aviation,5.37277e-05
20200531,2020-05-31,Ground Transport,0.0198146
20200531,2020-05-31,Industry,0.0150926
20200531,2020-05-31,International Aviation,0.00121999
20200531,2020-05-31,Power,0.0108286
20200531,2020-05-31,Residential,0.00346712
20200601,2020-06-01,Domestic Aviation,7.94154e-05
20200601,2020-06-01,Ground Transport,0.0292704
20200601,2020-06-01,Industry,0.028002
20200601,2020-06-01,International Aviation,0.00115447
20200601,2020-06-01,Power,0.0147187
20200601,2020-06-01,Residential,0.00309428
20200602,2020-06-02,Domestic Aviation,9.04502e-05
20200602,2020-06-02,Ground Transport,0.0316509
20200602,2020-06-02,Industry,0.0304886
20200602,2020-06-02,International Aviation,0.000786224
20200602,2020-06-02,Power,0.0160257
20200602,2020-06-02,Residential,0.00385109
20200603,2020-06-03,Domestic Aviation,8.63086e-05
20200603,2020-06-03,Ground Transport,0.0300401
20200603,2020-06-03,Industry,0.0301937
20200603,2020-06-03,International Aviation,0.0011401
20200603,2020-06-03,Power,0.0158707
20200603,2020-06-03,Residential,0.00397662
20200604,2020-06-04,Domestic Aviation,9.37045e-05
20200604,2020-06-04,Ground Transport,0.0302431
20200604,2020-06-04,Industry,0.0398372
20200604,2020-06-04,International Aviation,0.00148917
20200604,2020-06-04,Power,0.0209396
20200604,2020-06-04,Residential,0.00308845
20200605,2020-06-05,Domestic Aviation,6.44857e-05
20200605,2020-06-05,Ground Transport,0.0311237
20200605,2020-06-05,Industry,0.0265011
20200605,2020-06-05,International Aviation,0.00128432
20200605,2020-06-05,Power,0.0139298
20200605,2020-06-05,Residential,0.00480723
20200606,2020-06-06,Domestic Aviation,7.54492e-05
20200606,2020-06-06,Ground Transport,0.0239939
20200606,2020-06-06,Industry,0.0178214
20200606,2020-06-06,International Aviation,0.00192889
20200606,2020-06-06,Power,0.00936742
20200606,2020-06-06,Residential,0.00465173
20200607,2020-06-07,Domestic Aviation,6.55593e-05
20200607,2020-06-07,Ground Transport,0.0198146
20200607,2020-06-07,Industry,0.0176228
20200607,2020-06-07,International Aviation,0.000914745
20200607,2020-06-07,Power,0.00926305
20200607,2020-06-07,Residential,0.00405113
20200608,2020-06-08,Domestic Aviation,7.04243e-05
20200608,2020-06-08,Ground Transport,0.0292704
20200608,2020-06-08,Industry,0.0283288
20200608,2020-06-08,International Aviation,0.00109716
20200608,2020-06-08,Power,0.0148904
20200608,2020-06-08,Residential,0.00369183
20200609,2020-06-09,Domestic Aviation,9.68126e-05
20200609,2020-06-09,Ground Transport,0.0316509
20200609,2020-06-09,Industry,0.0290672
20200609,2020-06-09,International Aviation,0.000766978
20200609,2020-06-09,Power,0.0152786
20200609,2020-06-09,Residential,0.00320759
20200610,2020-06-10,Domestic Aviation,6.8765e-05
20200610,2020-06-10,Ground Transport,0.0300401
20200610,2020-06-10,Industry,0.0301202
20200610,2020-06-10,International Aviation,0.00144919
20200610,2020-06-10,Power,0.0158321
20200610,2020-06-10,Residential,0.00172794
20200611,2020-06-11,Domestic Aviation,7.00445e-05
20200611,2020-06-11,Ground Transport,0.0302431
20200611,2020-06-11,Industry,0.0272576
20200611,2020-06-11,International Aviation,0.00110091
20200611,2020-06-11,Power,0.0143274
20200611,2020-06-11,Residential,0.00129779
20200612,2020-06-12,Domestic Aviation,8.03582e-05
20200612,2020-06-12,Ground Transport,0.0311237
20200612,2020-06-12,Industry,0.02448
20200612,2020-06-12,International Aviation,0.00197814
20200612,2020-06-12,Power,0.0128674
20200612,2020-06-12,Residential,0.000941733
20200613,2020-06-13,Domestic Aviation,8.70326e-05
20200613,2020-06-13,Ground Transport,0.0239939
20200613,2020-06-13,Industry,0.0196658
20200613,2020-06-13,International Aviation,0.000616715
20200613,2020-06-13,Power,0.0103369
20200613,2020-06-13,Residential,0.000288105
20200614,2020-06-14,Domestic Aviation,7.94429e-05
20200614,2020-06-14,Ground Transport,0.0198146
20200614,2020-06-14,Industry,0.0195129
20200614,2020-06-14,International Aviation,0.00108245
20200614,2020-06-14,Power,0.0102565
20200614,2020-06-14,Residential,0.00015129
20200615,2020-06-15,Domestic Aviation,8.52399e-05
20200615,2020-06-15,Ground Transport,0.0292704
20200615,2020-06-15,Industry,0.0220448
20200615,2020-06-15,International Aviation,0.000937591
20200615,2020-06-15,Power,0.0115874
20200615,2020-06-15,Residential,0.000146694
20200616,2020-06-16,Domestic Aviation,0.0001088
20200616,2020-06-16,Ground Transport,0.0316509
20200616,2020-06-16,Industry,0.0208069
20200616,2020-06-16,International Aviation,0.000792062
20200616,2020-06-16,Power,0.0109367
20200616,2020-06-16,Residential,0.000426925
20200617,2020-06-17,Domestic Aviation,0.000100931
20200617,2020-06-17,Ground Transport,0.0300401
20200617,2020-06-17,Industry,0.0362063
20200617,2020-06-17,International Aviation,0.00123426
20200617,2020-06-17,Power,0.0190311
20200617,2020-06-17,Residential,0.000112659
20200618,2020-06-18,Domestic Aviation,0.000101271
20200618,2020-06-18,Ground Transport,0.0302431
20200618,2020-06-18,Industry,0.0296855
20200618,2020-06-18,International Aviation,0.00142825
20200618,2020-06-18,Power,0.0156036
20200618,2020-06-18,Residential,0.000571008
20200619,2020-06-19,Domestic Aviation,0.000108946
20200619,2020-06-19,Ground Transport,0.0311237
20200619,2020-06-19,Industry,0.0176247
20200619,2020-06-19,International Aviation,0.00162541
20200619,2020-06-19,Power,0.00926402
20200619,2020-06-19,Residential,0.000393585
20200620,2020-06-20,Domestic Aviation,8.56278e-05
20200620,2020-06-20,Ground Transport,0.0239939
20200620,2020-06-20,Industry,0.0173329
20200620,2020-06-20,International Aviation,0.000812773
20200620,2020-06-20,Power,0.00911068
20200620,2020-06-20,Residential,0.000736701
20200621,2020-06-21,Domestic Aviation,7.77242e-05
20200621,2020-06-21,Ground Transport,0.0198146
20200621,2020-06-21,Industry,0.0180217
20200621,2020-06-21,International Aviation,0.00115583
20200621,2020-06-21,Power,0.0094727
20200621,2020-06-21,Residential,0.000663632
20200622,2020-06-22,Domestic Aviation,8.89138e-05
20200622,2020-06-22,Ground Transport,0.0292704
20200622,2020-06-22,Industry,0.0391144
20200622,2020-06-22,International Aviation,0.000829516
20200622,2020-06-22,Power,0.0205596
20200622,2020-06-22,Residential,0.000280229
20200623,2020-06-23,Domestic Aviation,0.000100803
20200623,2020-06-23,Ground Transport,0.0316509
20200623,2020-06-23,Industry,0.0480499
20200623,2020-06-23,International Aviation,0.000872679
20200623,2020-06-23,Power,0.0252564
20200623,2020-06-23,Residential,4.16416e-05
20200624,2020-06-24,Domestic Aviation,9.90203e-05
20200624,2020-06-24,Ground Transport,0.0300401
20200624,2020-06-24,Industry,0.0566385
20200624,2020-06-24,International Aviation,0.000878674
20200624,2020-06-24,Power,0.0297708
20200624,2020-06-24,Residential,2.86269e-05
20200625,2020-06-25,Domestic Aviation,9.22896e-05
20200625,2020-06-25,Ground Transport,0.0302431
20200625,2020-06-25,Industry,0.0705586
20200625,2020-06-25,International Aviation,0.00162635
20200625,2020-06-25,Power,0.0370876
20200625,2020-06-25,Residential,1.13535e-05
20200626,2020-06-26,Domestic Aviation,0.000106469
20200626,2020-06-26,Ground Transport,0.0311237
20200626,2020-06-26,Industry,0.0696156
20200626,2020-06-26,International Aviation,0.00118908
20200626,2020-06-26,Power,0.036592
20200626,2020-06-26,Residential,4.42573e-05
20200627,2020-06-27,Domestic Aviation,7.14976e-05
20200627,2020-06-27,Ground Transport,0.0239939
20200627,2020-06-27,Industry,0.0535812
20200627,2020-06-27,International Aviation,0.00114797
20200627,2020-06-27,Power,0.0281638
20200627,2020-06-27,Residential,0.0004097
20200628,2020-06-28,Domestic Aviation,6.0889e-05
20200628,2020-06-28,Ground Transport,0.0198146
20200628,2020-06-28,Industry,0.0489991
20200628,2020-06-28,International Aviation,0.00121446
20200628,2020-06-28,Power,0.0257553
20200628,2020-06-28,Residential,0.000641612
20200629,2020-06-29,Domestic Aviation,7.77384e-05
20200629,2020-06-29,Ground Transport,0.0292704
20200629,2020-06-29,Industry,0.051741
20200629,2020-06-29,International Aviation,0.000803754
20200629,2020-06-29,Power,0.0271966
20200629,2020-06-29,Residential,0.000421373
20200630,2020-06-30,Domestic Aviation,8.35042e-05
20200630,2020-06-30,Ground Transport,0.0316509
20200630,2020-06-30,Industry,0.0385686
20200630,2020-06-30,International Aviation,0.000764642
20200630,2020-06-30,Power,0.0202728
20200630,2020-06-30,Residential,0.00301818
20200701,2020-07-01,Domestic Aviation,0.000144487
20200701,2020-07-01,Ground Transport,0.0300401
20200701,2020-07-01,Industry,0.0277272
20200701,2020-07-01,International Aviation,0.00142942
20200701,2020-07-01,Power,0.00787535
20200701,2020-07-01,Residential,0.00383253
20200702,2020-07-02,Domestic Aviation,0.000141389
20200702,2020-07-02,Ground Transport,0.0302431
20200702,2020-07-02,Industry,0.0269033
20200702,2020-07-02,International Aviation,0.00140253
20200702,2020-07-02,Power,0.00764133
20200702,2020-07-02,Residential,0.00372611
20200703,2020-07-03,Domestic Aviation,0.000138309
20200703,2020-07-03,Ground Transport,0.0311237
20200703,2020-07-03,Industry,0.0356641
20200703,2020-07-03,International Aviation,0.0014504
20200703,2020-07-03,Power,0.0101296
20200703,2020-07-03,Residential,0.00339741
20200704,2020-07-04,Domestic Aviation,0.000116743
20200704,2020-07-04,Ground Transport,0.0239939
20200704,2020-07-04,Industry,0.0314622
20200704,2020-07-04,International Aviation,0.00153384
20200704,2020-07-04,Power,0.00893618
20200704,2020-07-04,Residential,0.00428587
20200705,2020-07-05,Domestic Aviation,0.000126781
20200705,2020-07-05,Ground Transport,0.0198146
20200705,2020-07-05,Industry,0.0283942
20200705,2020-07-05,International Aviation,0.00103884
20200705,2020-07-05,Power,0.00806478
20200705,2020-07-05,Residential,0.0039708
20200706,2020-07-06,Domestic Aviation,0.00015343
20200706,2020-07-06,Ground Transport,0.0292704
20200706,2020-07-06,Industry,0.0302485
20200706,2020-07-06,International Aviation,0.000796458
20200706,2020-07-06,Power,0.00859146
20200706,2020-07-06,Residential,0.00337726
20200707,2020-07-07,Domestic Aviation,0.000141316
20200707,2020-07-07,Ground Transport,0.0316509
20200707,2020-07-07,Industry,0.0332453
20200707,2020-07-07,International Aviation,0.00114784
20200707,2020-07-07,Power,0.00944264
20200707,2020-07-07,Residential,0.00406508
20200708,2020-07-08,Domestic Aviation,0.000142547
20200708,2020-07-08,Ground Transport,0.0300401
20200708,2020-07-08,Industry,0.0343101
20200708,2020-07-08,International Aviation,0.00137552
20200708,2020-07-08,Power,0.00974506
20200708,2020-07-08,Residential,0.00459281
20200709,2020-07-09,Domestic Aviation,0.000139025
20200709,2020-07-09,Ground Transport,0.0302431
20200709,2020-07-09,Industry,0.0359932
20200709,2020-07-09,International Aviation,0.00143847
20200709,2020-07-09,Power,0.0102231
20200709,2020-07-09,Residential,0.00558544
20200710,2020-07-10,Domestic Aviation,0.000143947
20200710,2020-07-10,Ground Transport,0.0311237
20200710,2020-07-10,Industry,0.0324857
20200710,2020-07-10,International Aviation,0.00121932
20200710,2020-07-10,Power,0.00922689
20200710,2020-07-10,Residential,0.00453075
20200711,2020-07-11,Domestic Aviation,0.000106696
20200711,2020-07-11,Ground Transport,0.0239939
20200711,2020-07-11,Industry,0.0301219
20200711,2020-07-11,International Aviation,0.00167897
20200711,2020-07-11,Power,0.00855551
20200711,2020-07-11,Residential,0.00505793
20200712,2020-07-12,Domestic Aviation,0.000135948
20200712,2020-07-12,Ground Transport,0.0198146
20200712,2020-07-12,Industry,0.0286732
20200712,2020-07-12,International Aviation,0.00089212
20200712,2020-07-12,Power,0.00814404
20200712,2020-07-12,Residential,0.00410094
20200713,2020-07-13,Domestic Aviation,0.000149007
20200713,2020-07-13,Ground Transport,0.0292704
20200713,2020-07-13,Industry,0.0315209
20200713,2020-07-13,International Aviation,0.000916712
20200713,2020-07-13,Power,0.00895285
20200713,2020-07-13,Residential,0.00506888
20200714,2020-07-14,Domestic Aviation,0.000139226
20200714,2020-07-14,Ground Transport,0.0316509
20200714,2020-07-14,Industry,0.0349081
20200714,2020-07-14,International Aviation,0.00137748
20200714,2020-07-14,Power,0.00991492
20200714,2020-07-14,Residential,0.00417175
20200715,2020-07-15,Domestic Aviation,0.000171787
20200715,2020-07-15,Ground Transport,0.0300401
20200715,2020-07-15,Industry,0.0346886
20200715,2020-07-15,International Aviation,0.00144911
20200715,2020-07-15,Power,0.00985257
20200715,2020-07-15,Residential,0.00193688
20200716,2020-07-16,Domestic Aviation,0.000151376
20200716,2020-07-16,Ground Transport,0.0302431
20200716,2020-07-16,Industry,0.0336501
20200716,2020-07-16,International Aviation,0.00161148
20200716,2020-07-16,Power,0.00955762
20200716,2020-07-16,Residential,0.000629732
20200717,2020-07-17,Domestic Aviation,0.000156689
20200717,2020-07-17,Ground Transport,0.0311237
20200717,2020-07-17,Industry,0.0304572
20200717,2020-07-17,International Aviation,0.0013423
20200717,2020-07-17,Power,0.00865073
20200717,2020-07-17,Residential,6.35237e-05
20200718,2020-07-18,Domestic Aviation,0.000136
20200718,2020-07-18,Ground Transport,0.0239939
20200718,2020-07-18,Industry,0.0246223
20200718,2020-07-18,International Aviation,0.00192746
20200718,2020-07-18,Power,0.00699346
20200718,2020-07-18,Residential,1.35481e-05
20200719,2020-07-19,Domestic Aviation,0.000148184
20200719,2020-07-19,Ground Transport,0.0198146
20200719,2020-07-19,Industry,0.0232075
20200719,2020-07-19,International Aviation,0.00131369
20200719,2020-07-19,Power,0.00659161
20200719,2020-07-19,Residential,8.8453e-06
20200720,2020-07-20,Domestic Aviation,0.000151772
20200720,2020-07-20,Ground Transport,0.0292704
20200720,2020-07-20,Industry,0.0257027
20200720,2020-07-20,International Aviation,0.000879796
20200720,2020-07-20,Power,0.00730033
20200720,2020-07-20,Residential,2.23452e-06
20200721,2020-07-21,Domestic Aviation,0.00015147
20200721,2020-07-21,Ground Transport,0.0316509
20200721,2020-07-21,Industry,0.0266551
20200721,2020-07-21,International Aviation,0.00159885
20200721,2020-07-21,Power,0.00757082
20200721,2020-07-21,Residential,0.00044834
20200722,2020-07-22,Domestic Aviation,0.000175567
20200722,2020-07-22,Ground Transport,0.0300401
20200722,2020-07-22,Industry,0.026194
20200722,2020-07-22,International Aviation,0.0010882
20200722,2020-07-22,Power,0.00743985
20200722,2020-07-22,Residential,0.00337587
20200723,2020-07-23,Domestic Aviation,0.000155373
20200723,2020-07-23,Ground Transport,0.0302431
20200723,2020-07-23,Industry,0.0264113
20200723,2020-07-23,International Aviation,0.00172845
20200723,2020-07-23,Power,0.00750159
20200723,2020-07-23,Residential,0.00509766
20200724,2020-07-24,Domestic Aviation,0.000135463
20200724,2020-07-24,Ground Transport,0.0311237
20200724,2020-07-24,Industry,0.0262225
20200724,2020-07-24,International Aviation,0.00131729
20200724,2020-07-24,Power,0.00744795
20200724,2020-07-24,Residential,0.00580916
20200725,2020-07-25,Domestic Aviation,0.000125014
20200725,2020-07-25,Ground Transport,0.0239939
20200725,2020-07-25,Industry,0.024786
20200725,2020-07-25,International Aviation,0.00200367
20200725,2020-07-25,Power,0.00703996
20200725,2020-07-25,Residential,0.00421368
20200726,2020-07-26,Domestic Aviation,0.000142817
20200726,2020-07-26,Ground Transport,0.0198146
20200726,2020-07-26,Industry,0.0254555
20200726,2020-07-26,International Aviation,0.00129019
20200726,2020-07-26,Power,0.0072301
20200726,2020-07-26,Residential,0.00197951
20200727,2020-07-27,Domestic Aviation,0.000160487
20200727,2020-07-27,Ground Transport,0.0292704
20200727,2020-07-27,Industry,0.0247601
20200727,2020-07-27,International Aviation,0.000755783
20200727,2020-07-27,Power,0.0070326
20200727,2020-07-27,Residential,0.000199662
20200728,2020-07-28,Domestic Aviation,0.000128871
20200728,2020-07-28,Ground Transport,0.0316509
20200728,2020-07-28,Industry,0.02581
20200728,2020-07-28,International Aviation,0.00142903
20200728,2020-07-28,Power,0.00733081
20200728,2020-07-28,Residential,0.000706283
20200729,2020-07-29,Domestic Aviation,0.00013902
20200729,2020-07-29,Ground Transport,0.0300401
20200729,2020-07-29,Industry,0.0249825
20200729,2020-07-29,International Aviation,0.000977709
20200729,2020-07-29,Power,0.00709576
20200729,2020-07-29,Residential,0.00189986
20200730,2020-07-30,Domestic Aviation,0.000170105
20200730,2020-07-30,Ground Transport,0.0302431
20200730,2020-07-30,Industry,0.0251707
20200730,2020-07-30,International Aviation,0.00151638
20200730,2020-07-30,Power,0.00714921
20200730,2020-07-30,Residential,0.00275244
20200731,2020-07-31,Domestic Aviation,0.00014791
20200731,2020-07-31,Ground Transport,0.0311237
20200731,2020-07-31,Industry,0.0253397
20200731,2020-07-31,International Aviation,0.00180673
20200731,2020-07-31,Power,0.00719723
20200731,2020-07-31,Residential,0.0023161
20200801,2020-08-01,Domestic Aviation,0.000136046
20200801,2020-08-01,Ground Transport,0.0239939
20200801,2020-08-01,Industry,0.011142
20200801,2020-08-01,International Aviation,0.0018992
20200801,2020-08-01,Power,0.00560522
20200801,2020-08-01,Residential,0.00243305
20200802,2020-08-02,Domestic Aviation,0.000167393
20200802,2020-08-02,Ground Transport,0.0198146
20200802,2020-08-02,Industry,0.0116822
20200802,2020-08-02,International Aviation,0.00158539
20200802,2020-08-02,Power,0.00587696
20200802,2020-08-02,Residential,0.00255545
20200803,2020-08-03,Domestic Aviation,0.000180681
20200803,2020-08-03,Ground Transport,0.0292704
20200803,2020-08-03,Industry,0.013008
20200803,2020-08-03,International Aviation,0.00101223
20200803,2020-08-03,Power,0.00654395
20200803,2020-08-03,Residential,0.00208093
20200804,2020-08-04,Domestic Aviation,0.000183913
20200804,2020-08-04,Ground Transport,0.0316509
20200804,2020-08-04,Industry,0.0126388
20200804,2020-08-04,International Aviation,0.00149819
20200804,2020-08-04,Power,0.00635821
20200804,2020-08-04,Residential,0.00206136
20200805,2020-08-05,Domestic Aviation,0.00017593
20200805,2020-08-05,Ground Transport,0.0300401
20200805,2020-08-05,Industry,0.024441
20200805,2020-08-05,International Aviation,0.00157321
20200805,2020-08-05,Power,0.0122955
20200805,2020-08-05,Residential,0.00203805
20200806,2020-08-06,Domestic Aviation,0.000165619
20200806,2020-08-06,Ground Transport,0.0302431
20200806,2020-08-06,Industry,0.0292983
20200806,2020-08-06,International Aviation,0.00210311
20200806,2020-08-06,Power,0.0147391
20200806,2020-08-06,Residential,0.00183059
20200807,2020-08-07,Domestic Aviation,0.000200096
20200807,2020-08-07,Ground Transport,0.0311237
20200807,2020-08-07,Industry,0.030072
20200807,2020-08-07,International Aviation,0.00187375
20200807,2020-08-07,Power,0.0151283
20200807,2020-08-07,Residential,0.000125449
20200808,2020-08-08,Domestic Aviation,0.000137714
20200808,2020-08-08,Ground Transport,0.0239939
20200808,2020-08-08,Industry,0.0158162
20200808,2020-08-08,International Aviation,0.00202392
20200808,2020-08-08,Power,0.00795666
20200808,2020-08-08,Residential,8.82478e-06
20200809,2020-08-09,Domestic Aviation,0.000197251
20200809,2020-08-09,Ground Transport,0.0198146
20200809,2020-08-09,Industry,0.01504
20200809,2020-08-09,International Aviation,0.00173046
20200809,2020-08-09,Power,0.0075662
20200809,2020-08-09,Residential,0.000133492
20200810,2020-08-10,Domestic Aviation,0.000181942
20200810,2020-08-10,Ground Transport,0.0292704
20200810,2020-08-10,Industry,0.0278176
20200810,2020-08-10,International Aviation,0.00116549
20200810,2020-08-10,Power,0.0139942
20200810,2020-08-10,Residential,0.00230775
20200811,2020-08-11,Domestic Aviation,0.000183745
20200811,2020-08-11,Ground Transport,0.0316509
20200811,2020-08-11,Industry,0.0302359
20200811,2020-08-11,International Aviation,0.00144578
20200811,2020-08-11,Power,0.0152108
20200811,2020-08-11,Residential,0.00407522
20200812,2020-08-12,Domestic Aviation,0.000177659
20200812,2020-08-12,Ground Transport,0.0300401
20200812,2020-08-12,Industry,0.0358176
20200812,2020-08-12,International Aviation,0.00173459
20200812,2020-08-12,Power,0.0180188
20200812,2020-08-12,Residential,0.00406638
20200813,2020-08-13,Domestic Aviation,0.000175844
20200813,2020-08-13,Ground Transport,0.0302431
20200813,2020-08-13,Industry,0.0396438
20200813,2020-08-13,International Aviation,0.00162302
20200813,2020-08-13,Power,0.0199436
20200813,2020-08-13,Residential,0.00359766
20200814,2020-08-14,Domestic Aviation,0.000215539
20200814,2020-08-14,Ground Transport,0.0311237
20200814,2020-08-14,Industry,0.0378365
20200814,2020-08-14,International Aviation,0.0017527
20200814,2020-08-14,Power,0.0190344
20200814,2020-08-14,Residential,0.00235207
20200815,2020-08-15,Domestic Aviation,0.000151771
20200815,2020-08-15,Ground Transport,0.0239939
20200815,2020-08-15,Industry,0.0193905
20200815,2020-08-15,International Aviation,0.00166667
20200815,2020-08-15,Power,0.00975477
20200815,2020-08-15,Residential,0.000258821
20200816,2020-08-16,Domestic Aviation,0.000205233
20200816,2020-08-16,Ground Transport,0.0198146
20200816,2020-08-16,Industry,0.0172754
20200816,2020-08-16,International Aviation,0.00169587
20200816,2020-08-16,Power,0.00869074
20200816,2020-08-16,Residential,0.00173957
20200817,2020-08-17,Domestic Aviation,0.000180217
20200817,2020-08-17,Ground Transport,0.0292704
20200817,2020-08-17,Industry,0.0402572
20200817,2020-08-17,International Aviation,0.000968805
20200817,2020-08-17,Power,0.0202522
20200817,2020-08-17,Residential,0.00441553
20200818,2020-08-18,Domestic Aviation,0.000169204
20200818,2020-08-18,Ground Transport,0.0316509
20200818,2020-08-18,Industry,0.0451429
20200818,2020-08-18,International Aviation,0.00158986
20200818,2020-08-18,Power,0.0227101
20200818,2020-08-18,Residential,0.00301472
20200819,2020-08-19,Domestic Aviation,0.000165084
20200819,2020-08-19,Ground Transport,0.0300401
20200819,2020-08-19,Industry,0.0424703
20200819,2020-08-19,International Aviation,0.00166262
20200819,2020-08-19,Power,0.0213655
20200819,2020-08-19,Residential,0.000598973
20200820,2020-08-20,Domestic Aviation,0.000187774
20200820,2020-08-20,Ground Transport,0.0302431
20200820,2020-08-20,Industry,0.041182
20200820,2020-08-20,International Aviation,0.0015436
20200820,2020-08-20,Power,0.0207174
20200820,2020-08-20,Residential,0.000248642
20200821,2020-08-21,Domestic Aviation,0.000199139
20200821,2020-08-21,Ground Transport,0.0311237
20200821,2020-08-21,Industry,0.0394775
20200821,2020-08-21,International Aviation,0.00188126
20200821,2020-08-21,Power,0.0198599
20200821,2020-08-21,Residential,7.44505e-05
20200822,2020-08-22,Domestic Aviation,0.000130888
20200822,2020-08-22,Ground Transport,0.0239939
20200822,2020-08-22,Industry,0.0175234
20200822,2020-08-22,International Aviation,0.00173211
20200822,2020-08-22,Power,0.00881548
20200822,2020-08-22,Residential,0.000556391
20200823,2020-08-23,Domestic Aviation,0.000189688
20200823,2020-08-23,Ground Transport,0.0198146
20200823,2020-08-23,Industry,0.0180853
20200823,2020-08-23,International Aviation,0.00168975
20200823,2020-08-23,Power,0.00909815
20200823,2020-08-23,Residential,0.000619252
20200824,2020-08-24,Domestic Aviation,0.000181122
20200824,2020-08-24,Ground Transport,0.0292704
20200824,2020-08-24,Industry,0.0436001
20200824,2020-08-24,International Aviation,0.00119025
20200824,2020-08-24,Power,0.0219339
20200824,2020-08-24,Residential,0.00365499
20200825,2020-08-25,Domestic Aviation,0.000183739
20200825,2020-08-25,Ground Transport,0.0316509
20200825,2020-08-25,Industry,0.0465575
20200825,2020-08-25,International Aviation,0.00114276
20200825,2020-08-25,Power,0.0234217
20200825,2020-08-25,Residential,0.00552661
20200826,2020-08-26,Domestic Aviation,0.000196442
20200826,2020-08-26,Ground Transport,0.0300401
20200826,2020-08-26,Industry,0.0451869
20200826,2020-08-26,International Aviation,0.00178937
20200826,2020-08-26,Power,0.0227322
20200826,2020-08-26,Residential,0.00598459
20200827,2020-08-27,Domestic Aviation,0.000190613
20200827,2020-08-27,Ground Transport,0.0302431
20200827,2020-08-27,Industry,0.0481267
20200827,2020-08-27,International Aviation,0.00186733
20200827,2020-08-27,Power,0.0242111
20200827,2020-08-27,Residential,0.00668858
20200828,2020-08-28,Domestic Aviation,0.000242777
20200828,2020-08-28,Ground Transport,0.0311237
20200828,2020-08-28,Industry,0.0468879
20200828,2020-08-28,International Aviation,0.00204139
20200828,2020-08-28,Power,0.0235879
20200828,2020-08-28,Residential,0.00669499
20200829,2020-08-29,Domestic Aviation,0.000134222
20200829,2020-08-29,Ground Transport,0.0239939
20200829,2020-08-29,Industry,0.0274014
20200829,2020-08-29,International Aviation,0.00151879
20200829,2020-08-29,Power,0.0137848
20200829,2020-08-29,Residential,0.00578366
20200830,2020-08-30,Domestic Aviation,0.000199094
20200830,2020-08-30,Ground Transport,0.0198146
20200830,2020-08-30,Industry,0.026071
20200830,2020-08-30,International Aviation,0.00158552
20200830,2020-08-30,Power,0.0131155
20200830,2020-08-30,Residential,0.00579215
20200831,2020-08-31,Domestic Aviation,0.000191847
20200831,2020-08-31,Ground Transport,0.0292704
20200831,2020-08-31,Industry,0.053018
20200831,2020-08-31,International Aviation,0.000980612
20200831,2020-08-31,Power,0.0266718
20200831,2020-08-31,Residential,0.00593712
20200901,2020-09-01,Domestic Aviation,0.000168964
20200901,2020-09-01,Ground Transport,0.0316509
20200901,2020-09-01,Industry,0.0456137
20200901,2020-09-01,International Aviation,0.00107764
20200901,2020-09-01,Power,0.0310553
20200901,2020-09-01,Residential,0.00641695
20200902,2020-09-02,Domestic Aviation,0.000168021
20200902,2020-09-02,Ground Transport,0.0300401
20200902,2020-09-02,Industry,0.0445624
20200902,2020-09-02,International Aviation,0.00134636
20200902,2020-09-02,Power,0.0303395
20200902,2020-09-02,Residential,0.0057657
20200903,2020-09-03,Domestic Aviation,0.000208873
20200903,2020-09-03,Ground Transport,0.0302431
20200903,2020-09-03,Industry,0.0447013
20200903,2020-09-03,International Aviation,0.00170531
20200903,2020-09-03,Power,0.0304341
20200903,2020-09-03,Residential,0.0037198
20200904,2020-09-04,Domestic Aviation,0.000231104
20200904,2020-09-04,Ground Transport,0.0311237
20200904,2020-09-04,Industry,0.0340641
20200904,2020-09-04,International Aviation,0.001536
20200904,2020-09-04,Power,0.0231919
20200904,2020-09-04,Residential,0.00255474
20200905,2020-09-05,Domestic Aviation,0.000154612
20200905,2020-09-05,Ground Transport,0.0239939
20200905,2020-09-05,Industry,0.0231604
20200905,2020-09-05,International Aviation,0.00174053
20200905,2020-09-05,Power,0.0157684
20200905,2020-09-05,Residential,0.00389735
20200906,2020-09-06,Domestic Aviation,0.000216265
20200906,2020-09-06,Ground Transport,0.0198146
20200906,2020-09-06,Industry,0.0251567
20200906,2020-09-06,International Aviation,0.00106115
20200906,2020-09-06,Power,0.0171275
20200906,2020-09-06,Residential,0.00564234
20200907,2020-09-07,Domestic Aviation,0.000195365
20200907,2020-09-07,Ground Transport,0.0292704
20200907,2020-09-07,Industry,0.0375518
20200907,2020-09-07,International Aviation,0.000864831
20200907,2020-09-07,Power,0.0255665
20200907,2020-09-07,Residential,0.00667718
20200908,2020-09-08,Domestic Aviation,0.000185615
20200908,2020-09-08,Ground Transport,0.0316509
20200908,2020-09-08,Industry,0.0370317
20200908,2020-09-08,International Aviation,0.00108509
20200908,2020-09-08,Power,0.0252124
20200908,2020-09-08,Residential,0.00709321
20200909,2020-09-09,Domestic Aviation,0.000192694
20200909,2020-09-09,Ground Transport,0.0300401
20200909,2020-09-09,Industry,0.0377864
20200909,2020-09-09,International Aviation,0.00182911
20200909,2020-09-09,Power,0.0257262
20200909,2020-09-09,Residential,0.00618909
20200910,2020-09-10,Domestic Aviation,0.000199559
20200910,2020-09-10,Ground Transport,0.0302431
20200910,2020-09-10,Industry,0.0373923
20200910,2020-09-10,International Aviation,0.0015394
20200910,2020-09-10,Power,0.0254579
20200910,2020-09-10,Residential,0.00726514
20200911,2020-09-11,Domestic Aviation,0.000222463
20200911,2020-09-11,Ground Transport,0.0311237
20200911,2020-09-11,Industry,0.0391132
20200911,2020-09-11,International Aviation,0.00154992
20200911,2020-09-11,Power,0.0266296
20200911,2020-09-11,Residential,0.00820868
20200912,2020-09-12,Domestic Aviation,0.00014707
20200912,2020-09-12,Ground Transport,0.0239939
20200912,2020-09-12,Industry,0.0269211
20200912,2020-09-12,International Aviation,0.0016161
20200912,2020-09-12,Power,0.0183288
20200912,2020-09-12,Residential,0.00650306
20200913,2020-09-13,Domestic Aviation,0.000212619
20200913,2020-09-13,Ground Transport,0.0198146
20200913,2020-09-13,Industry,0.0215388
20200913,2020-09-13,International Aviation,0.00137381
20200913,2020-09-13,Power,0.0146643
20200913,2020-09-13,Residential,0.00667756
20200914,2020-09-14,Domestic Aviation,0.00020006
20200914,2020-09-14,Ground Transport,0.0292704
20200914,2020-09-14,Industry,0.0331158
20200914,2020-09-14,International Aviation,0.000637839
20200914,2020-09-14,Power,0.0225464
20200914,2020-09-14,Residential,0.00708356
20200915,2020-09-15,Domestic Aviation,0.000211501
20200915,2020-09-15,Ground Transport,0.0316509
20200915,2020-09-15,Industry,0.0384978
20200915,2020-09-15,International Aviation,0.00119658
20200915,2020-09-15,Power,0.0262106
20200915,2020-09-15,Residential,0.007739
20200916,2020-09-16,Domestic Aviation,0.00015058
20200916,2020-09-16,Ground Transport,0.0300401
20200916,2020-09-16,Industry,0.0324357
20200916,2020-09-16,International Aviation,0.00137679
20200916,2020-09-16,Power,0.0220833
20200916,2020-09-16,Residential,0.00743227
20200917,2020-09-17,Domestic Aviation,0.000190355
20200917,2020-09-17,Ground Transport,0.0302431
20200917,2020-09-17,Industry,0.0288039
20200917,2020-09-17,International Aviation,0.0014466
20200917,2020-09-17,Power,0.0196107
20200917,2020-09-17,Residential,0.0101055
20200918,2020-09-18,Domestic Aviation,0.000237745
20200918,2020-09-18,Ground Transport,0.0311237
20200918,2020-09-18,Industry,0.0269489
20200918,2020-09-18,International Aviation,0.0018072
20200918,2020-09-18,Power,0.0183477
20200918,2020-09-18,Residential,0.00857477
20200919,2020-09-19,Domestic Aviation,0.000195392
20200919,2020-09-19,Ground Transport,0.0239939
20200919,2020-09-19,Industry,0.028744
20200919,2020-09-19,International Aviation,0.0014765
20200919,2020-09-19,Power,0.0195699
20200919,2020-09-19,Residential,0.00884716
20200920,2020-09-20,Domestic Aviation,0.000251755
20200920,2020-09-20,Ground Transport,0.0198146
20200920,2020-09-20,Industry,0.0281002
20200920,2020-09-20,International Aviation,0.00124207
20200920,2020-09-20,Power,0.0191315
20200920,2020-09-20,Residential,0.00893884
20200921,2020-09-21,Domestic Aviation,0.000199018
20200921,2020-09-21,Ground Transport,0.0292704
20200921,2020-09-21,Industry,0.0296776
20200921,2020-09-21,International Aviation,0.000880558
20200921,2020-09-21,Power,0.0202055
20200921,2020-09-21,Residential,0.00687863
20200922,2020-09-22,Domestic Aviation,0.000173187
20200922,2020-09-22,Ground Transport,0.0316509
20200922,2020-09-22,Industry,0.03367
20200922,2020-09-22,International Aviation,0.000897754
20200922,2020-09-22,Power,0.0229236
20200922,2020-09-22,Residential,0.00695313
20200923,2020-09-23,Domestic Aviation,0.000184442
20200923,2020-09-23,Ground Transport,0.0300401
20200923,2020-09-23,Industry,0.0378461
20200923,2020-09-23,International Aviation,0.00151776
20200923,2020-09-23,Power,0.0257669
20200923,2020-09-23,Residential,0.00603911
20200924,2020-09-24,Domestic Aviation,0.000193753
20200924,2020-09-24,Ground Transport,0.0302431
20200924,2020-09-24,Industry,0.0377506
20200924,2020-09-24,International Aviation,0.00168215
20200924,2020-09-24,Power,0.0257018
20200924,2020-09-24,Residential,0.00398326
20200925,2020-09-25,Domestic Aviation,0.000209547
20200925,2020-09-25,Ground Transport,0.0311237
20200925,2020-09-25,Industry,0.0349521
20200925,2020-09-25,International Aviation,0.00173441
20200925,2020-09-25,Power,0.0237965
20200925,2020-09-25,Residential,0.00411965
20200926,2020-09-26,Domestic Aviation,0.000153836
20200926,2020-09-26,Ground Transport,0.0239939
20200926,2020-09-26,Industry,0.0274163
20200926,2020-09-26,International Aviation,0.00155062
20200926,2020-09-26,Power,0.0186659
20200926,2020-09-26,Residential,0.00443735
20200927,2020-09-27,Domestic Aviation,0.00023668
20200927,2020-09-27,Ground Transport,0.0198146
20200927,2020-09-27,Industry,0.0270094
20200927,2020-09-27,International Aviation,0.00116517
20200927,2020-09-27,Power,0.0183889
20200927,2020-09-27,Residential,0.00439034
20200928,2020-09-28,Domestic Aviation,0.000182485
20200928,2020-09-28,Ground Transport,0.0292704
20200928,2020-09-28,Industry,0.0446134
20200928,2020-09-28,International Aviation,0.000535577
20200928,2020-09-28,Power,0.0303743
20200928,2020-09-28,Residential,0.00565253
20200929,2020-09-29,Domestic Aviation,0.000160846
20200929,2020-09-29,Ground Transport,0.0316509
20200929,2020-09-29,Industry,0.047152
20200929,2020-09-29,International Aviation,0.00112328
20200929,2020-09-29,Power,0.0321026
20200929,2020-09-29,Residential,0.0067044
20200930,2020-09-30,Domestic Aviation,0.000173552
20200930,2020-09-30,Ground Transport,0.0300401
20200930,2020-09-30,Industry,0.0458838
20200930,2020-09-30,International Aviation,0.00122364
20200930,2020-09-30,Power,0.0312392
20200930,2020-09-30,Residential,0.00665247
20201001,2020-10-01,Domestic Aviation,0.000217299
20201001,2020-10-01,Ground Transport,0.0302431
20201001,2020-10-01,Industry,0.0307588
20201001,2020-10-01,International Aviation,0.00182794
20201001,2020-10-01,Power,0.0311646
20201001,2020-10-01,Residential,0.00712834
20201002,2020-10-02,Domestic Aviation,0.000273492
20201002,2020-10-02,Ground Transport,0.0311237
20201002,2020-10-02,Industry,0.0215359
20201002,2020-10-02,International Aviation,0.00169609
20201002,2020-10-02,Power,0.02182
20201002,2020-10-02,Residential,0.00740601
20201003,2020-10-03,Domestic Aviation,0.000181456
20201003,2020-10-03,Ground Transport,0.0239939
20201003,2020-10-03,Industry,0.0164355
20201003,2020-10-03,International Aviation,0.00133672
20201003,2020-10-03,Power,0.0166523
20201003,2020-10-03,Residential,0.00702011
20201004,2020-10-04,Domestic Aviation,0.000215895
20201004,2020-10-04,Ground Transport,0.0198146
20201004,2020-10-04,Industry,0.0156293
20201004,2020-10-04,International Aviation,0.0010058
20201004,2020-10-04,Power,0.0158355
20201004,2020-10-04,Residential,0.00640118
20201005,2020-10-05,Domestic Aviation,0.000181904
20201005,2020-10-05,Ground Transport,0.0292704
20201005,2020-10-05,Industry,0.0214609
20201005,2020-10-05,International Aviation,0.000811098
20201005,2020-10-05,Power,0.021744
20201005,2020-10-05,Residential,0.00586965
20201006,2020-10-06,Domestic Aviation,0.000168183
20201006,2020-10-06,Ground Transport,0.0316509
20201006,2020-10-06,Industry,0.019995
20201006,2020-10-06,International Aviation,0.00081262
20201006,2020-10-06,Power,0.0202588
20201006,2020-10-06,Residential,0.00591534
20201007,2020-10-07,Domestic Aviation,0.000151142
20201007,2020-10-07,Ground Transport,0.0300401
20201007,2020-10-07,Industry,0.0227228
20201007,2020-10-07,International Aviation,0.00145401
20201007,2020-10-07,Power,0.0230225
20201007,2020-10-07,Residential,0.00607212
20201008,2020-10-08,Domestic Aviation,0.000178796
20201008,2020-10-08,Ground Transport,0.0302431
20201008,2020-10-08,Industry,0.0223577
20201008,2020-10-08,International Aviation,0.00121957
20201008,2020-10-08,Power,0.0226526
20201008,2020-10-08,Residential,0.00618158
20201009,2020-10-09,Domestic Aviation,0.000222351
20201009,2020-10-09,Ground Transport,0.0311237
20201009,2020-10-09,Industry,0.0233613
20201009,2020-10-09,International Aviation,0.00211643
20201009,2020-10-09,Power,0.0236695
20201009,2020-10-09,Residential,0.00722728
20201010,2020-10-10,Domestic Aviation,0.000150924
20201010,2020-10-10,Ground Transport,0.0239939
20201010,2020-10-10,Industry,0.0239283
20201010,2020-10-10,International Aviation,0.00181299
20201010,2020-10-10,Power,0.0242439
20201010,2020-10-10,Residential,0.00862995
20201011,2020-10-11,Domestic Aviation,0.000217172
20201011,2020-10-11,Ground Transport,0.0198146
20201011,2020-10-11,Industry,0.0252674
20201011,2020-10-11,International Aviation,0.00112027
20201011,2020-10-11,Power,0.0256007
20201011,2020-10-11,Residential,0.00967162
20201012,2020-10-12,Domestic Aviation,0.000193839
20201012,2020-10-12,Ground Transport,0.0292704
20201012,2020-10-12,Industry,0.0376831
20201012,2020-10-12,International Aviation,0.00089382
20201012,2020-10-12,Power,0.0381802
20201012,2020-10-12,Residential,0.0109473
20201013,2020-10-13,Domestic Aviation,0.000192374
20201013,2020-10-13,Ground Transport,0.0316509
20201013,2020-10-13,Industry,0.0420782
20201013,2020-10-13,International Aviation,0.000911692
20201013,2020-10-13,Power,0.0426333
20201013,2020-10-13,Residential,0.0117775
20201014,2020-10-14,Domestic Aviation,0.000178756
20201014,2020-10-14,Ground Transport,0.0300401
20201014,2020-10-14,Industry,0.0423921
20201014,2020-10-14,International Aviation,0.00186174
20201014,2020-10-14,Power,0.0429514
20201014,2020-10-14,Residential,0.0135828
20201015,2020-10-15,Domestic Aviation,0.000192018
20201015,2020-10-15,Ground Transport,0.0302431
20201015,2020-10-15,Industry,0.045343
20201015,2020-10-15,International Aviation,0.00100163
20201015,2020-10-15,Power,0.0459412
20201015,2020-10-15,Residential,0.0148727
20201016,2020-10-16,Domestic Aviation,0.000229055
20201016,2020-10-16,Ground Transport,0.0311237
20201016,2020-10-16,Industry,0.0488816
20201016,2020-10-16,International Aviation,0.00177081
20201016,2020-10-16,Power,0.0495265
20201016,2020-10-16,Residential,0.0155046
20201017,2020-10-17,Domestic Aviation,0.000157948
20201017,2020-10-17,Ground Transport,0.0239939
20201017,2020-10-17,Industry,0.0351936
20201017,2020-10-17,International Aviation,0.00168329
20201017,2020-10-17,Power,0.0356578
20201017,2020-10-17,Residential,0.0132308
20201018,2020-10-18,Domestic Aviation,0.000199981
20201018,2020-10-18,Ground Transport,0.0198146
20201018,2020-10-18,Industry,0.0370187
20201018,2020-10-18,International Aviation,0.00100063
20201018,2020-10-18,Power,0.0375071
20201018,2020-10-18,Residential,0.0158214
20201019,2020-10-19,Domestic Aviation,0.000193521
20201019,2020-10-19,Ground Transport,0.0292704
20201019,2020-10-19,Industry,0.0507591
20201019,2020-10-19,International Aviation,0.00111898
20201019,2020-10-19,Power,0.0514288
20201019,2020-10-19,Residential,0.0171332
20201020,2020-10-20,Domestic Aviation,0.000157579
20201020,2020-10-20,Ground Transport,0.0316509
20201020,2020-10-20,Industry,0.0533141
20201020,2020-10-20,International Aviation,0.000917637
20201020,2020-10-20,Power,0.0540174
20201020,2020-10-20,Residential,0.0182316
20201021,2020-10-21,Domestic Aviation,0.000142949
20201021,2020-10-21,Ground Transport,0.0300401
20201021,2020-10-21,Industry,0.0487377
20201021,2020-10-21,International Aviation,0.00163612
20201021,2020-10-21,Power,0.0493806
20201021,2020-10-21,Residential,0.0158028
20201022,2020-10-22,Domestic Aviation,0.000167187
20201022,2020-10-22,Ground Transport,0.0302431
20201022,2020-10-22,Industry,0.0451431
20201022,2020-10-22,International Aviation,0.0013682
20201022,2020-10-22,Power,0.0457386
20201022,2020-10-22,Residential,0.0114007
20201023,2020-10-23,Domestic Aviation,0.00021294
20201023,2020-10-23,Ground Transport,0.0311237
20201023,2020-10-23,Industry,0.0446614
20201023,2020-10-23,International Aviation,0.00174452
20201023,2020-10-23,Power,0.0452506
20201023,2020-10-23,Residential,0.0142956
20201024,2020-10-24,Domestic Aviation,0.000154686
20201024,2020-10-24,Ground Transport,0.0239939
20201024,2020-10-24,Industry,0.0371095
20201024,2020-10-24,International Aviation,0.00151532
20201024,2020-10-24,Power,0.0375991
20201024,2020-10-24,Residential,0.0165365
20201025,2020-10-25,Domestic Aviation,0.000196752
20201025,2020-10-25,Ground Transport,0.0198146
20201025,2020-10-25,Industry,0.0342879
20201025,2020-10-25,International Aviation,0.000834728
20201025,2020-10-25,Power,0.0347402
20201025,2020-10-25,Residential,0.0154029
20201026,2020-10-26,Domestic Aviation,0.000166426
20201026,2020-10-26,Ground Transport,0.0292704
20201026,2020-10-26,Industry,0.0360012
20201026,2020-10-26,International Aviation,0.00113194
20201026,2020-10-26,Power,0.0364762
20201026,2020-10-26,Residential,0.00922647
20201027,2020-10-27,Domestic Aviation,0.000153748
20201027,2020-10-27,Ground Transport,0.0316509
20201027,2020-10-27,Industry,0.0322161
20201027,2020-10-27,International Aviation,0.000733014
20201027,2020-10-27,Power,0.0326412
20201027,2020-10-27,Residential,0.00867665
20201028,2020-10-28,Domestic Aviation,0.000141351
20201028,2020-10-28,Ground Transport,0.0300401
20201028,2020-10-28,Industry,0.0323838
20201028,2020-10-28,International Aviation,0.00144419
20201028,2020-10-28,Power,0.032811
20201028,2020-10-28,Residential,0.00978101
20201029,2020-10-29,Domestic Aviation,0.000166828
20201029,2020-10-29,Ground Transport,0.0302431
20201029,2020-10-29,Industry,0.0315281
20201029,2020-10-29,International Aviation,0.00184609
20201029,2020-10-29,Power,0.0319441
20201029,2020-10-29,Residential,0.00990951
20201030,2020-10-30,Domestic Aviation,0.000200352
20201030,2020-10-30,Ground Transport,0.0311237
20201030,2020-10-30,Industry,0.0418234
20201030,2020-10-30,International Aviation,0.00173207
20201030,2020-10-30,Power,0.0423751
20201030,2020-10-30,Residential,0.0127383
20201031,2020-10-31,Domestic Aviation,0.000146055
20201031,2020-10-31,Ground Transport,0.0239939
20201031,2020-10-31,Industry,0.0284772
20201031,2020-10-31,International Aviation,0.00166759
20201031,2020-10-31,Power,0.0288529
20201031,2020-10-31,Residential,0.0144093
20201101,2020-11-01,Domestic Aviation,0.000180861
20201101,2020-11-01,Ground Transport,0.0198146
20201101,2020-11-01,Industry,0.0239194
20201101,2020-11-01,International Aviation,0.00145544
20201101,2020-11-01,Power,0.0230218
20201101,2020-11-01,Residential,0.011364
20201102,2020-11-02,Domestic Aviation,0.000157941
20201102,2020-11-02,Ground Transport,0.0292704
20201102,2020-11-02,Industry,0.0230619
20201102,2020-11-02,International Aviation,0.00111337
20201102,2020-11-02,Power,0.0221965
20201102,2020-11-02,Residential,0.0110975
20201103,2020-11-03,Domestic Aviation,0.000171215
20201103,2020-11-03,Ground Transport,0.0316509
20201103,2020-11-03,Industry,0.025448
20201103,2020-11-03,International Aviation,0.00127341
20201103,2020-11-03,Power,0.024493
20201103,2020-11-03,Residential,0.0093014
20201104,2020-11-04,Domestic Aviation,0.000166272
20201104,2020-11-04,Ground Transport,0.0300401
20201104,2020-11-04,Industry,0.021309
20201104,2020-11-04,International Aviation,0.00184229
20201104,2020-11-04,Power,0.0205093
20201104,2020-11-04,Residential,0.0122565
20201105,2020-11-05,Domestic Aviation,0.000187742
20201105,2020-11-05,Ground Transport,0.0302431
20201105,2020-11-05,Industry,0.0227167
20201105,2020-11-05,International Aviation,0.0015332
20201105,2020-11-05,Power,0.0218642
20201105,2020-11-05,Residential,0.0118881
20201106,2020-11-06,Domestic Aviation,0.000194647
20201106,2020-11-06,Ground Transport,0.0311237
20201106,2020-11-06,Industry,0.0200481
20201106,2020-11-06,International Aviation,0.001941
20201106,2020-11-06,Power,0.0192958
20201106,2020-11-06,Residential,0.0101485
20201107,2020-11-07,Domestic Aviation,0.000166994
20201107,2020-11-07,Ground Transport,0.0239939
20201107,2020-11-07,Industry,0.0160883
20201107,2020-11-07,International Aviation,0.00170858
20201107,2020-11-07,Power,0.0154846
20201107,2020-11-07,Residential,0.0106851
20201108,2020-11-08,Domestic Aviation,0.000178796
20201108,2020-11-08,Ground Transport,0.0198146
20201108,2020-11-08,Industry,0.0245466
20201108,2020-11-08,International Aviation,0.00150574
20201108,2020-11-08,Power,0.0236254
20201108,2020-11-08,Residential,0.0162381
20201109,2020-11-09,Domestic Aviation,0.000175923
20201109,2020-11-09,Ground Transport,0.0292704
20201109,2020-11-09,Industry,0.0442934
20201109,2020-11-09,International Aviation,0.00104895
20201109,2020-11-09,Power,0.0426312
20201109,2020-11-09,Residential,0.0153103
20201110,2020-11-10,Domestic Aviation,0.000158624
20201110,2020-11-10,Ground Transport,0.0316509
20201110,2020-11-10,Industry,0.0519729
20201110,2020-11-10,International Aviation,0.000887286
20201110,2020-11-10,Power,0.0500225
20201110,2020-11-10,Residential,0.0188406
20201111,2020-11-11,Domestic Aviation,0.000165176
20201111,2020-11-11,Ground Transport,0.0300401
20201111,2020-11-11,Industry,0.0501174
20201111,2020-11-11,International Aviation,0.0018795
20201111,2020-11-11,Power,0.0482366
20201111,2020-11-11,Residential,0.0157985
20201112,2020-11-12,Domestic Aviation,0.000183792
20201112,2020-11-12,Ground Transport,0.0302431
20201112,2020-11-12,Industry,0.0513134
20201112,2020-11-12,International Aviation,0.00178142
20201112,2020-11-12,Power,0.0493878
20201112,2020-11-12,Residential,0.0135144
20201113,2020-11-13,Domestic Aviation,0.000198282
20201113,2020-11-13,Ground Transport,0.0311237
20201113,2020-11-13,Industry,0.0467746
20201113,2020-11-13,International Aviation,0.00164772
20201113,2020-11-13,Power,0.0450193
20201113,2020-11-13,Residential,0.0142659
20201114,2020-11-14,Domestic Aviation,0.000142307
20201114,2020-11-14,Ground Transport,0.0239939
20201114,2020-11-14,Industry,0.0236579
20201114,2020-11-14,International Aviation,0.00177185
20201114,2020-11-14,Power,0.0227701
20201114,2020-11-14,Residential,0.0148939
20201115,2020-11-15,Domestic Aviation,0.0001693
20201115,2020-11-15,Ground Transport,0.0198146
20201115,2020-11-15,Industry,0.0176236
20201115,2020-11-15,International Aviation,0.00178656
20201115,2020-11-15,Power,0.0169623
20201115,2020-11-15,Residential,0.014875
20201116,2020-11-16,Domestic Aviation,0.000166179
20201116,2020-11-16,Ground Transport,0.0292704
20201116,2020-11-16,Industry,0.0247263
20201116,2020-11-16,International Aviation,0.00109255
20201116,2020-11-16,Power,0.0237984
20201116,2020-11-16,Residential,0.0147154
20201117,2020-11-17,Domestic Aviation,0.000168457
20201117,2020-11-17,Ground Transport,0.0316509
20201117,2020-11-17,Industry,0.0250458
20201117,2020-11-17,International Aviation,0.00117373
20201117,2020-11-17,Power,0.024106
20201117,2020-11-17,Residential,0.0127771
20201118,2020-11-18,Domestic Aviation,0.000198942
20201118,2020-11-18,Ground Transport,0.0300401
20201118,2020-11-18,Industry,0.0252702
20201118,2020-11-18,International Aviation,0.00200293
20201118,2020-11-18,Power,0.0243219
20201118,2020-11-18,Residential,0.0109258
20201119,2020-11-19,Domestic Aviation,0.000191071
20201119,2020-11-19,Ground Transport,0.0302431
20201119,2020-11-19,Industry,0.0282871
20201119,2020-11-19,International Aviation,0.0021939
20201119,2020-11-19,Power,0.0272256
20201119,2020-11-19,Residential,0.0124829
20201120,2020-11-20,Domestic Aviation,0.000189855
20201120,2020-11-20,Ground Transport,0.0311237
20201120,2020-11-20,Industry,0.0458901
20201120,2020-11-20,International Aviation,0.00167088
20201120,2020-11-20,Power,0.044168
20201120,2020-11-20,Residential,0.018771
20201121,2020-11-21,Domestic Aviation,0.000137042
20201121,2020-11-21,Ground Transport,0.0239939
20201121,2020-11-21,Industry,0.0219846
20201121,2020-11-21,International Aviation,0.0017502
20201121,2020-11-21,Power,0.0211596
20201121,2020-11-21,Residential,0.0182263
20201122,2020-11-22,Domestic Aviation,0.000181412
20201122,2020-11-22,Ground Transport,0.0198146
20201122,2020-11-22,Industry,0.0179983
20201122,2020-11-22,International Aviation,0.00146999
20201122,2020-11-22,Power,0.0173228
20201122,2020-11-22,Residential,0.0143873
20201123,2020-11-23,Domestic Aviation,0.000185751
20201123,2020-11-23,Ground Transport,0.0292704
20201123,2020-11-23,Industry,0.0343713
20201123,2020-11-23,International Aviation,0.00127644
20201123,2020-11-23,Power,0.0330814
20201123,2020-11-23,Residential,0.0150722
20201124,2020-11-24,Domestic Aviation,0.00016728
20201124,2020-11-24,Ground Transport,0.0316509
20201124,2020-11-24,Industry,0.0438215
20201124,2020-11-24,International Aviation,0.00134359
20201124,2020-11-24,Power,0.0421771
20201124,2020-11-24,Residential,0.0176761
20201125,2020-11-25,Domestic Aviation,0.000157773
20201125,2020-11-25,Ground Transport,0.0300401
20201125,2020-11-25,Industry,0.0401258
20201125,2020-11-25,International Aviation,0.00211977
20201125,2020-11-25,Power,0.03862
20201125,2020-11-25,Residential,0.0177543
20201126,2020-11-26,Domestic Aviation,0.000187371
20201126,2020-11-26,Ground Transport,0.0302431
20201126,2020-11-26,Industry,0.0436232
20201126,2020-11-26,International Aviation,0.00221351
20201126,2020-11-26,Power,0.0419861
20201126,2020-11-26,Residential,0.0156337
20201127,2020-11-27,Domestic Aviation,0.000186315
20201127,2020-11-27,Ground Transport,0.0311237
20201127,2020-11-27,Industry,0.0553176
20201127,2020-11-27,International Aviation,0.00182211
20201127,2020-11-27,Power,0.0532418
20201127,2020-11-27,Residential,0.0188147
20201128,2020-11-28,Domestic Aviation,0.00015213
20201128,2020-11-28,Ground Transport,0.0239939
20201128,2020-11-28,Industry,0.0499726
20201128,2020-11-28,International Aviation,0.00187313
20201128,2020-11-28,Power,0.0480973
20201128,2020-11-28,Residential,0.0189182
20201129,2020-11-29,Domestic Aviation,0.000174004
20201129,2020-11-29,Ground Transport,0.0198146
20201129,2020-11-29,Industry,0.0455833
20201129,2020-11-29,International Aviation,0.00169723
20201129,2020-11-29,Power,0.0438727
20201129,2020-11-29,Residential,0.0185056
20201130,2020-11-30,Domestic Aviation,0.000151701
20201130,2020-11-30,Ground Transport,0.0292704
20201130,2020-11-30,Industry,0.0538544
20201130,2020-11-30,International Aviation,0.00117299
20201130,2020-11-30,Power,0.0518334
20201130,2020-11-30,Residential,0.0187482
20201201,2020-12-01,Domestic Aviation,0.000157786
20201201,2020-12-01,Ground Transport,0.0316509
20201201,2020-12-01,Industry,0.0466777
20201201,2020-12-01,International Aviation,0.00124898
20201201,2020-12-01,Power,0.0597825
20201201,2020-12-01,Residential,0.016899
20201202,2020-12-02,Domestic Aviation,0.000188286
20201202,2020-12-02,Ground Transport,0.0300401
20201202,2020-12-02,Industry,0.0441815
20201202,2020-12-02,International Aviation,0.00182508
20201202,2020-12-02,Power,0.0565855
20201202,2020-12-02,Residential,0.0174465
20201203,2020-12-03,Domestic Aviation,0.000191421
20201203,2020-12-03,Ground Transport,0.0302431
20201203,2020-12-03,Industry,0.0356712
20201203,2020-12-03,International Aviation,0.0022783
20201203,2020-12-03,Power,0.0456859
20201203,2020-12-03,Residential,0.0186737
20201204,2020-12-04,Domestic Aviation,0.000192311
20201204,2020-12-04,Ground Transport,0.0311237
20201204,2020-12-04,Industry,0.0332246
20201204,2020-12-04,International Aviation,0.00171634
20201204,2020-12-04,Power,0.0425524
20201204,2020-12-04,Residential,0.0181666
20201205,2020-12-05,Domestic Aviation,0.000163039
20201205,2020-12-05,Ground Transport,0.0239939
20201205,2020-12-05,Industry,0.0231257
20201205,2020-12-05,International Aviation,0.00179477
20201205,2020-12-05,Power,0.0296183
20201205,2020-12-05,Residential,0.0159848
20201206,2020-12-06,Domestic Aviation,0.000191394
20201206,2020-12-06,Ground Transport,0.0198146
20201206,2020-12-06,Industry,0.0246398
20201206,2020-12-06,International Aviation,0.00153557
20201206,2020-12-06,Power,0.0315574
20201206,2020-12-06,Residential,0.0152033
20201207,2020-12-07,Domestic Aviation,0.000164692
20201207,2020-12-07,Ground Transport,0.0292704
20201207,2020-12-07,Industry,0.0338272
20201207,2020-12-07,International Aviation,0.00109637
20201207,2020-12-07,Power,0.0433243
20201207,2020-12-07,Residential,0.0176089
20201208,2020-12-08,Domestic Aviation,0.000174874
20201208,2020-12-08,Ground Transport,0.0316509
20201208,2020-12-08,Industry,0.0420798
20201208,2020-12-08,International Aviation,0.00133308
20201208,2020-12-08,Power,0.0538937
20201208,2020-12-08,Residential,0.0205537
20201209,2020-12-09,Domestic Aviation,0.00018592
20201209,2020-12-09,Ground Transport,0.0300401
20201209,2020-12-09,Industry,0.0475829
20201209,2020-12-09,International Aviation,0.00241092
20201209,2020-12-09,Power,0.0609419
20201209,2020-12-09,Residential,0.021327
20201210,2020-12-10,Domestic Aviation,0.000178668
20201210,2020-12-10,Ground Transport,0.0302431
20201210,2020-12-10,Industry,0.0489833
20201210,2020-12-10,International Aviation,0.00183723
20201210,2020-12-10,Power,0.0627354
20201210,2020-12-10,Residential,0.0213211
20201211,2020-12-11,Domestic Aviation,0.000199186
20201211,2020-12-11,Ground Transport,0.0311237
20201211,2020-12-11,Industry,0.0507352
20201211,2020-12-11,International Aviation,0.0018833
20201211,2020-12-11,Power,0.0649792
20201211,2020-12-11,Residential,0.0219247
20201212,2020-12-12,Domestic Aviation,0.000168375
20201212,2020-12-12,Ground Transport,0.0239939
20201212,2020-12-12,Industry,0.0394859
20201212,2020-12-12,International Aviation,0.00143942
20201212,2020-12-12,Power,0.0505716
20201212,2020-12-12,Residential,0.0196508
20201213,2020-12-13,Domestic Aviation,0.000171502
20201213,2020-12-13,Ground Transport,0.0198146
20201213,2020-12-13,Industry,0.0407638
20201213,2020-12-13,International Aviation,0.00154759
20201213,2020-12-13,Power,0.0522083
20201213,2020-12-13,Residential,0.020722
20201214,2020-12-14,Domestic Aviation,0.000160574
20201214,2020-12-14,Ground Transport,0.0292704
20201214,2020-12-14,Industry,0.0450265
20201214,2020-12-14,International Aviation,0.0013637
20201214,2020-12-14,Power,0.0576678
20201214,2020-12-14,Residential,0.0209838
20201215,2020-12-15,Domestic Aviation,0.000151127
20201215,2020-12-15,Ground Transport,0.0316509
20201215,2020-12-15,Industry,0.0457082
20201215,2020-12-15,International Aviation,0.00131793
20201215,2020-12-15,Power,0.0585407
20201215,2020-12-15,Residential,0.018614
20201216,2020-12-16,Domestic Aviation,0.000157765
20201216,2020-12-16,Ground Transport,0.0300401
20201216,2020-12-16,Industry,0.04547
20201216,2020-12-16,International Aviation,0.00193573
20201216,2020-12-16,Power,0.0582357
20201216,2020-12-16,Residential,0.0168226
20201217,2020-12-17,Domestic Aviation,0.000188212
20201217,2020-12-17,Ground Transport,0.0302431
20201217,2020-12-17,Industry,0.0474751
20201217,2020-12-17,International Aviation,0.00219821
20201217,2020-12-17,Power,0.0608037
20201217,2020-12-17,Residential,0.0199479
20201218,2020-12-18,Domestic Aviation,0.000182582
20201218,2020-12-18,Ground Transport,0.0311237
20201218,2020-12-18,Industry,0.041071
20201218,2020-12-18,International Aviation,0.0021149
20201218,2020-12-18,Power,0.0526017
20201218,2020-12-18,Residential,0.0194895
20201219,2020-12-19,Domestic Aviation,0.000174801
20201219,2020-12-19,Ground Transport,0.0239939
20201219,2020-12-19,Industry,0.0308882
20201219,2020-12-19,International Aviation,0.00220091
20201219,2020-12-19,Power,0.0395601
20201219,2020-12-19,Residential,0.0167787
20201220,2020-12-20,Domestic Aviation,0.00016208
20201220,2020-12-20,Ground Transport,0.0198146
20201220,2020-12-20,Industry,0.0209447
20201220,2020-12-20,International Aviation,0.00185386
20201220,2020-12-20,Power,0.0268249
20201220,2020-12-20,Residential,0.0140253
20201221,2020-12-21,Domestic Aviation,0.000163327
20201221,2020-12-21,Ground Transport,0.0292704
20201221,2020-12-21,Industry,0.0249195
20201221,2020-12-21,International Aviation,0.00132504
20201221,2020-12-21,Power,0.0319157
20201221,2020-12-21,Residential,0.0146158
20201222,2020-12-22,Domestic Aviation,0.000207762
20201222,2020-12-22,Ground Transport,0.0316509
20201222,2020-12-22,Industry,0.0259491
20201222,2020-12-22,International Aviation,0.00127255
20201222,2020-12-22,Power,0.0332343
20201222,2020-12-22,Residential,0.0150008
20201223,2020-12-23,Domestic Aviation,0.000191415
20201223,2020-12-23,Ground Transport,0.0300401
20201223,2020-12-23,Industry,0.0256924
20201223,2020-12-23,International Aviation,0.001309
20201223,2020-12-23,Power,0.0329056
20201223,2020-12-23,Residential,0.0173194
20201224,2020-12-24,Domestic Aviation,9.42722e-05
20201224,2020-12-24,Ground Transport,0.0302431
20201224,2020-12-24,Industry,0.022599
20201224,2020-12-24,International Aviation,0.00122112
20201224,2020-12-24,Power,0.0289437
20201224,2020-12-24,Residential,0.018092
20201225,2020-12-25,Domestic Aviation,7.44284e-05
20201225,2020-12-25,Ground Transport,0.0311237
20201225,2020-12-25,Industry,0.0222311
20201225,2020-12-25,International Aviation,0.000650041
20201225,2020-12-25,Power,0.0284725
20201225,2020-12-25,Residential,0.0198643
20201226,2020-12-26,Domestic Aviation,0.000186114
20201226,2020-12-26,Ground Transport,0.0239939
20201226,2020-12-26,Industry,0.0263642
20201226,2020-12-26,International Aviation,0.00117082
20201226,2020-12-26,Power,0.033766
20201226,2020-12-26,Residential,0.0227739
20201227,2020-12-27,Domestic Aviation,0.00019314
20201227,2020-12-27,Ground Transport,0.0198146
20201227,2020-12-27,Industry,0.0191587
20201227,2020-12-27,International Aviation,0.00119876
20201227,2020-12-27,Power,0.0245376
20201227,2020-12-27,Residential,0.0196883
20201228,2020-12-28,Domestic Aviation,0.000156892
20201228,2020-12-28,Ground Transport,0.0292704
20201228,2020-12-28,Industry,0.0241689
20201228,2020-12-28,International Aviation,0.00149947
20201228,2020-12-28,Power,0.0309544
20201228,2020-12-28,Residential,0.0190604
20201229,2020-12-29,Domestic Aviation,0.00013807
20201229,2020-12-29,Ground Transport,0.0316509
20201229,2020-12-29,Industry,0.0324411
20201229,2020-12-29,International Aviation,0.000751977
20201229,2020-12-29,Power,0.041549
20201229,2020-12-29,Residential,0.0189929
20201230,2020-12-30,Domestic Aviation,0.000165479
20201230,2020-12-30,Ground Transport,0.0300401
20201230,2020-12-30,Industry,0.0319327
20201230,2020-12-30,International Aviation,0.00113189
20201230,2020-12-30,Power,0.0408978
20201230,2020-12-30,Residential,0.0183289
20201231,2020-12-31,Domestic Aviation,0.000133211
20201231,2020-12-31,Ground Transport,0.0302431
20201231,2020-12-31,Industry,0.033139
20201231,2020-12-31,International Aviation,0.00132203
20201231,2020-12-31,Power,0.0424428
20201231,2020-12-31,Residential,0.0175735
20210101,2021-01-01,Domestic Aviation,0.000147201
20210101,2021-01-01,Ground Transport,0.0298352
20210101,2021-01-01,Industry,0.0144823
20210101,2021-01-01,International Aviation,0.000853062
20210101,2021-01-01,Power,0.0293032
20210101,2021-01-01,Residential,0.0149882
20210102,2021-01-02,Domestic Aviation,0.000229146
20210102,2021-01-02,Ground Transport,0.0230028
20210102,2021-01-02,Industry,0.0189946
20210102,2021-01-02,International Aviation,0.00103737
20210102,2021-01-02,Power,0.0384334
20210102,2021-01-02,Residential,0.0162349
20210103,2021-01-03,Domestic Aviation,0.00022924
20210103,2021-01-03,Ground Transport,0.0189946
20210103,2021-01-03,Industry,0.0183524
20210103,2021-01-03,International Aviation,0.000989841
20210103,2021-01-03,Power,0.037134
20210103,2021-01-03,Residential,0.0176056
20210104,2021-01-04,Domestic Aviation,0.000175323
20210104,2021-01-04,Ground Transport,0.0280602
20210104,2021-01-04,Industry,0.0231477
20210104,2021-01-04,International Aviation,0.00107474
20210104,2021-01-04,Power,0.0468367
20210104,2021-01-04,Residential,0.0190974
20210105,2021-01-05,Domestic Aviation,0.000167384
20210105,2021-01-05,Ground Transport,0.0303419
20210105,2021-01-05,Industry,0.0248031
20210105,2021-01-05,International Aviation,0.000892846
20210105,2021-01-05,Power,0.0501862
20210105,2021-01-05,Residential,0.0211552
20210106,2021-01-06,Domestic Aviation,0.000170016
20210106,2021-01-06,Ground Transport,0.0287969
20210106,2021-01-06,Industry,0.0257052
20210106,2021-01-06,International Aviation,0.00100431
20210106,2021-01-06,Power,0.0520115
20210106,2021-01-06,Residential,0.0200967
20210107,2021-01-07,Domestic Aviation,0.000174439
20210107,2021-01-07,Ground Transport,0.0289906
20210107,2021-01-07,Industry,0.0271287
20210107,2021-01-07,International Aviation,0.00143894
20210107,2021-01-07,Power,0.0548917
20210107,2021-01-07,Residential,0.0185381
20210108,2021-01-08,Domestic Aviation,0.000219134
20210108,2021-01-08,Ground Transport,0.0298352
20210108,2021-01-08,Industry,0.0278549
20210108,2021-01-08,International Aviation,0.00183958
20210108,2021-01-08,Power,0.0563612
20210108,2021-01-08,Residential,0.0194924
20210109,2021-01-09,Domestic Aviation,0.000185173
20210109,2021-01-09,Ground Transport,0.0230028
20210109,2021-01-09,Industry,0.0296408
20210109,2021-01-09,International Aviation,0.00179067
20210109,2021-01-09,Power,0.0599749
20210109,2021-01-09,Residential,0.0223812
20210110,2021-01-10,Domestic Aviation,0.000187844
20210110,2021-01-10,Ground Transport,0.0189946
20210110,2021-01-10,Industry,0.0282841
20210110,2021-01-10,International Aviation,0.00108289
20210110,2021-01-10,Power,0.0572297
20210110,2021-01-10,Residential,0.0212097
20210111,2021-01-11,Domestic Aviation,0.000173619
20210111,2021-01-11,Ground Transport,0.0280602
20210111,2021-01-11,Industry,0.0277733
20210111,2021-01-11,International Aviation,0.000805636
20210111,2021-01-11,Power,0.0561961
20210111,2021-01-11,Residential,0.0181644
20210112,2021-01-12,Domestic Aviation,0.000179466
20210112,2021-01-12,Ground Transport,0.0303419
20210112,2021-01-12,Industry,0.0288535
20210112,2021-01-12,International Aviation,0.00093709
20210112,2021-01-12,Power,0.0583817
20210112,2021-01-12,Residential,0.0196401
20210113,2021-01-13,Domestic Aviation,0.000189566
20210113,2021-01-13,Ground Transport,0.0287969
20210113,2021-01-13,Industry,0.0305381
20210113,2021-01-13,International Aviation,0.00179402
20210113,2021-01-13,Power,0.0617904
20210113,2021-01-13,Residential,0.0247535
20210114,2021-01-14,Domestic Aviation,0.000203652
20210114,2021-01-14,Ground Transport,0.0289906
20210114,2021-01-14,Industry,0.0339049
20210114,2021-01-14,International Aviation,0.00150067
20210114,2021-01-14,Power,0.0686027
20210114,2021-01-14,Residential,0.0309625
20210115,2021-01-15,Domestic Aviation,0.000206617
20210115,2021-01-15,Ground Transport,0.0298352
20210115,2021-01-15,Industry,0.0343338
20210115,2021-01-15,International Aviation,0.00113505
20210115,2021-01-15,Power,0.0694706
20210115,2021-01-15,Residential,0.0294504
20210116,2021-01-16,Domestic Aviation,0.000177843
20210116,2021-01-16,Ground Transport,0.0230028
20210116,2021-01-16,Industry,0.0324485
20210116,2021-01-16,International Aviation,0.00163549
20210116,2021-01-16,Power,0.0656558
20210116,2021-01-16,Residential,0.0251974
20210117,2021-01-17,Domestic Aviation,0.000191696
20210117,2021-01-17,Ground Transport,0.0189946
20210117,2021-01-17,Industry,0.0298278
20210117,2021-01-17,International Aviation,0.00129365
20210117,2021-01-17,Power,0.0603531
20210117,2021-01-17,Residential,0.0212116
20210118,2021-01-18,Domestic Aviation,0.000194559
20210118,2021-01-18,Ground Transport,0.0280602
20210118,2021-01-18,Industry,0.0319276
20210118,2021-01-18,International Aviation,0.00112809
20210118,2021-01-18,Power,0.0646018
20210118,2021-01-18,Residential,0.0195369
20210119,2021-01-19,Domestic Aviation,0.000169865
20210119,2021-01-19,Ground Transport,0.0303419
20210119,2021-01-19,Industry,0.0302699
20210119,2021-01-19,International Aviation,0.000834576
20210119,2021-01-19,Power,0.0612476
20210119,2021-01-19,Residential,0.0167848
20210120,2021-01-20,Domestic Aviation,0.000170458
20210120,2021-01-20,Ground Transport,0.0287969
20210120,2021-01-20,Industry,0.0305166
20210120,2021-01-20,International Aviation,0.00165638
20210120,2021-01-20,Power,0.0617468
20210120,2021-01-20,Residential,0.0191356
20210121,2021-01-21,Domestic Aviation,0.000179579
20210121,2021-01-21,Ground Transport,0.0289906
20210121,2021-01-21,Industry,0.0256818
20210121,2021-01-21,International Aviation,0.00163219
20210121,2021-01-21,Power,0.0519642
20210121,2021-01-21,Residential,0.0204009
20210122,2021-01-22,Domestic Aviation,0.000208699
20210122,2021-01-22,Ground Transport,0.0298352
20210122,2021-01-22,Industry,0.0226763
20210122,2021-01-22,International Aviation,0.00186557
20210122,2021-01-22,Power,0.0458829
20210122,2021-01-22,Residential,0.0175301
20210123,2021-01-23,Domestic Aviation,0.000170182
20210123,2021-01-23,Ground Transport,0.0230028
20210123,2021-01-23,Industry,0.0221642
20210123,2021-01-23,International Aviation,0.00164953
20210123,2021-01-23,Power,0.0448466
20210123,2021-01-23,Residential,0.0148299
20210124,2021-01-24,Domestic Aviation,0.000171758
20210124,2021-01-24,Ground Transport,0.0189946
20210124,2021-01-24,Industry,0.0241114
20210124,2021-01-24,International Aviation,0.00144619
20210124,2021-01-24,Power,0.0487867
20210124,2021-01-24,Residential,0.0147048
20210125,2021-01-25,Domestic Aviation,0.000177859
20210125,2021-01-25,Ground Transport,0.0280602
20210125,2021-01-25,Industry,0.0277233
20210125,2021-01-25,International Aviation,0.00121312
20210125,2021-01-25,Power,0.056095
20210125,2021-01-25,Residential,0.0149235
20210126,2021-01-26,Domestic Aviation,0.000173359
20210126,2021-01-26,Ground Transport,0.0303419
20210126,2021-01-26,Industry,0.0281665
20210126,2021-01-26,International Aviation,0.000801765
20210126,2021-01-26,Power,0.0569916
20210126,2021-01-26,Residential,0.01503
20210127,2021-01-27,Domestic Aviation,0.000189716
20210127,2021-01-27,Ground Transport,0.0287969
20210127,2021-01-27,Industry,0.0293151
20210127,2021-01-27,International Aviation,0.00184895
20210127,2021-01-27,Power,0.0593158
20210127,2021-01-27,Residential,0.0163446
20210128,2021-01-28,Domestic Aviation,0.000190896
20210128,2021-01-28,Ground Transport,0.0289906
20210128,2021-01-28,Industry,0.0301235
20210128,2021-01-28,International Aviation,0.0014128
20210128,2021-01-28,Power,0.0609516
20210128,2021-01-28,Residential,0.0185934
20210129,2021-01-29,Domestic Aviation,0.000211099
20210129,2021-01-29,Ground Transport,0.0298352
20210129,2021-01-29,Industry,0.030496
20210129,2021-01-29,International Aviation,0.00234186
20210129,2021-01-29,Power,0.0617051
20210129,2021-01-29,Residential,0.0195459
20210130,2021-01-30,Domestic Aviation,0.000179361
20210130,2021-01-30,Ground Transport,0.0230028
20210130,2021-01-30,Industry,0.0289619
20210130,2021-01-30,International Aviation,0.00162429
20210130,2021-01-30,Power,0.0586012
20210130,2021-01-30,Residential,0.0202472
20210131,2021-01-31,Domestic Aviation,0.000191673
20210131,2021-01-31,Ground Transport,0.0189946
20210131,2021-01-31,Industry,0.0275207
20210131,2021-01-31,International Aviation,0.00147573
20210131,2021-01-31,Power,0.055685
20210131,2021-01-31,Residential,0.0213822
20210201,2021-02-01,Domestic Aviation,0.000196542
20210201,2021-02-01,Ground Transport,0.0280602
20210201,2021-02-01,Industry,0.0343491
20210201,2021-02-01,International Aviation,0.00104047
20210201,2021-02-01,Power,0.0667066
20210201,2021-02-01,Residential,0.0231447
20210202,2021-02-02,Domestic Aviation,0.000168231
20210202,2021-02-02,Ground Transport,0.0303419
20210202,2021-02-02,Industry,0.0345441
20210202,2021-02-02,International Aviation,0.00112608
20210202,2021-02-02,Power,0.0670853
20210202,2021-02-02,Residential,0.0244823
20210203,2021-02-03,Domestic Aviation,0.000196874
20210203,2021-02-03,Ground Transport,0.0287969
20210203,2021-02-03,Industry,0.0342278
20210203,2021-02-03,International Aviation,0.00147602
20210203,2021-02-03,Power,0.066471
20210203,2021-02-03,Residential,0.0246087
20210204,2021-02-04,Domestic Aviation,0.000198233
20210204,2021-02-04,Ground Transport,0.0289906
20210204,2021-02-04,Industry,0.0355273
20210204,2021-02-04,International Aviation,0.00211838
20210204,2021-02-04,Power,0.0689946
20210204,2021-02-04,Residential,0.0251465
20210205,2021-02-05,Domestic Aviation,0.000204567
20210205,2021-02-05,Ground Transport,0.0298352
20210205,2021-02-05,Industry,0.0357824
20210205,2021-02-05,International Aviation,0.0021123
20210205,2021-02-05,Power,0.0694901
20210205,2021-02-05,Residential,0.0264057
20210206,2021-02-06,Domestic Aviation,0.000187448
20210206,2021-02-06,Ground Transport,0.0230028
20210206,2021-02-06,Industry,0.0323864
20210206,2021-02-06,International Aviation,0.00228328
20210206,2021-02-06,Power,0.0628951
20210206,2021-02-06,Residential,0.0242205
20210207,2021-02-07,Domestic Aviation,0.000200259
20210207,2021-02-07,Ground Transport,0.0189946
20210207,2021-02-07,Industry,0.0307607
20210207,2021-02-07,International Aviation,0.00107956
20210207,2021-02-07,Power,0.059738
20210207,2021-02-07,Residential,0.0210955
20210208,2021-02-08,Domestic Aviation,0.000185667
20210208,2021-02-08,Ground Transport,0.0280602
20210208,2021-02-08,Industry,0.0352279
20210208,2021-02-08,International Aviation,0.00102198
20210208,2021-02-08,Power,0.0684133
20210208,2021-02-08,Residential,0.0233394
20210209,2021-02-09,Domestic Aviation,0.00016347
20210209,2021-02-09,Ground Transport,0.0303419
20210209,2021-02-09,Industry,0.0362183
20210209,2021-02-09,International Aviation,0.00102961
20210209,2021-02-09,Power,0.0703366
20210209,2021-02-09,Residential,0.026429
20210210,2021-02-10,Domestic Aviation,0.000188186
20210210,2021-02-10,Ground Transport,0.0287969
20210210,2021-02-10,Industry,0.0367924
20210210,2021-02-10,International Aviation,0.00174337
20210210,2021-02-10,Power,0.0714516
20210210,2021-02-10,Residential,0.0276424
20210211,2021-02-11,Domestic Aviation,0.000186885
20210211,2021-02-11,Ground Transport,0.0289906
20210211,2021-02-11,Industry,0.0363313
20210211,2021-02-11,International Aviation,0.00133568
20210211,2021-02-11,Power,0.0705561
20210211,2021-02-11,Residential,0.0282437
20210212,2021-02-12,Domestic Aviation,0.000217501
20210212,2021-02-12,Ground Transport,0.0298352
20210212,2021-02-12,Industry,0.0357858
20210212,2021-02-12,International Aviation,0.0017139
20210212,2021-02-12,Power,0.0694968
20210212,2021-02-12,Residential,0.0241961
20210213,2021-02-13,Domestic Aviation,0.000190091
20210213,2021-02-13,Ground Transport,0.0230028
20210213,2021-02-13,Industry,0.0305912
20210213,2021-02-13,International Aviation,0.00148017
20210213,2021-02-13,Power,0.0594088
20210213,2021-02-13,Residential,0.0194717
20210214,2021-02-14,Domestic Aviation,0.000193937
20210214,2021-02-14,Ground Transport,0.0189946
20210214,2021-02-14,Industry,0.0315436
20210214,2021-02-14,International Aviation,0.00104942
20210214,2021-02-14,Power,0.0612583
20210214,2021-02-14,Residential,0.0223566
20210215,2021-02-15,Domestic Aviation,0.000195439
20210215,2021-02-15,Ground Transport,0.0280602
20210215,2021-02-15,Industry,0.0350741
20210215,2021-02-15,International Aviation,0.000959536
20210215,2021-02-15,Power,0.0681147
20210215,2021-02-15,Residential,0.0218413
20210216,2021-02-16,Domestic Aviation,0.000181627
20210216,2021-02-16,Ground Transport,0.0303419
20210216,2021-02-16,Industry,0.0353857
20210216,2021-02-16,International Aviation,0.00125562
20210216,2021-02-16,Power,0.0687197
20210216,2021-02-16,Residential,0.0222322
20210217,2021-02-17,Domestic Aviation,0.000186262
20210217,2021-02-17,Ground Transport,0.0287969
20210217,2021-02-17,Industry,0.0380287
20210217,2021-02-17,International Aviation,0.00137618
20210217,2021-02-17,Power,0.0738525
20210217,2021-02-17,Residential,0.0296284
20210218,2021-02-18,Domestic Aviation,0.00017324
20210218,2021-02-18,Ground Transport,0.0289906
20210218,2021-02-18,Industry,0.0387581
20210218,2021-02-18,International Aviation,0.00168788
20210218,2021-02-18,Power,0.075269
20210218,2021-02-18,Residential,0.0274206
20210219,2021-02-19,Domestic Aviation,0.000212749
20210219,2021-02-19,Ground Transport,0.0298352
20210219,2021-02-19,Industry,0.0349012
20210219,2021-02-19,International Aviation,0.00180887
20210219,2021-02-19,Power,0.0677788
20210219,2021-02-19,Residential,0.0207927
20210220,2021-02-20,Domestic Aviation,0.000238313
20210220,2021-02-20,Ground Transport,0.0230028
20210220,2021-02-20,Industry,0.0298065
20210220,2021-02-20,International Aviation,0.00137322
20210220,2021-02-20,Power,0.0578847
20210220,2021-02-20,Residential,0.0194141
20210221,2021-02-21,Domestic Aviation,0.00020532
20210221,2021-02-21,Ground Transport,0.0189946
20210221,2021-02-21,Industry,0.0259547
20210221,2021-02-21,International Aviation,0.00193318
20210221,2021-02-21,Power,0.0504046
20210221,2021-02-21,Residential,0.0189803
20210222,2021-02-22,Domestic Aviation,0.000183584
20210222,2021-02-22,Ground Transport,0.0280602
20210222,2021-02-22,Industry,0.0306172
20210222,2021-02-22,International Aviation,0.000709855
20210222,2021-02-22,Power,0.0594592
20210222,2021-02-22,Residential,0.0228554
20210223,2021-02-23,Domestic Aviation,0.000137463
20210223,2021-02-23,Ground Transport,0.0303419
20210223,2021-02-23,Industry,0.0301725
20210223,2021-02-23,International Aviation,0.00127761
20210223,2021-02-23,Power,0.0585956
20210223,2021-02-23,Residential,0.0223392
20210224,2021-02-24,Domestic Aviation,0.000190035
20210224,2021-02-24,Ground Transport,0.0287969
20210224,2021-02-24,Industry,0.0268208
20210224,2021-02-24,International Aviation,0.00156541
20210224,2021-02-24,Power,0.0520866
20210224,2021-02-24,Residential,0.0176237
20210225,2021-02-25,Domestic Aviation,0.000181846
20210225,2021-02-25,Ground Transport,0.0289906
20210225,2021-02-25,Industry,0.0202432
20210225,2021-02-25,International Aviation,0.00174889
20210225,2021-02-25,Power,0.0393126
20210225,2021-02-25,Residential,0.0129951
20210226,2021-02-26,Domestic Aviation,0.000236316
20210226,2021-02-26,Ground Transport,0.0298352
20210226,2021-02-26,Industry,0.0197744
20210226,2021-02-26,International Aviation,0.0016288
20210226,2021-02-26,Power,0.0384024
20210226,2021-02-26,Residential,0.0130029
20210227,2021-02-27,Domestic Aviation,0.000237625
20210227,2021-02-27,Ground Transport,0.0230028
20210227,2021-02-27,Industry,0.0200236
20210227,2021-02-27,International Aviation,0.00148456
20210227,2021-02-27,Power,0.0388862
20210227,2021-02-27,Residential,0.0140428
20210228,2021-02-28,Domestic Aviation,0.000195741
20210228,2021-02-28,Ground Transport,0.0189946
20210228,2021-02-28,Industry,0.0179973
20210228,2021-02-28,International Aviation,0.000909849
20210228,2021-02-28,Power,0.0349511
20210228,2021-02-28,Residential,0.0122146
20210301,2021-03-01,Domestic Aviation,0.000195144
20210301,2021-03-01,Ground Transport,0.0280602
20210301,2021-03-01,Industry,0.0306599
20210301,2021-03-01,International Aviation,0.00110742
20210301,2021-03-01,Power,0.038607
20210301,2021-03-01,Residential,0.0120887
20210302,2021-03-02,Domestic Aviation,0.000174591
20210302,2021-03-02,Ground Transport,0.0303419
20210302,2021-03-02,Industry,0.0320723
20210302,2021-03-02,International Aviation,0.00128009
20210302,2021-03-02,Power,0.0403856
20210302,2021-03-02,Residential,0.013356
20210303,2021-03-03,Domestic Aviation,0.000168407
20210303,2021-03-03,Ground Transport,0.0287969
20210303,2021-03-03,Industry,0.0341141
20210303,2021-03-03,International Aviation,0.00115701
20210303,2021-03-03,Power,0.0429565
20210303,2021-03-03,Residential,0.0143888
20210304,2021-03-04,Domestic Aviation,0.000206634
20210304,2021-03-04,Ground Transport,0.0289906
20210304,2021-03-04,Industry,0.0407199
20210304,2021-03-04,International Aviation,0.00162423
20210304,2021-03-04,Power,0.0512746
20210304,2021-03-04,Residential,0.0181694
20210305,2021-03-05,Domestic Aviation,0.000240483
20210305,2021-03-05,Ground Transport,0.0298352
20210305,2021-03-05,Industry,0.0432049
20210305,2021-03-05,International Aviation,0.00189784
20210305,2021-03-05,Power,0.0544037
20210305,2021-03-05,Residential,0.0207682
20210306,2021-03-06,Domestic Aviation,0.000147927
20210306,2021-03-06,Ground Transport,0.0230028
20210306,2021-03-06,Industry,0.030471
20210306,2021-03-06,International Aviation,0.00180279
20210306,2021-03-06,Power,0.0383692
20210306,2021-03-06,Residential,0.0177204
20210307,2021-03-07,Domestic Aviation,0.000195234
20210307,2021-03-07,Ground Transport,0.0189946
20210307,2021-03-07,Industry,0.031736
20210307,2021-03-07,International Aviation,0.00096109
20210307,2021-03-07,Power,0.0399621
20210307,2021-03-07,Residential,0.0194759
20210308,2021-03-08,Domestic Aviation,0.000180471
20210308,2021-03-08,Ground Transport,0.0280602
20210308,2021-03-08,Industry,0.0426852
20210308,2021-03-08,International Aviation,0.000860136
20210308,2021-03-08,Power,0.0537494
20210308,2021-03-08,Residential,0.0221826
20210309,2021-03-09,Domestic Aviation,0.000165445
20210309,2021-03-09,Ground Transport,0.0303419
20210309,2021-03-09,Industry,0.048582
20210309,2021-03-09,International Aviation,0.000690599
20210309,2021-03-09,Power,0.0611747
20210309,2021-03-09,Residential,0.024273
20210310,2021-03-10,Domestic Aviation,0.000173078
20210310,2021-03-10,Ground Transport,0.0287969
20210310,2021-03-10,Industry,0.0506018
20210310,2021-03-10,International Aviation,0.0013384
20210310,2021-03-10,Power,0.0637179
20210310,2021-03-10,Residential,0.0269269
20210311,2021-03-11,Domestic Aviation,0.000201179
20210311,2021-03-11,Ground Transport,0.0289906
20210311,2021-03-11,Industry,0.0396962
20210311,2021-03-11,International Aviation,0.00179538
20210311,2021-03-11,Power,0.0499856
20210311,2021-03-11,Residential,0.0212394
20210312,2021-03-12,Domestic Aviation,0.000211565
20210312,2021-03-12,Ground Transport,0.0298352
20210312,2021-03-12,Industry,0.0382368
20210312,2021-03-12,International Aviation,0.00150466
20210312,2021-03-12,Power,0.0481479
20210312,2021-03-12,Residential,0.0176411
20210313,2021-03-13,Domestic Aviation,0.000185765
20210313,2021-03-13,Ground Transport,0.0230028
20210313,2021-03-13,Industry,0.0321902
20210313,2021-03-13,International Aviation,0.00245491
20210313,2021-03-13,Power,0.040534
20210313,2021-03-13,Residential,0.0152118
20210314,2021-03-14,Domestic Aviation,0.000188558
20210314,2021-03-14,Ground Transport,0.0189946
20210314,2021-03-14,Industry,0.0316901
20210314,2021-03-14,International Aviation,0.0014052
20210314,2021-03-14,Power,0.0399042
20210314,2021-03-14,Residential,0.0141642
20210315,2021-03-15,Domestic Aviation,0.000185864
20210315,2021-03-15,Ground Transport,0.0280602
20210315,2021-03-15,Industry,0.0397662
20210315,2021-03-15,International Aviation,0.00133535
20210315,2021-03-15,Power,0.0500738
20210315,2021-03-15,Residential,0.0143286
20210316,2021-03-16,Domestic Aviation,0.000171499
20210316,2021-03-16,Ground Transport,0.0303419
20210316,2021-03-16,Industry,0.0399461
20210316,2021-03-16,International Aviation,0.00152985
20210316,2021-03-16,Power,0.0503003
20210316,2021-03-16,Residential,0.0149264
20210317,2021-03-17,Domestic Aviation,0.000179521
20210317,2021-03-17,Ground Transport,0.0287969
20210317,2021-03-17,Industry,0.0397613
20210317,2021-03-17,International Aviation,0.001629
20210317,2021-03-17,Power,0.0500676
20210317,2021-03-17,Residential,0.0162135
20210318,2021-03-18,Domestic Aviation,0.000212862
20210318,2021-03-18,Ground Transport,0.0289906
20210318,2021-03-18,Industry,0.0404475
20210318,2021-03-18,International Aviation,0.00156566
20210318,2021-03-18,Power,0.0509316
20210318,2021-03-18,Residential,0.0185585
20210319,2021-03-19,Domestic Aviation,0.000228967
20210319,2021-03-19,Ground Transport,0.0298352
20210319,2021-03-19,Industry,0.0434147
20210319,2021-03-19,International Aviation,0.00204888
20210319,2021-03-19,Power,0.054668
20210319,2021-03-19,Residential,0.0206932
20210320,2021-03-20,Domestic Aviation,0.000189843
20210320,2021-03-20,Ground Transport,0.0230028
20210320,2021-03-20,Industry,0.0269699
20210320,2021-03-20,International Aviation,0.00183753
20210320,2021-03-20,Power,0.0339605
20210320,2021-03-20,Residential,0.0158965
20210321,2021-03-21,Domestic Aviation,0.000196335
20210321,2021-03-21,Ground Transport,0.0189946
20210321,2021-03-21,Industry,0.0247204
20210321,2021-03-21,International Aviation,0.00148494
20210321,2021-03-21,Power,0.031128
20210321,2021-03-21,Residential,0.0146015
20210322,2021-03-22,Domestic Aviation,0.000184578
20210322,2021-03-22,Ground Transport,0.0280602
20210322,2021-03-22,Industry,0.0371044
20210322,2021-03-22,International Aviation,0.00112514
20210322,2021-03-22,Power,0.046722
20210322,2021-03-22,Residential,0.0172786
20210323,2021-03-23,Domestic Aviation,0.000179572
20210323,2021-03-23,Ground Transport,0.0303419
20210323,2021-03-23,Industry,0.0324284
20210323,2021-03-23,International Aviation,0.00149429
20210323,2021-03-23,Power,0.040834
20210323,2021-03-23,Residential,0.0131869
20210324,2021-03-24,Domestic Aviation,0.00018792
20210324,2021-03-24,Ground Transport,0.0287969
20210324,2021-03-24,Industry,0.0278955
20210324,2021-03-24,International Aviation,0.0016291
20210324,2021-03-24,Power,0.0351261
20210324,2021-03-24,Residential,0.0119897
20210325,2021-03-25,Domestic Aviation,0.000195266
20210325,2021-03-25,Ground Transport,0.0289906
20210325,2021-03-25,Industry,0.0302089
20210325,2021-03-25,International Aviation,0.00192978
20210325,2021-03-25,Power,0.0380391
20210325,2021-03-25,Residential,0.0126903
20210326,2021-03-26,Domestic Aviation,0.000225111
20210326,2021-03-26,Ground Transport,0.0298352
20210326,2021-03-26,Industry,0.0297587
20210326,2021-03-26,International Aviation,0.00192765
20210326,2021-03-26,Power,0.0374722
20210326,2021-03-26,Residential,0.012966
20210327,2021-03-27,Domestic Aviation,0.000200438
20210327,2021-03-27,Ground Transport,0.0230028
20210327,2021-03-27,Industry,0.0202483
20210327,2021-03-27,International Aviation,0.00238161
20210327,2021-03-27,Power,0.0254968
20210327,2021-03-27,Residential,0.0117467
20210328,2021-03-28,Domestic Aviation,0.000171487
20210328,2021-03-28,Ground Transport,0.0189946
20210328,2021-03-28,Industry,0.0197581
20210328,2021-03-28,International Aviation,0.00176961
20210328,2021-03-28,Power,0.0248795
20210328,2021-03-28,Residential,0.0114479
20210329,2021-03-29,Domestic Aviation,0.00017676
20210329,2021-03-29,Ground Transport,0.0280602
20210329,2021-03-29,Industry,0.0244971
20210329,2021-03-29,International Aviation,0.00148307
20210329,2021-03-29,Power,0.0308468
20210329,2021-03-29,Residential,0.012184
20210330,2021-03-30,Domestic Aviation,0.000153078
20210330,2021-03-30,Ground Transport,0.0303419
20210330,2021-03-30,Industry,0.0246847
20210330,2021-03-30,International Aviation,0.00138434
20210330,2021-03-30,Power,0.031083
20210330,2021-03-30,Residential,0.0108111
20210331,2021-03-31,Domestic Aviation,0.000214178
20210331,2021-03-31,Ground Transport,0.0287969
20210331,2021-03-31,Industry,0.0278924
20210331,2021-03-31,International Aviation,0.00195087
20210331,2021-03-31,Power,0.0351223
20210331,2021-03-31,Residential,0.0116071
20210401,2021-04-01,Domestic Aviation,0.000227015
20210401,2021-04-01,Ground Transport,0.0289906
20210401,2021-04-01,Industry,0.0365052
20210401,2021-04-01,International Aviation,0.00142196
20210401,2021-04-01,Power,0.0347727
20210401,2021-04-01,Residential,0.0124899
20210402,2021-04-02,Domestic Aviation,0.000156762
20210402,2021-04-02,Ground Transport,0.0298352
20210402,2021-04-02,Industry,0.0347502
20210402,2021-04-02,International Aviation,0.00193628
20210402,2021-04-02,Power,0.033101
20210402,2021-04-02,Residential,0.0129813
20210403,2021-04-03,Domestic Aviation,0.000123511
20210403,2021-04-03,Ground Transport,0.0230028
20210403,2021-04-03,Industry,0.0271198
20210403,2021-04-03,International Aviation,0.00119428
20210403,2021-04-03,Power,0.0258327
20210403,2021-04-03,Residential,0.0131148
20210404,2021-04-04,Domestic Aviation,0.000133478
20210404,2021-04-04,Ground Transport,0.0189946
20210404,2021-04-04,Industry,0.023886
20210404,2021-04-04,International Aviation,0.00104162
20210404,2021-04-04,Power,0.0227524
20210404,2021-04-04,Residential,0.0114881
20210405,2021-04-05,Domestic Aviation,0.000228004
20210405,2021-04-05,Ground Transport,0.0280602
20210405,2021-04-05,Industry,0.0249747
20210405,2021-04-05,International Aviation,0.000856013
20210405,2021-04-05,Power,0.0237894
20210405,2021-04-05,Residential,0.0132228
20210406,2021-04-06,Domestic Aviation,0.000206812
20210406,2021-04-06,Ground Transport,0.0303419
20210406,2021-04-06,Industry,0.0361726
20210406,2021-04-06,International Aviation,0.000872744
20210406,2021-04-06,Power,0.0344558
20210406,2021-04-06,Residential,0.0137922
20210407,2021-04-07,Domestic Aviation,0.000160124
20210407,2021-04-07,Ground Transport,0.0287969
20210407,2021-04-07,Industry,0.04154
20210407,2021-04-07,International Aviation,0.00143322
20210407,2021-04-07,Power,0.0395685
20210407,2021-04-07,Residential,0.013373
20210408,2021-04-08,Domestic Aviation,0.000183795
20210408,2021-04-08,Ground Transport,0.0289906
20210408,2021-04-08,Industry,0.0397078
20210408,2021-04-08,International Aviation,0.00133875
20210408,2021-04-08,Power,0.0378232
20210408,2021-04-08,Residential,0.0141105
20210409,2021-04-09,Domestic Aviation,0.0001734
20210409,2021-04-09,Ground Transport,0.0298352
20210409,2021-04-09,Industry,0.0308873
20210409,2021-04-09,International Aviation,0.00236443
20210409,2021-04-09,Power,0.0294213
20210409,2021-04-09,Residential,0.0138064
20210410,2021-04-10,Domestic Aviation,0.000142503
20210410,2021-04-10,Ground Transport,0.0230028
20210410,2021-04-10,Industry,0.0276739
20210410,2021-04-10,International Aviation,0.00179811
20210410,2021-04-10,Power,0.0263605
20210410,2021-04-10,Residential,0.0129867
20210411,2021-04-11,Domestic Aviation,0.000183483
20210411,2021-04-11,Ground Transport,0.0189946
20210411,2021-04-11,Industry,0.026766
20210411,2021-04-11,International Aviation,0.00140481
20210411,2021-04-11,Power,0.0254956
20210411,2021-04-11,Residential,0.0116462
20210412,2021-04-12,Domestic Aviation,0.000155511
20210412,2021-04-12,Ground Transport,0.0280602
20210412,2021-04-12,Industry,0.0324059
20210412,2021-04-12,International Aviation,0.00144274
20210412,2021-04-12,Power,0.0308679
20210412,2021-04-12,Residential,0.00946533
20210413,2021-04-13,Domestic Aviation,0.000184335
20210413,2021-04-13,Ground Transport,0.0303419
20210413,2021-04-13,Industry,0.0360677
20210413,2021-04-13,International Aviation,0.0012524
20210413,2021-04-13,Power,0.0343559
20210413,2021-04-13,Residential,0.0111067
20210414,2021-04-14,Domestic Aviation,0.000167291
20210414,2021-04-14,Ground Transport,0.0287969
20210414,2021-04-14,Industry,0.0407432
20210414,2021-04-14,International Aviation,0.00144794
20210414,2021-04-14,Power,0.0388095
20210414,2021-04-14,Residential,0.012778
20210415,2021-04-15,Domestic Aviation,0.000162908
20210415,2021-04-15,Ground Transport,0.0289906
20210415,2021-04-15,Industry,0.0383106
20210415,2021-04-15,International Aviation,0.00138764
20210415,2021-04-15,Power,0.0364923
20210415,2021-04-15,Residential,0.0118507
20210416,2021-04-16,Domestic Aviation,0.000170922
20210416,2021-04-16,Ground Transport,0.0298352
20210416,2021-04-16,Industry,0.0336897
20210416,2021-04-16,International Aviation,0.00202548
20210416,2021-04-16,Power,0.0320907
20210416,2021-04-16,Residential,0.00997767
20210417,2021-04-17,Domestic Aviation,0.000126652
20210417,2021-04-17,Ground Transport,0.0230028
20210417,2021-04-17,Industry,0.0249266
20210417,2021-04-17,International Aviation,0.00143588
20210417,2021-04-17,Power,0.0237436
20210417,2021-04-17,Residential,0.00876023
20210418,2021-04-18,Domestic Aviation,0.000140164
20210418,2021-04-18,Ground Transport,0.0189946
20210418,2021-04-18,Industry,0.0236782
20210418,2021-04-18,International Aviation,0.00126687
20210418,2021-04-18,Power,0.0225544
20210418,2021-04-18,Residential,0.00856296
20210419,2021-04-19,Domestic Aviation,0.000136713
20210419,2021-04-19,Ground Transport,0.0280602
20210419,2021-04-19,Industry,0.0290155
20210419,2021-04-19,International Aviation,0.00111638
20210419,2021-04-19,Power,0.0276384
20210419,2021-04-19,Residential,0.00861363
20210420,2021-04-20,Domestic Aviation,0.000164628
20210420,2021-04-20,Ground Transport,0.0303419
20210420,2021-04-20,Industry,0.027746
20210420,2021-04-20,International Aviation,0.00133734
20210420,2021-04-20,Power,0.0264291
20210420,2021-04-20,Residential,0.00930627
20210421,2021-04-21,Domestic Aviation,0.000141545
20210421,2021-04-21,Ground Transport,0.0287969
20210421,2021-04-21,Industry,0.0256179
20210421,2021-04-21,International Aviation,0.0018992
20210421,2021-04-21,Power,0.0244021
20210421,2021-04-21,Residential,0.00953835
20210422,2021-04-22,Domestic Aviation,0.000134187
20210422,2021-04-22,Ground Transport,0.0289906
20210422,2021-04-22,Industry,0.0283063
20210422,2021-04-22,International Aviation,0.00155296
20210422,2021-04-22,Power,0.0269628
20210422,2021-04-22,Residential,0.0107724
20210423,2021-04-23,Domestic Aviation,0.000150337
20210423,2021-04-23,Ground Transport,0.0298352
20210423,2021-04-23,Industry,0.0306975
20210423,2021-04-23,International Aviation,0.00222415
20210423,2021-04-23,Power,0.0292405
20210423,2021-04-23,Residential,0.012956
20210424,2021-04-24,Domestic Aviation,0.000117102
20210424,2021-04-24,Ground Transport,0.0230028
20210424,2021-04-24,Industry,0.0239064
20210424,2021-04-24,International Aviation,0.00164369
20210424,2021-04-24,Power,0.0227718
20210424,2021-04-24,Residential,0.0130276
20210425,2021-04-25,Domestic Aviation,0.000141866
20210425,2021-04-25,Ground Transport,0.0189946
20210425,2021-04-25,Industry,0.0228956
20210425,2021-04-25,International Aviation,0.00122347
20210425,2021-04-25,Power,0.021809
20210425,2021-04-25,Residential,0.0130259
20210426,2021-04-26,Domestic Aviation,0.000139341
20210426,2021-04-26,Ground Transport,0.0280602
20210426,2021-04-26,Industry,0.0379471
20210426,2021-04-26,International Aviation,0.00108267
20210426,2021-04-26,Power,0.0361461
20210426,2021-04-26,Residential,0.0126484
20210427,2021-04-27,Domestic Aviation,0.00014057
20210427,2021-04-27,Ground Transport,0.0303419
20210427,2021-04-27,Industry,0.0457376
20210427,2021-04-27,International Aviation,0.00197625
20210427,2021-04-27,Power,0.0435668
20210427,2021-04-27,Residential,0.0130243
20210428,2021-04-28,Domestic Aviation,0.00010618
20210428,2021-04-28,Ground Transport,0.0287969
20210428,2021-04-28,Industry,0.0456782
20210428,2021-04-28,International Aviation,0.00210265
20210428,2021-04-28,Power,0.0435103
20210428,2021-04-28,Residential,0.0135009
20210429,2021-04-29,Domestic Aviation,0.000148464
20210429,2021-04-29,Ground Transport,0.0289906
20210429,2021-04-29,Industry,0.0435671
20210429,2021-04-29,International Aviation,0.00152775
20210429,2021-04-29,Power,0.0414994
20210429,2021-04-29,Residential,0.0131513
20210430,2021-04-30,Domestic Aviation,0.000133583
20210430,2021-04-30,Ground Transport,0.0298352
20210430,2021-04-30,Industry,0.0404433
20210430,2021-04-30,International Aviation,0.00235456
20210430,2021-04-30,Power,0.0385238
20210430,2021-04-30,Residential,0.0124256
20210501,2021-05-01,Domestic Aviation,7.54875e-05
20210501,2021-05-01,Ground Transport,0.0230028
20210501,2021-05-01,Industry,0.036362
20210501,2021-05-01,International Aviation,0.00148559
20210501,2021-05-01,Power,0.0222304
20210501,2021-05-01,Residential,0.0129154
20210502,2021-05-02,Domestic Aviation,0.000133581
20210502,2021-05-02,Ground Transport,0.0189946
20210502,2021-05-02,Industry,0.0430836
20210502,2021-05-02,International Aviation,0.00121781
20210502,2021-05-02,Power,0.0263397
20210502,2021-05-02,Residential,0.012068
20210503,2021-05-03,Domestic Aviation,0.000114515
20210503,2021-05-03,Ground Transport,0.0280602
20210503,2021-05-03,Industry,0.043255299999999997
20210503,2021-05-03,International Aviation,0.00101846
20210503,2021-05-03,Power,0.0264447
20210503,2021-05-03,Residential,0.010811
20210504,2021-05-04,Domestic Aviation,0.000116091
20210504,2021-05-04,Ground Transport,0.0303419
20210504,2021-05-04,Industry,0.0494989
20210504,2021-05-04,International Aviation,0.000823426
20210504,2021-05-04,Power,0.0302618
20210504,2021-05-04,Residential,0.0103169
20210505,2021-05-05,Domestic Aviation,0.000112315
20210505,2021-05-05,Ground Transport,0.0287969
20210505,2021-05-05,Industry,0.0446053
20210505,2021-05-05,International Aviation,0.00139596
20210505,2021-05-05,Power,0.0272701
20210505,2021-05-05,Residential,0.012217
20210506,2021-05-06,Domestic Aviation,0.000123868
20210506,2021-05-06,Ground Transport,0.0289906
20210506,2021-05-06,Industry,0.0491263
20210506,2021-05-06,International Aviation,0.00157383
20210506,2021-05-06,Power,0.030034
20210506,2021-05-06,Residential,0.0121107
20210507,2021-05-07,Domestic Aviation,0.00015332
20210507,2021-05-07,Ground Transport,0.0298352
20210507,2021-05-07,Industry,0.0478815
20210507,2021-05-07,International Aviation,0.00197878
20210507,2021-05-07,Power,0.029273
20210507,2021-05-07,Residential,0.0125388
20210508,2021-05-08,Domestic Aviation,9.07771e-05
20210508,2021-05-08,Ground Transport,0.0230028
20210508,2021-05-08,Industry,0.0394802
20210508,2021-05-08,International Aviation,0.00124689
20210508,2021-05-08,Power,0.0241367
20210508,2021-05-08,Residential,0.011199
20210509,2021-05-09,Domestic Aviation,0.000152587
20210509,2021-05-09,Ground Transport,0.0189946
20210509,2021-05-09,Industry,0.0316133
20210509,2021-05-09,International Aviation,0.00111543
20210509,2021-05-09,Power,0.0193272
20210509,2021-05-09,Residential,0.00971362
20210510,2021-05-10,Domestic Aviation,0.000128886
20210510,2021-05-10,Ground Transport,0.0280602
20210510,2021-05-10,Industry,0.0331097
20210510,2021-05-10,International Aviation,0.00106119
20210510,2021-05-10,Power,0.020242
20210510,2021-05-10,Residential,0.00748371
20210511,2021-05-11,Domestic Aviation,0.000141846
20210511,2021-05-11,Ground Transport,0.0303419
20210511,2021-05-11,Industry,0.0248813
20210511,2021-05-11,International Aviation,0.00117648
20210511,2021-05-11,Power,0.0152115
20210511,2021-05-11,Residential,0.00220778
20210512,2021-05-12,Domestic Aviation,0.000104613
20210512,2021-05-12,Ground Transport,0.0287969
20210512,2021-05-12,Industry,0.0233048
20210512,2021-05-12,International Aviation,0.00176392
20210512,2021-05-12,Power,0.0142477
20210512,2021-05-12,Residential,0.000906993
20210513,2021-05-13,Domestic Aviation,7.18683e-05
20210513,2021-05-13,Ground Transport,0.0289906
20210513,2021-05-13,Industry,0.0213339
20210513,2021-05-13,International Aviation,0.00190171
20210513,2021-05-13,Power,0.0130428
20210513,2021-05-13,Residential,0.000639395
20210514,2021-05-14,Domestic Aviation,0.000118299
20210514,2021-05-14,Ground Transport,0.0298352
20210514,2021-05-14,Industry,0.0230957
20210514,2021-05-14,International Aviation,0.00217844
20210514,2021-05-14,Power,0.0141199
20210514,2021-05-14,Residential,0.0036085
20210515,2021-05-15,Domestic Aviation,6.48278e-05
20210515,2021-05-15,Ground Transport,0.0230028
20210515,2021-05-15,Industry,0.0215995
20210515,2021-05-15,International Aviation,0.00151913
20210515,2021-05-15,Power,0.0132052
20210515,2021-05-15,Residential,0.00359799
20210516,2021-05-16,Domestic Aviation,0.000126095
20210516,2021-05-16,Ground Transport,0.0189946
20210516,2021-05-16,Industry,0.0206264
20210516,2021-05-16,International Aviation,0.000923052
20210516,2021-05-16,Power,0.0126102
20210516,2021-05-16,Residential,0.00486865
20210517,2021-05-17,Domestic Aviation,0.000118688
20210517,2021-05-17,Ground Transport,0.0280602
20210517,2021-05-17,Industry,0.0244641
20210517,2021-05-17,International Aviation,0.00109553
20210517,2021-05-17,Power,0.0149564
20210517,2021-05-17,Residential,0.00359485
20210518,2021-05-18,Domestic Aviation,0.000121519
20210518,2021-05-18,Ground Transport,0.0303419
20210518,2021-05-18,Industry,0.0331356
20210518,2021-05-18,International Aviation,0.000835233
20210518,2021-05-18,Power,0.0202579
20210518,2021-05-18,Residential,0.0044467
20210519,2021-05-19,Domestic Aviation,0.000125588
20210519,2021-05-19,Ground Transport,0.0287969
20210519,2021-05-19,Industry,0.032865
20210519,2021-05-19,International Aviation,0.00169358
20210519,2021-05-19,Power,0.0200925
20210519,2021-05-19,Residential,0.00474221
20210520,2021-05-20,Domestic Aviation,0.000142968
20210520,2021-05-20,Ground Transport,0.0289906
20210520,2021-05-20,Industry,0.0311648
20210520,2021-05-20,International Aviation,0.0016025
20210520,2021-05-20,Power,0.019053
20210520,2021-05-20,Residential,0.00556586
20210521,2021-05-21,Domestic Aviation,0.000189284
20210521,2021-05-21,Ground Transport,0.0298352
20210521,2021-05-21,Industry,0.0253136
20210521,2021-05-21,International Aviation,0.00208747
20210521,2021-05-21,Power,0.0154758
20210521,2021-05-21,Residential,0.00853157
20210522,2021-05-22,Domestic Aviation,8.36373e-05
20210522,2021-05-22,Ground Transport,0.0230028
20210522,2021-05-22,Industry,0.0233821
20210522,2021-05-22,International Aviation,0.00131762
20210522,2021-05-22,Power,0.014295
20210522,2021-05-22,Residential,0.00838178
20210523,2021-05-23,Domestic Aviation,0.000133446
20210523,2021-05-23,Ground Transport,0.0189946
20210523,2021-05-23,Industry,0.0209713
20210523,2021-05-23,International Aviation,0.0014624
20210523,2021-05-23,Power,0.0128211
20210523,2021-05-23,Residential,0.00753355
20210524,2021-05-24,Domestic Aviation,0.000172192
20210524,2021-05-24,Ground Transport,0.0280602
20210524,2021-05-24,Industry,0.0334474
20210524,2021-05-24,International Aviation,0.00103641
20210524,2021-05-24,Power,0.0204485
20210524,2021-05-24,Residential,0.00819885
20210525,2021-05-25,Domestic Aviation,0.000181055
20210525,2021-05-25,Ground Transport,0.0303419
20210525,2021-05-25,Industry,0.0329693
20210525,2021-05-25,International Aviation,0.00121861
20210525,2021-05-25,Power,0.0201562
20210525,2021-05-25,Residential,0.00652012
20210526,2021-05-26,Domestic Aviation,0.000159327
20210526,2021-05-26,Ground Transport,0.0287969
20210526,2021-05-26,Industry,0.0319161
20210526,2021-05-26,International Aviation,0.00177311
20210526,2021-05-26,Power,0.0195123
20210526,2021-05-26,Residential,0.00738196
20210527,2021-05-27,Domestic Aviation,0.000168398
20210527,2021-05-27,Ground Transport,0.0289906
20210527,2021-05-27,Industry,0.0301007
20210527,2021-05-27,International Aviation,0.00155785
20210527,2021-05-27,Power,0.0184025
20210527,2021-05-27,Residential,0.00740551
20210528,2021-05-28,Domestic Aviation,0.000227114
20210528,2021-05-28,Ground Transport,0.0298352
20210528,2021-05-28,Industry,0.0275986
20210528,2021-05-28,International Aviation,0.00217638
20210528,2021-05-28,Power,0.0168728
20210528,2021-05-28,Residential,0.00682938
20210529,2021-05-29,Domestic Aviation,9.43133e-05
20210529,2021-05-29,Ground Transport,0.0230028
20210529,2021-05-29,Industry,0.0213267
20210529,2021-05-29,International Aviation,0.00140746
20210529,2021-05-29,Power,0.0130384
20210529,2021-05-29,Residential,0.00724778
20210530,2021-05-30,Domestic Aviation,0.000169357
20210530,2021-05-30,Ground Transport,0.0189946
20210530,2021-05-30,Industry,0.0202918
20210530,2021-05-30,International Aviation,0.000969678
20210530,2021-05-30,Power,0.0124057
20210530,2021-05-30,Residential,0.00563871
20210531,2021-05-31,Domestic Aviation,0.000181989
20210531,2021-05-31,Ground Transport,0.0280602
20210531,2021-05-31,Industry,0.0285883
20210531,2021-05-31,International Aviation,0.00103329
20210531,2021-05-31,Power,0.0174778
20210531,2021-05-31,Residential,0.00535404
20210601,2021-06-01,Domestic Aviation,0.000171147
20210601,2021-06-01,Ground Transport,0.0303419
20210601,2021-06-01,Industry,0.0443764
20210601,2021-06-01,International Aviation,0.0014185
20210601,2021-06-01,Power,0.0129379
20210601,2021-06-01,Residential,0.00355678
20210602,2021-06-02,Domestic Aviation,0.000182294
20210602,2021-06-02,Ground Transport,0.0287969
20210602,2021-06-02,Industry,0.0461619
20210602,2021-06-02,International Aviation,0.00132914
20210602,2021-06-02,Power,0.0134585
20210602,2021-06-02,Residential,0.00132921
20210603,2021-06-03,Domestic Aviation,0.000223904
20210603,2021-06-03,Ground Transport,0.0289906
20210603,2021-06-03,Industry,0.0481264
20210603,2021-06-03,International Aviation,0.00158696
20210603,2021-06-03,Power,0.0140312
20210603,2021-06-03,Residential,0.00064427
20210604,2021-06-04,Domestic Aviation,0.000214353
20210604,2021-06-04,Ground Transport,0.0298352
20210604,2021-06-04,Industry,0.0478689
20210604,2021-06-04,International Aviation,0.00215092
20210604,2021-06-04,Power,0.0139562
20210604,2021-06-04,Residential,0.000299262
20210605,2021-06-05,Domestic Aviation,0.000102035
20210605,2021-06-05,Ground Transport,0.0230028
20210605,2021-06-05,Industry,0.0292079
20210605,2021-06-05,International Aviation,0.00135626
20210605,2021-06-05,Power,0.00851556
20210605,2021-06-05,Residential,0.000283318
20210606,2021-06-06,Domestic Aviation,0.000173755
20210606,2021-06-06,Ground Transport,0.0189946
20210606,2021-06-06,Industry,0.0297265
20210606,2021-06-06,International Aviation,0.00142425
20210606,2021-06-06,Power,0.00866674
20210606,2021-06-06,Residential,0.000334536
20210607,2021-06-07,Domestic Aviation,0.000199749
20210607,2021-06-07,Ground Transport,0.0280602
20210607,2021-06-07,Industry,0.0463706
20210607,2021-06-07,International Aviation,0.00117737
20210607,2021-06-07,Power,0.0135193
20210607,2021-06-07,Residential,0.000443971
20210608,2021-06-08,Domestic Aviation,0.00016431
20210608,2021-06-08,Ground Transport,0.0303419
20210608,2021-06-08,Industry,0.0413904
20210608,2021-06-08,International Aviation,0.00138111
20210608,2021-06-08,Power,0.0120673
20210608,2021-06-08,Residential,0.000908897
20210609,2021-06-09,Domestic Aviation,0.000190285
20210609,2021-06-09,Ground Transport,0.0287969
20210609,2021-06-09,Industry,0.044854
20210609,2021-06-09,International Aviation,0.00130524
20210609,2021-06-09,Power,0.0130772
20210609,2021-06-09,Residential,0.000276466
20210610,2021-06-10,Domestic Aviation,0.000223876
20210610,2021-06-10,Ground Transport,0.0289906
20210610,2021-06-10,Industry,0.0438744
20210610,2021-06-10,International Aviation,0.00168703
20210610,2021-06-10,Power,0.0127916
20210610,2021-06-10,Residential,6.35739e-05
20210611,2021-06-11,Domestic Aviation,0.000215874
20210611,2021-06-11,Ground Transport,0.0298352
20210611,2021-06-11,Industry,0.0303488
20210611,2021-06-11,International Aviation,0.0026089
20210611,2021-06-11,Power,0.00884818
20210611,2021-06-11,Residential,1.4888e-05
20210612,2021-06-12,Domestic Aviation,0.000100406
20210612,2021-06-12,Ground Transport,0.0230028
20210612,2021-06-12,Industry,0.0283703
20210612,2021-06-12,International Aviation,0.00155701
20210612,2021-06-12,Power,0.00827135
20210612,2021-06-12,Residential,0.00115472
20210613,2021-06-13,Domestic Aviation,0.000176366
20210613,2021-06-13,Ground Transport,0.0189946
20210613,2021-06-13,Industry,0.0283267
20210613,2021-06-13,International Aviation,0.00127373
20210613,2021-06-13,Power,0.00825865
20210613,2021-06-13,Residential,0.00321608
20210614,2021-06-14,Domestic Aviation,0.000221344
20210614,2021-06-14,Ground Transport,0.0280602
20210614,2021-06-14,Industry,0.030836
20210614,2021-06-14,International Aviation,0.001572
20210614,2021-06-14,Power,0.00899023
20210614,2021-06-14,Residential,0.00239525
20210615,2021-06-15,Domestic Aviation,0.000160531
20210615,2021-06-15,Ground Transport,0.0303419
20210615,2021-06-15,Industry,0.0436085
20210615,2021-06-15,International Aviation,0.00145337
20210615,2021-06-15,Power,0.012714
20210615,2021-06-15,Residential,0.00322049
20210616,2021-06-16,Domestic Aviation,0.00022177
20210616,2021-06-16,Ground Transport,0.0287969
20210616,2021-06-16,Industry,0.0521659
20210616,2021-06-16,International Aviation,0.00162637
20210616,2021-06-16,Power,0.015209
20210616,2021-06-16,Residential,0.00370355
20210617,2021-06-17,Domestic Aviation,0.000228881
20210617,2021-06-17,Ground Transport,0.0289906
20210617,2021-06-17,Industry,0.0423234
20210617,2021-06-17,International Aviation,0.00179698
20210617,2021-06-17,Power,0.0123394
20210617,2021-06-17,Residential,0.00123532
20210618,2021-06-18,Domestic Aviation,0.000219108
20210618,2021-06-18,Ground Transport,0.0298352
20210618,2021-06-18,Industry,0.0271232
20210618,2021-06-18,International Aviation,0.00281044
20210618,2021-06-18,Power,0.00790774
20210618,2021-06-18,Residential,0.000417175
20210619,2021-06-19,Domestic Aviation,0.000124956
20210619,2021-06-19,Ground Transport,0.0230028
20210619,2021-06-19,Industry,0.0236668
20210619,2021-06-19,International Aviation,0.00130943
20210619,2021-06-19,Power,0.00690006
20210619,2021-06-19,Residential,0.000562862
20210620,2021-06-20,Domestic Aviation,0.000189882
20210620,2021-06-20,Ground Transport,0.0189946
20210620,2021-06-20,Industry,0.0240032
20210620,2021-06-20,International Aviation,0.00125995
20210620,2021-06-20,Power,0.00699812
20210620,2021-06-20,Residential,0.00057269
20210621,2021-06-21,Domestic Aviation,0.000197466
20210621,2021-06-21,Ground Transport,0.0280602
20210621,2021-06-21,Industry,0.0278966
20210621,2021-06-21,International Aviation,0.00130794
20210621,2021-06-21,Power,0.00813325
20210621,2021-06-21,Residential,0.000157885
20210622,2021-06-22,Domestic Aviation,0.000147603
20210622,2021-06-22,Ground Transport,0.0303419
20210622,2021-06-22,Industry,0.0445272
20210622,2021-06-22,International Aviation,0.00187784
20210622,2021-06-22,Power,0.0129819
20210622,2021-06-22,Residential,0.000197251
20210623,2021-06-23,Domestic Aviation,0.000208071
20210623,2021-06-23,Ground Transport,0.0287969
20210623,2021-06-23,Industry,0.0429768
20210623,2021-06-23,International Aviation,0.00166929
20210623,2021-06-23,Power,0.0125299
20210623,2021-06-23,Residential,0.000409239
20210624,2021-06-24,Domestic Aviation,0.000219615
20210624,2021-06-24,Ground Transport,0.0289906
20210624,2021-06-24,Industry,0.0319919
20210624,2021-06-24,International Aviation,0.00233769
20210624,2021-06-24,Power,0.00932724
20210624,2021-06-24,Residential,0.000353482
20210625,2021-06-25,Domestic Aviation,0.000140094
20210625,2021-06-25,Ground Transport,0.0298352
20210625,2021-06-25,Industry,0.023069
20210625,2021-06-25,International Aviation,0.00239198
20210625,2021-06-25,Power,0.00672577
20210625,2021-06-25,Residential,0.000149468
20210626,2021-06-26,Domestic Aviation,9.71552e-05
20210626,2021-06-26,Ground Transport,0.0230028
20210626,2021-06-26,Industry,0.0233342
20210626,2021-06-26,International Aviation,0.00123384
20210626,2021-06-26,Power,0.00680308
20210626,2021-06-26,Residential,0.000208152
20210627,2021-06-27,Domestic Aviation,0.000174229
20210627,2021-06-27,Ground Transport,0.0189946
20210627,2021-06-27,Industry,0.023225
20210627,2021-06-27,International Aviation,0.00130513
20210627,2021-06-27,Power,0.00677123
20210627,2021-06-27,Residential,0.000311686
20210628,2021-06-28,Domestic Aviation,0.000194229
20210628,2021-06-28,Ground Transport,0.0280602
20210628,2021-06-28,Industry,0.0225035
20210628,2021-06-28,International Aviation,0.00140352
20210628,2021-06-28,Power,0.00656087
20210628,2021-06-28,Residential,0.000372949
20210629,2021-06-29,Domestic Aviation,0.0001618
20210629,2021-06-29,Ground Transport,0.0303419
20210629,2021-06-29,Industry,0.0225052
20210629,2021-06-29,International Aviation,0.00145609
20210629,2021-06-29,Power,0.0065614
20210629,2021-06-29,Residential,0.000260296
20210630,2021-06-30,Domestic Aviation,0.000190002
20210630,2021-06-30,Ground Transport,0.0287969
20210630,2021-06-30,Industry,0.0234516
20210630,2021-06-30,International Aviation,0.00181834
20210630,2021-06-30,Power,0.0068373
20210630,2021-06-30,Residential,0.000632001
20210701,2021-07-01,Domestic Aviation,0.000232182
20210701,2021-07-01,Ground Transport,0.0289906
20210701,2021-07-01,Industry,0.0231789
20210701,2021-07-01,International Aviation,0.00213666
20210701,2021-07-01,Power,0.00647904
20210701,2021-07-01,Residential,0.000518274
20210702,2021-07-02,Domestic Aviation,0.000210593
20210702,2021-07-02,Ground Transport,0.0298352
20210702,2021-07-02,Industry,0.0251208
20210702,2021-07-02,International Aviation,0.00268225
20210702,2021-07-02,Power,0.00702183
20210702,2021-07-02,Residential,1.65913e-05
20210703,2021-07-03,Domestic Aviation,0.000196191
20210703,2021-07-03,Ground Transport,0.0230028
20210703,2021-07-03,Industry,0.0234884
20210703,2021-07-03,International Aviation,0.00188537
20210703,2021-07-03,Power,0.00656555
20210703,2021-07-03,Residential,4.27221e-06
20210704,2021-07-04,Domestic Aviation,0.000247076
20210704,2021-07-04,Ground Transport,0.0189946
20210704,2021-07-04,Industry,0.0237747
20210704,2021-07-04,International Aviation,0.00159725
20210704,2021-07-04,Power,0.00664556
20210704,2021-07-04,Residential,1.41201e-06
20210705,2021-07-05,Domestic Aviation,0.000191552
20210705,2021-07-05,Ground Transport,0.0280602
20210705,2021-07-05,Industry,0.0292386
20210705,2021-07-05,International Aviation,0.00120753
20210705,2021-07-05,Power,0.00817286
20210705,2021-07-05,Residential,1.43856e-08
20210706,2021-07-06,Domestic Aviation,0.000182833
20210706,2021-07-06,Ground Transport,0.0303419
20210706,2021-07-06,Industry,0.0239078
20210706,2021-07-06,International Aviation,0.00155353
20210706,2021-07-06,Power,0.00668277
20210706,2021-07-06,Residential,0.0
20210707,2021-07-07,Domestic Aviation,0.000202404
20210707,2021-07-07,Ground Transport,0.0287969
20210707,2021-07-07,Industry,0.0237138
20210707,2021-07-07,International Aviation,0.00212642
20210707,2021-07-07,Power,0.00662855
20210707,2021-07-07,Residential,2.22476e-08
20210708,2021-07-08,Domestic Aviation,0.000200164
20210708,2021-07-08,Ground Transport,0.0289906
20210708,2021-07-08,Industry,0.0243339
20210708,2021-07-08,International Aviation,0.00220254
20210708,2021-07-08,Power,0.00680188
20210708,2021-07-08,Residential,2.11252e-06
20210709,2021-07-09,Domestic Aviation,0.000202065
20210709,2021-07-09,Ground Transport,0.0298352
20210709,2021-07-09,Industry,0.0249765
20210709,2021-07-09,International Aviation,0.00277511
20210709,2021-07-09,Power,0.0069815
20210709,2021-07-09,Residential,8.23455e-06
20210710,2021-07-10,Domestic Aviation,0.000153733
20210710,2021-07-10,Ground Transport,0.0230028
20210710,2021-07-10,Industry,0.023425
20210710,2021-07-10,International Aviation,0.00162736
20210710,2021-07-10,Power,0.00654781
20210710,2021-07-10,Residential,8.92886e-07
20210711,2021-07-11,Domestic Aviation,0.000254575
20210711,2021-07-11,Ground Transport,0.0189946
20210711,2021-07-11,Industry,0.0234699
20210711,2021-07-11,International Aviation,0.00180276
20210711,2021-07-11,Power,0.00656038
20210711,2021-07-11,Residential,5.92843e-06
20210712,2021-07-12,Domestic Aviation,0.000221004
20210712,2021-07-12,Ground Transport,0.0280602
20210712,2021-07-12,Industry,0.0253218
20210712,2021-07-12,International Aviation,0.00156713
20210712,2021-07-12,Power,0.00707802
20210712,2021-07-12,Residential,5.6664e-06
20210713,2021-07-13,Domestic Aviation,0.000210035
20210713,2021-07-13,Ground Transport,0.0303419
20210713,2021-07-13,Industry,0.0337522
20210713,2021-07-13,International Aviation,0.00156795
20210713,2021-07-13,Power,0.0094345
20210713,2021-07-13,Residential,3.11811e-06
20210714,2021-07-14,Domestic Aviation,0.000221074
20210714,2021-07-14,Ground Transport,0.0287969
20210714,2021-07-14,Industry,0.037612
20210714,2021-07-14,International Aviation,0.00195425
20210714,2021-07-14,Power,0.0105134
20210714,2021-07-14,Residential,1.82857e-05
20210715,2021-07-15,Domestic Aviation,0.000239952
20210715,2021-07-15,Ground Transport,0.0289906
20210715,2021-07-15,Industry,0.0375482
20210715,2021-07-15,International Aviation,0.00208741
20210715,2021-07-15,Power,0.0104956
20210715,2021-07-15,Residential,7.69929e-06
20210716,2021-07-16,Domestic Aviation,0.000224582
20210716,2021-07-16,Ground Transport,0.0298352
20210716,2021-07-16,Industry,0.0396926
20210716,2021-07-16,International Aviation,0.00274134
20210716,2021-07-16,Power,0.011095
20210716,2021-07-16,Residential,0.000231619
20210717,2021-07-17,Domestic Aviation,0.000177174
20210717,2021-07-17,Ground Transport,0.0230028
20210717,2021-07-17,Industry,0.0303046
20210717,2021-07-17,International Aviation,0.00191098
20210717,2021-07-17,Power,0.00847081
20210717,2021-07-17,Residential,7.67443e-05
20210718,2021-07-18,Domestic Aviation,0.000240229
20210718,2021-07-18,Ground Transport,0.0189946
20210718,2021-07-18,Industry,0.0271941
20210718,2021-07-18,International Aviation,0.00180174
20210718,2021-07-18,Power,0.00760138
20210718,2021-07-18,Residential,0.000565944
20210719,2021-07-19,Domestic Aviation,0.000214932
20210719,2021-07-19,Ground Transport,0.0280602
20210719,2021-07-19,Industry,0.038316
20210719,2021-07-19,International Aviation,0.00177176
20210719,2021-07-19,Power,0.0107102
20210719,2021-07-19,Residential,0.00203349
20210720,2021-07-20,Domestic Aviation,0.000203712
20210720,2021-07-20,Ground Transport,0.0303419
20210720,2021-07-20,Industry,0.035031
20210720,2021-07-20,International Aviation,0.00171081
20210720,2021-07-20,Power,0.00979195
20210720,2021-07-20,Residential,0.0028179
20210721,2021-07-21,Domestic Aviation,0.000199556
20210721,2021-07-21,Ground Transport,0.0287969
20210721,2021-07-21,Industry,0.028541
20210721,2021-07-21,International Aviation,0.00253133
20210721,2021-07-21,Power,0.00797785
20210721,2021-07-21,Residential,0.00308239
20210722,2021-07-22,Domestic Aviation,0.00021481
20210722,2021-07-22,Ground Transport,0.0289906
20210722,2021-07-22,Industry,0.0308926
20210722,2021-07-22,International Aviation,0.00202699
20210722,2021-07-22,Power,0.00863517
20210722,2021-07-22,Residential,0.001767
20210723,2021-07-23,Domestic Aviation,0.000246904
20210723,2021-07-23,Ground Transport,0.0298352
20210723,2021-07-23,Industry,0.0307467
20210723,2021-07-23,International Aviation,0.00285987
20210723,2021-07-23,Power,0.00859441
20210723,2021-07-23,Residential,0.00261055
20210724,2021-07-24,Domestic Aviation,0.000180314
20210724,2021-07-24,Ground Transport,0.0230028
20210724,2021-07-24,Industry,0.0291567
20210724,2021-07-24,International Aviation,0.00183774
20210724,2021-07-24,Power,0.00814995
20210724,2021-07-24,Residential,0.00174218
20210725,2021-07-25,Domestic Aviation,0.000250687
20210725,2021-07-25,Ground Transport,0.0189946
20210725,2021-07-25,Industry,0.0293886
20210725,2021-07-25,International Aviation,0.00149115
20210725,2021-07-25,Power,0.00821479
20210725,2021-07-25,Residential,0.000152289
20210726,2021-07-26,Domestic Aviation,0.000198839
20210726,2021-07-26,Ground Transport,0.0280602
20210726,2021-07-26,Industry,0.0272263
20210726,2021-07-26,International Aviation,0.00209292
20210726,2021-07-26,Power,0.00761036
20210726,2021-07-26,Residential,5.27251e-05
20210727,2021-07-27,Domestic Aviation,0.000208571
20210727,2021-07-27,Ground Transport,0.0303419
20210727,2021-07-27,Industry,0.0283621
20210727,2021-07-27,International Aviation,0.00186255
20210727,2021-07-27,Power,0.00792784
20210727,2021-07-27,Residential,1.15115e-05
20210728,2021-07-28,Domestic Aviation,0.000185457
20210728,2021-07-28,Ground Transport,0.0287969
20210728,2021-07-28,Industry,0.0260957
20210728,2021-07-28,International Aviation,0.00223666
20210728,2021-07-28,Power,0.00729434
20210728,2021-07-28,Residential,2.10544e-05
20210729,2021-07-29,Domestic Aviation,0.000207626
20210729,2021-07-29,Ground Transport,0.0289906
20210729,2021-07-29,Industry,0.0247401
20210729,2021-07-29,International Aviation,0.00178338
20210729,2021-07-29,Power,0.00691541
20210729,2021-07-29,Residential,0.00020803
20210730,2021-07-30,Domestic Aviation,0.000208303
20210730,2021-07-30,Ground Transport,0.0298352
20210730,2021-07-30,Industry,0.0247527
20210730,2021-07-30,International Aviation,0.00269656
20210730,2021-07-30,Power,0.00691895
20210730,2021-07-30,Residential,0.00165926
20210731,2021-07-31,Domestic Aviation,0.000220944
20210731,2021-07-31,Ground Transport,0.0230028
20210731,2021-07-31,Industry,0.0243395
20210731,2021-07-31,International Aviation,0.00183957
20210731,2021-07-31,Power,0.00680345
20210731,2021-07-31,Residential,0.00114544
20210801,2021-08-01,Domestic Aviation,0.000201653
20210801,2021-08-01,Ground Transport,0.0189946
20210801,2021-08-01,Industry,0.0157985
20210801,2021-08-01,International Aviation,0.00146985
20210801,2021-08-01,Power,0.00664938
20210801,2021-08-01,Residential,0.00125167
20210802,2021-08-02,Domestic Aviation,0.000231396
20210802,2021-08-02,Ground Transport,0.0280602
20210802,2021-08-02,Industry,0.0179789
20210802,2021-08-02,International Aviation,0.00200325
20210802,2021-08-02,Power,0.00756708
20210802,2021-08-02,Residential,0.00155011
20210803,2021-08-03,Domestic Aviation,0.000192688
20210803,2021-08-03,Ground Transport,0.0303419
20210803,2021-08-03,Industry,0.0187988
20210803,2021-08-03,International Aviation,0.00200851
20210803,2021-08-03,Power,0.00791215
20210803,2021-08-03,Residential,0.00382758
20210804,2021-08-04,Domestic Aviation,0.000234766
20210804,2021-08-04,Ground Transport,0.0287969
20210804,2021-08-04,Industry,0.0224067
20210804,2021-08-04,International Aviation,0.00233241
20210804,2021-08-04,Power,0.00943068
20210804,2021-08-04,Residential,0.00334602
20210805,2021-08-05,Domestic Aviation,0.000235062
20210805,2021-08-05,Ground Transport,0.0289906
20210805,2021-08-05,Industry,0.0225133
20210805,2021-08-05,International Aviation,0.00247469
20210805,2021-08-05,Power,0.00947555
20210805,2021-08-05,Residential,0.00290877
20210806,2021-08-06,Domestic Aviation,0.000243485
20210806,2021-08-06,Ground Transport,0.0298352
20210806,2021-08-06,Industry,0.0214423
20210806,2021-08-06,International Aviation,0.00288506
20210806,2021-08-06,Power,0.00902477
20210806,2021-08-06,Residential,0.00122197
20210807,2021-08-07,Domestic Aviation,0.000156387
20210807,2021-08-07,Ground Transport,0.0230028
20210807,2021-08-07,Industry,0.0179882
20210807,2021-08-07,International Aviation,0.00225815
20210807,2021-08-07,Power,0.00757096
20210807,2021-08-07,Residential,0.00118791
20210808,2021-08-08,Domestic Aviation,0.000206673
20210808,2021-08-08,Ground Transport,0.0189946
20210808,2021-08-08,Industry,0.0184601
20210808,2021-08-08,International Aviation,0.00213053
20210808,2021-08-08,Power,0.00776961
20210808,2021-08-08,Residential,0.000654948
20210809,2021-08-09,Domestic Aviation,0.000235161
20210809,2021-08-09,Ground Transport,0.0280602
20210809,2021-08-09,Industry,0.0323723
20210809,2021-08-09,International Aviation,0.0017977
20210809,2021-08-09,Power,0.0136251
20210809,2021-08-09,Residential,0.000660257
20210810,2021-08-10,Domestic Aviation,0.00021101
20210810,2021-08-10,Ground Transport,0.0303419
20210810,2021-08-10,Industry,0.0342119
20210810,2021-08-10,International Aviation,0.00186074
20210810,2021-08-10,Power,0.0143993
20210810,2021-08-10,Residential,0.000921886
20210811,2021-08-11,Domestic Aviation,0.000228318
20210811,2021-08-11,Ground Transport,0.0287969
20210811,2021-08-11,Industry,0.0342974
20210811,2021-08-11,International Aviation,0.00270047
20210811,2021-08-11,Power,0.0144353
20210811,2021-08-11,Residential,0.00123606
20210812,2021-08-12,Domestic Aviation,0.000243304
20210812,2021-08-12,Ground Transport,0.0289906
20210812,2021-08-12,Industry,0.0350808
20210812,2021-08-12,International Aviation,0.00207425
20210812,2021-08-12,Power,0.014765
20210812,2021-08-12,Residential,0.00101439
20210813,2021-08-13,Domestic Aviation,0.000268404
20210813,2021-08-13,Ground Transport,0.0298352
20210813,2021-08-13,Industry,0.0316327
20210813,2021-08-13,International Aviation,0.00259983
20210813,2021-08-13,Power,0.0133138
20210813,2021-08-13,Residential,0.000567951
20210814,2021-08-14,Domestic Aviation,0.000146534
20210814,2021-08-14,Ground Transport,0.0230028
20210814,2021-08-14,Industry,0.0282268
20210814,2021-08-14,International Aviation,0.00243565
20210814,2021-08-14,Power,0.0118803
20210814,2021-08-14,Residential,0.00139227
20210815,2021-08-15,Domestic Aviation,0.000193987
20210815,2021-08-15,Ground Transport,0.0189946
20210815,2021-08-15,Industry,0.0280712
20210815,2021-08-15,International Aviation,0.00179261
20210815,2021-08-15,Power,0.0118148
20210815,2021-08-15,Residential,0.003276
20210816,2021-08-16,Domestic Aviation,0.000261397
20210816,2021-08-16,Ground Transport,0.0280602
20210816,2021-08-16,Industry,0.0367514
20210816,2021-08-16,International Aviation,0.00182598
20210816,2021-08-16,Power,0.0154681
20210816,2021-08-16,Residential,0.0025086
20210817,2021-08-17,Domestic Aviation,0.000180679
20210817,2021-08-17,Ground Transport,0.0303419
20210817,2021-08-17,Industry,0.0340245
20210817,2021-08-17,International Aviation,0.00207362
20210817,2021-08-17,Power,0.0143204
20210817,2021-08-17,Residential,0.00139067
20210818,2021-08-18,Domestic Aviation,0.000202705
20210818,2021-08-18,Ground Transport,0.0287969
20210818,2021-08-18,Industry,0.0355792
20210818,2021-08-18,International Aviation,0.00247927
20210818,2021-08-18,Power,0.0149748
20210818,2021-08-18,Residential,0.00259382
20210819,2021-08-19,Domestic Aviation,0.000252925
20210819,2021-08-19,Ground Transport,0.0289906
20210819,2021-08-19,Industry,0.0382806
20210819,2021-08-19,International Aviation,0.00237417
20210819,2021-08-19,Power,0.0161118
20210819,2021-08-19,Residential,0.00314499
20210820,2021-08-20,Domestic Aviation,0.00024942
20210820,2021-08-20,Ground Transport,0.0298352
20210820,2021-08-20,Industry,0.0387366
20210820,2021-08-20,International Aviation,0.00286406
20210820,2021-08-20,Power,0.0163037
20210820,2021-08-20,Residential,0.00325655
20210821,2021-08-21,Domestic Aviation,0.000159143
20210821,2021-08-21,Ground Transport,0.0230028
20210821,2021-08-21,Industry,0.0358337
20210821,2021-08-21,International Aviation,0.00228064
20210821,2021-08-21,Power,0.0150819
20210821,2021-08-21,Residential,0.00381949
20210822,2021-08-22,Domestic Aviation,0.000202758
20210822,2021-08-22,Ground Transport,0.0189946
20210822,2021-08-22,Industry,0.0361506
20210822,2021-08-22,International Aviation,0.00188177
20210822,2021-08-22,Power,0.0152153
20210822,2021-08-22,Residential,0.00464648
20210823,2021-08-23,Domestic Aviation,0.000219067
20210823,2021-08-23,Ground Transport,0.0280602
20210823,2021-08-23,Industry,0.0372539
20210823,2021-08-23,International Aviation,0.00216325
20210823,2021-08-23,Power,0.0156796
20210823,2021-08-23,Residential,0.00667069
20210824,2021-08-24,Domestic Aviation,0.000204559
20210824,2021-08-24,Ground Transport,0.0303419
20210824,2021-08-24,Industry,0.0422387
20210824,2021-08-24,International Aviation,0.00212178
20210824,2021-08-24,Power,0.0177777
20210824,2021-08-24,Residential,0.00656486
20210825,2021-08-25,Domestic Aviation,0.000200378
20210825,2021-08-25,Ground Transport,0.0287969
20210825,2021-08-25,Industry,0.0456853
20210825,2021-08-25,International Aviation,0.00256328
20210825,2021-08-25,Power,0.0192283
20210825,2021-08-25,Residential,0.00564641
20210826,2021-08-26,Domestic Aviation,0.000250841
20210826,2021-08-26,Ground Transport,0.0289906
20210826,2021-08-26,Industry,0.0423111
20210826,2021-08-26,International Aviation,0.00232889
20210826,2021-08-26,Power,0.0178081
20210826,2021-08-26,Residential,0.00467155
20210827,2021-08-27,Domestic Aviation,0.000227724
20210827,2021-08-27,Ground Transport,0.0298352
20210827,2021-08-27,Industry,0.0453205
20210827,2021-08-27,International Aviation,0.00295471
20210827,2021-08-27,Power,0.0190748
20210827,2021-08-27,Residential,0.00457364
20210828,2021-08-28,Domestic Aviation,0.000182697
20210828,2021-08-28,Ground Transport,0.0230028
20210828,2021-08-28,Industry,0.0202965
20210828,2021-08-28,International Aviation,0.00254953
20210828,2021-08-28,Power,0.00854249
20210828,2021-08-28,Residential,0.0030743
20210829,2021-08-29,Domestic Aviation,0.000232739
20210829,2021-08-29,Ground Transport,0.0189946
20210829,2021-08-29,Industry,0.0229796
20210829,2021-08-29,International Aviation,0.00170553
20210829,2021-08-29,Power,0.00967179
20210829,2021-08-29,Residential,0.00310292
20210830,2021-08-30,Domestic Aviation,0.000251161
20210830,2021-08-30,Ground Transport,0.0280602
20210830,2021-08-30,Industry,0.0465648
20210830,2021-08-30,International Aviation,0.00191747
20210830,2021-08-30,Power,0.0195985
20210830,2021-08-30,Residential,0.00381785
20210831,2021-08-31,Domestic Aviation,0.000223305
20210831,2021-08-31,Ground Transport,0.0303419
20210831,2021-08-31,Industry,0.0500609
20210831,2021-08-31,International Aviation,0.00210867
20210831,2021-08-31,Power,0.0210699
20210831,2021-08-31,Residential,0.00392895
20210901,2021-09-01,Domestic Aviation,0.000240309
20210901,2021-09-01,Ground Transport,0.0287969
20210901,2021-09-01,Industry,0.0313578
20210901,2021-09-01,International Aviation,0.00318581
20210901,2021-09-01,Power,0.0220123
20210901,2021-09-01,Residential,0.00603865
20210902,2021-09-02,Domestic Aviation,0.000293646
20210902,2021-09-02,Ground Transport,0.0289906
20210902,2021-09-02,Industry,0.0337771
20210902,2021-09-02,International Aviation,0.00271927
20210902,2021-09-02,Power,0.0237107
20210902,2021-09-02,Residential,0.00707176
20210903,2021-09-03,Domestic Aviation,0.000310928
20210903,2021-09-03,Ground Transport,0.0298352
20210903,2021-09-03,Industry,0.0332272
20210903,2021-09-03,International Aviation,0.00308242
20210903,2021-09-03,Power,0.0233246
20210903,2021-09-03,Residential,0.00783853
20210904,2021-09-04,Domestic Aviation,0.000197142
20210904,2021-09-04,Ground Transport,0.0230028
20210904,2021-09-04,Industry,0.0290615
20210904,2021-09-04,International Aviation,0.00301701
20210904,2021-09-04,Power,0.0204004
20210904,2021-09-04,Residential,0.00873911
20210905,2021-09-05,Domestic Aviation,0.000268562
20210905,2021-09-05,Ground Transport,0.0189946
20210905,2021-09-05,Industry,0.031022
20210905,2021-09-05,International Aviation,0.00195791
20210905,2021-09-05,Power,0.0217766
20210905,2021-09-05,Residential,0.00806758
20210906,2021-09-06,Domestic Aviation,0.000249412
20210906,2021-09-06,Ground Transport,0.0280602
20210906,2021-09-06,Industry,0.0338826
20210906,2021-09-06,International Aviation,0.00221859
20210906,2021-09-06,Power,0.0237847
20210906,2021-09-06,Residential,0.0067141
20210907,2021-09-07,Domestic Aviation,0.000206245
20210907,2021-09-07,Ground Transport,0.0303419
20210907,2021-09-07,Industry,0.0318866
20210907,2021-09-07,International Aviation,0.00214816
20210907,2021-09-07,Power,0.0223836
20210907,2021-09-07,Residential,0.00515477
20210908,2021-09-08,Domestic Aviation,0.00023483
20210908,2021-09-08,Ground Transport,0.0287969
20210908,2021-09-08,Industry,0.0273267
20210908,2021-09-08,International Aviation,0.00325962
20210908,2021-09-08,Power,0.0191826
20210908,2021-09-08,Residential,0.00318457
20210909,2021-09-09,Domestic Aviation,0.000268788
20210909,2021-09-09,Ground Transport,0.0289906
20210909,2021-09-09,Industry,0.0329051
20210909,2021-09-09,International Aviation,0.00273516
20210909,2021-09-09,Power,0.0230986
20210909,2021-09-09,Residential,0.0049431
20210910,2021-09-10,Domestic Aviation,0.000274265
20210910,2021-09-10,Ground Transport,0.0298352
20210910,2021-09-10,Industry,0.0329221
20210910,2021-09-10,International Aviation,0.00348842
20210910,2021-09-10,Power,0.0231105
20210910,2021-09-10,Residential,0.0059071
20210911,2021-09-11,Domestic Aviation,0.000164961
20210911,2021-09-11,Ground Transport,0.0230028
20210911,2021-09-11,Industry,0.0329805
20210911,2021-09-11,International Aviation,0.00268061
20210911,2021-09-11,Power,0.0231515
20210911,2021-09-11,Residential,0.00488953
20210912,2021-09-12,Domestic Aviation,0.000230997
20210912,2021-09-12,Ground Transport,0.0189946
20210912,2021-09-12,Industry,0.0333548
20210912,2021-09-12,International Aviation,0.00288052
20210912,2021-09-12,Power,0.0234142
20210912,2021-09-12,Residential,0.00427898
20210913,2021-09-13,Domestic Aviation,0.000245447
20210913,2021-09-13,Ground Transport,0.0280602
20210913,2021-09-13,Industry,0.0297575
20210913,2021-09-13,International Aviation,0.0021036
20210913,2021-09-13,Power,0.020889
20210913,2021-09-13,Residential,0.00626908
20210914,2021-09-14,Domestic Aviation,0.000225444
20210914,2021-09-14,Ground Transport,0.0303419
20210914,2021-09-14,Industry,0.0333895
20210914,2021-09-14,International Aviation,0.0023836
20210914,2021-09-14,Power,0.0234386
20210914,2021-09-14,Residential,0.00879427
20210915,2021-09-15,Domestic Aviation,0.000249089
20210915,2021-09-15,Ground Transport,0.0287969
20210915,2021-09-15,Industry,0.0391651
20210915,2021-09-15,International Aviation,0.00341772
20210915,2021-09-15,Power,0.0274929
20210915,2021-09-15,Residential,0.00921569
20210916,2021-09-16,Domestic Aviation,0.000268318
20210916,2021-09-16,Ground Transport,0.0289906
20210916,2021-09-16,Industry,0.039337
20210916,2021-09-16,International Aviation,0.00278097
20210916,2021-09-16,Power,0.0276136
20210916,2021-09-16,Residential,0.00931703
20210917,2021-09-17,Domestic Aviation,0.000311088
20210917,2021-09-17,Ground Transport,0.0298352
20210917,2021-09-17,Industry,0.0394391
20210917,2021-09-17,International Aviation,0.00345432
20210917,2021-09-17,Power,0.0276853
20210917,2021-09-17,Residential,0.00896443
20210918,2021-09-18,Domestic Aviation,0.00016733
20210918,2021-09-18,Ground Transport,0.0230028
20210918,2021-09-18,Industry,0.0387279
20210918,2021-09-18,International Aviation,0.00300786
20210918,2021-09-18,Power,0.027186
20210918,2021-09-18,Residential,0.00861486
20210919,2021-09-19,Domestic Aviation,0.00027972
20210919,2021-09-19,Ground Transport,0.0189946
20210919,2021-09-19,Industry,0.0366107
20210919,2021-09-19,International Aviation,0.00238199
20210919,2021-09-19,Power,0.0256998
20210919,2021-09-19,Residential,0.00890355
20210920,2021-09-20,Domestic Aviation,0.000243475
20210920,2021-09-20,Ground Transport,0.0280602
20210920,2021-09-20,Industry,0.0436269
20210920,2021-09-20,International Aviation,0.00210581
20210920,2021-09-20,Power,0.0306249
20210920,2021-09-20,Residential,0.00981905
20210921,2021-09-21,Domestic Aviation,0.000205915
20210921,2021-09-21,Ground Transport,0.0303419
20210921,2021-09-21,Industry,0.0453887
20210921,2021-09-21,International Aviation,0.00195195
20210921,2021-09-21,Power,0.0318617
20210921,2021-09-21,Residential,0.0109653
20210922,2021-09-22,Domestic Aviation,0.000259956
20210922,2021-09-22,Ground Transport,0.0287969
20210922,2021-09-22,Industry,0.0428926
20210922,2021-09-22,International Aviation,0.00288249
20210922,2021-09-22,Power,0.0301096
20210922,2021-09-22,Residential,0.010546
20210923,2021-09-23,Domestic Aviation,0.000238287
20210923,2021-09-23,Ground Transport,0.0289906
20210923,2021-09-23,Industry,0.0330228
20210923,2021-09-23,International Aviation,0.00319891
20210923,2021-09-23,Power,0.0231812
20210923,2021-09-23,Residential,0.0089911
20210924,2021-09-24,Domestic Aviation,0.000281824
20210924,2021-09-24,Ground Transport,0.0298352
20210924,2021-09-24,Industry,0.0400902
20210924,2021-09-24,International Aviation,0.00308053
20210924,2021-09-24,Power,0.0281423
20210924,2021-09-24,Residential,0.00806454
20210925,2021-09-25,Domestic Aviation,0.00016028
20210925,2021-09-25,Ground Transport,0.0230028
20210925,2021-09-25,Industry,0.0375917
20210925,2021-09-25,International Aviation,0.00279778
20210925,2021-09-25,Power,0.0263884
20210925,2021-09-25,Residential,0.00772318
20210926,2021-09-26,Domestic Aviation,0.000250463
20210926,2021-09-26,Ground Transport,0.0189946
20210926,2021-09-26,Industry,0.0370372
20210926,2021-09-26,International Aviation,0.00251614
20210926,2021-09-26,Power,0.0259992
20210926,2021-09-26,Residential,0.00813582
20210927,2021-09-27,Domestic Aviation,0.000250703
20210927,2021-09-27,Ground Transport,0.0280602
20210927,2021-09-27,Industry,0.0390092
20210927,2021-09-27,International Aviation,0.00226319
20210927,2021-09-27,Power,0.0273835
20210927,2021-09-27,Residential,0.00818158
20210928,2021-09-28,Domestic Aviation,0.000193509
20210928,2021-09-28,Ground Transport,0.0303419
20210928,2021-09-28,Industry,0.0393138
20210928,2021-09-28,International Aviation,0.00217896
20210928,2021-09-28,Power,0.0275973
20210928,2021-09-28,Residential,0.00851068
20210929,2021-09-29,Domestic Aviation,0.000231347
20210929,2021-09-29,Ground Transport,0.0287969
20210929,2021-09-29,Industry,0.0393321
20210929,2021-09-29,International Aviation,0.00319777
20210929,2021-09-29,Power,0.0276101
20210929,2021-09-29,Residential,0.00814592
20210930,2021-09-30,Domestic Aviation,0.000237665
20210930,2021-09-30,Ground Transport,0.0289906
20210930,2021-09-30,Industry,0.0366788
20210930,2021-09-30,International Aviation,0.00281582
20210930,2021-09-30,Power,0.0257476
20210930,2021-09-30,Residential,0.00787519
20211001,2021-10-01,Domestic Aviation,0.000275209
20211001,2021-10-01,Ground Transport,0.0298352
20211001,2021-10-01,Industry,0.0300604
20211001,2021-10-01,International Aviation,0.00334127
20211001,2021-10-01,Power,0.0211193
20211001,2021-10-01,Residential,0.00740443
20211002,2021-10-02,Domestic Aviation,0.000180129
20211002,2021-10-02,Ground Transport,0.0230028
20211002,2021-10-02,Industry,0.0267486
20211002,2021-10-02,International Aviation,0.00361282
20211002,2021-10-02,Power,0.0187925
20211002,2021-10-02,Residential,0.00701191
20211003,2021-10-03,Domestic Aviation,0.000232995
20211003,2021-10-03,Ground Transport,0.0189946
20211003,2021-10-03,Industry,0.0238587
20211003,2021-10-03,International Aviation,0.00297447
20211003,2021-10-03,Power,0.0167622
20211003,2021-10-03,Residential,0.00653626
20211004,2021-10-04,Domestic Aviation,0.000291563
20211004,2021-10-04,Ground Transport,0.0280602
20211004,2021-10-04,Industry,0.0282723
20211004,2021-10-04,International Aviation,0.00260661
20211004,2021-10-04,Power,0.0198631
20211004,2021-10-04,Residential,0.00570725
20211005,2021-10-05,Domestic Aviation,0.00021612
20211005,2021-10-05,Ground Transport,0.0303419
20211005,2021-10-05,Industry,0.0287828
20211005,2021-10-05,International Aviation,0.00264591
20211005,2021-10-05,Power,0.0202217
20211005,2021-10-05,Residential,0.00643338
20211006,2021-10-06,Domestic Aviation,0.000223527
20211006,2021-10-06,Ground Transport,0.0287969
20211006,2021-10-06,Industry,0.0293558
20211006,2021-10-06,International Aviation,0.00347649
20211006,2021-10-06,Power,0.0206243
20211006,2021-10-06,Residential,0.00597241
20211007,2021-10-07,Domestic Aviation,0.000316653
20211007,2021-10-07,Ground Transport,0.0289906
20211007,2021-10-07,Industry,0.0313694
20211007,2021-10-07,International Aviation,0.00307338
20211007,2021-10-07,Power,0.0220389
20211007,2021-10-07,Residential,0.00603319
20211008,2021-10-08,Domestic Aviation,0.000272634
20211008,2021-10-08,Ground Transport,0.0298352
20211008,2021-10-08,Industry,0.0295809
20211008,2021-10-08,International Aviation,0.00373917
20211008,2021-10-08,Power,0.0207824
20211008,2021-10-08,Residential,0.00635239
20211009,2021-10-09,Domestic Aviation,0.000180649
20211009,2021-10-09,Ground Transport,0.0230028
20211009,2021-10-09,Industry,0.026241
20211009,2021-10-09,International Aviation,0.00351348
20211009,2021-10-09,Power,0.0184359
20211009,2021-10-09,Residential,0.005795
20211010,2021-10-10,Domestic Aviation,0.000238681
20211010,2021-10-10,Ground Transport,0.0189946
20211010,2021-10-10,Industry,0.0239344
20211010,2021-10-10,International Aviation,0.00262435
20211010,2021-10-10,Power,0.0168154
20211010,2021-10-10,Residential,0.00588602
20211011,2021-10-11,Domestic Aviation,0.000266765
20211011,2021-10-11,Ground Transport,0.0280602
20211011,2021-10-11,Industry,0.032049
20211011,2021-10-11,International Aviation,0.00262336
20211011,2021-10-11,Power,0.0225164
20211011,2021-10-11,Residential,0.00717454
20211012,2021-10-12,Domestic Aviation,0.000199008
20211012,2021-10-12,Ground Transport,0.0303419
20211012,2021-10-12,Industry,0.043429
20211012,2021-10-12,International Aviation,0.0026686
20211012,2021-10-12,Power,0.0305116
20211012,2021-10-12,Residential,0.00932791
20211013,2021-10-13,Domestic Aviation,0.000224912
20211013,2021-10-13,Ground Transport,0.0287969
20211013,2021-10-13,Industry,0.0462953
20211013,2021-10-13,International Aviation,0.00366839
20211013,2021-10-13,Power,0.0325253
20211013,2021-10-13,Residential,0.0111126
20211014,2021-10-14,Domestic Aviation,0.000250426
20211014,2021-10-14,Ground Transport,0.0289906
20211014,2021-10-14,Industry,0.0356555
20211014,2021-10-14,International Aviation,0.00292931
20211014,2021-10-14,Power,0.0250502
20211014,2021-10-14,Residential,0.0109288
20211015,2021-10-15,Domestic Aviation,0.000245992
20211015,2021-10-15,Ground Transport,0.0298352
20211015,2021-10-15,Industry,0.027228
20211015,2021-10-15,International Aviation,0.0040772
20211015,2021-10-15,Power,0.0191294
20211015,2021-10-15,Residential,0.00876391
20211016,2021-10-16,Domestic Aviation,0.000156381
20211016,2021-10-16,Ground Transport,0.0230028
20211016,2021-10-16,Industry,0.0230179
20211016,2021-10-16,International Aviation,0.00379925
20211016,2021-10-16,Power,0.0161715
20211016,2021-10-16,Residential,0.0109314
20211017,2021-10-17,Domestic Aviation,0.000232706
20211017,2021-10-17,Ground Transport,0.0189946
20211017,2021-10-17,Industry,0.0278106
20211017,2021-10-17,International Aviation,0.00280911
20211017,2021-10-17,Power,0.0195387
20211017,2021-10-17,Residential,0.011445
20211018,2021-10-18,Domestic Aviation,0.000260413
20211018,2021-10-18,Ground Transport,0.0280602
20211018,2021-10-18,Industry,0.0394144
20211018,2021-10-18,International Aviation,0.00270929
20211018,2021-10-18,Power,0.0276911
20211018,2021-10-18,Residential,0.01213
20211019,2021-10-19,Domestic Aviation,0.000213718
20211019,2021-10-19,Ground Transport,0.0303419
20211019,2021-10-19,Industry,0.0433319
20211019,2021-10-19,International Aviation,0.0030253
20211019,2021-10-19,Power,0.0304434
20211019,2021-10-19,Residential,0.0142964
20211020,2021-10-20,Domestic Aviation,0.000219149
20211020,2021-10-20,Ground Transport,0.0287969
20211020,2021-10-20,Industry,0.0329574
20211020,2021-10-20,International Aviation,0.00380331
20211020,2021-10-20,Power,0.0231546
20211020,2021-10-20,Residential,0.0103882
20211021,2021-10-21,Domestic Aviation,0.000262647
20211021,2021-10-21,Ground Transport,0.0289906
20211021,2021-10-21,Industry,0.0342761
20211021,2021-10-21,International Aviation,0.0031479
20211021,2021-10-21,Power,0.0240811
20211021,2021-10-21,Residential,0.00848099
20211022,2021-10-22,Domestic Aviation,0.000259919
20211022,2021-10-22,Ground Transport,0.0298352
20211022,2021-10-22,Industry,0.0353643
20211022,2021-10-22,International Aviation,0.00417229
20211022,2021-10-22,Power,0.0248456
20211022,2021-10-22,Residential,0.0118663
20211023,2021-10-23,Domestic Aviation,0.000184778
20211023,2021-10-23,Ground Transport,0.0230028
20211023,2021-10-23,Industry,0.0442073
20211023,2021-10-23,International Aviation,0.00381569
20211023,2021-10-23,Power,0.0310584
20211023,2021-10-23,Residential,0.0147135
20211024,2021-10-24,Domestic Aviation,0.000226392
20211024,2021-10-24,Ground Transport,0.0189946
20211024,2021-10-24,Industry,0.0373673
20211024,2021-10-24,International Aviation,0.0026881
20211024,2021-10-24,Power,0.0262528
20211024,2021-10-24,Residential,0.0145534
20211025,2021-10-25,Domestic Aviation,0.000258229
20211025,2021-10-25,Ground Transport,0.0280602
20211025,2021-10-25,Industry,0.0444747
20211025,2021-10-25,International Aviation,0.00288144
20211025,2021-10-25,Power,0.0312462
20211025,2021-10-25,Residential,0.00956242
20211026,2021-10-26,Domestic Aviation,0.000199189
20211026,2021-10-26,Ground Transport,0.0303419
20211026,2021-10-26,Industry,0.0445035
20211026,2021-10-26,International Aviation,0.00298144
20211026,2021-10-26,Power,0.0312665
20211026,2021-10-26,Residential,0.00892241
20211027,2021-10-27,Domestic Aviation,0.000227684
20211027,2021-10-27,Ground Transport,0.0287969
20211027,2021-10-27,Industry,0.0484079
20211027,2021-10-27,International Aviation,0.00379855
20211027,2021-10-27,Power,0.0340096
20211027,2021-10-27,Residential,0.0100654
20211028,2021-10-28,Domestic Aviation,0.000251962
20211028,2021-10-28,Ground Transport,0.0289906
20211028,2021-10-28,Industry,0.0290402
20211028,2021-10-28,International Aviation,0.00296613
20211028,2021-10-28,Power,0.0204025
20211028,2021-10-28,Residential,0.00932041
20211029,2021-10-29,Domestic Aviation,0.00026207
20211029,2021-10-29,Ground Transport,0.0298352
20211029,2021-10-29,Industry,0.0288414
20211029,2021-10-29,International Aviation,0.00378914
20211029,2021-10-29,Power,0.0202629
20211029,2021-10-29,Residential,0.00727928
20211030,2021-10-30,Domestic Aviation,0.000175318
20211030,2021-10-30,Ground Transport,0.0230028
20211030,2021-10-30,Industry,0.0261401
20211030,2021-10-30,International Aviation,0.00302886
20211030,2021-10-30,Power,0.018365
20211030,2021-10-30,Residential,0.00829356
20211031,2021-10-31,Domestic Aviation,0.000268216
20211031,2021-10-31,Ground Transport,0.0189946
20211031,2021-10-31,Industry,0.0302113
20211031,2021-10-31,International Aviation,0.00264544
20211031,2021-10-31,Power,0.0212253
20211031,2021-10-31,Residential,0.00845723
20211101,2021-11-01,Domestic Aviation,0.000298971
20211101,2021-11-01,Ground Transport,0.0280602
20211101,2021-11-01,Industry,0.0232221
20211101,2021-11-01,International Aviation,0.00323204
20211101,2021-11-01,Power,0.0225848
20211101,2021-11-01,Residential,0.00836452
20211102,2021-11-02,Domestic Aviation,0.000252995
20211102,2021-11-02,Ground Transport,0.0303419
20211102,2021-11-02,Industry,0.0305076
20211102,2021-11-02,International Aviation,0.0033938
20211102,2021-11-02,Power,0.0296704
20211102,2021-11-02,Residential,0.00948021
20211103,2021-11-03,Domestic Aviation,0.00025817
20211103,2021-11-03,Ground Transport,0.0287969
20211103,2021-11-03,Industry,0.0358937
20211103,2021-11-03,International Aviation,0.0033548
20211103,2021-11-03,Power,0.0349087
20211103,2021-11-03,Residential,0.00995794
20211104,2021-11-04,Domestic Aviation,0.000267627
20211104,2021-11-04,Ground Transport,0.0289906
20211104,2021-11-04,Industry,0.0347314
20211104,2021-11-04,International Aviation,0.00370532
20211104,2021-11-04,Power,0.0337783
20211104,2021-11-04,Residential,0.00943291
20211105,2021-11-05,Domestic Aviation,0.000319202
20211105,2021-11-05,Ground Transport,0.0298352
20211105,2021-11-05,Industry,0.0290905
20211105,2021-11-05,International Aviation,0.00314067
20211105,2021-11-05,Power,0.0282922
20211105,2021-11-05,Residential,0.0106537
20211106,2021-11-06,Domestic Aviation,0.000207004
20211106,2021-11-06,Ground Transport,0.0230028
20211106,2021-11-06,Industry,0.0201767
20211106,2021-11-06,International Aviation,0.0039444
20211106,2021-11-06,Power,0.019623
20211106,2021-11-06,Residential,0.0120744
20211107,2021-11-07,Domestic Aviation,0.000263465
20211107,2021-11-07,Ground Transport,0.0189946
20211107,2021-11-07,Industry,0.0210276
20211107,2021-11-07,International Aviation,0.00382895
20211107,2021-11-07,Power,0.0204505
20211107,2021-11-07,Residential,0.0140471
20211108,2021-11-08,Domestic Aviation,0.000294044
20211108,2021-11-08,Ground Transport,0.0280602
20211108,2021-11-08,Industry,0.0367496
20211108,2021-11-08,International Aviation,0.00309041
20211108,2021-11-08,Power,0.0357411
20211108,2021-11-08,Residential,0.0161802
20211109,2021-11-09,Domestic Aviation,0.000238011
20211109,2021-11-09,Ground Transport,0.0303419
20211109,2021-11-09,Industry,0.0322406
20211109,2021-11-09,International Aviation,0.00348862
20211109,2021-11-09,Power,0.0313558
20211109,2021-11-09,Residential,0.0155499
20211110,2021-11-10,Domestic Aviation,0.000240807
20211110,2021-11-10,Ground Transport,0.0287969
20211110,2021-11-10,Industry,0.0267902
20211110,2021-11-10,International Aviation,0.00308305
20211110,2021-11-10,Power,0.026055
20211110,2021-11-10,Residential,0.00992468
20211111,2021-11-11,Domestic Aviation,0.000273176
20211111,2021-11-11,Ground Transport,0.0289906
20211111,2021-11-11,Industry,0.0246997
20211111,2021-11-11,International Aviation,0.00434485
20211111,2021-11-11,Power,0.0240219
20211111,2021-11-11,Residential,0.0112953
20211112,2021-11-12,Domestic Aviation,0.000307461
20211112,2021-11-12,Ground Transport,0.0298352
20211112,2021-11-12,Industry,0.0347727
20211112,2021-11-12,International Aviation,0.00306796
20211112,2021-11-12,Power,0.0338184
20211112,2021-11-12,Residential,0.0121367
20211113,2021-11-13,Domestic Aviation,0.000185372
20211113,2021-11-13,Ground Transport,0.0230028
20211113,2021-11-13,Industry,0.0316877
20211113,2021-11-13,International Aviation,0.00356617
20211113,2021-11-13,Power,0.0308181
20211113,2021-11-13,Residential,0.0145817
20211114,2021-11-14,Domestic Aviation,0.000265727
20211114,2021-11-14,Ground Transport,0.0189946
20211114,2021-11-14,Industry,0.031451
20211114,2021-11-14,International Aviation,0.00372509
20211114,2021-11-14,Power,0.0305879
20211114,2021-11-14,Residential,0.0160087
20211115,2021-11-15,Domestic Aviation,0.000256116
20211115,2021-11-15,Ground Transport,0.0280602
20211115,2021-11-15,Industry,0.0337178
20211115,2021-11-15,International Aviation,0.00311823
20211115,2021-11-15,Power,0.0327925
20211115,2021-11-15,Residential,0.0145954
20211116,2021-11-16,Domestic Aviation,0.00023479
20211116,2021-11-16,Ground Transport,0.0303419
20211116,2021-11-16,Industry,0.0341366
20211116,2021-11-16,International Aviation,0.00370214
20211116,2021-11-16,Power,0.0331997
20211116,2021-11-16,Residential,0.0113577
20211117,2021-11-17,Domestic Aviation,0.000261077
20211117,2021-11-17,Ground Transport,0.0287969
20211117,2021-11-17,Industry,0.031334
20211117,2021-11-17,International Aviation,0.00333509
20211117,2021-11-17,Power,0.0304741
20211117,2021-11-17,Residential,0.0109637
20211118,2021-11-18,Domestic Aviation,0.000313981
20211118,2021-11-18,Ground Transport,0.0289906
20211118,2021-11-18,Industry,0.0313068
20211118,2021-11-18,International Aviation,0.00394264
20211118,2021-11-18,Power,0.0304477
20211118,2021-11-18,Residential,0.0122545
20211119,2021-11-19,Domestic Aviation,0.000335794
20211119,2021-11-19,Ground Transport,0.0298352
20211119,2021-11-19,Industry,0.0270191
20211119,2021-11-19,International Aviation,0.00274281
20211119,2021-11-19,Power,0.0262776
20211119,2021-11-19,Residential,0.0137316
20211120,2021-11-20,Domestic Aviation,0.000229974
20211120,2021-11-20,Ground Transport,0.0230028
20211120,2021-11-20,Industry,0.0213749
20211120,2021-11-20,International Aviation,0.00381899
20211120,2021-11-20,Power,0.0207883
20211120,2021-11-20,Residential,0.0134332
20211121,2021-11-21,Domestic Aviation,0.000346741
20211121,2021-11-21,Ground Transport,0.0189946
20211121,2021-11-21,Industry,0.0274489
20211121,2021-11-21,International Aviation,0.00399883
20211121,2021-11-21,Power,0.0266957
20211121,2021-11-21,Residential,0.0159602
20211122,2021-11-22,Domestic Aviation,0.000279863
20211122,2021-11-22,Ground Transport,0.0280602
20211122,2021-11-22,Industry,0.0440491
20211122,2021-11-22,International Aviation,0.00286243
20211122,2021-11-22,Power,0.0428403
20211122,2021-11-22,Residential,0.0184445
20211123,2021-11-23,Domestic Aviation,0.000258001
20211123,2021-11-23,Ground Transport,0.0303419
20211123,2021-11-23,Industry,0.0398815
20211123,2021-11-23,International Aviation,0.00345141
20211123,2021-11-23,Power,0.038787
20211123,2021-11-23,Residential,0.0165309
20211124,2021-11-24,Domestic Aviation,0.000287192
20211124,2021-11-24,Ground Transport,0.0287969
20211124,2021-11-24,Industry,0.0384141
20211124,2021-11-24,International Aviation,0.00327142
20211124,2021-11-24,Power,0.0373599
20211124,2021-11-24,Residential,0.0150263
20211125,2021-11-25,Domestic Aviation,0.000311032
20211125,2021-11-25,Ground Transport,0.0289906
20211125,2021-11-25,Industry,0.0400881
20211125,2021-11-25,International Aviation,0.00403118
20211125,2021-11-25,Power,0.0389879
20211125,2021-11-25,Residential,0.0155923
20211126,2021-11-26,Domestic Aviation,0.000325841
20211126,2021-11-26,Ground Transport,0.0298352
20211126,2021-11-26,Industry,0.0517735
20211126,2021-11-26,International Aviation,0.00339152
20211126,2021-11-26,Power,0.0503527
20211126,2021-11-26,Residential,0.0194223
20211127,2021-11-27,Domestic Aviation,0.000278492
20211127,2021-11-27,Ground Transport,0.0230028
20211127,2021-11-27,Industry,0.0580308
20211127,2021-11-27,International Aviation,0.00400941
20211127,2021-11-27,Power,0.0564383
20211127,2021-11-27,Residential,0.022479
20211128,2021-11-28,Domestic Aviation,0.000318569
20211128,2021-11-28,Ground Transport,0.0189946
20211128,2021-11-28,Industry,0.0582167
20211128,2021-11-28,International Aviation,0.00393991
20211128,2021-11-28,Power,0.0566191
20211128,2021-11-28,Residential,0.0229713
20211129,2021-11-29,Domestic Aviation,0.000372044
20211129,2021-11-29,Ground Transport,0.0280602
20211129,2021-11-29,Industry,0.0606071
20211129,2021-11-29,International Aviation,0.00304077
20211129,2021-11-29,Power,0.0589438
20211129,2021-11-29,Residential,0.0229639
20211130,2021-11-30,Domestic Aviation,0.000326781
20211130,2021-11-30,Ground Transport,0.0303419
20211130,2021-11-30,Industry,0.0576905
20211130,2021-11-30,International Aviation,0.0035745
20211130,2021-11-30,Power,0.0561073
20211130,2021-11-30,Residential,0.0226217
20211201,2021-12-01,Domestic Aviation,0.000339629
20211201,2021-12-01,Ground Transport,0.0287969
20211201,2021-12-01,Industry,0.0380796
20211201,2021-12-01,International Aviation,0.00463476
20211201,2021-12-01,Power,0.0618179
20211201,2021-12-01,Residential,0.0212983
20211202,2021-12-02,Domestic Aviation,0.000395882
20211202,2021-12-02,Ground Transport,0.0289906
20211202,2021-12-02,Industry,0.0385326
20211202,2021-12-02,International Aviation,0.00456407
20211202,2021-12-02,Power,0.0625532
20211202,2021-12-02,Residential,0.0225626
20211203,2021-12-03,Domestic Aviation,0.00039381
20211203,2021-12-03,Ground Transport,0.0298352
20211203,2021-12-03,Industry,0.0385865
20211203,2021-12-03,International Aviation,0.00431351
20211203,2021-12-03,Power,0.0626407
20211203,2021-12-03,Residential,0.0218533
20211204,2021-12-04,Domestic Aviation,0.000353821
20211204,2021-12-04,Ground Transport,0.0230028
20211204,2021-12-04,Industry,0.0405346
20211204,2021-12-04,International Aviation,0.00471644
20211204,2021-12-04,Power,0.0658033
20211204,2021-12-04,Residential,0.0241217
20211205,2021-12-05,Domestic Aviation,0.000391469
20211205,2021-12-05,Ground Transport,0.0189946
20211205,2021-12-05,Industry,0.039392
20211205,2021-12-05,International Aviation,0.00516226
20211205,2021-12-05,Power,0.0639484
20211205,2021-12-05,Residential,0.0291076
20211206,2021-12-06,Domestic Aviation,0.000356663
20211206,2021-12-06,Ground Transport,0.0280602
20211206,2021-12-06,Industry,0.0457499
20211206,2021-12-06,International Aviation,0.00382283
20211206,2021-12-06,Power,0.0742698
20211206,2021-12-06,Residential,0.0262436
20211207,2021-12-07,Domestic Aviation,0.000354117
20211207,2021-12-07,Ground Transport,0.0303419
20211207,2021-12-07,Industry,0.0473495
20211207,2021-12-07,International Aviation,0.00421181
20211207,2021-12-07,Power,0.0768665
20211207,2021-12-07,Residential,0.0273372
20211208,2021-12-08,Domestic Aviation,0.000398717
20211208,2021-12-08,Ground Transport,0.0287969
20211208,2021-12-08,Industry,0.0475748
20211208,2021-12-08,International Aviation,0.0049174
20211208,2021-12-08,Power,0.0772323
20211208,2021-12-08,Residential,0.0284549
20211209,2021-12-09,Domestic Aviation,0.000371776
20211209,2021-12-09,Ground Transport,0.0289906
20211209,2021-12-09,Industry,0.0454085
20211209,2021-12-09,International Aviation,0.00458342
20211209,2021-12-09,Power,0.0737154
20211209,2021-12-09,Residential,0.0239037
20211210,2021-12-10,Domestic Aviation,0.000361407
20211210,2021-12-10,Ground Transport,0.0298352
20211210,2021-12-10,Industry,0.0401878
20211210,2021-12-10,International Aviation,0.00369042
20211210,2021-12-10,Power,0.0652403
20211210,2021-12-10,Residential,0.0195934
20211211,2021-12-11,Domestic Aviation,0.000339807
20211211,2021-12-11,Ground Transport,0.0230028
20211211,2021-12-11,Industry,0.0359676
20211211,2021-12-11,International Aviation,0.0048036
20211211,2021-12-11,Power,0.0583893
20211211,2021-12-11,Residential,0.0168408
20211212,2021-12-12,Domestic Aviation,0.000391556
20211212,2021-12-12,Ground Transport,0.0189946
20211212,2021-12-12,Industry,0.0337332
20211212,2021-12-12,International Aviation,0.00508596
20211212,2021-12-12,Power,0.0547619
20211212,2021-12-12,Residential,0.0157205
20211213,2021-12-13,Domestic Aviation,0.000368987
20211213,2021-12-13,Ground Transport,0.0280602
20211213,2021-12-13,Industry,0.0359418
20211213,2021-12-13,International Aviation,0.00416503
20211213,2021-12-13,Power,0.0583473
20211213,2021-12-13,Residential,0.0149694
20211214,2021-12-14,Domestic Aviation,0.000352962
20211214,2021-12-14,Ground Transport,0.0303419
20211214,2021-12-14,Industry,0.0329206
20211214,2021-12-14,International Aviation,0.00436938
20211214,2021-12-14,Power,0.0534428
20211214,2021-12-14,Residential,0.0138452
20211215,2021-12-15,Domestic Aviation,0.000336609
20211215,2021-12-15,Ground Transport,0.0287969
20211215,2021-12-15,Industry,0.0244853
20211215,2021-12-15,International Aviation,0.00450919
20211215,2021-12-15,Power,0.0397492
20211215,2021-12-15,Residential,0.0136844
20211216,2021-12-16,Domestic Aviation,0.000363345
20211216,2021-12-16,Ground Transport,0.0289906
20211216,2021-12-16,Industry,0.0259845
20211216,2021-12-16,International Aviation,0.00461527
20211216,2021-12-16,Power,0.0421828
20211216,2021-12-16,Residential,0.0137567
20211217,2021-12-17,Domestic Aviation,0.000435359
20211217,2021-12-17,Ground Transport,0.0298352
20211217,2021-12-17,Industry,0.0303128
20211217,2021-12-17,International Aviation,0.00431674
20211217,2021-12-17,Power,0.0492093
20211217,2021-12-17,Residential,0.0150064
20211218,2021-12-18,Domestic Aviation,0.000379524
20211218,2021-12-18,Ground Transport,0.0230028
20211218,2021-12-18,Industry,0.0236229
20211218,2021-12-18,International Aviation,0.00500215
20211218,2021-12-18,Power,0.0383491
20211218,2021-12-18,Residential,0.0134961
20211219,2021-12-19,Domestic Aviation,0.000453352
20211219,2021-12-19,Ground Transport,0.0189946
20211219,2021-12-19,Industry,0.0240187
20211219,2021-12-19,International Aviation,0.00541443
20211219,2021-12-19,Power,0.0389917
20211219,2021-12-19,Residential,0.0165373
20211220,2021-12-20,Domestic Aviation,0.000367267
20211220,2021-12-20,Ground Transport,0.0280602
20211220,2021-12-20,Industry,0.0397103
20211220,2021-12-20,International Aviation,0.00392833
20211220,2021-12-20,Power,0.0644651
20211220,2021-12-20,Residential,0.023431
20211221,2021-12-21,Domestic Aviation,0.000392105
20211221,2021-12-21,Ground Transport,0.0303419
20211221,2021-12-21,Industry,0.0482427
20211221,2021-12-21,International Aviation,0.00489407
20211221,2021-12-21,Power,0.0783165
20211221,2021-12-21,Residential,0.0259586
20211222,2021-12-22,Domestic Aviation,0.000381641
20211222,2021-12-22,Ground Transport,0.0287969
20211222,2021-12-22,Industry,0.0483781
20211222,2021-12-22,International Aviation,0.00506984
20211222,2021-12-22,Power,0.0785363
20211222,2021-12-22,Residential,0.0242221
20211223,2021-12-23,Domestic Aviation,0.000446005
20211223,2021-12-23,Ground Transport,0.0289906
20211223,2021-12-23,Industry,0.0394997
20211223,2021-12-23,International Aviation,0.00485378
20211223,2021-12-23,Power,0.0641232
20211223,2021-12-23,Residential,0.0187281
20211224,2021-12-24,Domestic Aviation,0.000232967
20211224,2021-12-24,Ground Transport,0.0298352
20211224,2021-12-24,Industry,0.0367966
20211224,2021-12-24,International Aviation,0.00300137
20211224,2021-12-24,Power,0.0597351
20211224,2021-12-24,Residential,0.0245753
20211225,2021-12-25,Domestic Aviation,0.000279403
20211225,2021-12-25,Ground Transport,0.0230028
20211225,2021-12-25,Industry,0.0373605
20211225,2021-12-25,International Aviation,0.00418766
20211225,2021-12-25,Power,0.0606505
20211225,2021-12-25,Residential,0.0252613
20211226,2021-12-26,Domestic Aviation,0.000491196
20211226,2021-12-26,Ground Transport,0.0189946
20211226,2021-12-26,Industry,0.0419399
20211226,2021-12-26,International Aviation,0.00490099
20211226,2021-12-26,Power,0.0680846
20211226,2021-12-26,Residential,0.0265221
20211227,2021-12-27,Domestic Aviation,0.000433221
20211227,2021-12-27,Ground Transport,0.0280602
20211227,2021-12-27,Industry,0.0436301
20211227,2021-12-27,International Aviation,0.00368719
20211227,2021-12-27,Power,0.0708284
20211227,2021-12-27,Residential,0.0247454
20211228,2021-12-28,Domestic Aviation,0.000410631
20211228,2021-12-28,Ground Transport,0.0303419
20211228,2021-12-28,Industry,0.0357293
20211228,2021-12-28,International Aviation,0.00446335
20211228,2021-12-28,Power,0.0580024
20211228,2021-12-28,Residential,0.0205101
20211229,2021-12-29,Domestic Aviation,0.000388878
20211229,2021-12-29,Ground Transport,0.0287969
20211229,2021-12-29,Industry,0.0398139
20211229,2021-12-29,International Aviation,0.00392401
20211229,2021-12-29,Power,0.0646333
20211229,2021-12-29,Residential,0.0179253
20211230,2021-12-30,Domestic Aviation,0.000417346
20211230,2021-12-30,Ground Transport,0.0289906
20211230,2021-12-30,Industry,0.0271177
20211230,2021-12-30,International Aviation,0.00395318
20211230,2021-12-30,Power,0.0440226
20211230,2021-12-30,Residential,0.0166621
20211231,2021-12-31,Domestic Aviation,0.000304699
20211231,2021-12-31,Ground Transport,0.0298352
20211231,2021-12-31,Industry,0.0272986
20211231,2021-12-31,International Aviation,0.00334048
20211231,2021-12-31,Power,0.0443162
20211231,2021-12-31,Residential,0.0165348
20220101,2022-01-01,Domestic Aviation,0.000380219
20220101,2022-01-01,Ground Transport,0.0202643
20220101,2022-01-01,Industry,0.0278036
20220101,2022-01-01,International Aviation,0.00471459
20220101,2022-01-01,Power,0.0472611
20220101,2022-01-01,Residential,0.0217967
20220102,2022-01-02,Domestic Aviation,0.000587301
20220102,2022-01-02,Ground Transport,0.0167024
20220102,2022-01-02,Industry,0.0271439
20220102,2022-01-02,International Aviation,0.00562649
20220102,2022-01-02,Power,0.0461399
20220102,2022-01-02,Residential,0.0220455
20220103,2022-01-03,Domestic Aviation,0.000424172
20220103,2022-01-03,Ground Transport,0.0246864
20220103,2022-01-03,Industry,0.0294561
20220103,2022-01-03,International Aviation,0.00391481
20220103,2022-01-03,Power,0.0500701
20220103,2022-01-03,Residential,0.0201547
20220104,2022-01-04,Domestic Aviation,0.000395095
20220104,2022-01-04,Ground Transport,0.0266883
20220104,2022-01-04,Industry,0.0316192
20220104,2022-01-04,International Aviation,0.00422655
20220104,2022-01-04,Power,0.053747
20220104,2022-01-04,Residential,0.0190396
20220105,2022-01-05,Domestic Aviation,0.000340237
20220105,2022-01-05,Ground Transport,0.0253178
20220105,2022-01-05,Industry,0.030122
20220105,2022-01-05,International Aviation,0.00400562
20220105,2022-01-05,Power,0.051202
20220105,2022-01-05,Residential,0.018285
20220106,2022-01-06,Domestic Aviation,0.000419356
20220106,2022-01-06,Ground Transport,0.0254706
20220106,2022-01-06,Industry,0.0342303
20220106,2022-01-06,International Aviation,0.00411846
20220106,2022-01-06,Power,0.0581854
20220106,2022-01-06,Residential,0.0232153
20220107,2022-01-07,Domestic Aviation,0.000475199
20220107,2022-01-07,Ground Transport,0.0262217
20220107,2022-01-07,Industry,0.0351974
20220107,2022-01-07,International Aviation,0.00446013
20220107,2022-01-07,Power,0.0598293
20220107,2022-01-07,Residential,0.0239497
20220108,2022-01-08,Domestic Aviation,0.000397679
20220108,2022-01-08,Ground Transport,0.0202643
20220108,2022-01-08,Industry,0.0346067
20220108,2022-01-08,International Aviation,0.00513943
20220108,2022-01-08,Power,0.0588253
20220108,2022-01-08,Residential,0.0256642
20220109,2022-01-09,Domestic Aviation,0.000440407
20220109,2022-01-09,Ground Transport,0.0167024
20220109,2022-01-09,Industry,0.033868
20220109,2022-01-09,International Aviation,0.00544294
20220109,2022-01-09,Power,0.0575695
20220109,2022-01-09,Residential,0.0248918
20220110,2022-01-10,Domestic Aviation,0.000427068
20220110,2022-01-10,Ground Transport,0.0246864
20220110,2022-01-10,Industry,0.038347
20220110,2022-01-10,International Aviation,0.00377352
20220110,2022-01-10,Power,0.0651831
20220110,2022-01-10,Residential,0.0293583
20220111,2022-01-11,Domestic Aviation,0.000329645
20220111,2022-01-11,Ground Transport,0.0266883
20220111,2022-01-11,Industry,0.0355838
20220111,2022-01-11,International Aviation,0.00411384
20220111,2022-01-11,Power,0.0604862
20220111,2022-01-11,Residential,0.0247803
20220112,2022-01-12,Domestic Aviation,0.000356981
20220112,2022-01-12,Ground Transport,0.0253178
20220112,2022-01-12,Industry,0.0262759
20220112,2022-01-12,International Aviation,0.0041007
20220112,2022-01-12,Power,0.0446643
20220112,2022-01-12,Residential,0.0156457
20220113,2022-01-13,Domestic Aviation,0.000364164
20220113,2022-01-13,Ground Transport,0.0254706
20220113,2022-01-13,Industry,0.0184202
20220113,2022-01-13,International Aviation,0.00417773
20220113,2022-01-13,Power,0.031311
20220113,2022-01-13,Residential,0.012983
20220114,2022-01-14,Domestic Aviation,0.000388921
20220114,2022-01-14,Ground Transport,0.0262217
20220114,2022-01-14,Industry,0.0196008
20220114,2022-01-14,International Aviation,0.00369406
20220114,2022-01-14,Power,0.0333179
20220114,2022-01-14,Residential,0.0150669
20220115,2022-01-15,Domestic Aviation,0.000318979
20220115,2022-01-15,Ground Transport,0.021527
20220115,2022-01-15,Industry,0.0234855
20220115,2022-01-15,International Aviation,0.00502313
20220115,2022-01-15,Power,0.0399213
20220115,2022-01-15,Residential,0.0171028
20220116,2022-01-16,Domestic Aviation,0.000418703
20220116,2022-01-16,Ground Transport,0.0167024
20220116,2022-01-16,Industry,0.0202913
20220116,2022-01-16,International Aviation,0.00484512
20220116,2022-01-16,Power,0.0344917
20220116,2022-01-16,Residential,0.0160683
20220117,2022-01-17,Domestic Aviation,0.000367374
20220117,2022-01-17,Ground Transport,0.0246864
20220117,2022-01-17,Industry,0.0244732
20220117,2022-01-17,International Aviation,0.00286408
20220117,2022-01-17,Power,0.0416001
20220117,2022-01-17,Residential,0.0180168
20220118,2022-01-18,Domestic Aviation,0.000327532
20220118,2022-01-18,Ground Transport,0.0266883
20220118,2022-01-18,Industry,0.0290025
20220118,2022-01-18,International Aviation,0.00446396
20220118,2022-01-18,Power,0.0492991
20220118,2022-01-18,Residential,0.018981
20220119,2022-01-19,Domestic Aviation,0.000329723
20220119,2022-01-19,Ground Transport,0.0253178
20220119,2022-01-19,Industry,0.0204267
20220119,2022-01-19,International Aviation,0.00375087
20220119,2022-01-19,Power,0.0347217
20220119,2022-01-19,Residential,0.0144176
20220120,2022-01-20,Domestic Aviation,0.00037005
20220120,2022-01-20,Ground Transport,0.0254706
20220120,2022-01-20,Industry,0.0218043
20220120,2022-01-20,International Aviation,0.00391462
20220120,2022-01-20,Power,0.0370635
20220120,2022-01-20,Residential,0.0164475
20220121,2022-01-21,Domestic Aviation,0.000404719
20220121,2022-01-21,Ground Transport,0.0262217
20220121,2022-01-21,Industry,0.0269626
20220121,2022-01-21,International Aviation,0.00408863
20220121,2022-01-21,Power,0.0458317
20220121,2022-01-21,Residential,0.0185212
20220122,2022-01-22,Domestic Aviation,0.000315615
20220122,2022-01-22,Ground Transport,0.0219222
20220122,2022-01-22,Industry,0.0305204
20220122,2022-01-22,International Aviation,0.00464952
20220122,2022-01-22,Power,0.0518793
20220122,2022-01-22,Residential,0.0223533
20220123,2022-01-23,Domestic Aviation,0.000435068
20220123,2022-01-23,Ground Transport,0.0167024
20220123,2022-01-23,Industry,0.021441
20220123,2022-01-23,International Aviation,0.00454073
20220123,2022-01-23,Power,0.036446
20220123,2022-01-23,Residential,0.0169915
20220124,2022-01-24,Domestic Aviation,0.000361253
20220124,2022-01-24,Ground Transport,0.0246864
20220124,2022-01-24,Industry,0.0217551
20220124,2022-01-24,International Aviation,0.00392798
20220124,2022-01-24,Power,0.0369798
20220124,2022-01-24,Residential,0.0144716
20220125,2022-01-25,Domestic Aviation,0.000320908
20220125,2022-01-25,Ground Transport,0.0266883
20220125,2022-01-25,Industry,0.0299198
20220125,2022-01-25,International Aviation,0.00322346
20220125,2022-01-25,Power,0.0508585
20220125,2022-01-25,Residential,0.018559
20220126,2022-01-26,Domestic Aviation,0.000340909
20220126,2022-01-26,Ground Transport,0.0253178
20220126,2022-01-26,Industry,0.0255121
20220126,2022-01-26,International Aviation,0.00377314
20220126,2022-01-26,Power,0.0433661
20220126,2022-01-26,Residential,0.0184825
20220127,2022-01-27,Domestic Aviation,0.000383305
20220127,2022-01-27,Ground Transport,0.0254706
20220127,2022-01-27,Industry,0.028882
20220127,2022-01-27,International Aviation,0.00419608
20220127,2022-01-27,Power,0.0490943
20220127,2022-01-27,Residential,0.016298
20220128,2022-01-28,Domestic Aviation,0.000397849
20220128,2022-01-28,Ground Transport,0.0262217
20220128,2022-01-28,Industry,0.0291766
20220128,2022-01-28,International Aviation,0.00424981
20220128,2022-01-28,Power,0.049595
20220128,2022-01-28,Residential,0.0181312
20220129,2022-01-29,Domestic Aviation,0.000339142
20220129,2022-01-29,Ground Transport,0.0217962
20220129,2022-01-29,Industry,0.0216575
20220129,2022-01-29,International Aviation,0.00450186
20220129,2022-01-29,Power,0.0368139
20220129,2022-01-29,Residential,0.0184994
20220130,2022-01-30,Domestic Aviation,0.000419504
20220130,2022-01-30,Ground Transport,0.0167024
20220130,2022-01-30,Industry,0.0228348
20220130,2022-01-30,International Aviation,0.00456951
20220130,2022-01-30,Power,0.0388152
20220130,2022-01-30,Residential,0.0188186
20220131,2022-01-31,Domestic Aviation,0.000367315
20220131,2022-01-31,Ground Transport,0.0246864
20220131,2022-01-31,Industry,0.0357449
20220131,2022-01-31,International Aviation,0.00394841
20220131,2022-01-31,Power,0.0607601
20220131,2022-01-31,Residential,0.0222944
20220201,2022-02-01,Domestic Aviation,0.000336544
20220201,2022-02-01,Ground Transport,0.0266883
20220201,2022-02-01,Industry,0.0433634
20220201,2022-02-01,International Aviation,0.00434912
20220201,2022-02-01,Power,0.0578201
20220201,2022-02-01,Residential,0.0242068
20220202,2022-02-02,Domestic Aviation,0.000334582
20220202,2022-02-02,Ground Transport,0.0253178
20220202,2022-02-02,Industry,0.0440397
20220202,2022-02-02,International Aviation,0.00419701
20220202,2022-02-02,Power,0.0587219
20220202,2022-02-02,Residential,0.0243418
20220203,2022-02-03,Domestic Aviation,0.000377852
20220203,2022-02-03,Ground Transport,0.0254706
20220203,2022-02-03,Industry,0.0445832
20220203,2022-02-03,International Aviation,0.00418294
20220203,2022-02-03,Power,0.0594466
20220203,2022-02-03,Residential,0.02668
20220204,2022-02-04,Domestic Aviation,0.000364701
20220204,2022-02-04,Ground Transport,0.0262217
20220204,2022-02-04,Industry,0.0370616
20220204,2022-02-04,International Aviation,0.0041556
20220204,2022-02-04,Power,0.0494174
20220204,2022-02-04,Residential,0.0213474
20220205,2022-02-05,Domestic Aviation,0.000393736
20220205,2022-02-05,Ground Transport,0.0215128
20220205,2022-02-05,Industry,0.0281877
20220205,2022-02-05,International Aviation,0.00443184
20220205,2022-02-05,Power,0.0375851
20220205,2022-02-05,Residential,0.0172813
20220206,2022-02-06,Domestic Aviation,0.000442971
20220206,2022-02-06,Ground Transport,0.0167024
20220206,2022-02-06,Industry,0.0262784
20220206,2022-02-06,International Aviation,0.00524136
20220206,2022-02-06,Power,0.0350391
20220206,2022-02-06,Residential,0.0162729
20220207,2022-02-07,Domestic Aviation,0.000356419
20220207,2022-02-07,Ground Transport,0.0246864
20220207,2022-02-07,Industry,0.0345408
20220207,2022-02-07,International Aviation,0.00400654
20220207,2022-02-07,Power,0.0460561
20220207,2022-02-07,Residential,0.0160895
20220208,2022-02-08,Domestic Aviation,0.000306277
20220208,2022-02-08,Ground Transport,0.0266883
20220208,2022-02-08,Industry,0.0310036
20220208,2022-02-08,International Aviation,0.00314787
20220208,2022-02-08,Power,0.0413397
20220208,2022-02-08,Residential,0.0170956
20220209,2022-02-09,Domestic Aviation,0.000354014
20220209,2022-02-09,Ground Transport,0.0253178
20220209,2022-02-09,Industry,0.0296535
20220209,2022-02-09,International Aviation,0.00409542
20220209,2022-02-09,Power,0.0395395
20220209,2022-02-09,Residential,0.0166817
20220210,2022-02-10,Domestic Aviation,0.000387303
20220210,2022-02-10,Ground Transport,0.0254706
20220210,2022-02-10,Industry,0.0280837
20220210,2022-02-10,International Aviation,0.00363906
20220210,2022-02-10,Power,0.0374463
20220210,2022-02-10,Residential,0.0165578
20220211,2022-02-11,Domestic Aviation,0.000358424
20220211,2022-02-11,Ground Transport,0.0262217
20220211,2022-02-11,Industry,0.0340522
20220211,2022-02-11,International Aviation,0.00439939
20220211,2022-02-11,Power,0.0454047
20220211,2022-02-11,Residential,0.0189235
20220212,2022-02-12,Domestic Aviation,0.000412815
20220212,2022-02-12,Ground Transport,0.0213863
20220212,2022-02-12,Industry,0.0270147
20220212,2022-02-12,International Aviation,0.00465082
20220212,2022-02-12,Power,0.0360209
20220212,2022-02-12,Residential,0.019026
20220213,2022-02-13,Domestic Aviation,0.000449036
20220213,2022-02-13,Ground Transport,0.0167024
20220213,2022-02-13,Industry,0.0242545
20220213,2022-02-13,International Aviation,0.0054161
20220213,2022-02-13,Power,0.0323405
20220213,2022-02-13,Residential,0.0159652
20220214,2022-02-14,Domestic Aviation,0.000325681
20220214,2022-02-14,Ground Transport,0.0246864
20220214,2022-02-14,Industry,0.0297385
20220214,2022-02-14,International Aviation,0.00322344
20220214,2022-02-14,Power,0.0396529
20220214,2022-02-14,Residential,0.0159357
20220215,2022-02-15,Domestic Aviation,0.000321184
20220215,2022-02-15,Ground Transport,0.0266883
20220215,2022-02-15,Industry,0.0300996
20220215,2022-02-15,International Aviation,0.00419495
20220215,2022-02-15,Power,0.0401344
20220215,2022-02-15,Residential,0.0162629
20220216,2022-02-16,Domestic Aviation,0.000327943
20220216,2022-02-16,Ground Transport,0.0253178
20220216,2022-02-16,Industry,0.0289289
20220216,2022-02-16,International Aviation,0.00424423
20220216,2022-02-16,Power,0.0385734
20220216,2022-02-16,Residential,0.0150355
20220217,2022-02-17,Domestic Aviation,0.000333329
20220217,2022-02-17,Ground Transport,0.0254706
20220217,2022-02-17,Industry,0.0275466
20220217,2022-02-17,International Aviation,0.00384224
20220217,2022-02-17,Power,0.0367302
20220217,2022-02-17,Residential,0.0154617
20220218,2022-02-18,Domestic Aviation,0.000406672
20220218,2022-02-18,Ground Transport,0.0262217
20220218,2022-02-18,Industry,0.0296233
20220218,2022-02-18,International Aviation,0.00474077
20220218,2022-02-18,Power,0.0394992
20220218,2022-02-18,Residential,0.0177925
20220219,2022-02-19,Domestic Aviation,0.000426342
20220219,2022-02-19,Ground Transport,0.0214245
20220219,2022-02-19,Industry,0.0291561
20220219,2022-02-19,International Aviation,0.00479741
20220219,2022-02-19,Power,0.0388764
20220219,2022-02-19,Residential,0.0186224
20220220,2022-02-20,Domestic Aviation,0.000451217
20220220,2022-02-20,Ground Transport,0.0167024
20220220,2022-02-20,Industry,0.03009
20220220,2022-02-20,International Aviation,0.00555037
20220220,2022-02-20,Power,0.0401215
20220220,2022-02-20,Residential,0.0188641
20220221,2022-02-21,Domestic Aviation,0.000353259
20220221,2022-02-21,Ground Transport,0.0246864
20220221,2022-02-21,Industry,0.0326066
20220221,2022-02-21,International Aviation,0.00352305
20220221,2022-02-21,Power,0.0434771
20220221,2022-02-21,Residential,0.0190295
20220222,2022-02-22,Domestic Aviation,0.000352338
20220222,2022-02-22,Ground Transport,0.0266883
20220222,2022-02-22,Industry,0.0371131
20220222,2022-02-22,International Aviation,0.00435947
20220222,2022-02-22,Power,0.049486
20220222,2022-02-22,Residential,0.0218036
20220223,2022-02-23,Domestic Aviation,0.000355621
20220223,2022-02-23,Ground Transport,0.0253178
20220223,2022-02-23,Industry,0.036077
20220223,2022-02-23,International Aviation,0.00410291
20220223,2022-02-23,Power,0.0481045
20220223,2022-02-23,Residential,0.0241229
20220224,2022-02-24,Domestic Aviation,0.000366987
20220224,2022-02-24,Ground Transport,0.0254706
20220224,2022-02-24,Industry,0.0286806
20220224,2022-02-24,International Aviation,0.00406117
20220224,2022-02-24,Power,0.0382423
20220224,2022-02-24,Residential,0.0144318
20220225,2022-02-25,Domestic Aviation,0.000389947
20220225,2022-02-25,Ground Transport,0.0262217
20220225,2022-02-25,Industry,0.0296198
20220225,2022-02-25,International Aviation,0.00337815
20220225,2022-02-25,Power,0.0394946
20220225,2022-02-25,Residential,0.0151294
20220226,2022-02-26,Domestic Aviation,0.0004301
20220226,2022-02-26,Ground Transport,0.0214803
20220226,2022-02-26,Industry,0.0307942
20220226,2022-02-26,International Aviation,0.00582954
20220226,2022-02-26,Power,0.0410605
20220226,2022-02-26,Residential,0.0190567
20220227,2022-02-27,Domestic Aviation,0.000457821
20220227,2022-02-27,Ground Transport,0.0167024
20220227,2022-02-27,Industry,0.0236017
20220227,2022-02-27,International Aviation,0.00475839
20220227,2022-02-27,Power,0.0314702
20220227,2022-02-27,Residential,0.0164964
20220228,2022-02-28,Domestic Aviation,0.000353759
20220228,2022-02-28,Ground Transport,0.0246864
20220228,2022-02-28,Industry,0.0305897
20220228,2022-02-28,International Aviation,0.0029499
20220228,2022-02-28,Power,0.0407878
20220228,2022-02-28,Residential,0.0156954
20220301,2022-03-01,Domestic Aviation,0.000330416
20220301,2022-03-01,Ground Transport,0.0266883
20220301,2022-03-01,Industry,0.0323448
20220301,2022-03-01,International Aviation,0.00345371
20220301,2022-03-01,Power,0.0352942
20220301,2022-03-01,Residential,0.0148371
20220302,2022-03-02,Domestic Aviation,0.000372956
20220302,2022-03-02,Ground Transport,0.0253178
20220302,2022-03-02,Industry,0.0323701
20220302,2022-03-02,International Aviation,0.00317417
20220302,2022-03-02,Power,0.0353219
20220302,2022-03-02,Residential,0.0147725
20220303,2022-03-03,Domestic Aviation,0.000416089
20220303,2022-03-03,Ground Transport,0.0254706
20220303,2022-03-03,Industry,0.0366907
20220303,2022-03-03,International Aviation,0.0033526
20220303,2022-03-03,Power,0.0400365
20220303,2022-03-03,Residential,0.016378
20220304,2022-03-04,Domestic Aviation,0.000451207
20220304,2022-03-04,Ground Transport,0.0262217
20220304,2022-03-04,Industry,0.0504202
20220304,2022-03-04,International Aviation,0.00343783
20220304,2022-03-04,Power,0.0550179
20220304,2022-03-04,Residential,0.0198993
20220305,2022-03-05,Domestic Aviation,0.000393899
20220305,2022-03-05,Ground Transport,0.021487
20220305,2022-03-05,Industry,0.0353098
20220305,2022-03-05,International Aviation,0.00451344
20220305,2022-03-05,Power,0.0385296
20220305,2022-03-05,Residential,0.0191952
20220306,2022-03-06,Domestic Aviation,0.00047382
20220306,2022-03-06,Ground Transport,0.0167024
20220306,2022-03-06,Industry,0.032251
20220306,2022-03-06,International Aviation,0.0040337
20220306,2022-03-06,Power,0.035192
20220306,2022-03-06,Residential,0.0162984
20220307,2022-03-07,Domestic Aviation,0.000397758
20220307,2022-03-07,Ground Transport,0.0246864
20220307,2022-03-07,Industry,0.0461699
20220307,2022-03-07,International Aviation,0.00276944
20220307,2022-03-07,Power,0.0503801
20220307,2022-03-07,Residential,0.0183581
20220308,2022-03-08,Domestic Aviation,0.000374255
20220308,2022-03-08,Ground Transport,0.0266883
20220308,2022-03-08,Industry,0.0512619
20220308,2022-03-08,International Aviation,0.00361675
20220308,2022-03-08,Power,0.0559363
20220308,2022-03-08,Residential,0.0183024
20220309,2022-03-09,Domestic Aviation,0.000383855
20220309,2022-03-09,Ground Transport,0.0253178
20220309,2022-03-09,Industry,0.048253
20220309,2022-03-09,International Aviation,0.00323545
20220309,2022-03-09,Power,0.0526532
20220309,2022-03-09,Residential,0.0192149
20220310,2022-03-10,Domestic Aviation,0.000429719
20220310,2022-03-10,Ground Transport,0.0254706
20220310,2022-03-10,Industry,0.032197
20220310,2022-03-10,International Aviation,0.00379165
20220310,2022-03-10,Power,0.035133
20220310,2022-03-10,Residential,0.016902
20220311,2022-03-11,Domestic Aviation,0.000424901
20220311,2022-03-11,Ground Transport,0.0262217
20220311,2022-03-11,Industry,0.0334332
20220311,2022-03-11,International Aviation,0.00320729
20220311,2022-03-11,Power,0.036482
20220311,2022-03-11,Residential,0.0147782
20220312,2022-03-12,Domestic Aviation,0.00040746
20220312,2022-03-12,Ground Transport,0.0214652
20220312,2022-03-12,Industry,0.0334463
20220312,2022-03-12,International Aviation,0.00393382
20220312,2022-03-12,Power,0.0364962
20220312,2022-03-12,Residential,0.0155334
20220313,2022-03-13,Domestic Aviation,0.000480549
20220313,2022-03-13,Ground Transport,0.0167024
20220313,2022-03-13,Industry,0.0311267
20220313,2022-03-13,International Aviation,0.00431264
20220313,2022-03-13,Power,0.0339651
20220313,2022-03-13,Residential,0.0160514
20220314,2022-03-14,Domestic Aviation,0.000415563
20220314,2022-03-14,Ground Transport,0.0246864
20220314,2022-03-14,Industry,0.03722
20220314,2022-03-14,International Aviation,0.00325163
20220314,2022-03-14,Power,0.040614
20220314,2022-03-14,Residential,0.0158288
20220315,2022-03-15,Domestic Aviation,0.000412359
20220315,2022-03-15,Ground Transport,0.0266883
20220315,2022-03-15,Industry,0.0383487
20220315,2022-03-15,International Aviation,0.00394778
20220315,2022-03-15,Power,0.0418457
20220315,2022-03-15,Residential,0.0158288
20220316,2022-03-16,Domestic Aviation,0.000404777
20220316,2022-03-16,Ground Transport,0.0253178
20220316,2022-03-16,Industry,0.0325916
20220316,2022-03-16,International Aviation,0.00306081
20220316,2022-03-16,Power,0.0355636
20220316,2022-03-16,Residential,0.0155476
20220317,2022-03-17,Domestic Aviation,0.000418792
20220317,2022-03-17,Ground Transport,0.0254706
20220317,2022-03-17,Industry,0.0264692
20220317,2022-03-17,International Aviation,0.00359955
20220317,2022-03-17,Power,0.0288829
20220317,2022-03-17,Residential,0.0144527
20220318,2022-03-18,Domestic Aviation,0.000450936
20220318,2022-03-18,Ground Transport,0.0262217
20220318,2022-03-18,Industry,0.0274362
20220318,2022-03-18,International Aviation,0.00380906
20220318,2022-03-18,Power,0.029938
20220318,2022-03-18,Residential,0.0142304
20220319,2022-03-19,Domestic Aviation,0.000437597
20220319,2022-03-19,Ground Transport,0.0213899
20220319,2022-03-19,Industry,0.0217253
20220319,2022-03-19,International Aviation,0.00442241
20220319,2022-03-19,Power,0.0237064
20220319,2022-03-19,Residential,0.0131002
20220320,2022-03-20,Domestic Aviation,0.000487299
20220320,2022-03-20,Ground Transport,0.0167024
20220320,2022-03-20,Industry,0.01997
20220320,2022-03-20,International Aviation,0.00430808
20220320,2022-03-20,Power,0.0217911
20220320,2022-03-20,Residential,0.0113675
20220321,2022-03-21,Domestic Aviation,0.000422691
20220321,2022-03-21,Ground Transport,0.0246864
20220321,2022-03-21,Industry,0.0221261
20220321,2022-03-21,International Aviation,0.00340886
20220321,2022-03-21,Power,0.0241437
20220321,2022-03-21,Residential,0.0122339
20220322,2022-03-22,Domestic Aviation,0.000419298
20220322,2022-03-22,Ground Transport,0.0266883
20220322,2022-03-22,Industry,0.0297397
20220322,2022-03-22,International Aviation,0.00362553
20220322,2022-03-22,Power,0.0324516
20220322,2022-03-22,Residential,0.0137386
20220323,2022-03-23,Domestic Aviation,0.000356789
20220323,2022-03-23,Ground Transport,0.0253178
20220323,2022-03-23,Industry,0.029688
20220323,2022-03-23,International Aviation,0.00287957
20220323,2022-03-23,Power,0.0323952
20220323,2022-03-23,Residential,0.0143214
20220324,2022-03-24,Domestic Aviation,0.000462519
20220324,2022-03-24,Ground Transport,0.0254706
20220324,2022-03-24,Industry,0.0292327
20220324,2022-03-24,International Aviation,0.00359573
20220324,2022-03-24,Power,0.0318983
20220324,2022-03-24,Residential,0.0123913
20220325,2022-03-25,Domestic Aviation,0.000420533
20220325,2022-03-25,Ground Transport,0.0262217
20220325,2022-03-25,Industry,0.0220116
20220325,2022-03-25,International Aviation,0.00402513
20220325,2022-03-25,Power,0.0240188
20220325,2022-03-25,Residential,0.0128069
20220326,2022-03-26,Domestic Aviation,0.000441414
20220326,2022-03-26,Ground Transport,0.0211966
20220326,2022-03-26,Industry,0.0230658
20220326,2022-03-26,International Aviation,0.0038229
20220326,2022-03-26,Power,0.0251691
20220326,2022-03-26,Residential,0.0163705
20220327,2022-03-27,Domestic Aviation,0.00041688
20220327,2022-03-27,Ground Transport,0.0167024
20220327,2022-03-27,Industry,0.0244672
20220327,2022-03-27,International Aviation,0.00468476
20220327,2022-03-27,Power,0.0266983
20220327,2022-03-27,Residential,0.0183164
20220328,2022-03-28,Domestic Aviation,0.000364406
20220328,2022-03-28,Ground Transport,0.0246864
20220328,2022-03-28,Industry,0.0271087
20220328,2022-03-28,International Aviation,0.00410288
20220328,2022-03-28,Power,0.0295807
20220328,2022-03-28,Residential,0.0163483
20220329,2022-03-29,Domestic Aviation,0.000357048
20220329,2022-03-29,Ground Transport,0.0266883
20220329,2022-03-29,Industry,0.037537
20220329,2022-03-29,International Aviation,0.00387807
20220329,2022-03-29,Power,0.0409599
20220329,2022-03-29,Residential,0.0196347
20220330,2022-03-30,Domestic Aviation,0.000389345
20220330,2022-03-30,Ground Transport,0.0253178
20220330,2022-03-30,Industry,0.0388333
20220330,2022-03-30,International Aviation,0.00389349
20220330,2022-03-30,Power,0.0423745
20220330,2022-03-30,Residential,0.0184522
20220331,2022-03-31,Domestic Aviation,0.000429643
20220331,2022-03-31,Ground Transport,0.0254706
20220331,2022-03-31,Industry,0.0463838
20220331,2022-03-31,International Aviation,0.00381428
20220331,2022-03-31,Power,0.0506134
20220331,2022-03-31,Residential,0.0190839
20220401,2022-04-01,Domestic Aviation,0.000413425
20220401,2022-04-01,Ground Transport,0.0262217
20220401,2022-04-01,Industry,0.0468021
20220401,2022-04-01,International Aviation,0.0037335
20220401,2022-04-01,Power,0.0456374
20220401,2022-04-01,Residential,0.0194863
20220402,2022-04-02,Domestic Aviation,0.000261955
20220402,2022-04-02,Ground Transport,0.0209393
20220402,2022-04-02,Industry,0.0328207
20220402,2022-04-02,International Aviation,0.00443952
20220402,2022-04-02,Power,0.032004
20220402,2022-04-02,Residential,0.0181983
20220403,2022-04-03,Domestic Aviation,0.000381715
20220403,2022-04-03,Ground Transport,0.0167024
20220403,2022-04-03,Industry,0.0324549
20220403,2022-04-03,International Aviation,0.00420182
20220403,2022-04-03,Power,0.0316472
20220403,2022-04-03,Residential,0.0168761
20220404,2022-04-04,Domestic Aviation,0.000330396
20220404,2022-04-04,Ground Transport,0.0246864
20220404,2022-04-04,Industry,0.032855
20220404,2022-04-04,International Aviation,0.00397074
20220404,2022-04-04,Power,0.0320374
20220404,2022-04-04,Residential,0.0162104
20220405,2022-04-05,Domestic Aviation,0.000351823
20220405,2022-04-05,Ground Transport,0.0266883
20220405,2022-04-05,Industry,0.0363301
20220405,2022-04-05,International Aviation,0.00348381
20220405,2022-04-05,Power,0.035426
20220405,2022-04-05,Residential,0.0168918
20220406,2022-04-06,Domestic Aviation,0.000363842
20220406,2022-04-06,Ground Transport,0.0253178
20220406,2022-04-06,Industry,0.040239
20220406,2022-04-06,International Aviation,0.00368976
20220406,2022-04-06,Power,0.0392376
20220406,2022-04-06,Residential,0.0173515
20220407,2022-04-07,Domestic Aviation,0.000436958
20220407,2022-04-07,Ground Transport,0.0254706
20220407,2022-04-07,Industry,0.0345674
20220407,2022-04-07,International Aviation,0.00411132
20220407,2022-04-07,Power,0.0337071
20220407,2022-04-07,Residential,0.0157056
20220408,2022-04-08,Domestic Aviation,0.000445662
20220408,2022-04-08,Ground Transport,0.0262217
20220408,2022-04-08,Industry,0.0272269
20220408,2022-04-08,International Aviation,0.00408117
20220408,2022-04-08,Power,0.0265494
20220408,2022-04-08,Residential,0.0134163
20220409,2022-04-09,Domestic Aviation,0.000304365
20220409,2022-04-09,Ground Transport,0.0208274
20220409,2022-04-09,Industry,0.0251175
20220409,2022-04-09,International Aviation,0.0042981
20220409,2022-04-09,Power,0.0244924
20220409,2022-04-09,Residential,0.0143617
20220410,2022-04-10,Domestic Aviation,0.000384595
20220410,2022-04-10,Ground Transport,0.0167024
20220410,2022-04-10,Industry,0.0235989
20220410,2022-04-10,International Aviation,0.00445349
20220410,2022-04-10,Power,0.0230116
20220410,2022-04-10,Residential,0.0141732
20220411,2022-04-11,Domestic Aviation,0.000334174
20220411,2022-04-11,Ground Transport,0.0246864
20220411,2022-04-11,Industry,0.0301167
20220411,2022-04-11,International Aviation,0.00413653
20220411,2022-04-11,Power,0.0293672
20220411,2022-04-11,Residential,0.0128379
20220412,2022-04-12,Domestic Aviation,0.000368706
20220412,2022-04-12,Ground Transport,0.0266883
20220412,2022-04-12,Industry,0.0331824
20220412,2022-04-12,International Aviation,0.00384218
20220412,2022-04-12,Power,0.0323566
20220412,2022-04-12,Residential,0.0129993
20220413,2022-04-13,Domestic Aviation,0.000382462
20220413,2022-04-13,Ground Transport,0.0253178
20220413,2022-04-13,Industry,0.031227
20220413,2022-04-13,International Aviation,0.00387876
20220413,2022-04-13,Power,0.0304499
20220413,2022-04-13,Residential,0.0128032
20220414,2022-04-14,Domestic Aviation,0.000474441
20220414,2022-04-14,Ground Transport,0.0254706
20220414,2022-04-14,Industry,0.0317779
20220414,2022-04-14,International Aviation,0.00433955
20220414,2022-04-14,Power,0.0309871
20220414,2022-04-14,Residential,0.013403
20220415,2022-04-15,Domestic Aviation,0.000393304
20220415,2022-04-15,Ground Transport,0.0262217
20220415,2022-04-15,Industry,0.0277249
20220415,2022-04-15,International Aviation,0.00364281
20220415,2022-04-15,Power,0.027035
20220415,2022-04-15,Residential,0.0132457
20220416,2022-04-16,Domestic Aviation,0.000269394
20220416,2022-04-16,Ground Transport,0.0210307
20220416,2022-04-16,Industry,0.0259805
20220416,2022-04-16,International Aviation,0.00468725
20220416,2022-04-16,Power,0.025334
20220416,2022-04-16,Residential,0.0132504
20220417,2022-04-17,Domestic Aviation,0.000377286
20220417,2022-04-17,Ground Transport,0.0167024
20220417,2022-04-17,Industry,0.0248834
20220417,2022-04-17,International Aviation,0.00443345
20220417,2022-04-17,Power,0.0242641
20220417,2022-04-17,Residential,0.0118769
20220418,2022-04-18,Domestic Aviation,0.00040025
20220418,2022-04-18,Ground Transport,0.0246864
20220418,2022-04-18,Industry,0.026013
20220418,2022-04-18,International Aviation,0.00421411
20220418,2022-04-18,Power,0.0253657
20220418,2022-04-18,Residential,0.0107737
20220419,2022-04-19,Domestic Aviation,0.000411119
20220419,2022-04-19,Ground Transport,0.0266883
20220419,2022-04-19,Industry,0.0279162
20220419,2022-04-19,International Aviation,0.00398775
20220419,2022-04-19,Power,0.0272215
20220419,2022-04-19,Residential,0.00980178
20220420,2022-04-20,Domestic Aviation,0.000344163
20220420,2022-04-20,Ground Transport,0.0253178
20220420,2022-04-20,Industry,0.0228349
20220420,2022-04-20,International Aviation,0.00403901
20220420,2022-04-20,Power,0.0222667
20220420,2022-04-20,Residential,0.00878936
20220421,2022-04-21,Domestic Aviation,0.000359473
20220421,2022-04-21,Ground Transport,0.0254706
20220421,2022-04-21,Industry,0.0210505
20220421,2022-04-21,International Aviation,0.00449124
20220421,2022-04-21,Power,0.0205267
20220421,2022-04-21,Residential,0.00901355
20220422,2022-04-22,Domestic Aviation,0.000380211
20220422,2022-04-22,Ground Transport,0.0262217
20220422,2022-04-22,Industry,0.02228
20220422,2022-04-22,International Aviation,0.00421613
20220422,2022-04-22,Power,0.0217256
20220422,2022-04-22,Residential,0.00929751
20220423,2022-04-23,Domestic Aviation,0.000197622
20220423,2022-04-23,Ground Transport,0.0214588
20220423,2022-04-23,Industry,0.0240062
20220423,2022-04-23,International Aviation,0.00458854
20220423,2022-04-23,Power,0.0234088
20220423,2022-04-23,Residential,0.0105319
20220424,2022-04-24,Domestic Aviation,0.000309225
20220424,2022-04-24,Ground Transport,0.0167024
20220424,2022-04-24,Industry,0.0309028
20220424,2022-04-24,International Aviation,0.00462224
20220424,2022-04-24,Power,0.0301338
20220424,2022-04-24,Residential,0.011169
20220425,2022-04-25,Domestic Aviation,0.000353176
20220425,2022-04-25,Ground Transport,0.0246864
20220425,2022-04-25,Industry,0.0392651
20220425,2022-04-25,International Aviation,0.00481935
20220425,2022-04-25,Power,0.038288
20220425,2022-04-25,Residential,0.0107977
20220426,2022-04-26,Domestic Aviation,0.000332623
20220426,2022-04-26,Ground Transport,0.0266883
20220426,2022-04-26,Industry,0.0424717
20220426,2022-04-26,International Aviation,0.00373616
20220426,2022-04-26,Power,0.0414148
20220426,2022-04-26,Residential,0.0127365
20220427,2022-04-27,Domestic Aviation,0.000349131
20220427,2022-04-27,Ground Transport,0.0253178
20220427,2022-04-27,Industry,0.044911
20220427,2022-04-27,International Aviation,0.00393261
20220427,2022-04-27,Power,0.0437934
20220427,2022-04-27,Residential,0.0147343
20220428,2022-04-28,Domestic Aviation,0.000338325
20220428,2022-04-28,Ground Transport,0.0254706
20220428,2022-04-28,Industry,0.0432125
20220428,2022-04-28,International Aviation,0.00431891
20220428,2022-04-28,Power,0.0421372
20220428,2022-04-28,Residential,0.0142261
20220429,2022-04-29,Domestic Aviation,0.000357775
20220429,2022-04-29,Ground Transport,0.0262217
20220429,2022-04-29,Industry,0.0411755
20220429,2022-04-29,International Aviation,0.00408236
20220429,2022-04-29,Power,0.0401508
20220429,2022-04-29,Residential,0.0141919
20220430,2022-04-30,Domestic Aviation,0.000205657
20220430,2022-04-30,Ground Transport,0.0217786
20220430,2022-04-30,Industry,0.0293672
20220430,2022-04-30,International Aviation,0.00417656
20220430,2022-04-30,Power,0.0286364
20220430,2022-04-30,Residential,0.0124119
20220501,2022-05-01,Domestic Aviation,0.000322985
20220501,2022-05-01,Ground Transport,0.0167024
20220501,2022-05-01,Industry,0.0338692
20220501,2022-05-01,International Aviation,0.00463889
20220501,2022-05-01,Power,0.0303214
20220501,2022-05-01,Residential,0.0113805
20220502,2022-05-02,Domestic Aviation,0.00042015
20220502,2022-05-02,Ground Transport,0.0246864
20220502,2022-05-02,Industry,0.0320354
20220502,2022-05-02,International Aviation,0.00445394
20220502,2022-05-02,Power,0.0286797
20220502,2022-05-02,Residential,0.0101541
20220503,2022-05-03,Domestic Aviation,0.000386638
20220503,2022-05-03,Ground Transport,0.0266883
20220503,2022-05-03,Industry,0.0390214
20220503,2022-05-03,International Aviation,0.00399732
20220503,2022-05-03,Power,0.0349339
20220503,2022-05-03,Residential,0.0130624
20220504,2022-05-04,Domestic Aviation,0.000417361
20220504,2022-05-04,Ground Transport,0.0253178
20220504,2022-05-04,Industry,0.0438769
20220504,2022-05-04,International Aviation,0.00391795
20220504,2022-05-04,Power,0.0392808
20220504,2022-05-04,Residential,0.0126405
20220505,2022-05-05,Domestic Aviation,0.000418547
20220505,2022-05-05,Ground Transport,0.0254706
20220505,2022-05-05,Industry,0.035242
20220505,2022-05-05,International Aviation,0.00475711
20220505,2022-05-05,Power,0.0315504
20220505,2022-05-05,Residential,0.00970958
20220506,2022-05-06,Domestic Aviation,0.000422618
20220506,2022-05-06,Ground Transport,0.0262217
20220506,2022-05-06,Industry,0.0311103
20220506,2022-05-06,International Aviation,0.00445564
20220506,2022-05-06,Power,0.0278515
20220506,2022-05-06,Residential,0.00716842
20220507,2022-05-07,Domestic Aviation,0.000231884
20220507,2022-05-07,Ground Transport,0.0218719
20220507,2022-05-07,Industry,0.0288591
20220507,2022-05-07,International Aviation,0.00449477
20220507,2022-05-07,Power,0.0258361
20220507,2022-05-07,Residential,0.00942606
20220508,2022-05-08,Domestic Aviation,0.000317154
20220508,2022-05-08,Ground Transport,0.0167024
20220508,2022-05-08,Industry,0.0340036
20220508,2022-05-08,International Aviation,0.00437888
20220508,2022-05-08,Power,0.0304417
20220508,2022-05-08,Residential,0.0111887
20220509,2022-05-09,Domestic Aviation,0.000400291
20220509,2022-05-09,Ground Transport,0.0246864
20220509,2022-05-09,Industry,0.0392971
20220509,2022-05-09,International Aviation,0.00475142
20220509,2022-05-09,Power,0.0351808
20220509,2022-05-09,Residential,0.00970471
20220510,2022-05-10,Domestic Aviation,0.000413749
20220510,2022-05-10,Ground Transport,0.0266883
20220510,2022-05-10,Industry,0.0280662
20220510,2022-05-10,International Aviation,0.00401564
20220510,2022-05-10,Power,0.0251262
20220510,2022-05-10,Residential,0.00663231
20220511,2022-05-11,Domestic Aviation,0.000406626
20220511,2022-05-11,Ground Transport,0.0253178
20220511,2022-05-11,Industry,0.0317983
20220511,2022-05-11,International Aviation,0.00373395
20220511,2022-05-11,Power,0.0284674
20220511,2022-05-11,Residential,0.00767448
20220512,2022-05-12,Domestic Aviation,0.000383084
20220512,2022-05-12,Ground Transport,0.0254706
20220512,2022-05-12,Industry,0.0303408
20220512,2022-05-12,International Aviation,0.00455557
20220512,2022-05-12,Power,0.0271626
20220512,2022-05-12,Residential,0.00808222
20220513,2022-05-13,Domestic Aviation,0.000399761
20220513,2022-05-13,Ground Transport,0.0262217
20220513,2022-05-13,Industry,0.0282858
20220513,2022-05-13,International Aviation,0.0042469
20220513,2022-05-13,Power,0.0253228
20220513,2022-05-13,Residential,0.00706314
20220514,2022-05-14,Domestic Aviation,0.000247679
20220514,2022-05-14,Ground Transport,0.0219181
20220514,2022-05-14,Industry,0.0260946
20220514,2022-05-14,International Aviation,0.00457278
20220514,2022-05-14,Power,0.0233612
20220514,2022-05-14,Residential,0.00727058
20220515,2022-05-15,Domestic Aviation,0.000335638
20220515,2022-05-15,Ground Transport,0.0167024
20220515,2022-05-15,Industry,0.0258872
20220515,2022-05-15,International Aviation,0.00444367
20220515,2022-05-15,Power,0.0231755
20220515,2022-05-15,Residential,0.00794188
20220516,2022-05-16,Domestic Aviation,0.000392834
20220516,2022-05-16,Ground Transport,0.0246864
20220516,2022-05-16,Industry,0.0309906
20220516,2022-05-16,International Aviation,0.00476999
20220516,2022-05-16,Power,0.0277444
20220516,2022-05-16,Residential,0.00833976
20220517,2022-05-17,Domestic Aviation,0.000372014
20220517,2022-05-17,Ground Transport,0.0266883
20220517,2022-05-17,Industry,0.0319936
20220517,2022-05-17,International Aviation,0.00402374
20220517,2022-05-17,Power,0.0286423
20220517,2022-05-17,Residential,0.0103226
20220518,2022-05-18,Domestic Aviation,0.000388131
20220518,2022-05-18,Ground Transport,0.0253178
20220518,2022-05-18,Industry,0.0313773
20220518,2022-05-18,International Aviation,0.003855
20220518,2022-05-18,Power,0.0280906
20220518,2022-05-18,Residential,0.00696481
20220519,2022-05-19,Domestic Aviation,0.000402982
20220519,2022-05-19,Ground Transport,0.0254706
20220519,2022-05-19,Industry,0.0342538
20220519,2022-05-19,International Aviation,0.00469816
20220519,2022-05-19,Power,0.0306657
20220519,2022-05-19,Residential,0.00743405
20220520,2022-05-20,Domestic Aviation,0.000378316
20220520,2022-05-20,Ground Transport,0.0262217
20220520,2022-05-20,Industry,0.0347527
20220520,2022-05-20,International Aviation,0.00435443
20220520,2022-05-20,Power,0.0311124
20220520,2022-05-20,Residential,0.00711781
20220521,2022-05-21,Domestic Aviation,0.00022568
20220521,2022-05-21,Ground Transport,0.0221212
20220521,2022-05-21,Industry,0.0317515
20220521,2022-05-21,International Aviation,0.00458647
20220521,2022-05-21,Power,0.0284255
20220521,2022-05-21,Residential,0.00678685
20220522,2022-05-22,Domestic Aviation,0.000304796
20220522,2022-05-22,Ground Transport,0.0167024
20220522,2022-05-22,Industry,0.0298414
20220522,2022-05-22,International Aviation,0.00451165
20220522,2022-05-22,Power,0.0267155
20220522,2022-05-22,Residential,0.00644488
20220523,2022-05-23,Domestic Aviation,0.000380051
20220523,2022-05-23,Ground Transport,0.0246864
20220523,2022-05-23,Industry,0.0328207
20220523,2022-05-23,International Aviation,0.00438231
20220523,2022-05-23,Power,0.0293827
20220523,2022-05-23,Residential,0.00491422
20220524,2022-05-24,Domestic Aviation,0.000396251
20220524,2022-05-24,Ground Transport,0.0266883
20220524,2022-05-24,Industry,0.0306105
20220524,2022-05-24,International Aviation,0.00422756
20220524,2022-05-24,Power,0.0274041
20220524,2022-05-24,Residential,0.00372216
20220525,2022-05-25,Domestic Aviation,0.000360098
20220525,2022-05-25,Ground Transport,0.0253178
20220525,2022-05-25,Industry,0.0282673
20220525,2022-05-25,International Aviation,0.00401283
20220525,2022-05-25,Power,0.0253063
20220525,2022-05-25,Residential,0.00265427
20220526,2022-05-26,Domestic Aviation,0.000270716
20220526,2022-05-26,Ground Transport,0.0254706
20220526,2022-05-26,Industry,0.0279027
20220526,2022-05-26,International Aviation,0.00480892
20220526,2022-05-26,Power,0.0249799
20220526,2022-05-26,Residential,0.0057817
20220527,2022-05-27,Domestic Aviation,0.000391955
20220527,2022-05-27,Ground Transport,0.0262217
20220527,2022-05-27,Industry,0.0282865
20220527,2022-05-27,International Aviation,0.00402115
20220527,2022-05-27,Power,0.0253235
20220527,2022-05-27,Residential,0.00687908
20220528,2022-05-28,Domestic Aviation,0.000226858
20220528,2022-05-28,Ground Transport,0.0223714
20220528,2022-05-28,Industry,0.0229241
20220528,2022-05-28,International Aviation,0.00453127
20220528,2022-05-28,Power,0.0205228
20220528,2022-05-28,Residential,0.00664635
20220529,2022-05-29,Domestic Aviation,0.000301306
20220529,2022-05-29,Ground Transport,0.0167024
20220529,2022-05-29,Industry,0.025483
20220529,2022-05-29,International Aviation,0.00466671
20220529,2022-05-29,Power,0.0228136
20220529,2022-05-29,Residential,0.0052672
20220530,2022-05-30,Domestic Aviation,0.000371724
20220530,2022-05-30,Ground Transport,0.0246864
20220530,2022-05-30,Industry,0.028394
20220530,2022-05-30,International Aviation,0.00408296
20220530,2022-05-30,Power,0.0254197
20220530,2022-05-30,Residential,0.00416186
20220531,2022-05-31,Domestic Aviation,0.000388865
20220531,2022-05-31,Ground Transport,0.0266883
20220531,2022-05-31,Industry,0.024947
20220531,2022-05-31,International Aviation,0.00423533
20220531,2022-05-31,Power,0.0223338
20220531,2022-05-31,Residential,0.0043087
20220601,2022-06-01,Domestic Aviation,0.000380619
20220601,2022-06-01,Ground Transport,0.0253178
20220601,2022-06-01,Industry,0.0519323
20220601,2022-06-01,International Aviation,0.00392898
20220601,2022-06-01,Power,0.0223278
20220601,2022-06-01,Residential,0.00397765
20220602,2022-06-02,Domestic Aviation,0.000329334
20220602,2022-06-02,Ground Transport,0.0254706
20220602,2022-06-02,Industry,0.0575235
20220602,2022-06-02,International Aviation,0.00507044
20220602,2022-06-02,Power,0.0247316
20220602,2022-06-02,Residential,0.00501106
20220603,2022-06-03,Domestic Aviation,0.000363479
20220603,2022-06-03,Ground Transport,0.0262217
20220603,2022-06-03,Industry,0.0619573
20220603,2022-06-03,International Aviation,0.00408305
20220603,2022-06-03,Power,0.0266379
20220603,2022-06-03,Residential,0.00476885
20220604,2022-06-04,Domestic Aviation,0.000221231
20220604,2022-06-04,Ground Transport,0.0223162
20220604,2022-06-04,Industry,0.0507123
20220604,2022-06-04,International Aviation,0.00464964
20220604,2022-06-04,Power,0.0218032
20220604,2022-06-04,Residential,0.00410295
20220605,2022-06-05,Domestic Aviation,0.000275281
20220605,2022-06-05,Ground Transport,0.0167024
20220605,2022-06-05,Industry,0.0350989
20220605,2022-06-05,International Aviation,0.00487175
20220605,2022-06-05,Power,0.0150904
20220605,2022-06-05,Residential,0.00486405
20220606,2022-06-06,Domestic Aviation,0.000334974
20220606,2022-06-06,Ground Transport,0.0246864
20220606,2022-06-06,Industry,0.0510964
20220606,2022-06-06,International Aviation,0.00433464
20220606,2022-06-06,Power,0.0219684
20220606,2022-06-06,Residential,0.00509532
20220607,2022-06-07,Domestic Aviation,0.000372916
20220607,2022-06-07,Ground Transport,0.0266883
20220607,2022-06-07,Industry,0.0501661
20220607,2022-06-07,International Aviation,0.00439354
20220607,2022-06-07,Power,0.0215684
20220607,2022-06-07,Residential,0.00292119
20220608,2022-06-08,Domestic Aviation,0.000348337
20220608,2022-06-08,Ground Transport,0.0253178
20220608,2022-06-08,Industry,0.0556215
20220608,2022-06-08,International Aviation,0.00426592
20220608,2022-06-08,Power,0.0239139
20220608,2022-06-08,Residential,0.00316461
20220609,2022-06-09,Domestic Aviation,0.000372574
20220609,2022-06-09,Ground Transport,0.0254706
20220609,2022-06-09,Industry,0.0541863
20220609,2022-06-09,International Aviation,0.00466143
20220609,2022-06-09,Power,0.0232968
20220609,2022-06-09,Residential,0.0030139
20220610,2022-06-10,Domestic Aviation,0.000364243
20220610,2022-06-10,Ground Transport,0.0262217
20220610,2022-06-10,Industry,0.051283
20220610,2022-06-10,International Aviation,0.00439059
20220610,2022-06-10,Power,0.0220486
20220610,2022-06-10,Residential,0.00244532
20220611,2022-06-11,Domestic Aviation,0.000233204
20220611,2022-06-11,Ground Transport,0.0218134
20220611,2022-06-11,Industry,0.0255637
20220611,2022-06-11,International Aviation,0.00478451
20220611,2022-06-11,Power,0.0109909
20220611,2022-06-11,Residential,0.000810854
20220612,2022-06-12,Domestic Aviation,0.000292466
20220612,2022-06-12,Ground Transport,0.0167024
20220612,2022-06-12,Industry,0.024576
20220612,2022-06-12,International Aviation,0.00469774
20220612,2022-06-12,Power,0.0105662
20220612,2022-06-12,Residential,0.00164529
20220613,2022-06-13,Domestic Aviation,0.000374968
20220613,2022-06-13,Ground Transport,0.0246864
20220613,2022-06-13,Industry,0.0339611
20220613,2022-06-13,International Aviation,0.00471508
20220613,2022-06-13,Power,0.0146012
20220613,2022-06-13,Residential,0.00292051
20220614,2022-06-14,Domestic Aviation,0.00036051
20220614,2022-06-14,Ground Transport,0.0266883
20220614,2022-06-14,Industry,0.0353229
20220614,2022-06-14,International Aviation,0.00443556
20220614,2022-06-14,Power,0.0151867
20220614,2022-06-14,Residential,0.00279028
20220615,2022-06-15,Domestic Aviation,0.000372064
20220615,2022-06-15,Ground Transport,0.0253178
20220615,2022-06-15,Industry,0.0330114
20220615,2022-06-15,International Aviation,0.00413784
20220615,2022-06-15,Power,0.0141929
20220615,2022-06-15,Residential,0.00251463
20220616,2022-06-16,Domestic Aviation,0.000340829
20220616,2022-06-16,Ground Transport,0.0254706
20220616,2022-06-16,Industry,0.0306443
20220616,2022-06-16,International Aviation,0.00494368
20220616,2022-06-16,Power,0.0131752
20220616,2022-06-16,Residential,0.00445444
20220617,2022-06-17,Domestic Aviation,0.000378376
20220617,2022-06-17,Ground Transport,0.0262217
20220617,2022-06-17,Industry,0.0326435
20220617,2022-06-17,International Aviation,0.00455663
20220617,2022-06-17,Power,0.0140347
20220617,2022-06-17,Residential,0.00395483
20220618,2022-06-18,Domestic Aviation,0.00024341
20220618,2022-06-18,Ground Transport,0.0212043
20220618,2022-06-18,Industry,0.017541
20220618,2022-06-18,International Aviation,0.00488667
20220618,2022-06-18,Power,0.00754157
20220618,2022-06-18,Residential,0.00401696
20220619,2022-06-19,Domestic Aviation,0.000298055
20220619,2022-06-19,Ground Transport,0.0167024
20220619,2022-06-19,Industry,0.0178421
20220619,2022-06-19,International Aviation,0.00451575
20220619,2022-06-19,Power,0.007671
20220619,2022-06-19,Residential,0.00457806
20220620,2022-06-20,Domestic Aviation,0.000298276
20220620,2022-06-20,Ground Transport,0.0246864
20220620,2022-06-20,Industry,0.0380954
20220620,2022-06-20,International Aviation,0.00470973
20220620,2022-06-20,Power,0.0163787
20220620,2022-06-20,Residential,0.00404557
20220621,2022-06-21,Domestic Aviation,0.000320239
20220621,2022-06-21,Ground Transport,0.0266883
20220621,2022-06-21,Industry,0.0322305
20220621,2022-06-21,International Aviation,0.00445786
20220621,2022-06-21,Power,0.0138572
20220621,2022-06-21,Residential,0.00216499
20220622,2022-06-22,Domestic Aviation,0.000303232
20220622,2022-06-22,Ground Transport,0.0253178
20220622,2022-06-22,Industry,0.031957
20220622,2022-06-22,International Aviation,0.00421105
20220622,2022-06-22,Power,0.0137396
20220622,2022-06-22,Residential,0.0019714
20220623,2022-06-23,Domestic Aviation,0.000287858
20220623,2022-06-23,Ground Transport,0.0254706
20220623,2022-06-23,Industry,0.01361
20220623,2022-06-23,International Aviation,0.00510737
20220623,2022-06-23,Power,0.00585146
20220623,2022-06-23,Residential,0.00107253
20220624,2022-06-24,Domestic Aviation,0.0002622
20220624,2022-06-24,Ground Transport,0.0262217
20220624,2022-06-24,Industry,0.0124644
20220624,2022-06-24,International Aviation,0.00440291
20220624,2022-06-24,Power,0.00535893
20220624,2022-06-24,Residential,0.000125186
20220625,2022-06-25,Domestic Aviation,0.000192105
20220625,2022-06-25,Ground Transport,0.0210104
20220625,2022-06-25,Industry,0.0131009
20220625,2022-06-25,International Aviation,0.00484439
20220625,2022-06-25,Power,0.00563261
20220625,2022-06-25,Residential,1.02618e-05
20220626,2022-06-26,Domestic Aviation,0.000232062
20220626,2022-06-26,Ground Transport,0.0167024
20220626,2022-06-26,Industry,0.0126693
20220626,2022-06-26,International Aviation,0.00452683
20220626,2022-06-26,Power,0.00544703
20220626,2022-06-26,Residential,1.00507e-05
20220627,2022-06-27,Domestic Aviation,0.000307395
20220627,2022-06-27,Ground Transport,0.0246864
20220627,2022-06-27,Industry,0.025851
20220627,2022-06-27,International Aviation,0.00484956
20220627,2022-06-27,Power,0.0111144
20220627,2022-06-27,Residential,1.74562e-05
20220628,2022-06-28,Domestic Aviation,0.000336099
20220628,2022-06-28,Ground Transport,0.0266883
20220628,2022-06-28,Industry,0.0270861
20220628,2022-06-28,International Aviation,0.00465472
20220628,2022-06-28,Power,0.0116454
20220628,2022-06-28,Residential,1.99402e-05
20220629,2022-06-29,Domestic Aviation,0.000308324
20220629,2022-06-29,Ground Transport,0.0253178
20220629,2022-06-29,Industry,0.0301893
20220629,2022-06-29,International Aviation,0.00390225
20220629,2022-06-29,Power,0.0129796
20220629,2022-06-29,Residential,1.35918e-06
20220630,2022-06-30,Domestic Aviation,0.000356059
20220630,2022-06-30,Ground Transport,0.0254706
20220630,2022-06-30,Industry,0.0313646
20220630,2022-06-30,International Aviation,0.00517531
20220630,2022-06-30,Power,0.0134849
20220630,2022-06-30,Residential,1.21309e-06
20220701,2022-07-01,Domestic Aviation,0.000375562
20220701,2022-07-01,Ground Transport,0.0262217
20220701,2022-07-01,Industry,0.033605
20220701,2022-07-01,International Aviation,0.00434481
20220701,2022-07-01,Power,0.0130352
20220701,2022-07-01,Residential,1.38598e-06
20220702,2022-07-02,Domestic Aviation,0.000219593
20220702,2022-07-02,Ground Transport,0.0213666
20220702,2022-07-02,Industry,0.0139151
20220702,2022-07-02,International Aviation,0.00500137
20220702,2022-07-02,Power,0.00539762
20220702,2022-07-02,Residential,0.0
20220703,2022-07-03,Domestic Aviation,0.000250605
20220703,2022-07-03,Ground Transport,0.0167024
20220703,2022-07-03,Industry,0.014572
20220703,2022-07-03,International Aviation,0.00480954
20220703,2022-07-03,Power,0.00565243
20220703,2022-07-03,Residential,3.52991e-07
20220704,2022-07-04,Domestic Aviation,0.000337257
20220704,2022-07-04,Ground Transport,0.0246864
20220704,2022-07-04,Industry,0.0325714
20220704,2022-07-04,International Aviation,0.00475258
20220704,2022-07-04,Power,0.0126343
20220704,2022-07-04,Residential,1.5603e-06
20220705,2022-07-05,Domestic Aviation,0.000306401
20220705,2022-07-05,Ground Transport,0.0266883
20220705,2022-07-05,Industry,0.026339
20220705,2022-07-05,International Aviation,0.00452591
20220705,2022-07-05,Power,0.0102168
20220705,2022-07-05,Residential,0.000542643
20220706,2022-07-06,Domestic Aviation,0.000292787
20220706,2022-07-06,Ground Transport,0.0253178
20220706,2022-07-06,Industry,0.0347152
20220706,2022-07-06,International Aviation,0.00398993
20220706,2022-07-06,Power,0.0134659
20220706,2022-07-06,Residential,0.00177833
20220707,2022-07-07,Domestic Aviation,0.000320308
20220707,2022-07-07,Ground Transport,0.0254706
20220707,2022-07-07,Industry,0.0357357
20220707,2022-07-07,International Aviation,0.00511206
20220707,2022-07-07,Power,0.0138617
20220707,2022-07-07,Residential,0.0023518
20220708,2022-07-08,Domestic Aviation,0.000371843
20220708,2022-07-08,Ground Transport,0.0262217
20220708,2022-07-08,Industry,0.0348445
20220708,2022-07-08,International Aviation,0.00449799
20220708,2022-07-08,Power,0.013516
20220708,2022-07-08,Residential,0.00183626
20220709,2022-07-09,Domestic Aviation,0.00022699
20220709,2022-07-09,Ground Transport,0.0218818
20220709,2022-07-09,Industry,0.0338024
20220709,2022-07-09,International Aviation,0.00480155
20220709,2022-07-09,Power,0.0131118
20220709,2022-07-09,Residential,0.00246164
20220710,2022-07-10,Domestic Aviation,0.000253009
20220710,2022-07-10,Ground Transport,0.0167024
20220710,2022-07-10,Industry,0.0302698
20220710,2022-07-10,International Aviation,0.00473644
20220710,2022-07-10,Power,0.0117415
20220710,2022-07-10,Residential,0.00162605
20220711,2022-07-11,Domestic Aviation,0.000302972
20220711,2022-07-11,Ground Transport,0.0246864
20220711,2022-07-11,Industry,0.0417955
20220711,2022-07-11,International Aviation,0.00470324
20220711,2022-07-11,Power,0.0162123
20220711,2022-07-11,Residential,0.000458818
20220712,2022-07-12,Domestic Aviation,0.000319834
20220712,2022-07-12,Ground Transport,0.0266883
20220712,2022-07-12,Industry,0.0414777
20220712,2022-07-12,International Aviation,0.00445783
20220712,2022-07-12,Power,0.016089
20220712,2022-07-12,Residential,1.06284e-05
20220713,2022-07-13,Domestic Aviation,0.000290222
20220713,2022-07-13,Ground Transport,0.0253178
20220713,2022-07-13,Industry,0.0412997
20220713,2022-07-13,International Aviation,0.00393413
20220713,2022-07-13,Power,0.01602
20220713,2022-07-13,Residential,5.19024e-05
20220714,2022-07-14,Domestic Aviation,0.000291858
20220714,2022-07-14,Ground Transport,0.0254706
20220714,2022-07-14,Industry,0.0368583
20220714,2022-07-14,International Aviation,0.00494763
20220714,2022-07-14,Power,0.0142972
20220714,2022-07-14,Residential,0.00131017
20220715,2022-07-15,Domestic Aviation,0.000355302
20220715,2022-07-15,Ground Transport,0.0262217
20220715,2022-07-15,Industry,0.0370788
20220715,2022-07-15,International Aviation,0.00483192
20220715,2022-07-15,Power,0.0143827
20220715,2022-07-15,Residential,0.00328995
20220716,2022-07-16,Domestic Aviation,0.000237572
20220716,2022-07-16,Ground Transport,0.0221295
20220716,2022-07-16,Industry,0.0224797
20220716,2022-07-16,International Aviation,0.00466107
20220716,2022-07-16,Power,0.0087198
20220716,2022-07-16,Residential,0.00390213
20220717,2022-07-17,Domestic Aviation,0.000240442
20220717,2022-07-17,Ground Transport,0.0167024
20220717,2022-07-17,Industry,0.0181315
20220717,2022-07-17,International Aviation,0.0047692
20220717,2022-07-17,Power,0.00703314
20220717,2022-07-17,Residential,0.00391328
20220718,2022-07-18,Domestic Aviation,0.000319103
20220718,2022-07-18,Ground Transport,0.0246864
20220718,2022-07-18,Industry,0.0209694
20220718,2022-07-18,International Aviation,0.00456259
20220718,2022-07-18,Power,0.00813394
20220718,2022-07-18,Residential,0.00276163
20220719,2022-07-19,Domestic Aviation,0.000283214
20220719,2022-07-19,Ground Transport,0.0266883
20220719,2022-07-19,Industry,0.019202
20220719,2022-07-19,International Aviation,0.00467309
20220719,2022-07-19,Power,0.00744837
20220719,2022-07-19,Residential,0.00221166
20220720,2022-07-20,Domestic Aviation,0.00029349
20220720,2022-07-20,Ground Transport,0.0253178
20220720,2022-07-20,Industry,0.0187506
20220720,2022-07-20,International Aviation,0.00403054
20220720,2022-07-20,Power,0.00727329
20220720,2022-07-20,Residential,0.0005068
20220721,2022-07-21,Domestic Aviation,0.000300101
20220721,2022-07-21,Ground Transport,0.0254706
20220721,2022-07-21,Industry,0.0179498
20220721,2022-07-21,International Aviation,0.00509304
20220721,2022-07-21,Power,0.00696264
20220721,2022-07-21,Residential,6.31441e-06
20220722,2022-07-22,Domestic Aviation,0.000383507
20220722,2022-07-22,Ground Transport,0.0262217
20220722,2022-07-22,Industry,0.0173467
20220722,2022-07-22,International Aviation,0.00451805
20220722,2022-07-22,Power,0.00672873
20220722,2022-07-22,Residential,6.32416e-05
20220723,2022-07-23,Domestic Aviation,0.000213952
20220723,2022-07-23,Ground Transport,0.0205273
20220723,2022-07-23,Industry,0.0148864
20220723,2022-07-23,International Aviation,0.00493843
20220723,2022-07-23,Power,0.00577438
20220723,2022-07-23,Residential,0.000867768
20220724,2022-07-24,Domestic Aviation,0.000243897
20220724,2022-07-24,Ground Transport,0.0167024
20220724,2022-07-24,Industry,0.0155945
20220724,2022-07-24,International Aviation,0.00430708
20220724,2022-07-24,Power,0.00604905
20220724,2022-07-24,Residential,0.0011063
20220725,2022-07-25,Domestic Aviation,0.000304633
20220725,2022-07-25,Ground Transport,0.0246864
20220725,2022-07-25,Industry,0.0165206
20220725,2022-07-25,International Aviation,0.00472939
20220725,2022-07-25,Power,0.00640827
20220725,2022-07-25,Residential,0.000112966
20220726,2022-07-26,Domestic Aviation,0.000311604
20220726,2022-07-26,Ground Transport,0.0266883
20220726,2022-07-26,Industry,0.0135935
20220726,2022-07-26,International Aviation,0.00459217
20220726,2022-07-26,Power,0.00527285
20220726,2022-07-26,Residential,7.59846e-05
20220727,2022-07-27,Domestic Aviation,0.000313571
20220727,2022-07-27,Ground Transport,0.0253178
20220727,2022-07-27,Industry,0.0152193
20220727,2022-07-27,International Aviation,0.00382864
20220727,2022-07-27,Power,0.0059035
20220727,2022-07-27,Residential,0.00116173
20220728,2022-07-28,Domestic Aviation,0.000319003
20220728,2022-07-28,Ground Transport,0.0254706
20220728,2022-07-28,Industry,0.0175447
20220728,2022-07-28,International Aviation,0.00510084
20220728,2022-07-28,Power,0.00680553
20220728,2022-07-28,Residential,0.00270652
20220729,2022-07-29,Domestic Aviation,0.00038304
20220729,2022-07-29,Ground Transport,0.0262217
20220729,2022-07-29,Industry,0.0297348
20220729,2022-07-29,International Aviation,0.00463229
20220729,2022-07-29,Power,0.011534
20220729,2022-07-29,Residential,0.00289511
20220730,2022-07-30,Domestic Aviation,0.000232863
20220730,2022-07-30,Ground Transport,0.0210696
20220730,2022-07-30,Industry,0.029058
20220730,2022-07-30,International Aviation,0.00502378
20220730,2022-07-30,Power,0.0112715
20220730,2022-07-30,Residential,0.00363774
20220731,2022-07-31,Domestic Aviation,0.000265998
20220731,2022-07-31,Ground Transport,0.0204244
20220731,2022-07-31,Industry,0.0317723
20220731,2022-07-31,International Aviation,0.00443906
20220731,2022-07-31,Power,0.0123244
20220731,2022-07-31,Residential,0.00176908
20220801,2022-08-01,Domestic Aviation,0.000362168
20220801,2022-08-01,Ground Transport,0.0262513
20220801,2022-08-01,Industry,0.0274736
20220801,2022-08-01,International Aviation,0.00488415
20220801,2022-08-01,Power,0.0125983
20220801,2022-08-01,Residential,0.00062332
20220802,2022-08-02,Domestic Aviation,0.000349469
20220802,2022-08-02,Ground Transport,0.0273576
20220802,2022-08-02,Industry,0.0255489
20220802,2022-08-02,International Aviation,0.00446884
20220802,2022-08-02,Power,0.0117157
20220802,2022-08-02,Residential,0.00166199
20220803,2022-08-03,Domestic Aviation,0.000333319
20220803,2022-08-03,Ground Transport,0.0276538
20220803,2022-08-03,Industry,0.0201229
20220803,2022-08-03,International Aviation,0.00383434
20220803,2022-08-03,Power,0.0092276
20220803,2022-08-03,Residential,0.00109957
20220804,2022-08-04,Domestic Aviation,0.000310785
20220804,2022-08-04,Ground Transport,0.0275925
20220804,2022-08-04,Industry,0.0160498
20220804,2022-08-04,International Aviation,0.00500596
20220804,2022-08-04,Power,0.00735983
20220804,2022-08-04,Residential,7.7227e-05
20220805,2022-08-05,Domestic Aviation,0.000373867
20220805,2022-08-05,Ground Transport,0.028182
20220805,2022-08-05,Industry,0.0149555
20220805,2022-08-05,International Aviation,0.00454339
20220805,2022-08-05,Power,0.00685801
20220805,2022-08-05,Residential,0.000102102
20220806,2022-08-06,Domestic Aviation,0.00019732
20220806,2022-08-06,Ground Transport,0.0230193
20220806,2022-08-06,Industry,0.0127714
20220806,2022-08-06,International Aviation,0.00503384
20220806,2022-08-06,Power,0.00585645
20220806,2022-08-06,Residential,0.00129407
20220807,2022-08-07,Domestic Aviation,0.000251684
20220807,2022-08-07,Ground Transport,0.0209475
20220807,2022-08-07,Industry,0.0131224
20220807,2022-08-07,International Aviation,0.00425112
20220807,2022-08-07,Power,0.00601743
20220807,2022-08-07,Residential,0.00338794
20220808,2022-08-08,Domestic Aviation,0.00036873
20220808,2022-08-08,Ground Transport,0.0285785
20220808,2022-08-08,Industry,0.0266723
20220808,2022-08-08,International Aviation,0.0046263
20220808,2022-08-08,Power,0.0122309
20220808,2022-08-08,Residential,0.00348377
20220809,2022-08-09,Domestic Aviation,0.000353314
20220809,2022-08-09,Ground Transport,0.0299014
20220809,2022-08-09,Industry,0.0271462
20220809,2022-08-09,International Aviation,0.0047394
20220809,2022-08-09,Power,0.0124482
20220809,2022-08-09,Residential,0.00227143
20220810,2022-08-10,Domestic Aviation,0.000332398
20220810,2022-08-10,Ground Transport,0.0303
20220810,2022-08-10,Industry,0.015315
20220810,2022-08-10,International Aviation,0.00379181
20220810,2022-08-10,Power,0.00702286
20220810,2022-08-10,Residential,0.000717545
20220811,2022-08-11,Domestic Aviation,0.00033333
20220811,2022-08-11,Ground Transport,0.0305104
20220811,2022-08-11,Industry,0.0145328
20220811,2022-08-11,International Aviation,0.00534794
20220811,2022-08-11,Power,0.00666416
20220811,2022-08-11,Residential,0.000247284
20220812,2022-08-12,Domestic Aviation,0.000367512
20220812,2022-08-12,Ground Transport,0.0303667
20220812,2022-08-12,Industry,0.0284202
20220812,2022-08-12,International Aviation,0.00436614
20220812,2022-08-12,Power,0.0130324
20220812,2022-08-12,Residential,0.00115038
20220813,2022-08-13,Domestic Aviation,0.00020214
20220813,2022-08-13,Ground Transport,0.0229787
20220813,2022-08-13,Industry,0.0296129
20220813,2022-08-13,International Aviation,0.00486895
20220813,2022-08-13,Power,0.0135793
20220813,2022-08-13,Residential,0.00129154
20220814,2022-08-14,Domestic Aviation,0.000263494
20220814,2022-08-14,Ground Transport,0.0202469
20220814,2022-08-14,Industry,0.0365752
20220814,2022-08-14,International Aviation,0.004391
20220814,2022-08-14,Power,0.016772
20220814,2022-08-14,Residential,0.000429785
20220815,2022-08-15,Domestic Aviation,0.000398596
20220815,2022-08-15,Ground Transport,0.030085
20220815,2022-08-15,Industry,0.040948
20220815,2022-08-15,International Aviation,0.00461993
20220815,2022-08-15,Power,0.0187772
20220815,2022-08-15,Residential,8.12925e-05
20220816,2022-08-16,Domestic Aviation,0.000314255
20220816,2022-08-16,Ground Transport,0.0305501
20220816,2022-08-16,Industry,0.0397016
20220816,2022-08-16,International Aviation,0.00430026
20220816,2022-08-16,Power,0.0182056
20220816,2022-08-16,Residential,3.59859e-07
20220817,2022-08-17,Domestic Aviation,0.000321744
20220817,2022-08-17,Ground Transport,0.032271
20220817,2022-08-17,Industry,0.0431307
20220817,2022-08-17,International Aviation,0.00399965
20220817,2022-08-17,Power,0.0197781
20220817,2022-08-17,Residential,9.14679e-07
20220818,2022-08-18,Domestic Aviation,0.000354709
20220818,2022-08-18,Ground Transport,0.0313022
20220818,2022-08-18,Industry,0.050062
20220818,2022-08-18,International Aviation,0.0049511
20220818,2022-08-18,Power,0.0229565
20220818,2022-08-18,Residential,0.000197039
20220819,2022-08-19,Domestic Aviation,0.000373589
20220819,2022-08-19,Ground Transport,0.0327311
20220819,2022-08-19,Industry,0.0468109
20220819,2022-08-19,International Aviation,0.00433879
20220819,2022-08-19,Power,0.0214657
20220819,2022-08-19,Residential,4.47778e-05
20220820,2022-08-20,Domestic Aviation,0.000218276
20220820,2022-08-20,Ground Transport,0.0254668
20220820,2022-08-20,Industry,0.0174887
20220820,2022-08-20,International Aviation,0.0048793
20220820,2022-08-20,Power,0.00801962
20220820,2022-08-20,Residential,5.86482e-07
20220821,2022-08-21,Domestic Aviation,0.000274009
20220821,2022-08-21,Ground Transport,0.0218905
20220821,2022-08-21,Industry,0.0181213
20220821,2022-08-21,International Aviation,0.00455981
20220821,2022-08-21,Power,0.00830973
20220821,2022-08-21,Residential,4.52324e-05
20220822,2022-08-22,Domestic Aviation,0.000325636
20220822,2022-08-22,Ground Transport,0.0303814
20220822,2022-08-22,Industry,0.0445415
20220822,2022-08-22,International Aviation,0.00436433
20220822,2022-08-22,Power,0.020425
20220822,2022-08-22,Residential,0.000959755
20220823,2022-08-23,Domestic Aviation,0.000331387
20220823,2022-08-23,Ground Transport,0.0307906
20220823,2022-08-23,Industry,0.0480066
20220823,2022-08-23,International Aviation,0.00436904
20220823,2022-08-23,Power,0.022014
20220823,2022-08-23,Residential,0.00153159
20220824,2022-08-24,Domestic Aviation,0.000339844
20220824,2022-08-24,Ground Transport,0.0316079
20220824,2022-08-24,Industry,0.0501617
20220824,2022-08-24,International Aviation,0.00389397
20220824,2022-08-24,Power,0.0230022
20220824,2022-08-24,Residential,0.00171808
20220825,2022-08-25,Domestic Aviation,0.000362359
20220825,2022-08-25,Ground Transport,0.0316564
20220825,2022-08-25,Industry,0.0402154
20220825,2022-08-25,International Aviation,0.00490107
20220825,2022-08-25,Power,0.0184412
20220825,2022-08-25,Residential,0.00239336
20220826,2022-08-26,Domestic Aviation,0.000399346
20220826,2022-08-26,Ground Transport,0.0318669
20220826,2022-08-26,Industry,0.0380749
20220826,2022-08-26,International Aviation,0.00449741
20220826,2022-08-26,Power,0.0174597
20220826,2022-08-26,Residential,0.00202425
20220827,2022-08-27,Domestic Aviation,0.000236074
20220827,2022-08-27,Ground Transport,0.0222226
20220827,2022-08-27,Industry,0.0278685
20220827,2022-08-27,International Aviation,0.00467607
20220827,2022-08-27,Power,0.0127794
20220827,2022-08-27,Residential,0.000627928
20220828,2022-08-28,Domestic Aviation,0.000250565
20220828,2022-08-28,Ground Transport,0.0203266
20220828,2022-08-28,Industry,0.025414
20220828,2022-08-28,International Aviation,0.00467548
20220828,2022-08-28,Power,0.0116539
20220828,2022-08-28,Residential,0.00164885
20220829,2022-08-29,Domestic Aviation,0.000318844
20220829,2022-08-29,Ground Transport,0.0302943
20220829,2022-08-29,Industry,0.0330145
20220829,2022-08-29,International Aviation,0.00416857
20220829,2022-08-29,Power,0.0151392
20220829,2022-08-29,Residential,0.0041458
20220830,2022-08-30,Domestic Aviation,0.000358496
20220830,2022-08-30,Ground Transport,0.0311295
20220830,2022-08-30,Industry,0.0337933
20220830,2022-08-30,International Aviation,0.00432131
20220830,2022-08-30,Power,0.0154963
20220830,2022-08-30,Residential,0.00510358
20220831,2022-08-31,Domestic Aviation,0.000366459
20220831,2022-08-31,Ground Transport,0.0315739
20220831,2022-08-31,Industry,0.0365669
20220831,2022-08-31,International Aviation,0.00412832
20220831,2022-08-31,Power,0.0167682
20220831,2022-08-31,Residential,0.00751768
20220901,2022-09-01,Domestic Aviation,0.000357127
20220901,2022-09-01,Ground Transport,0.0318114
20220901,2022-09-01,Industry,0.0296962
20220901,2022-09-01,International Aviation,0.00491281
20220901,2022-09-01,Power,0.0150209
20220901,2022-09-01,Residential,0.00779506
20220902,2022-09-02,Domestic Aviation,0.000341093
20220902,2022-09-02,Ground Transport,0.0318811
20220902,2022-09-02,Industry,0.033441
20220902,2022-09-02,International Aviation,0.004712
20220902,2022-09-02,Power,0.016915
20220902,2022-09-02,Residential,0.00864729
20220903,2022-09-03,Domestic Aviation,0.000238695
20220903,2022-09-03,Ground Transport,0.0222226
20220903,2022-09-03,Industry,0.0311667
20220903,2022-09-03,International Aviation,0.00488849
20220903,2022-09-03,Power,0.0157646
20220903,2022-09-03,Residential,0.00850375
20220904,2022-09-04,Domestic Aviation,0.000279951
20220904,2022-09-04,Ground Transport,0.0197579
20220904,2022-09-04,Industry,0.0285061
20220904,2022-09-04,International Aviation,0.00465111
20220904,2022-09-04,Power,0.0144189
20220904,2022-09-04,Residential,0.00826252
20220905,2022-09-05,Domestic Aviation,0.00034208
20220905,2022-09-05,Ground Transport,0.0302006
20220905,2022-09-05,Industry,0.0344371
20220905,2022-09-05,International Aviation,0.00446513
20220905,2022-09-05,Power,0.0174189
20220905,2022-09-05,Residential,0.00831364
20220906,2022-09-06,Domestic Aviation,0.000329219
20220906,2022-09-06,Ground Transport,0.0316501
20220906,2022-09-06,Industry,0.0338963
20220906,2022-09-06,International Aviation,0.00444143
20220906,2022-09-06,Power,0.0171453
20220906,2022-09-06,Residential,0.00700414
20220907,2022-09-07,Domestic Aviation,0.000340378
20220907,2022-09-07,Ground Transport,0.0315739
20220907,2022-09-07,Industry,0.0380019
20220907,2022-09-07,International Aviation,0.00409109
20220907,2022-09-07,Power,0.019222
20220907,2022-09-07,Residential,0.00875119
20220908,2022-09-08,Domestic Aviation,0.000387687
20220908,2022-09-08,Ground Transport,0.0319112
20220908,2022-09-08,Industry,0.0427919
20220908,2022-09-08,International Aviation,0.00475132
20220908,2022-09-08,Power,0.0216449
20220908,2022-09-08,Residential,0.00958038
20220909,2022-09-09,Domestic Aviation,0.000352914
20220909,2022-09-09,Ground Transport,0.0312518
20220909,2022-09-09,Industry,0.0394277
20220909,2022-09-09,International Aviation,0.00491107
20220909,2022-09-09,Power,0.0199432
20220909,2022-09-09,Residential,0.00807397
20220910,2022-09-10,Domestic Aviation,0.000267391
20220910,2022-09-10,Ground Transport,0.0238944
20220910,2022-09-10,Industry,0.0367118
20220910,2022-09-10,International Aviation,0.0050137
20220910,2022-09-10,Power,0.0185695
20220910,2022-09-10,Residential,0.00708423
20220911,2022-09-11,Domestic Aviation,0.000333231
20220911,2022-09-11,Ground Transport,0.0197579
20220911,2022-09-11,Industry,0.0410581
20220911,2022-09-11,International Aviation,0.00484616
20220911,2022-09-11,Power,0.0207679
20220911,2022-09-11,Residential,0.00654482
20220912,2022-09-12,Domestic Aviation,0.000373666
20220912,2022-09-12,Ground Transport,0.0298087
20220912,2022-09-12,Industry,0.042792
20220912,2022-09-12,International Aviation,0.00459877
20220912,2022-09-12,Power,0.0216449
20220912,2022-09-12,Residential,0.00638378
20220913,2022-09-13,Domestic Aviation,0.000329483
20220913,2022-09-13,Ground Transport,0.0315187
20220913,2022-09-13,Industry,0.0176116
20220913,2022-09-13,International Aviation,0.00445915
20220913,2022-09-13,Power,0.00890823
20220913,2022-09-13,Residential,0.0060466
20220914,2022-09-14,Domestic Aviation,0.00031508
20220914,2022-09-14,Ground Transport,0.0331179
20220914,2022-09-14,Industry,0.018631
20220914,2022-09-14,International Aviation,0.00433389
20220914,2022-09-14,Power,0.00942385
20220914,2022-09-14,Residential,0.00552821
20220915,2022-09-15,Domestic Aviation,0.0004234
20220915,2022-09-15,Ground Transport,0.0326825
20220915,2022-09-15,Industry,0.0192876
20220915,2022-09-15,International Aviation,0.00480109
20220915,2022-09-15,Power,0.00975601
20220915,2022-09-15,Residential,0.0058412
20220916,2022-09-16,Domestic Aviation,0.000372488
20220916,2022-09-16,Ground Transport,0.0319233
20220916,2022-09-16,Industry,0.0214343
20220916,2022-09-16,International Aviation,0.0046529299999999996
20220916,2022-09-16,Power,0.0108418
20220916,2022-09-16,Residential,0.00640321
20220917,2022-09-17,Domestic Aviation,0.000254393
20220917,2022-09-17,Ground Transport,0.0249048
20220917,2022-09-17,Industry,0.0232326
20220917,2022-09-17,International Aviation,0.0049348
20220917,2022-09-17,Power,0.0117514
20220917,2022-09-17,Residential,0.00679488
20220918,2022-09-18,Domestic Aviation,0.00031728
20220918,2022-09-18,Ground Transport,0.0203852
20220918,2022-09-18,Industry,0.0230138
20220918,2022-09-18,International Aviation,0.00461483
20220918,2022-09-18,Power,0.0116408
20220918,2022-09-18,Residential,0.00667824
20220919,2022-09-19,Domestic Aviation,0.000363051
20220919,2022-09-19,Ground Transport,0.0295061
20220919,2022-09-19,Industry,0.0249918
20220919,2022-09-19,International Aviation,0.00455036
20220919,2022-09-19,Power,0.0126413
20220919,2022-09-19,Residential,0.0064971
20220920,2022-09-20,Domestic Aviation,0.00030442
20220920,2022-09-20,Ground Transport,0.0309847
20220920,2022-09-20,Industry,0.0328459
20220920,2022-09-20,International Aviation,0.00424926
20220920,2022-09-20,Power,0.016614
20220920,2022-09-20,Residential,0.00792499
20220921,2022-09-21,Domestic Aviation,0.000332214
20220921,2022-09-21,Ground Transport,0.0316035
20220921,2022-09-21,Industry,0.0447025
20220921,2022-09-21,International Aviation,0.00434953
20220921,2022-09-21,Power,0.0226113
20220921,2022-09-21,Residential,0.00967325
20220922,2022-09-22,Domestic Aviation,0.000362151
20220922,2022-09-22,Ground Transport,0.0316151
20220922,2022-09-22,Industry,0.0438478
20220922,2022-09-22,International Aviation,0.00495429
20220922,2022-09-22,Power,0.022179
20220922,2022-09-22,Residential,0.00926035
20220923,2022-09-23,Domestic Aviation,0.00040022
20220923,2022-09-23,Ground Transport,0.0310692
20220923,2022-09-23,Industry,0.0418493
20220923,2022-09-23,International Aviation,0.00480135
20220923,2022-09-23,Power,0.0211681
20220923,2022-09-23,Residential,0.00804642
20220924,2022-09-24,Domestic Aviation,0.000248061
20220924,2022-09-24,Ground Transport,0.0240617
20220924,2022-09-24,Industry,0.0364417
20220924,2022-09-24,International Aviation,0.00467021
20220924,2022-09-24,Power,0.0184328
20220924,2022-09-24,Residential,0.00784539
20220925,2022-09-25,Domestic Aviation,0.000310968
20220925,2022-09-25,Ground Transport,0.019688
20220925,2022-09-25,Industry,0.038752
20220925,2022-09-25,International Aviation,0.00499639
20220925,2022-09-25,Power,0.0196014
20220925,2022-09-25,Residential,0.00872639
20220926,2022-09-26,Domestic Aviation,0.000385125
20220926,2022-09-26,Ground Transport,0.0290843
20220926,2022-09-26,Industry,0.0351181
20220926,2022-09-26,International Aviation,0.0043311
20220926,2022-09-26,Power,0.0177633
20220926,2022-09-26,Residential,0.00837803
20220927,2022-09-27,Domestic Aviation,0.000336785
20220927,2022-09-27,Ground Transport,0.0315464
20220927,2022-09-27,Industry,0.0360963
20220927,2022-09-27,International Aviation,0.00468251
20220927,2022-09-27,Power,0.0182581
20220927,2022-09-27,Residential,0.0081328
20220928,2022-09-28,Domestic Aviation,0.000344671
20220928,2022-09-28,Ground Transport,0.032372
20220928,2022-09-28,Industry,0.0383078
20220928,2022-09-28,International Aviation,0.00410724
20220928,2022-09-28,Power,0.0193767
20220928,2022-09-28,Residential,0.0084807
20220929,2022-09-29,Domestic Aviation,0.000338183
20220929,2022-09-29,Ground Transport,0.0330584
20220929,2022-09-29,Industry,0.0447582
20220929,2022-09-29,International Aviation,0.00513891
20220929,2022-09-29,Power,0.0226394
20220929,2022-09-29,Residential,0.00991792
20220930,2022-09-30,Domestic Aviation,0.00036274
20220930,2022-09-30,Ground Transport,0.0325211
20220930,2022-09-30,Industry,0.0508864
20220930,2022-09-30,International Aviation,0.00442595
20220930,2022-09-30,Power,0.0257392
20220930,2022-09-30,Residential,0.0102261
20221001,2022-10-01,Domestic Aviation,0.00024366
20221001,2022-10-01,Ground Transport,0.0254821
20221001,2022-10-01,Industry,0.0308449
20221001,2022-10-01,International Aviation,0.00461896
20221001,2022-10-01,Power,0.0232925
20221001,2022-10-01,Residential,0.00946848
20221002,2022-10-02,Domestic Aviation,0.00028893
20221002,2022-10-02,Ground Transport,0.019688
20221002,2022-10-02,Industry,0.0281751
20221002,2022-10-02,International Aviation,0.00509226
20221002,2022-10-02,Power,0.0212764
20221002,2022-10-02,Residential,0.00900151
20221003,2022-10-03,Domestic Aviation,0.000385133
20221003,2022-10-03,Ground Transport,0.0300468
20221003,2022-10-03,Industry,0.0338063
20221003,2022-10-03,International Aviation,0.00431861
20221003,2022-10-03,Power,0.0255288
20221003,2022-10-03,Residential,0.00953134
20221004,2022-10-04,Domestic Aviation,0.00036605
20221004,2022-10-04,Ground Transport,0.0314875
20221004,2022-10-04,Industry,0.0375946
20221004,2022-10-04,International Aviation,0.00440321
20221004,2022-10-04,Power,0.0283895
20221004,2022-10-04,Residential,0.0099544
20221005,2022-10-05,Domestic Aviation,0.000329253
20221005,2022-10-05,Ground Transport,0.0325329
20221005,2022-10-05,Industry,0.0252542
20221005,2022-10-05,International Aviation,0.00411293
20221005,2022-10-05,Power,0.0190707
20221005,2022-10-05,Residential,0.00854402
20221006,2022-10-06,Domestic Aviation,0.000333098
20221006,2022-10-06,Ground Transport,0.031955
20221006,2022-10-06,Industry,0.0189506
20221006,2022-10-06,International Aviation,0.00492205
20221006,2022-10-06,Power,0.0143105
20221006,2022-10-06,Residential,0.00590003
20221007,2022-10-07,Domestic Aviation,0.000322818
20221007,2022-10-07,Ground Transport,0.0315952
20221007,2022-10-07,Industry,0.0188966
20221007,2022-10-07,International Aviation,0.00488045
20221007,2022-10-07,Power,0.0142697
20221007,2022-10-07,Residential,0.00583222
20221008,2022-10-08,Domestic Aviation,0.000224681
20221008,2022-10-08,Ground Transport,0.0255628
20221008,2022-10-08,Industry,0.0188183
20221008,2022-10-08,International Aviation,0.00441622
20221008,2022-10-08,Power,0.0142106
20221008,2022-10-08,Residential,0.00686114
20221009,2022-10-09,Domestic Aviation,0.000290423
20221009,2022-10-09,Ground Transport,0.0201757
20221009,2022-10-09,Industry,0.0192922
20221009,2022-10-09,International Aviation,0.00545835
20221009,2022-10-09,Power,0.0145685
20221009,2022-10-09,Residential,0.00943803
20221010,2022-10-10,Domestic Aviation,0.000378076
20221010,2022-10-10,Ground Transport,0.0294545
20221010,2022-10-10,Industry,0.0195917
20221010,2022-10-10,International Aviation,0.00401728
20221010,2022-10-10,Power,0.0147947
20221010,2022-10-10,Residential,0.00734853
20221011,2022-10-11,Domestic Aviation,0.000325063
20221011,2022-10-11,Ground Transport,0.0314707
20221011,2022-10-11,Industry,0.0197885
20221011,2022-10-11,International Aviation,0.00421277
20221011,2022-10-11,Power,0.0149432
20221011,2022-10-11,Residential,0.00829711
20221012,2022-10-12,Domestic Aviation,0.000365184
20221012,2022-10-12,Ground Transport,0.0312775
20221012,2022-10-12,Industry,0.0318453
20221012,2022-10-12,International Aviation,0.00445141
20221012,2022-10-12,Power,0.0240479
20221012,2022-10-12,Residential,0.0111466
20221013,2022-10-13,Domestic Aviation,0.000365188
20221013,2022-10-13,Ground Transport,0.0309933
20221013,2022-10-13,Industry,0.0300814
20221013,2022-10-13,International Aviation,0.0052599
20221013,2022-10-13,Power,0.0227159
20221013,2022-10-13,Residential,0.00954755
20221014,2022-10-14,Domestic Aviation,0.000341541
20221014,2022-10-14,Ground Transport,0.0314999
20221014,2022-10-14,Industry,0.0372835
20221014,2022-10-14,International Aviation,0.00478822
20221014,2022-10-14,Power,0.0281546
20221014,2022-10-14,Residential,0.0074815
20221015,2022-10-15,Domestic Aviation,0.000209071
20221015,2022-10-15,Ground Transport,0.0249405
20221015,2022-10-15,Industry,0.0195489
20221015,2022-10-15,International Aviation,0.00534208
20221015,2022-10-15,Power,0.0147623
20221015,2022-10-15,Residential,0.0069571
20221016,2022-10-16,Domestic Aviation,0.000282292
20221016,2022-10-16,Ground Transport,0.0192457
20221016,2022-10-16,Industry,0.0198234
20221016,2022-10-16,International Aviation,0.00529999
20221016,2022-10-16,Power,0.0149696
20221016,2022-10-16,Residential,0.00641628
20221017,2022-10-17,Domestic Aviation,0.000365707
20221017,2022-10-17,Ground Transport,0.0268654
20221017,2022-10-17,Industry,0.0309515
20221017,2022-10-17,International Aviation,0.00469652
20221017,2022-10-17,Power,0.023373
20221017,2022-10-17,Residential,0.00897579
20221018,2022-10-18,Domestic Aviation,0.000335372
20221018,2022-10-18,Ground Transport,0.0288053
20221018,2022-10-18,Industry,0.0363609
20221018,2022-10-18,International Aviation,0.00460469
20221018,2022-10-18,Power,0.0274579
20221018,2022-10-18,Residential,0.0106568
20221019,2022-10-19,Domestic Aviation,0.000355185
20221019,2022-10-19,Ground Transport,0.0285703
20221019,2022-10-19,Industry,0.0378396
20221019,2022-10-19,International Aviation,0.00431569
20221019,2022-10-19,Power,0.0285745
20221019,2022-10-19,Residential,0.0126737
20221020,2022-10-20,Domestic Aviation,0.00039428
20221020,2022-10-20,Ground Transport,0.0287572
20221020,2022-10-20,Industry,0.0438421
20221020,2022-10-20,International Aviation,0.00514645
20221020,2022-10-20,Power,0.0331073
20221020,2022-10-20,Residential,0.0116185
20221021,2022-10-21,Domestic Aviation,0.000374527
20221021,2022-10-21,Ground Transport,0.0314999
20221021,2022-10-21,Industry,0.0430268
20221021,2022-10-21,International Aviation,0.00477999
20221021,2022-10-21,Power,0.0324916
20221021,2022-10-21,Residential,0.0113807
20221022,2022-10-22,Domestic Aviation,0.000239875
20221022,2022-10-22,Ground Transport,0.0249405
20221022,2022-10-22,Industry,0.0265856
20221022,2022-10-22,International Aviation,0.00518086
20221022,2022-10-22,Power,0.020076
20221022,2022-10-22,Residential,0.0103269
20221023,2022-10-23,Domestic Aviation,0.000331562
20221023,2022-10-23,Ground Transport,0.0192457
20221023,2022-10-23,Industry,0.0281626
20221023,2022-10-23,International Aviation,0.0051885
20221023,2022-10-23,Power,0.0212669
20221023,2022-10-23,Residential,0.0118473
20221024,2022-10-24,Domestic Aviation,0.000381469
20221024,2022-10-24,Ground Transport,0.0268654
20221024,2022-10-24,Industry,0.0430023
20221024,2022-10-24,International Aviation,0.00486606
20221024,2022-10-24,Power,0.0324731
20221024,2022-10-24,Residential,0.0156078
20221025,2022-10-25,Domestic Aviation,0.000321629
20221025,2022-10-25,Ground Transport,0.0288053
20221025,2022-10-25,Industry,0.0390495
20221025,2022-10-25,International Aviation,0.00450952
20221025,2022-10-25,Power,0.0294882
20221025,2022-10-25,Residential,0.0140443
20221026,2022-10-26,Domestic Aviation,0.000341718
20221026,2022-10-26,Ground Transport,0.0285703
20221026,2022-10-26,Industry,0.0378912
20221026,2022-10-26,International Aviation,0.0042556
20221026,2022-10-26,Power,0.0286135
20221026,2022-10-26,Residential,0.010358
20221027,2022-10-27,Domestic Aviation,0.000351111
20221027,2022-10-27,Ground Transport,0.0287572
20221027,2022-10-27,Industry,0.0387331
20221027,2022-10-27,International Aviation,0.00478838
20221027,2022-10-27,Power,0.0292492
20221027,2022-10-27,Residential,0.0100612
20221028,2022-10-28,Domestic Aviation,0.000349971
20221028,2022-10-28,Ground Transport,0.0316185
20221028,2022-10-28,Industry,0.033922
20221028,2022-10-28,International Aviation,0.00460757
20221028,2022-10-28,Power,0.0256162
20221028,2022-10-28,Residential,0.00803694
20221029,2022-10-29,Domestic Aviation,0.00026361
20221029,2022-10-29,Ground Transport,0.0248
20221029,2022-10-29,Industry,0.0283776
20221029,2022-10-29,International Aviation,0.00470035
20221029,2022-10-29,Power,0.0214293
20221029,2022-10-29,Residential,0.00803247
20221030,2022-10-30,Domestic Aviation,0.00034857
20221030,2022-10-30,Ground Transport,0.0191912
20221030,2022-10-30,Industry,0.034219
20221030,2022-10-30,International Aviation,0.00455389
20221030,2022-10-30,Power,0.0258404
20221030,2022-10-30,Residential,0.0127965
20221031,2022-10-31,Domestic Aviation,0.000494927
20221031,2022-10-31,Ground Transport,0.0303012
20221031,2022-10-31,Industry,0.0398368
20221031,2022-10-31,International Aviation,0.00415762
20221031,2022-10-31,Power,0.0300827
20221031,2022-10-31,Residential,0.0128895
20221101,2022-11-01,Domestic Aviation,0.000405881
20221101,2022-11-01,Ground Transport,0.0323657
20221101,2022-11-01,Industry,0.0259209
20221101,2022-11-01,International Aviation,0.00445228
20221101,2022-11-01,Power,0.0322602
20221101,2022-11-01,Residential,0.0107611
20221102,2022-11-02,Domestic Aviation,0.000350816
20221102,2022-11-02,Ground Transport,0.0328118
20221102,2022-11-02,Industry,0.0283336
20221102,2022-11-02,International Aviation,0.00365768
20221102,2022-11-02,Power,0.0352629
20221102,2022-11-02,Residential,0.0120206
20221103,2022-11-03,Domestic Aviation,0.000397895
20221103,2022-11-03,Ground Transport,0.0324127
20221103,2022-11-03,Industry,0.0290852
20221103,2022-11-03,International Aviation,0.00462615
20221103,2022-11-03,Power,0.0361984
20221103,2022-11-03,Residential,0.0109667
20221104,2022-11-04,Domestic Aviation,0.000472024
20221104,2022-11-04,Ground Transport,0.0316962
20221104,2022-11-04,Industry,0.0236618
20221104,2022-11-04,International Aviation,0.00428812
20221104,2022-11-04,Power,0.0294486
20221104,2022-11-04,Residential,0.011153
20221105,2022-11-05,Domestic Aviation,0.000312603
20221105,2022-11-05,Ground Transport,0.0255054
20221105,2022-11-05,Industry,0.0136966
20221105,2022-11-05,International Aviation,0.00473559
20221105,2022-11-05,Power,0.0170463
20221105,2022-11-05,Residential,0.013659
20221106,2022-11-06,Domestic Aviation,0.000382564
20221106,2022-11-06,Ground Transport,0.0208754
20221106,2022-11-06,Industry,0.0139561
20221106,2022-11-06,International Aviation,0.00492348
20221106,2022-11-06,Power,0.0173693
20221106,2022-11-06,Residential,0.0109163
20221107,2022-11-07,Domestic Aviation,0.000400741
20221107,2022-11-07,Ground Transport,0.0305721
20221107,2022-11-07,Industry,0.0273096
20221107,2022-11-07,International Aviation,0.00447968
20221107,2022-11-07,Power,0.0339885
20221107,2022-11-07,Residential,0.0093939
20221108,2022-11-08,Domestic Aviation,0.000375701
20221108,2022-11-08,Ground Transport,0.0318292
20221108,2022-11-08,Industry,0.03242
20221108,2022-11-08,International Aviation,0.00427309
20221108,2022-11-08,Power,0.0403487
20221108,2022-11-08,Residential,0.0118531
20221109,2022-11-09,Domestic Aviation,0.000390603
20221109,2022-11-09,Ground Transport,0.0321899
20221109,2022-11-09,Industry,0.0307785
20221109,2022-11-09,International Aviation,0.00373466
20221109,2022-11-09,Power,0.0383057
20221109,2022-11-09,Residential,0.012307
20221110,2022-11-10,Domestic Aviation,0.000406739
20221110,2022-11-10,Ground Transport,0.0317432
20221110,2022-11-10,Industry,0.0264834
20221110,2022-11-10,International Aviation,0.00476356
20221110,2022-11-10,Power,0.0329603
20221110,2022-11-10,Residential,0.00952042
20221111,2022-11-11,Domestic Aviation,0.000471702
20221111,2022-11-11,Ground Transport,0.031894
20221111,2022-11-11,Industry,0.0122415
20221111,2022-11-11,International Aviation,0.0044414
20221111,2022-11-11,Power,0.0152353
20221111,2022-11-11,Residential,0.00780672
20221112,2022-11-12,Domestic Aviation,0.000321084
20221112,2022-11-12,Ground Transport,0.0256112
20221112,2022-11-12,Industry,0.0115203
20221112,2022-11-12,International Aviation,0.00444991
20221112,2022-11-12,Power,0.0143378
20221112,2022-11-12,Residential,0.00720542
20221113,2022-11-13,Domestic Aviation,0.00040053
20221113,2022-11-13,Ground Transport,0.0205648
20221113,2022-11-13,Industry,0.025273
20221113,2022-11-13,International Aviation,0.00445999
20221113,2022-11-13,Power,0.0314539
20221113,2022-11-13,Residential,0.012384
20221114,2022-11-14,Domestic Aviation,0.000439756
20221114,2022-11-14,Ground Transport,0.0303908
20221114,2022-11-14,Industry,0.0324582
20221114,2022-11-14,International Aviation,0.00478824
20221114,2022-11-14,Power,0.0403962
20221114,2022-11-14,Residential,0.012856
20221115,2022-11-15,Domestic Aviation,0.000399226
20221115,2022-11-15,Ground Transport,0.0330009
20221115,2022-11-15,Industry,0.029407
20221115,2022-11-15,International Aviation,0.00438096
20221115,2022-11-15,Power,0.0365988
20221115,2022-11-15,Residential,0.0129457
20221116,2022-11-16,Domestic Aviation,0.000432767
20221116,2022-11-16,Ground Transport,0.0335635
20221116,2022-11-16,Industry,0.0330498
20221116,2022-11-16,International Aviation,0.00368682
20221116,2022-11-16,Power,0.0411325
20221116,2022-11-16,Residential,0.0168926
20221117,2022-11-17,Domestic Aviation,0.000464799
20221117,2022-11-17,Ground Transport,0.0338358
20221117,2022-11-17,Industry,0.0332115
20221117,2022-11-17,International Aviation,0.00471838
20221117,2022-11-17,Power,0.0413337
20221117,2022-11-17,Residential,0.0168505
20221118,2022-11-18,Domestic Aviation,0.000558724
20221118,2022-11-18,Ground Transport,0.0341211
20221118,2022-11-18,Industry,0.0292
20221118,2022-11-18,International Aviation,0.00458138
20221118,2022-11-18,Power,0.0363412
20221118,2022-11-18,Residential,0.0176221
20221119,2022-11-19,Domestic Aviation,0.000357478
20221119,2022-11-19,Ground Transport,0.0290823
20221119,2022-11-19,Industry,0.0286652
20221119,2022-11-19,International Aviation,0.0046651
20221119,2022-11-19,Power,0.0356757
20221119,2022-11-19,Residential,0.0180242
20221120,2022-11-20,Domestic Aviation,0.000402614
20221120,2022-11-20,Ground Transport,0.0267987
20221120,2022-11-20,Industry,0.0281188
20221120,2022-11-20,International Aviation,0.00393311
20221120,2022-11-20,Power,0.0349956
20221120,2022-11-20,Residential,0.0187459
20221121,2022-11-21,Domestic Aviation,0.000342924
20221121,2022-11-21,Ground Transport,0.0355329
20221121,2022-11-21,Industry,0.0394838
20221121,2022-11-21,International Aviation,0.00364248
20221121,2022-11-21,Power,0.0491401
20221121,2022-11-21,Residential,0.0187765
20221122,2022-11-22,Domestic Aviation,0.000439078
20221122,2022-11-22,Ground Transport,0.0343947
20221122,2022-11-22,Industry,0.0470638
20221122,2022-11-22,International Aviation,0.00472218
20221122,2022-11-22,Power,0.0585738
20221122,2022-11-22,Residential,0.0186554
20221123,2022-11-23,Domestic Aviation,0.000423556
20221123,2022-11-23,Ground Transport,0.0341627
20221123,2022-11-23,Industry,0.0493429
20221123,2022-11-23,International Aviation,0.00368983
20221123,2022-11-23,Power,0.0614103
20221123,2022-11-23,Residential,0.0193237
20221124,2022-11-24,Domestic Aviation,0.000431443
20221124,2022-11-24,Ground Transport,0.0340719
20221124,2022-11-24,Industry,0.0506592
20221124,2022-11-24,International Aviation,0.00494749
20221124,2022-11-24,Power,0.0630485
20221124,2022-11-24,Residential,0.0190207
20221125,2022-11-25,Domestic Aviation,0.000507944
20221125,2022-11-25,Ground Transport,0.0344513
20221125,2022-11-25,Industry,0.049049
20221125,2022-11-25,International Aviation,0.0044635
20221125,2022-11-25,Power,0.0610445
20221125,2022-11-25,Residential,0.0183951
20221126,2022-11-26,Domestic Aviation,0.000398046
20221126,2022-11-26,Ground Transport,0.0298274
20221126,2022-11-26,Industry,0.044158
20221126,2022-11-26,International Aviation,0.00481621
20221126,2022-11-26,Power,0.0549574
20221126,2022-11-26,Residential,0.0180159
20221127,2022-11-27,Domestic Aviation,0.000440729
20221127,2022-11-27,Ground Transport,0.027871
20221127,2022-11-27,Industry,0.0402837
20221127,2022-11-27,International Aviation,0.00441597
20221127,2022-11-27,Power,0.0501356
20221127,2022-11-27,Residential,0.0181329
20221128,2022-11-28,Domestic Aviation,0.00052746
20221128,2022-11-28,Ground Transport,0.0330648
20221128,2022-11-28,Industry,0.0439127
20221128,2022-11-28,International Aviation,0.0047167
20221128,2022-11-28,Power,0.0546521
20221128,2022-11-28,Residential,0.0167012
20221129,2022-11-29,Domestic Aviation,0.0004736
20221129,2022-11-29,Ground Transport,0.0338113
20221129,2022-11-29,Industry,0.0446231
20221129,2022-11-29,International Aviation,0.00502542
20221129,2022-11-29,Power,0.0555362
20221129,2022-11-29,Residential,0.0161015
20221130,2022-11-30,Domestic Aviation,0.000487244
20221130,2022-11-30,Ground Transport,0.03483
20221130,2022-11-30,Industry,0.0472582
20221130,2022-11-30,International Aviation,0.00417952
20221130,2022-11-30,Power,0.0588158
20221130,2022-11-30,Residential,0.0163382
20221201,2022-12-01,Domestic Aviation,0.000584233
20221201,2022-12-01,Ground Transport,0.0343033
20221201,2022-12-01,Industry,0.0362446
20221201,2022-12-01,International Aviation,0.00502551
20221201,2022-12-01,Power,0.0594287
20221201,2022-12-01,Residential,0.016536
20221202,2022-12-02,Domestic Aviation,0.000594509
20221202,2022-12-02,Ground Transport,0.0336576
20221202,2022-12-02,Industry,0.0356174
20221202,2022-12-02,International Aviation,0.00508216
20221202,2022-12-02,Power,0.0584004
20221202,2022-12-02,Residential,0.0176033
20221203,2022-12-03,Domestic Aviation,0.000451252
20221203,2022-12-03,Ground Transport,0.0297559
20221203,2022-12-03,Industry,0.0343703
20221203,2022-12-03,International Aviation,0.00544832
20221203,2022-12-03,Power,0.0563556
20221203,2022-12-03,Residential,0.0189718
20221204,2022-12-04,Domestic Aviation,0.000531029
20221204,2022-12-04,Ground Transport,0.0252909
20221204,2022-12-04,Industry,0.0365435
20221204,2022-12-04,International Aviation,0.00550226
20221204,2022-12-04,Power,0.0599188
20221204,2022-12-04,Residential,0.0191827
20221205,2022-12-05,Domestic Aviation,0.000531845
20221205,2022-12-05,Ground Transport,0.0311701
20221205,2022-12-05,Industry,0.0336873
20221205,2022-12-05,International Aviation,0.00543666
20221205,2022-12-05,Power,0.0552357
20221205,2022-12-05,Residential,0.0190773
20221206,2022-12-06,Domestic Aviation,0.000399252
20221206,2022-12-06,Ground Transport,0.0244306
20221206,2022-12-06,Industry,0.0347689
20221206,2022-12-06,International Aviation,0.00495247
20221206,2022-12-06,Power,0.0570091
20221206,2022-12-06,Residential,0.0164194
20221207,2022-12-07,Domestic Aviation,0.000562957
20221207,2022-12-07,Ground Transport,0.0334191
20221207,2022-12-07,Industry,0.0394522
20221207,2022-12-07,International Aviation,0.00517244
20221207,2022-12-07,Power,0.0646881
20221207,2022-12-07,Residential,0.0184237
20221208,2022-12-08,Domestic Aviation,0.000590178
20221208,2022-12-08,Ground Transport,0.037131
20221208,2022-12-08,Industry,0.0402005
20221208,2022-12-08,International Aviation,0.00553198
20221208,2022-12-08,Power,0.065915
20221208,2022-12-08,Residential,0.0189374
20221209,2022-12-09,Domestic Aviation,0.000618753
20221209,2022-12-09,Ground Transport,0.0368047
20221209,2022-12-09,Industry,0.0423693
20221209,2022-12-09,International Aviation,0.00498851
20221209,2022-12-09,Power,0.0694712
20221209,2022-12-09,Residential,0.0204875
20221210,2022-12-10,Domestic Aviation,0.000450522
20221210,2022-12-10,Ground Transport,0.0332946
20221210,2022-12-10,Industry,0.0424148
20221210,2022-12-10,International Aviation,0.00527977
20221210,2022-12-10,Power,0.0695458
20221210,2022-12-10,Residential,0.0188305
20221211,2022-12-11,Domestic Aviation,0.000610341
20221211,2022-12-11,Ground Transport,0.0312256
20221211,2022-12-11,Industry,0.0426807
20221211,2022-12-11,International Aviation,0.00649536
20221211,2022-12-11,Power,0.0699817
20221211,2022-12-11,Residential,0.0199987
20221212,2022-12-12,Domestic Aviation,0.000530189
20221212,2022-12-12,Ground Transport,0.0357147
20221212,2022-12-12,Industry,0.0437498
20221212,2022-12-12,International Aviation,0.0050616
20221212,2022-12-12,Power,0.0717347
20221212,2022-12-12,Residential,0.0240923
20221213,2022-12-13,Domestic Aviation,0.000497263
20221213,2022-12-13,Ground Transport,0.0380142
20221213,2022-12-13,Industry,0.0463783
20221213,2022-12-13,International Aviation,0.00516902
20221213,2022-12-13,Power,0.0760446
20221213,2022-12-13,Residential,0.0233123
20221214,2022-12-14,Domestic Aviation,0.000569105
20221214,2022-12-14,Ground Transport,0.0377499
20221214,2022-12-14,Industry,0.0480129
20221214,2022-12-14,International Aviation,0.00505973
20221214,2022-12-14,Power,0.0787247
20221214,2022-12-14,Residential,0.0243876
20221215,2022-12-15,Domestic Aviation,0.000575606
20221215,2022-12-15,Ground Transport,0.0373387
20221215,2022-12-15,Industry,0.0448445
20221215,2022-12-15,International Aviation,0.00573589
20221215,2022-12-15,Power,0.0735296
20221215,2022-12-15,Residential,0.0253426
20221216,2022-12-16,Domestic Aviation,0.000646438
20221216,2022-12-16,Ground Transport,0.0368884
20221216,2022-12-16,Industry,0.0463093
20221216,2022-12-16,International Aviation,0.00500867
20221216,2022-12-16,Power,0.0759313
20221216,2022-12-16,Residential,0.0237562
20221217,2022-12-17,Domestic Aviation,0.000480359
20221217,2022-12-17,Ground Transport,0.0341785
20221217,2022-12-17,Industry,0.0365507
20221217,2022-12-17,International Aviation,0.00577461
20221217,2022-12-17,Power,0.0599307
20221217,2022-12-17,Residential,0.0199032
20221218,2022-12-18,Domestic Aviation,0.000577833
20221218,2022-12-18,Ground Transport,0.0295038
20221218,2022-12-18,Industry,0.0323651
20221218,2022-12-18,International Aviation,0.00625835
20221218,2022-12-18,Power,0.0530677
20221218,2022-12-18,Residential,0.0159736
20221219,2022-12-19,Domestic Aviation,0.000611065
20221219,2022-12-19,Ground Transport,0.0349778
20221219,2022-12-19,Industry,0.0350312
20221219,2022-12-19,International Aviation,0.00538707
20221219,2022-12-19,Power,0.0574391
20221219,2022-12-19,Residential,0.0175601
20221220,2022-12-20,Domestic Aviation,0.000529739
20221220,2022-12-20,Ground Transport,0.0361453
20221220,2022-12-20,Industry,0.0343258
20221220,2022-12-20,International Aviation,0.005325
20221220,2022-12-20,Power,0.0562826
20221220,2022-12-20,Residential,0.0170463
20221221,2022-12-21,Domestic Aviation,0.000575593
20221221,2022-12-21,Ground Transport,0.0355527
20221221,2022-12-21,Industry,0.0381485
20221221,2022-12-21,International Aviation,0.00496031
20221221,2022-12-21,Power,0.0625504
20221221,2022-12-21,Residential,0.0147026
20221222,2022-12-22,Domestic Aviation,0.000644096
20221222,2022-12-22,Ground Transport,0.0348317
20221222,2022-12-22,Industry,0.0371742
20221222,2022-12-22,International Aviation,0.00627353
20221222,2022-12-22,Power,0.060953
20221222,2022-12-22,Residential,0.0143218
20221223,2022-12-23,Domestic Aviation,0.00069556
20221223,2022-12-23,Ground Transport,0.0349524
20221223,2022-12-23,Industry,0.0328382
20221223,2022-12-23,International Aviation,0.00547145
20221223,2022-12-23,Power,0.0538433
20221223,2022-12-23,Residential,0.0174129
20221224,2022-12-24,Domestic Aviation,0.000287267
20221224,2022-12-24,Ground Transport,0.0266513
20221224,2022-12-24,Industry,0.0223234
20221224,2022-12-24,International Aviation,0.00463638
20221224,2022-12-24,Power,0.0366028
20221224,2022-12-24,Residential,0.0193173
20221225,2022-12-25,Domestic Aviation,0.000314182
20221225,2022-12-25,Ground Transport,0.0168848
20221225,2022-12-25,Industry,0.0224458
20221225,2022-12-25,International Aviation,0.00433083
20221225,2022-12-25,Power,0.0368035
20221225,2022-12-25,Residential,0.0216868
20221226,2022-12-26,Domestic Aviation,0.000501631
20221226,2022-12-26,Ground Transport,0.0192903
20221226,2022-12-26,Industry,0.0203314
20221226,2022-12-26,International Aviation,0.00559059
20221226,2022-12-26,Power,0.0333365
20221226,2022-12-26,Residential,0.0196758
20221227,2022-12-27,Domestic Aviation,0.000545188
20221227,2022-12-27,Ground Transport,0.0320563
20221227,2022-12-27,Industry,0.0218583
20221227,2022-12-27,International Aviation,0.00535526
20221227,2022-12-27,Power,0.0358401
20221227,2022-12-27,Residential,0.0187037
20221228,2022-12-28,Domestic Aviation,0.000551309
20221228,2022-12-28,Ground Transport,0.0319183
20221228,2022-12-28,Industry,0.0229626
20221228,2022-12-28,International Aviation,0.00491877
20221228,2022-12-28,Power,0.0376508
20221228,2022-12-28,Residential,0.0180164
20221229,2022-12-29,Domestic Aviation,0.000593249
20221229,2022-12-29,Ground Transport,0.0310506
20221229,2022-12-29,Industry,0.0173046
20221229,2022-12-29,International Aviation,0.00527789
20221229,2022-12-29,Power,0.0283737
20221229,2022-12-29,Residential,0.0172027
20221230,2022-12-30,Domestic Aviation,0.000632879
20221230,2022-12-30,Ground Transport,0.0326984
20221230,2022-12-30,Industry,0.0157994
20221230,2022-12-30,International Aviation,0.00513188
20221230,2022-12-30,Power,0.0259056
20221230,2022-12-30,Residential,0.0145673
20221231,2022-12-31,Domestic Aviation,0.000370536
20221231,2022-12-31,Ground Transport,0.0250882
20221231,2022-12-31,Industry,0.0150179
20221231,2022-12-31,International Aviation,0.00533761
20221231,2022-12-31,Power,0.0246242
20221231,2022-12-31,Residential,0.0130701
20230101,2023-01-01,Domestic Aviation,0.000528601
20230101,2023-01-01,Ground Transport,0.0226392
20230101,2023-01-01,Industry,0.0212597
20230101,2023-01-01,International Aviation,0.0053994
20230101,2023-01-01,Power,0.0268131
20230101,2023-01-01,Residential,0.0159875
20230102,2023-01-02,Domestic Aviation,0.00063049
20230102,2023-01-02,Ground Transport,0.0265947
20230102,2023-01-02,Industry,0.0312099
20230102,2023-01-02,International Aviation,0.00545909
20230102,2023-01-02,Power,0.0393624
20230102,2023-01-02,Residential,0.0186279
20230103,2023-01-03,Domestic Aviation,0.000523404
20230103,2023-01-03,Ground Transport,0.0293078
20230103,2023-01-03,Industry,0.0440056
20230103,2023-01-03,International Aviation,0.0051582
20230103,2023-01-03,Power,0.0555006
20230103,2023-01-03,Residential,0.0186424
20230104,2023-01-04,Domestic Aviation,0.000549292
20230104,2023-01-04,Ground Transport,0.0291092
20230104,2023-01-04,Industry,0.0403686
20230104,2023-01-04,International Aviation,0.00483556
20230104,2023-01-04,Power,0.0509136
20230104,2023-01-04,Residential,0.0217265
20230105,2023-01-05,Domestic Aviation,0.000569902
20230105,2023-01-05,Ground Transport,0.0281423
20230105,2023-01-05,Industry,0.0419193
20230105,2023-01-05,International Aviation,0.00505628
20230105,2023-01-05,Power,0.0528694
20230105,2023-01-05,Residential,0.0234405
20230106,2023-01-06,Domestic Aviation,0.000481448
20230106,2023-01-06,Ground Transport,0.0211277
20230106,2023-01-06,Industry,0.0424696
20230106,2023-01-06,International Aviation,0.00502703
20230106,2023-01-06,Power,0.0535635
20230106,2023-01-06,Residential,0.0239538
20230107,2023-01-07,Domestic Aviation,0.000455698
20230107,2023-01-07,Ground Transport,0.021555
20230107,2023-01-07,Industry,0.0371081
20230107,2023-01-07,International Aviation,0.00608445
20230107,2023-01-07,Power,0.0468014
20230107,2023-01-07,Residential,0.0237901
20230108,2023-01-08,Domestic Aviation,0.000541946
20230108,2023-01-08,Ground Transport,0.0212871
20230108,2023-01-08,Industry,0.0304576
20230108,2023-01-08,International Aviation,0.00536515
20230108,2023-01-08,Power,0.0384137
20230108,2023-01-08,Residential,0.0219796
20230109,2023-01-09,Domestic Aviation,0.000589353
20230109,2023-01-09,Ground Transport,0.0318372
20230109,2023-01-09,Industry,0.0323537
20230109,2023-01-09,International Aviation,0.00483994
20230109,2023-01-09,Power,0.0408051
20230109,2023-01-09,Residential,0.0204029
20230110,2023-01-10,Domestic Aviation,0.000488646
20230110,2023-01-10,Ground Transport,0.0326043
20230110,2023-01-10,Industry,0.0340244
20230110,2023-01-10,International Aviation,0.00501963
20230110,2023-01-10,Power,0.0429121
20230110,2023-01-10,Residential,0.0192142
20230111,2023-01-11,Domestic Aviation,0.000514283
20230111,2023-01-11,Ground Transport,0.0310727
20230111,2023-01-11,Industry,0.0225933
20230111,2023-01-11,International Aviation,0.00479525
20230111,2023-01-11,Power,0.028495
20230111,2023-01-11,Residential,0.0147199
20230112,2023-01-12,Domestic Aviation,0.000556907
20230112,2023-01-12,Ground Transport,0.0305091
20230112,2023-01-12,Industry,0.0175207
20230112,2023-01-12,International Aviation,0.00462392
20230112,2023-01-12,Power,0.0220974
20230112,2023-01-12,Residential,0.0139644
20230113,2023-01-13,Domestic Aviation,0.00057716
20230113,2023-01-13,Ground Transport,0.0291249
20230113,2023-01-13,Industry,0.0181963
20230113,2023-01-13,International Aviation,0.00484254
20230113,2023-01-13,Power,0.0229495
20230113,2023-01-13,Residential,0.0141362
20230114,2023-01-14,Domestic Aviation,0.000427518
20230114,2023-01-14,Ground Transport,0.024541
20230114,2023-01-14,Industry,0.0183334
20230114,2023-01-14,International Aviation,0.00568102
20230114,2023-01-14,Power,0.0231224
20230114,2023-01-14,Residential,0.0135927
20230115,2023-01-15,Domestic Aviation,0.000520016
20230115,2023-01-15,Ground Transport,0.0196203
20230115,2023-01-15,Industry,0.0193351
20230115,2023-01-15,International Aviation,0.00530442
20230115,2023-01-15,Power,0.0243858
20230115,2023-01-15,Residential,0.0139287
20230116,2023-01-16,Domestic Aviation,0.000562624
20230116,2023-01-16,Ground Transport,0.0275243
20230116,2023-01-16,Industry,0.0228812
20230116,2023-01-16,International Aviation,0.00494573
20230116,2023-01-16,Power,0.0288582
20230116,2023-01-16,Residential,0.0139425
20230117,2023-01-17,Domestic Aviation,0.000523258
20230117,2023-01-17,Ground Transport,0.0290987
20230117,2023-01-17,Industry,0.0234931
20230117,2023-01-17,International Aviation,0.00463302
20230117,2023-01-17,Power,0.02963
20230117,2023-01-17,Residential,0.0151035
20230118,2023-01-18,Domestic Aviation,0.000518324
20230118,2023-01-18,Ground Transport,0.0299079
20230118,2023-01-18,Industry,0.0246783
20230118,2023-01-18,International Aviation,0.00461478
20230118,2023-01-18,Power,0.0311247
20230118,2023-01-18,Residential,0.0148214
20230119,2023-01-19,Domestic Aviation,0.000547888
20230119,2023-01-19,Ground Transport,0.0293416
20230119,2023-01-19,Industry,0.041018399999999997
20230119,2023-01-19,International Aviation,0.00455707
20230119,2023-01-19,Power,0.0517332
20230119,2023-01-19,Residential,0.0154008
20230120,2023-01-20,Domestic Aviation,0.000602276
20230120,2023-01-20,Ground Transport,0.0285833
20230120,2023-01-20,Industry,0.0371095
20230120,2023-01-20,International Aviation,0.00490949
20230120,2023-01-20,Power,0.0468032
20230120,2023-01-20,Residential,0.0170973
20230121,2023-01-21,Domestic Aviation,0.00043483
20230121,2023-01-21,Ground Transport,0.0238022
20230121,2023-01-21,Industry,0.0319145
20230121,2023-01-21,International Aviation,0.00545943
20230121,2023-01-21,Power,0.0402512
20230121,2023-01-21,Residential,0.0187058
20230122,2023-01-22,Domestic Aviation,0.000527476
20230122,2023-01-22,Ground Transport,0.0189353
20230122,2023-01-22,Industry,0.0288255
20230122,2023-01-22,International Aviation,0.00505069
20230122,2023-01-22,Power,0.0363552
20230122,2023-01-22,Residential,0.0194209
20230123,2023-01-23,Domestic Aviation,0.000532254
20230123,2023-01-23,Ground Transport,0.0271634
20230123,2023-01-23,Industry,0.0261827
20230123,2023-01-23,International Aviation,0.00528684
20230123,2023-01-23,Power,0.0330221
20230123,2023-01-23,Residential,0.0187362
20230124,2023-01-24,Domestic Aviation,0.000547877
20230124,2023-01-24,Ground Transport,0.0292426
20230124,2023-01-24,Industry,0.0290704
20230124,2023-01-24,International Aviation,0.00467043
20230124,2023-01-24,Power,0.0366642
20230124,2023-01-24,Residential,0.0159864
20230125,2023-01-25,Domestic Aviation,0.00052305
20230125,2023-01-25,Ground Transport,0.0284716
20230125,2023-01-25,Industry,0.0182324
20230125,2023-01-25,International Aviation,0.00463031
20230125,2023-01-25,Power,0.022995
20230125,2023-01-25,Residential,0.0134078
20230126,2023-01-26,Domestic Aviation,0.000557848
20230126,2023-01-26,Ground Transport,0.0279328
20230126,2023-01-26,Industry,0.0274293
20230126,2023-01-26,International Aviation,0.00491837
20230126,2023-01-26,Power,0.0345944
20230126,2023-01-26,Residential,0.0157557
20230127,2023-01-27,Domestic Aviation,0.00057676
20230127,2023-01-27,Ground Transport,0.0281908
20230127,2023-01-27,Industry,0.0310958
20230127,2023-01-27,International Aviation,0.00449543
20230127,2023-01-27,Power,0.0392185
20230127,2023-01-27,Residential,0.0194537
20230128,2023-01-28,Domestic Aviation,0.000434043
20230128,2023-01-28,Ground Transport,0.0244854
20230128,2023-01-28,Industry,0.0184294
20230128,2023-01-28,International Aviation,0.0054742
20230128,2023-01-28,Power,0.0232435
20230128,2023-01-28,Residential,0.0160987
20230129,2023-01-29,Domestic Aviation,0.000533729
20230129,2023-01-29,Ground Transport,0.0202819
20230129,2023-01-29,Industry,0.0170076
20230129,2023-01-29,International Aviation,0.00553341
20230129,2023-01-29,Power,0.0214503
20230129,2023-01-29,Residential,0.015981
20230130,2023-01-30,Domestic Aviation,0.000602688
20230130,2023-01-30,Ground Transport,0.0267348
20230130,2023-01-30,Industry,0.0224303
20230130,2023-01-30,International Aviation,0.0044303
20230130,2023-01-30,Power,0.0282894
20230130,2023-01-30,Residential,0.0148128
20230131,2023-01-31,Domestic Aviation,0.000590007
20230131,2023-01-31,Ground Transport,0.0287072
20230131,2023-01-31,Industry,0.0271878
20230131,2023-01-31,International Aviation,0.00496915
20230131,2023-01-31,Power,0.0342897
20230131,2023-01-31,Residential,0.0173689
20230201,2023-02-01,Domestic Aviation,0.000570352
20230201,2023-02-01,Ground Transport,0.0288286
20230201,2023-02-01,Industry,0.039542
20230201,2023-02-01,International Aviation,0.00470589
20230201,2023-02-01,Power,0.0477139
20230201,2023-02-01,Residential,0.0182393
20230202,2023-02-02,Domestic Aviation,0.00058152
20230202,2023-02-02,Ground Transport,0.0288895
20230202,2023-02-02,Industry,0.0474414
20230202,2023-02-02,International Aviation,0.00468588
20230202,2023-02-02,Power,0.0572458
20230202,2023-02-02,Residential,0.0185839
20230203,2023-02-03,Domestic Aviation,0.000617709
20230203,2023-02-03,Ground Transport,0.0282671
20230203,2023-02-03,Industry,0.0453259
20230203,2023-02-03,International Aviation,0.0050219
20230203,2023-02-03,Power,0.0546932
20230203,2023-02-03,Residential,0.0202576
20230204,2023-02-04,Domestic Aviation,0.000496182
20230204,2023-02-04,Ground Transport,0.022865
20230204,2023-02-04,Industry,0.0437049
20230204,2023-02-04,International Aviation,0.00536644
20230204,2023-02-04,Power,0.0527371
20230204,2023-02-04,Residential,0.0229376
20230205,2023-02-05,Domestic Aviation,0.000582655
20230205,2023-02-05,Ground Transport,0.0192131
20230205,2023-02-05,Industry,0.0289348
20230205,2023-02-05,International Aviation,0.00552172
20230205,2023-02-05,Power,0.0349145
20230205,2023-02-05,Residential,0.0196805
20230206,2023-02-06,Domestic Aviation,0.000563182
20230206,2023-02-06,Ground Transport,0.0279435
20230206,2023-02-06,Industry,0.0363927
20230206,2023-02-06,International Aviation,0.00501069
20230206,2023-02-06,Power,0.0439138
20230206,2023-02-06,Residential,0.0184115
20230207,2023-02-07,Domestic Aviation,0.00056783
20230207,2023-02-07,Ground Transport,0.0284383
20230207,2023-02-07,Industry,0.0242228
20230207,2023-02-07,International Aviation,0.00462993
20230207,2023-02-07,Power,0.0292288
20230207,2023-02-07,Residential,0.0156949
20230208,2023-02-08,Domestic Aviation,0.000534048
20230208,2023-02-08,Ground Transport,0.0288286
20230208,2023-02-08,Industry,0.0216745
20230208,2023-02-08,International Aviation,0.00476073
20230208,2023-02-08,Power,0.0261538
20230208,2023-02-08,Residential,0.014656
20230209,2023-02-09,Domestic Aviation,0.000601087
20230209,2023-02-09,Ground Transport,0.0288895
20230209,2023-02-09,Industry,0.0180725
20230209,2023-02-09,International Aviation,0.00510322
20230209,2023-02-09,Power,0.0218074
20230209,2023-02-09,Residential,0.0139247
20230210,2023-02-10,Domestic Aviation,0.00065484
20230210,2023-02-10,Ground Transport,0.0298039
20230210,2023-02-10,Industry,0.019596
20230210,2023-02-10,International Aviation,0.0049424
20230210,2023-02-10,Power,0.0236457
20230210,2023-02-10,Residential,0.0160992
20230211,2023-02-11,Domestic Aviation,0.000556192
20230211,2023-02-11,Ground Transport,0.025734
20230211,2023-02-11,Industry,0.021634
20230211,2023-02-11,International Aviation,0.0054677
20230211,2023-02-11,Power,0.026105
20230211,2023-02-11,Residential,0.0193513
20230212,2023-02-12,Domestic Aviation,0.000572792
20230212,2023-02-12,Ground Transport,0.0203374
20230212,2023-02-12,Industry,0.0183624
20230212,2023-02-12,International Aviation,0.00560686
20230212,2023-02-12,Power,0.0221573
20230212,2023-02-12,Residential,0.0169025
20230213,2023-02-13,Domestic Aviation,0.000616588
20230213,2023-02-13,Ground Transport,0.0264803
20230213,2023-02-13,Industry,0.0177578
20230213,2023-02-13,International Aviation,0.00481668
20230213,2023-02-13,Power,0.0214278
20230213,2023-02-13,Residential,0.0126834
20230214,2023-02-14,Domestic Aviation,0.000579323
20230214,2023-02-14,Ground Transport,0.0287504
20230214,2023-02-14,Industry,0.0364495
20230214,2023-02-14,International Aviation,0.00468353
20230214,2023-02-14,Power,0.0439823
20230214,2023-02-14,Residential,0.0154557
20230215,2023-02-15,Domestic Aviation,0.000567716
20230215,2023-02-15,Ground Transport,0.0286221
20230215,2023-02-15,Industry,0.0367094
20230215,2023-02-15,International Aviation,0.00478761
20230215,2023-02-15,Power,0.0442959
20230215,2023-02-15,Residential,0.0163623
20230216,2023-02-16,Domestic Aviation,0.000579837
20230216,2023-02-16,Ground Transport,0.0282287
20230216,2023-02-16,Industry,0.0214972
20230216,2023-02-16,International Aviation,0.0050367
20230216,2023-02-16,Power,0.0259399
20230216,2023-02-16,Residential,0.0150761
20230217,2023-02-17,Domestic Aviation,0.000622524
20230217,2023-02-17,Ground Transport,0.0272452
20230217,2023-02-17,Industry,0.019832
20230217,2023-02-17,International Aviation,0.00431698
20230217,2023-02-17,Power,0.0239305
20230217,2023-02-17,Residential,0.0146769
20230218,2023-02-18,Domestic Aviation,0.000556397
20230218,2023-02-18,Ground Transport,0.0262709
20230218,2023-02-18,Industry,0.0198694
20230218,2023-02-18,International Aviation,0.00582636
20230218,2023-02-18,Power,0.0239757
20230218,2023-02-18,Residential,0.0167371
20230219,2023-02-19,Domestic Aviation,0.000566121
20230219,2023-02-19,Ground Transport,0.025103
20230219,2023-02-19,Industry,0.0235574
20230219,2023-02-19,International Aviation,0.00544766
20230219,2023-02-19,Power,0.0284259
20230219,2023-02-19,Residential,0.0186157
20230220,2023-02-20,Domestic Aviation,0.000586358
20230220,2023-02-20,Ground Transport,0.0282787
20230220,2023-02-20,Industry,0.0280599
20230220,2023-02-20,International Aviation,0.00499542
20230220,2023-02-20,Power,0.0338588
20230220,2023-02-20,Residential,0.0206484
20230221,2023-02-21,Domestic Aviation,0.000575499
20230221,2023-02-21,Ground Transport,0.0285468
20230221,2023-02-21,Industry,0.0458277
20230221,2023-02-21,International Aviation,0.00482635
20230221,2023-02-21,Power,0.0552986
20230221,2023-02-21,Residential,0.0233702
20230222,2023-02-22,Domestic Aviation,0.000619166
20230222,2023-02-22,Ground Transport,0.0283103
20230222,2023-02-22,Industry,0.0501802
20230222,2023-02-22,International Aviation,0.00494735
20230222,2023-02-22,Power,0.0605507
20230222,2023-02-22,Residential,0.0269143
20230223,2023-02-23,Domestic Aviation,0.000573175
20230223,2023-02-23,Ground Transport,0.0284735
20230223,2023-02-23,Industry,0.0314356
20230223,2023-02-23,International Aviation,0.00467674
20230223,2023-02-23,Power,0.0379322
20230223,2023-02-23,Residential,0.0196522
20230224,2023-02-24,Domestic Aviation,0.00064563
20230224,2023-02-24,Ground Transport,0.0286705
20230224,2023-02-24,Industry,0.0325734
20230224,2023-02-24,International Aviation,0.00512377
20230224,2023-02-24,Power,0.0393051
20230224,2023-02-24,Residential,0.0190246
20230225,2023-02-25,Domestic Aviation,0.000572465
20230225,2023-02-25,Ground Transport,0.024186
20230225,2023-02-25,Industry,0.0278953
20230225,2023-02-25,International Aviation,0.00575245
20230225,2023-02-25,Power,0.0336603
20230225,2023-02-25,Residential,0.0200971
20230226,2023-02-26,Domestic Aviation,0.000565293
20230226,2023-02-26,Ground Transport,0.0204504
20230226,2023-02-26,Industry,0.0305424
20230226,2023-02-26,International Aviation,0.00540011
20230226,2023-02-26,Power,0.0368544
20230226,2023-02-26,Residential,0.022758
20230227,2023-02-27,Domestic Aviation,0.00054102
20230227,2023-02-27,Ground Transport,0.0258321
20230227,2023-02-27,Industry,0.028281
20230227,2023-02-27,International Aviation,0.00477925
20230227,2023-02-27,Power,0.0341257
20230227,2023-02-27,Residential,0.0183282
20230228,2023-02-28,Domestic Aviation,0.000597777
20230228,2023-02-28,Ground Transport,0.0276758
20230228,2023-02-28,Industry,0.0197324
20230228,2023-02-28,International Aviation,0.00484922
20230228,2023-02-28,Power,0.0238103
20230228,2023-02-28,Residential,0.0150599
20230301,2023-03-01,Domestic Aviation,0.000561645
20230301,2023-03-01,Ground Transport,0.0274759
20230301,2023-03-01,Industry,0.0306123
20230301,2023-03-01,International Aviation,0.00481929
20230301,2023-03-01,Power,0.0289334
20230301,2023-03-01,Residential,0.0154894
20230302,2023-03-02,Domestic Aviation,0.000595248
20230302,2023-03-02,Ground Transport,0.0271881
20230302,2023-03-02,Industry,0.0231027
20230302,2023-03-02,International Aviation,0.00489495
20230302,2023-03-02,Power,0.0218356
20230302,2023-03-02,Residential,0.014173
20230303,2023-03-03,Domestic Aviation,0.000634529
20230303,2023-03-03,Ground Transport,0.0268943
20230303,2023-03-03,Industry,0.0333317
20230303,2023-03-03,International Aviation,0.00501105
20230303,2023-03-03,Power,0.0315037
20230303,2023-03-03,Residential,0.0157846
20230304,2023-03-04,Domestic Aviation,0.000535443
20230304,2023-03-04,Ground Transport,0.023421
20230304,2023-03-04,Industry,0.0319972
20230304,2023-03-04,International Aviation,0.00544203
20230304,2023-03-04,Power,0.0302423
20230304,2023-03-04,Residential,0.0172156
20230305,2023-03-05,Domestic Aviation,0.000545743
20230305,2023-03-05,Ground Transport,0.0188507
20230305,2023-03-05,Industry,0.0413247
20230305,2023-03-05,International Aviation,0.00549765
20230305,2023-03-05,Power,0.0390583
20230305,2023-03-05,Residential,0.0191469
20230306,2023-03-06,Domestic Aviation,0.000622154
20230306,2023-03-06,Ground Transport,0.0265355
20230306,2023-03-06,Industry,0.0558596
20230306,2023-03-06,International Aviation,0.00502339
20230306,2023-03-06,Power,0.052796
20230306,2023-03-06,Residential,0.0228045
20230307,2023-03-07,Domestic Aviation,0.000565186
20230307,2023-03-07,Ground Transport,0.0274249
20230307,2023-03-07,Industry,0.0544856
20230307,2023-03-07,International Aviation,0.00482209
20230307,2023-03-07,Power,0.0514974
20230307,2023-03-07,Residential,0.0248128
20230308,2023-03-08,Domestic Aviation,0.000559238
20230308,2023-03-08,Ground Transport,0.0283262
20230308,2023-03-08,Industry,0.0555437
20230308,2023-03-08,International Aviation,0.00515846
20230308,2023-03-08,Power,0.0524975
20230308,2023-03-08,Residential,0.0233613
20230309,2023-03-09,Domestic Aviation,0.000611025
20230309,2023-03-09,Ground Transport,0.0277727
20230309,2023-03-09,Industry,0.0549051
20230309,2023-03-09,International Aviation,0.00495878
20230309,2023-03-09,Power,0.0518939
20230309,2023-03-09,Residential,0.0247972
20230310,2023-03-10,Domestic Aviation,0.000682925
20230310,2023-03-10,Ground Transport,0.0273977
20230310,2023-03-10,Industry,0.049106
20230310,2023-03-10,International Aviation,0.00482529
20230310,2023-03-10,Power,0.0464128
20230310,2023-03-10,Residential,0.0200624
20230311,2023-03-11,Domestic Aviation,0.000540274
20230311,2023-03-11,Ground Transport,0.0235189
20230311,2023-03-11,Industry,0.0453791
20230311,2023-03-11,International Aviation,0.00581427
20230311,2023-03-11,Power,0.0428903
20230311,2023-03-11,Residential,0.0207137
20230312,2023-03-12,Domestic Aviation,0.000560167
20230312,2023-03-12,Ground Transport,0.0208972
20230312,2023-03-12,Industry,0.0400769
20230312,2023-03-12,International Aviation,0.00568444
20230312,2023-03-12,Power,0.0378789
20230312,2023-03-12,Residential,0.0206038
20230313,2023-03-13,Domestic Aviation,0.000586885
20230313,2023-03-13,Ground Transport,0.0258233
20230313,2023-03-13,Industry,0.0325822
20230313,2023-03-13,International Aviation,0.00465286
20230313,2023-03-13,Power,0.0307952
20230313,2023-03-13,Residential,0.0190669
20230314,2023-03-14,Domestic Aviation,0.000570549
20230314,2023-03-14,Ground Transport,0.0303296
20230314,2023-03-14,Industry,0.0303533
20230314,2023-03-14,International Aviation,0.00477971
20230314,2023-03-14,Power,0.0286886
20230314,2023-03-14,Residential,0.0143341
20230315,2023-03-15,Domestic Aviation,0.00062055
20230315,2023-03-15,Ground Transport,0.0293536
20230315,2023-03-15,Industry,0.0351322
20230315,2023-03-15,International Aviation,0.00487742
20230315,2023-03-15,Power,0.0332054
20230315,2023-03-15,Residential,0.0164284
20230316,2023-03-16,Domestic Aviation,0.000639737
20230316,2023-03-16,Ground Transport,0.02883
20230316,2023-03-16,Industry,0.0333688
20230316,2023-03-16,International Aviation,0.00527864
20230316,2023-03-16,Power,0.0315387
20230316,2023-03-16,Residential,0.0185016
20230317,2023-03-17,Domestic Aviation,0.000684013
20230317,2023-03-17,Ground Transport,0.0271258
20230317,2023-03-17,Industry,0.0321293
20230317,2023-03-17,International Aviation,0.00535867
20230317,2023-03-17,Power,0.0303672
20230317,2023-03-17,Residential,0.0182976
20230318,2023-03-18,Domestic Aviation,0.000524766
20230318,2023-03-18,Ground Transport,0.0232116
20230318,2023-03-18,Industry,0.0262336
20230318,2023-03-18,International Aviation,0.00531808
20230318,2023-03-18,Power,0.0247948
20230318,2023-03-18,Residential,0.0139343
20230319,2023-03-19,Domestic Aviation,0.000573946
20230319,2023-03-19,Ground Transport,0.0186931
20230319,2023-03-19,Industry,0.0283215
20230319,2023-03-19,International Aviation,0.00526394
20230319,2023-03-19,Power,0.0267683
20230319,2023-03-19,Residential,0.0148297
20230320,2023-03-20,Domestic Aviation,0.000583516
20230320,2023-03-20,Ground Transport,0.0268405
20230320,2023-03-20,Industry,0.0328901
20230320,2023-03-20,International Aviation,0.0047521
20230320,2023-03-20,Power,0.0310863
20230320,2023-03-20,Residential,0.0151092
20230321,2023-03-21,Domestic Aviation,0.000605965
20230321,2023-03-21,Ground Transport,0.0286914
20230321,2023-03-21,Industry,0.0262427
20230321,2023-03-21,International Aviation,0.00478102
20230321,2023-03-21,Power,0.0248034
20230321,2023-03-21,Residential,0.0165228
20230322,2023-03-22,Domestic Aviation,0.000573533
20230322,2023-03-22,Ground Transport,0.0288401
20230322,2023-03-22,Industry,0.0256577
20230322,2023-03-22,International Aviation,0.004779
20230322,2023-03-22,Power,0.0242505
20230322,2023-03-22,Residential,0.0156357
20230323,2023-03-23,Domestic Aviation,0.000585655
20230323,2023-03-23,Ground Transport,0.0280607
20230323,2023-03-23,Industry,0.0245392
20230323,2023-03-23,International Aviation,0.0045974
20230323,2023-03-23,Power,0.0231933
20230323,2023-03-23,Residential,0.0143972
20230324,2023-03-24,Domestic Aviation,0.000627859
20230324,2023-03-24,Ground Transport,0.0275448
20230324,2023-03-24,Industry,0.0243954
20230324,2023-03-24,International Aviation,0.00493698
20230324,2023-03-24,Power,0.0230574
20230324,2023-03-24,Residential,0.015134
20230325,2023-03-25,Domestic Aviation,0.000507312
20230325,2023-03-25,Ground Transport,0.0231467
20230325,2023-03-25,Industry,0.0217299
20230325,2023-03-25,International Aviation,0.0049384
20230325,2023-03-25,Power,0.0205381
20230325,2023-03-25,Residential,0.0170565
20230326,2023-03-26,Domestic Aviation,0.000378129
20230326,2023-03-26,Ground Transport,0.0200696
20230326,2023-03-26,Industry,0.0242465
20230326,2023-03-26,International Aviation,0.0051826
20230326,2023-03-26,Power,0.0229167
20230326,2023-03-26,Residential,0.0192923
20230327,2023-03-27,Domestic Aviation,0.000441911
20230327,2023-03-27,Ground Transport,0.0306251
20230327,2023-03-27,Industry,0.0243671
20230327,2023-03-27,International Aviation,0.00436755
20230327,2023-03-27,Power,0.0230307
20230327,2023-03-27,Residential,0.0193069
20230328,2023-03-28,Domestic Aviation,0.000445108
20230328,2023-03-28,Ground Transport,0.0314105
20230328,2023-03-28,Industry,0.0232585
20230328,2023-03-28,International Aviation,0.00584262
20230328,2023-03-28,Power,0.0219829
20230328,2023-03-28,Residential,0.0185808
20230329,2023-03-29,Domestic Aviation,0.000457116
20230329,2023-03-29,Ground Transport,0.0294287
20230329,2023-03-29,Industry,0.0314245
20230329,2023-03-29,International Aviation,0.00483071
20230329,2023-03-29,Power,0.029701
20230329,2023-03-29,Residential,0.0201614
20230330,2023-03-30,Domestic Aviation,0.000518564
20230330,2023-03-30,Ground Transport,0.0281556
20230330,2023-03-30,Industry,0.0280888
20230330,2023-03-30,International Aviation,0.00570184
20230330,2023-03-30,Power,0.0265483
20230330,2023-03-30,Residential,0.0212238
20230331,2023-03-31,Domestic Aviation,0.000533618
20230331,2023-03-31,Ground Transport,0.027633
20230331,2023-03-31,Industry,0.0241104
20230331,2023-03-31,International Aviation,0.00456735
20230331,2023-03-31,Power,0.0227881
20230331,2023-03-31,Residential,0.0194948
20230401,2023-04-01,Domestic Aviation,0.000362739
20230401,2023-04-01,Ground Transport,0.0225944
20230401,2023-04-01,Industry,0.0304445
20230401,2023-04-01,International Aviation,0.0052068
20230401,2023-04-01,Power,0.0183197
20230401,2023-04-01,Residential,0.0178379
20230402,2023-04-02,Domestic Aviation,0.000420387
20230402,2023-04-02,Ground Transport,0.0189574
20230402,2023-04-02,Industry,0.0324065
20230402,2023-04-02,International Aviation,0.00491892
20230402,2023-04-02,Power,0.0195004
20230402,2023-04-02,Residential,0.0177663
20230403,2023-04-03,Domestic Aviation,0.000445094
20230403,2023-04-03,Ground Transport,0.0257585
20230403,2023-04-03,Industry,0.0431978
20230403,2023-04-03,International Aviation,0.00512641
20230403,2023-04-03,Power,0.025994
20230403,2023-04-03,Residential,0.0185944
20230404,2023-04-04,Domestic Aviation,0.00040598
20230404,2023-04-04,Ground Transport,0.0271191
20230404,2023-04-04,Industry,0.0463378
20230404,2023-04-04,International Aviation,0.00532367
20230404,2023-04-04,Power,0.0278834
20230404,2023-04-04,Residential,0.0181237
20230405,2023-04-05,Domestic Aviation,0.00047409
20230405,2023-04-05,Ground Transport,0.0271215
20230405,2023-04-05,Industry,0.045414
20230405,2023-04-05,International Aviation,0.00475571
20230405,2023-04-05,Power,0.0273276
20230405,2023-04-05,Residential,0.0150782
20230406,2023-04-06,Domestic Aviation,0.000509021
20230406,2023-04-06,Ground Transport,0.0266907
20230406,2023-04-06,Industry,0.0430582
20230406,2023-04-06,International Aviation,0.00557041
20230406,2023-04-06,Power,0.02591
20230406,2023-04-06,Residential,0.0129877
20230407,2023-04-07,Domestic Aviation,0.000361885
20230407,2023-04-07,Ground Transport,0.017201
20230407,2023-04-07,Industry,0.0319901
20230407,2023-04-07,International Aviation,0.00455568
20230407,2023-04-07,Power,0.0192498
20230407,2023-04-07,Residential,0.0124481
20230408,2023-04-08,Domestic Aviation,0.000329546
20230408,2023-04-08,Ground Transport,0.0171556
20230408,2023-04-08,Industry,0.0295003
20230408,2023-04-08,International Aviation,0.00510705
20230408,2023-04-08,Power,0.0177516
20230408,2023-04-08,Residential,0.0129147
20230409,2023-04-09,Domestic Aviation,0.000351313
20230409,2023-04-09,Ground Transport,0.0145902
20230409,2023-04-09,Industry,0.0284116
20230409,2023-04-09,International Aviation,0.00485658
20230409,2023-04-09,Power,0.0170965
20230409,2023-04-09,Residential,0.0120295
20230410,2023-04-10,Domestic Aviation,0.000394881
20230410,2023-04-10,Ground Transport,0.014806
20230410,2023-04-10,Industry,0.0271857
20230410,2023-04-10,International Aviation,0.00525426
20230410,2023-04-10,Power,0.0163588
20230410,2023-04-10,Residential,0.0119933
20230411,2023-04-11,Domestic Aviation,0.000434142
20230411,2023-04-11,Ground Transport,0.0256793
20230411,2023-04-11,Industry,0.0268011
20230411,2023-04-11,International Aviation,0.00524744
20230411,2023-04-11,Power,0.0161274
20230411,2023-04-11,Residential,0.0112582
20230412,2023-04-12,Domestic Aviation,0.000427082
20230412,2023-04-12,Ground Transport,0.0265346
20230412,2023-04-12,Industry,0.0249776
20230412,2023-04-12,International Aviation,0.00462577
20230412,2023-04-12,Power,0.0150301
20230412,2023-04-12,Residential,0.00940674
20230413,2023-04-13,Domestic Aviation,0.000468951
20230413,2023-04-13,Ground Transport,0.0262283
20230413,2023-04-13,Industry,0.0226412
20230413,2023-04-13,International Aviation,0.00559449
20230413,2023-04-13,Power,0.0136242
20230413,2023-04-13,Residential,0.0121375
20230414,2023-04-14,Domestic Aviation,0.000495785
20230414,2023-04-14,Ground Transport,0.0264229
20230414,2023-04-14,Industry,0.0233785
20230414,2023-04-14,International Aviation,0.0045636
20230414,2023-04-14,Power,0.0140679
20230414,2023-04-14,Residential,0.0130998
20230415,2023-04-15,Domestic Aviation,0.000298349
20230415,2023-04-15,Ground Transport,0.0218982
20230415,2023-04-15,Industry,0.024719
20230415,2023-04-15,International Aviation,0.00542015
20230415,2023-04-15,Power,0.0148745
20230415,2023-04-15,Residential,0.0129591
20230416,2023-04-16,Domestic Aviation,0.000383851
20230416,2023-04-16,Ground Transport,0.0174708
20230416,2023-04-16,Industry,0.0272599
20230416,2023-04-16,International Aviation,0.00519196
20230416,2023-04-16,Power,0.0164034
20230416,2023-04-16,Residential,0.0125315
20230417,2023-04-17,Domestic Aviation,0.000389082
20230417,2023-04-17,Ground Transport,0.0253662
20230417,2023-04-17,Industry,0.0283686
20230417,2023-04-17,International Aviation,0.0047082
20230417,2023-04-17,Power,0.0170706
20230417,2023-04-17,Residential,0.011405
20230418,2023-04-18,Domestic Aviation,0.000423647
20230418,2023-04-18,Ground Transport,0.0269563
20230418,2023-04-18,Industry,0.0294679
20230418,2023-04-18,International Aviation,0.00562748
20230418,2023-04-18,Power,0.0177321
20230418,2023-04-18,Residential,0.0105289
20230419,2023-04-19,Domestic Aviation,0.000391822
20230419,2023-04-19,Ground Transport,0.0271686
20230419,2023-04-19,Industry,0.0252297
20230419,2023-04-19,International Aviation,0.00417532
20230419,2023-04-19,Power,0.0151818
20230419,2023-04-19,Residential,0.0102764
20230420,2023-04-20,Domestic Aviation,0.000458549
20230420,2023-04-20,Ground Transport,0.0279261
20230420,2023-04-20,Industry,0.0240782
20230420,2023-04-20,International Aviation,0.00569021
20230420,2023-04-20,Power,0.0144889
20230420,2023-04-20,Residential,0.00834509
20230421,2023-04-21,Domestic Aviation,0.000450003
20230421,2023-04-21,Ground Transport,0.0266921
20230421,2023-04-21,Industry,0.0248101
20230421,2023-04-21,International Aviation,0.00451653
20230421,2023-04-21,Power,0.0149293
20230421,2023-04-21,Residential,0.00852591
20230422,2023-04-22,Domestic Aviation,0.000249854
20230422,2023-04-22,Ground Transport,0.0218569
20230422,2023-04-22,Industry,0.0235164
20230422,2023-04-22,International Aviation,0.00516481
20230422,2023-04-22,Power,0.0141508
20230422,2023-04-22,Residential,0.00922877
20230423,2023-04-23,Domestic Aviation,0.000347802
20230423,2023-04-23,Ground Transport,0.0188132
20230423,2023-04-23,Industry,0.0259271
20230423,2023-04-23,International Aviation,0.00511893
20230423,2023-04-23,Power,0.0156014
20230423,2023-04-23,Residential,0.0104988
20230424,2023-04-24,Domestic Aviation,0.000399244
20230424,2023-04-24,Ground Transport,0.0255268
20230424,2023-04-24,Industry,0.0277226
20230424,2023-04-24,International Aviation,0.00513069
20230424,2023-04-24,Power,0.0166819
20230424,2023-04-24,Residential,0.0103709
20230425,2023-04-25,Domestic Aviation,0.000373765
20230425,2023-04-25,Ground Transport,0.0271694
20230425,2023-04-25,Industry,0.0262263
20230425,2023-04-25,International Aviation,0.00559206
20230425,2023-04-25,Power,0.0157815
20230425,2023-04-25,Residential,0.00911561
20230426,2023-04-26,Domestic Aviation,0.000423081
20230426,2023-04-26,Ground Transport,0.0270921
20230426,2023-04-26,Industry,0.025892
20230426,2023-04-26,International Aviation,0.00460963
20230426,2023-04-26,Power,0.0155803
20230426,2023-04-26,Residential,0.00802747
20230427,2023-04-27,Domestic Aviation,0.000410544
20230427,2023-04-27,Ground Transport,0.0278822
20230427,2023-04-27,Industry,0.0270841
20230427,2023-04-27,International Aviation,0.00553061
20230427,2023-04-27,Power,0.0162977
20230427,2023-04-27,Residential,0.0104889
20230428,2023-04-28,Domestic Aviation,0.000407707
20230428,2023-04-28,Ground Transport,0.0272637
20230428,2023-04-28,Industry,0.0300397
20230428,2023-04-28,International Aviation,0.0048072
20230428,2023-04-28,Power,0.0180761
20230428,2023-04-28,Residential,0.012343
20230429,2023-04-29,Domestic Aviation,0.000230542
20230429,2023-04-29,Ground Transport,0.0211372
20230429,2023-04-29,Industry,0.0252401
20230429,2023-04-29,International Aviation,0.00539808
20230429,2023-04-29,Power,0.015188
20230429,2023-04-29,Residential,0.0120386
20230430,2023-04-30,Domestic Aviation,0.000292326
20230430,2023-04-30,Ground Transport,0.0183141
20230430,2023-04-30,Industry,0.0222362
20230430,2023-04-30,International Aviation,0.0050570500000000004
20230430,2023-04-30,Power,0.0133804
20230430,2023-04-30,Residential,0.0123931
20230501,2023-05-01,Domestic Aviation,0.000288608
20230501,2023-05-01,Ground Transport,0.0212917
20230501,2023-05-01,Industry,0.0522507
20230501,2023-05-01,International Aviation,0.00494325
20230501,2023-05-01,Power,0.015255
20230501,2023-05-01,Residential,0.0113692
20230502,2023-05-02,Domestic Aviation,0.000387476
20230502,2023-05-02,Ground Transport,0.0271109
20230502,2023-05-02,Industry,0.0528338
20230502,2023-05-02,International Aviation,0.00573769
20230502,2023-05-02,Power,0.0154252
20230502,2023-05-02,Residential,0.0122691
20230503,2023-05-03,Domestic Aviation,0.000417304
20230503,2023-05-03,Ground Transport,0.027758
20230503,2023-05-03,Industry,0.0504159
20230503,2023-05-03,International Aviation,0.00447681
20230503,2023-05-03,Power,0.0147193
20230503,2023-05-03,Residential,0.0120249
20230504,2023-05-04,Domestic Aviation,0.000425909
20230504,2023-05-04,Ground Transport,0.0272246
20230504,2023-05-04,Industry,0.0533384
20230504,2023-05-04,International Aviation,0.00594293
20230504,2023-05-04,Power,0.0155726
20230504,2023-05-04,Residential,0.0142262
20230505,2023-05-05,Domestic Aviation,0.000450827
20230505,2023-05-05,Ground Transport,0.0263671
20230505,2023-05-05,Industry,0.0566123
20230505,2023-05-05,International Aviation,0.00481055
20230505,2023-05-05,Power,0.0165284
20230505,2023-05-05,Residential,0.0136896
20230506,2023-05-06,Domestic Aviation,0.000285047
20230506,2023-05-06,Ground Transport,0.0193687
20230506,2023-05-06,Industry,0.056281
20230506,2023-05-06,International Aviation,0.0052924
20230506,2023-05-06,Power,0.0164317
20230506,2023-05-06,Residential,0.0121395
20230507,2023-05-07,Domestic Aviation,0.000316557
20230507,2023-05-07,Ground Transport,0.0175278
20230507,2023-05-07,Industry,0.0460931
20230507,2023-05-07,International Aviation,0.0051173
20230507,2023-05-07,Power,0.0134573
20230507,2023-05-07,Residential,0.0104447
20230508,2023-05-08,Domestic Aviation,0.000409534
20230508,2023-05-08,Ground Transport,0.0255893
20230508,2023-05-08,Industry,0.0462752
20230508,2023-05-08,International Aviation,0.00509055
20230508,2023-05-08,Power,0.0135104
20230508,2023-05-08,Residential,0.00845766
20230509,2023-05-09,Domestic Aviation,0.000386258
20230509,2023-05-09,Ground Transport,0.0266688
20230509,2023-05-09,Industry,0.038783
20230509,2023-05-09,International Aviation,0.00567464
20230509,2023-05-09,Power,0.011323
20230509,2023-05-09,Residential,0.00671659
20230510,2023-05-10,Domestic Aviation,0.000393142
20230510,2023-05-10,Ground Transport,0.0269945
20230510,2023-05-10,Industry,0.0327808
20230510,2023-05-10,International Aviation,0.00468133
20230510,2023-05-10,Power,0.00957062
20230510,2023-05-10,Residential,0.00557842
20230511,2023-05-11,Domestic Aviation,0.000418689
20230511,2023-05-11,Ground Transport,0.027109
20230511,2023-05-11,Industry,0.0235221
20230511,2023-05-11,International Aviation,0.00588247
20230511,2023-05-11,Power,0.00686747
20230511,2023-05-11,Residential,0.00447826
20230512,2023-05-12,Domestic Aviation,0.000423048
20230512,2023-05-12,Ground Transport,0.0277326
20230512,2023-05-12,Industry,0.0256778
20230512,2023-05-12,International Aviation,0.00508599
20230512,2023-05-12,Power,0.00749684
20230512,2023-05-12,Residential,0.00399729
20230513,2023-05-13,Domestic Aviation,0.000290314
20230513,2023-05-13,Ground Transport,0.0217677
20230513,2023-05-13,Industry,0.024406
20230513,2023-05-13,International Aviation,0.00527255
20230513,2023-05-13,Power,0.00712554
20230513,2023-05-13,Residential,0.00349594
20230514,2023-05-14,Domestic Aviation,0.000308677
20230514,2023-05-14,Ground Transport,0.0180242
20230514,2023-05-14,Industry,0.0234329
20230514,2023-05-14,International Aviation,0.00513894
20230514,2023-05-14,Power,0.00684143
20230514,2023-05-14,Residential,0.00303406
20230515,2023-05-15,Domestic Aviation,0.000427091
20230515,2023-05-15,Ground Transport,0.0273404
20230515,2023-05-15,Industry,0.0251378
20230515,2023-05-15,International Aviation,0.00545166
20230515,2023-05-15,Power,0.00733917
20230515,2023-05-15,Residential,0.00236032
20230516,2023-05-16,Domestic Aviation,0.000386235
20230516,2023-05-16,Ground Transport,0.0288552
20230516,2023-05-16,Industry,0.0251304
20230516,2023-05-16,International Aviation,0.00565147
20230516,2023-05-16,Power,0.00733702
20230516,2023-05-16,Residential,0.00385981
20230517,2023-05-17,Domestic Aviation,0.000418399
20230517,2023-05-17,Ground Transport,0.0292377
20230517,2023-05-17,Industry,0.0244199
20230517,2023-05-17,International Aviation,0.00531442
20230517,2023-05-17,Power,0.00712959
20230517,2023-05-17,Residential,0.00638043
20230518,2023-05-18,Domestic Aviation,0.000289206
20230518,2023-05-18,Ground Transport,0.0186959
20230518,2023-05-18,Industry,0.0243327
20230518,2023-05-18,International Aviation,0.00576231
20230518,2023-05-18,Power,0.00710414
20230518,2023-05-18,Residential,0.00912243
20230519,2023-05-19,Domestic Aviation,0.000382287
20230519,2023-05-19,Ground Transport,0.0242929
20230519,2023-05-19,Industry,0.0217715
20230519,2023-05-19,International Aviation,0.00515178
20230519,2023-05-19,Power,0.00635637
20230519,2023-05-19,Residential,0.00638861
20230520,2023-05-20,Domestic Aviation,0.000264297
20230520,2023-05-20,Ground Transport,0.0198925
20230520,2023-05-20,Industry,0.0211411
20230520,2023-05-20,International Aviation,0.00517392
20230520,2023-05-20,Power,0.0061723
20230520,2023-05-20,Residential,0.00403949
20230521,2023-05-21,Domestic Aviation,0.000317855
20230521,2023-05-21,Ground Transport,0.0176278
20230521,2023-05-21,Industry,0.0214948
20230521,2023-05-21,International Aviation,0.00523393
20230521,2023-05-21,Power,0.00627556
20230521,2023-05-21,Residential,0.00312571
20230522,2023-05-22,Domestic Aviation,0.000400814
20230522,2023-05-22,Ground Transport,0.0264809
20230522,2023-05-22,Industry,0.0208952
20230522,2023-05-22,International Aviation,0.00548071
20230522,2023-05-22,Power,0.00610052
20230522,2023-05-22,Residential,0.00194131
20230523,2023-05-23,Domestic Aviation,0.000395656
20230523,2023-05-23,Ground Transport,0.0286971
20230523,2023-05-23,Industry,0.0222223
20230523,2023-05-23,International Aviation,0.00534978
20230523,2023-05-23,Power,0.00648798
20230523,2023-05-23,Residential,0.00294483
20230524,2023-05-24,Domestic Aviation,0.000387782
20230524,2023-05-24,Ground Transport,0.0276969
20230524,2023-05-24,Industry,0.0213495
20230524,2023-05-24,International Aviation,0.00508433
20230524,2023-05-24,Power,0.00623314
20230524,2023-05-24,Residential,0.00147829
20230525,2023-05-25,Domestic Aviation,0.000421077
20230525,2023-05-25,Ground Transport,0.0283526
20230525,2023-05-25,Industry,0.0189607
20230525,2023-05-25,International Aviation,0.00563642
20230525,2023-05-25,Power,0.00553574
20230525,2023-05-25,Residential,0.00500553
20230526,2023-05-26,Domestic Aviation,0.000437344
20230526,2023-05-26,Ground Transport,0.0277871
20230526,2023-05-26,Industry,0.0220301
20230526,2023-05-26,International Aviation,0.00519422
20230526,2023-05-26,Power,0.00643187
20230526,2023-05-26,Residential,0.00817545
20230527,2023-05-27,Domestic Aviation,0.000282556
20230527,2023-05-27,Ground Transport,0.0203164
20230527,2023-05-27,Industry,0.0220893
20230527,2023-05-27,International Aviation,0.00576777
20230527,2023-05-27,Power,0.00644914
20230527,2023-05-27,Residential,0.00744527
20230528,2023-05-28,Domestic Aviation,0.000321469
20230528,2023-05-28,Ground Transport,0.017886
20230528,2023-05-28,Industry,0.0225845
20230528,2023-05-28,International Aviation,0.00519753
20230528,2023-05-28,Power,0.00659371
20230528,2023-05-28,Residential,0.00627235
20230529,2023-05-29,Domestic Aviation,0.000406606
20230529,2023-05-29,Ground Transport,0.0262243
20230529,2023-05-29,Industry,0.0259507
20230529,2023-05-29,International Aviation,0.00524663
20230529,2023-05-29,Power,0.00757651
20230529,2023-05-29,Residential,0.00723091
20230530,2023-05-30,Domestic Aviation,0.000378645
20230530,2023-05-30,Ground Transport,0.0282924
20230530,2023-05-30,Industry,0.0241552
20230530,2023-05-30,International Aviation,0.00540175
20230530,2023-05-30,Power,0.00705229
20230530,2023-05-30,Residential,0.00681104
20230531,2023-05-31,Domestic Aviation,0.000409278
20230531,2023-05-31,Ground Transport,0.0285976
20230531,2023-05-31,Industry,0.0242569
20230531,2023-05-31,International Aviation,0.00481836
20230531,2023-05-31,Power,0.00708201
20230531,2023-05-31,Residential,0.00582071
20230601,2023-06-01,Domestic Aviation,0.000449601
20230601,2023-06-01,Ground Transport,0.0281821
20230601,2023-06-01,Industry,0.038433
20230601,2023-06-01,International Aviation,0.0058245
20230601,2023-06-01,Power,0.00752703
20230601,2023-06-01,Residential,0.00964236
20230602,2023-06-02,Domestic Aviation,0.000407057
20230602,2023-06-02,Ground Transport,0.0275646
20230602,2023-06-02,Industry,0.0367868
20230602,2023-06-02,International Aviation,0.00490831
20230602,2023-06-02,Power,0.00720463
20230602,2023-06-02,Residential,0.0102177
20230603,2023-06-03,Domestic Aviation,0.000274808
20230603,2023-06-03,Ground Transport,0.0201817
20230603,2023-06-03,Industry,0.0350303
20230603,2023-06-03,International Aviation,0.00582263
20230603,2023-06-03,Power,0.00686063
20230603,2023-06-03,Residential,0.00775062
20230604,2023-06-04,Domestic Aviation,0.000316303
20230604,2023-06-04,Ground Transport,0.0177349
20230604,2023-06-04,Industry,0.0322544
20230604,2023-06-04,International Aviation,0.00523619
20230604,2023-06-04,Power,0.00631698
20230604,2023-06-04,Residential,0.00653108
20230605,2023-06-05,Domestic Aviation,0.000405991
20230605,2023-06-05,Ground Transport,0.024667
20230605,2023-06-05,Industry,0.0325034
20230605,2023-06-05,International Aviation,0.00532541
20230605,2023-06-05,Power,0.00636573
20230605,2023-06-05,Residential,0.00532369
20230606,2023-06-06,Domestic Aviation,0.000396993
20230606,2023-06-06,Ground Transport,0.0262029
20230606,2023-06-06,Industry,0.0362715
20230606,2023-06-06,International Aviation,0.00534802
20230606,2023-06-06,Power,0.00710371
20230606,2023-06-06,Residential,0.00614806
20230607,2023-06-07,Domestic Aviation,0.000393625
20230607,2023-06-07,Ground Transport,0.0260361
20230607,2023-06-07,Industry,0.0411694
20230607,2023-06-07,International Aviation,0.00511889
20230607,2023-06-07,Power,0.00806296
20230607,2023-06-07,Residential,0.00622629
20230608,2023-06-08,Domestic Aviation,0.000433272
20230608,2023-06-08,Ground Transport,0.0263616
20230608,2023-06-08,Industry,0.0354013
20230608,2023-06-08,International Aviation,0.0058435
20230608,2023-06-08,Power,0.00693328
20230608,2023-06-08,Residential,0.00724966
20230609,2023-06-09,Domestic Aviation,0.000453317
20230609,2023-06-09,Ground Transport,0.0253447
20230609,2023-06-09,Industry,0.0419497
20230609,2023-06-09,International Aviation,0.00496224
20230609,2023-06-09,Power,0.00821577
20230609,2023-06-09,Residential,0.00673859
20230610,2023-06-10,Domestic Aviation,0.000256917
20230610,2023-06-10,Ground Transport,0.0189767
20230610,2023-06-10,Industry,0.0373773
20230610,2023-06-10,International Aviation,0.00583412
20230610,2023-06-10,Power,0.00732027
20230610,2023-06-10,Residential,0.00535194
20230611,2023-06-11,Domestic Aviation,0.000311367
20230611,2023-06-11,Ground Transport,0.0162647
20230611,2023-06-11,Industry,0.0328007
20230611,2023-06-11,International Aviation,0.00509234
20230611,2023-06-11,Power,0.00642396
20230611,2023-06-11,Residential,0.00296885
20230612,2023-06-12,Domestic Aviation,0.000375958
20230612,2023-06-12,Ground Transport,0.0245793
20230612,2023-06-12,Industry,0.0341514
20230612,2023-06-12,International Aviation,0.00537196
20230612,2023-06-12,Power,0.0066885
20230612,2023-06-12,Residential,0.00198852
20230613,2023-06-13,Domestic Aviation,0.000375533
20230613,2023-06-13,Ground Transport,0.0265478
20230613,2023-06-13,Industry,0.0349219
20230613,2023-06-13,International Aviation,0.00573645
20230613,2023-06-13,Power,0.00683939
20230613,2023-06-13,Residential,0.0011799
20230614,2023-06-14,Domestic Aviation,0.000428422
20230614,2023-06-14,Ground Transport,0.0261631
20230614,2023-06-14,Industry,0.0350309
20230614,2023-06-14,International Aviation,0.00523054
20230614,2023-06-14,Power,0.00686075
20230614,2023-06-14,Residential,0.000681014
20230615,2023-06-15,Domestic Aviation,0.000402556
20230615,2023-06-15,Ground Transport,0.0262885
20230615,2023-06-15,Industry,0.0271789
20230615,2023-06-15,International Aviation,0.00602437
20230615,2023-06-15,Power,0.00532294
20230615,2023-06-15,Residential,0.00027867
20230616,2023-06-16,Domestic Aviation,0.00047724
20230616,2023-06-16,Ground Transport,0.0269314
20230616,2023-06-16,Industry,0.0271424
20230616,2023-06-16,International Aviation,0.00539884
20230616,2023-06-16,Power,0.00531578
20230616,2023-06-16,Residential,0.00026519
20230617,2023-06-17,Domestic Aviation,0.000250217
20230617,2023-06-17,Ground Transport,0.0192865
20230617,2023-06-17,Industry,0.0259346
20230617,2023-06-17,International Aviation,0.0054291
20230617,2023-06-17,Power,0.00507924
20230617,2023-06-17,Residential,0.000315652
20230618,2023-06-18,Domestic Aviation,0.000308723
20230618,2023-06-18,Ground Transport,0.0157696
20230618,2023-06-18,Industry,0.026785
20230618,2023-06-18,International Aviation,0.00552031
20230618,2023-06-18,Power,0.00524579
20230618,2023-06-18,Residential,0.000179018
20230619,2023-06-19,Domestic Aviation,0.000415258
20230619,2023-06-19,Ground Transport,0.0245031
20230619,2023-06-19,Industry,0.0274891
20230619,2023-06-19,International Aviation,0.00554029
20230619,2023-06-19,Power,0.0053837
20230619,2023-06-19,Residential,3.09916e-05
20230620,2023-06-20,Domestic Aviation,0.000375768
20230620,2023-06-20,Ground Transport,0.0255815
20230620,2023-06-20,Industry,0.0239436
20230620,2023-06-20,International Aviation,0.00576484
20230620,2023-06-20,Power,0.00468931
20230620,2023-06-20,Residential,7.72252e-05
20230621,2023-06-21,Domestic Aviation,0.000419875
20230621,2023-06-21,Ground Transport,0.0252903
20230621,2023-06-21,Industry,0.0248095
20230621,2023-06-21,International Aviation,0.00477571
20230621,2023-06-21,Power,0.00485891
20230621,2023-06-21,Residential,5.09521e-05
20230622,2023-06-22,Domestic Aviation,0.000360463
20230622,2023-06-22,Ground Transport,0.0248349
20230622,2023-06-22,Industry,0.0217221
20230622,2023-06-22,International Aviation,0.00638224
20230622,2023-06-22,Power,0.00425424
20230622,2023-06-22,Residential,0.000178083
20230623,2023-06-23,Domestic Aviation,0.000222099
20230623,2023-06-23,Ground Transport,0.0269314
20230623,2023-06-23,Industry,0.0246962
20230623,2023-06-23,International Aviation,0.00511305
20230623,2023-06-23,Power,0.00483671
20230623,2023-06-23,Residential,0.000594887
20230624,2023-06-24,Domestic Aviation,0.000200764
20230624,2023-06-24,Ground Transport,0.00965905
20230624,2023-06-24,Industry,0.0261294
20230624,2023-06-24,International Aviation,0.00516432
20230624,2023-06-24,Power,0.00511739
20230624,2023-06-24,Residential,0.00156361
20230625,2023-06-25,Domestic Aviation,0.000290609
20230625,2023-06-25,Ground Transport,0.0114759
20230625,2023-06-25,Industry,0.0283192
20230625,2023-06-25,International Aviation,0.00524534
20230625,2023-06-25,Power,0.00554626
20230625,2023-06-25,Residential,0.000661965
20230626,2023-06-26,Domestic Aviation,0.000357881
20230626,2023-06-26,Ground Transport,0.0221274
20230626,2023-06-26,Industry,0.0248742
20230626,2023-06-26,International Aviation,0.00520738
20230626,2023-06-26,Power,0.00487156
20230626,2023-06-26,Residential,5.41546e-05
20230627,2023-06-27,Domestic Aviation,0.000396735
20230627,2023-06-27,Ground Transport,0.0238707
20230627,2023-06-27,Industry,0.0249529
20230627,2023-06-27,International Aviation,0.00580536
20230627,2023-06-27,Power,0.00488698
20230627,2023-06-27,Residential,3.16271e-05
20230628,2023-06-28,Domestic Aviation,0.000324944
20230628,2023-06-28,Ground Transport,0.0248508
20230628,2023-06-28,Industry,0.043688
20230628,2023-06-28,International Aviation,0.00507241
20230628,2023-06-28,Power,0.00855621
20230628,2023-06-28,Residential,1.74114e-05
20230629,2023-06-29,Domestic Aviation,0.000403727
20230629,2023-06-29,Ground Transport,0.0244465
20230629,2023-06-29,Industry,0.0455327
20230629,2023-06-29,International Aviation,0.00593971
20230629,2023-06-29,Power,0.0089175
20230629,2023-06-29,Residential,2.58458e-05
20230630,2023-06-30,Domestic Aviation,0.000422138
20230630,2023-06-30,Ground Transport,0.0240461
20230630,2023-06-30,Industry,0.0305264
20230630,2023-06-30,International Aviation,0.00508183
20230630,2023-06-30,Power,0.00597854
20230630,2023-06-30,Residential,0.000319354
20230701,2023-07-01,Domestic Aviation,0.000237501
20230701,2023-07-01,Ground Transport,0.0199507
20230701,2023-07-01,Industry,0.0257354
20230701,2023-07-01,International Aviation,0.00569616
20230701,2023-07-01,Power,0.0100527
20230701,2023-07-01,Residential,0.00240208
20230702,2023-07-02,Domestic Aviation,0.000290867
20230702,2023-07-02,Ground Transport,0.0165351
20230702,2023-07-02,Industry,0.0228577
20230702,2023-07-02,International Aviation,0.00532731
20230702,2023-07-02,Power,0.00892862
20230702,2023-07-02,Residential,0.00327429
20230703,2023-07-03,Domestic Aviation,0.000339387
20230703,2023-07-03,Ground Transport,0.0235607
20230703,2023-07-03,Industry,0.0224499
20230703,2023-07-03,International Aviation,0.00570431
20230703,2023-07-03,Power,0.00876933
20230703,2023-07-03,Residential,0.00335593
20230704,2023-07-04,Domestic Aviation,0.000326246
20230704,2023-07-04,Ground Transport,0.0247317
20230704,2023-07-04,Industry,0.0239704
20230704,2023-07-04,International Aviation,0.00538564
20230704,2023-07-04,Power,0.00936326
20230704,2023-07-04,Residential,0.00371127
20230705,2023-07-05,Domestic Aviation,0.000316204
20230705,2023-07-05,Ground Transport,0.0239022
20230705,2023-07-05,Industry,0.0297101
20230705,2023-07-05,International Aviation,0.00479859
20230705,2023-07-05,Power,0.0116053
20230705,2023-07-05,Residential,0.00292958
20230706,2023-07-06,Domestic Aviation,0.000423943
20230706,2023-07-06,Ground Transport,0.0240439
20230706,2023-07-06,Industry,0.0306465
20230706,2023-07-06,International Aviation,0.00587762
20230706,2023-07-06,Power,0.011971
20230706,2023-07-06,Residential,0.00196068
20230707,2023-07-07,Domestic Aviation,0.000401099
20230707,2023-07-07,Ground Transport,0.0238853
20230707,2023-07-07,Industry,0.0324658
20230707,2023-07-07,International Aviation,0.00490476
20230707,2023-07-07,Power,0.0126817
20230707,2023-07-07,Residential,0.00173046
20230708,2023-07-08,Domestic Aviation,0.000266392
20230708,2023-07-08,Ground Transport,0.0190779
20230708,2023-07-08,Industry,0.0319365
20230708,2023-07-08,International Aviation,0.00584247
20230708,2023-07-08,Power,0.0124749
20230708,2023-07-08,Residential,0.00201743
20230709,2023-07-09,Domestic Aviation,0.000274273
20230709,2023-07-09,Ground Transport,0.0169043
20230709,2023-07-09,Industry,0.0320362
20230709,2023-07-09,International Aviation,0.00543477
20230709,2023-07-09,Power,0.0125139
20230709,2023-07-09,Residential,0.00246615
20230710,2023-07-10,Domestic Aviation,0.000348716
20230710,2023-07-10,Ground Transport,0.023062
20230710,2023-07-10,Industry,0.0340323
20230710,2023-07-10,International Aviation,0.0053977
20230710,2023-07-10,Power,0.0132936
20230710,2023-07-10,Residential,0.0014386
20230711,2023-07-11,Domestic Aviation,0.000352675
20230711,2023-07-11,Ground Transport,0.0235697
20230711,2023-07-11,Industry,0.0364704
20230711,2023-07-11,International Aviation,0.00548702
20230711,2023-07-11,Power,0.014246
20230711,2023-07-11,Residential,0.000667287
20230712,2023-07-12,Domestic Aviation,0.00030896
20230712,2023-07-12,Ground Transport,0.0234411
20230712,2023-07-12,Industry,0.0384608
20230712,2023-07-12,International Aviation,0.00500901
20230712,2023-07-12,Power,0.0150235
20230712,2023-07-12,Residential,9.04483e-05
20230713,2023-07-13,Domestic Aviation,0.00035124
20230713,2023-07-13,Ground Transport,0.0244844
20230713,2023-07-13,Industry,0.0375713
20230713,2023-07-13,International Aviation,0.00530808
20230713,2023-07-13,Power,0.014676
20230713,2023-07-13,Residential,0.000844901
20230714,2023-07-14,Domestic Aviation,0.000387785
20230714,2023-07-14,Ground Transport,0.0238747
20230714,2023-07-14,Industry,0.0354913
20230714,2023-07-14,International Aviation,0.00553793
20230714,2023-07-14,Power,0.0138635
20230714,2023-07-14,Residential,0.000601727
20230715,2023-07-15,Domestic Aviation,0.000281149
20230715,2023-07-15,Ground Transport,0.0173867
20230715,2023-07-15,Industry,0.0293017
20230715,2023-07-15,International Aviation,0.00614586
20230715,2023-07-15,Power,0.0114458
20230715,2023-07-15,Residential,0.000190329
20230716,2023-07-16,Domestic Aviation,0.000281011
20230716,2023-07-16,Ground Transport,0.014607
20230716,2023-07-16,Industry,0.0250085
20230716,2023-07-16,International Aviation,0.00546015
20230716,2023-07-16,Power,0.00976874
20230716,2023-07-16,Residential,4.10544e-05
20230717,2023-07-17,Domestic Aviation,0.00032847
20230717,2023-07-17,Ground Transport,0.0218233
20230717,2023-07-17,Industry,0.0212642
20230717,2023-07-17,International Aviation,0.00551539
20230717,2023-07-17,Power,0.00830615
20230717,2023-07-17,Residential,0.000157804
20230718,2023-07-18,Domestic Aviation,0.00033016
20230718,2023-07-18,Ground Transport,0.0236679
20230718,2023-07-18,Industry,0.0183971
20230718,2023-07-18,International Aviation,0.00501368
20230718,2023-07-18,Power,0.00718624
20230718,2023-07-18,Residential,0.00154596
20230719,2023-07-19,Domestic Aviation,0.000308098
20230719,2023-07-19,Ground Transport,0.0239806
20230719,2023-07-19,Industry,0.017903
20230719,2023-07-19,International Aviation,0.00542202
20230719,2023-07-19,Power,0.00699321
20230719,2023-07-19,Residential,0.00174251
20230720,2023-07-20,Domestic Aviation,0.000382568
20230720,2023-07-20,Ground Transport,0.0241111
20230720,2023-07-20,Industry,0.0166211
20230720,2023-07-20,International Aviation,0.00525874
20230720,2023-07-20,Power,0.00649249
20230720,2023-07-20,Residential,0.00214746
20230721,2023-07-21,Domestic Aviation,0.000376345
20230721,2023-07-21,Ground Transport,0.0227725
20230721,2023-07-21,Industry,0.0147828
20230721,2023-07-21,International Aviation,0.00483807
20230721,2023-07-21,Power,0.00577442
20230721,2023-07-21,Residential,0.00209879
20230722,2023-07-22,Domestic Aviation,0.000223195
20230722,2023-07-22,Ground Transport,0.0179564
20230722,2023-07-22,Industry,0.0146575
20230722,2023-07-22,International Aviation,0.00578067
20230722,2023-07-22,Power,0.00572549
20230722,2023-07-22,Residential,0.00247857
20230723,2023-07-23,Domestic Aviation,0.000289718
20230723,2023-07-23,Ground Transport,0.015789
20230723,2023-07-23,Industry,0.0156866
20230723,2023-07-23,International Aviation,0.00516686
20230723,2023-07-23,Power,0.00612745
20230723,2023-07-23,Residential,0.00251326
20230724,2023-07-24,Domestic Aviation,0.000352906
20230724,2023-07-24,Ground Transport,0.0222363
20230724,2023-07-24,Industry,0.0136236
20230724,2023-07-24,International Aviation,0.00562076
20230724,2023-07-24,Power,0.00532161
20230724,2023-07-24,Residential,0.00238615
20230725,2023-07-25,Domestic Aviation,0.000334081
20230725,2023-07-25,Ground Transport,0.0229694
20230725,2023-07-25,Industry,0.0136625
20230725,2023-07-25,International Aviation,0.00587632
20230725,2023-07-25,Power,0.00533682
20230725,2023-07-25,Residential,0.0017806
20230726,2023-07-26,Domestic Aviation,0.000301404
20230726,2023-07-26,Ground Transport,0.0239022
20230726,2023-07-26,Industry,0.0147292
20230726,2023-07-26,International Aviation,0.00483372
20230726,2023-07-26,Power,0.00575346
20230726,2023-07-26,Residential,0.000915882
20230727,2023-07-27,Domestic Aviation,0.00036519
20230727,2023-07-27,Ground Transport,0.0241111
20230727,2023-07-27,Industry,0.0157265
20230727,2023-07-27,International Aviation,0.00574829
20230727,2023-07-27,Power,0.00614304
20230727,2023-07-27,Residential,0.000837895
20230728,2023-07-28,Domestic Aviation,0.000361441
20230728,2023-07-28,Ground Transport,0.0248862
20230728,2023-07-28,Industry,0.018875
20230728,2023-07-28,International Aviation,0.0046829
20230728,2023-07-28,Power,0.00737289
20230728,2023-07-28,Residential,0.00246878
20230729,2023-07-29,Domestic Aviation,0.000232345
20230729,2023-07-29,Ground Transport,0.0201179
20230729,2023-07-29,Industry,0.022301
20230729,2023-07-29,International Aviation,0.00591923
20230729,2023-07-29,Power,0.00871118
20230729,2023-07-29,Residential,0.00268269
20230730,2023-07-30,Domestic Aviation,0.000301602
20230730,2023-07-30,Ground Transport,0.0179046
20230730,2023-07-30,Industry,0.0267208
20230730,2023-07-30,International Aviation,0.00565871
20230730,2023-07-30,Power,0.0104376
20230730,2023-07-30,Residential,0.000478977
20230731,2023-07-31,Domestic Aviation,0.000394845
20230731,2023-07-31,Ground Transport,0.0247351
20230731,2023-07-31,Industry,0.0278381
20230731,2023-07-31,International Aviation,0.00537797
20230731,2023-07-31,Power,0.010874
20230731,2023-07-31,Residential,0.000938118
20230801,2023-08-01,Domestic Aviation,0.000413536
20230801,2023-08-01,Ground Transport,0.0263441
20230801,2023-08-01,Industry,0.0117372
20230801,2023-08-01,International Aviation,0.00544396
20230801,2023-08-01,Power,0.00448292
20230801,2023-08-01,Residential,0.00121314
20230802,2023-08-02,Domestic Aviation,0.000361954
20230802,2023-08-02,Ground Transport,0.0260365
20230802,2023-08-02,Industry,0.0138715
20230802,2023-08-02,International Aviation,0.0047565
20230802,2023-08-02,Power,0.00529811
20230802,2023-08-02,Residential,0.000301188
20230803,2023-08-03,Domestic Aviation,0.000380196
20230803,2023-08-03,Ground Transport,0.0259658
20230803,2023-08-03,Industry,0.0132017
20230803,2023-08-03,International Aviation,0.00550974
20230803,2023-08-03,Power,0.00504227
20230803,2023-08-03,Residential,0.000158375
20230804,2023-08-04,Domestic Aviation,0.000401993
20230804,2023-08-04,Ground Transport,0.0265522
20230804,2023-08-04,Industry,0.0145692
20230804,2023-08-04,International Aviation,0.00510561
20230804,2023-08-04,Power,0.0055646
20230804,2023-08-04,Residential,0.000536191
20230805,2023-08-05,Domestic Aviation,0.000281415
20230805,2023-08-05,Ground Transport,0.020319
20230805,2023-08-05,Industry,0.0140347
20230805,2023-08-05,International Aviation,0.00546191
20230805,2023-08-05,Power,0.00536043
20230805,2023-08-05,Residential,0.000431728
20230806,2023-08-06,Domestic Aviation,0.000347372
20230806,2023-08-06,Ground Transport,0.0173386
20230806,2023-08-06,Industry,0.0143026
20230806,2023-08-06,International Aviation,0.00526767
20230806,2023-08-06,Power,0.00546277
20230806,2023-08-06,Residential,0.00020294
20230807,2023-08-07,Domestic Aviation,0.000377526
20230807,2023-08-07,Ground Transport,0.0253151
20230807,2023-08-07,Industry,0.0146687
20230807,2023-08-07,International Aviation,0.00505471
20230807,2023-08-07,Power,0.0056026
20230807,2023-08-07,Residential,2.71691e-05
20230808,2023-08-08,Domestic Aviation,0.000345534
20230808,2023-08-08,Ground Transport,0.0265638
20230808,2023-08-08,Industry,0.0136507
20230808,2023-08-08,International Aviation,0.00532328
20230808,2023-08-08,Power,0.00521376
20230808,2023-08-08,Residential,2.10366e-06
20230809,2023-08-09,Domestic Aviation,0.000410228
20230809,2023-08-09,Ground Transport,0.027643
20230809,2023-08-09,Industry,0.0150574
20230809,2023-08-09,International Aviation,0.00499271
20230809,2023-08-09,Power,0.00575104
20230809,2023-08-09,Residential,0.00108688
20230810,2023-08-10,Domestic Aviation,0.000420171
20230810,2023-08-10,Ground Transport,0.0278041
20230810,2023-08-10,Industry,0.0147626
20230810,2023-08-10,International Aviation,0.00523898
20230810,2023-08-10,Power,0.00563845
20230810,2023-08-10,Residential,0.00190271
20230811,2023-08-11,Domestic Aviation,0.000460326
20230811,2023-08-11,Ground Transport,0.0270581
20230811,2023-08-11,Industry,0.0141408
20230811,2023-08-11,International Aviation,0.00524779
20230811,2023-08-11,Power,0.00540097
20230811,2023-08-11,Residential,0.00156381
20230812,2023-08-12,Domestic Aviation,0.000259504
20230812,2023-08-12,Ground Transport,0.0204937
20230812,2023-08-12,Industry,0.014923
20230812,2023-08-12,International Aviation,0.00520008
20230812,2023-08-12,Power,0.00569971
20230812,2023-08-12,Residential,0.00195663
20230813,2023-08-13,Domestic Aviation,0.000313646
20230813,2023-08-13,Ground Transport,0.0181021
20230813,2023-08-13,Industry,0.016044
20230813,2023-08-13,International Aviation,0.00522272
20230813,2023-08-13,Power,0.00612788
20230813,2023-08-13,Residential,0.000866509
20230814,2023-08-14,Domestic Aviation,0.000422928
20230814,2023-08-14,Ground Transport,0.0265075
20230814,2023-08-14,Industry,0.016402
20230814,2023-08-14,International Aviation,0.0053983
20230814,2023-08-14,Power,0.00626462
20230814,2023-08-14,Residential,0.000263472
20230815,2023-08-15,Domestic Aviation,0.000396219
20230815,2023-08-15,Ground Transport,0.0279397
20230815,2023-08-15,Industry,0.0160355
20230815,2023-08-15,International Aviation,0.00520305
20230815,2023-08-15,Power,0.00612462
20230815,2023-08-15,Residential,0.000133361
20230816,2023-08-16,Domestic Aviation,0.000399078
20230816,2023-08-16,Ground Transport,0.0282003
20230816,2023-08-16,Industry,0.0162016
20230816,2023-08-16,International Aviation,0.00483057
20230816,2023-08-16,Power,0.00618806
20230816,2023-08-16,Residential,0.000229266
20230817,2023-08-17,Domestic Aviation,0.000417484
20230817,2023-08-17,Ground Transport,0.0281109
20230817,2023-08-17,Industry,0.013255
20230817,2023-08-17,International Aviation,0.00538303
20230817,2023-08-17,Power,0.00506265
20230817,2023-08-17,Residential,0.00101495
20230818,2023-08-18,Domestic Aviation,0.000461108
20230818,2023-08-18,Ground Transport,0.0281993
20230818,2023-08-18,Industry,0.0201076
20230818,2023-08-18,International Aviation,0.00487241
20230818,2023-08-18,Power,0.00767992
20230818,2023-08-18,Residential,0.00262486
20230819,2023-08-19,Domestic Aviation,0.000262644
20230819,2023-08-19,Ground Transport,0.0221204
20230819,2023-08-19,Industry,0.0382445
20230819,2023-08-19,International Aviation,0.00554003
20230819,2023-08-19,Power,0.0146072
20230819,2023-08-19,Residential,0.00306213
20230820,2023-08-20,Domestic Aviation,0.000361579
20230820,2023-08-20,Ground Transport,0.0188336
20230820,2023-08-20,Industry,0.0448889
20230820,2023-08-20,International Aviation,0.00529583
20230820,2023-08-20,Power,0.0171449
20230820,2023-08-20,Residential,0.00267365
20230821,2023-08-21,Domestic Aviation,0.000418182
20230821,2023-08-21,Ground Transport,0.0269131
20230821,2023-08-21,Industry,0.0565426
20230821,2023-08-21,International Aviation,0.00532804
20230821,2023-08-21,Power,0.021596
20230821,2023-08-21,Residential,0.00259597
20230822,2023-08-22,Domestic Aviation,0.000358589
20230822,2023-08-22,Ground Transport,0.0285032
20230822,2023-08-22,Industry,0.0613208
20230822,2023-08-22,International Aviation,0.00541676
20230822,2023-08-22,Power,0.023421
20230822,2023-08-22,Residential,0.00205382
20230823,2023-08-23,Domestic Aviation,0.000445871
20230823,2023-08-23,Ground Transport,0.0278152
20230823,2023-08-23,Industry,0.0615
20230823,2023-08-23,International Aviation,0.00481431
20230823,2023-08-23,Power,0.0234894
20230823,2023-08-23,Residential,0.0022848
20230824,2023-08-24,Domestic Aviation,0.00044422
20230824,2023-08-24,Ground Transport,0.0283674
20230824,2023-08-24,Industry,0.0562696
20230824,2023-08-24,International Aviation,0.00550428
20230824,2023-08-24,Power,0.0214917
20230824,2023-08-24,Residential,0.00287025
20230825,2023-08-25,Domestic Aviation,0.000431406
20230825,2023-08-25,Ground Transport,0.0273238
20230825,2023-08-25,Industry,0.0643641
20230825,2023-08-25,International Aviation,0.0048676
20230825,2023-08-25,Power,0.0245833
20230825,2023-08-25,Residential,0.00282317
20230826,2023-08-26,Domestic Aviation,0.000300149
20230826,2023-08-26,Ground Transport,0.0198896
20230826,2023-08-26,Industry,0.0336609
20230826,2023-08-26,International Aviation,0.00550416
20230826,2023-08-26,Power,0.0128565
20230826,2023-08-26,Residential,0.00215775
20230827,2023-08-27,Domestic Aviation,0.000319612
20230827,2023-08-27,Ground Transport,0.01757
20230827,2023-08-27,Industry,0.0290128
20230827,2023-08-27,International Aviation,0.00535154
20230827,2023-08-27,Power,0.0110812
20230827,2023-08-27,Residential,0.00265394
20230828,2023-08-28,Domestic Aviation,0.000424092
20230828,2023-08-28,Ground Transport,0.0286422
20230828,2023-08-28,Industry,0.0541658
20230828,2023-08-28,International Aviation,0.00521929
20230828,2023-08-28,Power,0.0206882
20230828,2023-08-28,Residential,0.00312821
20230829,2023-08-29,Domestic Aviation,0.00041192
20230829,2023-08-29,Ground Transport,0.0285032
20230829,2023-08-29,Industry,0.0307981
20230829,2023-08-29,International Aviation,0.00550644
20230829,2023-08-29,Power,0.0117631
20230829,2023-08-29,Residential,0.00248566
20230830,2023-08-30,Domestic Aviation,0.000397936
20230830,2023-08-30,Ground Transport,0.0278152
20230830,2023-08-30,Industry,0.0645692
20230830,2023-08-30,International Aviation,0.00493834
20230830,2023-08-30,Power,0.0246617
20230830,2023-08-30,Residential,0.00276417
20230831,2023-08-31,Domestic Aviation,0.000415004
20230831,2023-08-31,Ground Transport,0.0283674
20230831,2023-08-31,Industry,0.0597915
20230831,2023-08-31,International Aviation,0.00555221
20230831,2023-08-31,Power,0.0228369
20230831,2023-08-31,Residential,0.00116469
20230901,2023-09-01,Domestic Aviation,0.00044093
20230901,2023-09-01,Ground Transport,0.0273238
20230901,2023-09-01,Industry,0.0312841
20230901,2023-09-01,International Aviation,0.00526875
20230901,2023-09-01,Power,0.00542344
20230901,2023-09-01,Residential,0.00177583
20230902,2023-09-02,Domestic Aviation,0.000300287
20230902,2023-09-02,Ground Transport,0.0225105
20230902,2023-09-02,Industry,0.0511012
20230902,2023-09-02,International Aviation,0.00513275
20230902,2023-09-02,Power,0.00885895
20230902,2023-09-02,Residential,0.00302827
20230903,2023-09-03,Domestic Aviation,0.000326024
20230903,2023-09-03,Ground Transport,0.0192571
20230903,2023-09-03,Industry,0.0356113
20230903,2023-09-03,International Aviation,0.00528607
20230903,2023-09-03,Power,0.00617359
20230903,2023-09-03,Residential,0.00309053
20230904,2023-09-04,Domestic Aviation,0.000405818
20230904,2023-09-04,Ground Transport,0.0266317
20230904,2023-09-04,Industry,0.0348814
20230904,2023-09-04,International Aviation,0.00538115
20230904,2023-09-04,Power,0.00604707
20230904,2023-09-04,Residential,0.00244041
20230905,2023-09-05,Domestic Aviation,0.000398271
20230905,2023-09-05,Ground Transport,0.0281643
20230905,2023-09-05,Industry,0.0350231
20230905,2023-09-05,International Aviation,0.00515237
20230905,2023-09-05,Power,0.00607162
20230905,2023-09-05,Residential,0.00331819
20230906,2023-09-06,Domestic Aviation,0.000419778
20230906,2023-09-06,Ground Transport,0.0278528
20230906,2023-09-06,Industry,0.0471009
20230906,2023-09-06,International Aviation,0.00469073
20230906,2023-09-06,Power,0.00816545
20230906,2023-09-06,Residential,0.00541926
20230907,2023-09-07,Domestic Aviation,0.000430872
20230907,2023-09-07,Ground Transport,0.0277802
20230907,2023-09-07,Industry,0.0334464
20230907,2023-09-07,International Aviation,0.00560163
20230907,2023-09-07,Power,0.00579829
20230907,2023-09-07,Residential,0.00425729
20230908,2023-09-08,Domestic Aviation,0.000451923
20230908,2023-09-08,Ground Transport,0.0269021
20230908,2023-09-08,Industry,0.0364978
20230908,2023-09-08,International Aviation,0.00498822
20230908,2023-09-08,Power,0.00632729
20230908,2023-09-08,Residential,0.00241972
20230909,2023-09-09,Domestic Aviation,0.000303199
20230909,2023-09-09,Ground Transport,0.0200765
20230909,2023-09-09,Industry,0.0307418
20230909,2023-09-09,International Aviation,0.00551033
20230909,2023-09-09,Power,0.00532942
20230909,2023-09-09,Residential,0.00177956
20230910,2023-09-10,Domestic Aviation,0.000336218
20230910,2023-09-10,Ground Transport,0.0180535
20230910,2023-09-10,Industry,0.0320549
20230910,2023-09-10,International Aviation,0.00533972
20230910,2023-09-10,Power,0.00555707
20230910,2023-09-10,Residential,0.00129191
20230911,2023-09-11,Domestic Aviation,0.000426551
20230911,2023-09-11,Ground Transport,0.0260786
20230911,2023-09-11,Industry,0.0402758
20230911,2023-09-11,International Aviation,0.00553368
20230911,2023-09-11,Power,0.00698224
20230911,2023-09-11,Residential,0.00164695
20230912,2023-09-12,Domestic Aviation,0.000426337
20230912,2023-09-12,Ground Transport,0.0274439
20230912,2023-09-12,Industry,0.0297226
20230912,2023-09-12,International Aviation,0.0052652
20230912,2023-09-12,Power,0.00515273
20230912,2023-09-12,Residential,0.000640291
20230913,2023-09-13,Domestic Aviation,0.000415078
20230913,2023-09-13,Ground Transport,0.0283568
20230913,2023-09-13,Industry,0.0546243
20230913,2023-09-13,International Aviation,0.00474596
20230913,2023-09-13,Power,0.00946971
20230913,2023-09-13,Residential,0.00303357
20230914,2023-09-14,Domestic Aviation,0.000461085
20230914,2023-09-14,Ground Transport,0.0277451
20230914,2023-09-14,Industry,0.0324094
20230914,2023-09-14,International Aviation,0.00560888
20230914,2023-09-14,Power,0.00561852
20230914,2023-09-14,Residential,0.0062998
20230915,2023-09-15,Domestic Aviation,0.000472745
20230915,2023-09-15,Ground Transport,0.0276456
20230915,2023-09-15,Industry,0.037054
20230915,2023-09-15,International Aviation,0.00517015
20230915,2023-09-15,Power,0.00642371
20230915,2023-09-15,Residential,0.00693319
20230916,2023-09-16,Domestic Aviation,0.000311251
20230916,2023-09-16,Ground Transport,0.0206737
20230916,2023-09-16,Industry,0.0317751
20230916,2023-09-16,International Aviation,0.00516144
20230916,2023-09-16,Power,0.00550855
20230916,2023-09-16,Residential,0.00371963
20230917,2023-09-17,Domestic Aviation,0.000366935
20230917,2023-09-17,Ground Transport,0.0170198
20230917,2023-09-17,Industry,0.0311648
20230917,2023-09-17,International Aviation,0.00545634
20230917,2023-09-17,Power,0.00540276
20230917,2023-09-17,Residential,0.00601194
20230918,2023-09-18,Domestic Aviation,0.000442926
20230918,2023-09-18,Ground Transport,0.0268381
20230918,2023-09-18,Industry,0.0325078
20230918,2023-09-18,International Aviation,0.0051008
20230918,2023-09-18,Power,0.00563557
20230918,2023-09-18,Residential,0.0078961
20230919,2023-09-19,Domestic Aviation,0.000318477
20230919,2023-09-19,Ground Transport,0.0279892
20230919,2023-09-19,Industry,0.0288923
20230919,2023-09-19,International Aviation,0.00481798
20230919,2023-09-19,Power,0.00500879
20230919,2023-09-19,Residential,0.00478179
20230920,2023-09-20,Domestic Aviation,0.000425474
20230920,2023-09-20,Ground Transport,0.0279336
20230920,2023-09-20,Industry,0.0284868
20230920,2023-09-20,International Aviation,0.00512146
20230920,2023-09-20,Power,0.00493849
20230920,2023-09-20,Residential,0.00480531
20230921,2023-09-21,Domestic Aviation,0.000458512
20230921,2023-09-21,Ground Transport,0.0279362
20230921,2023-09-21,Industry,0.0256731
20230921,2023-09-21,International Aviation,0.00568207
20230921,2023-09-21,Power,0.0044507
20230921,2023-09-21,Residential,0.00247273
20230922,2023-09-22,Domestic Aviation,0.00045659
20230922,2023-09-22,Ground Transport,0.0276673
20230922,2023-09-22,Industry,0.0251311
20230922,2023-09-22,International Aviation,0.00499335
20230922,2023-09-22,Power,0.00435674
20230922,2023-09-22,Residential,0.000537882
20230923,2023-09-23,Domestic Aviation,0.000269653
20230923,2023-09-23,Ground Transport,0.0211765
20230923,2023-09-23,Industry,0.0254051
20230923,2023-09-23,International Aviation,0.00539667
20230923,2023-09-23,Power,0.00440424
20230923,2023-09-23,Residential,0.00247882
20230924,2023-09-24,Domestic Aviation,0.000352426
20230924,2023-09-24,Ground Transport,0.0160537
20230924,2023-09-24,Industry,0.0245318
20230924,2023-09-24,International Aviation,0.0051862
20230924,2023-09-24,Power,0.00425286
20230924,2023-09-24,Residential,0.00459092
20230925,2023-09-25,Domestic Aviation,0.000436087
20230925,2023-09-25,Ground Transport,0.0265502
20230925,2023-09-25,Industry,0.0245467
20230925,2023-09-25,International Aviation,0.00522776
20230925,2023-09-25,Power,0.00425543
20230925,2023-09-25,Residential,0.00511745
20230926,2023-09-26,Domestic Aviation,0.000409507
20230926,2023-09-26,Ground Transport,0.027965
20230926,2023-09-26,Industry,0.0218898
20230926,2023-09-26,International Aviation,0.00513252
20230926,2023-09-26,Power,0.00379482
20230926,2023-09-26,Residential,0.00365125
20230927,2023-09-27,Domestic Aviation,0.000385345
20230927,2023-09-27,Ground Transport,0.0294313
20230927,2023-09-27,Industry,0.0244685
20230927,2023-09-27,International Aviation,0.00476931
20230927,2023-09-27,Power,0.00424188
20230927,2023-09-27,Residential,0.00354926
20230928,2023-09-28,Domestic Aviation,0.000443938
20230928,2023-09-28,Ground Transport,0.0283901
20230928,2023-09-28,Industry,0.0216091
20230928,2023-09-28,International Aviation,0.00553202
20230928,2023-09-28,Power,0.00374617
20230928,2023-09-28,Residential,0.00379249
20230929,2023-09-29,Domestic Aviation,0.000429697
20230929,2023-09-29,Ground Transport,0.0278773
20230929,2023-09-29,Industry,0.023336
20230929,2023-09-29,International Aviation,0.00493869
20230929,2023-09-29,Power,0.00404555
20230929,2023-09-29,Residential,0.00281424
20230930,2023-09-30,Domestic Aviation,0.000312711
20230930,2023-09-30,Ground Transport,0.0217932
20230930,2023-09-30,Industry,0.023812
20230930,2023-09-30,International Aviation,0.00549815
20230930,2023-09-30,Power,0.00412806
20230930,2023-09-30,Residential,0.00412036
20231001,2023-10-01,Domestic Aviation,0.000332521
20231001,2023-10-01,Ground Transport,0.0167184
20231001,2023-10-01,Industry,0.01254
20231001,2023-10-01,International Aviation,0.00513956
20231001,2023-10-01,Power,0.00405305
20231001,2023-10-01,Residential,0.00623485
20231002,2023-10-02,Domestic Aviation,0.000365774
20231002,2023-10-02,Ground Transport,0.0271831
20231002,2023-10-02,Industry,0.0164974
20231002,2023-10-02,International Aviation,0.00522267
20231002,2023-10-02,Power,0.00533213
20231002,2023-10-02,Residential,0.00708628
20231003,2023-10-03,Domestic Aviation,0.000402362
20231003,2023-10-03,Ground Transport,0.0282774
20231003,2023-10-03,Industry,0.0182829
20231003,2023-10-03,International Aviation,0.00520365
20231003,2023-10-03,Power,0.00590922
20231003,2023-10-03,Residential,0.00676957
20231004,2023-10-04,Domestic Aviation,0.00038792
20231004,2023-10-04,Ground Transport,0.0287081
20231004,2023-10-04,Industry,0.0169555
20231004,2023-10-04,International Aviation,0.00493164
20231004,2023-10-04,Power,0.00548018
20231004,2023-10-04,Residential,0.00797195
20231005,2023-10-05,Domestic Aviation,0.000461073
20231005,2023-10-05,Ground Transport,0.0275918
20231005,2023-10-05,Industry,0.0165914
20231005,2023-10-05,International Aviation,0.00559627
20231005,2023-10-05,Power,0.00536251
20231005,2023-10-05,Residential,0.010125
20231006,2023-10-06,Domestic Aviation,0.000433834
20231006,2023-10-06,Ground Transport,0.027946
20231006,2023-10-06,Industry,0.0169141
20231006,2023-10-06,International Aviation,0.0052174
20231006,2023-10-06,Power,0.0054668
20231006,2023-10-06,Residential,0.0110312
20231007,2023-10-07,Domestic Aviation,0.00026206
20231007,2023-10-07,Ground Transport,0.0221908
20231007,2023-10-07,Industry,0.0177427
20231007,2023-10-07,International Aviation,0.00524839
20231007,2023-10-07,Power,0.00573461
20231007,2023-10-07,Residential,0.0117786
20231008,2023-10-08,Domestic Aviation,0.000339032
20231008,2023-10-08,Ground Transport,0.0156932
20231008,2023-10-08,Industry,0.0176796
20231008,2023-10-08,International Aviation,0.00531517
20231008,2023-10-08,Power,0.00571422
20231008,2023-10-08,Residential,0.0126654
20231009,2023-10-09,Domestic Aviation,0.000410854
20231009,2023-10-09,Ground Transport,0.0269081
20231009,2023-10-09,Industry,0.0260716
20231009,2023-10-09,International Aviation,0.00483738
20231009,2023-10-09,Power,0.00842658
20231009,2023-10-09,Residential,0.0139032
20231010,2023-10-10,Domestic Aviation,0.000383388
20231010,2023-10-10,Ground Transport,0.0284984
20231010,2023-10-10,Industry,0.0222391
20231010,2023-10-10,International Aviation,0.00543491
20231010,2023-10-10,Power,0.00718788
20231010,2023-10-10,Residential,0.012908
20231011,2023-10-11,Domestic Aviation,0.000369157
20231011,2023-10-11,Ground Transport,0.0294065
20231011,2023-10-11,Industry,0.0154334
20231011,2023-10-11,International Aviation,0.0050096
20231011,2023-10-11,Power,0.00498822
20231011,2023-10-11,Residential,0.007483
20231012,2023-10-12,Domestic Aviation,0.000436653
20231012,2023-10-12,Ground Transport,0.0288444
20231012,2023-10-12,Industry,0.0153239
20231012,2023-10-12,International Aviation,0.00575009
20231012,2023-10-12,Power,0.00495283
20231012,2023-10-12,Residential,0.0100537
20231013,2023-10-13,Domestic Aviation,0.000449282
20231013,2023-10-13,Ground Transport,0.0278301
20231013,2023-10-13,Industry,0.0167871
20231013,2023-10-13,International Aviation,0.00556454
20231013,2023-10-13,Power,0.00542574
20231013,2023-10-13,Residential,0.0101364
20231014,2023-10-14,Domestic Aviation,0.000252835
20231014,2023-10-14,Ground Transport,0.0214878
20231014,2023-10-14,Industry,0.0156719
20231014,2023-10-14,International Aviation,0.00546375
20231014,2023-10-14,Power,0.00506531
20231014,2023-10-14,Residential,0.00856697
20231015,2023-10-15,Domestic Aviation,0.0003034
20231015,2023-10-15,Ground Transport,0.0162306
20231015,2023-10-15,Industry,0.0154313
20231015,2023-10-15,International Aviation,0.00559677
20231015,2023-10-15,Power,0.00498754
20231015,2023-10-15,Residential,0.0113302
20231016,2023-10-16,Domestic Aviation,0.000413456
20231016,2023-10-16,Ground Transport,0.0248087
20231016,2023-10-16,Industry,0.0159137
20231016,2023-10-16,International Aviation,0.00509914
20231016,2023-10-16,Power,0.00514346
20231016,2023-10-16,Residential,0.0116904
20231017,2023-10-17,Domestic Aviation,0.000377891
20231017,2023-10-17,Ground Transport,0.026268
20231017,2023-10-17,Industry,0.0285194
20231017,2023-10-17,International Aviation,0.00541987
20231017,2023-10-17,Power,0.00921774
20231017,2023-10-17,Residential,0.0130185
20231018,2023-10-18,Domestic Aviation,0.000385049
20231018,2023-10-18,Ground Transport,0.0254837
20231018,2023-10-18,Industry,0.0236433
20231018,2023-10-18,International Aviation,0.00514243
20231018,2023-10-18,Power,0.00764175
20231018,2023-10-18,Residential,0.0148498
20231019,2023-10-19,Domestic Aviation,0.000422917
20231019,2023-10-19,Ground Transport,0.0257439
20231019,2023-10-19,Industry,0.0205946
20231019,2023-10-19,International Aviation,0.00559415
20231019,2023-10-19,Power,0.00665636
20231019,2023-10-19,Residential,0.015216
20231020,2023-10-20,Domestic Aviation,0.000470966
20231020,2023-10-20,Ground Transport,0.0263432
20231020,2023-10-20,Industry,0.0248093
20231020,2023-10-20,International Aviation,0.0053893
20231020,2023-10-20,Power,0.00801859
20231020,2023-10-20,Residential,0.0161522
20231021,2023-10-21,Domestic Aviation,0.000309569
20231021,2023-10-21,Ground Transport,0.0203429
20231021,2023-10-21,Industry,0.0276444
20231021,2023-10-21,International Aviation,0.00577234
20231021,2023-10-21,Power,0.00893492
20231021,2023-10-21,Residential,0.0165844
20231022,2023-10-22,Domestic Aviation,0.000350973
20231022,2023-10-22,Ground Transport,0.016905
20231022,2023-10-22,Industry,0.029851
20231022,2023-10-22,International Aviation,0.00568052
20231022,2023-10-22,Power,0.00964813
20231022,2023-10-22,Residential,0.0156774
20231023,2023-10-23,Domestic Aviation,0.000377113
20231023,2023-10-23,Ground Transport,0.0273044
20231023,2023-10-23,Industry,0.0436746
20231023,2023-10-23,International Aviation,0.00552466
20231023,2023-10-23,Power,0.014116
20231023,2023-10-23,Residential,0.0150384
20231024,2023-10-24,Domestic Aviation,0.000413065
20231024,2023-10-24,Ground Transport,0.0289084
20231024,2023-10-24,Industry,0.0573916
20231024,2023-10-24,International Aviation,0.00537759
20231024,2023-10-24,Power,0.0185495
20231024,2023-10-24,Residential,0.0167779
20231025,2023-10-25,Domestic Aviation,0.000403996
20231025,2023-10-25,Ground Transport,0.0289697
20231025,2023-10-25,Industry,0.060202
20231025,2023-10-25,International Aviation,0.0050182
20231025,2023-10-25,Power,0.0194578
20231025,2023-10-25,Residential,0.0172247
20231026,2023-10-26,Domestic Aviation,0.000441115
20231026,2023-10-26,Ground Transport,0.0283453
20231026,2023-10-26,Industry,0.0579026
20231026,2023-10-26,International Aviation,0.00514004
20231026,2023-10-26,Power,0.0187147
20231026,2023-10-26,Residential,0.0165481
20231027,2023-10-27,Domestic Aviation,0.0004484
20231027,2023-10-27,Ground Transport,0.0285231
20231027,2023-10-27,Industry,0.0637092
20231027,2023-10-27,International Aviation,0.00563907
20231027,2023-10-27,Power,0.0205914
20231027,2023-10-27,Residential,0.0164797
20231028,2023-10-28,Domestic Aviation,0.00028083
20231028,2023-10-28,Ground Transport,0.0208183
20231028,2023-10-28,Industry,0.0580383
20231028,2023-10-28,International Aviation,0.00501227
20231028,2023-10-28,Power,0.0187585
20231028,2023-10-28,Residential,0.0169662
20231029,2023-10-29,Domestic Aviation,0.000386732
20231029,2023-10-29,Ground Transport,0.016905
20231029,2023-10-29,Industry,0.0562252
20231029,2023-10-29,International Aviation,0.00461378
20231029,2023-10-29,Power,0.0181725
20231029,2023-10-29,Residential,0.018183
20231030,2023-10-30,Domestic Aviation,0.000477499
20231030,2023-10-30,Ground Transport,0.0277952
20231030,2023-10-30,Industry,0.0643021
20231030,2023-10-30,International Aviation,0.0048441
20231030,2023-10-30,Power,0.020783
20231030,2023-10-30,Residential,0.017886
20231031,2023-10-31,Domestic Aviation,0.00046613
20231031,2023-10-31,Ground Transport,0.0322944
20231031,2023-10-31,Industry,0.0551501
20231031,2023-10-31,International Aviation,0.00524861
20231031,2023-10-31,Power,0.017825
20231031,2023-10-31,Residential,0.0166832
20231101,2023-11-01,Domestic Aviation,0.000438121
20231101,2023-11-01,Ground Transport,0.0314436
20231101,2023-11-01,Industry,0.0222895
20231101,2023-11-01,International Aviation,0.00470624
20231101,2023-11-01,Power,0.0173735
20231101,2023-11-01,Residential,0.0158785
20231102,2023-11-02,Domestic Aviation,0.00047824
20231102,2023-11-02,Ground Transport,0.0310883
20231102,2023-11-02,Industry,0.024366
20231102,2023-11-02,International Aviation,0.00479385
20231102,2023-11-02,Power,0.018992
20231102,2023-11-02,Residential,0.0162643
20231103,2023-11-03,Domestic Aviation,0.000503356
20231103,2023-11-03,Ground Transport,0.0303786
20231103,2023-11-03,Industry,0.0207659
20231103,2023-11-03,International Aviation,0.00460473
20231103,2023-11-03,Power,0.0161859
20231103,2023-11-03,Residential,0.0151991
20231104,2023-11-04,Domestic Aviation,0.000308598
20231104,2023-11-04,Ground Transport,0.0237584
20231104,2023-11-04,Industry,0.0152749
20231104,2023-11-04,International Aviation,0.00571405
20231104,2023-11-04,Power,0.011906
20231104,2023-11-04,Residential,0.01195
20231105,2023-11-05,Domestic Aviation,0.000402981
20231105,2023-11-05,Ground Transport,0.0178067
20231105,2023-11-05,Industry,0.0132847
20231105,2023-11-05,International Aviation,0.00457224
20231105,2023-11-05,Power,0.0103547
20231105,2023-11-05,Residential,0.010841
20231106,2023-11-06,Domestic Aviation,0.000472384
20231106,2023-11-06,Ground Transport,0.027952
20231106,2023-11-06,Industry,0.016126
20231106,2023-11-06,International Aviation,0.00481854
20231106,2023-11-06,Power,0.0125693
20231106,2023-11-06,Residential,0.01123
20231107,2023-11-07,Domestic Aviation,0.000448288
20231107,2023-11-07,Ground Transport,0.0288929
20231107,2023-11-07,Industry,0.0209835
20231107,2023-11-07,International Aviation,0.00514863
20231107,2023-11-07,Power,0.0163555
20231107,2023-11-07,Residential,0.0117193
20231108,2023-11-08,Domestic Aviation,0.00047006
20231108,2023-11-08,Ground Transport,0.028599
20231108,2023-11-08,Industry,0.0226963
20231108,2023-11-08,International Aviation,0.0046732
20231108,2023-11-08,Power,0.0176906
20231108,2023-11-08,Residential,0.0134332
20231109,2023-11-09,Domestic Aviation,0.000505164
20231109,2023-11-09,Ground Transport,0.0289181
20231109,2023-11-09,Industry,0.0218128
20231109,2023-11-09,International Aviation,0.00535579
20231109,2023-11-09,Power,0.0170019
20231109,2023-11-09,Residential,0.0143731
20231110,2023-11-10,Domestic Aviation,0.000529357
20231110,2023-11-10,Ground Transport,0.0296478
20231110,2023-11-10,Industry,0.0184652
20231110,2023-11-10,International Aviation,0.00505242
20231110,2023-11-10,Power,0.0143926
20231110,2023-11-10,Residential,0.0126969
20231111,2023-11-11,Domestic Aviation,0.000339174
20231111,2023-11-11,Ground Transport,0.0238802
20231111,2023-11-11,Industry,0.0162836
20231111,2023-11-11,International Aviation,0.00569438
20231111,2023-11-11,Power,0.0126922
20231111,2023-11-11,Residential,0.0135262
20231112,2023-11-12,Domestic Aviation,0.000441605
20231112,2023-11-12,Ground Transport,0.0199708
20231112,2023-11-12,Industry,0.0182773
20231112,2023-11-12,International Aviation,0.00505416
20231112,2023-11-12,Power,0.0142462
20231112,2023-11-12,Residential,0.0151356
20231113,2023-11-13,Domestic Aviation,0.000468246
20231113,2023-11-13,Ground Transport,0.0284042
20231113,2023-11-13,Industry,0.0250439
20231113,2023-11-13,International Aviation,0.00460951
20231113,2023-11-13,Power,0.0195204
20231113,2023-11-13,Residential,0.0161871
20231114,2023-11-14,Domestic Aviation,0.000491991
20231114,2023-11-14,Ground Transport,0.0292814
20231114,2023-11-14,Industry,0.0295927
20231114,2023-11-14,International Aviation,0.0049838
20231114,2023-11-14,Power,0.0230659
20231114,2023-11-14,Residential,0.0176997
20231115,2023-11-15,Domestic Aviation,0.00050118
20231115,2023-11-15,Ground Transport,0.0291203
20231115,2023-11-15,Industry,0.0374733
20231115,2023-11-15,International Aviation,0.00476848
20231115,2023-11-15,Power,0.0292084
20231115,2023-11-15,Residential,0.0180884
20231116,2023-11-16,Domestic Aviation,0.000533988
20231116,2023-11-16,Ground Transport,0.0289181
20231116,2023-11-16,Industry,0.0442087
20231116,2023-11-16,International Aviation,0.00513119
20231116,2023-11-16,Power,0.0344583
20231116,2023-11-16,Residential,0.0198854
20231117,2023-11-17,Domestic Aviation,0.000525122
20231117,2023-11-17,Ground Transport,0.0296478
20231117,2023-11-17,Industry,0.0416809
20231117,2023-11-17,International Aviation,0.00464915
20231117,2023-11-17,Power,0.032488
20231117,2023-11-17,Residential,0.0197955
20231118,2023-11-18,Domestic Aviation,0.000390114
20231118,2023-11-18,Ground Transport,0.0238802
20231118,2023-11-18,Industry,0.0324509
20231118,2023-11-18,International Aviation,0.00555093
20231118,2023-11-18,Power,0.0252938
20231118,2023-11-18,Residential,0.0178032
20231119,2023-11-19,Domestic Aviation,0.000425422
20231119,2023-11-19,Ground Transport,0.0199708
20231119,2023-11-19,Industry,0.0292857
20231119,2023-11-19,International Aviation,0.00518831
20231119,2023-11-19,Power,0.0228266
20231119,2023-11-19,Residential,0.0176133
20231120,2023-11-20,Domestic Aviation,0.000539839
20231120,2023-11-20,Ground Transport,0.0286425
20231120,2023-11-20,Industry,0.0466782
20231120,2023-11-20,International Aviation,0.00521914
20231120,2023-11-20,Power,0.0363831
20231120,2023-11-20,Residential,0.0179189
20231121,2023-11-21,Domestic Aviation,0.000517282
20231121,2023-11-21,Ground Transport,0.0294175
20231121,2023-11-21,Industry,0.0533383
20231121,2023-11-21,International Aviation,0.00539993
20231121,2023-11-21,Power,0.0415743
20231121,2023-11-21,Residential,0.0201439
20231122,2023-11-22,Domestic Aviation,0.000457195
20231122,2023-11-22,Ground Transport,0.0293014
20231122,2023-11-22,Industry,0.0259195
20231122,2023-11-22,International Aviation,0.00496722
20231122,2023-11-22,Power,0.0202029
20231122,2023-11-22,Residential,0.0188484
20231123,2023-11-23,Domestic Aviation,0.000549296
20231123,2023-11-23,Ground Transport,0.0289181
20231123,2023-11-23,Industry,0.0256145
20231123,2023-11-23,International Aviation,0.00475065
20231123,2023-11-23,Power,0.0199651
20231123,2023-11-23,Residential,0.0155163
20231124,2023-11-24,Domestic Aviation,0.00057997
20231124,2023-11-24,Ground Transport,0.030023
20231124,2023-11-24,Industry,0.0242894
20231124,2023-11-24,International Aviation,0.00505096
20231124,2023-11-24,Power,0.0189323
20231124,2023-11-24,Residential,0.0196254
20231125,2023-11-25,Domestic Aviation,0.000389888
20231125,2023-11-25,Ground Transport,0.026788
20231125,2023-11-25,Industry,0.0372853
20231125,2023-11-25,International Aviation,0.00602785
20231125,2023-11-25,Power,0.0290619
20231125,2023-11-25,Residential,0.0233809
20231126,2023-11-26,Domestic Aviation,0.000466729
20231126,2023-11-26,Ground Transport,0.0199708
20231126,2023-11-26,Industry,0.0520662
20231126,2023-11-26,International Aviation,0.00528415
20231126,2023-11-26,Power,0.0405828
20231126,2023-11-26,Residential,0.0263537
20231127,2023-11-27,Domestic Aviation,0.000558221
20231127,2023-11-27,Ground Transport,0.0286425
20231127,2023-11-27,Industry,0.0485286
20231127,2023-11-27,International Aviation,0.005153
20231127,2023-11-27,Power,0.0378255
20231127,2023-11-27,Residential,0.0270343
20231128,2023-11-28,Domestic Aviation,0.000525842
20231128,2023-11-28,Ground Transport,0.0318211
20231128,2023-11-28,Industry,0.0354828
20231128,2023-11-28,International Aviation,0.00562827
20231128,2023-11-28,Power,0.0276569
20231128,2023-11-28,Residential,0.0192741
20231129,2023-11-29,Domestic Aviation,0.000519018
20231129,2023-11-29,Ground Transport,0.0291203
20231129,2023-11-29,Industry,0.0537059
20231129,2023-11-29,International Aviation,0.00531722
20231129,2023-11-29,Power,0.0418609
20231129,2023-11-29,Residential,0.0179189
20231130,2023-11-30,Domestic Aviation,0.000584853
20231130,2023-11-30,Ground Transport,0.0289181
20231130,2023-11-30,Industry,0.065306
20231130,2023-11-30,International Aviation,0.00545222
20231130,2023-11-30,Power,0.0509025
20231130,2023-11-30,Residential,0.0197215
20231201,2023-12-01,Domestic Aviation,0.000677078
20231201,2023-12-01,Ground Transport,0.0318598
20231201,2023-12-01,Industry,0.0511923
20231201,2023-12-01,International Aviation,0.00539684
20231201,2023-12-01,Power,0.0497787
20231201,2023-12-01,Residential,0.0211024
20231202,2023-12-02,Domestic Aviation,0.000523644
20231202,2023-12-02,Ground Transport,0.0273053
20231202,2023-12-02,Industry,0.0442861
20231202,2023-12-02,International Aviation,0.00666837
20231202,2023-12-02,Power,0.0430632
20231202,2023-12-02,Residential,0.0232223
20231203,2023-12-03,Domestic Aviation,0.000530979
20231203,2023-12-03,Ground Transport,0.0226776
20231203,2023-12-03,Industry,0.0428937
20231203,2023-12-03,International Aviation,0.00568592
20231203,2023-12-03,Power,0.0417093
20231203,2023-12-03,Residential,0.0243924
20231204,2023-12-04,Domestic Aviation,0.000596647
20231204,2023-12-04,Ground Transport,0.0305848
20231204,2023-12-04,Industry,0.0515991
20231204,2023-12-04,International Aviation,0.00560698
20231204,2023-12-04,Power,0.0501743
20231204,2023-12-04,Residential,0.0258904
20231205,2023-12-05,Domestic Aviation,0.000532561
20231205,2023-12-05,Ground Transport,0.0314912
20231205,2023-12-05,Industry,0.0513676
20231205,2023-12-05,International Aviation,0.00544139
20231205,2023-12-05,Power,0.0499492
20231205,2023-12-05,Residential,0.0249193
20231206,2023-12-06,Domestic Aviation,0.000460642
20231206,2023-12-06,Ground Transport,0.0249753
20231206,2023-12-06,Industry,0.0441817
20231206,2023-12-06,International Aviation,0.00636876
20231206,2023-12-06,Power,0.0429617
20231206,2023-12-06,Residential,0.0231733
20231207,2023-12-07,Domestic Aviation,0.000624328
20231207,2023-12-07,Ground Transport,0.0312218
20231207,2023-12-07,Industry,0.0390892
20231207,2023-12-07,International Aviation,0.0061212
20231207,2023-12-07,Power,0.0380098
20231207,2023-12-07,Residential,0.0217094
20231208,2023-12-08,Domestic Aviation,0.000640339
20231208,2023-12-08,Ground Transport,0.030871
20231208,2023-12-08,Industry,0.0315915
20231208,2023-12-08,International Aviation,0.00515421
20231208,2023-12-08,Power,0.0307192
20231208,2023-12-08,Residential,0.0222138
20231209,2023-12-09,Domestic Aviation,0.000581658
20231209,2023-12-09,Ground Transport,0.0271273
20231209,2023-12-09,Industry,0.0362265
20231209,2023-12-09,International Aviation,0.00612356
20231209,2023-12-09,Power,0.0352262
20231209,2023-12-09,Residential,0.0239473
20231210,2023-12-10,Domestic Aviation,0.000575192
20231210,2023-12-10,Ground Transport,0.0239638
20231210,2023-12-10,Industry,0.0355644
20231210,2023-12-10,International Aviation,0.00700658
20231210,2023-12-10,Power,0.0345824
20231210,2023-12-10,Residential,0.0228629
20231211,2023-12-11,Domestic Aviation,0.000568727
20231211,2023-12-11,Ground Transport,0.0309003
20231211,2023-12-11,Industry,0.0433564
20231211,2023-12-11,International Aviation,0.00580199
20231211,2023-12-11,Power,0.0421592
20231211,2023-12-11,Residential,0.0221954
20231212,2023-12-12,Domestic Aviation,0.000559642
20231212,2023-12-12,Ground Transport,0.0317893
20231212,2023-12-12,Industry,0.0424821
20231212,2023-12-12,International Aviation,0.00593672
20231212,2023-12-12,Power,0.0413091
20231212,2023-12-12,Residential,0.0234927
20231213,2023-12-13,Domestic Aviation,0.000607129
20231213,2023-12-13,Ground Transport,0.0328754
20231213,2023-12-13,Industry,0.0399361
20231213,2023-12-13,International Aviation,0.00588295
20231213,2023-12-13,Power,0.0388333
20231213,2023-12-13,Residential,0.0223828
20231214,2023-12-14,Domestic Aviation,0.000652795
20231214,2023-12-14,Ground Transport,0.0329608
20231214,2023-12-14,Industry,0.0316532
20231214,2023-12-14,International Aviation,0.00618791
20231214,2023-12-14,Power,0.0307792
20231214,2023-12-14,Residential,0.0207785
20231215,2023-12-15,Domestic Aviation,0.000629731
20231215,2023-12-15,Ground Transport,0.0322228
20231215,2023-12-15,Industry,0.0348594
20231215,2023-12-15,International Aviation,0.00535918
20231215,2023-12-15,Power,0.0338968
20231215,2023-12-15,Residential,0.0199567
20231216,2023-12-16,Domestic Aviation,0.000572167
20231216,2023-12-16,Ground Transport,0.0272945
20231216,2023-12-16,Industry,0.0183139
20231216,2023-12-16,International Aviation,0.00651343
20231216,2023-12-16,Power,0.0178082
20231216,2023-12-16,Residential,0.0169512
20231217,2023-12-17,Domestic Aviation,0.000567806
20231217,2023-12-17,Ground Transport,0.0233196
20231217,2023-12-17,Industry,0.0162319
20231217,2023-12-17,International Aviation,0.00660933
20231217,2023-12-17,Power,0.0157837
20231217,2023-12-17,Residential,0.0147139
20231218,2023-12-18,Domestic Aviation,0.000567057
20231218,2023-12-18,Ground Transport,0.0299801
20231218,2023-12-18,Industry,0.0163446
20231218,2023-12-18,International Aviation,0.00569275
20231218,2023-12-18,Power,0.0158932
20231218,2023-12-18,Residential,0.0153899
20231219,2023-12-19,Domestic Aviation,0.000539542
20231219,2023-12-19,Ground Transport,0.0311718
20231219,2023-12-19,Industry,0.0158266
20231219,2023-12-19,International Aviation,0.00613751
20231219,2023-12-19,Power,0.0153896
20231219,2023-12-19,Residential,0.0141009
20231220,2023-12-20,Domestic Aviation,0.000600196
20231220,2023-12-20,Ground Transport,0.0311167
20231220,2023-12-20,Industry,0.0222149
20231220,2023-12-20,International Aviation,0.00624588
20231220,2023-12-20,Power,0.0216015
20231220,2023-12-20,Residential,0.0178156
20231221,2023-12-21,Domestic Aviation,0.000622561
20231221,2023-12-21,Ground Transport,0.0311323
20231221,2023-12-21,Industry,0.0198988
20231221,2023-12-21,International Aviation,0.00573863
20231221,2023-12-21,Power,0.0193494
20231221,2023-12-21,Residential,0.0197576
20231222,2023-12-22,Domestic Aviation,0.000614931
20231222,2023-12-22,Ground Transport,0.0321531
20231222,2023-12-22,Industry,0.0172373
20231222,2023-12-22,International Aviation,0.0055471
20231222,2023-12-22,Power,0.0167613
20231222,2023-12-22,Residential,0.0169683
20231223,2023-12-23,Domestic Aviation,0.000705144
20231223,2023-12-23,Ground Transport,0.0263468
20231223,2023-12-23,Industry,0.0174629
20231223,2023-12-23,International Aviation,0.00738954
20231223,2023-12-23,Power,0.0169807
20231223,2023-12-23,Residential,0.0162588
20231224,2023-12-24,Domestic Aviation,0.00037135
20231224,2023-12-24,Ground Transport,0.0202924
20231224,2023-12-24,Industry,0.0178057
20231224,2023-12-24,International Aviation,0.00540641
20231224,2023-12-24,Power,0.017314
20231224,2023-12-24,Residential,0.017339
20231225,2023-12-25,Domestic Aviation,0.000291201
20231225,2023-12-25,Ground Transport,0.0155503
20231225,2023-12-25,Industry,0.01566
20231225,2023-12-25,International Aviation,0.00360594
20231225,2023-12-25,Power,0.0152276
20231225,2023-12-25,Residential,0.0185575
20231226,2023-12-26,Domestic Aviation,0.000575402
20231226,2023-12-26,Ground Transport,0.0191115
20231226,2023-12-26,Industry,0.0186565
20231226,2023-12-26,International Aviation,0.00591846
20231226,2023-12-26,Power,0.0181413
20231226,2023-12-26,Residential,0.0199723
20231227,2023-12-27,Domestic Aviation,0.000632833
20231227,2023-12-27,Ground Transport,0.028044
20231227,2023-12-27,Industry,0.0227955
20231227,2023-12-27,International Aviation,0.0056321
20231227,2023-12-27,Power,0.0221661
20231227,2023-12-27,Residential,0.0202714
20231228,2023-12-28,Domestic Aviation,0.000666316
20231228,2023-12-28,Ground Transport,0.0278295
20231228,2023-12-28,Industry,0.0205289
20231228,2023-12-28,International Aviation,0.00568087
20231228,2023-12-28,Power,0.0199621
20231228,2023-12-28,Residential,0.019434
20231229,2023-12-29,Domestic Aviation,0.000707312
20231229,2023-12-29,Ground Transport,0.0286723
20231229,2023-12-29,Industry,0.0172397
20231229,2023-12-29,International Aviation,0.00504993
20231229,2023-12-29,Power,0.0167636
20231229,2023-12-29,Residential,0.0189548
20231230,2023-12-30,Domestic Aviation,0.000647352
20231230,2023-12-30,Ground Transport,0.0270673
20231230,2023-12-30,Industry,0.0204917
20231230,2023-12-30,International Aviation,0.00664944
20231230,2023-12-30,Power,0.0199259
20231230,2023-12-30,Residential,0.0222762
20231231,2023-12-31,Domestic Aviation,0.000492776
20231231,2023-12-31,Ground Transport,0.0254444
20231231,2023-12-31,Industry,0.0260218
20231231,2023-12-31,International Aviation,0.00556195
20231231,2023-12-31,Power,0.0253032
20231231,2023-12-31,Residential,0.0278319
20240101,2024-01-01,Domestic Aviation,0.000547417
20240101,2024-01-01,Ground Transport,0.0167083
20240101,2024-01-01,Industry,0.021289
20240101,2024-01-01,International Aviation,0.00530912
20240101,2024-01-01,Power,0.0273273
20240101,2024-01-01,Residential,0.0323431
20240102,2024-01-02,Domestic Aviation,0.000621148
20240102,2024-01-02,Ground Transport,0.0259583
20240102,2024-01-02,Industry,0.0364567
20240102,2024-01-02,International Aviation,0.00611986
20240102,2024-01-02,Power,0.0467971
20240102,2024-01-02,Residential,0.0353178
20240103,2024-01-03,Domestic Aviation,0.000644615
20240103,2024-01-03,Ground Transport,0.0265233
20240103,2024-01-03,Industry,0.0412615
20240103,2024-01-03,International Aviation,0.00534242
20240103,2024-01-03,Power,0.0529646
20240103,2024-01-03,Residential,0.0349707
20240104,2024-01-04,Domestic Aviation,0.000617953
20240104,2024-01-04,Ground Transport,0.0266992
20240104,2024-01-04,Industry,0.0440849
20240104,2024-01-04,International Aviation,0.00540734
20240104,2024-01-04,Power,0.0565889
20240104,2024-01-04,Residential,0.0363814
20240105,2024-01-05,Domestic Aviation,0.000656061
20240105,2024-01-05,Ground Transport,0.026937
20240105,2024-01-05,Industry,0.0482135
20240105,2024-01-05,International Aviation,0.00519932
20240105,2024-01-05,Power,0.0618885
20240105,2024-01-05,Residential,0.0351049
20240106,2024-01-06,Domestic Aviation,0.000544278
20240106,2024-01-06,Ground Transport,0.0215804
20240106,2024-01-06,Industry,0.04845
20240106,2024-01-06,International Aviation,0.00637936
20240106,2024-01-06,Power,0.062192
20240106,2024-01-06,Residential,0.0344261
20240107,2024-01-07,Domestic Aviation,0.000550891
20240107,2024-01-07,Ground Transport,0.0190382
20240107,2024-01-07,Industry,0.0408378
20240107,2024-01-07,International Aviation,0.00613042
20240107,2024-01-07,Power,0.0524207
20240107,2024-01-07,Residential,0.0314709
20240108,2024-01-08,Domestic Aviation,0.000583812
20240108,2024-01-08,Ground Transport,0.0283984
20240108,2024-01-08,Industry,0.0331391
20240108,2024-01-08,International Aviation,0.00549329
20240108,2024-01-08,Power,0.0425385
20240108,2024-01-08,Residential,0.0200382
20240109,2024-01-09,Domestic Aviation,0.000544678
20240109,2024-01-09,Ground Transport,0.0283495
20240109,2024-01-09,Industry,0.0197836
20240109,2024-01-09,International Aviation,0.00551488
20240109,2024-01-09,Power,0.0253949
20240109,2024-01-09,Residential,0.0150803
20240110,2024-01-10,Domestic Aviation,0.000569777
20240110,2024-01-10,Ground Transport,0.0280354
20240110,2024-01-10,Industry,0.0182883
20240110,2024-01-10,International Aviation,0.00498089
20240110,2024-01-10,Power,0.0234754
20240110,2024-01-10,Residential,0.0146209
20240111,2024-01-11,Domestic Aviation,0.000575314
20240111,2024-01-11,Ground Transport,0.0278984
20240111,2024-01-11,Industry,0.0243394
20240111,2024-01-11,International Aviation,0.00516622
20240111,2024-01-11,Power,0.0312429
20240111,2024-01-11,Residential,0.0217006
20240112,2024-01-12,Domestic Aviation,0.000595016
20240112,2024-01-12,Ground Transport,0.0298634
20240112,2024-01-12,Industry,0.0281022
20240112,2024-01-12,International Aviation,0.00463611
20240112,2024-01-12,Power,0.036073
20240112,2024-01-12,Residential,0.0256734
20240113,2024-01-13,Domestic Aviation,0.000497754
20240113,2024-01-13,Ground Transport,0.025661
20240113,2024-01-13,Industry,0.0240357
20240113,2024-01-13,International Aviation,0.00622664
20240113,2024-01-13,Power,0.0308531
20240113,2024-01-13,Residential,0.0236795
20240114,2024-01-14,Domestic Aviation,0.000521988
20240114,2024-01-14,Ground Transport,0.0223719
20240114,2024-01-14,Industry,0.0255869
20240114,2024-01-14,International Aviation,0.00531608
20240114,2024-01-14,Power,0.0328442
20240114,2024-01-14,Residential,0.0228862
20240115,2024-01-15,Domestic Aviation,0.000550753
20240115,2024-01-15,Ground Transport,0.0291318
20240115,2024-01-15,Industry,0.0352793
20240115,2024-01-15,International Aviation,0.00485849
20240115,2024-01-15,Power,0.0452857
20240115,2024-01-15,Residential,0.0280788
20240116,2024-01-16,Domestic Aviation,0.000507413
20240116,2024-01-16,Ground Transport,0.0291121
20240116,2024-01-16,Industry,0.0412171
20240116,2024-01-16,International Aviation,0.00550298
20240116,2024-01-16,Power,0.0529077
20240116,2024-01-16,Residential,0.0313362
20240117,2024-01-17,Domestic Aviation,0.000529306
20240117,2024-01-17,Ground Transport,0.02933
20240117,2024-01-17,Industry,0.0377062
20240117,2024-01-17,International Aviation,0.00481783
20240117,2024-01-17,Power,0.0484009
20240117,2024-01-17,Residential,0.028001
20240118,2024-01-18,Domestic Aviation,0.000576966
20240118,2024-01-18,Ground Transport,0.0304447
20240118,2024-01-18,Industry,0.0316159
20240118,2024-01-18,International Aviation,0.00492598
20240118,2024-01-18,Power,0.0405833
20240118,2024-01-18,Residential,0.0231316
20240119,2024-01-19,Domestic Aviation,0.000627695
20240119,2024-01-19,Ground Transport,0.0299339
20240119,2024-01-19,Industry,0.0320923
20240119,2024-01-19,International Aviation,0.0046105
20240119,2024-01-19,Power,0.0411948
20240119,2024-01-19,Residential,0.026549
20240120,2024-01-20,Domestic Aviation,0.00054764
20240120,2024-01-20,Ground Transport,0.0272044
20240120,2024-01-20,Industry,0.0326734
20240120,2024-01-20,International Aviation,0.00591448
20240120,2024-01-20,Power,0.0419407
20240120,2024-01-20,Residential,0.0292231
20240121,2024-01-21,Domestic Aviation,0.00053961
20240121,2024-01-21,Ground Transport,0.0238636
20240121,2024-01-21,Industry,0.0214064
20240121,2024-01-21,International Aviation,0.00537854
20240121,2024-01-21,Power,0.027478
20240121,2024-01-21,Residential,0.0197723
20240122,2024-01-22,Domestic Aviation,0.000524856
20240122,2024-01-22,Ground Transport,0.0301903
20240122,2024-01-22,Industry,0.0165514
20240122,2024-01-22,International Aviation,0.00463914
20240122,2024-01-22,Power,0.0212459
20240122,2024-01-22,Residential,0.015017
20240123,2024-01-23,Domestic Aviation,0.000541669
20240123,2024-01-23,Ground Transport,0.0293288
20240123,2024-01-23,Industry,0.0174181
20240123,2024-01-23,International Aviation,0.00566804
20240123,2024-01-23,Power,0.0223584
20240123,2024-01-23,Residential,0.013734
20240124,2024-01-24,Domestic Aviation,0.000566032
20240124,2024-01-24,Ground Transport,0.0288863
20240124,2024-01-24,Industry,0.0211636
20240124,2024-01-24,International Aviation,0.00481777
20240124,2024-01-24,Power,0.0271663
20240124,2024-01-24,Residential,0.0166861
20240125,2024-01-25,Domestic Aviation,0.000623948
20240125,2024-01-25,Ground Transport,0.0289059
20240125,2024-01-25,Industry,0.0259694
20240125,2024-01-25,International Aviation,0.0051286
20240125,2024-01-25,Power,0.0333352
20240125,2024-01-25,Residential,0.0197032
20240126,2024-01-26,Domestic Aviation,0.000659903
20240126,2024-01-26,Ground Transport,0.0288604
20240126,2024-01-26,Industry,0.0254883
20240126,2024-01-26,International Aviation,0.00448298
20240126,2024-01-26,Power,0.0327176
20240126,2024-01-26,Residential,0.0238958
20240127,2024-01-27,Domestic Aviation,0.000523193
20240127,2024-01-27,Ground Transport,0.0252114
20240127,2024-01-27,Industry,0.0143449
20240127,2024-01-27,International Aviation,0.00608061
20240127,2024-01-27,Power,0.0184136
20240127,2024-01-27,Residential,0.01834
20240128,2024-01-28,Domestic Aviation,0.000567151
20240128,2024-01-28,Ground Transport,0.0203162
20240128,2024-01-28,Industry,0.0131302
20240128,2024-01-28,International Aviation,0.00558454
20240128,2024-01-28,Power,0.0168544
20240128,2024-01-28,Residential,0.0146626
20240129,2024-01-29,Domestic Aviation,0.00059758
20240129,2024-01-29,Ground Transport,0.0277121
20240129,2024-01-29,Industry,0.0134308
20240129,2024-01-29,International Aviation,0.00497968
20240129,2024-01-29,Power,0.0172402
20240129,2024-01-29,Residential,0.0134979
20240130,2024-01-30,Domestic Aviation,0.00053651
20240130,2024-01-30,Ground Transport,0.0283532
20240130,2024-01-30,Industry,0.013142
20240130,2024-01-30,International Aviation,0.0051358
20240130,2024-01-30,Power,0.0168696
20240130,2024-01-30,Residential,0.0158727
20240131,2024-01-31,Domestic Aviation,0.000517265
20240131,2024-01-31,Ground Transport,0.0287316
20240131,2024-01-31,Industry,0.0124144
20240131,2024-01-31,International Aviation,0.00517234
20240131,2024-01-31,Power,0.0159355
20240131,2024-01-31,Residential,0.0146667
20240201,2024-02-01,Domestic Aviation,3.51737e-05
20240201,2024-02-01,Ground Transport,0.0287228
20240201,2024-02-01,Industry,0.0216472
20240201,2024-02-01,International Aviation,0.00254351
20240201,2024-02-01,Power,0.0188703
20240201,2024-02-01,Residential,0.0146028
20240202,2024-02-02,Domestic Aviation,5.75119e-05
20240202,2024-02-02,Ground Transport,0.0291597
20240202,2024-02-02,Industry,0.022117
20240202,2024-02-02,International Aviation,0.00160622
20240202,2024-02-02,Power,0.0192799
20240202,2024-02-02,Residential,0.0171735
20240203,2024-02-03,Domestic Aviation,0.000531541
20240203,2024-02-03,Ground Transport,0.0250303
20240203,2024-02-03,Industry,0.0200343
20240203,2024-02-03,International Aviation,0.0053969
20240203,2024-02-03,Power,0.0174643
20240203,2024-02-03,Residential,0.0151481
20240204,2024-02-04,Domestic Aviation,0.000593066
20240204,2024-02-04,Ground Transport,0.0197227
20240204,2024-02-04,Industry,0.016566
20240204,2024-02-04,International Aviation,0.00544065
20240204,2024-02-04,Power,0.0144409
20240204,2024-02-04,Residential,0.0163924
20240205,2024-02-05,Domestic Aviation,0.000657863
20240205,2024-02-05,Ground Transport,0.0276336
20240205,2024-02-05,Industry,0.0262469
20240205,2024-02-05,International Aviation,0.00534073
20240205,2024-02-05,Power,0.02288
20240205,2024-02-05,Residential,0.0193378
20240206,2024-02-06,Domestic Aviation,0.000584556
20240206,2024-02-06,Ground Transport,0.0278631
20240206,2024-02-06,Industry,0.0461814
20240206,2024-02-06,International Aviation,0.00486508
20240206,2024-02-06,Power,0.0402573
20240206,2024-02-06,Residential,0.024545
20240207,2024-02-07,Domestic Aviation,0.000627085
20240207,2024-02-07,Ground Transport,0.0282761
20240207,2024-02-07,Industry,0.0516621
20240207,2024-02-07,International Aviation,0.00474721
20240207,2024-02-07,Power,0.0450349
20240207,2024-02-07,Residential,0.0283828
20240208,2024-02-08,Domestic Aviation,0.000619454
20240208,2024-02-08,Ground Transport,0.0275394
20240208,2024-02-08,Industry,0.050503
20240208,2024-02-08,International Aviation,0.00521717
20240208,2024-02-08,Power,0.0440245
20240208,2024-02-08,Residential,0.031928
20240209,2024-02-09,Domestic Aviation,0.00066011
20240209,2024-02-09,Ground Transport,0.0274788
20240209,2024-02-09,Industry,0.0567172
20240209,2024-02-09,International Aviation,0.00469294
20240209,2024-02-09,Power,0.0494416
20240209,2024-02-09,Residential,0.0318474
20240210,2024-02-10,Domestic Aviation,0.000603157
20240210,2024-02-10,Ground Transport,0.0228129
20240210,2024-02-10,Industry,0.0512472
20240210,2024-02-10,International Aviation,0.00651204
20240210,2024-02-10,Power,0.0446733
20240210,2024-02-10,Residential,0.029832
20240211,2024-02-11,Domestic Aviation,0.000603222
20240211,2024-02-11,Ground Transport,0.0192046
20240211,2024-02-11,Industry,0.043282
20240211,2024-02-11,International Aviation,0.00546768
20240211,2024-02-11,Power,0.0377299
20240211,2024-02-11,Residential,0.0288432
20240212,2024-02-12,Domestic Aviation,0.000685135
20240212,2024-02-12,Ground Transport,0.0267988
20240212,2024-02-12,Industry,0.0430726
20240212,2024-02-12,International Aviation,0.00520673
20240212,2024-02-12,Power,0.0375473
20240212,2024-02-12,Residential,0.027152
20240213,2024-02-13,Domestic Aviation,0.000580232
20240213,2024-02-13,Ground Transport,0.0280103
20240213,2024-02-13,Industry,0.0330633
20240213,2024-02-13,International Aviation,0.00536502
20240213,2024-02-13,Power,0.028822
20240213,2024-02-13,Residential,0.0247408
20240214,2024-02-14,Domestic Aviation,0.000624961
20240214,2024-02-14,Ground Transport,0.0302435
20240214,2024-02-14,Industry,0.0265568
20240214,2024-02-14,International Aviation,0.00473469
20240214,2024-02-14,Power,0.0231501
20240214,2024-02-14,Residential,0.021251
20240215,2024-02-15,Domestic Aviation,0.000640707
20240215,2024-02-15,Ground Transport,0.0286868
20240215,2024-02-15,Industry,0.0282309
20240215,2024-02-15,International Aviation,0.00551187
20240215,2024-02-15,Power,0.0246094
20240215,2024-02-15,Residential,0.0182886
20240216,2024-02-16,Domestic Aviation,0.000601313
20240216,2024-02-16,Ground Transport,0.0295535
20240216,2024-02-16,Industry,0.0223151
20240216,2024-02-16,International Aviation,0.00468542
20240216,2024-02-16,Power,0.0194525
20240216,2024-02-16,Residential,0.0158474
20240217,2024-02-17,Domestic Aviation,0.00065003
20240217,2024-02-17,Ground Transport,0.0264339
20240217,2024-02-17,Industry,0.0199881
20240217,2024-02-17,International Aviation,0.00646502
20240217,2024-02-17,Power,0.017424
20240217,2024-02-17,Residential,0.0162409
20240218,2024-02-18,Domestic Aviation,0.000633536
20240218,2024-02-18,Ground Transport,0.0215941
20240218,2024-02-18,Industry,0.0235346
20240218,2024-02-18,International Aviation,0.00592181
20240218,2024-02-18,Power,0.0205156
20240218,2024-02-18,Residential,0.0201813
20240219,2024-02-19,Domestic Aviation,0.000596775
20240219,2024-02-19,Ground Transport,0.0264987
20240219,2024-02-19,Industry,0.0304567
20240219,2024-02-19,International Aviation,0.00518651
20240219,2024-02-19,Power,0.0265498
20240219,2024-02-19,Residential,0.0189267
20240220,2024-02-20,Domestic Aviation,0.000559784
20240220,2024-02-20,Ground Transport,0.0269156
20240220,2024-02-20,Industry,0.0310396
20240220,2024-02-20,International Aviation,0.00563764
20240220,2024-02-20,Power,0.0270579
20240220,2024-02-20,Residential,0.0165935
20240221,2024-02-21,Domestic Aviation,0.00060436
20240221,2024-02-21,Ground Transport,0.0270391
20240221,2024-02-21,Industry,0.0243651
20240221,2024-02-21,International Aviation,0.00473245
20240221,2024-02-21,Power,0.0212395
20240221,2024-02-21,Residential,0.0156882
20240222,2024-02-22,Domestic Aviation,0.000621369
20240222,2024-02-22,Ground Transport,0.0273679
20240222,2024-02-22,Industry,0.0227024
20240222,2024-02-22,International Aviation,0.00558634
20240222,2024-02-22,Power,0.0197902
20240222,2024-02-22,Residential,0.0147232
20240223,2024-02-23,Domestic Aviation,0.000630826
20240223,2024-02-23,Ground Transport,0.027426
20240223,2024-02-23,Industry,0.0168479
20240223,2024-02-23,International Aviation,0.0047678
20240223,2024-02-23,Power,0.0146867
20240223,2024-02-23,Residential,0.0136603
20240224,2024-02-24,Domestic Aviation,0.000625569
20240224,2024-02-24,Ground Transport,0.0245657
20240224,2024-02-24,Industry,0.0151649
20240224,2024-02-24,International Aviation,0.00623044
20240224,2024-02-24,Power,0.0132196
20240224,2024-02-24,Residential,0.0138905
20240225,2024-02-25,Domestic Aviation,0.000611709
20240225,2024-02-25,Ground Transport,0.0202578
20240225,2024-02-25,Industry,0.0153297
20240225,2024-02-25,International Aviation,0.00581568
20240225,2024-02-25,Power,0.0133632
20240225,2024-02-25,Residential,0.0139199
20240226,2024-02-26,Domestic Aviation,0.000593451
20240226,2024-02-26,Ground Transport,0.0257116
20240226,2024-02-26,Industry,0.0244015
20240226,2024-02-26,International Aviation,0.00500387
20240226,2024-02-26,Power,0.0212713
20240226,2024-02-26,Residential,0.0145526
20240227,2024-02-27,Domestic Aviation,0.000565593
20240227,2024-02-27,Ground Transport,0.0263027
20240227,2024-02-27,Industry,0.0273467
20240227,2024-02-27,International Aviation,0.00588351
20240227,2024-02-27,Power,0.0238387
20240227,2024-02-27,Residential,0.0159358
20240228,2024-02-28,Domestic Aviation,0.000602829
20240228,2024-02-28,Ground Transport,0.0268005
20240228,2024-02-28,Industry,0.0178821
20240228,2024-02-28,International Aviation,0.00513937
20240228,2024-02-28,Power,0.0155882
20240228,2024-02-28,Residential,0.0159983
20240301,2024-03-01,Domestic Aviation,0.000623145
20240301,2024-03-01,Ground Transport,0.0260702
20240301,2024-03-01,Industry,0.0190818
20240301,2024-03-01,International Aviation,0.00490279
20240301,2024-03-01,Power,0.016052
20240301,2024-03-01,Residential,0.0144607
20240302,2024-03-02,Domestic Aviation,0.000568502
20240302,2024-03-02,Ground Transport,0.0216239
20240302,2024-03-02,Industry,0.0220482
20240302,2024-03-02,International Aviation,0.00603419
20240302,2024-03-02,Power,0.0185473
20240302,2024-03-02,Residential,0.0147544
20240303,2024-03-03,Domestic Aviation,0.000548843
20240303,2024-03-03,Ground Transport,0.0175741
20240303,2024-03-03,Industry,0.0271171
20240303,2024-03-03,International Aviation,0.00538558
20240303,2024-03-03,Power,0.0228114
20240303,2024-03-03,Residential,0.0147973
20240304,2024-03-04,Domestic Aviation,0.000590062
20240304,2024-03-04,Ground Transport,0.0260402
20240304,2024-03-04,Industry,0.0342196
20240304,2024-03-04,International Aviation,0.00534499
20240304,2024-03-04,Power,0.0287861
20240304,2024-03-04,Residential,0.0151988
20240305,2024-03-05,Domestic Aviation,0.000549209
20240305,2024-03-05,Ground Transport,0.027636
20240305,2024-03-05,Industry,0.0370758
20240305,2024-03-05,International Aviation,0.00551574
20240305,2024-03-05,Power,0.0311888
20240305,2024-03-05,Residential,0.01658
20240306,2024-03-06,Domestic Aviation,0.000604485
20240306,2024-03-06,Ground Transport,0.0273391
20240306,2024-03-06,Industry,0.0449782
20240306,2024-03-06,International Aviation,0.00497041
20240306,2024-03-06,Power,0.0378364
20240306,2024-03-06,Residential,0.0176125
20240307,2024-03-07,Domestic Aviation,0.000628021
20240307,2024-03-07,Ground Transport,0.0267308
20240307,2024-03-07,Industry,0.0486675
20240307,2024-03-07,International Aviation,0.0052984
20240307,2024-03-07,Power,0.0409399
20240307,2024-03-07,Residential,0.0181724
20240308,2024-03-08,Domestic Aviation,0.000616412
20240308,2024-03-08,Ground Transport,0.0267479
20240308,2024-03-08,Industry,0.0523942
20240308,2024-03-08,International Aviation,0.0048634
20240308,2024-03-08,Power,0.0440749
20240308,2024-03-08,Residential,0.0175436
20240309,2024-03-09,Domestic Aviation,0.000597759
20240309,2024-03-09,Ground Transport,0.0219164
20240309,2024-03-09,Industry,0.0381513
20240309,2024-03-09,International Aviation,0.00612701
20240309,2024-03-09,Power,0.0320935
20240309,2024-03-09,Residential,0.0173745
20240310,2024-03-10,Domestic Aviation,0.000622679
20240310,2024-03-10,Ground Transport,0.017492
20240310,2024-03-10,Industry,0.024222
20240310,2024-03-10,International Aviation,0.00552403
20240310,2024-03-10,Power,0.020376
20240310,2024-03-10,Residential,0.016947
20240311,2024-03-11,Domestic Aviation,0.000673869
20240311,2024-03-11,Ground Transport,0.0255299
20240311,2024-03-11,Industry,0.0298334
20240311,2024-03-11,International Aviation,0.00526733
20240311,2024-03-11,Power,0.0250963
20240311,2024-03-11,Residential,0.0173453
20240312,2024-03-12,Domestic Aviation,0.000573209
20240312,2024-03-12,Ground Transport,0.0268188
20240312,2024-03-12,Industry,0.0334077
20240312,2024-03-12,International Aviation,0.00472349
20240312,2024-03-12,Power,0.0281032
20240312,2024-03-12,Residential,0.0176693
20240313,2024-03-13,Domestic Aviation,0.000569635
20240313,2024-03-13,Ground Transport,0.0261623
20240313,2024-03-13,Industry,0.0303334
20240313,2024-03-13,International Aviation,0.00416893
20240313,2024-03-13,Power,0.025517
20240313,2024-03-13,Residential,0.0198281
20240314,2024-03-14,Domestic Aviation,0.000614805
20240314,2024-03-14,Ground Transport,0.0264196
20240314,2024-03-14,Industry,0.0171352
20240314,2024-03-14,International Aviation,0.0042594
20240314,2024-03-14,Power,0.0144145
20240314,2024-03-14,Residential,0.0149022
20240315,2024-03-15,Domestic Aviation,0.000645536
20240315,2024-03-15,Ground Transport,0.0260213
20240315,2024-03-15,Industry,0.0191731
20240315,2024-03-15,International Aviation,0.00403879
20240315,2024-03-15,Power,0.0161288
20240315,2024-03-15,Residential,0.0121943
20240316,2024-03-16,Domestic Aviation,0.000562184
20240316,2024-03-16,Ground Transport,0.0225172
20240316,2024-03-16,Industry,0.0180228
20240316,2024-03-16,International Aviation,0.00512307
20240316,2024-03-16,Power,0.0151611
20240316,2024-03-16,Residential,0.0139708
20240317,2024-03-17,Domestic Aviation,0.000598168
20240317,2024-03-17,Ground Transport,0.0217822
20240317,2024-03-17,Industry,0.0198554
20240317,2024-03-17,International Aviation,0.00451685
20240317,2024-03-17,Power,0.0167027
20240317,2024-03-17,Residential,0.0189924
20240318,2024-03-18,Domestic Aviation,0.000662806
20240318,2024-03-18,Ground Transport,0.02699
20240318,2024-03-18,Industry,0.0201294
20240318,2024-03-18,International Aviation,0.00441578
20240318,2024-03-18,Power,0.0169332
20240318,2024-03-18,Residential,0.0200046
20240319,2024-03-19,Domestic Aviation,0.000585739
20240319,2024-03-19,Ground Transport,0.026575
20240319,2024-03-19,Industry,0.0262784
20240319,2024-03-19,International Aviation,0.0043516
20240319,2024-03-19,Power,0.0221058
20240319,2024-03-19,Residential,0.0178002
20240320,2024-03-20,Domestic Aviation,0.000552691
20240320,2024-03-20,Ground Transport,0.0265812
20240320,2024-03-20,Industry,0.0283146
20240320,2024-03-20,International Aviation,0.00414645
20240320,2024-03-20,Power,0.0238187
20240320,2024-03-20,Residential,0.0151941
20240321,2024-03-21,Domestic Aviation,0.000638347
20240321,2024-03-21,Ground Transport,0.0263251
20240321,2024-03-21,Industry,0.0298553
20240321,2024-03-21,International Aviation,0.00409615
20240321,2024-03-21,Power,0.0251148
20240321,2024-03-21,Residential,0.0145936
20240322,2024-03-22,Domestic Aviation,0.000644593
20240322,2024-03-22,Ground Transport,0.026179
20240322,2024-03-22,Industry,0.0208088
20240322,2024-03-22,International Aviation,0.00389233
20240322,2024-03-22,Power,0.0175047
20240322,2024-03-22,Residential,0.0145288
20240323,2024-03-23,Domestic Aviation,0.000579352
20240323,2024-03-23,Ground Transport,0.0209052
20240323,2024-03-23,Industry,0.0204805
20240323,2024-03-23,International Aviation,0.00556363
20240323,2024-03-23,Power,0.0172285
20240323,2024-03-23,Residential,0.0146756
20240324,2024-03-24,Domestic Aviation,0.000599109
20240324,2024-03-24,Ground Transport,0.0160786
20240324,2024-03-24,Industry,0.0223423
20240324,2024-03-24,International Aviation,0.00542427
20240324,2024-03-24,Power,0.0187947
20240324,2024-03-24,Residential,0.0167593
20240325,2024-03-25,Domestic Aviation,0.000629237
20240325,2024-03-25,Ground Transport,0.0246021
20240325,2024-03-25,Industry,0.0332488
20240325,2024-03-25,International Aviation,0.00518248
20240325,2024-03-25,Power,0.0279694
20240325,2024-03-25,Residential,0.0174941
20240326,2024-03-26,Domestic Aviation,0.000620364
20240326,2024-03-26,Ground Transport,0.0257728
20240326,2024-03-26,Industry,0.0338665
20240326,2024-03-26,International Aviation,0.0055249
20240326,2024-03-26,Power,0.0284891
20240326,2024-03-26,Residential,0.0171563
20240327,2024-03-27,Domestic Aviation,0.000571572
20240327,2024-03-27,Ground Transport,0.0260107
20240327,2024-03-27,Industry,0.0244279
20240327,2024-03-27,International Aviation,0.0047818
20240327,2024-03-27,Power,0.0205491
20240327,2024-03-27,Residential,0.014841
20240328,2024-03-28,Domestic Aviation,0.00062102
20240328,2024-03-28,Ground Transport,0.025618
20240328,2024-03-28,Industry,0.0219016
20240328,2024-03-28,International Aviation,0.00519383
20240328,2024-03-28,Power,0.018424
20240328,2024-03-28,Residential,0.0113739
20240329,2024-03-29,Domestic Aviation,0.00048162
20240329,2024-03-29,Ground Transport,0.0174037
20240329,2024-03-29,Industry,0.0189638
20240329,2024-03-29,International Aviation,0.00507215
20240329,2024-03-29,Power,0.0159527
20240329,2024-03-29,Residential,0.0121183
20240330,2024-03-30,Domestic Aviation,0.000491091
20240330,2024-03-30,Ground Transport,0.0184733
20240330,2024-03-30,Industry,0.0205124
20240330,2024-03-30,International Aviation,0.00519064
20240330,2024-03-30,Power,0.0172554
20240330,2024-03-30,Residential,0.0129608
20240331,2024-03-31,Domestic Aviation,0.000459567
20240331,2024-03-31,Ground Transport,0.0133728
20240331,2024-03-31,Industry,0.0238966
20240331,2024-03-31,International Aviation,0.00543306
20240331,2024-03-31,Power,0.0201022
20240331,2024-03-31,Residential,0.0128668
20240401,2024-04-01,Domestic Aviation,0.00050188
20240401,2024-04-01,Ground Transport,0.0144369
20240401,2024-04-01,Industry,0.0287809
20240401,2024-04-01,International Aviation,0.00512782
20240401,2024-04-01,Power,0.0194508
20240401,2024-04-01,Residential,0.0119443
20240402,2024-04-02,Domestic Aviation,0.000490373
20240402,2024-04-02,Ground Transport,0.0253098
20240402,2024-04-02,Industry,0.0320191
20240402,2024-04-02,International Aviation,0.00498093
20240402,2024-04-02,Power,0.0216393
20240402,2024-04-02,Residential,0.0158356
20240403,2024-04-03,Domestic Aviation,0.000524878
20240403,2024-04-03,Ground Transport,0.0260779
20240403,2024-04-03,Industry,0.029376
20240403,2024-04-03,International Aviation,0.00539915
20240403,2024-04-03,Power,0.019853
20240403,2024-04-03,Residential,0.0181039
20240404,2024-04-04,Domestic Aviation,0.000534373
20240404,2024-04-04,Ground Transport,0.0250818
20240404,2024-04-04,Industry,0.0388755
20240404,2024-04-04,International Aviation,0.00499741
20240404,2024-04-04,Power,0.026273
20240404,2024-04-04,Residential,0.0196049
20240405,2024-04-05,Domestic Aviation,0.000517371
20240405,2024-04-05,Ground Transport,0.0277472
20240405,2024-04-05,Industry,0.0332929
20240405,2024-04-05,International Aviation,0.00486883
20240405,2024-04-05,Power,0.0225001
20240405,2024-04-05,Residential,0.0185008
20240406,2024-04-06,Domestic Aviation,0.000498101
20240406,2024-04-06,Ground Transport,0.0216552
20240406,2024-04-06,Industry,0.0294816
20240406,2024-04-06,International Aviation,0.00544397
20240406,2024-04-06,Power,0.0199244
20240406,2024-04-06,Residential,0.0169122
20240407,2024-04-07,Domestic Aviation,0.000476456
20240407,2024-04-07,Ground Transport,0.0162332
20240407,2024-04-07,Industry,0.0231692
20240407,2024-04-07,International Aviation,0.00542816
20240407,2024-04-07,Power,0.0156583
20240407,2024-04-07,Residential,0.0142698
20240408,2024-04-08,Domestic Aviation,0.000448721
20240408,2024-04-08,Ground Transport,0.025132
20240408,2024-04-08,Industry,0.0251699
20240408,2024-04-08,International Aviation,0.00494398
20240408,2024-04-08,Power,0.0170104
20240408,2024-04-08,Residential,0.0100235
20240409,2024-04-09,Domestic Aviation,0.000460242
20240409,2024-04-09,Ground Transport,0.0263501
20240409,2024-04-09,Industry,0.0240584
20240409,2024-04-09,International Aviation,0.00513721
20240409,2024-04-09,Power,0.0162592
20240409,2024-04-09,Residential,0.00980675
20240410,2024-04-10,Domestic Aviation,0.000395207
20240410,2024-04-10,Ground Transport,0.0257037
20240410,2024-04-10,Industry,0.0188133
20240410,2024-04-10,International Aviation,0.00528923
20240410,2024-04-10,Power,0.0127145
20240410,2024-04-10,Residential,0.00914366
20240411,2024-04-11,Domestic Aviation,0.000471427
20240411,2024-04-11,Ground Transport,0.0260716
20240411,2024-04-11,Industry,0.0187189
20240411,2024-04-11,International Aviation,0.00476394
20240411,2024-04-11,Power,0.0126507
20240411,2024-04-11,Residential,0.0102997
20240412,2024-04-12,Domestic Aviation,0.000464261
20240412,2024-04-12,Ground Transport,0.0256161
20240412,2024-04-12,Industry,0.0212087
20240412,2024-04-12,International Aviation,0.00502213
20240412,2024-04-12,Power,0.0143333
20240412,2024-04-12,Residential,0.0105368
20240413,2024-04-13,Domestic Aviation,0.000384999
20240413,2024-04-13,Ground Transport,0.0206973
20240413,2024-04-13,Industry,0.0244665
20240413,2024-04-13,International Aviation,0.00534617
20240413,2024-04-13,Power,0.016535
20240413,2024-04-13,Residential,0.0103225
20240414,2024-04-14,Domestic Aviation,0.000436509
20240414,2024-04-14,Ground Transport,0.0166641
20240414,2024-04-14,Industry,0.02624
20240414,2024-04-14,International Aviation,0.00567979
20240414,2024-04-14,Power,0.0177336
20240414,2024-04-14,Residential,0.010894
20240415,2024-04-15,Domestic Aviation,0.000429789
20240415,2024-04-15,Ground Transport,0.0249785
20240415,2024-04-15,Industry,0.0275317
20240415,2024-04-15,International Aviation,0.00472143
20240415,2024-04-15,Power,0.0186066
20240415,2024-04-15,Residential,0.0113352
20240416,2024-04-16,Domestic Aviation,0.000402294
20240416,2024-04-16,Ground Transport,0.0262809
20240416,2024-04-16,Industry,0.029563
20240416,2024-04-16,International Aviation,0.00524923
20240416,2024-04-16,Power,0.0199794
20240416,2024-04-16,Residential,0.0126042
20240417,2024-04-17,Domestic Aviation,0.000421296
20240417,2024-04-17,Ground Transport,0.0266157
20240417,2024-04-17,Industry,0.0346956
20240417,2024-04-17,International Aviation,0.00541041
20240417,2024-04-17,Power,0.0234481
20240417,2024-04-17,Residential,0.0149165
20240418,2024-04-18,Domestic Aviation,0.00045316
20240418,2024-04-18,Ground Transport,0.0257014
20240418,2024-04-18,Industry,0.04044
20240418,2024-04-18,International Aviation,0.00492971
20240418,2024-04-18,Power,0.0273303
20240418,2024-04-18,Residential,0.0162637
20240419,2024-04-19,Domestic Aviation,0.000416496
20240419,2024-04-19,Ground Transport,0.0267548
20240419,2024-04-19,Industry,0.0313254
20240419,2024-04-19,International Aviation,0.00510524
20240419,2024-04-19,Power,0.0211705
20240419,2024-04-19,Residential,0.017469
20240420,2024-04-20,Domestic Aviation,0.000333285
20240420,2024-04-20,Ground Transport,0.0223611
20240420,2024-04-20,Industry,0.0284374
20240420,2024-04-20,International Aviation,0.00487995
20240420,2024-04-20,Power,0.0192187
20240420,2024-04-20,Residential,0.0184224
20240421,2024-04-21,Domestic Aviation,0.000396136
20240421,2024-04-21,Ground Transport,0.0157498
20240421,2024-04-21,Industry,0.0310548
20240421,2024-04-21,International Aviation,0.00560599
20240421,2024-04-21,Power,0.0209876
20240421,2024-04-21,Residential,0.0174468
20240422,2024-04-22,Domestic Aviation,0.000436195
20240422,2024-04-22,Ground Transport,0.0251624
20240422,2024-04-22,Industry,0.0371574
20240422,2024-04-22,International Aviation,0.00521238
20240422,2024-04-22,Power,0.0251118
20240422,2024-04-22,Residential,0.0167187
20240423,2024-04-23,Domestic Aviation,0.000322019
20240423,2024-04-23,Ground Transport,0.0277583
20240423,2024-04-23,Industry,0.0412435
20240423,2024-04-23,International Aviation,0.00488277
20240423,2024-04-23,Power,0.0278734
20240423,2024-04-23,Residential,0.015885
20240424,2024-04-24,Domestic Aviation,0.000399885
20240424,2024-04-24,Ground Transport,0.0262346
20240424,2024-04-24,Industry,0.0400876
20240424,2024-04-24,International Aviation,0.00554907
20240424,2024-04-24,Power,0.0270922
20240424,2024-04-24,Residential,0.0140304
20240425,2024-04-25,Domestic Aviation,0.000443424
20240425,2024-04-25,Ground Transport,0.0267291
20240425,2024-04-25,Industry,0.0390671
20240425,2024-04-25,International Aviation,0.00530911
20240425,2024-04-25,Power,0.0264025
20240425,2024-04-25,Residential,0.0131532
20240426,2024-04-26,Domestic Aviation,0.000381623
20240426,2024-04-26,Ground Transport,0.0265122
20240426,2024-04-26,Industry,0.0376356
20240426,2024-04-26,International Aviation,0.00511207
20240426,2024-04-26,Power,0.0254351
20240426,2024-04-26,Residential,0.0130501
20240427,2024-04-27,Domestic Aviation,0.000420942
20240427,2024-04-27,Ground Transport,0.0218533
20240427,2024-04-27,Industry,0.0282592
20240427,2024-04-27,International Aviation,0.00529494
20240427,2024-04-27,Power,0.0190983
20240427,2024-04-27,Residential,0.0115403
20240428,2024-04-28,Domestic Aviation,0.00036554
20240428,2024-04-28,Ground Transport,0.0189734
20240428,2024-04-28,Industry,0.0250946
20240428,2024-04-28,International Aviation,0.0056133
20240428,2024-04-28,Power,0.0169595
20240428,2024-04-28,Residential,0.0108446
20240429,2024-04-29,Domestic Aviation,0.00044645
20240429,2024-04-29,Ground Transport,0.0263887
20240429,2024-04-29,Industry,0.0234192
20240429,2024-04-29,International Aviation,0.00540034
20240429,2024-04-29,Power,0.0158272
20240429,2024-04-29,Residential,0.00746337
20240430,2024-04-30,Domestic Aviation,0.000378075
20240430,2024-04-30,Ground Transport,0.0274428
20240430,2024-04-30,Industry,0.0241095
20240430,2024-04-30,International Aviation,0.00490543
20240430,2024-04-30,Power,0.0162938
20240430,2024-04-30,Residential,0.00833296
20240501,2024-05-01,Domestic Aviation,0.000341061
20240501,2024-05-01,Ground Transport,0.021925
20240501,2024-05-01,Industry,0.0474696
20240501,2024-05-01,International Aviation,0.0052542
20240501,2024-05-01,Power,0.0107488
20240501,2024-05-01,Residential,0.00832751
20240502,2024-05-02,Domestic Aviation,0.000451826
20240502,2024-05-02,Ground Transport,0.0258962
20240502,2024-05-02,Industry,0.0509612
20240502,2024-05-02,International Aviation,0.00520423
20240502,2024-05-02,Power,0.0115394
20240502,2024-05-02,Residential,0.00720785
20240503,2024-05-03,Domestic Aviation,0.000446522
20240503,2024-05-03,Ground Transport,0.0261331
20240503,2024-05-03,Industry,0.0519883
20240503,2024-05-03,International Aviation,0.0053844
20240503,2024-05-03,Power,0.011772
20240503,2024-05-03,Residential,0.00683234
20240504,2024-05-04,Domestic Aviation,0.00034902
20240504,2024-05-04,Ground Transport,0.0210594
20240504,2024-05-04,Industry,0.0453232
20240504,2024-05-04,International Aviation,0.0057392
20240504,2024-05-04,Power,0.0102628
20240504,2024-05-04,Residential,0.00658331
20240505,2024-05-05,Domestic Aviation,0.000365901
20240505,2024-05-05,Ground Transport,0.0175533
20240505,2024-05-05,Industry,0.0470152
20240505,2024-05-05,International Aviation,0.00535896
20240505,2024-05-05,Power,0.0106459
20240505,2024-05-05,Residential,0.0101643
20240506,2024-05-06,Domestic Aviation,0.000420055
20240506,2024-05-06,Ground Transport,0.0258025
20240506,2024-05-06,Industry,0.0577453
20240506,2024-05-06,International Aviation,0.00529376
20240506,2024-05-06,Power,0.0130756
20240506,2024-05-06,Residential,0.011947
20240507,2024-05-07,Domestic Aviation,0.000457913
20240507,2024-05-07,Ground Transport,0.0266353
20240507,2024-05-07,Industry,0.0477606
20240507,2024-05-07,International Aviation,0.00526382
20240507,2024-05-07,Power,0.0108147
20240507,2024-05-07,Residential,0.0130966
20240508,2024-05-08,Domestic Aviation,0.000464002
20240508,2024-05-08,Ground Transport,0.0273567
20240508,2024-05-08,Industry,0.0578921
20240508,2024-05-08,International Aviation,0.00567889
20240508,2024-05-08,Power,0.0131088
20240508,2024-05-08,Residential,0.0133097
20240509,2024-05-09,Domestic Aviation,0.000383171
20240509,2024-05-09,Ground Transport,0.0179307
20240509,2024-05-09,Industry,0.0511094
20240509,2024-05-09,International Aviation,0.00560298
20240509,2024-05-09,Power,0.011573
20240509,2024-05-09,Residential,0.0113624
20240510,2024-05-10,Domestic Aviation,0.000427462
20240510,2024-05-10,Ground Transport,0.025152
20240510,2024-05-10,Industry,0.0379121
20240510,2024-05-10,International Aviation,0.00543417
20240510,2024-05-10,Power,0.00858467
20240510,2024-05-10,Residential,0.0099575
20240511,2024-05-11,Domestic Aviation,0.000323957
20240511,2024-05-11,Ground Transport,0.0220904
20240511,2024-05-11,Industry,0.0378271
20240511,2024-05-11,International Aviation,0.00569898
20240511,2024-05-11,Power,0.00856543
20240511,2024-05-11,Residential,0.0093776
20240512,2024-05-12,Domestic Aviation,0.000364171
20240512,2024-05-12,Ground Transport,0.0173254
20240512,2024-05-12,Industry,0.0391517
20240512,2024-05-12,International Aviation,0.00597992
20240512,2024-05-12,Power,0.00886536
20240512,2024-05-12,Residential,0.00857854
20240513,2024-05-13,Domestic Aviation,0.000514741
20240513,2024-05-13,Ground Transport,0.0256522
20240513,2024-05-13,Industry,0.0559163
20240513,2024-05-13,International Aviation,0.00549679
20240513,2024-05-13,Power,0.0126615
20240513,2024-05-13,Residential,0.00512384
20240514,2024-05-14,Domestic Aviation,0.000458908
20240514,2024-05-14,Ground Transport,0.0269541
20240514,2024-05-14,Industry,0.0407664
20240514,2024-05-14,International Aviation,0.00568491
20240514,2024-05-14,Power,0.00923097
20240514,2024-05-14,Residential,0.00305511
20240515,2024-05-15,Domestic Aviation,0.000415436
20240515,2024-05-15,Ground Transport,0.0273074
20240515,2024-05-15,Industry,0.0369908
20240515,2024-05-15,International Aviation,0.00547345
20240515,2024-05-15,Power,0.00837606
20240515,2024-05-15,Residential,0.00172923
20240516,2024-05-16,Domestic Aviation,0.00046844
20240516,2024-05-16,Ground Transport,0.0270236
20240516,2024-05-16,Industry,0.0381891
20240516,2024-05-16,International Aviation,0.00546987
20240516,2024-05-16,Power,0.00864738
20240516,2024-05-16,Residential,0.00187078
20240517,2024-05-17,Domestic Aviation,0.000533797
20240517,2024-05-17,Ground Transport,0.0271794
20240517,2024-05-17,Industry,0.0236001
20240517,2024-05-17,International Aviation,0.00512772
20240517,2024-05-17,Power,0.00534391
20240517,2024-05-17,Residential,0.00148041
20240518,2024-05-18,Domestic Aviation,0.000363263
20240518,2024-05-18,Ground Transport,0.0215116
20240518,2024-05-18,Industry,0.0152191
20240518,2024-05-18,International Aviation,0.00596595
20240518,2024-05-18,Power,0.00344615
20240518,2024-05-18,Residential,0.00146925
20240519,2024-05-19,Domestic Aviation,0.000366979
20240519,2024-05-19,Ground Transport,0.018241
20240519,2024-05-19,Industry,0.0157649
20240519,2024-05-19,International Aviation,0.00569004
20240519,2024-05-19,Power,0.00356973
20240519,2024-05-19,Residential,0.00188324
20240520,2024-05-20,Domestic Aviation,0.000428201
20240520,2024-05-20,Ground Transport,0.0261368
20240520,2024-05-20,Industry,0.01422
20240520,2024-05-20,International Aviation,0.00537731
20240520,2024-05-20,Power,0.00321992
20240520,2024-05-20,Residential,0.00614053
20240521,2024-05-21,Domestic Aviation,0.000425361
20240521,2024-05-21,Ground Transport,0.0267593
20240521,2024-05-21,Industry,0.0120037
20240521,2024-05-21,International Aviation,0.0056242
20240521,2024-05-21,Power,0.00271808
20240521,2024-05-21,Residential,0.00593836
20240522,2024-05-22,Domestic Aviation,0.00045555
20240522,2024-05-22,Ground Transport,0.0270006
20240522,2024-05-22,Industry,0.0107782
20240522,2024-05-22,International Aviation,0.00538019
20240522,2024-05-22,Power,0.00244058
20240522,2024-05-22,Residential,0.00332373
20240523,2024-05-23,Domestic Aviation,0.000452214
20240523,2024-05-23,Ground Transport,0.0265348
20240523,2024-05-23,Industry,0.0101387
20240523,2024-05-23,International Aviation,0.00553887
20240523,2024-05-23,Power,0.00229577
20240523,2024-05-23,Residential,0.000691298
20240524,2024-05-24,Domestic Aviation,0.000526772
20240524,2024-05-24,Ground Transport,0.0267884
20240524,2024-05-24,Industry,0.00904801
20240524,2024-05-24,International Aviation,0.00545086
20240524,2024-05-24,Power,0.0020488
20240524,2024-05-24,Residential,0.000553917
20240525,2024-05-25,Domestic Aviation,0.000370538
20240525,2024-05-25,Ground Transport,0.0207985
20240525,2024-05-25,Industry,0.00737378
20240525,2024-05-25,International Aviation,0.00558711
20240525,2024-05-25,Power,0.00166969
20240525,2024-05-25,Residential,0.0014642
20240526,2024-05-26,Domestic Aviation,0.000408478
20240526,2024-05-26,Ground Transport,0.0175604
20240526,2024-05-26,Industry,0.00688323
20240526,2024-05-26,International Aviation,0.00611642
20240526,2024-05-26,Power,0.00155861
20240526,2024-05-26,Residential,0.000992599
20240527,2024-05-27,Domestic Aviation,0.000464965
20240527,2024-05-27,Ground Transport,0.0261346
20240527,2024-05-27,Industry,0.0072038
20240527,2024-05-27,International Aviation,0.00536005
20240527,2024-05-27,Power,0.0016312
20240527,2024-05-27,Residential,0.000214877
20240528,2024-05-28,Domestic Aviation,0.000427581
20240528,2024-05-28,Ground Transport,0.027016
20240528,2024-05-28,Industry,0.00761856
20240528,2024-05-28,International Aviation,0.00565162
20240528,2024-05-28,Power,0.00172512
20240528,2024-05-28,Residential,0.000201738
20240529,2024-05-29,Domestic Aviation,0.00044418
20240529,2024-05-29,Ground Transport,0.0270295
20240529,2024-05-29,Industry,0.00963602
20240529,2024-05-29,International Aviation,0.00572966
20240529,2024-05-29,Power,0.00218194
20240529,2024-05-29,Residential,0.000221222
20240530,2024-05-30,Domestic Aviation,0.000448069
20240530,2024-05-30,Ground Transport,0.0270557
20240530,2024-05-30,Industry,0.00945439
20240530,2024-05-30,International Aviation,0.00568022
20240530,2024-05-30,Power,0.00214082
20240530,2024-05-30,Residential,0.000202057
20240531,2024-05-31,Domestic Aviation,0.000482666
20240531,2024-05-31,Ground Transport,0.0268015
20240531,2024-05-31,Industry,0.0108922
20240531,2024-05-31,International Aviation,0.00510213
20240531,2024-05-31,Power,0.00246639
20240531,2024-05-31,Residential,9.94532e-05
20240601,2024-06-01,Domestic Aviation,0.000351139
20240601,2024-06-01,Ground Transport,0.0231458
20240601,2024-06-01,Industry,0.0355258
20240601,2024-06-01,International Aviation,0.00584871
20240601,2024-06-01,Power,0.00443011
20240601,2024-06-01,Residential,9.32965e-05
20240602,2024-06-02,Domestic Aviation,0.000359775
20240602,2024-06-02,Ground Transport,0.0172261
20240602,2024-06-02,Industry,0.03476
20240602,2024-06-02,International Aviation,0.00631079
20240602,2024-06-02,Power,0.00433462
20240602,2024-06-02,Residential,0.000256775
20240603,2024-06-03,Domestic Aviation,0.000398787
20240603,2024-06-03,Ground Transport,0.0262218
20240603,2024-06-03,Industry,0.0368458
20240603,2024-06-03,International Aviation,0.00539798
20240603,2024-06-03,Power,0.00459472
20240603,2024-06-03,Residential,0.000138912
20240604,2024-06-04,Domestic Aviation,0.00039647
20240604,2024-06-04,Ground Transport,0.0268165
20240604,2024-06-04,Industry,0.0372215
20240604,2024-06-04,International Aviation,0.00623393
20240604,2024-06-04,Power,0.00464156
20240604,2024-06-04,Residential,0.00069969
20240605,2024-06-05,Domestic Aviation,0.000414451
20240605,2024-06-05,Ground Transport,0.0270536
20240605,2024-06-05,Industry,0.0388247
20240605,2024-06-05,International Aviation,0.00524813
20240605,2024-06-05,Power,0.00484148
20240605,2024-06-05,Residential,0.000411783
20240606,2024-06-06,Domestic Aviation,0.000437509
20240606,2024-06-06,Ground Transport,0.0265846
20240606,2024-06-06,Industry,0.0405389
20240606,2024-06-06,International Aviation,0.00573155
20240606,2024-06-06,Power,0.00505526
20240606,2024-06-06,Residential,0.00258449
20240607,2024-06-07,Domestic Aviation,0.000481366
20240607,2024-06-07,Ground Transport,0.0261226
20240607,2024-06-07,Industry,0.0432049
20240607,2024-06-07,International Aviation,0.00593973
20240607,2024-06-07,Power,0.00538771
20240607,2024-06-07,Residential,0.00415007
20240608,2024-06-08,Domestic Aviation,0.00032803
20240608,2024-06-08,Ground Transport,0.0201844
20240608,2024-06-08,Industry,0.0456641
20240608,2024-06-08,International Aviation,0.00589881
20240608,2024-06-08,Power,0.00569437
20240608,2024-06-08,Residential,0.00469052
20240609,2024-06-09,Domestic Aviation,0.000345831
20240609,2024-06-09,Ground Transport,0.0186627
20240609,2024-06-09,Industry,0.0441534
20240609,2024-06-09,International Aviation,0.00667347
20240609,2024-06-09,Power,0.00550599
20240609,2024-06-09,Residential,0.00530189
20240610,2024-06-10,Domestic Aviation,0.000431727
20240610,2024-06-10,Ground Transport,0.0251969
20240610,2024-06-10,Industry,0.0421021
20240610,2024-06-10,International Aviation,0.0053364
20240610,2024-06-10,Power,0.00525018
20240610,2024-06-10,Residential,0.00542843
20240611,2024-06-11,Domestic Aviation,0.000443205
20240611,2024-06-11,Ground Transport,0.0259278
20240611,2024-06-11,Industry,0.0394363
20240611,2024-06-11,International Aviation,0.00588336
20240611,2024-06-11,Power,0.00491776
20240611,2024-06-11,Residential,0.00454392
20240612,2024-06-12,Domestic Aviation,0.000464208
20240612,2024-06-12,Ground Transport,0.0260685
20240612,2024-06-12,Industry,0.0361079
20240612,2024-06-12,International Aviation,0.00574153
20240612,2024-06-12,Power,0.0045027
20240612,2024-06-12,Residential,0.00433827
20240613,2024-06-13,Domestic Aviation,0.000417309
20240613,2024-06-13,Ground Transport,0.0267235
20240613,2024-06-13,Industry,0.0318581
20240613,2024-06-13,International Aviation,0.00564682
20240613,2024-06-13,Power,0.00397274
20240613,2024-06-13,Residential,0.00426162
20240614,2024-06-14,Domestic Aviation,0.000454387
20240614,2024-06-14,Ground Transport,0.0261532
20240614,2024-06-14,Industry,0.0286237
20240614,2024-06-14,International Aviation,0.00579655
20240614,2024-06-14,Power,0.00356941
20240614,2024-06-14,Residential,0.00418176
20240615,2024-06-15,Domestic Aviation,0.000421437
20240615,2024-06-15,Ground Transport,0.019733
20240615,2024-06-15,Industry,0.0256268
20240615,2024-06-15,International Aviation,0.00558993
20240615,2024-06-15,Power,0.00319569
20240615,2024-06-15,Residential,0.00360338
20240616,2024-06-16,Domestic Aviation,0.000454039
20240616,2024-06-16,Ground Transport,0.0171976
20240616,2024-06-16,Industry,0.0228144
20240616,2024-06-16,International Aviation,0.00662011
20240616,2024-06-16,Power,0.00284499
20240616,2024-06-16,Residential,0.00159713
20240617,2024-06-17,Domestic Aviation,0.000420734
20240617,2024-06-17,Ground Transport,0.0251195
20240617,2024-06-17,Industry,0.0214055
20240617,2024-06-17,International Aviation,0.00528248
20240617,2024-06-17,Power,0.00266929
20240617,2024-06-17,Residential,0.000284393
20240618,2024-06-18,Domestic Aviation,0.000386816
20240618,2024-06-18,Ground Transport,0.0259166
20240618,2024-06-18,Industry,0.0208278
20240618,2024-06-18,International Aviation,0.0059529
20240618,2024-06-18,Power,0.00259725
20240618,2024-06-18,Residential,0.000995599
20240619,2024-06-19,Domestic Aviation,0.000408956
20240619,2024-06-19,Ground Transport,0.0257094
20240619,2024-06-19,Industry,0.0201222
20240619,2024-06-19,International Aviation,0.00556859
20240619,2024-06-19,Power,0.00250926
20240619,2024-06-19,Residential,0.00247747
20240620,2024-06-20,Domestic Aviation,0.000393173
20240620,2024-06-20,Ground Transport,0.0234162
20240620,2024-06-20,Industry,0.0197692
20240620,2024-06-20,International Aviation,0.00583218
20240620,2024-06-20,Power,0.00246525
20240620,2024-06-20,Residential,0.0033294
20240621,2024-06-21,Domestic Aviation,0.000306923
20240621,2024-06-21,Ground Transport,0.0145852
20240621,2024-06-21,Industry,0.018512
20240621,2024-06-21,International Aviation,0.00545862
20240621,2024-06-21,Power,0.00230846
20240621,2024-06-21,Residential,0.00323709
20240622,2024-06-22,Domestic Aviation,0.000292878
20240622,2024-06-22,Ground Transport,0.0107312
20240622,2024-06-22,Industry,0.0179157
20240622,2024-06-22,International Aviation,0.0057105
20240622,2024-06-22,Power,0.00223411
20240622,2024-06-22,Residential,0.00190492
20240623,2024-06-23,Domestic Aviation,0.000307773
20240623,2024-06-23,Ground Transport,0.0133483
20240623,2024-06-23,Industry,0.0184822
20240623,2024-06-23,International Aviation,0.00636556
20240623,2024-06-23,Power,0.00230475
20240623,2024-06-23,Residential,0.00054515
20240624,2024-06-24,Domestic Aviation,0.000319361
20240624,2024-06-24,Ground Transport,0.0235602
20240624,2024-06-24,Industry,0.0198295
20240624,2024-06-24,International Aviation,0.00524651
20240624,2024-06-24,Power,0.00247277
20240624,2024-06-24,Residential,0.000914655
20240625,2024-06-25,Domestic Aviation,0.000331098
20240625,2024-06-25,Ground Transport,0.0247626
20240625,2024-06-25,Industry,0.0218811
20240625,2024-06-25,International Aviation,0.00593628
20240625,2024-06-25,Power,0.00272859
20240625,2024-06-25,Residential,0.000175482
20240626,2024-06-26,Domestic Aviation,0.00034722
20240626,2024-06-26,Ground Transport,0.0245881
20240626,2024-06-26,Industry,0.0251027
20240626,2024-06-26,International Aviation,0.00539222
20240626,2024-06-26,Power,0.00313033
20240626,2024-06-26,Residential,6.98989e-05
20240627,2024-06-27,Domestic Aviation,0.000344075
20240627,2024-06-27,Ground Transport,0.0243257
20240627,2024-06-27,Industry,0.0317203
20240627,2024-06-27,International Aviation,0.00591188
20240627,2024-06-27,Power,0.00395556
20240627,2024-06-27,Residential,5.30599e-05
20240628,2024-06-28,Domestic Aviation,0.000329575
20240628,2024-06-28,Ground Transport,0.0247868
20240628,2024-06-28,Industry,0.0364334
20240628,2024-06-28,International Aviation,0.00552536
20240628,2024-06-28,Power,0.00454329
20240628,2024-06-28,Residential,9.46591e-07
20240629,2024-06-29,Domestic Aviation,0.000277372
20240629,2024-06-29,Ground Transport,0.020517
20240629,2024-06-29,Industry,0.0369484
20240629,2024-06-29,International Aviation,0.00590032
20240629,2024-06-29,Power,0.00460751
20240629,2024-06-29,Residential,4.20011e-05
20240630,2024-06-30,Domestic Aviation,0.000296206
20240630,2024-06-30,Ground Transport,0.0171319
20240630,2024-06-30,Industry,0.0325832
20240630,2024-06-30,International Aviation,0.0058427
20240630,2024-06-30,Power,0.00406317
20240630,2024-06-30,Residential,0.000939018
20240701,2024-07-01,Domestic Aviation,0.000341038
20240701,2024-07-01,Ground Transport,0.0242882
20240701,2024-07-01,Industry,0.0340785
20240701,2024-07-01,International Aviation,0.00535639
20240701,2024-07-01,Power,0.00290274
20240701,2024-07-01,Residential,0.00156695
20240702,2024-07-02,Domestic Aviation,0.000348072
20240702,2024-07-02,Ground Transport,0.0241334
20240702,2024-07-02,Industry,0.0253827
20240702,2024-07-02,International Aviation,0.00620162
20240702,2024-07-02,Power,0.00216205
20240702,2024-07-02,Residential,0.00122279
20240703,2024-07-03,Domestic Aviation,0.000336325
20240703,2024-07-03,Ground Transport,0.024389
20240703,2024-07-03,Industry,0.0251808
20240703,2024-07-03,International Aviation,0.00546929
20240703,2024-07-03,Power,0.00214486
20240703,2024-07-03,Residential,0.00268183
20240704,2024-07-04,Domestic Aviation,0.000355254
20240704,2024-07-04,Ground Transport,0.0242342
20240704,2024-07-04,Industry,0.0266018
20240704,2024-07-04,International Aviation,0.00559947
20240704,2024-07-04,Power,0.00226589
20240704,2024-07-04,Residential,0.00162911
20240705,2024-07-05,Domestic Aviation,0.000351643
20240705,2024-07-05,Ground Transport,0.0252077
20240705,2024-07-05,Industry,0.0281823
20240705,2024-07-05,International Aviation,0.00572247
20240705,2024-07-05,Power,0.00240052
20240705,2024-07-05,Residential,0.00256409
20240706,2024-07-06,Domestic Aviation,0.000289272
20240706,2024-07-06,Ground Transport,0.021022
20240706,2024-07-06,Industry,0.0269596
20240706,2024-07-06,International Aviation,0.00554677
20240706,2024-07-06,Power,0.00229637
20240706,2024-07-06,Residential,0.0027711
20240707,2024-07-07,Domestic Aviation,0.000286413
20240707,2024-07-07,Ground Transport,0.0179751
20240707,2024-07-07,Industry,0.0264111
20240707,2024-07-07,International Aviation,0.00628756
20240707,2024-07-07,Power,0.00224965
20240707,2024-07-07,Residential,0.00143632
20240708,2024-07-08,Domestic Aviation,0.000340062
20240708,2024-07-08,Ground Transport,0.02344
20240708,2024-07-08,Industry,0.0264234
20240708,2024-07-08,International Aviation,0.00508395
20240708,2024-07-08,Power,0.0022507
20240708,2024-07-08,Residential,0.00132994
20240709,2024-07-09,Domestic Aviation,0.000283007
20240709,2024-07-09,Ground Transport,0.0234376
20240709,2024-07-09,Industry,0.0257755
20240709,2024-07-09,International Aviation,0.00591728
20240709,2024-07-09,Power,0.00219551
20240709,2024-07-09,Residential,0.00205123
20240710,2024-07-10,Domestic Aviation,0.000331128
20240710,2024-07-10,Ground Transport,0.0234848
20240710,2024-07-10,Industry,0.0265628
20240710,2024-07-10,International Aviation,0.00574694
20240710,2024-07-10,Power,0.00226257
20240710,2024-07-10,Residential,0.000369135
20240711,2024-07-11,Domestic Aviation,0.000309988
20240711,2024-07-11,Ground Transport,0.0239008
20240711,2024-07-11,Industry,0.0268704
20240711,2024-07-11,International Aviation,0.00578941
20240711,2024-07-11,Power,0.00228877
20240711,2024-07-11,Residential,0.00014385
20240712,2024-07-12,Domestic Aviation,0.000313054
20240712,2024-07-12,Ground Transport,0.0237848
20240712,2024-07-12,Industry,0.0265676
20240712,2024-07-12,International Aviation,0.00532056
20240712,2024-07-12,Power,0.00226298
20240712,2024-07-12,Residential,0.000244473
20240713,2024-07-13,Domestic Aviation,0.000352484
20240713,2024-07-13,Ground Transport,0.0189319
20240713,2024-07-13,Industry,0.0254947
20240713,2024-07-13,International Aviation,0.00591499
20240713,2024-07-13,Power,0.00217159
20240713,2024-07-13,Residential,0.000135899
20240714,2024-07-14,Domestic Aviation,0.000303431
20240714,2024-07-14,Ground Transport,0.0157228
20240714,2024-07-14,Industry,0.025334
20240714,2024-07-14,International Aviation,0.00578713
20240714,2024-07-14,Power,0.0021579
20240714,2024-07-14,Residential,0.00025078
20240715,2024-07-15,Domestic Aviation,0.000335627
20240715,2024-07-15,Ground Transport,0.023152
20240715,2024-07-15,Industry,0.0246694
20240715,2024-07-15,International Aviation,0.00544709
20240715,2024-07-15,Power,0.0021013
20240715,2024-07-15,Residential,0.000495054
20240716,2024-07-16,Domestic Aviation,0.000285965
20240716,2024-07-16,Ground Transport,0.0233761
20240716,2024-07-16,Industry,0.0240305
20240716,2024-07-16,International Aviation,0.00595423
20240716,2024-07-16,Power,0.00204687
20240716,2024-07-16,Residential,0.000225126
20240717,2024-07-17,Domestic Aviation,0.000289069
20240717,2024-07-17,Ground Transport,0.0241129
20240717,2024-07-17,Industry,0.0245205
20240717,2024-07-17,International Aviation,0.00555466
20240717,2024-07-17,Power,0.00208861
20240717,2024-07-17,Residential,1.01678e-06
20240718,2024-07-18,Domestic Aviation,0.000341576
20240718,2024-07-18,Ground Transport,0.0244022
20240718,2024-07-18,Industry,0.0252445
20240718,2024-07-18,International Aviation,0.00586303
20240718,2024-07-18,Power,0.00215028
20240718,2024-07-18,Residential,0.000202142
20240719,2024-07-19,Domestic Aviation,0.000290556
20240719,2024-07-19,Ground Transport,0.0252461
20240719,2024-07-19,Industry,0.024858
20240719,2024-07-19,International Aviation,0.00546446
20240719,2024-07-19,Power,0.00211736
20240719,2024-07-19,Residential,0.000574468
20240720,2024-07-20,Domestic Aviation,0.000374143
20240720,2024-07-20,Ground Transport,0.0204979
20240720,2024-07-20,Industry,0.0259327
20240720,2024-07-20,International Aviation,0.00569937
20240720,2024-07-20,Power,0.0022089
20240720,2024-07-20,Residential,0.000118622
20240721,2024-07-21,Domestic Aviation,0.000340378
20240721,2024-07-21,Ground Transport,0.0164582
20240721,2024-07-21,Industry,0.0257978
20240721,2024-07-21,International Aviation,0.00595363
20240721,2024-07-21,Power,0.00219741
20240721,2024-07-21,Residential,1.72009e-05
20240722,2024-07-22,Domestic Aviation,0.000324658
20240722,2024-07-22,Ground Transport,0.022756
20240722,2024-07-22,Industry,0.0254433
20240722,2024-07-22,International Aviation,0.0052387
20240722,2024-07-22,Power,0.00216721
20240722,2024-07-22,Residential,3.11455e-07
20240723,2024-07-23,Domestic Aviation,0.000354205
20240723,2024-07-23,Ground Transport,0.0230791
20240723,2024-07-23,Industry,0.0265267
20240723,2024-07-23,International Aviation,0.00600539
20240723,2024-07-23,Power,0.0022595
20240723,2024-07-23,Residential,3.87601e-08
20240724,2024-07-24,Domestic Aviation,0.000314511
20240724,2024-07-24,Ground Transport,0.0241129
20240724,2024-07-24,Industry,0.0278096
20240724,2024-07-24,International Aviation,0.0056686
20240724,2024-07-24,Power,0.00236877
20240724,2024-07-24,Residential,5.98344e-07
20240725,2024-07-25,Domestic Aviation,0.000399351
20240725,2024-07-25,Ground Transport,0.0244022
20240725,2024-07-25,Industry,0.0296294
20240725,2024-07-25,International Aviation,0.00599597
20240725,2024-07-25,Power,0.00252378
20240725,2024-07-25,Residential,2.16188e-06
20240726,2024-07-26,Domestic Aviation,0.000323764
20240726,2024-07-26,Ground Transport,0.0237825
20240726,2024-07-26,Industry,0.0294482
20240726,2024-07-26,International Aviation,0.00543257
20240726,2024-07-26,Power,0.00250834
20240726,2024-07-26,Residential,3.30418e-07
20240727,2024-07-27,Domestic Aviation,0.000336354
20240727,2024-07-27,Ground Transport,0.0199037
20240727,2024-07-27,Industry,0.0304446
20240727,2024-07-27,International Aviation,0.00565744
20240727,2024-07-27,Power,0.00259321
20240727,2024-07-27,Residential,4.6319e-07
20240728,2024-07-28,Domestic Aviation,0.000384195
20240728,2024-07-28,Ground Transport,0.017694
20240728,2024-07-28,Industry,0.0303071
20240728,2024-07-28,International Aviation,0.00603807
20240728,2024-07-28,Power,0.0025815
20240728,2024-07-28,Residential,8.21232e-05
20240729,2024-07-29,Domestic Aviation,0.000349016
20240729,2024-07-29,Ground Transport,0.0235918
20240729,2024-07-29,Industry,0.0307666
20240729,2024-07-29,International Aviation,0.00529212
20240729,2024-07-29,Power,0.00262064
20240729,2024-07-29,Residential,8.56371e-05
20240730,2024-07-30,Domestic Aviation,0.000340834
20240730,2024-07-30,Ground Transport,0.0246037
20240730,2024-07-30,Industry,0.0304503
20240730,2024-07-30,International Aviation,0.00594863
20240730,2024-07-30,Power,0.0025937
20240730,2024-07-30,Residential,0.000703981
20240731,2024-07-31,Domestic Aviation,0.000347761
20240731,2024-07-31,Ground Transport,0.0254595
20240731,2024-07-31,Industry,0.0307254
20240731,2024-07-31,International Aviation,0.0054319
20240731,2024-07-31,Power,0.00261713
20240731,2024-07-31,Residential,0.00175912
20240801,2024-08-01,Domestic Aviation,0.000337599
20240801,2024-08-01,Ground Transport,0.0245129
20240801,2024-08-01,Industry,0.0129551
20240801,2024-08-01,International Aviation,0.00607201
20240801,2024-08-01,Power,0.00483709
20240801,2024-08-01,Residential,0.00172336
20240802,2024-08-02,Domestic Aviation,0.000362709
20240802,2024-08-02,Ground Transport,0.0248203
20240802,2024-08-02,Industry,0.0133396
20240802,2024-08-02,International Aviation,0.00543086
20240802,2024-08-02,Power,0.00498064
20240802,2024-08-02,Residential,0.00102756
20240803,2024-08-03,Domestic Aviation,0.000294603
20240803,2024-08-03,Ground Transport,0.0208119
20240803,2024-08-03,Industry,0.0140302
20240803,2024-08-03,International Aviation,0.00551091
20240803,2024-08-03,Power,0.00523848
20240803,2024-08-03,Residential,0.00090285
20240804,2024-08-04,Domestic Aviation,0.000325796
20240804,2024-08-04,Ground Transport,0.0175248
20240804,2024-08-04,Industry,0.0142542
20240804,2024-08-04,International Aviation,0.0063467
20240804,2024-08-04,Power,0.00532214
20240804,2024-08-04,Residential,0.000926808
20240805,2024-08-05,Domestic Aviation,0.000324941
20240805,2024-08-05,Ground Transport,0.0252903
20240805,2024-08-05,Industry,0.0145613
20240805,2024-08-05,International Aviation,0.00525511
20240805,2024-08-05,Power,0.00543678
20240805,2024-08-05,Residential,0.000532875
20240806,2024-08-06,Domestic Aviation,0.000376041
20240806,2024-08-06,Ground Transport,0.0255345
20240806,2024-08-06,Industry,0.0146553
20240806,2024-08-06,International Aviation,0.00573598
20240806,2024-08-06,Power,0.00547187
20240806,2024-08-06,Residential,0.000602454
20240807,2024-08-07,Domestic Aviation,0.000372779
20240807,2024-08-07,Ground Transport,0.0265546
20240807,2024-08-07,Industry,0.0146112
20240807,2024-08-07,International Aviation,0.00549542
20240807,2024-08-07,Power,0.00545541
20240807,2024-08-07,Residential,0.000734307
20240808,2024-08-08,Domestic Aviation,0.000402653
20240808,2024-08-08,Ground Transport,0.0260796
20240808,2024-08-08,Industry,0.0148943
20240808,2024-08-08,International Aviation,0.0060075
20240808,2024-08-08,Power,0.00556112
20240808,2024-08-08,Residential,0.000269737
20240809,2024-08-09,Domestic Aviation,0.000411998
20240809,2024-08-09,Ground Transport,0.0265059
20240809,2024-08-09,Industry,0.0147471
20240809,2024-08-09,International Aviation,0.00555645
20240809,2024-08-09,Power,0.00550614
20240809,2024-08-09,Residential,2.28806e-05
20240810,2024-08-10,Domestic Aviation,0.000323904
20240810,2024-08-10,Ground Transport,0.0219661
20240810,2024-08-10,Industry,0.014858
20240810,2024-08-10,International Aviation,0.00582837
20240810,2024-08-10,Power,0.00554758
20240810,2024-08-10,Residential,0.00119813
20240811,2024-08-11,Domestic Aviation,0.000336346
20240811,2024-08-11,Ground Transport,0.0182101
20240811,2024-08-11,Industry,0.0151113
20240811,2024-08-11,International Aviation,0.00602188
20240811,2024-08-11,Power,0.00564213
20240811,2024-08-11,Residential,0.00222135
20240812,2024-08-12,Domestic Aviation,0.000377363
20240812,2024-08-12,Ground Transport,0.0265849
20240812,2024-08-12,Industry,0.0154448
20240812,2024-08-12,International Aviation,0.00535794
20240812,2024-08-12,Power,0.00576664
20240812,2024-08-12,Residential,0.00267491
20240813,2024-08-13,Domestic Aviation,0.000367742
20240813,2024-08-13,Ground Transport,0.0270264
20240813,2024-08-13,Industry,0.0160154
20240813,2024-08-13,International Aviation,0.00605784
20240813,2024-08-13,Power,0.00597972
20240813,2024-08-13,Residential,0.000799548
20240814,2024-08-14,Domestic Aviation,0.000434045
20240814,2024-08-14,Ground Transport,0.0275148
20240814,2024-08-14,Industry,0.0163723
20240814,2024-08-14,International Aviation,0.00535259
20240814,2024-08-14,Power,0.00611295
20240814,2024-08-14,Residential,0.000340868
20240815,2024-08-15,Domestic Aviation,0.000415355
20240815,2024-08-15,Ground Transport,0.0276822
20240815,2024-08-15,Industry,0.0163027
20240815,2024-08-15,International Aviation,0.00601678
20240815,2024-08-15,Power,0.00608698
20240815,2024-08-15,Residential,1.67435e-05
20240816,2024-08-16,Domestic Aviation,0.000434135
20240816,2024-08-16,Ground Transport,0.0279928
20240816,2024-08-16,Industry,0.0161931
20240816,2024-08-16,International Aviation,0.00512434
20240816,2024-08-16,Power,0.00604607
20240816,2024-08-16,Residential,0.000376474
20240817,2024-08-17,Domestic Aviation,0.000349908
20240817,2024-08-17,Ground Transport,0.0231954
20240817,2024-08-17,Industry,0.019031
20240817,2024-08-17,International Aviation,0.00582953
20240817,2024-08-17,Power,0.00710566
20240817,2024-08-17,Residential,0.00130616
20240818,2024-08-18,Domestic Aviation,0.000368165
20240818,2024-08-18,Ground Transport,0.019207
20240818,2024-08-18,Industry,0.0260611
20240818,2024-08-18,International Aviation,0.00595087
20240818,2024-08-18,Power,0.00973051
20240818,2024-08-18,Residential,0.00190218
20240819,2024-08-19,Domestic Aviation,0.000424002
20240819,2024-08-19,Ground Transport,0.0262973
20240819,2024-08-19,Industry,0.0353275
20240819,2024-08-19,International Aviation,0.00542262
20240819,2024-08-19,Power,0.0131903
20240819,2024-08-19,Residential,0.00226829
20240820,2024-08-20,Domestic Aviation,0.000435945
20240820,2024-08-20,Ground Transport,0.0269575
20240820,2024-08-20,Industry,0.0466296
20240820,2024-08-20,International Aviation,0.0056075
20240820,2024-08-20,Power,0.0174102
20240820,2024-08-20,Residential,0.00251242
20240821,2024-08-21,Domestic Aviation,0.000442349
20240821,2024-08-21,Ground Transport,0.027223
20240821,2024-08-21,Industry,0.0553384
20240821,2024-08-21,International Aviation,0.00552508
20240821,2024-08-21,Power,0.0206618
20240821,2024-08-21,Residential,0.000796037
20240822,2024-08-22,Domestic Aviation,0.000434233
20240822,2024-08-22,Ground Transport,0.0270869
20240822,2024-08-22,Industry,0.0589856
20240822,2024-08-22,International Aviation,0.00585221
20240822,2024-08-22,Power,0.0220236
20240822,2024-08-22,Residential,0.000536318
20240823,2024-08-23,Domestic Aviation,0.000469452
20240823,2024-08-23,Ground Transport,0.0270379
20240823,2024-08-23,Industry,0.0614685
20240823,2024-08-23,International Aviation,0.00547073
20240823,2024-08-23,Power,0.0229506
20240823,2024-08-23,Residential,0.00105124
20240824,2024-08-24,Domestic Aviation,0.000344814
20240824,2024-08-24,Ground Transport,0.021688
20240824,2024-08-24,Industry,0.0586049
20240824,2024-08-24,International Aviation,0.00547111
20240824,2024-08-24,Power,0.0218814
20240824,2024-08-24,Residential,0.0014223
20240825,2024-08-25,Domestic Aviation,0.000392875
20240825,2024-08-25,Ground Transport,0.0178904
20240825,2024-08-25,Industry,0.0504413
20240825,2024-08-25,International Aviation,0.00587567
20240825,2024-08-25,Power,0.0188334
20240825,2024-08-25,Residential,0.000645142
20240826,2024-08-26,Domestic Aviation,0.000446314
20240826,2024-08-26,Ground Transport,0.026101
20240826,2024-08-26,Industry,0.0469695
20240826,2024-08-26,International Aviation,0.00530726
20240826,2024-08-26,Power,0.0175371
20240826,2024-08-26,Residential,0.00188536
20240827,2024-08-27,Domestic Aviation,0.000434674
20240827,2024-08-27,Ground Transport,0.0268161
20240827,2024-08-27,Industry,0.0417758
20240827,2024-08-27,International Aviation,0.00534189
20240827,2024-08-27,Power,0.0155979
20240827,2024-08-27,Residential,0.00231328
20240828,2024-08-28,Domestic Aviation,0.000429076
20240828,2024-08-28,Ground Transport,0.0269522
20240828,2024-08-28,Industry,0.041319
20240828,2024-08-28,International Aviation,0.00525156
20240828,2024-08-28,Power,0.0154274
20240828,2024-08-28,Residential,0.0018976
20240829,2024-08-29,Domestic Aviation,0.000423603
20240829,2024-08-29,Ground Transport,0.0270377
20240829,2024-08-29,Industry,0.0505669
20240829,2024-08-29,International Aviation,0.00588131
20240829,2024-08-29,Power,0.0188803
20240829,2024-08-29,Residential,0.000923508
20240830,2024-08-30,Domestic Aviation,0.000473294
20240830,2024-08-30,Ground Transport,0.0276977
20240830,2024-08-30,Industry,0.0479302
20240830,2024-08-30,International Aviation,0.00520985
20240830,2024-08-30,Power,0.0178958
20240830,2024-08-30,Residential,0.00020239
20240831,2024-08-31,Domestic Aviation,0.000331564
20240831,2024-08-31,Ground Transport,0.022074
20240831,2024-08-31,Industry,0.0423833
20240831,2024-08-31,International Aviation,0.00574757
20240831,2024-08-31,Power,0.0158247
20240831,2024-08-31,Residential,0.00258819
20240901,2024-09-01,Domestic Aviation,0.000366374
20240901,2024-09-01,Ground Transport,0.0181476
20240901,2024-09-01,Industry,0.0724664
20240901,2024-09-01,International Aviation,0.00594894
20240901,2024-09-01,Power,0.0131849
20240901,2024-09-01,Residential,0.00387784
20240902,2024-09-02,Domestic Aviation,0.000419678
20240902,2024-09-02,Ground Transport,0.0268746
20240902,2024-09-02,Industry,0.0464105
20240902,2024-09-02,International Aviation,0.00535038
20240902,2024-09-02,Power,0.00844416
20240902,2024-09-02,Residential,0.00281136
20240903,2024-09-03,Domestic Aviation,0.000407601
20240903,2024-09-03,Ground Transport,0.0270477
20240903,2024-09-03,Industry,0.0369843
20240903,2024-09-03,International Aviation,0.00548219
20240903,2024-09-03,Power,0.00672912
20240903,2024-09-03,Residential,0.00174098
20240904,2024-09-04,Domestic Aviation,0.000434459
20240904,2024-09-04,Ground Transport,0.0269751
20240904,2024-09-04,Industry,0.0368963
20240904,2024-09-04,International Aviation,0.00518708
20240904,2024-09-04,Power,0.00671309
20240904,2024-09-04,Residential,0.000492617
20240905,2024-09-05,Domestic Aviation,0.00042618
20240905,2024-09-05,Ground Transport,0.0271305
20240905,2024-09-05,Industry,0.0359192
20240905,2024-09-05,International Aviation,0.00554056
20240905,2024-09-05,Power,0.00653533
20240905,2024-09-05,Residential,0.000196515
20240906,2024-09-06,Domestic Aviation,0.000471885
20240906,2024-09-06,Ground Transport,0.026965
20240906,2024-09-06,Industry,0.0362799
20240906,2024-09-06,International Aviation,0.00564488
20240906,2024-09-06,Power,0.00660095
20240906,2024-09-06,Residential,0.000423323
20240907,2024-09-07,Domestic Aviation,0.000357511
20240907,2024-09-07,Ground Transport,0.0210354
20240907,2024-09-07,Industry,0.0356481
20240907,2024-09-07,International Aviation,0.005282
20240907,2024-09-07,Power,0.006486
20240907,2024-09-07,Residential,0.00115129
20240908,2024-09-08,Domestic Aviation,0.000420518
20240908,2024-09-08,Ground Transport,0.0173912
20240908,2024-09-08,Industry,0.0331926
20240908,2024-09-08,International Aviation,0.00645432
20240908,2024-09-08,Power,0.00603924
20240908,2024-09-08,Residential,0.000748221
20240909,2024-09-09,Domestic Aviation,0.000452908
20240909,2024-09-09,Ground Transport,0.0256891
20240909,2024-09-09,Industry,0.0328146
20240909,2024-09-09,International Aviation,0.00546089
20240909,2024-09-09,Power,0.00597045
20240909,2024-09-09,Residential,0.000255308
20240910,2024-09-10,Domestic Aviation,0.000406455
20240910,2024-09-10,Ground Transport,0.0271871
20240910,2024-09-10,Industry,0.0320177
20240910,2024-09-10,International Aviation,0.00557515
20240910,2024-09-10,Power,0.00582546
20240910,2024-09-10,Residential,0.000160614
20240911,2024-09-11,Domestic Aviation,0.000428426
20240911,2024-09-11,Ground Transport,0.0272104
20240911,2024-09-11,Industry,0.0349665
20240911,2024-09-11,International Aviation,0.00504271
20240911,2024-09-11,Power,0.00636198
20240911,2024-09-11,Residential,0.00169259
20240912,2024-09-12,Domestic Aviation,0.000472824
20240912,2024-09-12,Ground Transport,0.0266558
20240912,2024-09-12,Industry,0.0371913
20240912,2024-09-12,International Aviation,0.00548799
20240912,2024-09-12,Power,0.00676677
20240912,2024-09-12,Residential,0.0022916
20240913,2024-09-13,Domestic Aviation,0.000464892
20240913,2024-09-13,Ground Transport,0.027238
20240913,2024-09-13,Industry,0.0372339
20240913,2024-09-13,International Aviation,0.00581667
20240913,2024-09-13,Power,0.00677453
20240913,2024-09-13,Residential,0.00276531
20240914,2024-09-14,Domestic Aviation,0.000348296
20240914,2024-09-14,Ground Transport,0.0237262
20240914,2024-09-14,Industry,0.0371444
20240914,2024-09-14,International Aviation,0.005256
20240914,2024-09-14,Power,0.00675825
20240914,2024-09-14,Residential,0.0032964
20240915,2024-09-15,Domestic Aviation,0.00044816
20240915,2024-09-15,Ground Transport,0.0183165
20240915,2024-09-15,Industry,0.0343365
20240915,2024-09-15,International Aviation,0.00581956
20240915,2024-09-15,Power,0.00624737
20240915,2024-09-15,Residential,0.00559301
20240916,2024-09-16,Domestic Aviation,0.000437717
20240916,2024-09-16,Ground Transport,0.0256381
20240916,2024-09-16,Industry,0.032699
20240916,2024-09-16,International Aviation,0.00558282
20240916,2024-09-16,Power,0.00594942
20240916,2024-09-16,Residential,0.00562197
20240917,2024-09-17,Domestic Aviation,0.000419263
20240917,2024-09-17,Ground Transport,0.0267431
20240917,2024-09-17,Industry,0.0304882
20240917,2024-09-17,International Aviation,0.00567591
20240917,2024-09-17,Power,0.00554718
20240917,2024-09-17,Residential,0.00376083
20240918,2024-09-18,Domestic Aviation,0.000463033
20240918,2024-09-18,Ground Transport,0.0264673
20240918,2024-09-18,Industry,0.0295495
20240918,2024-09-18,International Aviation,0.00520438
20240918,2024-09-18,Power,0.00537638
20240918,2024-09-18,Residential,0.00489051
20240919,2024-09-19,Domestic Aviation,0.000450975
20240919,2024-09-19,Ground Transport,0.026561
20240919,2024-09-19,Industry,0.0283617
20240919,2024-09-19,International Aviation,0.0057488
20240919,2024-09-19,Power,0.00516027
20240919,2024-09-19,Residential,0.00367262
20240920,2024-09-20,Domestic Aviation,0.000485679
20240920,2024-09-20,Ground Transport,0.0266263
20240920,2024-09-20,Industry,0.0264134
20240920,2024-09-20,International Aviation,0.00547235
20240920,2024-09-20,Power,0.00480579
20240920,2024-09-20,Residential,0.00395411
20240921,2024-09-21,Domestic Aviation,0.000328403
20240921,2024-09-21,Ground Transport,0.0216533
20240921,2024-09-21,Industry,0.0253119
20240921,2024-09-21,International Aviation,0.00555909
20240921,2024-09-21,Power,0.00460538
20240921,2024-09-21,Residential,0.00801413
20240922,2024-09-22,Domestic Aviation,0.000435986
20240922,2024-09-22,Ground Transport,0.0168704
20240922,2024-09-22,Industry,0.0244993
20240922,2024-09-22,International Aviation,0.00593587
20240922,2024-09-22,Power,0.00445753
20240922,2024-09-22,Residential,0.00969208
20240923,2024-09-23,Domestic Aviation,0.000451148
20240923,2024-09-23,Ground Transport,0.0254325
20240923,2024-09-23,Industry,0.0240402
20240923,2024-09-23,International Aviation,0.00544287
20240923,2024-09-23,Power,0.004374
20240923,2024-09-23,Residential,0.00702893
20240924,2024-09-24,Domestic Aviation,0.000442699
20240924,2024-09-24,Ground Transport,0.0264494
20240924,2024-09-24,Industry,0.023514
20240924,2024-09-24,International Aviation,0.00553512
20240924,2024-09-24,Power,0.00427825
20240924,2024-09-24,Residential,0.00382181
20240925,2024-09-25,Domestic Aviation,0.000432082
20240925,2024-09-25,Ground Transport,0.0267991
20240925,2024-09-25,Industry,0.0231441
20240925,2024-09-25,International Aviation,0.0052626
20240925,2024-09-25,Power,0.00421095
20240925,2024-09-25,Residential,0.00264204
20240926,2024-09-26,Domestic Aviation,0.000453853
20240926,2024-09-26,Ground Transport,0.0267862
20240926,2024-09-26,Industry,0.0223645
20240926,2024-09-26,International Aviation,0.00551711
20240926,2024-09-26,Power,0.00406911
20240926,2024-09-26,Residential,0.00486033
20240927,2024-09-27,Domestic Aviation,0.000447464
20240927,2024-09-27,Ground Transport,0.0276983
20240927,2024-09-27,Industry,0.0218401
20240927,2024-09-27,International Aviation,0.00523029
20240927,2024-09-27,Power,0.00397369
20240927,2024-09-27,Residential,0.00513129
20240928,2024-09-28,Domestic Aviation,0.000339381
20240928,2024-09-28,Ground Transport,0.0215184
20240928,2024-09-28,Industry,0.0219481
20240928,2024-09-28,International Aviation,0.00563627
20240928,2024-09-28,Power,0.00399335
20240928,2024-09-28,Residential,0.00842013
20240929,2024-09-29,Domestic Aviation,0.000415981
20240929,2024-09-29,Ground Transport,0.0179206
20240929,2024-09-29,Industry,0.0219959
20240929,2024-09-29,International Aviation,0.00551325
20240929,2024-09-29,Power,0.00400204
20240929,2024-09-29,Residential,0.0100706
20240930,2024-09-30,Domestic Aviation,0.000455944
20240930,2024-09-30,Ground Transport,0.0260926
20240930,2024-09-30,Industry,0.0230497
20240930,2024-09-30,International Aviation,0.00490976
20240930,2024-09-30,Power,0.00419379
20240930,2024-09-30,Residential,0.0108186
20241001,2024-10-01,Domestic Aviation,0.000399749
20241001,2024-10-01,Ground Transport,0.0273023
20241001,2024-10-01,Industry,0.0286981
20241001,2024-10-01,International Aviation,0.00548959
20241001,2024-10-01,Power,0.00427129
20241001,2024-10-01,Residential,0.00986497
20241002,2024-10-02,Domestic Aviation,0.000427058
20241002,2024-10-02,Ground Transport,0.0275406
20241002,2024-10-02,Industry,0.040705
20241002,2024-10-02,International Aviation,0.0052869
20241002,2024-10-02,Power,0.00605835
20241002,2024-10-02,Residential,0.0104522
20241003,2024-10-03,Domestic Aviation,0.000439911
20241003,2024-10-03,Ground Transport,0.0273877
20241003,2024-10-03,Industry,0.04241
20241003,2024-10-03,International Aviation,0.00526853
20241003,2024-10-03,Power,0.00631211
20241003,2024-10-03,Residential,0.0109827
20241004,2024-10-04,Domestic Aviation,0.000462569
20241004,2024-10-04,Ground Transport,0.0265919
20241004,2024-10-04,Industry,0.0380225
20241004,2024-10-04,International Aviation,0.00550536
20241004,2024-10-04,Power,0.0056591
20241004,2024-10-04,Residential,0.01045
20241005,2024-10-05,Domestic Aviation,0.000331315
20241005,2024-10-05,Ground Transport,0.0210885
20241005,2024-10-05,Industry,0.0368163
20241005,2024-10-05,International Aviation,0.00615683
20241005,2024-10-05,Power,0.00547957
20241005,2024-10-05,Residential,0.0104542
20241006,2024-10-06,Domestic Aviation,0.00035777
20241006,2024-10-06,Ground Transport,0.0171845
20241006,2024-10-06,Industry,0.0304212
20241006,2024-10-06,International Aviation,0.00543693
20241006,2024-10-06,Power,0.00452776
20241006,2024-10-06,Residential,0.00839963
20241007,2024-10-07,Domestic Aviation,0.000446883
20241007,2024-10-07,Ground Transport,0.0259536
20241007,2024-10-07,Industry,0.0386267
20241007,2024-10-07,International Aviation,0.00509406
20241007,2024-10-07,Power,0.00574903
20241007,2024-10-07,Residential,0.010495
20241008,2024-10-08,Domestic Aviation,0.000396866
20241008,2024-10-08,Ground Transport,0.0261583
20241008,2024-10-08,Industry,0.0336294
20241008,2024-10-08,International Aviation,0.00543007
20241008,2024-10-08,Power,0.00500525
20241008,2024-10-08,Residential,0.0112993
20241009,2024-10-09,Domestic Aviation,0.000401843
20241009,2024-10-09,Ground Transport,0.0278582
20241009,2024-10-09,Industry,0.0310722
20241009,2024-10-09,International Aviation,0.00539503
20241009,2024-10-09,Power,0.00462466
20241009,2024-10-09,Residential,0.0098518
20241010,2024-10-10,Domestic Aviation,0.000423434
20241010,2024-10-10,Ground Transport,0.0276691
20241010,2024-10-10,Industry,0.0272786
20241010,2024-10-10,International Aviation,0.00587146
20241010,2024-10-10,Power,0.00406002
20241010,2024-10-10,Residential,0.00703203
20241011,2024-10-11,Domestic Aviation,0.000456298
20241011,2024-10-11,Ground Transport,0.0271254
20241011,2024-10-11,Industry,0.0279887
20241011,2024-10-11,International Aviation,0.00602109
20241011,2024-10-11,Power,0.00416572
20241011,2024-10-11,Residential,0.00691776
20241012,2024-10-12,Domestic Aviation,0.000313572
20241012,2024-10-12,Ground Transport,0.0210504
20241012,2024-10-12,Industry,0.0265249
20241012,2024-10-12,International Aviation,0.00549442
20241012,2024-10-12,Power,0.00394785
20241012,2024-10-12,Residential,0.011107
20241013,2024-10-13,Domestic Aviation,0.000391693
20241013,2024-10-13,Ground Transport,0.0167541
20241013,2024-10-13,Industry,0.028628
20241013,2024-10-13,International Aviation,0.00626124
20241013,2024-10-13,Power,0.00426087
20241013,2024-10-13,Residential,0.0109271
20241014,2024-10-14,Domestic Aviation,0.000427543
20241014,2024-10-14,Ground Transport,0.0238501
20241014,2024-10-14,Industry,0.0396297
20241014,2024-10-14,International Aviation,0.00545175
20241014,2024-10-14,Power,0.00589831
20241014,2024-10-14,Residential,0.0110656
20241015,2024-10-15,Domestic Aviation,0.000384882
20241015,2024-10-15,Ground Transport,0.0250754
20241015,2024-10-15,Industry,0.0318449
20241015,2024-10-15,International Aviation,0.00550408
20241015,2024-10-15,Power,0.00473966
20241015,2024-10-15,Residential,0.0116492
20241016,2024-10-16,Domestic Aviation,0.000422648
20241016,2024-10-16,Ground Transport,0.0249445
20241016,2024-10-16,Industry,0.0280908
20241016,2024-10-16,International Aviation,0.00553052
20241016,2024-10-16,Power,0.00418091
20241016,2024-10-16,Residential,0.0107036
20241017,2024-10-17,Domestic Aviation,0.000400882
20241017,2024-10-17,Ground Transport,0.0244936
20241017,2024-10-17,Industry,0.0291269
20241017,2024-10-17,International Aviation,0.00555868
20241017,2024-10-17,Power,0.00433512
20241017,2024-10-17,Residential,0.00829886
20241018,2024-10-18,Domestic Aviation,0.000432243
20241018,2024-10-18,Ground Transport,0.0250748
20241018,2024-10-18,Industry,0.0280392
20241018,2024-10-18,International Aviation,0.00578469
20241018,2024-10-18,Power,0.00417324
20241018,2024-10-18,Residential,0.00760813
20241019,2024-10-19,Domestic Aviation,0.000323086
20241019,2024-10-19,Ground Transport,0.0200886
20241019,2024-10-19,Industry,0.0303733
20241019,2024-10-19,International Aviation,0.0058458
20241019,2024-10-19,Power,0.00452063
20241019,2024-10-19,Residential,0.007607
20241020,2024-10-20,Domestic Aviation,0.000392304
20241020,2024-10-20,Ground Transport,0.0166292
20241020,2024-10-20,Industry,0.0281357
20241020,2024-10-20,International Aviation,0.0064164
20241020,2024-10-20,Power,0.00418759
20241020,2024-10-20,Residential,0.00780573
20241021,2024-10-21,Domestic Aviation,0.000444819
20241021,2024-10-21,Ground Transport,0.0261033
20241021,2024-10-21,Industry,0.0283712
20241021,2024-10-21,International Aviation,0.00525803
20241021,2024-10-21,Power,0.00422264
20241021,2024-10-21,Residential,0.00610831
20241022,2024-10-22,Domestic Aviation,0.000387545
20241022,2024-10-22,Ground Transport,0.026667
20241022,2024-10-22,Industry,0.026713
20241022,2024-10-22,International Aviation,0.00551978
20241022,2024-10-22,Power,0.00397584
20241022,2024-10-22,Residential,0.00721749
20241023,2024-10-23,Domestic Aviation,0.000446696
20241023,2024-10-23,Ground Transport,0.0270687
20241023,2024-10-23,Industry,0.0253476
20241023,2024-10-23,International Aviation,0.00538854
20241023,2024-10-23,Power,0.00377263
20241023,2024-10-23,Residential,0.00816657
20241024,2024-10-24,Domestic Aviation,0.000420184
20241024,2024-10-24,Ground Transport,0.0268636
20241024,2024-10-24,Industry,0.0339335
20241024,2024-10-24,International Aviation,0.00560714
20241024,2024-10-24,Power,0.00505052
20241024,2024-10-24,Residential,0.00881153
20241025,2024-10-25,Domestic Aviation,0.000438569
20241025,2024-10-25,Ground Transport,0.0270069
20241025,2024-10-25,Industry,0.0252677
20241025,2024-10-25,International Aviation,0.00526571
20241025,2024-10-25,Power,0.00376073
20241025,2024-10-25,Residential,0.00877683
20241026,2024-10-26,Domestic Aviation,0.000309269
20241026,2024-10-26,Ground Transport,0.0213068
20241026,2024-10-26,Industry,0.0267992
20241026,2024-10-26,International Aviation,0.00559051
20241026,2024-10-26,Power,0.00398868
20241026,2024-10-26,Residential,0.0097577
20241027,2024-10-27,Domestic Aviation,0.000520192
20241027,2024-10-27,Ground Transport,0.0166292
20241027,2024-10-27,Industry,0.0247275
20241027,2024-10-27,International Aviation,0.00523125
20241027,2024-10-27,Power,0.00368033
20241027,2024-10-27,Residential,0.00848052
20241028,2024-10-28,Domestic Aviation,0.000538553
20241028,2024-10-28,Ground Transport,0.0262197
20241028,2024-10-28,Industry,0.0279845
20241028,2024-10-28,International Aviation,0.00499509
20241028,2024-10-28,Power,0.00416509
20241028,2024-10-28,Residential,0.0101658
20241029,2024-10-29,Domestic Aviation,0.000542021
20241029,2024-10-29,Ground Transport,0.0275059
20241029,2024-10-29,Industry,0.034091
20241029,2024-10-29,International Aviation,0.00542445
20241029,2024-10-29,Power,0.00507396
20241029,2024-10-29,Residential,0.0121751
20241030,2024-10-30,Domestic Aviation,0.0005777
20241030,2024-10-30,Ground Transport,0.0270628
20241030,2024-10-30,Industry,0.0352196
20241030,2024-10-30,International Aviation,0.00547815
20241030,2024-10-30,Power,0.00524193
20241030,2024-10-30,Residential,0.0108047
20241031,2024-10-31,Domestic Aviation,0.000596475
20241031,2024-10-31,Ground Transport,0.027852
20241031,2024-10-31,Industry,0.0425186
20241031,2024-10-31,International Aviation,0.00488204
20241031,2024-10-31,Power,0.00632828
20241031,2024-10-31,Residential,0.0139041
20241101,2024-11-01,Domestic Aviation,0.000584896
20241101,2024-11-01,Ground Transport,0.0294033
20241101,2024-11-01,Industry,0.0260919
20241101,2024-11-01,International Aviation,0.00548864
20241101,2024-11-01,Power,0.00968449
20241101,2024-11-01,Residential,0.0157794
20241102,2024-11-02,Domestic Aviation,0.000455043
20241102,2024-11-02,Ground Transport,0.0238766
20241102,2024-11-02,Industry,0.0246471
20241102,2024-11-02,International Aviation,0.00504538
20241102,2024-11-02,Power,0.0091482
20241102,2024-11-02,Residential,0.0150175
20241103,2024-11-03,Domestic Aviation,0.000526965
20241103,2024-11-03,Ground Transport,0.0198974
20241103,2024-11-03,Industry,0.0243157
20241103,2024-11-03,International Aviation,0.00526941
20241103,2024-11-03,Power,0.00902522
20241103,2024-11-03,Residential,0.0152384
20241104,2024-11-04,Domestic Aviation,0.000525537
20241104,2024-11-04,Ground Transport,0.0273853
20241104,2024-11-04,Industry,0.0292765
20241104,2024-11-04,International Aviation,0.00587555
20241104,2024-11-04,Power,0.0108665
20241104,2024-11-04,Residential,0.0154489
20241105,2024-11-05,Domestic Aviation,0.000585992
20241105,2024-11-05,Ground Transport,0.0273977
20241105,2024-11-05,Industry,0.0205422
20241105,2024-11-05,International Aviation,0.00524455
20241105,2024-11-05,Power,0.0076246
20241105,2024-11-05,Residential,0.0122888
20241106,2024-11-06,Domestic Aviation,0.000586307
20241106,2024-11-06,Ground Transport,0.0274332
20241106,2024-11-06,Industry,0.0222168
20241106,2024-11-06,International Aviation,0.00521113
20241106,2024-11-06,Power,0.00824615
20241106,2024-11-06,Residential,0.0112644
20241107,2024-11-07,Domestic Aviation,0.000572991
20241107,2024-11-07,Ground Transport,0.0273028
20241107,2024-11-07,Industry,0.0250543
20241107,2024-11-07,International Aviation,0.0056215
20241107,2024-11-07,Power,0.00929936
20241107,2024-11-07,Residential,0.0111926
20241108,2024-11-08,Domestic Aviation,0.000605459
20241108,2024-11-08,Ground Transport,0.0275028
20241108,2024-11-08,Industry,0.0240489
20241108,2024-11-08,International Aviation,0.00529957
20241108,2024-11-08,Power,0.00892617
20241108,2024-11-08,Residential,0.010695
20241109,2024-11-09,Domestic Aviation,0.000451601
20241109,2024-11-09,Ground Transport,0.0233374
20241109,2024-11-09,Industry,0.0271305
20241109,2024-11-09,International Aviation,0.00502863
20241109,2024-11-09,Power,0.01007
20241109,2024-11-09,Residential,0.0113893
20241110,2024-11-10,Domestic Aviation,0.000504278
20241110,2024-11-10,Ground Transport,0.0181616
20241110,2024-11-10,Industry,0.0334719
20241110,2024-11-10,International Aviation,0.00509934
20241110,2024-11-10,Power,0.0124237
20241110,2024-11-10,Residential,0.0152428
20241111,2024-11-11,Domestic Aviation,0.000560445
20241111,2024-11-11,Ground Transport,0.0262942
20241111,2024-11-11,Industry,0.0382606
20241111,2024-11-11,International Aviation,0.00508511
20241111,2024-11-11,Power,0.0142011
20241111,2024-11-11,Residential,0.0136644
20241112,2024-11-12,Domestic Aviation,0.000523543
20241112,2024-11-12,Ground Transport,0.0270049
20241112,2024-11-12,Industry,0.0394555
20241112,2024-11-12,International Aviation,0.00539405
20241112,2024-11-12,Power,0.0146446
20241112,2024-11-12,Residential,0.0130997
20241113,2024-11-13,Domestic Aviation,0.000592398
20241113,2024-11-13,Ground Transport,0.0270275
20241113,2024-11-13,Industry,0.0231441
20241113,2024-11-13,International Aviation,0.00501742
20241113,2024-11-13,Power,0.00859036
20241113,2024-11-13,Residential,0.0116153
20241114,2024-11-14,Domestic Aviation,0.000583501
20241114,2024-11-14,Ground Transport,0.0268083
20241114,2024-11-14,Industry,0.0213887
20241114,2024-11-14,International Aviation,0.00507515
20241114,2024-11-14,Power,0.00793879
20241114,2024-11-14,Residential,0.0122531
20241115,2024-11-15,Domestic Aviation,0.000645891
20241115,2024-11-15,Ground Transport,0.0277146
20241115,2024-11-15,Industry,0.0221517
20241115,2024-11-15,International Aviation,0.00558218
20241115,2024-11-15,Power,0.00822201
20241115,2024-11-15,Residential,0.0116476
20241116,2024-11-16,Domestic Aviation,0.000464994
20241116,2024-11-16,Ground Transport,0.0238649
20241116,2024-11-16,Industry,0.0240594
20241116,2024-11-16,International Aviation,0.00547067
20241116,2024-11-16,Power,0.00893008
20241116,2024-11-16,Residential,0.0107293
20241117,2024-11-17,Domestic Aviation,0.000539118
20241117,2024-11-17,Ground Transport,0.0190389
20241117,2024-11-17,Industry,0.0276826
20241117,2024-11-17,International Aviation,0.00532264
20241117,2024-11-17,Power,0.0102749
20241117,2024-11-17,Residential,0.0131584
20241118,2024-11-18,Domestic Aviation,0.000625369
20241118,2024-11-18,Ground Transport,0.0268444
20241118,2024-11-18,Industry,0.0441667
20241118,2024-11-18,International Aviation,0.00487653
20241118,2024-11-18,Power,0.0163933
20241118,2024-11-18,Residential,0.0151949
20241119,2024-11-19,Domestic Aviation,0.000553999
20241119,2024-11-19,Ground Transport,0.0279293
20241119,2024-11-19,Industry,0.0490421
20241119,2024-11-19,International Aviation,0.0055977
20241119,2024-11-19,Power,0.0182029
20241119,2024-11-19,Residential,0.0165358
20241120,2024-11-20,Domestic Aviation,0.00050019
20241120,2024-11-20,Ground Transport,0.0296209
20241120,2024-11-20,Industry,0.0426098
20241120,2024-11-20,International Aviation,0.00415966
20241120,2024-11-20,Power,0.0158154
20241120,2024-11-20,Residential,0.0164143
20241121,2024-11-21,Domestic Aviation,0.000532663
20241121,2024-11-21,Ground Transport,0.0300398
20241121,2024-11-21,Industry,0.0382983
20241121,2024-11-21,International Aviation,0.00456147
20241121,2024-11-21,Power,0.0142151
20241121,2024-11-21,Residential,0.0164914
20241122,2024-11-22,Domestic Aviation,0.00063669
20241122,2024-11-22,Ground Transport,0.0303585
20241122,2024-11-22,Industry,0.0455054
20241122,2024-11-22,International Aviation,0.00577106
20241122,2024-11-22,Power,0.0168902
20241122,2024-11-22,Residential,0.017612
20241123,2024-11-23,Domestic Aviation,0.000477707
20241123,2024-11-23,Ground Transport,0.0278196
20241123,2024-11-23,Industry,0.035378
20241123,2024-11-23,International Aviation,0.00535165
20241123,2024-11-23,Power,0.0131312
20241123,2024-11-23,Residential,0.0187162
20241124,2024-11-24,Domestic Aviation,0.000567627
20241124,2024-11-24,Ground Transport,0.0234616
20241124,2024-11-24,Industry,0.0279744
20241124,2024-11-24,International Aviation,0.00580046
20241124,2024-11-24,Power,0.0103832
20241124,2024-11-24,Residential,0.0164692
20241125,2024-11-25,Domestic Aviation,0.000591147
20241125,2024-11-25,Ground Transport,0.0287719
20241125,2024-11-25,Industry,0.0264808
20241125,2024-11-25,International Aviation,0.00505737
20241125,2024-11-25,Power,0.00982881
20241125,2024-11-25,Residential,0.0113097
20241126,2024-11-26,Domestic Aviation,0.000592666
20241126,2024-11-26,Ground Transport,0.027543
20241126,2024-11-26,Industry,0.0252676
20241126,2024-11-26,International Aviation,0.00516059
20241126,2024-11-26,Power,0.00937852
20241126,2024-11-26,Residential,0.0103082
20241127,2024-11-27,Domestic Aviation,0.000614379
20241127,2024-11-27,Ground Transport,0.0278673
20241127,2024-11-27,Industry,0.0456314
20241127,2024-11-27,International Aviation,0.00544939
20241127,2024-11-27,Power,0.0169369
20241127,2024-11-27,Residential,0.0125379
20241128,2024-11-28,Domestic Aviation,0.000601708
20241128,2024-11-28,Ground Transport,0.0274854
20241128,2024-11-28,Industry,0.051
20241128,2024-11-28,International Aviation,0.00484272
20241128,2024-11-28,Power,0.0189296
20241128,2024-11-28,Residential,0.0134167
20241129,2024-11-29,Domestic Aviation,0.000671999
20241129,2024-11-29,Ground Transport,0.0280804
20241129,2024-11-29,Industry,0.0305183
20241129,2024-11-29,International Aviation,0.00573169
20241129,2024-11-29,Power,0.0113274
20241129,2024-11-29,Residential,0.0147564
20241130,2024-11-30,Domestic Aviation,0.00053901
20241130,2024-11-30,Ground Transport,0.023672
20241130,2024-11-30,Industry,0.0274285
20241130,2024-11-30,International Aviation,0.00611918
20241130,2024-11-30,Power,0.0101806
20241130,2024-11-30,Residential,0.0143291
20241201,2024-12-01,Domestic Aviation,0.00056555
20241201,2024-12-01,Ground Transport,0.0192507
20241201,2024-12-01,Industry,0.0214529
20241201,2024-12-01,International Aviation,0.00664284
20241201,2024-12-01,Power,0.00908422
20241201,2024-12-01,Residential,0.0111877
20241202,2024-12-02,Domestic Aviation,0.000562228
20241202,2024-12-02,Ground Transport,0.0266871
20241202,2024-12-02,Industry,0.0242143
20241202,2024-12-02,International Aviation,0.00553133
20241202,2024-12-02,Power,0.0102535
20241202,2024-12-02,Residential,0.0113552
20241203,2024-12-03,Domestic Aviation,0.000623983
20241203,2024-12-03,Ground Transport,0.0293456
20241203,2024-12-03,Industry,0.0341151
20241203,2024-12-03,International Aviation,0.00594855
20241203,2024-12-03,Power,0.014446
20241203,2024-12-03,Residential,0.0172213
20241204,2024-12-04,Domestic Aviation,0.000662999
20241204,2024-12-04,Ground Transport,0.0289776
20241204,2024-12-04,Industry,0.0415134
20241204,2024-12-04,International Aviation,0.00675521
20241204,2024-12-04,Power,0.0175788
20241204,2024-12-04,Residential,0.0213031
20241205,2024-12-05,Domestic Aviation,0.000612085
20241205,2024-12-05,Ground Transport,0.0295613
20241205,2024-12-05,Industry,0.0331232
20241205,2024-12-05,International Aviation,0.00614316
20241205,2024-12-05,Power,0.014026
20241205,2024-12-05,Residential,0.0189576
20241206,2024-12-06,Domestic Aviation,0.000389495
20241206,2024-12-06,Ground Transport,0.0221464
20241206,2024-12-06,Industry,0.0243395
20241206,2024-12-06,International Aviation,0.004968
20241206,2024-12-06,Power,0.0103065
20241206,2024-12-06,Residential,0.0158067
20241207,2024-12-07,Domestic Aviation,0.000577538
20241207,2024-12-07,Ground Transport,0.0244724
20241207,2024-12-07,Industry,0.0303207
20241207,2024-12-07,International Aviation,0.00614463
20241207,2024-12-07,Power,0.0128393
20241207,2024-12-07,Residential,0.0161794
20241208,2024-12-08,Domestic Aviation,0.000646974
20241208,2024-12-08,Ground Transport,0.0202215
20241208,2024-12-08,Industry,0.0307496
20241208,2024-12-08,International Aviation,0.00735373
20241208,2024-12-08,Power,0.0130209
20241208,2024-12-08,Residential,0.0161981
20241209,2024-12-09,Domestic Aviation,0.00041034
20241209,2024-12-09,Ground Transport,0.0274064
20241209,2024-12-09,Industry,0.032036
20241209,2024-12-09,International Aviation,0.00474608
20241209,2024-12-09,Power,0.0135656
20241209,2024-12-09,Residential,0.016973
20241210,2024-12-10,Domestic Aviation,0.000636091
20241210,2024-12-10,Ground Transport,0.027813
20241210,2024-12-10,Industry,0.0245115
20241210,2024-12-10,International Aviation,0.0051648
20241210,2024-12-10,Power,0.0103794
20241210,2024-12-10,Residential,0.0143509
20241211,2024-12-11,Domestic Aviation,0.000666365
20241211,2024-12-11,Ground Transport,0.0281092
20241211,2024-12-11,Industry,0.0249171
20241211,2024-12-11,International Aviation,0.00641311
20241211,2024-12-11,Power,0.0105511
20241211,2024-12-11,Residential,0.01488
20241212,2024-12-12,Domestic Aviation,0.000646041
20241212,2024-12-12,Ground Transport,0.0284339
20241212,2024-12-12,Industry,0.0348592
20241212,2024-12-12,International Aviation,0.00562913
20241212,2024-12-12,Power,0.0147611
20241212,2024-12-12,Residential,0.0188014
20241213,2024-12-13,Domestic Aviation,0.00045768
20241213,2024-12-13,Ground Transport,0.0293111
20241213,2024-12-13,Industry,0.0480008
20241213,2024-12-13,International Aviation,0.00402716
20241213,2024-12-13,Power,0.0203259
20241213,2024-12-13,Residential,0.0198431
20241214,2024-12-14,Domestic Aviation,0.000563453
20241214,2024-12-14,Ground Transport,0.0285843
20241214,2024-12-14,Industry,0.0323627
20241214,2024-12-14,International Aviation,0.0052285
20241214,2024-12-14,Power,0.0137039
20241214,2024-12-14,Residential,0.0185929
20241215,2024-12-15,Domestic Aviation,0.00063368
20241215,2024-12-15,Ground Transport,0.0257564
20241215,2024-12-15,Industry,0.0324168
20241215,2024-12-15,International Aviation,0.00717042
20241215,2024-12-15,Power,0.0137269
20241215,2024-12-15,Residential,0.0236332
20241216,2024-12-16,Domestic Aviation,0.000614979
20241216,2024-12-16,Ground Transport,0.0300688
20241216,2024-12-16,Industry,0.0333114
20241216,2024-12-16,International Aviation,0.00574056
20241216,2024-12-16,Power,0.0141057
20241216,2024-12-16,Residential,0.0185214
20241217,2024-12-17,Domestic Aviation,0.000668487
20241217,2024-12-17,Ground Transport,0.0298341
20241217,2024-12-17,Industry,0.0495257
20241217,2024-12-17,International Aviation,0.00618843
20241217,2024-12-17,Power,0.0209716
20241217,2024-12-17,Residential,0.0214168
20241218,2024-12-18,Domestic Aviation,0.000646285
20241218,2024-12-18,Ground Transport,0.0297483
20241218,2024-12-18,Industry,0.0468612
20241218,2024-12-18,International Aviation,0.00673295
20241218,2024-12-18,Power,0.0198433
20241218,2024-12-18,Residential,0.0227175
20241219,2024-12-19,Domestic Aviation,0.000675669
20241219,2024-12-19,Ground Transport,0.0297207
20241219,2024-12-19,Industry,0.0349595
20241219,2024-12-19,International Aviation,0.00611924
20241219,2024-12-19,Power,0.0148036
20241219,2024-12-19,Residential,0.0158453
20241220,2024-12-20,Domestic Aviation,0.000653063
20241220,2024-12-20,Ground Transport,0.0291049
20241220,2024-12-20,Industry,0.0436826
20241220,2024-12-20,International Aviation,0.00543755
20241220,2024-12-20,Power,0.0184974
20241220,2024-12-20,Residential,0.0175788
20241221,2024-12-21,Domestic Aviation,0.000671191
20241221,2024-12-21,Ground Transport,0.0271329
20241221,2024-12-21,Industry,0.032968
20241221,2024-12-21,International Aviation,0.00672061
20241221,2024-12-21,Power,0.0139603
20241221,2024-12-21,Residential,0.0207571
20241222,2024-12-22,Domestic Aviation,0.000642094
20241222,2024-12-22,Ground Transport,0.0232392
20241222,2024-12-22,Industry,0.0280233
20241222,2024-12-22,International Aviation,0.00707485
20241222,2024-12-22,Power,0.0118664
20241222,2024-12-22,Residential,0.0169338
20241223,2024-12-23,Domestic Aviation,0.000547994
20241223,2024-12-23,Ground Transport,0.0270098
20241223,2024-12-23,Industry,0.0342648
20241223,2024-12-23,International Aviation,0.00683807
20241223,2024-12-23,Power,0.0145094
20241223,2024-12-23,Residential,0.0153632
20241224,2024-12-24,Domestic Aviation,0.000316014
20241224,2024-12-24,Ground Transport,0.0172382
20241224,2024-12-24,Industry,0.031318
20241224,2024-12-24,International Aviation,0.00504427
20241224,2024-12-24,Power,0.0132616
20241224,2024-12-24,Residential,0.0163785
20241225,2024-12-25,Domestic Aviation,0.000335417
20241225,2024-12-25,Ground Transport,0.0121541
20241225,2024-12-25,Industry,0.023625
20241225,2024-12-25,International Aviation,0.00414628
20241225,2024-12-25,Power,0.010004
20241225,2024-12-25,Residential,0.013233
20241226,2024-12-26,Domestic Aviation,0.000518262
20241226,2024-12-26,Ground Transport,0.0161728
20241226,2024-12-26,Industry,0.0209648
20241226,2024-12-26,International Aviation,0.00551845
20241226,2024-12-26,Power,0.00887754
20241226,2024-12-26,Residential,0.0127573
20241227,2024-12-27,Domestic Aviation,0.000592497
20241227,2024-12-27,Ground Transport,0.0239914
20241227,2024-12-27,Industry,0.021343
20241227,2024-12-27,International Aviation,0.00553702
20241227,2024-12-27,Power,0.0090377
20241227,2024-12-27,Residential,0.0150613
20241228,2024-12-28,Domestic Aviation,0.000630777
20241228,2024-12-28,Ground Transport,0.0204601
20241228,2024-12-28,Industry,0.0213007
20241228,2024-12-28,International Aviation,0.00675578
20241228,2024-12-28,Power,0.00901975
20241228,2024-12-28,Residential,0.0158434
20241229,2024-12-29,Domestic Aviation,0.000609496
20241229,2024-12-29,Ground Transport,0.016649
20241229,2024-12-29,Industry,0.0211807
20241229,2024-12-29,International Aviation,0.00720194
20241229,2024-12-29,Power,0.00896893
20241229,2024-12-29,Residential,0.0129528
20241230,2024-12-30,Domestic Aviation,0.0005153
20241230,2024-12-30,Ground Transport,0.0261159
20241230,2024-12-30,Industry,0.0213069
20241230,2024-12-30,International Aviation,0.00551084
20241230,2024-12-30,Power,0.00902239
20241230,2024-12-30,Residential,0.0152924
20241231,2024-12-31,Domestic Aviation,0.000411146
20241231,2024-12-31,Ground Transport,0.0267885
20241231,2024-12-31,Industry,0.024238
20241231,2024-12-31,International Aviation,0.00543509
20241231,2024-12-31,Power,0.0102636
20241231,2024-12-31,Residential,0.0180809
20250101,2025-01-01,Domestic Aviation,0.000471117
20250101,2025-01-01,Ground Transport,0.0167083
20250101,2025-01-01,Industry,0.0254272
20250101,2025-01-01,International Aviation,0.00520739
20250101,2025-01-01,Power,0.0135963
20250101,2025-01-01,Residential,0.0202256
20250102,2025-01-02,Domestic Aviation,0.000594835
20250102,2025-01-02,Ground Transport,0.0259583
20250102,2025-01-02,Industry,0.0336753
20250102,2025-01-02,International Aviation,0.00636091
20250102,2025-01-02,Power,0.0180067
20250102,2025-01-02,Residential,0.0215611
20250103,2025-01-03,Domestic Aviation,0.000587594
20250103,2025-01-03,Ground Transport,0.0265233
20250103,2025-01-03,Industry,0.0381033
20250103,2025-01-03,International Aviation,0.00588968
20250103,2025-01-03,Power,0.0203744
20250103,2025-01-03,Residential,0.0237688
20250104,2025-01-04,Domestic Aviation,0.000681547
20250104,2025-01-04,Ground Transport,0.0266992
20250104,2025-01-04,Industry,0.0405413
20250104,2025-01-04,International Aviation,0.00645779
20250104,2025-01-04,Power,0.0216781
20250104,2025-01-04,Residential,0.02334
20250105,2025-01-05,Domestic Aviation,0.000621451
20250105,2025-01-05,Ground Transport,0.026937
20250105,2025-01-05,Industry,0.0354172
20250105,2025-01-05,International Aviation,0.00663868
20250105,2025-01-05,Power,0.0189382
20250105,2025-01-05,Residential,0.0254782
20250106,2025-01-06,Domestic Aviation,0.000498198
20250106,2025-01-06,Ground Transport,0.0215804
20250106,2025-01-06,Industry,0.0367973
20250106,2025-01-06,International Aviation,0.00578167
20250106,2025-01-06,Power,0.0196761
20250106,2025-01-06,Residential,0.0224135
20250107,2025-01-07,Domestic Aviation,0.000548978
20250107,2025-01-07,Ground Transport,0.0190382
20250107,2025-01-07,Industry,0.0282426
20250107,2025-01-07,International Aviation,0.00559191
20250107,2025-01-07,Power,0.0151018
20250107,2025-01-07,Residential,0.0188435
20250108,2025-01-08,Domestic Aviation,0.000621078
20250108,2025-01-08,Ground Transport,0.0283984
20250108,2025-01-08,Industry,0.0345421
20250108,2025-01-08,International Aviation,0.00583125
20250108,2025-01-08,Power,0.0184703
20250108,2025-01-08,Residential,0.0169742
20250109,2025-01-09,Domestic Aviation,0.000632699
20250109,2025-01-09,Ground Transport,0.0283495
20250109,2025-01-09,Industry,0.0450332
20250109,2025-01-09,International Aviation,0.00521889
20250109,2025-01-09,Power,0.02408
20250109,2025-01-09,Residential,0.0198137
20250110,2025-01-10,Domestic Aviation,0.000612101
20250110,2025-01-10,Ground Transport,0.0280354
20250110,2025-01-10,Industry,0.0380439
20250110,2025-01-10,International Aviation,0.00509547
20250110,2025-01-10,Power,0.0203427
20250110,2025-01-10,Residential,0.0203309
20250111,2025-01-11,Domestic Aviation,0.000498247
20250111,2025-01-11,Ground Transport,0.0278984
20250111,2025-01-11,Industry,0.0297461
20250111,2025-01-11,International Aviation,0.00593306
20250111,2025-01-11,Power,0.0159057
20250111,2025-01-11,Residential,0.0211928
20250112,2025-01-12,Domestic Aviation,0.000579318
20250112,2025-01-12,Ground Transport,0.0298634
20250112,2025-01-12,Industry,0.0316718
20250112,2025-01-12,International Aviation,0.00619574
20250112,2025-01-12,Power,0.0169355
20250112,2025-01-12,Residential,0.0234299
20250113,2025-01-13,Domestic Aviation,0.000566916
20250113,2025-01-13,Ground Transport,0.025661
20250113,2025-01-13,Industry,0.0216201
20250113,2025-01-13,International Aviation,0.00529089
20250113,2025-01-13,Power,0.0115607
20250113,2025-01-13,Residential,0.0173704
20250114,2025-01-14,Domestic Aviation,0.000549645
20250114,2025-01-14,Ground Transport,0.0223719
20250114,2025-01-14,Industry,0.0181405
20250114,2025-01-14,International Aviation,0.00504351
20250114,2025-01-14,Power,0.0097
20250114,2025-01-14,Residential,0.0133989
20250115,2025-01-15,Domestic Aviation,0.000656617
20250115,2025-01-15,Ground Transport,0.0291318
20250115,2025-01-15,Industry,0.0227387
20250115,2025-01-15,International Aviation,0.00534323
20250115,2025-01-15,Power,0.0121588
20250115,2025-01-15,Residential,0.0162874
20250116,2025-01-16,Domestic Aviation,0.00067008
20250116,2025-01-16,Ground Transport,0.0291121
20250116,2025-01-16,Industry,0.0176073
20250116,2025-01-16,International Aviation,0.00505881
20250116,2025-01-16,Power,0.00941494
20250116,2025-01-16,Residential,0.0118508
20250117,2025-01-17,Domestic Aviation,0.00064284
20250117,2025-01-17,Ground Transport,0.02933
20250117,2025-01-17,Industry,0.0173166
20250117,2025-01-17,International Aviation,0.00559124
20250117,2025-01-17,Power,0.0092595
20250117,2025-01-17,Residential,0.0131213
20250118,2025-01-18,Domestic Aviation,0.000482116
20250118,2025-01-18,Ground Transport,0.0304447
20250118,2025-01-18,Industry,0.0176292
20250118,2025-01-18,International Aviation,0.00643207
20250118,2025-01-18,Power,0.00942663
20250118,2025-01-18,Residential,0.0134224
20250119,2025-01-19,Domestic Aviation,0.0005837
20250119,2025-01-19,Ground Transport,0.0299339
20250119,2025-01-19,Industry,0.0178099
20250119,2025-01-19,International Aviation,0.00582781
20250119,2025-01-19,Power,0.00952324
20250119,2025-01-19,Residential,0.0151276
20250120,2025-01-20,Domestic Aviation,0.000673998
20250120,2025-01-20,Ground Transport,0.0272044
20250120,2025-01-20,Industry,0.034865
20250120,2025-01-20,International Aviation,0.00514075
20250120,2025-01-20,Power,0.0186429
20250120,2025-01-20,Residential,0.0201316
20250121,2025-01-21,Domestic Aviation,0.000607378
20250121,2025-01-21,Ground Transport,0.0238636
20250121,2025-01-21,Industry,0.0293801
20250121,2025-01-21,International Aviation,0.00512626
20250121,2025-01-21,Power,0.0157101
20250121,2025-01-21,Residential,0.0218978
20250122,2025-01-22,Domestic Aviation,0.000653559
20250122,2025-01-22,Ground Transport,0.0301903
20250122,2025-01-22,Industry,0.0394701
20250122,2025-01-22,International Aviation,0.00525251
20250122,2025-01-22,Power,0.0211053
20250122,2025-01-22,Residential,0.0186256
20250123,2025-01-23,Domestic Aviation,0.000656118
20250123,2025-01-23,Ground Transport,0.0293288
20250123,2025-01-23,Industry,0.0343622
20250123,2025-01-23,International Aviation,0.00514776
20250123,2025-01-23,Power,0.018374
20250123,2025-01-23,Residential,0.0187242
20250124,2025-01-24,Domestic Aviation,0.000677628
20250124,2025-01-24,Ground Transport,0.0288863
20250124,2025-01-24,Industry,0.02181
20250124,2025-01-24,International Aviation,0.00502175
20250124,2025-01-24,Power,0.0116621
20250124,2025-01-24,Residential,0.0161165
20250125,2025-01-25,Domestic Aviation,0.000519098
20250125,2025-01-25,Ground Transport,0.0289059
20250125,2025-01-25,Industry,0.0177472
20250125,2025-01-25,International Aviation,0.0061731
20250125,2025-01-25,Power,0.0094897
20250125,2025-01-25,Residential,0.0135752
20250126,2025-01-26,Domestic Aviation,0.000647443
20250126,2025-01-26,Ground Transport,0.0288604
20250126,2025-01-26,Industry,0.0178138
20250126,2025-01-26,International Aviation,0.0063042
20250126,2025-01-26,Power,0.00952532
20250126,2025-01-26,Residential,0.01365
20250127,2025-01-27,Domestic Aviation,0.00061199
20250127,2025-01-27,Ground Transport,0.0252114
20250127,2025-01-27,Industry,0.0226977
20250127,2025-01-27,International Aviation,0.00540173
20250127,2025-01-27,Power,0.0121368
20250127,2025-01-27,Residential,0.0154619
20250128,2025-01-28,Domestic Aviation,0.000594599
20250128,2025-01-28,Ground Transport,0.0203162
20250128,2025-01-28,Industry,0.0221806
20250128,2025-01-28,International Aviation,0.00548496
20250128,2025-01-28,Power,0.0118603
20250128,2025-01-28,Residential,0.0145068
20250129,2025-01-29,Domestic Aviation,0.000602923
20250129,2025-01-29,Ground Transport,0.0277121
20250129,2025-01-29,Industry,0.0231811
20250129,2025-01-29,International Aviation,0.00539448
20250129,2025-01-29,Power,0.0123953
20250129,2025-01-29,Residential,0.0138579
20250130,2025-01-30,Domestic Aviation,0.000650816
20250130,2025-01-30,Ground Transport,0.0283532
20250130,2025-01-30,Industry,0.0181526
20250130,2025-01-30,International Aviation,0.0055385
20250130,2025-01-30,Power,0.00970649
20250130,2025-01-30,Residential,0.0141927
20250131,2025-01-31,Domestic Aviation,0.000661678
20250131,2025-01-31,Ground Transport,0.0287316
20250131,2025-01-31,Industry,0.0234855
20250131,2025-01-31,International Aviation,0.00537406
20250131,2025-01-31,Power,0.0125581
20250131,2025-01-31,Residential,0.0158227
20250201,2025-02-01,Domestic Aviation,0.000560663
20250201,2025-02-01,Ground Transport,0.0287228
20250201,2025-02-01,Industry,0.0192504
20250201,2025-02-01,International Aviation,0.00662313
20250201,2025-02-01,Power,0.00961315
20250201,2025-02-01,Residential,0.016649
20250202,2025-02-02,Domestic Aviation,0.000604282
20250202,2025-02-02,Ground Transport,0.0291597
20250202,2025-02-02,Industry,0.0204096
20250202,2025-02-02,International Aviation,0.00531127
20250202,2025-02-02,Power,0.010192
20250202,2025-02-02,Residential,0.0175748
20250203,2025-02-03,Domestic Aviation,0.00062021
20250203,2025-02-03,Ground Transport,0.0250303
20250203,2025-02-03,Industry,0.0379032
20250203,2025-02-03,International Aviation,0.00570934
20250203,2025-02-03,Power,0.0189279
20250203,2025-02-03,Residential,0.0224501
20250204,2025-02-04,Domestic Aviation,0.00059589
20250204,2025-02-04,Ground Transport,0.0197227
20250204,2025-02-04,Industry,0.0322457
20250204,2025-02-04,International Aviation,0.00549607
20250204,2025-02-04,Power,0.0161027
20250204,2025-02-04,Residential,0.0249367
20250205,2025-02-05,Domestic Aviation,0.000660333
20250205,2025-02-05,Ground Transport,0.0276336
20250205,2025-02-05,Industry,0.0166071
20250205,2025-02-05,International Aviation,0.00577822
20250205,2025-02-05,Power,0.00829315
20250205,2025-02-05,Residential,0.0167652
20250206,2025-02-06,Domestic Aviation,0.000637704
20250206,2025-02-06,Ground Transport,0.0278631
20250206,2025-02-06,Industry,0.0272566
20250206,2025-02-06,International Aviation,0.00544689
20250206,2025-02-06,Power,0.0136112
20250206,2025-02-06,Residential,0.0160477
20250207,2025-02-07,Domestic Aviation,0.000629897
20250207,2025-02-07,Ground Transport,0.0282761
20250207,2025-02-07,Industry,0.0197754
20250207,2025-02-07,International Aviation,0.00541975
20250207,2025-02-07,Power,0.00987532
20250207,2025-02-07,Residential,0.0164179
20250208,2025-02-08,Domestic Aviation,0.000553942
20250208,2025-02-08,Ground Transport,0.0275394
20250208,2025-02-08,Industry,0.0237891
20250208,2025-02-08,International Aviation,0.0064027
20250208,2025-02-08,Power,0.0118797
20250208,2025-02-08,Residential,0.0176619
20250209,2025-02-09,Domestic Aviation,0.000602773
20250209,2025-02-09,Ground Transport,0.0274788
20250209,2025-02-09,Industry,0.0224832
20250209,2025-02-09,International Aviation,0.00598326
20250209,2025-02-09,Power,0.0112275
20250209,2025-02-09,Residential,0.0179326
20250210,2025-02-10,Domestic Aviation,0.000620348
20250210,2025-02-10,Ground Transport,0.0228129
20250210,2025-02-10,Industry,0.0320316
20250210,2025-02-10,International Aviation,0.00559437
20250210,2025-02-10,Power,0.0159957
20250210,2025-02-10,Residential,0.0177043
20250211,2025-02-11,Domestic Aviation,0.000599427
20250211,2025-02-11,Ground Transport,0.0192046
20250211,2025-02-11,Industry,0.0228307
20250211,2025-02-11,International Aviation,0.00585389
20250211,2025-02-11,Power,0.0114011
20250211,2025-02-11,Residential,0.017744
20250212,2025-02-12,Domestic Aviation,0.000651316
20250212,2025-02-12,Ground Transport,0.0267988
20250212,2025-02-12,Industry,0.0340516
20250212,2025-02-12,International Aviation,0.0054763
20250212,2025-02-12,Power,0.0170045
20250212,2025-02-12,Residential,0.0173811
20250213,2025-02-13,Domestic Aviation,0.000658286
20250213,2025-02-13,Ground Transport,0.0280103
20250213,2025-02-13,Industry,0.03849
20250213,2025-02-13,International Aviation,0.00568279
20250213,2025-02-13,Power,0.0192209
20250213,2025-02-13,Residential,0.0207628
20250214,2025-02-14,Domestic Aviation,0.000712244
20250214,2025-02-14,Ground Transport,0.0302435
20250214,2025-02-14,Industry,0.0521056
20250214,2025-02-14,International Aviation,0.00582093
20250214,2025-02-14,Power,0.0260202
20250214,2025-02-14,Residential,0.0218601
20250215,2025-02-15,Domestic Aviation,0.000627617
20250215,2025-02-15,Ground Transport,0.0286868
20250215,2025-02-15,Industry,0.0405556
20250215,2025-02-15,International Aviation,0.00640002
20250215,2025-02-15,Power,0.0202524
20250215,2025-02-15,Residential,0.0229701
20250216,2025-02-16,Domestic Aviation,0.000640274
20250216,2025-02-16,Ground Transport,0.0295535
20250216,2025-02-16,Industry,0.0491221
20250216,2025-02-16,International Aviation,0.00586855
20250216,2025-02-16,Power,0.0245303
20250216,2025-02-16,Residential,0.0238685
20250217,2025-02-17,Domestic Aviation,0.000621413
20250217,2025-02-17,Ground Transport,0.0264339
20250217,2025-02-17,Industry,0.0530299
20250217,2025-02-17,International Aviation,0.00575174
20250217,2025-02-17,Power,0.0264817
20250217,2025-02-17,Residential,0.0225169
20250218,2025-02-18,Domestic Aviation,0.000623187
20250218,2025-02-18,Ground Transport,0.0215941
20250218,2025-02-18,Industry,0.0286077
20250218,2025-02-18,International Aviation,0.00551619
20250218,2025-02-18,Power,0.0142859
20250218,2025-02-18,Residential,0.0200043
20250219,2025-02-19,Domestic Aviation,0.00064208
20250219,2025-02-19,Ground Transport,0.0264987
20250219,2025-02-19,Industry,0.0403801
20250219,2025-02-19,International Aviation,0.00593814
20250219,2025-02-19,Power,0.0201648
20250219,2025-02-19,Residential,0.0220549
20250220,2025-02-20,Domestic Aviation,0.00063596
20250220,2025-02-20,Ground Transport,0.0269156
20250220,2025-02-20,Industry,0.0267428
20250220,2025-02-20,International Aviation,0.00598643
20250220,2025-02-20,Power,0.0133547
20250220,2025-02-20,Residential,0.0196291
20250221,2025-02-21,Domestic Aviation,0.000624459
20250221,2025-02-21,Ground Transport,0.0270391
20250221,2025-02-21,Industry,0.0218236
20250221,2025-02-21,International Aviation,0.00578323
20250221,2025-02-21,Power,0.0108981
20250221,2025-02-21,Residential,0.0158552
20250222,2025-02-22,Domestic Aviation,0.000614428
20250222,2025-02-22,Ground Transport,0.0273679
20250222,2025-02-22,Industry,0.0166372
20250222,2025-02-22,International Aviation,0.00680902
20250222,2025-02-22,Power,0.00830819
20250222,2025-02-22,Residential,0.0145707
20250223,2025-02-23,Domestic Aviation,0.000678077
20250223,2025-02-23,Ground Transport,0.027426
20250223,2025-02-23,Industry,0.0165414
20250223,2025-02-23,International Aviation,0.0064391199999999996
20250223,2025-02-23,Power,0.00826036
20250223,2025-02-23,Residential,0.0144625
20250224,2025-02-24,Domestic Aviation,0.00061234
20250224,2025-02-24,Ground Transport,0.0245657
20250224,2025-02-24,Industry,0.0172524
20250224,2025-02-24,International Aviation,0.00544367
20250224,2025-02-24,Power,0.0086154
20250224,2025-02-24,Residential,0.0138147
20250225,2025-02-25,Domestic Aviation,0.000611287
20250225,2025-02-25,Ground Transport,0.0202578
20250225,2025-02-25,Industry,0.0178452
20250225,2025-02-25,International Aviation,0.00557258
20250225,2025-02-25,Power,0.00891141
20250225,2025-02-25,Residential,0.0139427
20250226,2025-02-26,Domestic Aviation,0.000655982
20250226,2025-02-26,Ground Transport,0.0257116
20250226,2025-02-26,Industry,0.0215601
20250226,2025-02-26,International Aviation,0.00535124
20250226,2025-02-26,Power,0.0107666
20250226,2025-02-26,Residential,0.0141039
20250227,2025-02-27,Domestic Aviation,0.000588961
20250227,2025-02-27,Ground Transport,0.0263027
20250227,2025-02-27,Industry,0.0209807
20250227,2025-02-27,International Aviation,0.00559368
20250227,2025-02-27,Power,0.0104772
20250227,2025-02-27,Residential,0.0140377
20250228,2025-02-28,Domestic Aviation,0.000638467
20250228,2025-02-28,Ground Transport,0.0268005
20250228,2025-02-28,Industry,0.0263371
20250228,2025-02-28,International Aviation,0.00559857
20250228,2025-02-28,Power,0.0131521
20250228,2025-02-28,Residential,0.0145006
20250301,2025-03-01,Domestic Aviation,0.000612173
20250301,2025-03-01,Ground Transport,0.0266223
20250301,2025-03-01,Industry,0.0334014
20250301,2025-03-01,International Aviation,0.00676461
20250301,2025-03-01,Power,0.0134105
20250301,2025-03-01,Residential,0.0153148
20250302,2025-03-02,Domestic Aviation,0.000614183
20250302,2025-03-02,Ground Transport,0.0260702
20250302,2025-03-02,Industry,0.0245435
20250302,2025-03-02,International Aviation,0.00646519
20250302,2025-03-02,Power,0.00985407
20250302,2025-03-02,Residential,0.014792
20250303,2025-03-03,Domestic Aviation,0.000619152
20250303,2025-03-03,Ground Transport,0.0216239
20250303,2025-03-03,Industry,0.0250919
20250303,2025-03-03,International Aviation,0.00567933
20250303,2025-03-03,Power,0.0100743
20250303,2025-03-03,Residential,0.0139227
20250304,2025-03-04,Domestic Aviation,0.000613174
20250304,2025-03-04,Ground Transport,0.0175741
20250304,2025-03-04,Industry,0.0255142
20250304,2025-03-04,International Aviation,0.00569568
20250304,2025-03-04,Power,0.0102438
20250304,2025-03-04,Residential,0.014274
20250305,2025-03-05,Domestic Aviation,0.000596548
20250305,2025-03-05,Ground Transport,0.0260402
20250305,2025-03-05,Industry,0.0249883
20250305,2025-03-05,International Aviation,0.00538079
20250305,2025-03-05,Power,0.0100327
20250305,2025-03-05,Residential,0.0134283
20250306,2025-03-06,Domestic Aviation,0.000602579
20250306,2025-03-06,Ground Transport,0.027636
20250306,2025-03-06,Industry,0.0206049
20250306,2025-03-06,International Aviation,0.00538064
20250306,2025-03-06,Power,0.00827275
20250306,2025-03-06,Residential,0.0119769
20250307,2025-03-07,Domestic Aviation,0.000605156
20250307,2025-03-07,Ground Transport,0.0273391
20250307,2025-03-07,Industry,0.0212112
20250307,2025-03-07,International Aviation,0.00591619
20250307,2025-03-07,Power,0.00851618
20250307,2025-03-07,Residential,0.0138
20250308,2025-03-08,Domestic Aviation,0.000590249
20250308,2025-03-08,Ground Transport,0.0267308
20250308,2025-03-08,Industry,0.0150836
20250308,2025-03-08,International Aviation,0.00657528
20250308,2025-03-08,Power,0.00605599
20250308,2025-03-08,Residential,0.0120699
20250309,2025-03-09,Domestic Aviation,0.000648458
20250309,2025-03-09,Ground Transport,0.0267479
20250309,2025-03-09,Industry,0.0279349
20250309,2025-03-09,International Aviation,0.00602068
20250309,2025-03-09,Power,0.0112157
20250309,2025-03-09,Residential,0.0145614
20250310,2025-03-10,Domestic Aviation,0.000598143
20250310,2025-03-10,Ground Transport,0.0219164
20250310,2025-03-10,Industry,0.0407377
20250310,2025-03-10,International Aviation,0.00520432
20250310,2025-03-10,Power,0.0163559
20250310,2025-03-10,Residential,0.0149631
20250311,2025-03-11,Domestic Aviation,0.000641385
20250311,2025-03-11,Ground Transport,0.017492
20250311,2025-03-11,Industry,0.0579744
20250311,2025-03-11,International Aviation,0.00560553
20250311,2025-03-11,Power,0.0232764
20250311,2025-03-11,Residential,0.0176278
20250312,2025-03-12,Domestic Aviation,0.000618914
20250312,2025-03-12,Ground Transport,0.0255299
20250312,2025-03-12,Industry,0.0717024
20250312,2025-03-12,International Aviation,0.00573327
20250312,2025-03-12,Power,0.0287881
20250312,2025-03-12,Residential,0.0195101
20250313,2025-03-13,Domestic Aviation,0.000586367
20250313,2025-03-13,Ground Transport,0.0268188
20250313,2025-03-13,Industry,0.0723474
20250313,2025-03-13,International Aviation,0.00559149
20250313,2025-03-13,Power,0.0290471
20250313,2025-03-13,Residential,0.0192494
20250314,2025-03-14,Domestic Aviation,0.000672696
20250314,2025-03-14,Ground Transport,0.0261623
20250314,2025-03-14,Industry,0.0649121
20250314,2025-03-14,International Aviation,0.006154
20250314,2025-03-14,Power,0.0260618
20250314,2025-03-14,Residential,0.0200592
20250315,2025-03-15,Domestic Aviation,0.00060596
20250315,2025-03-15,Ground Transport,0.0264196
20250315,2025-03-15,Industry,0.0231084
20250315,2025-03-15,International Aviation,0.00574547
20250315,2025-03-15,Power,0.0092779
20250315,2025-03-15,Residential,0.015942
20250316,2025-03-16,Domestic Aviation,0.000623736
20250316,2025-03-16,Ground Transport,0.0260213
20250316,2025-03-16,Industry,0.0265052
20250316,2025-03-16,International Aviation,0.00595727
20250316,2025-03-16,Power,0.0106417
20250316,2025-03-16,Residential,0.0178375
20250317,2025-03-17,Domestic Aviation,0.000640377
20250317,2025-03-17,Ground Transport,0.0225172
20250317,2025-03-17,Industry,0.0347047
20250317,2025-03-17,International Aviation,0.00555647
20250317,2025-03-17,Power,0.0139337
20250317,2025-03-17,Residential,0.0179523
20250318,2025-03-18,Domestic Aviation,0.000628805
20250318,2025-03-18,Ground Transport,0.0217822
20250318,2025-03-18,Industry,0.0258869
20250318,2025-03-18,International Aviation,0.00558008
20250318,2025-03-18,Power,0.0103934
20250318,2025-03-18,Residential,0.0136821
20250319,2025-03-19,Domestic Aviation,0.000668605
20250319,2025-03-19,Ground Transport,0.02699
20250319,2025-03-19,Industry,0.025175
20250319,2025-03-19,International Aviation,0.00592225
20250319,2025-03-19,Power,0.0101076
20250319,2025-03-19,Residential,0.0130713
20250320,2025-03-20,Domestic Aviation,0.000670025
20250320,2025-03-20,Ground Transport,0.026575
20250320,2025-03-20,Industry,0.041241
20250320,2025-03-20,International Aviation,0.00554289
20250320,2025-03-20,Power,0.016558
20250320,2025-03-20,Residential,0.0146662
20250321,2025-03-21,Domestic Aviation,0.000678364
20250321,2025-03-21,Ground Transport,0.0265812
20250321,2025-03-21,Industry,0.0421752
20250321,2025-03-21,International Aviation,0.00525565
20250321,2025-03-21,Power,0.0169331
20250321,2025-03-21,Residential,0.0161009
20250322,2025-03-22,Domestic Aviation,0.000576353
20250322,2025-03-22,Ground Transport,0.0263251
20250322,2025-03-22,Industry,0.0231494
20250322,2025-03-22,International Aviation,0.0060093
20250322,2025-03-22,Power,0.00929436
20250322,2025-03-22,Residential,0.015197
20250323,2025-03-23,Domestic Aviation,0.000631859
20250323,2025-03-23,Ground Transport,0.026179
20250323,2025-03-23,Industry,0.0235738
20250323,2025-03-23,International Aviation,0.00549521
20250323,2025-03-23,Power,0.00946476
20250323,2025-03-23,Residential,0.0138701
20250324,2025-03-24,Domestic Aviation,0.000609721
20250324,2025-03-24,Ground Transport,0.0209052
20250324,2025-03-24,Industry,0.0245034
20250324,2025-03-24,International Aviation,0.00564207
20250324,2025-03-24,Power,0.00983795
20250324,2025-03-24,Residential,0.0140735
20250325,2025-03-25,Domestic Aviation,0.000618294
20250325,2025-03-25,Ground Transport,0.0160786
20250325,2025-03-25,Industry,0.0274152
20250325,2025-03-25,International Aviation,0.0057958
20250325,2025-03-25,Power,0.011007
20250325,2025-03-25,Residential,0.0124296
20250326,2025-03-26,Domestic Aviation,0.000635164
20250326,2025-03-26,Ground Transport,0.0246021
20250326,2025-03-26,Industry,0.0355949
20250326,2025-03-26,International Aviation,0.00560921
20250326,2025-03-26,Power,0.0142911
20250326,2025-03-26,Residential,0.0141776
20250327,2025-03-27,Domestic Aviation,0.000484516
20250327,2025-03-27,Ground Transport,0.0257728
20250327,2025-03-27,Industry,0.0193371
20250327,2025-03-27,International Aviation,0.00470091
20250327,2025-03-27,Power,0.00776373
20250327,2025-03-27,Residential,0.0125057
20250328,2025-03-28,Domestic Aviation,0.00067775
20250328,2025-03-28,Ground Transport,0.0260107
20250328,2025-03-28,Industry,0.0171075
20250328,2025-03-28,International Aviation,0.00504358
20250328,2025-03-28,Power,0.00686858
20250328,2025-03-28,Residential,0.0112304
20250329,2025-03-29,Domestic Aviation,0.000592836
20250329,2025-03-29,Ground Transport,0.025618
20250329,2025-03-29,Industry,0.0118888
20250329,2025-03-29,International Aviation,0.00545257
20250329,2025-03-29,Power,0.00477329
20250329,2025-03-29,Residential,0.0100045
20250330,2025-03-30,Domestic Aviation,0.00051603
20250330,2025-03-30,Ground Transport,0.0174037
20250330,2025-03-30,Industry,0.01361
20250330,2025-03-30,International Aviation,0.00533295
20250330,2025-03-30,Power,0.00546435
20250330,2025-03-30,Residential,0.0107523
20250331,2025-03-31,Domestic Aviation,0.000498107
20250331,2025-03-31,Ground Transport,0.0184733
20250331,2025-03-31,Industry,0.0268541
20250331,2025-03-31,International Aviation,0.00566852
20250331,2025-03-31,Power,0.0107818
20250331,2025-03-31,Residential,0.0108969
20250401,2025-04-01,Domestic Aviation,0.000505173
20250401,2025-04-01,Ground Transport,0.0133728
20250401,2025-04-01,Industry,0.028813
20250401,2025-04-01,International Aviation,0.00508332
20250401,2025-04-01,Power,0.00570679
20250401,2025-04-01,Residential,0.0108534
20250402,2025-04-02,Domestic Aviation,0.000506303
20250402,2025-04-02,Ground Transport,0.0144369
20250402,2025-04-02,Industry,0.0253858
20250402,2025-04-02,International Aviation,0.00531581
20250402,2025-04-02,Power,0.00502799
20250402,2025-04-02,Residential,0.00846179
20250403,2025-04-03,Domestic Aviation,0.000482605
20250403,2025-04-03,Ground Transport,0.0253098
20250403,2025-04-03,Industry,0.0237681
20250403,2025-04-03,International Aviation,0.00563855
20250403,2025-04-03,Power,0.00470758
20250403,2025-04-03,Residential,0.00843446
20250404,2025-04-04,Domestic Aviation,0.000526166
20250404,2025-04-04,Ground Transport,0.0260779
20250404,2025-04-04,Industry,0.0263339
20250404,2025-04-04,International Aviation,0.00515047
20250404,2025-04-04,Power,0.00521578
20250404,2025-04-04,Residential,0.0123701
20250405,2025-04-05,Domestic Aviation,0.000439141
20250405,2025-04-05,Ground Transport,0.0250818
20250405,2025-04-05,Industry,0.0344183
20250405,2025-04-05,International Aviation,0.00524826
20250405,2025-04-05,Power,0.006817
20250405,2025-04-05,Residential,0.0164888
20250406,2025-04-06,Domestic Aviation,0.000441318
20250406,2025-04-06,Ground Transport,0.0277472
20250406,2025-04-06,Industry,0.033837
20250406,2025-04-06,International Aviation,0.00615222
20250406,2025-04-06,Power,0.00670185
20250406,2025-04-06,Residential,0.0151454
20250407,2025-04-07,Domestic Aviation,0.000497105
20250407,2025-04-07,Ground Transport,0.0216552
20250407,2025-04-07,Industry,0.04055
20250407,2025-04-07,International Aviation,0.00589752
20250407,2025-04-07,Power,0.00803145
20250407,2025-04-07,Residential,0.0138234
20250408,2025-04-08,Domestic Aviation,0.000478974
20250408,2025-04-08,Ground Transport,0.0162332
20250408,2025-04-08,Industry,0.0351368
20250408,2025-04-08,International Aviation,0.00525026
20250408,2025-04-08,Power,0.0069593
20250408,2025-04-08,Residential,0.0136957
20250409,2025-04-09,Domestic Aviation,0.000472011
20250409,2025-04-09,Ground Transport,0.025132
20250409,2025-04-09,Industry,0.0321239
20250409,2025-04-09,International Aviation,0.00566901
20250409,2025-04-09,Power,0.00636256
20250409,2025-04-09,Residential,0.014764
20250410,2025-04-10,Domestic Aviation,0.000491598
20250410,2025-04-10,Ground Transport,0.0263501
20250410,2025-04-10,Industry,0.0448368
20250410,2025-04-10,International Aviation,0.00546072
20250410,2025-04-10,Power,0.0088805
20250410,2025-04-10,Residential,0.0166846
20250411,2025-04-11,Domestic Aviation,0.0004852
20250411,2025-04-11,Ground Transport,0.0257037
20250411,2025-04-11,Industry,0.0474026
20250411,2025-04-11,International Aviation,0.00550724
20250411,2025-04-11,Power,0.00938871
20250411,2025-04-11,Residential,0.016731
20250412,2025-04-12,Domestic Aviation,0.000407646
20250412,2025-04-12,Ground Transport,0.0260716
20250412,2025-04-12,Industry,0.0276845
20250412,2025-04-12,International Aviation,0.00562117
20250412,2025-04-12,Power,0.00548328
20250412,2025-04-12,Residential,0.0134367
20250413,2025-04-13,Domestic Aviation,0.000453447
20250413,2025-04-13,Ground Transport,0.0256161
20250413,2025-04-13,Industry,0.0225067
20250413,2025-04-13,International Aviation,0.00595646
20250413,2025-04-13,Power,0.00445774
20250413,2025-04-13,Residential,0.0100511
20250414,2025-04-14,Domestic Aviation,0.00049932
20250414,2025-04-14,Ground Transport,0.0206973
20250414,2025-04-14,Industry,0.0177692
20250414,2025-04-14,International Aviation,0.00609278
20250414,2025-04-14,Power,0.00351942
20250414,2025-04-14,Residential,0.00848343
20250415,2025-04-15,Domestic Aviation,0.000463471
20250415,2025-04-15,Ground Transport,0.0166641
20250415,2025-04-15,Industry,0.0177585
20250415,2025-04-15,International Aviation,0.00504468
20250415,2025-04-15,Power,0.00351731
20250415,2025-04-15,Residential,0.00872
20250416,2025-04-16,Domestic Aviation,0.000483805
20250416,2025-04-16,Ground Transport,0.0249785
20250416,2025-04-16,Industry,0.0193044
20250416,2025-04-16,International Aviation,0.00607872
20250416,2025-04-16,Power,0.00382349
20250416,2025-04-16,Residential,0.00595944
20250417,2025-04-17,Domestic Aviation,0.000525697
20250417,2025-04-17,Ground Transport,0.0262809
20250417,2025-04-17,Industry,0.0242141
20250417,2025-04-17,International Aviation,0.00549643
20250417,2025-04-17,Power,0.00479592
20250417,2025-04-17,Residential,0.00667753
20250418,2025-04-18,Domestic Aviation,0.000372006
20250418,2025-04-18,Ground Transport,0.0266157
20250418,2025-04-18,Industry,0.0153767
20250418,2025-04-18,International Aviation,0.00569204
20250418,2025-04-18,Power,0.00304556
20250418,2025-04-18,Residential,0.00685165
20250419,2025-04-19,Domestic Aviation,0.00038784
20250419,2025-04-19,Ground Transport,0.0257014
20250419,2025-04-19,Industry,0.0174959
20250419,2025-04-19,International Aviation,0.00570714
20250419,2025-04-19,Power,0.00346529
20250419,2025-04-19,Residential,0.00771487
20250420,2025-04-20,Domestic Aviation,0.000422628
20250420,2025-04-20,Ground Transport,0.0267548
20250420,2025-04-20,Industry,0.0179394
20250420,2025-04-20,International Aviation,0.00585634
20250420,2025-04-20,Power,0.00355312
20250420,2025-04-20,Residential,0.0103311
20250421,2025-04-21,Domestic Aviation,0.000459594
20250421,2025-04-21,Ground Transport,0.0223611
20250421,2025-04-21,Industry,0.0191016
20250421,2025-04-21,International Aviation,0.00594092
20250421,2025-04-21,Power,0.00378332
20250421,2025-04-21,Residential,0.0110374
20250422,2025-04-22,Domestic Aviation,0.000435559
20250422,2025-04-22,Ground Transport,0.0157498
20250422,2025-04-22,Industry,0.060538
20250422,2025-04-22,International Aviation,0.00531118
20250422,2025-04-22,Power,0.0119903
20250422,2025-04-22,Residential,0.0107427
20250423,2025-04-23,Domestic Aviation,0.000483053
20250423,2025-04-23,Ground Transport,0.0251624
20250423,2025-04-23,Industry,0.0404123
20250423,2025-04-23,International Aviation,0.00566371
20250423,2025-04-23,Power,0.00800418
20250423,2025-04-23,Residential,0.0112295
20250424,2025-04-24,Domestic Aviation,0.000467831
20250424,2025-04-24,Ground Transport,0.0277583
20250424,2025-04-24,Industry,0.0670125
20250424,2025-04-24,International Aviation,0.00573129
20250424,2025-04-24,Power,0.0132727
20250424,2025-04-24,Residential,0.0130463
20250425,2025-04-25,Domestic Aviation,0.000506384
20250425,2025-04-25,Ground Transport,0.0262346
20250425,2025-04-25,Industry,0.0452709
20250425,2025-04-25,International Aviation,0.00532286
20250425,2025-04-25,Power,0.0089665
20250425,2025-04-25,Residential,0.013302
20250426,2025-04-26,Domestic Aviation,0.000451723
20250426,2025-04-26,Ground Transport,0.0267291
20250426,2025-04-26,Industry,0.0248102
20250426,2025-04-26,International Aviation,0.00623887
20250426,2025-04-26,Power,0.00491398
20250426,2025-04-26,Residential,0.013946
20250427,2025-04-27,Domestic Aviation,0.00041957
20250427,2025-04-27,Ground Transport,0.0265122
20250427,2025-04-27,Industry,0.0237741
20250427,2025-04-27,International Aviation,0.00635937
20250427,2025-04-27,Power,0.00470877
20250427,2025-04-27,Residential,0.0127601
20250428,2025-04-28,Domestic Aviation,0.000440573
20250428,2025-04-28,Ground Transport,0.0218533
20250428,2025-04-28,Industry,0.0213986
20250428,2025-04-28,International Aviation,0.00620008
20250428,2025-04-28,Power,0.00423828
20250428,2025-04-28,Residential,0.0087961
20250429,2025-04-29,Domestic Aviation,0.000420154
20250429,2025-04-29,Ground Transport,0.0189734
20250429,2025-04-29,Industry,0.0269414
20250429,2025-04-29,International Aviation,0.00510516
20250429,2025-04-29,Power,0.00533609
20250429,2025-04-29,Residential,0.0104853
20250430,2025-04-30,Domestic Aviation,0.000411644
20250430,2025-04-30,Ground Transport,0.0263887
20250430,2025-04-30,Industry,0.0539141
20250430,2025-04-30,International Aviation,0.0060624
20250430,2025-04-30,Power,0.0106784
20250430,2025-04-30,Residential,0.012609
20250501,2025-05-01,Domestic Aviation,0.000313441
20250501,2025-05-01,Ground Transport,0.0274428
20250501,2025-05-01,Industry,0.0377333
20250501,2025-05-01,International Aviation,0.00589329
20250501,2025-05-01,Power,0.00349969
20250501,2025-05-01,Residential,0.0107184
20250502,2025-05-02,Domestic Aviation,0.000335538
20250502,2025-05-02,Ground Transport,0.021925
20250502,2025-05-02,Industry,0.034911
20250502,2025-05-02,International Aviation,0.00393008
20250502,2025-05-02,Power,0.00323792
20250502,2025-05-02,Residential,0.00822417
20250503,2025-05-03,Domestic Aviation,0.000379379
20250503,2025-05-03,Ground Transport,0.0258962
20250503,2025-05-03,Industry,0.0370203
20250503,2025-05-03,International Aviation,0.00577052
20250503,2025-05-03,Power,0.00343356
20250503,2025-05-03,Residential,0.00994933
20250504,2025-05-04,Domestic Aviation,0.000327978
20250504,2025-05-04,Ground Transport,0.0261331
20250504,2025-05-04,Industry,0.0413342
20250504,2025-05-04,International Aviation,0.00580871
20250504,2025-05-04,Power,0.00383366
20250504,2025-05-04,Residential,0.0123466
20250505,2025-05-05,Domestic Aviation,0.000331924
20250505,2025-05-05,Ground Transport,0.0210594
20250505,2025-05-05,Industry,0.0435519
20250505,2025-05-05,International Aviation,0.00556791
20250505,2025-05-05,Power,0.00403934
20250505,2025-05-05,Residential,0.0126046
20250506,2025-05-06,Domestic Aviation,0.00040901
20250506,2025-05-06,Ground Transport,0.0175533
20250506,2025-05-06,Industry,0.048223
20250506,2025-05-06,International Aviation,0.00563101
20250506,2025-05-06,Power,0.00447258
20250506,2025-05-06,Residential,0.0128398
20250507,2025-05-07,Domestic Aviation,0.000428989
20250507,2025-05-07,Ground Transport,0.0258025
20250507,2025-05-07,Industry,0.0594331
20250507,2025-05-07,International Aviation,0.00581824
20250507,2025-05-07,Power,0.00551229
20250507,2025-05-07,Residential,0.0127345
20250508,2025-05-08,Domestic Aviation,0.00042883
20250508,2025-05-08,Ground Transport,0.0266353
20250508,2025-05-08,Industry,0.0591968
20250508,2025-05-08,International Aviation,0.00603044
20250508,2025-05-08,Power,0.00549037
20250508,2025-05-08,Residential,0.0120439
20250509,2025-05-09,Domestic Aviation,0.000471646
20250509,2025-05-09,Ground Transport,0.0273567
20250509,2025-05-09,Industry,0.0506203
20250509,2025-05-09,International Aviation,0.0063657
20250509,2025-05-09,Power,0.00469492
20250509,2025-05-09,Residential,0.0112259
20250510,2025-05-10,Domestic Aviation,0.000364122
20250510,2025-05-10,Ground Transport,0.0179307
20250510,2025-05-10,Industry,0.0456785
20250510,2025-05-10,International Aviation,0.00645551
20250510,2025-05-10,Power,0.00423659
20250510,2025-05-10,Residential,0.0100474
20250511,2025-05-11,Domestic Aviation,0.000403516
20250511,2025-05-11,Ground Transport,0.025152
20250511,2025-05-11,Industry,0.0386488
20250511,2025-05-11,International Aviation,0.00636087
20250511,2025-05-11,Power,0.00358459
20250511,2025-05-11,Residential,0.00911985
20250512,2025-05-12,Domestic Aviation,0.000442169
20250512,2025-05-12,Ground Transport,0.0220904
20250512,2025-05-12,Industry,0.0367905
20250512,2025-05-12,International Aviation,0.00634428
20250512,2025-05-12,Power,0.00341224
20250512,2025-05-12,Residential,0.00770077
20250513,2025-05-13,Domestic Aviation,0.000410657
20250513,2025-05-13,Ground Transport,0.0173254
20250513,2025-05-13,Industry,0.0277414
20250513,2025-05-13,International Aviation,0.00620627
20250513,2025-05-13,Power,0.00257295
20250513,2025-05-13,Residential,0.00677312
20250514,2025-05-14,Domestic Aviation,0.000422922
20250514,2025-05-14,Ground Transport,0.0256522
20250514,2025-05-14,Industry,0.0294104
20250514,2025-05-14,International Aviation,0.00628393
20250514,2025-05-14,Power,0.00272775
20250514,2025-05-14,Residential,0.00935605
20250515,2025-05-15,Domestic Aviation,0.000433445
20250515,2025-05-15,Ground Transport,0.0269541
20250515,2025-05-15,Industry,0.0252829
20250515,2025-05-15,International Aviation,0.00637627
20250515,2025-05-15,Power,0.00234494
20250515,2025-05-15,Residential,0.00748292
20250516,2025-05-16,Domestic Aviation,0.000347853
20250516,2025-05-16,Ground Transport,0.0273074
20250516,2025-05-16,Industry,0.0243636
20250516,2025-05-16,International Aviation,0.00557052
20250516,2025-05-16,Power,0.00225967
20250516,2025-05-16,Residential,0.00549669
20250517,2025-05-17,Domestic Aviation,0.000350352
20250517,2025-05-17,Ground Transport,0.0270236
20250517,2025-05-17,Industry,0.0183619
20250517,2025-05-17,International Aviation,0.00654714
20250517,2025-05-17,Power,0.00170302
20250517,2025-05-17,Residential,0.00627895
20250518,2025-05-18,Domestic Aviation,0.000441862
20250518,2025-05-18,Ground Transport,0.0271794
20250518,2025-05-18,Industry,0.0179723
20250518,2025-05-18,International Aviation,0.00652309
20250518,2025-05-18,Power,0.00166689
20250518,2025-05-18,Residential,0.00488606
20250519,2025-05-19,Domestic Aviation,0.00038587
20250519,2025-05-19,Ground Transport,0.0215116
20250519,2025-05-19,Industry,0.0175578
20250519,2025-05-19,International Aviation,0.00517633
20250519,2025-05-19,Power,0.00162845
20250519,2025-05-19,Residential,0.00460342
20250520,2025-05-20,Domestic Aviation,0.000447815
20250520,2025-05-20,Ground Transport,0.018241
20250520,2025-05-20,Industry,0.0191033
20250520,2025-05-20,International Aviation,0.00575668
20250520,2025-05-20,Power,0.00177179
20250520,2025-05-20,Residential,0.00665783
20250521,2025-05-21,Domestic Aviation,0.000497265
20250521,2025-05-21,Ground Transport,0.0261368
20250521,2025-05-21,Industry,0.0254065
20250521,2025-05-21,International Aviation,0.00640565
20250521,2025-05-21,Power,0.0023564
20250521,2025-05-21,Residential,0.00874425
20250522,2025-05-22,Domestic Aviation,0.000442208
20250522,2025-05-22,Ground Transport,0.0267593
20250522,2025-05-22,Industry,0.0227775
20250522,2025-05-22,International Aviation,0.00653787
20250522,2025-05-22,Power,0.00211257
20250522,2025-05-22,Residential,0.00733977
20250523,2025-05-23,Domestic Aviation,0.000459923
20250523,2025-05-23,Ground Transport,0.0270006
20250523,2025-05-23,Industry,0.0224504
20250523,2025-05-23,International Aviation,0.00625632
20250523,2025-05-23,Power,0.00208222
20250523,2025-05-23,Residential,0.00714653
20250524,2025-05-24,Domestic Aviation,0.000370023
20250524,2025-05-24,Ground Transport,0.0265348
20250524,2025-05-24,Industry,0.022293
20250524,2025-05-24,International Aviation,0.00659221
20250524,2025-05-24,Power,0.00206763
20250524,2025-05-24,Residential,0.00675721
20250525,2025-05-25,Domestic Aviation,0.000391638
20250525,2025-05-25,Ground Transport,0.0267884
20250525,2025-05-25,Industry,0.0223575
20250525,2025-05-25,International Aviation,0.00680656
20250525,2025-05-25,Power,0.00207361
20250525,2025-05-25,Residential,0.0065666
20250526,2025-05-26,Domestic Aviation,0.00046216
20250526,2025-05-26,Ground Transport,0.0207985
20250526,2025-05-26,Industry,0.0192855
20250526,2025-05-26,International Aviation,0.00641228
20250526,2025-05-26,Power,0.00178868
20250526,2025-05-26,Residential,0.0039833
20250527,2025-05-27,Domestic Aviation,0.000453865
20250527,2025-05-27,Ground Transport,0.0175604
20250527,2025-05-27,Industry,0.0178819
20250527,2025-05-27,International Aviation,0.00615451
20250527,2025-05-27,Power,0.00165851
20250527,2025-05-27,Residential,0.00384926
20250528,2025-05-28,Domestic Aviation,0.00042106
20250528,2025-05-28,Ground Transport,0.0261346
20250528,2025-05-28,Industry,0.0177675
20250528,2025-05-28,International Aviation,0.00607429
20250528,2025-05-28,Power,0.0016479
20250528,2025-05-28,Residential,0.00407448
20250529,2025-05-29,Domestic Aviation,0.000338474
20250529,2025-05-29,Ground Transport,0.027016
20250529,2025-05-29,Industry,0.0185243
20250529,2025-05-29,International Aviation,0.00648515
20250529,2025-05-29,Power,0.00171809
20250529,2025-05-29,Residential,0.00424128
20250530,2025-05-30,Domestic Aviation,0.00039067
20250530,2025-05-30,Ground Transport,0.0270295
20250530,2025-05-30,Industry,0.0163866
20250530,2025-05-30,International Aviation,0.00484067
20250530,2025-05-30,Power,0.00151982
20250530,2025-05-30,Residential,0.00437686
20250531,2025-05-31,Domestic Aviation,0.000318553
20250531,2025-05-31,Ground Transport,0.0270557
20250531,2025-05-31,Industry,0.0177636
20250531,2025-05-31,International Aviation,0.00686145
20250531,2025-05-31,Power,0.00164754
20250531,2025-05-31,Residential,0.00615693
20250601,2025-06-01,Domestic Aviation,0.000388072
20250601,2025-06-01,Ground Transport,0.0268015
20250601,2025-06-01,Industry,0.0337661
20250601,2025-06-01,International Aviation,0.00630586
20250601,2025-06-01,Power,0.00161367
20250601,2025-06-01,Residential,0.00535635
20250602,2025-06-02,Domestic Aviation,0.000404418
20250602,2025-06-02,Ground Transport,0.0231458
20250602,2025-06-02,Industry,0.0334442
20250602,2025-06-02,International Aviation,0.0060065
20250602,2025-06-02,Power,0.00159828
20250602,2025-06-02,Residential,0.00533019
20250603,2025-06-03,Domestic Aviation,0.000441482
20250603,2025-06-03,Ground Transport,0.0172261
20250603,2025-06-03,Industry,0.030948
20250603,2025-06-03,International Aviation,0.00590159
20250603,2025-06-03,Power,0.00147899
20250603,2025-06-03,Residential,0.00410921
20250604,2025-06-04,Domestic Aviation,0.000361706
20250604,2025-06-04,Ground Transport,0.0262218
20250604,2025-06-04,Industry,0.0268863
20250604,2025-06-04,International Aviation,0.00502853
20250604,2025-06-04,Power,0.00128488
20250604,2025-06-04,Residential,0.00300051
20250605,2025-06-05,Domestic Aviation,0.000424207
20250605,2025-06-05,Ground Transport,0.0268165
20250605,2025-06-05,Industry,0.0271703
20250605,2025-06-05,International Aviation,0.00598779
20250605,2025-06-05,Power,0.00129846
20250605,2025-06-05,Residential,0.00359216
20250606,2025-06-06,Domestic Aviation,0.000463941
20250606,2025-06-06,Ground Transport,0.0270536
20250606,2025-06-06,Industry,0.0290284
20250606,2025-06-06,International Aviation,0.0059822
20250606,2025-06-06,Power,0.00138725
20250606,2025-06-06,Residential,0.00343032
20250607,2025-06-07,Domestic Aviation,0.000329089
20250607,2025-06-07,Ground Transport,0.0265846
20250607,2025-06-07,Industry,0.0279063
20250607,2025-06-07,International Aviation,0.00623857
20250607,2025-06-07,Power,0.00133363
20250607,2025-06-07,Residential,0.00388845
20250608,2025-06-08,Domestic Aviation,0.000389297
20250608,2025-06-08,Ground Transport,0.0261226
20250608,2025-06-08,Industry,0.0287871
20250608,2025-06-08,International Aviation,0.00603867
20250608,2025-06-08,Power,0.00137572
20250608,2025-06-08,Residential,0.00467335
20250609,2025-06-09,Domestic Aviation,0.000467994
20250609,2025-06-09,Ground Transport,0.0201844
20250609,2025-06-09,Industry,0.0448142
20250609,2025-06-09,International Aviation,0.00681469
20250609,2025-06-09,Power,0.00214165
20250609,2025-06-09,Residential,0.00470482
20250610,2025-06-10,Domestic Aviation,0.000431914
20250610,2025-06-10,Ground Transport,0.0186627
20250610,2025-06-10,Industry,0.0448759
20250610,2025-06-10,International Aviation,0.0057167
20250610,2025-06-10,Power,0.00214459
20250610,2025-06-10,Residential,0.0042156
20250611,2025-06-11,Domestic Aviation,0.000437151
20250611,2025-06-11,Ground Transport,0.0251969
20250611,2025-06-11,Industry,0.057529
20250611,2025-06-11,International Aviation,0.00637854
20250611,2025-06-11,Power,0.00274928
20250611,2025-06-11,Residential,0.00516305
20250612,2025-06-12,Domestic Aviation,0.000398214
20250612,2025-06-12,Ground Transport,0.0259278
20250612,2025-06-12,Industry,0.0322933
20250612,2025-06-12,International Aviation,0.00578029
20250612,2025-06-12,Power,0.00154328
20250612,2025-06-12,Residential,0.00422383
20250613,2025-06-13,Domestic Aviation,0.000472582
20250613,2025-06-13,Ground Transport,0.0260685
20250613,2025-06-13,Industry,0.0348574
20250613,2025-06-13,International Aviation,0.00604808
20250613,2025-06-13,Power,0.00166582
20250613,2025-06-13,Residential,0.00384092
20250614,2025-06-14,Domestic Aviation,0.000366863
20250614,2025-06-14,Ground Transport,0.0267235
20250614,2025-06-14,Industry,0.031827
20250614,2025-06-14,International Aviation,0.00621552
20250614,2025-06-14,Power,0.00152099
20250614,2025-06-14,Residential,0.00151151
20250615,2025-06-15,Domestic Aviation,0.000430307
20250615,2025-06-15,Ground Transport,0.0261532
20250615,2025-06-15,Industry,0.0302997
20250615,2025-06-15,International Aviation,0.00622106
20250615,2025-06-15,Power,0.00144801
20250615,2025-06-15,Residential,0.000577783
20250616,2025-06-16,Domestic Aviation,0.000481202
20250616,2025-06-16,Ground Transport,0.019733
20250616,2025-06-16,Industry,0.0360913
20250616,2025-06-16,International Aviation,0.00642652
20250616,2025-06-16,Power,0.00172478
20250616,2025-06-16,Residential,0.00107775
20250617,2025-06-17,Domestic Aviation,0.000284692
20250617,2025-06-17,Ground Transport,0.0171976
20250617,2025-06-17,Industry,0.0319634
20250617,2025-06-17,International Aviation,0.00452984
20250617,2025-06-17,Power,0.00152751
20250617,2025-06-17,Residential,0.00309395
20250618,2025-06-18,Domestic Aviation,0.000423139
20250618,2025-06-18,Ground Transport,0.0251195
20250618,2025-06-18,Industry,0.0271463
20250618,2025-06-18,International Aviation,0.00624147
20250618,2025-06-18,Power,0.00129731
20250618,2025-06-18,Residential,0.00368779
20250619,2025-06-19,Domestic Aviation,0.000335019
20250619,2025-06-19,Ground Transport,0.0259166
20250619,2025-06-19,Industry,0.0255992
20250619,2025-06-19,International Aviation,0.00470494
20250619,2025-06-19,Power,0.00122337
20250619,2025-06-19,Residential,0.00448523
20250620,2025-06-20,Domestic Aviation,0.000310045
20250620,2025-06-20,Ground Transport,0.0257094
20250620,2025-06-20,Industry,0.0268979
20250620,2025-06-20,International Aviation,0.00559193
20250620,2025-06-20,Power,0.00128544
20250620,2025-06-20,Residential,0.00430762
20250621,2025-06-21,Domestic Aviation,0.000227716
20250621,2025-06-21,Ground Transport,0.0234162
20250621,2025-06-21,Industry,0.0276977
20250621,2025-06-21,International Aviation,0.00583998
20250621,2025-06-21,Power,0.00132366
20250621,2025-06-21,Residential,0.00595189
20250622,2025-06-22,Domestic Aviation,0.000392806
20250622,2025-06-22,Ground Transport,0.0145852
20250622,2025-06-22,Industry,0.025797
20250622,2025-06-22,International Aviation,0.00630325
20250622,2025-06-22,Power,0.00123282
20250622,2025-06-22,Residential,0.00380626
20250623,2025-06-23,Domestic Aviation,0.000381424
20250623,2025-06-23,Ground Transport,0.0107312
20250623,2025-06-23,Industry,0.0252872
20250623,2025-06-23,International Aviation,0.00605717
20250623,2025-06-23,Power,0.00120846
20250623,2025-06-23,Residential,0.00444689
20250624,2025-06-24,Domestic Aviation,0.000321806
20250624,2025-06-24,Ground Transport,0.0133483
20250624,2025-06-24,Industry,0.0307897
20250624,2025-06-24,International Aviation,0.00547082
20250624,2025-06-24,Power,0.00147142
20250624,2025-06-24,Residential,0.00469884
20250625,2025-06-25,Domestic Aviation,0.000381221
20250625,2025-06-25,Ground Transport,0.0235602
20250625,2025-06-25,Industry,0.0316522
20250625,2025-06-25,International Aviation,0.0059849
20250625,2025-06-25,Power,0.00151264
20250625,2025-06-25,Residential,0.00481819
20250626,2025-06-26,Domestic Aviation,0.000412769
20250626,2025-06-26,Ground Transport,0.0247626
20250626,2025-06-26,Industry,0.0372912
20250626,2025-06-26,International Aviation,0.00613993
20250626,2025-06-26,Power,0.00178213
20250626,2025-06-26,Residential,0.00456888
20250627,2025-06-27,Domestic Aviation,0.000418806
20250627,2025-06-27,Ground Transport,0.0245881
20250627,2025-06-27,Industry,0.036565
20250627,2025-06-27,International Aviation,0.00594277
20250627,2025-06-27,Power,0.00174742
20250627,2025-06-27,Residential,0.00320788
20250628,2025-06-28,Domestic Aviation,0.000301705
20250628,2025-06-28,Ground Transport,0.0243257
20250628,2025-06-28,Industry,0.0296124
20250628,2025-06-28,International Aviation,0.0057623
20250628,2025-06-28,Power,0.00141516
20250628,2025-06-28,Residential,0.00289105
20250629,2025-06-29,Domestic Aviation,0.000317816
20250629,2025-06-29,Ground Transport,0.0247868
20250629,2025-06-29,Industry,0.0305855
20250629,2025-06-29,International Aviation,0.00630759
20250629,2025-06-29,Power,0.00146166
20250629,2025-06-29,Residential,0.00359808
20250630,2025-06-30,Domestic Aviation,0.000366875
20250630,2025-06-30,Ground Transport,0.020517
20250630,2025-06-30,Industry,0.0295538
20250630,2025-06-30,International Aviation,0.00616811
20250630,2025-06-30,Power,0.00141236
20250630,2025-06-30,Residential,0.0029011
20250701,2025-07-01,Domestic Aviation,0.000347508
20250701,2025-07-01,Ground Transport,0.0171319
20250701,2025-07-01,Industry,0.0244563
20250701,2025-07-01,International Aviation,0.00590011
20250701,2025-07-01,Power,0.00107691
20250701,2025-07-01,Residential,0.00104317
20250702,2025-07-02,Domestic Aviation,0.000277133
20250702,2025-07-02,Ground Transport,0.0242882
20250702,2025-07-02,Industry,0.0251361
20250702,2025-07-02,International Aviation,0.00534414
20250702,2025-07-02,Power,0.00110684
20250702,2025-07-02,Residential,0.000906438
20250703,2025-07-03,Domestic Aviation,0.000344318
20250703,2025-07-03,Ground Transport,0.0241334
20250703,2025-07-03,Industry,0.0234798
20250703,2025-07-03,International Aviation,0.00603833
20250703,2025-07-03,Power,0.0010339
20250703,2025-07-03,Residential,0.00246151
20250704,2025-07-04,Domestic Aviation,0.000350675
20250704,2025-07-04,Ground Transport,0.024389
20250704,2025-07-04,Industry,0.0235075
20250704,2025-07-04,International Aviation,0.0051106
20250704,2025-07-04,Power,0.00103512
20250704,2025-07-04,Residential,0.00477474
20250705,2025-07-05,Domestic Aviation,0.000344006
20250705,2025-07-05,Ground Transport,0.0242342
20250705,2025-07-05,Industry,0.0243699
20250705,2025-07-05,International Aviation,0.0058783
20250705,2025-07-05,Power,0.0010731
20250705,2025-07-05,Residential,0.00441717
20250706,2025-07-06,Domestic Aviation,0.000325764
20250706,2025-07-06,Ground Transport,0.0252077
20250706,2025-07-06,Industry,0.0235678
20250706,2025-07-06,International Aviation,0.00643498
20250706,2025-07-06,Power,0.00103778
20250706,2025-07-06,Residential,0.00345897
20250707,2025-07-07,Domestic Aviation,0.000252758
20250707,2025-07-07,Ground Transport,0.021022
20250707,2025-07-07,Industry,0.0271501
20250707,2025-07-07,International Aviation,0.00507988
20250707,2025-07-07,Power,0.00119552
20250707,2025-07-07,Residential,0.00259863
20250708,2025-07-08,Domestic Aviation,0.000346798
20250708,2025-07-08,Ground Transport,0.0179751
20250708,2025-07-08,Industry,0.0270258
20250708,2025-07-08,International Aviation,0.00548691
20250708,2025-07-08,Power,0.00119005
20250708,2025-07-08,Residential,0.00367878
20250709,2025-07-09,Domestic Aviation,0.000360622
20250709,2025-07-09,Ground Transport,0.02344
20250709,2025-07-09,Industry,0.031471
20250709,2025-07-09,International Aviation,0.00631341
20250709,2025-07-09,Power,0.00138579
20250709,2025-07-09,Residential,0.00271199
20250710,2025-07-10,Domestic Aviation,0.000338765
20250710,2025-07-10,Ground Transport,0.0234376
20250710,2025-07-10,Industry,0.0284202
20250710,2025-07-10,International Aviation,0.00628807
20250710,2025-07-10,Power,0.00125145
20250710,2025-07-10,Residential,0.00175759
20250711,2025-07-11,Domestic Aviation,0.000354927
20250711,2025-07-11,Ground Transport,0.0234848
20250711,2025-07-11,Industry,0.0236657
20250711,2025-07-11,International Aviation,0.00575045
20250711,2025-07-11,Power,0.00104209
20250711,2025-07-11,Residential,0.0011396
20250712,2025-07-12,Domestic Aviation,0.000352866
20250712,2025-07-12,Ground Transport,0.0239008
20250712,2025-07-12,Industry,0.0239748
20250712,2025-07-12,International Aviation,0.00600611
20250712,2025-07-12,Power,0.0010557
20250712,2025-07-12,Residential,1.40161e-05
20250713,2025-07-13,Domestic Aviation,0.000326349
20250713,2025-07-13,Ground Transport,0.0237848
20250713,2025-07-13,Industry,0.0243666
20250713,2025-07-13,International Aviation,0.00604014
20250713,2025-07-13,Power,0.00107295
20250713,2025-07-13,Residential,1.21312e-05
20250714,2025-07-14,Domestic Aviation,0.000357153
20250714,2025-07-14,Ground Transport,0.0189319
20250714,2025-07-14,Industry,0.0253158
20250714,2025-07-14,International Aviation,0.0062612
20250714,2025-07-14,Power,0.00111475
20250714,2025-07-14,Residential,4.68919e-06
20250715,2025-07-15,Domestic Aviation,0.000390081
20250715,2025-07-15,Ground Transport,0.0157228
20250715,2025-07-15,Industry,0.0257975
20250715,2025-07-15,International Aviation,0.0058541
20250715,2025-07-15,Power,0.00113596
20250715,2025-07-15,Residential,5.12416e-06
20250716,2025-07-16,Domestic Aviation,0.000350621
20250716,2025-07-16,Ground Transport,0.023152
20250716,2025-07-16,Industry,0.0251708
20250716,2025-07-16,International Aviation,0.00635643
20250716,2025-07-16,Power,0.00110836
20250716,2025-07-16,Residential,1.02169e-05
20250717,2025-07-17,Domestic Aviation,0.000357901
20250717,2025-07-17,Ground Transport,0.0233761
20250717,2025-07-17,Industry,0.0255562
20250717,2025-07-17,International Aviation,0.0058596
20250717,2025-07-17,Power,0.00112534
20250717,2025-07-17,Residential,2.03537e-05
20250718,2025-07-18,Domestic Aviation,0.000394861
20250718,2025-07-18,Ground Transport,0.0241129
20250718,2025-07-18,Industry,0.0258788
20250718,2025-07-18,International Aviation,0.00587428
20250718,2025-07-18,Power,0.00113954
20250718,2025-07-18,Residential,1.12726e-07
20250719,2025-07-19,Domestic Aviation,0.000325612
20250719,2025-07-19,Ground Transport,0.0244022
20250719,2025-07-19,Industry,0.0273198
20250719,2025-07-19,International Aviation,0.00582631
20250719,2025-07-19,Power,0.001203
20250719,2025-07-19,Residential,7.86456e-06
20250720,2025-07-20,Domestic Aviation,0.000375239
20250720,2025-07-20,Ground Transport,0.0252461
20250720,2025-07-20,Industry,0.0266223
20250720,2025-07-20,International Aviation,0.00639642
20250720,2025-07-20,Power,0.00117228
20250720,2025-07-20,Residential,5.27852e-07
20250721,2025-07-21,Domestic Aviation,0.000338528
20250721,2025-07-21,Ground Transport,0.0204979
20250721,2025-07-21,Industry,0.0282492
20250721,2025-07-21,International Aviation,0.00563421
20250721,2025-07-21,Power,0.00124392
20250721,2025-07-21,Residential,7.45041e-08
20250722,2025-07-22,Domestic Aviation,0.000316409
20250722,2025-07-22,Ground Transport,0.0164582
20250722,2025-07-22,Industry,0.0281931
20250722,2025-07-22,International Aviation,0.00616942
20250722,2025-07-22,Power,0.00124145
20250722,2025-07-22,Residential,7.49098e-07
20250723,2025-07-23,Domestic Aviation,0.000352454
20250723,2025-07-23,Ground Transport,0.022756
20250723,2025-07-23,Industry,0.029305
20250723,2025-07-23,International Aviation,0.00644363
20250723,2025-07-23,Power,0.00129041
20250723,2025-07-23,Residential,7.74785e-06
20250724,2025-07-24,Domestic Aviation,0.000355759
20250724,2025-07-24,Ground Transport,0.0230791
20250724,2025-07-24,Industry,0.0271283
20250724,2025-07-24,International Aviation,0.00567391
20250724,2025-07-24,Power,0.00119456
20250724,2025-07-24,Residential,1.03642e-05
20250725,2025-07-25,Domestic Aviation,0.000409494
20250725,2025-07-25,Ground Transport,0.0241129
20250725,2025-07-25,Industry,0.0235963
20250725,2025-07-25,International Aviation,0.00614697
20250725,2025-07-25,Power,0.00103903
20250725,2025-07-25,Residential,1.48094e-06
20250726,2025-07-26,Domestic Aviation,0.000360582
20250726,2025-07-26,Ground Transport,0.0244022
20250726,2025-07-26,Industry,0.0255286
20250726,2025-07-26,International Aviation,0.00597799
20250726,2025-07-26,Power,0.00112412
20250726,2025-07-26,Residential,7.07311e-06
20250727,2025-07-27,Domestic Aviation,0.000377978
20250727,2025-07-27,Ground Transport,0.0237825
20250727,2025-07-27,Industry,0.0246806
20250727,2025-07-27,International Aviation,0.0064655
20250727,2025-07-27,Power,0.00108678
20250727,2025-07-27,Residential,2.29383e-06
20250728,2025-07-28,Domestic Aviation,0.000399114
20250728,2025-07-28,Ground Transport,0.0199037
20250728,2025-07-28,Industry,0.0266488
20250728,2025-07-28,International Aviation,0.00577788
20250728,2025-07-28,Power,0.00117345
20250728,2025-07-28,Residential,9.19271e-07
20250729,2025-07-29,Domestic Aviation,0.000326062
20250729,2025-07-29,Ground Transport,0.017694
20250729,2025-07-29,Industry,0.0241294
20250729,2025-07-29,International Aviation,0.00621891
20250729,2025-07-29,Power,0.00106251
20250729,2025-07-29,Residential,9.94203e-07
20250730,2025-07-30,Domestic Aviation,0.000375781
20250730,2025-07-30,Ground Transport,0.0235918
20250730,2025-07-30,Industry,0.0252338
20250730,2025-07-30,International Aviation,0.00586888
20250730,2025-07-30,Power,0.00111114
20250730,2025-07-30,Residential,9.37956e-06
20250731,2025-07-31,Domestic Aviation,0.000379088
20250731,2025-07-31,Ground Transport,0.0246037
20250731,2025-07-31,Industry,0.0253626
20250731,2025-07-31,International Aviation,0.00606405
20250731,2025-07-31,Power,0.00111681
20250731,2025-07-31,Residential,2.16828e-07
20250801,2025-08-01,Domestic Aviation,0.000410155
20250801,2025-08-01,Ground Transport,0.0254595
20250801,2025-08-01,Industry,0.0133643
20250801,2025-08-01,International Aviation,0.00586735
20250801,2025-08-01,Power,0.000904547
20250801,2025-08-01,Residential,4.50352e-08
20250802,2025-08-02,Domestic Aviation,0.000310362
20250802,2025-08-02,Ground Transport,0.0245129
20250802,2025-08-02,Industry,0.0131288
20250802,2025-08-02,International Aviation,0.00603496
20250802,2025-08-02,Power,0.000888605
20250802,2025-08-02,Residential,1.43202e-07
20250803,2025-08-03,Domestic Aviation,0.000379509
20250803,2025-08-03,Ground Transport,0.0248203
20250803,2025-08-03,Industry,0.0143896
20250803,2025-08-03,International Aviation,0.00634812
20250803,2025-08-03,Power,0.00097394
20250803,2025-08-03,Residential,1.69814e-06
20250804,2025-08-04,Domestic Aviation,0.000408908
20250804,2025-08-04,Ground Transport,0.0208119
20250804,2025-08-04,Industry,0.0127481
20250804,2025-08-04,International Aviation,0.00577543
20250804,2025-08-04,Power,0.000862841
20250804,2025-08-04,Residential,1.33467e-06
20250805,2025-08-05,Domestic Aviation,0.000354167
20250805,2025-08-05,Ground Transport,0.0175248
20250805,2025-08-05,Industry,0.0112492
20250805,2025-08-05,International Aviation,0.00607822
20250805,2025-08-05,Power,0.00076139
20250805,2025-08-05,Residential,0.00021198
20250806,2025-08-06,Domestic Aviation,0.000372448
20250806,2025-08-06,Ground Transport,0.0252903
20250806,2025-08-06,Industry,0.0127651
20250806,2025-08-06,International Aviation,0.00636341
20250806,2025-08-06,Power,0.000863988
20250806,2025-08-06,Residential,0.00164695
20250807,2025-08-07,Domestic Aviation,0.000382999
20250807,2025-08-07,Ground Transport,0.0255345
20250807,2025-08-07,Industry,0.0115985
20250807,2025-08-07,International Aviation,0.00598834
20250807,2025-08-07,Power,0.000785029
20250807,2025-08-07,Residential,0.00167604
20250808,2025-08-08,Domestic Aviation,0.000445759
20250808,2025-08-08,Ground Transport,0.0265546
20250808,2025-08-08,Industry,0.0120095
20250808,2025-08-08,International Aviation,0.00597892
20250808,2025-08-08,Power,0.000812845
20250808,2025-08-08,Residential,0.00197246
20250809,2025-08-09,Domestic Aviation,0.000340949
20250809,2025-08-09,Ground Transport,0.0260796
20250809,2025-08-09,Industry,0.0115369
20250809,2025-08-09,International Aviation,0.0060224
20250809,2025-08-09,Power,0.000780861
20250809,2025-08-09,Residential,0.00109814
20250810,2025-08-10,Domestic Aviation,0.000368832
20250810,2025-08-10,Ground Transport,0.0265059
20250810,2025-08-10,Industry,0.0119805
20250810,2025-08-10,International Aviation,0.00617426
20250810,2025-08-10,Power,0.000810888
20250810,2025-08-10,Residential,0.00153904
20250811,2025-08-11,Domestic Aviation,0.000416753
20250811,2025-08-11,Ground Transport,0.0219661
20250811,2025-08-11,Industry,0.0118097
20250811,2025-08-11,International Aviation,0.00634835
20250811,2025-08-11,Power,0.000799323
20250811,2025-08-11,Residential,0.00185482
20250812,2025-08-12,Domestic Aviation,0.000385256
20250812,2025-08-12,Ground Transport,0.0182101
20250812,2025-08-12,Industry,0.0257464
20250812,2025-08-12,International Aviation,0.00562535
20250812,2025-08-12,Power,0.00174261
20250812,2025-08-12,Residential,0.00290058
20250813,2025-08-13,Domestic Aviation,0.000423527
20250813,2025-08-13,Ground Transport,0.0265849
20250813,2025-08-13,Industry,0.0424788
20250813,2025-08-13,International Aviation,0.00666362
20250813,2025-08-13,Power,0.00287512
20250813,2025-08-13,Residential,0.00216797
20250814,2025-08-14,Domestic Aviation,0.00044937
20250814,2025-08-14,Ground Transport,0.0270264
20250814,2025-08-14,Industry,0.0220282
20250814,2025-08-14,International Aviation,0.00648979
20250814,2025-08-14,Power,0.00149095
20250814,2025-08-14,Residential,0.000486592
20250815,2025-08-15,Domestic Aviation,0.000404573
20250815,2025-08-15,Ground Transport,0.0275148
20250815,2025-08-15,Industry,0.0188324
20250815,2025-08-15,International Aviation,0.00600418
20250815,2025-08-15,Power,0.00127465
20250815,2025-08-15,Residential,6.03631e-05
20250816,2025-08-16,Domestic Aviation,0.0003298
20250816,2025-08-16,Ground Transport,0.0276822
20250816,2025-08-16,Industry,0.0210173
20250816,2025-08-16,International Aviation,0.00606806
20250816,2025-08-16,Power,0.00142253
20250816,2025-08-16,Residential,0.00444535
20250817,2025-08-17,Domestic Aviation,0.000378315
20250817,2025-08-17,Ground Transport,0.0279928
20250817,2025-08-17,Industry,0.0208691
20250817,2025-08-17,International Aviation,0.00666936
20250817,2025-08-17,Power,0.0014125
20250817,2025-08-17,Residential,0.00384275
20250818,2025-08-18,Domestic Aviation,0.000452894
20250818,2025-08-18,Ground Transport,0.0231954
20250818,2025-08-18,Industry,0.0285291
20250818,2025-08-18,International Aviation,0.00615637
20250818,2025-08-18,Power,0.00193096
20250818,2025-08-18,Residential,0.00247842
20250819,2025-08-19,Domestic Aviation,0.000412243
20250819,2025-08-19,Ground Transport,0.019207
20250819,2025-08-19,Industry,0.0241565
20250819,2025-08-19,International Aviation,0.00606685
20250819,2025-08-19,Power,0.001635
20250819,2025-08-19,Residential,0.00388535
20250820,2025-08-20,Domestic Aviation,0.0004556
20250820,2025-08-20,Ground Transport,0.0262973
20250820,2025-08-20,Industry,0.0248561
20250820,2025-08-20,International Aviation,0.00648821
20250820,2025-08-20,Power,0.00168236
20250820,2025-08-20,Residential,0.00652619
20250821,2025-08-21,Domestic Aviation,0.000442364
20250821,2025-08-21,Ground Transport,0.0269575
20250821,2025-08-21,Industry,0.0454207
20250821,2025-08-21,International Aviation,0.00617101
20250821,2025-08-21,Power,0.00307425
20250821,2025-08-21,Residential,0.00675116
20250822,2025-08-22,Domestic Aviation,0.000502456
20250822,2025-08-22,Ground Transport,0.027223
20250822,2025-08-22,Industry,0.0705581
20250822,2025-08-22,International Aviation,0.0062402
20250822,2025-08-22,Power,0.00477564
20250822,2025-08-22,Residential,0.00688643
20250823,2025-08-23,Domestic Aviation,0.000359675
20250823,2025-08-23,Ground Transport,0.0270869
20250823,2025-08-23,Industry,0.0426883
20250823,2025-08-23,International Aviation,0.00597583
20250823,2025-08-23,Power,0.0028893
20250823,2025-08-23,Residential,0.00627975
20250824,2025-08-24,Domestic Aviation,0.000428233
20250824,2025-08-24,Ground Transport,0.0270379
20250824,2025-08-24,Industry,0.0259998
20250824,2025-08-24,International Aviation,0.00629619
20250824,2025-08-24,Power,0.00175976
20250824,2025-08-24,Residential,0.00653898
20250825,2025-08-25,Domestic Aviation,0.000493916
20250825,2025-08-25,Ground Transport,0.021688
20250825,2025-08-25,Industry,0.0221505
20250825,2025-08-25,International Aviation,0.00609693
20250825,2025-08-25,Power,0.00149923
20250825,2025-08-25,Residential,0.00564659
20250826,2025-08-26,Domestic Aviation,0.00042001
20250826,2025-08-26,Ground Transport,0.0178904
20250826,2025-08-26,Industry,0.0652671
20250826,2025-08-26,International Aviation,0.00573973
20250826,2025-08-26,Power,0.00441752
20250826,2025-08-26,Residential,0.00525295
20250827,2025-08-27,Domestic Aviation,0.000449098
20250827,2025-08-27,Ground Transport,0.026101
20250827,2025-08-27,Industry,0.0614245
20250827,2025-08-27,International Aviation,0.00661795
20250827,2025-08-27,Power,0.00415744
20250827,2025-08-27,Residential,0.00560032
20250828,2025-08-28,Domestic Aviation,0.000455512
20250828,2025-08-28,Ground Transport,0.0268161
20250828,2025-08-28,Industry,0.0585284
20250828,2025-08-28,International Aviation,0.00565168
20250828,2025-08-28,Power,0.00396142
20250828,2025-08-28,Residential,0.00487497
20250829,2025-08-29,Domestic Aviation,0.000480856
20250829,2025-08-29,Ground Transport,0.0269522
20250829,2025-08-29,Industry,0.0549835
20250829,2025-08-29,International Aviation,0.00605845
20250829,2025-08-29,Power,0.00372149
20250829,2025-08-29,Residential,0.00405457
20250830,2025-08-30,Domestic Aviation,0.000355398
20250830,2025-08-30,Ground Transport,0.0270377
20250830,2025-08-30,Industry,0.0245589
20250830,2025-08-30,International Aviation,0.00612402
20250830,2025-08-30,Power,0.00166224
20250830,2025-08-30,Residential,0.00402559
20250831,2025-08-31,Domestic Aviation,0.00039864
20250831,2025-08-31,Ground Transport,0.0276977
20250831,2025-08-31,Industry,0.0460463
20250831,2025-08-31,International Aviation,0.00593504
20250831,2025-08-31,Power,0.00311659
20250831,2025-08-31,Residential,0.00390995
20250901,2025-09-01,Domestic Aviation,0.00049089
20250901,2025-09-01,Ground Transport,0.022074
20250901,2025-09-01,Industry,0.057153
20250901,2025-09-01,International Aviation,0.00583423
20250901,2025-09-01,Power,0.00364841
20250901,2025-09-01,Residential,0.00380679
20250902,2025-09-02,Domestic Aviation,0.000425531
20250902,2025-09-02,Ground Transport,0.0181476
20250902,2025-09-02,Industry,0.0264283
20250902,2025-09-02,International Aviation,0.00628523
20250902,2025-09-02,Power,0.00168707
20250902,2025-09-02,Residential,0.00351623
20250903,2025-09-03,Domestic Aviation,0.000447298
20250903,2025-09-03,Ground Transport,0.0268746
20250903,2025-09-03,Industry,0.0211979
20250903,2025-09-03,International Aviation,0.00583251
20250903,2025-09-03,Power,0.00135319
20250903,2025-09-03,Residential,0.00235371
20250904,2025-09-04,Domestic Aviation,0.000465179
20250904,2025-09-04,Ground Transport,0.0270477
20250904,2025-09-04,Industry,0.023222
20250904,2025-09-04,International Aviation,0.00589944
20250904,2025-09-04,Power,0.00148239
20250904,2025-09-04,Residential,0.00186625
20250905,2025-09-05,Domestic Aviation,0.000544577
20250905,2025-09-05,Ground Transport,0.0269751
20250905,2025-09-05,Industry,0.0223831
20250905,2025-09-05,International Aviation,0.00565703
20250905,2025-09-05,Power,0.00142884
20250905,2025-09-05,Residential,0.0011803
20250906,2025-09-06,Domestic Aviation,0.000361033
20250906,2025-09-06,Ground Transport,0.0271305
20250906,2025-09-06,Industry,0.0212687
20250906,2025-09-06,International Aviation,0.00613771
20250906,2025-09-06,Power,0.0013577
20250906,2025-09-06,Residential,0.00059042
20250907,2025-09-07,Domestic Aviation,0.000410108
20250907,2025-09-07,Ground Transport,0.026965
20250907,2025-09-07,Industry,0.0208414
20250907,2025-09-07,International Aviation,0.00561523
20250907,2025-09-07,Power,0.00133043
20250907,2025-09-07,Residential,0.000371223
20250908,2025-09-08,Domestic Aviation,0.000465148
20250908,2025-09-08,Ground Transport,0.0210354
20250908,2025-09-08,Industry,0.0492021
20250908,2025-09-08,International Aviation,0.00593085
20250908,2025-09-08,Power,0.00314086
20250908,2025-09-08,Residential,0.000961192
20250909,2025-09-09,Domestic Aviation,0.00040734
20250909,2025-09-09,Ground Transport,0.0173912
20250909,2025-09-09,Industry,0.0545042
20250909,2025-09-09,International Aviation,0.00594011
20250909,2025-09-09,Power,0.00347932
20250909,2025-09-09,Residential,0.00135759
20250910,2025-09-10,Domestic Aviation,0.000477902
20250910,2025-09-10,Ground Transport,0.0256891
20250910,2025-09-10,Industry,0.0187957
20250910,2025-09-10,International Aviation,0.00562536
20250910,2025-09-10,Power,0.00119984
20250910,2025-09-10,Residential,0.00108789
20250911,2025-09-11,Domestic Aviation,0.00049522
20250911,2025-09-11,Ground Transport,0.0271871
20250911,2025-09-11,Industry,0.0187011
20250911,2025-09-11,International Aviation,0.00583798
20250911,2025-09-11,Power,0.0011938
20250911,2025-09-11,Residential,0.000267268
20250912,2025-09-12,Domestic Aviation,0.000511045
20250912,2025-09-12,Ground Transport,0.0272104
20250912,2025-09-12,Industry,0.0184748
20250912,2025-09-12,International Aviation,0.00570387
20250912,2025-09-12,Power,0.00117935
20250912,2025-09-12,Residential,0.00189138
20250913,2025-09-13,Domestic Aviation,0.000329741
20250913,2025-09-13,Ground Transport,0.0266558
20250913,2025-09-13,Industry,0.0184112
20250913,2025-09-13,International Aviation,0.00577095
20250913,2025-09-13,Power,0.00117529
20250913,2025-09-13,Residential,0.00296315
20250914,2025-09-14,Domestic Aviation,0.000422495
20250914,2025-09-14,Ground Transport,0.027238
20250914,2025-09-14,Industry,0.0200242
20250914,2025-09-14,International Aviation,0.00578632
20250914,2025-09-14,Power,0.00127826
20250914,2025-09-14,Residential,0.00372607
20250915,2025-09-15,Domestic Aviation,0.000466147
20250915,2025-09-15,Ground Transport,0.0237262
20250915,2025-09-15,Industry,0.0187682
20250915,2025-09-15,International Aviation,0.00588941
20250915,2025-09-15,Power,0.00119808
20250915,2025-09-15,Residential,0.00366609
20250916,2025-09-16,Domestic Aviation,0.00040404
20250916,2025-09-16,Ground Transport,0.0183165
20250916,2025-09-16,Industry,0.0199329
20250916,2025-09-16,International Aviation,0.00567352
20250916,2025-09-16,Power,0.00127243
20250916,2025-09-16,Residential,0.00366377
20250917,2025-09-17,Domestic Aviation,0.000434249
20250917,2025-09-17,Ground Transport,0.0256381
20250917,2025-09-17,Industry,0.0432295
20250917,2025-09-17,International Aviation,0.00577283
20250917,2025-09-17,Power,0.00275959
20250917,2025-09-17,Residential,0.00395089
20250918,2025-09-18,Domestic Aviation,0.000480612
20250918,2025-09-18,Ground Transport,0.0267431
20250918,2025-09-18,Industry,0.0425266
20250918,2025-09-18,International Aviation,0.00570472
20250918,2025-09-18,Power,0.00271472
20250918,2025-09-18,Residential,0.00438505
20250919,2025-09-19,Domestic Aviation,0.000487104
20250919,2025-09-19,Ground Transport,0.0264673
20250919,2025-09-19,Industry,0.0259366
20250919,2025-09-19,International Aviation,0.00589922
20250919,2025-09-19,Power,0.00165568
20250919,2025-09-19,Residential,0.00585645
20250920,2025-09-20,Domestic Aviation,0.000332965
20250920,2025-09-20,Ground Transport,0.026561
20250920,2025-09-20,Industry,0.0234392
20250920,2025-09-20,International Aviation,0.0053939
20250920,2025-09-20,Power,0.00149626
20250920,2025-09-20,Residential,0.00432714
20250921,2025-09-21,Domestic Aviation,0.000447291
20250921,2025-09-21,Ground Transport,0.0266263
20250921,2025-09-21,Industry,0.0212426
20250921,2025-09-21,International Aviation,0.00600982
20250921,2025-09-21,Power,0.00135604
20250921,2025-09-21,Residential,0.00311132
20250922,2025-09-22,Domestic Aviation,0.000483284
20250922,2025-09-22,Ground Transport,0.0216533
20250922,2025-09-22,Industry,0.0228421
20250922,2025-09-22,International Aviation,0.00580407
20250922,2025-09-22,Power,0.00145815
20250922,2025-09-22,Residential,0.0059858
20250923,2025-09-23,Domestic Aviation,0.000455158
20250923,2025-09-23,Ground Transport,0.0168704
20250923,2025-09-23,Industry,0.0284629
20250923,2025-09-23,International Aviation,0.00490489
20250923,2025-09-23,Power,0.00181695
20250923,2025-09-23,Residential,0.00902569
20250924,2025-09-24,Domestic Aviation,0.0005021
20250924,2025-09-24,Ground Transport,0.0254325
20250924,2025-09-24,Industry,0.0313504
20250924,2025-09-24,International Aviation,0.00542365
20250924,2025-09-24,Power,0.00200128
20250924,2025-09-24,Residential,0.00984592
20250925,2025-09-25,Domestic Aviation,0.000472122
20250925,2025-09-25,Ground Transport,0.0264494
20250925,2025-09-25,Industry,0.0377929
20250925,2025-09-25,International Aviation,0.00540832
20250925,2025-09-25,Power,0.00241254
20250925,2025-09-25,Residential,0.008074
20250926,2025-09-26,Domestic Aviation,0.000479728
20250926,2025-09-26,Ground Transport,0.0267991
20250926,2025-09-26,Industry,0.0448582
20250926,2025-09-26,International Aviation,0.0053022
20250926,2025-09-26,Power,0.00286356
20250926,2025-09-26,Residential,0.00750934
20250927,2025-09-27,Domestic Aviation,0.000406004
20250927,2025-09-27,Ground Transport,0.0267862
20250927,2025-09-27,Industry,0.0701241
20250927,2025-09-27,International Aviation,0.00584685
20250927,2025-09-27,Power,0.00447643
20250927,2025-09-27,Residential,0.00754877
20250928,2025-09-28,Domestic Aviation,0.000432869
20250928,2025-09-28,Ground Transport,0.0276983
20250928,2025-09-28,Industry,0.0465228
20250928,2025-09-28,International Aviation,0.00554934
20250928,2025-09-28,Power,0.00296982
20250928,2025-09-28,Residential,0.00829981
20250929,2025-09-29,Domestic Aviation,0.000495212
20250929,2025-09-29,Ground Transport,0.0215184
20250929,2025-09-29,Industry,0.044473
20250929,2025-09-29,International Aviation,0.00529021
20250929,2025-09-29,Power,0.00283897
20250929,2025-09-29,Residential,0.00967181
20250930,2025-09-30,Domestic Aviation,0.000425481
20250930,2025-09-30,Ground Transport,0.0179206
20250930,2025-09-30,Industry,0.0658417
20250930,2025-09-30,International Aviation,0.00554326
20250930,2025-09-30,Power,0.00420306
20250930,2025-09-30,Residential,0.0103727
20251001,2025-10-01,Domestic Aviation,0.000434977
20251001,2025-10-01,Ground Transport,0.0260926
20251001,2025-10-01,Industry,0.0410653
20251001,2025-10-01,International Aviation,0.00548193
20251001,2025-10-01,Power,0.00821167
20251001,2025-10-01,Residential,0.0101446
20251002,2025-10-02,Domestic Aviation,0.000453624
20251002,2025-10-02,Ground Transport,0.0273023
20251002,2025-10-02,Industry,0.0282463
20251002,2025-10-02,International Aviation,0.00524238
20251002,2025-10-02,Power,0.0056483
20251002,2025-10-02,Residential,0.00967114
20251003,2025-10-03,Domestic Aviation,0.000472478
20251003,2025-10-03,Ground Transport,0.0275406
20251003,2025-10-03,Industry,0.0158381
20251003,2025-10-03,International Aviation,0.00529787
20251003,2025-10-03,Power,0.00316709
20251003,2025-10-03,Residential,0.00986496
20251004,2025-10-04,Domestic Aviation,0.000348934
20251004,2025-10-04,Ground Transport,0.0273877
20251004,2025-10-04,Industry,0.013461
20251004,2025-10-04,International Aviation,0.00576415
20251004,2025-10-04,Power,0.00269174
20251004,2025-10-04,Residential,0.0094082
20251005,2025-10-05,Domestic Aviation,0.000380026
20251005,2025-10-05,Ground Transport,0.0265919
20251005,2025-10-05,Industry,0.014553
20251005,2025-10-05,International Aviation,0.00552374
20251005,2025-10-05,Power,0.00291011
20251005,2025-10-05,Residential,0.00757083
20251006,2025-10-06,Domestic Aviation,0.0004962
20251006,2025-10-06,Ground Transport,0.0210885
20251006,2025-10-06,Industry,0.0600336
20251006,2025-10-06,International Aviation,0.00563392
20251006,2025-10-06,Power,0.0120047
20251006,2025-10-06,Residential,0.00697006
20251007,2025-10-07,Domestic Aviation,0.000419603
20251007,2025-10-07,Ground Transport,0.0171845
20251007,2025-10-07,Industry,0.0312972
20251007,2025-10-07,International Aviation,0.00529188
20251007,2025-10-07,Power,0.00625838
20251007,2025-10-07,Residential,0.00605131
20251008,2025-10-08,Domestic Aviation,0.000448193
20251008,2025-10-08,Ground Transport,0.0259536
20251008,2025-10-08,Industry,0.0171287
20251008,2025-10-08,International Aviation,0.00548324
20251008,2025-10-08,Power,0.00342515
20251008,2025-10-08,Residential,0.00565079
20251009,2025-10-09,Domestic Aviation,0.000450017
20251009,2025-10-09,Ground Transport,0.0261583
20251009,2025-10-09,Industry,0.01638
20251009,2025-10-09,International Aviation,0.0057152
20251009,2025-10-09,Power,0.00327544
20251009,2025-10-09,Residential,0.00649908
20251010,2025-10-10,Domestic Aviation,0.000477458
20251010,2025-10-10,Ground Transport,0.0278582
20251010,2025-10-10,Industry,0.0165007
20251010,2025-10-10,International Aviation,0.00562851
20251010,2025-10-10,Power,0.00329959
20251010,2025-10-10,Residential,0.00808735
20251011,2025-10-11,Domestic Aviation,0.00035704
20251011,2025-10-11,Ground Transport,0.0276691
20251011,2025-10-11,Industry,0.0191967
20251011,2025-10-11,International Aviation,0.00605403
20251011,2025-10-11,Power,0.00383869
20251011,2025-10-11,Residential,0.00855571
20251012,2025-10-12,Domestic Aviation,0.000423504
20251012,2025-10-12,Ground Transport,0.0271254
20251012,2025-10-12,Industry,0.0196954
20251012,2025-10-12,International Aviation,0.0059919
20251012,2025-10-12,Power,0.00393841
20251012,2025-10-12,Residential,0.0100488
20251013,2025-10-13,Domestic Aviation,0.000423004
20251013,2025-10-13,Ground Transport,0.0210504
20251013,2025-10-13,Industry,0.042769
20251013,2025-10-13,International Aviation,0.00574793
20251013,2025-10-13,Power,0.00855236
20251013,2025-10-13,Residential,0.0106341
20251014,2025-10-14,Domestic Aviation,0.000388721
20251014,2025-10-14,Ground Transport,0.0167541
20251014,2025-10-14,Industry,0.0903602
20251014,2025-10-14,International Aviation,0.00499227
20251014,2025-10-14,Power,0.018069
20251014,2025-10-14,Residential,0.0106681
20251015,2025-10-15,Domestic Aviation,0.000421952
20251015,2025-10-15,Ground Transport,0.0238501
20251015,2025-10-15,Industry,0.0590208
20251015,2025-10-15,International Aviation,0.0054626
20251015,2025-10-15,Power,0.0118022
20251015,2025-10-15,Residential,0.00998601
20251016,2025-10-16,Domestic Aviation,0.000407466
20251016,2025-10-16,Ground Transport,0.0250754
20251016,2025-10-16,Industry,0.0237642
20251016,2025-10-16,International Aviation,0.00576821
20251016,2025-10-16,Power,0.00475203
20251016,2025-10-16,Residential,0.0103141
20251017,2025-10-17,Domestic Aviation,0.000454851
20251017,2025-10-17,Ground Transport,0.0249445
20251017,2025-10-17,Industry,0.0862097
20251017,2025-10-17,International Aviation,0.00569945
20251017,2025-10-17,Power,0.017239
20251017,2025-10-17,Residential,0.0141926
20251018,2025-10-18,Domestic Aviation,0.000379412
20251018,2025-10-18,Ground Transport,0.0244936
20251018,2025-10-18,Industry,0.0358643
20251018,2025-10-18,International Aviation,0.00598
20251018,2025-10-18,Power,0.00717165
20251018,2025-10-18,Residential,0.0142586
20251019,2025-10-19,Domestic Aviation,0.000451226
20251019,2025-10-19,Ground Transport,0.0250748
20251019,2025-10-19,Industry,0.0210524
20251019,2025-10-19,International Aviation,0.00591114
20251019,2025-10-19,Power,0.00420977
20251019,2025-10-19,Residential,0.0119883
20251020,2025-10-20,Domestic Aviation,0.000514856
20251020,2025-10-20,Ground Transport,0.0200886
20251020,2025-10-20,Industry,0.0327065
20251020,2025-10-20,International Aviation,0.00549558
20251020,2025-10-20,Power,0.00654019
20251020,2025-10-20,Residential,0.011796
20251021,2025-10-21,Domestic Aviation,0.00041848
20251021,2025-10-21,Ground Transport,0.0166292
20251021,2025-10-21,Industry,0.021124
20251021,2025-10-21,International Aviation,0.00542185
20251021,2025-10-21,Power,0.00422408
20251021,2025-10-21,Residential,0.0105305
20251022,2025-10-22,Domestic Aviation,0.000427275
20251022,2025-10-22,Ground Transport,0.0261033
20251022,2025-10-22,Industry,0.0213405
20251022,2025-10-22,International Aviation,0.00542167
20251022,2025-10-22,Power,0.00426737
20251022,2025-10-22,Residential,0.0107231
20251023,2025-10-23,Domestic Aviation,0.000429649
20251023,2025-10-23,Ground Transport,0.026667
20251023,2025-10-23,Industry,0.027772
20251023,2025-10-23,International Aviation,0.00559007
20251023,2025-10-23,Power,0.00555345
20251023,2025-10-23,Residential,0.0100393
20251024,2025-10-24,Domestic Aviation,0.000420807
20251024,2025-10-24,Ground Transport,0.0270687
20251024,2025-10-24,Industry,0.0322554
20251024,2025-10-24,International Aviation,0.00538349
20251024,2025-10-24,Power,0.00644999
20251024,2025-10-24,Residential,0.00949087
20251025,2025-10-25,Domestic Aviation,0.000346506
20251025,2025-10-25,Ground Transport,0.0268636
20251025,2025-10-25,Industry,0.0221098
20251025,2025-10-25,International Aviation,0.00566588
20251025,2025-10-25,Power,0.0044212
20251025,2025-10-25,Residential,0.00825715
20251026,2025-10-26,Domestic Aviation,0.000462713
20251026,2025-10-26,Ground Transport,0.0270069
20251026,2025-10-26,Industry,0.0217743
20251026,2025-10-26,International Aviation,0.00540429
20251026,2025-10-26,Power,0.00435413
20251026,2025-10-26,Residential,0.00824809
20251027,2025-10-27,Domestic Aviation,0.000532425
20251027,2025-10-27,Ground Transport,0.0213068
20251027,2025-10-27,Industry,0.0245489
20251027,2025-10-27,International Aviation,0.00540809
20251027,2025-10-27,Power,0.00490894
20251027,2025-10-27,Residential,0.00970116
20251028,2025-10-28,Domestic Aviation,0.000556282
20251028,2025-10-28,Ground Transport,0.0166292
20251028,2025-10-28,Industry,0.0260857
20251028,2025-10-28,International Aviation,0.00517052
20251028,2025-10-28,Power,0.00521625
20251028,2025-10-28,Residential,0.0107934
20251029,2025-10-29,Domestic Aviation,0.000545972
20251029,2025-10-29,Ground Transport,0.0262197
20251029,2025-10-29,Industry,0.053305
20251029,2025-10-29,International Aviation,0.00530942
20251029,2025-10-29,Power,0.0106592
20251029,2025-10-29,Residential,0.011268
20251030,2025-10-30,Domestic Aviation,0.000526925
20251030,2025-10-30,Ground Transport,0.0275059
20251030,2025-10-30,Industry,0.0257
20251030,2025-10-30,International Aviation,0.00524665
20251030,2025-10-30,Power,0.00513912
20251030,2025-10-30,Residential,0.0110721
20251031,2025-10-31,Domestic Aviation,0.00054697
20251031,2025-10-31,Ground Transport,0.0270628
20251031,2025-10-31,Industry,0.0378532
20251031,2025-10-31,International Aviation,0.00572006
20251031,2025-10-31,Power,0.00756936
20251031,2025-10-31,Residential,0.0107245
20251101,2025-11-01,Domestic Aviation,0.000481044
20251101,2025-11-01,Ground Transport,0.027852
20251101,2025-11-01,Industry,0.016634
20251101,2025-11-01,International Aviation,0.00524097
20251101,2025-11-01,Power,0.00548865
20251101,2025-11-01,Residential,0.0116005
20251102,2025-11-02,Domestic Aviation,0.000527267
20251102,2025-11-02,Ground Transport,0.0294033
20251102,2025-11-02,Industry,0.0131428
20251102,2025-11-02,International Aviation,0.00538119
20251102,2025-11-02,Power,0.00433666
20251102,2025-11-02,Residential,0.010181
20251103,2025-11-03,Domestic Aviation,0.000542685
20251103,2025-11-03,Ground Transport,0.0238766
20251103,2025-11-03,Industry,0.0133609
20251103,2025-11-03,International Aviation,0.00569049
20251103,2025-11-03,Power,0.00440862
20251103,2025-11-03,Residential,0.0090257
20251104,2025-11-04,Domestic Aviation,0.000505712
20251104,2025-11-04,Ground Transport,0.0198974
20251104,2025-11-04,Industry,0.0114104
20251104,2025-11-04,International Aviation,0.00486614
20251104,2025-11-04,Power,0.00376503
20251104,2025-11-04,Residential,0.00879212
20251105,2025-11-05,Domestic Aviation,0.000531016
20251105,2025-11-05,Ground Transport,0.0273853
20251105,2025-11-05,Industry,0.0115554
20251105,2025-11-05,International Aviation,0.00538132
20251105,2025-11-05,Power,0.00381288
20251105,2025-11-05,Residential,0.00664028
20251106,2025-11-06,Domestic Aviation,0.000580716
20251106,2025-11-06,Ground Transport,0.0273977
20251106,2025-11-06,Industry,0.012828
20251106,2025-11-06,International Aviation,0.00540179
20251106,2025-11-06,Power,0.00423279
20251106,2025-11-06,Residential,0.0084907
20251107,2025-11-07,Domestic Aviation,0.000515704
20251107,2025-11-07,Ground Transport,0.0274332
20251107,2025-11-07,Industry,0.0172611
20251107,2025-11-07,International Aviation,0.00558214
20251107,2025-11-07,Power,0.00569557
20251107,2025-11-07,Residential,0.00973421
20251108,2025-11-08,Domestic Aviation,0.000454833
20251108,2025-11-08,Ground Transport,0.0273028
20251108,2025-11-08,Industry,0.0165344
20251108,2025-11-08,International Aviation,0.00527093
20251108,2025-11-08,Power,0.0054558
20251108,2025-11-08,Residential,0.0110188
20251109,2025-11-09,Domestic Aviation,0.000498054
20251109,2025-11-09,Ground Transport,0.0275028
20251109,2025-11-09,Industry,0.0160303
20251109,2025-11-09,International Aviation,0.00532498
20251109,2025-11-09,Power,0.00528943
20251109,2025-11-09,Residential,0.0114718
20251110,2025-11-10,Domestic Aviation,0.000593128
20251110,2025-11-10,Ground Transport,0.0233374
20251110,2025-11-10,Industry,0.0477
20251110,2025-11-10,International Aviation,0.00543975
20251110,2025-11-10,Power,0.0157393
20251110,2025-11-10,Residential,0.0149626
20251111,2025-11-11,Domestic Aviation,0.000553066
20251111,2025-11-11,Ground Transport,0.0181616
20251111,2025-11-11,Industry,0.0244466
20251111,2025-11-11,International Aviation,0.00479255
20251111,2025-11-11,Power,0.00806654
20251111,2025-11-11,Residential,0.0136066
20251112,2025-11-12,Domestic Aviation,0.00059023
20251112,2025-11-12,Ground Transport,0.0262942
20251112,2025-11-12,Industry,0.0139555
20251112,2025-11-12,International Aviation,0.00518719
20251112,2025-11-12,Power,0.00460485
20251112,2025-11-12,Residential,0.0097081
20251113,2025-11-13,Domestic Aviation,0.000554004
20251113,2025-11-13,Ground Transport,0.0270049
20251113,2025-11-13,Industry,0.0140277
20251113,2025-11-13,International Aviation,0.00508531
20251113,2025-11-13,Power,0.00462866
20251113,2025-11-13,Residential,0.0105164
20251114,2025-11-14,Domestic Aviation,0.000591169
20251114,2025-11-14,Ground Transport,0.0270275
20251114,2025-11-14,Industry,0.0215461
20251114,2025-11-14,International Aviation,0.00555722
20251114,2025-11-14,Power,0.00710946
20251114,2025-11-14,Residential,0.0156889
20251115,2025-11-15,Domestic Aviation,0.000513412
20251115,2025-11-15,Ground Transport,0.0268083
20251115,2025-11-15,Industry,0.0151715
20251115,2025-11-15,International Aviation,0.0052502
20251115,2025-11-15,Power,0.00500608
20251115,2025-11-15,Residential,0.0161076
20251116,2025-11-16,Domestic Aviation,0.000541665
20251116,2025-11-16,Ground Transport,0.0277146
20251116,2025-11-16,Industry,0.0227187
20251116,2025-11-16,International Aviation,0.00540275
20251116,2025-11-16,Power,0.00749639
20251116,2025-11-16,Residential,0.0144819
20251117,2025-11-17,Domestic Aviation,0.000581258
20251117,2025-11-17,Ground Transport,0.0238649
20251117,2025-11-17,Industry,0.0630015
20251117,2025-11-17,International Aviation,0.00523136
20251117,2025-11-17,Power,0.0207883
20251117,2025-11-17,Residential,0.0167508
20251118,2025-11-18,Domestic Aviation,0.000585675
20251118,2025-11-18,Ground Transport,0.0190389
20251118,2025-11-18,Industry,0.0753124
20251118,2025-11-18,International Aviation,0.00510006
20251118,2025-11-18,Power,0.0248505
20251118,2025-11-18,Residential,0.0191961
20251119,2025-11-19,Domestic Aviation,0.000598908
20251119,2025-11-19,Ground Transport,0.0268444
20251119,2025-11-19,Industry,0.0775827
20251119,2025-11-19,International Aviation,0.00543856
20251119,2025-11-19,Power,0.0255996
20251119,2025-11-19,Residential,0.0197999
20251120,2025-11-20,Domestic Aviation,0.000559076
20251120,2025-11-20,Ground Transport,0.0279293
20251120,2025-11-20,Industry,0.0729795
20251120,2025-11-20,International Aviation,0.0050616
20251120,2025-11-20,Power,0.0240807
20251120,2025-11-20,Residential,0.0172231
20251121,2025-11-21,Domestic Aviation,0.000636552
20251121,2025-11-21,Ground Transport,0.0296209
20251121,2025-11-21,Industry,0.0753566
20251121,2025-11-21,International Aviation,0.00571523
20251121,2025-11-21,Power,0.0248651
20251121,2025-11-21,Residential,0.0177297
20251122,2025-11-22,Domestic Aviation,0.000559972
20251122,2025-11-22,Ground Transport,0.0300398
20251122,2025-11-22,Industry,0.0202858
20251122,2025-11-22,International Aviation,0.00562643
20251122,2025-11-22,Power,0.00669361
20251122,2025-11-22,Residential,0.0177448
20251123,2025-11-23,Domestic Aviation,0.000555412
20251123,2025-11-23,Ground Transport,0.0303585
20251123,2025-11-23,Industry,0.0274915
20251123,2025-11-23,International Aviation,0.00559495
20251123,2025-11-23,Power,0.00907126
20251123,2025-11-23,Residential,0.0130823
20251124,2025-11-24,Domestic Aviation,0.000569594
20251124,2025-11-24,Ground Transport,0.0278196
20251124,2025-11-24,Industry,0.0677009
20251124,2025-11-24,International Aviation,0.00542935
20251124,2025-11-24,Power,0.022339
20251124,2025-11-24,Residential,0.0148336
20251125,2025-11-25,Domestic Aviation,0.000608398
20251125,2025-11-25,Ground Transport,0.0234616
20251125,2025-11-25,Industry,0.0798469
20251125,2025-11-25,International Aviation,0.00502746
20251125,2025-11-25,Power,0.0263467
20251125,2025-11-25,Residential,0.0187333
20251126,2025-11-26,Domestic Aviation,0.000638804
20251126,2025-11-26,Ground Transport,0.0287719
20251126,2025-11-26,Industry,0.0251516
20251126,2025-11-26,International Aviation,0.00539699
20251126,2025-11-26,Power,0.00829917
20251126,2025-11-26,Residential,0.0181684
20251127,2025-11-27,Domestic Aviation,0.000583951
20251127,2025-11-27,Ground Transport,0.027543
20251127,2025-11-27,Industry,0.0174183
20251127,2025-11-27,International Aviation,0.00523874
20251127,2025-11-27,Power,0.00574743
20251127,2025-11-27,Residential,0.0159795
20251128,2025-11-28,Domestic Aviation,0.000625587
20251128,2025-11-28,Ground Transport,0.0278673
20251128,2025-11-28,Industry,0.0136859
20251128,2025-11-28,International Aviation,0.00548587
20251128,2025-11-28,Power,0.00451589
20251128,2025-11-28,Residential,0.0110284
20251129,2025-11-29,Domestic Aviation,0.00060102
20251129,2025-11-29,Ground Transport,0.0274854
20251129,2025-11-29,Industry,0.0131712
20251129,2025-11-29,International Aviation,0.00644399
20251129,2025-11-29,Power,0.00434603
20251129,2025-11-29,Residential,0.010221
20251130,2025-11-30,Domestic Aviation,0.000618976
20251130,2025-11-30,Ground Transport,0.0280804
20251130,2025-11-30,Industry,0.0148589
20251130,2025-11-30,International Aviation,0.0060741
20251130,2025-11-30,Power,0.00490294
20251130,2025-11-30,Residential,0.0128539
20251201,2025-12-01,Domestic Aviation,0.00060793
20251201,2025-12-01,Ground Transport,0.023672
20251201,2025-12-01,Industry,0.0233724
20251201,2025-12-01,International Aviation,0.0065615
20251201,2025-12-01,Power,0.00604721
20251201,2025-12-01,Residential,0.012897
20251202,2025-12-02,Domestic Aviation,0.000617764
20251202,2025-12-02,Ground Transport,0.0192507
20251202,2025-12-02,Industry,0.022791
20251202,2025-12-02,International Aviation,0.00590175
20251202,2025-12-02,Power,0.00589676
20251202,2025-12-02,Residential,0.0124614
20251203,2025-12-03,Domestic Aviation,0.000667884
20251203,2025-12-03,Ground Transport,0.0266871
20251203,2025-12-03,Industry,0.0178418
20251203,2025-12-03,International Aviation,0.00628699
20251203,2025-12-03,Power,0.00461626
20251203,2025-12-03,Residential,0.0115851
20251204,2025-12-04,Domestic Aviation,0.000664153
20251204,2025-12-04,Ground Transport,0.0293456
20251204,2025-12-04,Industry,0.0656556
20251204,2025-12-04,International Aviation,0.00667058
20251204,2025-12-04,Power,0.0169872
20251204,2025-12-04,Residential,0.0133101
20251205,2025-12-05,Domestic Aviation,0.000687394
20251205,2025-12-05,Ground Transport,0.0289776
20251205,2025-12-05,Industry,0.0709494
20251205,2025-12-05,International Aviation,0.0059314
20251205,2025-12-05,Power,0.0183569
20251205,2025-12-05,Residential,0.0131586
20251206,2025-12-06,Domestic Aviation,0.000586436
20251206,2025-12-06,Ground Transport,0.0295613
20251206,2025-12-06,Industry,0.0211756
20251206,2025-12-06,International Aviation,0.00632535
20251206,2025-12-06,Power,0.00547882
20251206,2025-12-06,Residential,0.0129257
20251207,2025-12-07,Domestic Aviation,0.000724688
20251207,2025-12-07,Ground Transport,0.0221464
20251207,2025-12-07,Industry,0.0225068
20251207,2025-12-07,International Aviation,0.0066291
20251207,2025-12-07,Power,0.00582324
20251207,2025-12-07,Residential,0.0137664
20251208,2025-12-08,Domestic Aviation,0.000611931
20251208,2025-12-08,Ground Transport,0.0244724
20251208,2025-12-08,Industry,0.0279596
20251208,2025-12-08,International Aviation,0.00715385
20251208,2025-12-08,Power,0.00723405
20251208,2025-12-08,Residential,0.0138035
20251209,2025-12-09,Domestic Aviation,0.000626948
20251209,2025-12-09,Ground Transport,0.0202215
20251209,2025-12-09,Industry,0.0419007
20251209,2025-12-09,International Aviation,0.00645956
20251209,2025-12-09,Power,0.0108411
20251209,2025-12-09,Residential,0.0134212
20251210,2025-12-10,Domestic Aviation,0.000649269
20251210,2025-12-10,Ground Transport,0.0274064
20251210,2025-12-10,Industry,0.0282653
20251210,2025-12-10,International Aviation,0.00659744
20251210,2025-12-10,Power,0.00731315
20251210,2025-12-10,Residential,0.0141139
20251211,2025-12-11,Domestic Aviation,0.000680765
20251211,2025-12-11,Ground Transport,0.027813
20251211,2025-12-11,Industry,0.0356845
20251211,2025-12-11,International Aviation,0.00635471
20251211,2025-12-11,Power,0.00923275
20251211,2025-12-11,Residential,0.0145106
20251212,2025-12-12,Domestic Aviation,0.000744077
20251212,2025-12-12,Ground Transport,0.0281092
20251212,2025-12-12,Industry,0.0797343
20251212,2025-12-12,International Aviation,0.00594753
20251212,2025-12-12,Power,0.0206298
20251212,2025-12-12,Residential,0.020781
20251213,2025-12-13,Domestic Aviation,0.000742105
20251213,2025-12-13,Ground Transport,0.0284339
20251213,2025-12-13,Industry,0.0513345
20251213,2025-12-13,International Aviation,0.00675614
20251213,2025-12-13,Power,0.0132819
20251213,2025-12-13,Residential,0.0211908
20251214,2025-12-14,Domestic Aviation,0.000740545
20251214,2025-12-14,Ground Transport,0.0293111
20251214,2025-12-14,Industry,0.0243256
20251214,2025-12-14,International Aviation,0.00686243
20251214,2025-12-14,Power,0.00629383
20251214,2025-12-14,Residential,0.0177371
20251215,2025-12-15,Domestic Aviation,0.000658977
20251215,2025-12-15,Ground Transport,0.0285843
20251215,2025-12-15,Industry,0.0220647
20251215,2025-12-15,International Aviation,0.0066601
20251215,2025-12-15,Power,0.00570885
20251215,2025-12-15,Residential,0.0136869
20251216,2025-12-16,Domestic Aviation,0.000637876
20251216,2025-12-16,Ground Transport,0.0257564
20251216,2025-12-16,Industry,0.0250611
20251216,2025-12-16,International Aviation,0.00624697
20251216,2025-12-16,Power,0.00648413
20251216,2025-12-16,Residential,0.0123128
20251217,2025-12-17,Domestic Aviation,0.000627099
20251217,2025-12-17,Ground Transport,0.0300688
20251217,2025-12-17,Industry,0.0216307
20251217,2025-12-17,International Aviation,0.00684151
20251217,2025-12-17,Power,0.00559656
20251217,2025-12-17,Residential,0.0122067
20251218,2025-12-18,Domestic Aviation,0.000675103
20251218,2025-12-18,Ground Transport,0.0298341
20251218,2025-12-18,Industry,0.0207313
20251218,2025-12-18,International Aviation,0.00654322
20251218,2025-12-18,Power,0.00536386
20251218,2025-12-18,Residential,0.013592
20251219,2025-12-19,Domestic Aviation,0.0007107
20251219,2025-12-19,Ground Transport,0.0297483
20251219,2025-12-19,Industry,0.0215191
20251219,2025-12-19,International Aviation,0.00647666
20251219,2025-12-19,Power,0.00556769
20251219,2025-12-19,Residential,0.0110559
20251220,2025-12-20,Domestic Aviation,0.000773404
20251220,2025-12-20,Ground Transport,0.0297207
20251220,2025-12-20,Industry,0.022874
20251220,2025-12-20,International Aviation,0.00700971
20251220,2025-12-20,Power,0.00591825
20251220,2025-12-20,Residential,0.0105768
20251221,2025-12-21,Domestic Aviation,0.000777908
20251221,2025-12-21,Ground Transport,0.0291049
20251221,2025-12-21,Industry,0.0255513
20251221,2025-12-21,International Aviation,0.00683292
20251221,2025-12-21,Power,0.00661096
20251221,2025-12-21,Residential,0.0129282
20251222,2025-12-22,Domestic Aviation,0.0005931
20251222,2025-12-22,Ground Transport,0.0271329
20251222,2025-12-22,Industry,0.0590281
20251222,2025-12-22,International Aviation,0.00716309
20251222,2025-12-22,Power,0.0152725
20251222,2025-12-22,Residential,0.0159974
20251223,2025-12-23,Domestic Aviation,0.000611953
20251223,2025-12-23,Ground Transport,0.0232392
20251223,2025-12-23,Industry,0.0288049
20251223,2025-12-23,International Aviation,0.00686097
20251223,2025-12-23,Power,0.00745278
20251223,2025-12-23,Residential,0.0219607
20251224,2025-12-24,Domestic Aviation,0.000357918
20251224,2025-12-24,Ground Transport,0.0270098
20251224,2025-12-24,Industry,0.0220544
20251224,2025-12-24,International Aviation,0.00559706
20251224,2025-12-24,Power,0.00570619
20251224,2025-12-24,Residential,0.0175095
20251225,2025-12-25,Domestic Aviation,0.000376627
20251225,2025-12-25,Ground Transport,0.0172382
20251225,2025-12-25,Industry,0.0180884
20251225,2025-12-25,International Aviation,0.00437394
20251225,2025-12-25,Power,0.00468005
20251225,2025-12-25,Residential,0.0129934
20251226,2025-12-26,Domestic Aviation,0.000540036
20251226,2025-12-26,Ground Transport,0.0121541
20251226,2025-12-26,Industry,0.0186118
20251226,2025-12-26,International Aviation,0.00611648
20251226,2025-12-26,Power,0.00481548
20251226,2025-12-26,Residential,0.0138949
20251227,2025-12-27,Domestic Aviation,0.000622981
20251227,2025-12-27,Ground Transport,0.0161728
20251227,2025-12-27,Industry,0.018737
20251227,2025-12-27,International Aviation,0.00654392
20251227,2025-12-27,Power,0.00484787
20251227,2025-12-27,Residential,0.0143561
20251228,2025-12-28,Domestic Aviation,0.000917633
20251228,2025-12-28,Ground Transport,0.0239914
20251228,2025-12-28,Industry,0.0202557
20251228,2025-12-28,International Aviation,0.00685792
20251228,2025-12-28,Power,0.0052408
20251228,2025-12-28,Residential,0.0169127
20251229,2025-12-29,Domestic Aviation,0.000599983
20251229,2025-12-29,Ground Transport,0.0204601
20251229,2025-12-29,Industry,0.0213234
20251229,2025-12-29,International Aviation,0.00653059
20251229,2025-12-29,Power,0.00551704
20251229,2025-12-29,Residential,0.0164712
20251230,2025-12-30,Domestic Aviation,0.000585605
20251230,2025-12-30,Ground Transport,0.016649
20251230,2025-12-30,Industry,0.0384772
20251230,2025-12-30,International Aviation,0.00606172
20251230,2025-12-30,Power,0.0099553
20251230,2025-12-30,Residential,0.0190391
20251231,2025-12-31,Domestic Aviation,0.000546663
20251231,2025-12-31,Ground Transport,0.0261159
20251231,2025-12-31,Industry,0.0744368
20251231,2025-12-31,International Aviation,0.00630016
20251231,2025-12-31,Power,0.0192592
20251231,2025-12-31,Residential,0.0265322
20260101,2026-01-01,Domestic Aviation,0.000584896
20260101,2026-01-01,Ground Transport,0.0167083
20260101,2026-01-01,Industry,0.0134315
20260101,2026-01-01,International Aviation,0.00541037
20260101,2026-01-01,Power,0.0158682
20260101,2026-01-01,Residential,0.0282636
20260102,2026-01-02,Domestic Aviation,0.000651318
20260102,2026-01-02,Ground Transport,0.0259583
20260102,2026-01-02,Industry,0.0133294
20260102,2026-01-02,International Aviation,0.00650416
20260102,2026-01-02,Power,0.0157475
20260102,2026-01-02,Residential,0.025972
20260103,2026-01-03,Domestic Aviation,0.0007921
20260103,2026-01-03,Ground Transport,0.0265233
20260103,2026-01-03,Industry,0.0171998
20260103,2026-01-03,International Aviation,0.00645606
20260103,2026-01-03,Power,0.0203201
20260103,2026-01-03,Residential,0.0247817
20260104,2026-01-04,Domestic Aviation,0.000715174
20260104,2026-01-04,Ground Transport,0.0266992
20260104,2026-01-04,Industry,0.025774
20260104,2026-01-04,International Aviation,0.00676704
20260104,2026-01-04,Power,0.0304497
20260104,2026-01-04,Residential,0.0288781
20260105,2026-01-05,Domestic Aviation,0.000601959
20260105,2026-01-05,Ground Transport,0.026937
20260105,2026-01-05,Industry,0.0347238
20260105,2026-01-05,International Aviation,0.00621268
20260105,2026-01-05,Power,0.0410232
20260105,2026-01-05,Residential,0.0314694
20260106,2026-01-06,Domestic Aviation,0.000540486
20260106,2026-01-06,Ground Transport,0.0215804
20260106,2026-01-06,Industry,0.0308937
20260106,2026-01-06,International Aviation,0.00571658
20260106,2026-01-06,Power,0.0364981
20260106,2026-01-06,Residential,0.0286856
20260107,2026-01-07,Domestic Aviation,0.000600344
20260107,2026-01-07,Ground Transport,0.0190382
20260107,2026-01-07,Industry,0.0239985
20260107,2026-01-07,International Aviation,0.00598486
20260107,2026-01-07,Power,0.0283522
20260107,2026-01-07,Residential,0.0236099
20260108,2026-01-08,Domestic Aviation,0.000636968
20260108,2026-01-08,Ground Transport,0.0283984
20260108,2026-01-08,Industry,0.0209774
20260108,2026-01-08,International Aviation,0.00540969
20260108,2026-01-08,Power,0.0247829
20260108,2026-01-08,Residential,0.0284313
20260109,2026-01-09,Domestic Aviation,0.000634064
20260109,2026-01-09,Ground Transport,0.0283495
20260109,2026-01-09,Industry,0.0262414
20260109,2026-01-09,International Aviation,0.00576472
20260109,2026-01-09,Power,0.0310019
20260109,2026-01-09,Residential,0.0305629
20260110,2026-01-10,Domestic Aviation,0.000581622
20260110,2026-01-10,Ground Transport,0.0280354
20260110,2026-01-10,Industry,0.0218653
20260110,2026-01-10,International Aviation,0.00603952
20260110,2026-01-10,Power,0.0258319
20260110,2026-01-10,Residential,0.0292898
20260111,2026-01-11,Domestic Aviation,0.000639852
20260111,2026-01-11,Ground Transport,0.0278984
20260111,2026-01-11,Industry,0.0243386
20260111,2026-01-11,International Aviation,0.00604801
20260111,2026-01-11,Power,0.0287539
20260111,2026-01-11,Residential,0.0232749
20260112,2026-01-12,Domestic Aviation,0.000627708
20260112,2026-01-12,Ground Transport,0.0298634
20260112,2026-01-12,Industry,0.0302846
20260112,2026-01-12,International Aviation,0.00608676
20260112,2026-01-12,Power,0.0357786
20260112,2026-01-12,Residential,0.0235075
20260113,2026-01-13,Domestic Aviation,0.000637605
20260113,2026-01-13,Ground Transport,0.025661
20260113,2026-01-13,Industry,0.0286495
20260113,2026-01-13,International Aviation,0.00543156
20260113,2026-01-13,Power,0.0338469
20260113,2026-01-13,Residential,0.022298
20260114,2026-01-14,Domestic Aviation,0.000629991
20260114,2026-01-14,Ground Transport,0.0223719
20260114,2026-01-14,Industry,0.0123515
20260114,2026-01-14,International Aviation,0.00561437
20260114,2026-01-14,Power,0.0145921
20260114,2026-01-14,Residential,0.022454000000000002
20260115,2026-01-15,Domestic Aviation,0.000656775
20260115,2026-01-15,Ground Transport,0.0291318
20260115,2026-01-15,Industry,0.0136113
20260115,2026-01-15,International Aviation,0.00531994
20260115,2026-01-15,Power,0.0160805
20260115,2026-01-15,Residential,0.0207029
20260116,2026-01-16,Domestic Aviation,0.000676427
20260116,2026-01-16,Ground Transport,0.0291121
20260116,2026-01-16,Industry,0.00751956
20260116,2026-01-16,International Aviation,0.00548741
20260116,2026-01-16,Power,0.0088837
20260116,2026-01-16,Residential,0.016951
20260117,2026-01-17,Domestic Aviation,0.000689994
20260117,2026-01-17,Ground Transport,0.02933
20260117,2026-01-17,Industry,0.00686817
20260117,2026-01-17,International Aviation,0.0064904
20260117,2026-01-17,Power,0.00811414
20260117,2026-01-17,Residential,0.017833
20260118,2026-01-18,Domestic Aviation,0.000665195
20260118,2026-01-18,Ground Transport,0.0304447
20260118,2026-01-18,Industry,0.0175853
20260118,2026-01-18,International Aviation,0.00622062
20260118,2026-01-18,Power,0.0207755
20260118,2026-01-18,Residential,0.0152396
20260119,2026-01-19,Domestic Aviation,0.000588013
20260119,2026-01-19,Ground Transport,0.0299339
20260119,2026-01-19,Industry,0.0289135
20260119,2026-01-19,International Aviation,0.00573814
20260119,2026-01-19,Power,0.0341587
20260119,2026-01-19,Residential,0.0157471
20260120,2026-01-20,Domestic Aviation,0.000627398
20260120,2026-01-20,Ground Transport,0.0272044
20260120,2026-01-20,Industry,0.0325501
20260120,2026-01-20,International Aviation,0.005304
20260120,2026-01-20,Power,0.0384551
20260120,2026-01-20,Residential,0.0181862
20260121,2026-01-21,Domestic Aviation,0.000618568
20260121,2026-01-21,Ground Transport,0.0238636
20260121,2026-01-21,Industry,0.0306968
20260121,2026-01-21,International Aviation,0.00566836
20260121,2026-01-21,Power,0.0362656
20260121,2026-01-21,Residential,0.0195929
20260122,2026-01-22,Domestic Aviation,0.000663139
20260122,2026-01-22,Ground Transport,0.0301903
20260122,2026-01-22,Industry,0.0329771
20260122,2026-01-22,International Aviation,0.00555133
20260122,2026-01-22,Power,0.0389595
20260122,2026-01-22,Residential,0.0210289
20260123,2026-01-23,Domestic Aviation,0.000694735
20260123,2026-01-23,Ground Transport,0.0293288
20260123,2026-01-23,Industry,0.0351055
20260123,2026-01-23,International Aviation,0.00515473
20260123,2026-01-23,Power,0.041474
20260123,2026-01-23,Residential,0.0238466
20260124,2026-01-24,Domestic Aviation,0.00066043
20260124,2026-01-24,Ground Transport,0.0288863
20260124,2026-01-24,Industry,0.0339256
20260124,2026-01-24,International Aviation,0.00659537
20260124,2026-01-24,Power,0.0400801
20260124,2026-01-24,Residential,0.0256226
20260125,2026-01-25,Domestic Aviation,0.000694823
20260125,2026-01-25,Ground Transport,0.0289059
20260125,2026-01-25,Industry,0.0277105
20260125,2026-01-25,International Aviation,0.00614847
20260125,2026-01-25,Power,0.0327375
20260125,2026-01-25,Residential,0.0242616
20260126,2026-01-26,Domestic Aviation,0.000584739
20260126,2026-01-26,Ground Transport,0.0288604
20260126,2026-01-26,Industry,0.0332187
20260126,2026-01-26,International Aviation,0.00552204
20260126,2026-01-26,Power,0.039245
20260126,2026-01-26,Residential,0.0237385
20260127,2026-01-27,Domestic Aviation,0.000601345
20260127,2026-01-27,Ground Transport,0.0252114
20260127,2026-01-27,Industry,0.0369339
20260127,2026-01-27,International Aviation,0.0051275
20260127,2026-01-27,Power,0.0436342
20260127,2026-01-27,Residential,0.022761
20260128,2026-01-28,Domestic Aviation,0.000645747
20260128,2026-01-28,Ground Transport,0.0203162
20260128,2026-01-28,Industry,0.0380806
20260128,2026-01-28,International Aviation,0.00583443
20260128,2026-01-28,Power,0.0449888
20260128,2026-01-28,Residential,0.0256685
20260129,2026-01-29,Domestic Aviation,0.0006564229999999999
20260129,2026-01-29,Ground Transport,0.0277121
20260129,2026-01-29,Industry,0.0395906
20260129,2026-01-29,International Aviation,0.00542134
20260129,2026-01-29,Power,0.0467728
20260129,2026-01-29,Residential,0.0273248
20260130,2026-01-30,Domestic Aviation,0.000697973
20260130,2026-01-30,Ground Transport,0.0283532
20260130,2026-01-30,Industry,0.0406171
20260130,2026-01-30,International Aviation,0.00533624
20260130,2026-01-30,Power,0.0479856
20260130,2026-01-30,Residential,0.0307741
20260131,2026-01-31,Domestic Aviation,0.000584786
20260131,2026-01-31,Ground Transport,0.0287316
20260131,2026-01-31,Industry,0.0313331
20260131,2026-01-31,International Aviation,0.00693146
20260131,2026-01-31,Power,0.0370173
20260131,2026-01-31,Residential,0.0323884
20260201,2026-02-01,Domestic Aviation,0.00075095
20260201,2026-02-01,Ground Transport,0.0287228
20260201,2026-02-01,Industry,0.023601
20260201,2026-02-01,International Aviation,0.00604454
20260201,2026-02-01,Power,0.0273304
20260201,2026-02-01,Residential,0.0326457
20260202,2026-02-02,Domestic Aviation,0.00064104
20260202,2026-02-02,Ground Transport,0.0291597
20260202,2026-02-02,Industry,0.0403967
20260202,2026-02-02,International Aviation,0.00587308
20260202,2026-02-02,Power,0.0467802
20260202,2026-02-02,Residential,0.0345787
20260203,2026-02-03,Domestic Aviation,0.000628536
20260203,2026-02-03,Ground Transport,0.0250303
20260203,2026-02-03,Industry,0.039508
20260203,2026-02-03,International Aviation,0.00598461
20260203,2026-02-03,Power,0.0457511
20260203,2026-02-03,Residential,0.0321647
20260204,2026-02-04,Domestic Aviation,0.00064767
20260204,2026-02-04,Ground Transport,0.0197227
20260204,2026-02-04,Industry,0.0378717
20260204,2026-02-04,International Aviation,0.00581105
20260204,2026-02-04,Power,0.0438563
20260204,2026-02-04,Residential,0.0282658
20260205,2026-02-05,Domestic Aviation,0.000658785
20260205,2026-02-05,Ground Transport,0.0276336
20260205,2026-02-05,Industry,0.0343521
20260205,2026-02-05,International Aviation,0.0055807
20260205,2026-02-05,Power,0.0397805
20260205,2026-02-05,Residential,0.0290524
20260206,2026-02-06,Domestic Aviation,0.000669963
20260206,2026-02-06,Ground Transport,0.0278631
20260206,2026-02-06,Industry,0.0387064
20260206,2026-02-06,International Aviation,0.00534289
20260206,2026-02-06,Power,0.0448229
20260206,2026-02-06,Residential,0.0300258
20260207,2026-02-07,Domestic Aviation,0.000665013
20260207,2026-02-07,Ground Transport,0.0282761
20260207,2026-02-07,Industry,0.0372903
20260207,2026-02-07,International Aviation,0.00726689
20260207,2026-02-07,Power,0.043183
20260207,2026-02-07,Residential,0.030429
20260208,2026-02-08,Domestic Aviation,0.000713479
20260208,2026-02-08,Ground Transport,0.0275394
20260208,2026-02-08,Industry,0.0314432
20260208,2026-02-08,International Aviation,0.00565444
20260208,2026-02-08,Power,0.036412
20260208,2026-02-08,Residential,0.0277543
20260209,2026-02-09,Domestic Aviation,0.000667916
20260209,2026-02-09,Ground Transport,0.0274788
20260209,2026-02-09,Industry,0.0366163
20260209,2026-02-09,International Aviation,0.00610379
20260209,2026-02-09,Power,0.0424025
20260209,2026-02-09,Residential,0.0220751
20260210,2026-02-10,Domestic Aviation,0.000642085
20260210,2026-02-10,Ground Transport,0.0228129
20260210,2026-02-10,Industry,0.0392392
20260210,2026-02-10,International Aviation,0.00568752
20260210,2026-02-10,Power,0.0454399
20260210,2026-02-10,Residential,0.0233514
20260211,2026-02-11,Domestic Aviation,0.000634739
20260211,2026-02-11,Ground Transport,0.0192046
20260211,2026-02-11,Industry,0.0364801
20260211,2026-02-11,International Aviation,0.00614083
20260211,2026-02-11,Power,0.0422448
20260211,2026-02-11,Residential,0.0232125
20260212,2026-02-12,Domestic Aviation,0.000629392
20260212,2026-02-12,Ground Transport,0.0267988
20260212,2026-02-12,Industry,0.0372125
20260212,2026-02-12,International Aviation,0.00527622
20260212,2026-02-12,Power,0.0430929
20260212,2026-02-12,Residential,0.0264663
20260213,2026-02-13,Domestic Aviation,0.000688162
20260213,2026-02-13,Ground Transport,0.0280103
20260213,2026-02-13,Industry,0.0381728
20260213,2026-02-13,International Aviation,0.00567599
20260213,2026-02-13,Power,0.0442049
20260213,2026-02-13,Residential,0.0322661
20260214,2026-02-14,Domestic Aviation,0.000709908
20260214,2026-02-14,Ground Transport,0.0302435
20260214,2026-02-14,Industry,0.0325248
20260214,2026-02-14,International Aviation,0.00716682
20260214,2026-02-14,Power,0.0376645
20260214,2026-02-14,Residential,0.0331016
20260215,2026-02-15,Domestic Aviation,0.000748116
20260215,2026-02-15,Ground Transport,0.0286868
20260215,2026-02-15,Industry,0.0253506
20260215,2026-02-15,International Aviation,0.00614644
20260215,2026-02-15,Power,0.0293566
20260215,2026-02-15,Residential,0.0279141
20260216,2026-02-16,Domestic Aviation,0.000656458
20260216,2026-02-16,Ground Transport,0.0295535
20260216,2026-02-16,Industry,0.0197823
20260216,2026-02-16,International Aviation,0.00654878
20260216,2026-02-16,Power,0.0229084
20260216,2026-02-16,Residential,0.022507
20260217,2026-02-17,Domestic Aviation,0.000656417
20260217,2026-02-17,Ground Transport,0.0264339
20260217,2026-02-17,Industry,0.0212855
20260217,2026-02-17,International Aviation,0.00550342
20260217,2026-02-17,Power,0.0246491
20260217,2026-02-17,Residential,0.0234903
20260218,2026-02-18,Domestic Aviation,0.000645346
20260218,2026-02-18,Ground Transport,0.0215941
20260218,2026-02-18,Industry,0.0305264
20260218,2026-02-18,International Aviation,0.00638367
20260218,2026-02-18,Power,0.0353503
20260218,2026-02-18,Residential,0.0249136
20260219,2026-02-19,Domestic Aviation,0.000657931
20260219,2026-02-19,Ground Transport,0.0264987
20260219,2026-02-19,Industry,0.0369291
20260219,2026-02-19,International Aviation,0.00553245
20260219,2026-02-19,Power,0.0427647
20260219,2026-02-19,Residential,0.0269156
20260220,2026-02-20,Domestic Aviation,0.000690539
20260220,2026-02-20,Ground Transport,0.0269156
20260220,2026-02-20,Industry,0.0264352
20260220,2026-02-20,International Aviation,0.0057088
20260220,2026-02-20,Power,0.0306125
20260220,2026-02-20,Residential,0.0254465
20260221,2026-02-21,Domestic Aviation,0.000692281
20260221,2026-02-21,Ground Transport,0.0270391
20260221,2026-02-21,Industry,0.0169867
20260221,2026-02-21,International Aviation,0.00708611
20260221,2026-02-21,Power,0.019671
20260221,2026-02-21,Residential,0.0177814
20260222,2026-02-22,Domestic Aviation,0.000753704
20260222,2026-02-22,Ground Transport,0.0273679
20260222,2026-02-22,Industry,0.0189167
20260222,2026-02-22,International Aviation,0.00637065
20260222,2026-02-22,Power,0.021906
20260222,2026-02-22,Residential,0.020947
20260223,2026-02-23,Domestic Aviation,0.000668128
20260223,2026-02-23,Ground Transport,0.027426
20260223,2026-02-23,Industry,0.0319303
20260223,2026-02-23,International Aviation,0.00542614
20260223,2026-02-23,Power,0.036976
20260223,2026-02-23,Residential,0.0243008
20260224,2026-02-24,Domestic Aviation,0.000651836
20260224,2026-02-24,Ground Transport,0.0245657
20260224,2026-02-24,Industry,0.0329751
20260224,2026-02-24,International Aviation,0.00551163
20260224,2026-02-24,Power,0.0381859
20260224,2026-02-24,Residential,0.0238211
20260225,2026-02-25,Domestic Aviation,0.000646997
20260225,2026-02-25,Ground Transport,0.0202578
20260225,2026-02-25,Industry,0.0245734
20260225,2026-02-25,International Aviation,0.00598602
20260225,2026-02-25,Power,0.0284565
20260225,2026-02-25,Residential,0.0240838
20260226,2026-02-26,Domestic Aviation,0.000604175
20260226,2026-02-26,Ground Transport,0.0257116
20260226,2026-02-26,Industry,0.016046499999999998
20260226,2026-02-26,International Aviation,0.00524407
20260226,2026-02-26,Power,0.0185822
20260226,2026-02-26,Residential,0.0195132
20260227,2026-02-27,Domestic Aviation,0.00066787
20260227,2026-02-27,Ground Transport,0.0263027
20260227,2026-02-27,Industry,0.0153624
20260227,2026-02-27,International Aviation,0.00606114
20260227,2026-02-27,Power,0.01779
20260227,2026-02-27,Residential,0.0145743
20260228,2026-02-28,Domestic Aviation,0.000650831
20260228,2026-02-28,Ground Transport,0.0268005
20260228,2026-02-28,Industry,0.0164204
20260228,2026-02-28,International Aviation,0.00675193
20260228,2026-02-28,Power,0.0190152
20260228,2026-02-28,Residential,0.0145778
20260301,2026-03-01,Domestic Aviation,0.000633129
20260301,2026-03-01,Ground Transport,0.0266223
20260301,2026-03-01,Industry,0.0279267
20260301,2026-03-01,International Aviation,0.00607552
20260301,2026-03-01,Power,0.00443282
20260301,2026-03-01,Residential,0.016129
20260302,2026-03-02,Domestic Aviation,0.000638767
20260302,2026-03-02,Ground Transport,0.0260702
20260302,2026-03-02,Industry,0.0511199
20260302,2026-03-02,International Aviation,0.00587297
20260302,2026-03-02,Power,0.00811428
20260302,2026-03-02,Residential,0.0168933
20260303,2026-03-03,Domestic Aviation,0.000617309
20260303,2026-03-03,Ground Transport,0.0216239
20260303,2026-03-03,Industry,0.0346443
20260303,2026-03-03,International Aviation,0.00547023
20260303,2026-03-03,Power,0.0054991
20260303,2026-03-03,Residential,0.0165731
20260304,2026-03-04,Domestic Aviation,0.000588569
20260304,2026-03-04,Ground Transport,0.0175741
20260304,2026-03-04,Industry,0.0430525
20260304,2026-03-04,International Aviation,0.00561689
20260304,2026-03-04,Power,0.00683375
20260304,2026-03-04,Residential,0.0138418
20260305,2026-03-05,Domestic Aviation,0.000625587
20260305,2026-03-05,Ground Transport,0.0260402
20260305,2026-03-05,Industry,0.0506932
20260305,2026-03-05,International Aviation,0.00551226
20260305,2026-03-05,Power,0.00804656
20260305,2026-03-05,Residential,0.0150585
20260306,2026-03-06,Domestic Aviation,0.000672963
20260306,2026-03-06,Ground Transport,0.027636
20260306,2026-03-06,Industry,0.0359006
20260306,2026-03-06,International Aviation,0.00577294
20260306,2026-03-06,Power,0.00569852
20260306,2026-03-06,Residential,0.0144458
20260307,2026-03-07,Domestic Aviation,0.000591048
20260307,2026-03-07,Ground Transport,0.0273391
20260307,2026-03-07,Industry,0.0325388
20260307,2026-03-07,International Aviation,0.0067104
20260307,2026-03-07,Power,0.00516489
20260307,2026-03-07,Residential,0.0142956
20260308,2026-03-08,Domestic Aviation,0.000652728
20260308,2026-03-08,Ground Transport,0.0267308
20260308,2026-03-08,Industry,0.0345704
20260308,2026-03-08,International Aviation,0.00557903
20260308,2026-03-08,Power,0.00548738
20260308,2026-03-08,Residential,0.0165198
20260309,2026-03-09,Domestic Aviation,0.000597147
20260309,2026-03-09,Ground Transport,0.0267479
20260309,2026-03-09,Industry,0.0536514
20260309,2026-03-09,International Aviation,0.00658951
20260309,2026-03-09,Power,0.00851611
20260309,2026-03-09,Residential,0.0153365
20260310,2026-03-10,Domestic Aviation,0.000614092
20260310,2026-03-10,Ground Transport,0.0219164
20260310,2026-03-10,Industry,0.0322336
20260310,2026-03-10,International Aviation,0.00511009
20260310,2026-03-10,Power,0.00511646
20260310,2026-03-10,Residential,0.0153434
20260311,2026-03-11,Domestic Aviation,0.000639104
20260311,2026-03-11,Ground Transport,0.017492
20260311,2026-03-11,Industry,0.0394437
20260311,2026-03-11,International Aviation,0.00556423
20260311,2026-03-11,Power,0.00626092
20260311,2026-03-11,Residential,0.0146762
20260312,2026-03-12,Domestic Aviation,0.000634268
20260312,2026-03-12,Ground Transport,0.0255299
20260312,2026-03-12,Industry,0.0306309
20260312,2026-03-12,International Aviation,0.00511754
20260312,2026-03-12,Power,0.00486205
20260312,2026-03-12,Residential,0.0126585
20260313,2026-03-13,Domestic Aviation,0.000653405
20260313,2026-03-13,Ground Transport,0.0268188
20260313,2026-03-13,Industry,0.0301144
20260313,2026-03-13,International Aviation,0.00554518
20260313,2026-03-13,Power,0.00478007
20260313,2026-03-13,Residential,0.0128077
20260314,2026-03-14,Domestic Aviation,0.000572282
20260314,2026-03-14,Ground Transport,0.0261623
20260314,2026-03-14,Industry,0.0310014
20260314,2026-03-14,International Aviation,0.00655625
20260314,2026-03-14,Power,0.00492086
20260314,2026-03-14,Residential,0.0118596
20260315,2026-03-15,Domestic Aviation,0.000639989
20260315,2026-03-15,Ground Transport,0.0264196
20260315,2026-03-15,Industry,0.0351006
20260315,2026-03-15,International Aviation,0.00553853
20260315,2026-03-15,Power,0.00557153
20260315,2026-03-15,Residential,0.0116649
20260316,2026-03-16,Domestic Aviation,0.000624496
20260316,2026-03-16,Ground Transport,0.0260213
20260316,2026-03-16,Industry,0.0323547
20260316,2026-03-16,International Aviation,0.00583626
20260316,2026-03-16,Power,0.00513567
20260316,2026-03-16,Residential,0.0141526
20260317,2026-03-17,Domestic Aviation,0.000654611
20260317,2026-03-17,Ground Transport,0.0225172
20260317,2026-03-17,Industry,0.0322369
20260317,2026-03-17,International Aviation,0.00532279
20260317,2026-03-17,Power,0.00511697
20260317,2026-03-17,Residential,0.0142766
20260318,2026-03-18,Domestic Aviation,0.000629784
20260318,2026-03-18,Ground Transport,0.0217822
20260318,2026-03-18,Industry,0.0301794
20260318,2026-03-18,International Aviation,0.00562687
20260318,2026-03-18,Power,0.00479039
20260318,2026-03-18,Residential,0.0144395
20260319,2026-03-19,Domestic Aviation,0.000623272
20260319,2026-03-19,Ground Transport,0.02699
20260319,2026-03-19,Industry,0.0306201
20260319,2026-03-19,International Aviation,0.00574985
20260319,2026-03-19,Power,0.00486034
20260319,2026-03-19,Residential,0.0124478
20260320,2026-03-20,Domestic Aviation,0.000686614
20260320,2026-03-20,Ground Transport,0.026575
20260320,2026-03-20,Industry,0.036746
20260320,2026-03-20,International Aviation,0.00501003
20260320,2026-03-20,Power,0.00583271
20260320,2026-03-20,Residential,0.0152028
20260321,2026-03-21,Domestic Aviation,0.000585439
20260321,2026-03-21,Ground Transport,0.0265812
20260321,2026-03-21,Industry,0.0309587
20260321,2026-03-21,International Aviation,0.0061391
20260321,2026-03-21,Power,0.00491408
20260321,2026-03-21,Residential,0.0135687
20260322,2026-03-22,Domestic Aviation,0.000639359
20260322,2026-03-22,Ground Transport,0.0263251
20260322,2026-03-22,Industry,0.0313412
20260322,2026-03-22,International Aviation,0.00555041
20260322,2026-03-22,Power,0.0049748
20260322,2026-03-22,Residential,0.0132172
20260323,2026-03-23,Domestic Aviation,0.000634118
20260323,2026-03-23,Ground Transport,0.026179
20260323,2026-03-23,Industry,0.0322701
20260323,2026-03-23,International Aviation,0.00566032
20260323,2026-03-23,Power,0.00512224
20260323,2026-03-23,Residential,0.0124351
20260324,2026-03-24,Domestic Aviation,0.000591943
20260324,2026-03-24,Ground Transport,0.0209052
20260324,2026-03-24,Industry,0.0315518
20260324,2026-03-24,International Aviation,0.00520732
20260324,2026-03-24,Power,0.00500824
20260324,2026-03-24,Residential,0.0127943
20260325,2026-03-25,Domestic Aviation,0.00061266
20260325,2026-03-25,Ground Transport,0.0160786
20260325,2026-03-25,Industry,0.0352432
20260325,2026-03-25,International Aviation,0.00565035
20260325,2026-03-25,Power,0.00559417
20260325,2026-03-25,Residential,0.0124401
20260326,2026-03-26,Domestic Aviation,0.000621498
20260326,2026-03-26,Ground Transport,0.0246021
20260326,2026-03-26,Industry,0.0225639
20260326,2026-03-26,International Aviation,0.00538692
20260326,2026-03-26,Power,0.00358157
20260326,2026-03-26,Residential,0.0110732
20260327,2026-03-27,Domestic Aviation,0.000669735
20260327,2026-03-27,Ground Transport,0.0257728
20260327,2026-03-27,Industry,0.0231482
20260327,2026-03-27,International Aviation,0.00503085
20260327,2026-03-27,Power,0.00367433
20260327,2026-03-27,Residential,0.0132769
20260328,2026-03-28,Domestic Aviation,0.000603316
20260328,2026-03-28,Ground Transport,0.0260107
20260328,2026-03-28,Industry,0.0207456
20260328,2026-03-28,International Aviation,0.00572412
20260328,2026-03-28,Power,0.00329296
20260328,2026-03-28,Residential,0.0148897
20260329,2026-03-29,Domestic Aviation,0.00057723
20260329,2026-03-29,Ground Transport,0.025618
20260329,2026-03-29,Industry,0.0219259
20260329,2026-03-29,International Aviation,0.00536483
20260329,2026-03-29,Power,0.00348031
20260329,2026-03-29,Residential,0.0140375
20260330,2026-03-30,Domestic Aviation,0.000549931
20260330,2026-03-30,Ground Transport,0.0174037
20260330,2026-03-30,Industry,0.0262553
20260330,2026-03-30,International Aviation,0.00662439
20260330,2026-03-30,Power,0.00416751
20260330,2026-03-30,Residential,0.0143599
20260331,2026-03-31,Domestic Aviation,0.000525121
20260331,2026-03-31,Ground Transport,0.0184733
20260331,2026-03-31,Industry,0.0412858
20260331,2026-03-31,International Aviation,0.00495038
20260331,2026-03-31,Power,0.00655332
20260331,2026-03-31,Residential,0.0146572
20260401,2026-04-01,Domestic Aviation,0.000524746
20260401,2026-04-01,Ground Transport,0.0133728
20260401,2026-04-01,Industry,0.0242539
20260401,2026-04-01,International Aviation,0.00549828
20260401,2026-04-01,Power,0.00290744
20260401,2026-04-01,Residential,0.0144825
20260402,2026-04-02,Domestic Aviation,0.000505482
20260402,2026-04-02,Ground Transport,0.0144369
20260402,2026-04-02,Industry,0.035561
20260402,2026-04-02,International Aviation,0.00594091
20260402,2026-04-02,Power,0.00426287
20260402,2026-04-02,Residential,0.0136094
20260403,2026-04-03,Domestic Aviation,0.000351626
20260403,2026-04-03,Ground Transport,0.0253098
20260403,2026-04-03,Industry,0.0318061
20260403,2026-04-03,International Aviation,0.00588927
20260403,2026-04-03,Power,0.00381275
20260403,2026-04-03,Residential,0.0134511
20260404,2026-04-04,Domestic Aviation,0.000380236
20260404,2026-04-04,Ground Transport,0.0260779
20260404,2026-04-04,Industry,0.0261321
20260404,2026-04-04,International Aviation,0.00544409
20260404,2026-04-04,Power,0.00313258
20260404,2026-04-04,Residential,0.0151319
20260405,2026-04-05,Domestic Aviation,0.000427724
20260405,2026-04-05,Ground Transport,0.0250818
20260405,2026-04-05,Industry,0.0261833
20260405,2026-04-05,International Aviation,0.00567
20260405,2026-04-05,Power,0.00313873
20260405,2026-04-05,Residential,0.0135192
20260406,2026-04-06,Domestic Aviation,0.00047486
20260406,2026-04-06,Ground Transport,0.0277472
20260406,2026-04-06,Industry,0.0260175
20260406,2026-04-06,International Aviation,0.00627575
20260406,2026-04-06,Power,0.00311884
20260406,2026-04-06,Residential,0.0131082
20260407,2026-04-07,Domestic Aviation,0.000510138
20260407,2026-04-07,Ground Transport,0.0216552
20260407,2026-04-07,Industry,0.0272003
20260407,2026-04-07,International Aviation,0.00535385
20260407,2026-04-07,Power,0.00326063
20260407,2026-04-07,Residential,0.0127221
20260408,2026-04-08,Domestic Aviation,0.000514864
20260408,2026-04-08,Ground Transport,0.0162332
20260408,2026-04-08,Industry,0.0401233
20260408,2026-04-08,International Aviation,0.00532241
20260408,2026-04-08,Power,0.00480978
20260408,2026-04-08,Residential,0.0
20260409,2026-04-09,Domestic Aviation,0.000548356
20260409,2026-04-09,Ground Transport,0.025132
20260409,2026-04-09,Industry,0.0562669
20260409,2026-04-09,International Aviation,0.00562853
20260409,2026-04-09,Power,0.00674499
20260409,2026-04-09,Residential,0.0170702
20260410,2026-04-10,Domestic Aviation,0.00053385
20260410,2026-04-10,Ground Transport,0.0263501
20260410,2026-04-10,Industry,0.0560194
20260410,2026-04-10,International Aviation,0.00538356
20260410,2026-04-10,Power,0.00671532
20260410,2026-04-10,Residential,0.015864
20260411,2026-04-11,Domestic Aviation,0.000396572
20260411,2026-04-11,Ground Transport,0.0257037
20260411,2026-04-11,Industry,0.0349613
20260411,2026-04-11,International Aviation,0.00603755
20260411,2026-04-11,Power,0.00419098
20260411,2026-04-11,Residential,0.0150585
20260412,2026-04-12,Domestic Aviation,0.000501178
20260412,2026-04-12,Ground Transport,0.0260716
20260412,2026-04-12,Industry,0.0323312
20260412,2026-04-12,International Aviation,0.00586189
20260412,2026-04-12,Power,0.0038757
20260412,2026-04-12,Residential,0.014066
20260413,2026-04-13,Domestic Aviation,0.000553424
20260413,2026-04-13,Ground Transport,0.0256161
20260413,2026-04-13,Industry,0.0444582
20260413,2026-04-13,International Aviation,0.00621372
20260413,2026-04-13,Power,0.00532943
20260413,2026-04-13,Residential,0.0134069
20260414,2026-04-14,Domestic Aviation,0.00050015
20260414,2026-04-14,Ground Transport,0.0206973
20260414,2026-04-14,Industry,0.0279373
20260414,2026-04-14,International Aviation,0.00494919
20260414,2026-04-14,Power,0.00334898
20260414,2026-04-14,Residential,0.0130655
20260415,2026-04-15,Domestic Aviation,0.000506763
20260415,2026-04-15,Ground Transport,0.0166641
20260415,2026-04-15,Industry,0.0415513
20260415,2026-04-15,International Aviation,0.00584827
20260415,2026-04-15,Power,0.00498096
20260415,2026-04-15,Residential,0.0123204
20260416,2026-04-16,Domestic Aviation,0.00049615
20260416,2026-04-16,Ground Transport,0.0249785
20260416,2026-04-16,Industry,0.0437251
20260416,2026-04-16,International Aviation,0.00543387
20260416,2026-04-16,Power,0.00524155
20260416,2026-04-16,Residential,0.0119699
20260417,2026-04-17,Domestic Aviation,0.000574372
20260417,2026-04-17,Ground Transport,0.0262809
20260417,2026-04-17,Industry,0.0268774
20260417,2026-04-17,International Aviation,0.00584442
20260417,2026-04-17,Power,0.00322193
20260417,2026-04-17,Residential,0.010303
20260418,2026-04-18,Domestic Aviation,0.000442541
20260418,2026-04-18,Ground Transport,0.0266157
20260418,2026-04-18,Industry,0.0257037
20260418,2026-04-18,International Aviation,0.00535755
20260418,2026-04-18,Power,0.00308123
20260418,2026-04-18,Residential,0.0123398
20260419,2026-04-19,Domestic Aviation,0.000462092
20260419,2026-04-19,Ground Transport,0.0257014
20260419,2026-04-19,Industry,0.0283316
20260419,2026-04-19,International Aviation,0.00591172
20260419,2026-04-19,Power,0.00339625
20260419,2026-04-19,Residential,0.0139257
20260420,2026-04-20,Domestic Aviation,0.000544863
20260420,2026-04-20,Ground Transport,0.0267548
20260420,2026-04-20,Industry,0.0283595
20260420,2026-04-20,International Aviation,0.00596597
20260420,2026-04-20,Power,0.00339959
20260420,2026-04-20,Residential,0.0138857
20260421,2026-04-21,Domestic Aviation,0.000545854
20260421,2026-04-21,Ground Transport,0.0223611
20260421,2026-04-21,Industry,0.0249069
20260421,2026-04-21,International Aviation,0.00515406
20260421,2026-04-21,Power,0.00298571
20260421,2026-04-21,Residential,0.0124601
20260422,2026-04-22,Domestic Aviation,0.000517735
20260422,2026-04-22,Ground Transport,0.0157498
20260422,2026-04-22,Industry,0.0202717
20260422,2026-04-22,International Aviation,0.00556953
20260422,2026-04-22,Power,0.00243007
20260422,2026-04-22,Residential,0.0109268
20260423,2026-04-23,Domestic Aviation,0.00048686
20260423,2026-04-23,Ground Transport,0.0251624
20260423,2026-04-23,Industry,0.0234591
20260423,2026-04-23,International Aviation,0.00551238
20260423,2026-04-23,Power,0.00281216
20260423,2026-04-23,Residential,0.0138027
20260424,2026-04-24,Domestic Aviation,0.000506288
20260424,2026-04-24,Ground Transport,0.0277583
20260424,2026-04-24,Industry,0.0274338
20260424,2026-04-24,International Aviation,0.00597988
20260424,2026-04-24,Power,0.00328862
20260424,2026-04-24,Residential,0.0123871
20260425,2026-04-25,Domestic Aviation,0.000372763
20260425,2026-04-25,Ground Transport,0.0262346
20260425,2026-04-25,Industry,0.0263439
20260425,2026-04-25,International Aviation,0.00522543
20260425,2026-04-25,Power,0.00315797
20260425,2026-04-25,Residential,0.0127182
20260426,2026-04-26,Domestic Aviation,0.00042374
20260426,2026-04-26,Ground Transport,0.0267291
20260426,2026-04-26,Industry,0.0287318
20260426,2026-04-26,International Aviation,0.00627376
20260426,2026-04-26,Power,0.00344422
20260426,2026-04-26,Residential,0.014857
20260427,2026-04-27,Domestic Aviation,0.000620567
20260427,2026-04-27,Ground Transport,0.0265122
20260427,2026-04-27,Industry,0.0284565
20260427,2026-04-27,International Aviation,0.00599712
20260427,2026-04-27,Power,0.00341121
20260427,2026-04-27,Residential,0.0136968
20260428,2026-04-28,Domestic Aviation,0.000463456
20260428,2026-04-28,Ground Transport,0.0218533
20260428,2026-04-28,Industry,0.0289536
20260428,2026-04-28,International Aviation,0.00513151
20260428,2026-04-28,Power,0.00347081
20260428,2026-04-28,Residential,0.0140182
20260429,2026-04-29,Domestic Aviation,0.000455762
20260429,2026-04-29,Ground Transport,0.0189734
20260429,2026-04-29,Industry,0.0338931
20260429,2026-04-29,International Aviation,0.00597398
20260429,2026-04-29,Power,0.00406293
20260429,2026-04-29,Residential,0.013773
20260430,2026-04-30,Domestic Aviation,0.000451971
20260430,2026-04-30,Ground Transport,0.0263887
20260430,2026-04-30,Industry,0.0260612
20260430,2026-04-30,International Aviation,0.005714
20260430,2026-04-30,Power,0.00312409
20260430,2026-04-30,Residential,0.0118916
20260501,2026-05-01,Domestic Aviation,0.000320467
20260501,2026-05-01,Ground Transport,0.0274428
20260501,2026-05-01,Industry,0.0319735
20260501,2026-05-01,International Aviation,0.00595181
20260501,2026-05-01,Power,0.00229192
20260501,2026-05-01,Residential,0.0093491
20260502,2026-05-02,Domestic Aviation,0.000332792
20260502,2026-05-02,Ground Transport,0.021925
20260502,2026-05-02,Industry,0.0376975
20260502,2026-05-02,International Aviation,0.00528109
20260502,2026-05-02,Power,0.00270222
20260502,2026-05-02,Residential,0.00516989
20260503,2026-05-03,Domestic Aviation,0.000394043
20260503,2026-05-03,Ground Transport,0.0258962
20260503,2026-05-03,Industry,0.0452117
20260503,2026-05-03,International Aviation,0.00614455
20260503,2026-05-03,Power,0.00324086
20260503,2026-05-03,Residential,0.00815905
20260504,2026-05-04,Domestic Aviation,0.000543318
20260504,2026-05-04,Ground Transport,0.0261331
20260504,2026-05-04,Industry,0.0385177
20260504,2026-05-04,International Aviation,0.00635718
20260504,2026-05-04,Power,0.00276101
20260504,2026-05-04,Residential,0.00916212
20260505,2026-05-05,Domestic Aviation,0.000407811
20260505,2026-05-05,Ground Transport,0.0210594
20260505,2026-05-05,Industry,0.03982
20260505,2026-05-05,International Aviation,0.00532984
20260505,2026-05-05,Power,0.00285437
20260505,2026-05-05,Residential,0.0102995
20260506,2026-05-06,Domestic Aviation,0.000471738
20260506,2026-05-06,Ground Transport,0.0175533
20260506,2026-05-06,Industry,0.0559334
20260506,2026-05-06,International Aviation,0.00602078
20260506,2026-05-06,Power,0.0040094
20260506,2026-05-06,Residential,0.0110153
20260507,2026-05-07,Domestic Aviation,0.000478486
20260507,2026-05-07,Ground Transport,0.0258025
20260507,2026-05-07,Industry,0.0674963
20260507,2026-05-07,International Aviation,0.00575497
20260507,2026-05-07,Power,0.00483825
20260507,2026-05-07,Residential,0.0100622
20260508,2026-05-08,Domestic Aviation,0.000529862
20260508,2026-05-08,Ground Transport,0.0266353
20260508,2026-05-08,Industry,0.0522604
20260508,2026-05-08,International Aviation,0.00597067
20260508,2026-05-08,Power,0.00374612
20260508,2026-05-08,Residential,0.00917511
20260509,2026-05-09,Domestic Aviation,0.000415544
20260509,2026-05-09,Ground Transport,0.0273567
20260509,2026-05-09,Industry,0.0326703
20260509,2026-05-09,International Aviation,0.00597813
20260509,2026-05-09,Power,0.00234187
20260509,2026-05-09,Residential,0.00781045
20260510,2026-05-10,Domestic Aviation,0.000407629
20260510,2026-05-10,Ground Transport,0.0179307
20260510,2026-05-10,Industry,0.0346974
20260510,2026-05-10,International Aviation,0.00601916
20260510,2026-05-10,Power,0.00248717
20260510,2026-05-10,Residential,0.00683744
20260511,2026-05-11,Domestic Aviation,0.000549117
20260511,2026-05-11,Ground Transport,0.025152
20260511,2026-05-11,Industry,0.0481221
20260511,2026-05-11,International Aviation,0.00634033
20260511,2026-05-11,Power,0.00344948
20260511,2026-05-11,Residential,0.00681254
20260512,2026-05-12,Domestic Aviation,0.000442586
20260512,2026-05-12,Ground Transport,0.0220904
20260512,2026-05-12,Industry,0.0458182
20260512,2026-05-12,International Aviation,0.00572877
20260512,2026-05-12,Power,0.00328433
20260512,2026-05-12,Residential,0.00714074
20260513,2026-05-13,Domestic Aviation,0.000437233
20260513,2026-05-13,Ground Transport,0.0173254
20260513,2026-05-13,Industry,0.035944
20260513,2026-05-13,International Aviation,0.00605312
20260513,2026-05-13,Power,0.00257653
20260513,2026-05-13,Residential,0.0054769
20260514,2026-05-14,Domestic Aviation,0.000387928
20260514,2026-05-14,Ground Transport,0.0256522
20260514,2026-05-14,Industry,0.0294858
20260514,2026-05-14,International Aviation,0.00596415
20260514,2026-05-14,Power,0.00211359
20260514,2026-05-14,Residential,0.00733767
20260515,2026-05-15,Domestic Aviation,0.00039894
20260515,2026-05-15,Ground Transport,0.0269541
20260515,2026-05-15,Industry,0.0318446
20260515,2026-05-15,International Aviation,0.00568217
20260515,2026-05-15,Power,0.00228268
20260515,2026-05-15,Residential,0.00543462
20260516,2026-05-16,Domestic Aviation,0.000348275
20260516,2026-05-16,Ground Transport,0.0273074
20260516,2026-05-16,Industry,0.0279106
20260516,2026-05-16,International Aviation,0.00601144
20260516,2026-05-16,Power,0.00200068
20260516,2026-05-16,Residential,0.00580408
20260517,2026-05-17,Domestic Aviation,0.000420212
20260517,2026-05-17,Ground Transport,0.0270236
20260517,2026-05-17,Industry,0.0259783
20260517,2026-05-17,International Aviation,0.00626733
20260517,2026-05-17,Power,0.00186217
20260517,2026-05-17,Residential,0.00586149
20260518,2026-05-18,Domestic Aviation,0.000629843
20260518,2026-05-18,Ground Transport,0.0271794
20260518,2026-05-18,Industry,0.03613
20260518,2026-05-18,International Aviation,0.00633193
20260518,2026-05-18,Power,0.00258986
20260518,2026-05-18,Residential,0.00450955
20260519,2026-05-19,Domestic Aviation,0.000448282
20260519,2026-05-19,Ground Transport,0.0215116
20260519,2026-05-19,Industry,0.0234106
20260519,2026-05-19,International Aviation,0.00539257
20260519,2026-05-19,Power,0.00167811
20260519,2026-05-19,Residential,0.00247238
20260520,2026-05-20,Domestic Aviation,0.000558936
20260520,2026-05-20,Ground Transport,0.018241
20260520,2026-05-20,Industry,0.0207742
20260520,2026-05-20,International Aviation,0.00618816
20260520,2026-05-20,Power,0.00148913
20260520,2026-05-20,Residential,0.00303672
20260521,2026-05-21,Domestic Aviation,0.000540698
20260521,2026-05-21,Ground Transport,0.0261368
20260521,2026-05-21,Industry,0.0209208
20260521,2026-05-21,International Aviation,0.00570191
20260521,2026-05-21,Power,0.00149964
20260521,2026-05-21,Residential,0.00517133
20260522,2026-05-22,Domestic Aviation,0.000461245
20260522,2026-05-22,Ground Transport,0.0267593
20260522,2026-05-22,Industry,0.0199369
20260522,2026-05-22,International Aviation,0.00630102
20260522,2026-05-22,Power,0.00142911
20260522,2026-05-22,Residential,0.00512865
20260523,2026-05-23,Domestic Aviation,0.000348772
20260523,2026-05-23,Ground Transport,0.0270006
20260523,2026-05-23,Industry,0.0122111
20260523,2026-05-23,International Aviation,0.00602922
20260523,2026-05-23,Power,0.000875316
20260523,2026-05-23,Residential,0.00460527
20260524,2026-05-24,Domestic Aviation,0.000407416
20260524,2026-05-24,Ground Transport,0.0265348
20260524,2026-05-24,Industry,0.0105281
20260524,2026-05-24,International Aviation,0.00609826
20260524,2026-05-24,Power,0.000754672
20260524,2026-05-24,Residential,0.00438308
20260525,2026-05-25,Domestic Aviation,0.000497581
20260525,2026-05-25,Ground Transport,0.0267884
20260525,2026-05-25,Industry,0.0110117
20260525,2026-05-25,International Aviation,0.00619833
20260525,2026-05-25,Power,0.000789342
20260525,2026-05-25,Residential,0.00573177
20260526,2026-05-26,Domestic Aviation,0.000463138
20260526,2026-05-26,Ground Transport,0.0207985
20260526,2026-05-26,Industry,0.0129566
20260526,2026-05-26,International Aviation,0.00586246
20260526,2026-05-26,Power,0.000928748
20260526,2026-05-26,Residential,0.00724408
20260527,2026-05-27,Domestic Aviation,0.000456202
20260527,2026-05-27,Ground Transport,0.0175604
20260527,2026-05-27,Industry,0.0132394
20260527,2026-05-27,International Aviation,0.00611371
20260527,2026-05-27,Power,0.000949022
20260527,2026-05-27,Residential,0.00825113
20260528,2026-05-28,Domestic Aviation,0.00043565
20260528,2026-05-28,Ground Transport,0.0261346
20260528,2026-05-28,Industry,0.0140238
20260528,2026-05-28,International Aviation,0.00570607
20260528,2026-05-28,Power,0.00100525
20260528,2026-05-28,Residential,0.00809066
20260529,2026-05-29,Domestic Aviation,0.000455922
20260529,2026-05-29,Ground Transport,0.027016
20260529,2026-05-29,Industry,0.0175949
20260529,2026-05-29,International Aviation,0.00660415
20260529,2026-05-29,Power,0.00126123
20260529,2026-05-29,Residential,0.00887792
20260530,2026-05-30,Domestic Aviation,0.00043029
20260530,2026-05-30,Ground Transport,0.0270295
20260530,2026-05-30,Industry,0.0147044
20260530,2026-05-30,International Aviation,0.00588151
20260530,2026-05-30,Power,0.00105404
20260530,2026-05-30,Residential,0.0069014
20260531,2026-05-31,Domestic Aviation,0.000459361
20260531,2026-05-31,Ground Transport,0.0270557
20260531,2026-05-31,Industry,0.0159485
20260531,2026-05-31,International Aviation,0.00604188
20260531,2026-05-31,Power,0.00114322
20260531,2026-05-31,Residential,0.00560362
