year,sector_code,total_kt_co2e,co2_kt,other_gases_kt,co2_share_pct,is_preliminary
1990,1,53368.0,52533.0,835.0,98.43539199520312,0
1990,1A1,18909.0,18794.0,115.0,99.39182399915384,0
1990,1A2,13354.0,13189.0,165.0,98.76441515650741,0
1990,1A2(-1A2gvii),12411.0,12253.0,158.0,98.72693578277335,0
1990,1A2gvii,944.0,935.0,9.0,99.04661016949152,0
1990,1A3,12091.0,11821.0,270.0,97.76693408320239,0
1990,1A3a,388.0,385.0,3.0,99.22680412371135,0
1990,1A3b,11060.0,10804.0,256.0,97.68535262206149,0
1990,1A3bi,0.0,0.0,0.0,,0
1990,1A3bii,0.0,0.0,0.0,,0
1990,1A3biii,0.0,0.0,0.0,,0
1990,1A3biv,0.0,0.0,0.0,,0
1990,1A3c,193.0,191.0,2.0,98.96373056994818,0
1990,1A3d,450.0,441.0,9.0,98.0,0
1990,1A4,7750.0,7490.0,260.0,96.64516129032258,0
1990,1A4a,2500.0,2473.0,27.0,98.92,0
1990,1A4ai,2073.0,2050.0,23.0,98.89049686444767,0
1990,1A4aii,427.0,423.0,4.0,99.06323185011709,0
1990,1A4b,3357.0,3148.0,209.0,93.77420315758117,0
1990,1A4bi,3213.0,3009.0,204.0,93.65079365079364,0
1990,1A4bii,144.0,139.0,5.0,96.52777777777779,0
1990,1A4c,1893.0,1870.0,23.0,98.7849973586899,0
1990,1A4ci,778.0,766.0,12.0,98.45758354755783,0
1990,1A4cii,937.0,928.0,9.0,99.03948772678763,0
1990,1A4ciii,178.0,176.0,2.0,98.87640449438202,0
1990,1A5,1139.0,1127.0,12.0,98.94644424934152,0
1990,1B,125.0,111.0,14.0,88.8,0
1990,1D,2864.0,2840.0,24.0,99.16201117318437,0
1990,1D1a,1015.0,1008.0,7.0,99.3103448275862,0
1990,1D1b,1849.0,1832.0,17.0,99.08058409951325,0
1990,2,5276.0,3742.0,1534.0,70.92494313874147,0
1990,2A,1218.0,1218.0,0.0,100.0,0
1990,2B,1750.0,330.0,1420.0,18.857142857142858,0
1990,2C,1976.0,1976.0,0.0,100.0,0
1990,2D,220.0,218.0,2.0,99.0909090909091,0
1990,2F,0.0,0.0,0.0,,0
1990,2F1,0.0,0.0,0.0,,0
1990,2F1a,0.0,0.0,0.0,,0
1990,2F1b,0.0,0.0,0.0,,0
1990,2F1c,0.0,0.0,0.0,,0
1990,2F1d,0.0,0.0,0.0,,0
1990,2F1e,0.0,0.0,0.0,,0
1990,2F1f,0.0,0.0,0.0,,0
1990,2F2,0.0,0.0,0.0,,0
1990,2F4,0.0,0.0,0.0,,0
1990,2G,104.0,0.0,104.0,0.0,0
1990,2H,8.0,0.0,8.0,0.0,0
1990,3,7829.0,647.0,7182.0,8.264146123387405,0
1990,3A,2714.0,0.0,2714.0,0.0,0
1990,3A1,2491.0,0.0,2491.0,0.0,0
1990,3A1a,1508.0,0.0,1508.0,0.0,0
1990,3A1b,983.0,0.0,983.0,0.0,0
1990,3A2,24.0,0.0,24.0,0.0,0
1990,3A3,36.0,0.0,36.0,0.0,0
1990,3A4d,1.0,0.0,1.0,0.0,0
1990,3A4e,23.0,0.0,23.0,0.0,0
1990,3A4hii,133.0,0.0,133.0,0.0,0
1990,3A4hiv,7.0,0.0,7.0,0.0,0
1990,3B,909.0,0.0,909.0,0.0,0
1990,3B1,569.0,0.0,569.0,0.0,0
1990,3B1a,346.0,0.0,346.0,0.0,0
1990,3B1b,223.0,0.0,223.0,0.0,0
1990,3B2,9.0,0.0,9.0,0.0,0
1990,3B3,135.0,0.0,135.0,0.0,0
1990,3B4d,0.0,0.0,0.0,,0
1990,3B4e,8.0,0.0,8.0,0.0,0
1990,3B4g,8.0,0.0,8.0,0.0,0
1990,3B4hii,1.0,0.0,1.0,0.0,0
1990,3B4hiv,87.0,0.0,87.0,0.0,0
1990,3B5,91.0,0.0,91.0,0.0,0
1990,3D,3555.0,0.0,3555.0,0.0,0
1990,3D1,3165.0,0.0,3165.0,0.0,0
1990,3D1a,1522.0,0.0,1522.0,0.0,0
1990,3D1b,209.0,0.0,209.0,0.0,0
1990,3D1c,45.0,0.0,45.0,0.0,0
1990,3D1d,203.0,0.0,203.0,0.0,0
1990,3D1e,1.0,0.0,1.0,0.0,0
1990,3D1f,1184.0,0.0,1184.0,0.0,0
1990,3D2,390.0,0.0,390.0,0.0,0
1990,3F,4.0,0.0,4.0,0.0,0
1990,3G,642.0,642.0,0.0,100.0,0
1990,3H,5.0,5.0,0.0,100.0,0
1990,4,-28832.0,-31931.0,3099.0,110.74847391786903,0
1990,4(i)A,34.0,0.0,34.0,0.0,0
1990,4(i)E,2.0,0.0,2.0,0.0,0
1990,4(ii)A,2708.0,0.0,2708.0,0.0,0
1990,4(ii)D,313.0,0.0,313.0,0.0,0
1990,4(ii)E,10.0,0.0,10.0,0.0,0
1990,4(iii)A,7.0,0.0,7.0,0.0,0
1990,4(iii)B,4.0,0.0,4.0,0.0,0
1990,4(iii)C,1.0,0.0,1.0,0.0,0
1990,4(iii)E,14.0,0.0,14.0,0.0,0
1990,4(iv)A,5.0,0.0,5.0,0.0,0
1990,4(iv)C,0.0,0.0,0.0,,0
1990,4A,-34776.0,-37531.0,2755.0,107.9221302047389,0
1990,4Ai1,-13402.0,-13402.0,0.0,100.0,0
1990,4Ai2,-16890.0,-16890.0,0.0,100.0,0
1990,4Aiv,-9437.0,-9437.0,0.0,100.0,0
1990,4Av,2198.0,2198.0,0.0,100.0,0
1990,4B,5267.0,5262.0,5.0,99.90506929941144,0
1990,4Bi,162.0,162.0,0.0,100.0,0
1990,4Biv,-157.0,-157.0,0.0,100.0,0
1990,4Bv,5257.0,5257.0,0.0,100.0,0
1990,4C,1036.0,1035.0,1.0,99.9034749034749,0
1990,4Ci,-27.0,-27.0,0.0,100.0,0
1990,4Civ,-43.0,-43.0,0.0,100.0,0
1990,4Cv,1105.0,1105.0,0.0,100.0,0
1990,4D,1647.0,1334.0,313.0,80.99574984820886,0
1990,4Di,2.0,2.0,0.0,100.0,0
1990,4Diii,0.0,0.0,0.0,,0
1990,4Dv,1331.0,1331.0,0.0,100.0,0
1990,4E,947.0,921.0,26.0,97.2544878563886,0
1990,4Ei,672.0,672.0,0.0,100.0,0
1990,4Eiii,13.0,13.0,0.0,100.0,0
1990,4Eiv-v,236.0,236.0,0.0,100.0,0
1990,4G,-2952.0,-2952.0,0.0,100.0,0
1990,5,5208.0,0.0,5208.0,0.0,0
1990,5A,4847.0,0.0,4847.0,0.0,0
1990,5B,45.0,0.0,45.0,0.0,0
1990,5D,315.0,0.0,315.0,0.0,0
1990,INDCO2,164.0,164.0,0.0,100.0,0
1990,TOTAL_NO_LULUCF,71844.0,57086.0,14758.0,79.45827069762262,0
1990,TOTAL_WITH_LULUCF,43012.0,25155.0,17857.0,58.48367897330977,0
1991,1,52043.0,51177.0,866.0,98.33599139173376,0
1991,1A1,18723.0,18599.0,124.0,99.33771297334829,0
1991,1A2,12849.0,12694.0,155.0,98.79368044205775,0
1991,1A2(-1A2gvii),11902.0,11756.0,146.0,98.77331540917493,0
1991,1A2gvii,947.0,939.0,8.0,99.15522703273496,0
1991,1A3,11720.0,11454.0,266.0,97.73037542662117,0
1991,1A3a,342.0,340.0,2.0,99.41520467836257,0
1991,1A3b,10741.0,10489.0,252.0,97.65384973466158,0
1991,1A3bi,0.0,0.0,0.0,,0
1991,1A3bii,0.0,0.0,0.0,,0
1991,1A3biii,0.0,0.0,0.0,,0
1991,1A3biv,0.0,0.0,0.0,,0
1991,1A3c,184.0,183.0,1.0,99.45652173913044,0
1991,1A3d,452.0,443.0,9.0,98.00884955752213,0
1991,1A4,7588.0,7330.0,258.0,96.59989457037427,0
1991,1A4a,2439.0,2412.0,27.0,98.8929889298893,0
1991,1A4ai,2004.0,1982.0,22.0,98.90219560878243,0
1991,1A4aii,434.0,430.0,4.0,99.07834101382488,0
1991,1A4b,3231.0,3023.0,208.0,93.56236459300527,0
1991,1A4bi,3077.0,2873.0,204.0,93.37016574585635,0
1991,1A4bii,154.0,149.0,5.0,96.75324675324676,0
1991,1A4c,1918.0,1896.0,22.0,98.85297184567257,0
1991,1A4ci,823.0,811.0,12.0,98.5419198055893,0
1991,1A4cii,923.0,914.0,9.0,99.02491874322861,0
1991,1A4ciii,172.0,170.0,2.0,98.83720930232558,0
1991,1A5,1006.0,996.0,10.0,99.00596421471172,0
1991,1B,158.0,103.0,55.0,65.18987341772153,0
1991,1D,2717.0,2694.0,23.0,99.15347810084653,0
1991,1D1a,955.0,948.0,7.0,99.26701570680628,0
1991,1D1b,1761.0,1745.0,16.0,99.09142532651902,0
1991,2,4897.0,3562.0,1335.0,72.73841127220747,0
1991,2A,1050.0,1050.0,0.0,100.0,0
1991,2B,1586.0,351.0,1235.0,22.131147540983605,0
1991,2C,1987.0,1987.0,0.0,100.0,0
1991,2D,175.0,173.0,2.0,98.85714285714286,0
1991,2F,0.0,0.0,0.0,,0
1991,2F1,0.0,0.0,0.0,,0
1991,2F1a,0.0,0.0,0.0,,0
1991,2F1b,0.0,0.0,0.0,,0
1991,2F1c,0.0,0.0,0.0,,0
1991,2F1d,0.0,0.0,0.0,,0
1991,2F1e,0.0,0.0,0.0,,0
1991,2F1f,0.0,0.0,0.0,,0
1991,2F2,0.0,0.0,0.0,,0
1991,2F4,0.0,0.0,0.0,,0
1991,2G,91.0,0.0,91.0,0.0,0
1991,2H,8.0,0.0,8.0,0.0,0
1991,3,7301.0,458.0,6843.0,6.2731132721545,0
1991,3A,2597.0,0.0,2597.0,0.0,0
1991,3A1,2363.0,0.0,2363.0,0.0,0
1991,3A1a,1380.0,0.0,1380.0,0.0,0
1991,3A1b,982.0,0.0,982.0,0.0,0
1991,3A2,25.0,0.0,25.0,0.0,0
1991,3A3,35.0,0.0,35.0,0.0,0
1991,3A4d,1.0,0.0,1.0,0.0,0
1991,3A4e,24.0,0.0,24.0,0.0,0
1991,3A4hii,145.0,0.0,145.0,0.0,0
1991,3A4hiv,5.0,0.0,5.0,0.0,0
1991,3B,859.0,0.0,859.0,0.0,0
1991,3B1,538.0,0.0,538.0,0.0,0
1991,3B1a,316.0,0.0,316.0,0.0,0
1991,3B1b,222.0,0.0,222.0,0.0,0
1991,3B2,9.0,0.0,9.0,0.0,0
1991,3B3,135.0,0.0,135.0,0.0,0
1991,3B4d,0.0,0.0,0.0,,0
1991,3B4e,11.0,0.0,11.0,0.0,0
1991,3B4g,8.0,0.0,8.0,0.0,0
1991,3B4hii,1.0,0.0,1.0,0.0,0
1991,3B4hiv,71.0,0.0,71.0,0.0,0
1991,3B5,87.0,0.0,87.0,0.0,0
1991,3D,3383.0,0.0,3383.0,0.0,0
1991,3D1,3009.0,0.0,3009.0,0.0,0
1991,3D1a,1349.0,0.0,1349.0,0.0,0
1991,3D1b,200.0,0.0,200.0,0.0,0
1991,3D1c,42.0,0.0,42.0,0.0,0
1991,3D1d,251.0,0.0,251.0,0.0,0
1991,3D1e,1.0,0.0,1.0,0.0,0
1991,3D1f,1166.0,0.0,1166.0,0.0,0
1991,3D2,374.0,0.0,374.0,0.0,0
1991,3F,4.0,0.0,4.0,0.0,0
1991,3G,455.0,455.0,0.0,100.0,0
1991,3H,2.0,2.0,0.0,100.0,0
1991,4,-41236.0,-44320.0,3084.0,107.47890193035212,0
1991,4(i)A,26.0,0.0,26.0,0.0,0
1991,4(i)E,2.0,0.0,2.0,0.0,0
1991,4(ii)A,2702.0,0.0,2702.0,0.0,0
1991,4(ii)D,315.0,0.0,315.0,0.0,0
1991,4(ii)E,10.0,0.0,10.0,0.0,0
1991,4(iii)A,8.0,0.0,8.0,0.0,0
1991,4(iii)B,4.0,0.0,4.0,0.0,0
1991,4(iii)C,1.0,0.0,1.0,0.0,0
1991,4(iii)E,14.0,0.0,14.0,0.0,0
1991,4(iv)A,2.0,0.0,2.0,0.0,0
1991,4(iv)C,0.0,0.0,0.0,,0
1991,4A,-49018.0,-51757.0,2739.0,105.58774327797951,0
1991,4Ai1,-25537.0,-25537.0,0.0,100.0,0
1991,4Ai2,-19889.0,-19889.0,0.0,100.0,0
1991,4Aiv,-9100.0,-9100.0,0.0,100.0,0
1991,4Av,2768.0,2768.0,0.0,100.0,0
1991,4B,5245.0,5240.0,5.0,99.90467111534795,0
1991,4Bi,202.0,202.0,0.0,100.0,0
1991,4Biv,-165.0,-165.0,0.0,100.0,0
1991,4Bv,5204.0,5204.0,0.0,100.0,0
1991,4C,1014.0,1013.0,1.0,99.90138067061145,0
1991,4Ci,-7.0,-7.0,0.0,100.0,0
1991,4Civ,-39.0,-39.0,0.0,100.0,0
1991,4Cv,1058.0,1058.0,0.0,100.0,0
1991,4D,1630.0,1315.0,315.0,80.67484662576688,0
1991,4Di,33.0,33.0,0.0,100.0,0
1991,4Diii,1.0,1.0,0.0,100.0,0
1991,4Dv,1282.0,1282.0,0.0,100.0,0
1991,4E,982.0,956.0,26.0,97.35234215885947,0
1991,4Ei,706.0,706.0,0.0,100.0,0
1991,4Eiii,13.0,13.0,0.0,100.0,0
1991,4Eiv-v,237.0,237.0,0.0,100.0,0
1991,4G,-1088.0,-1088.0,0.0,100.0,0
1991,5,5269.0,0.0,5269.0,0.0,0
1991,5A,4911.0,0.0,4911.0,0.0,0
1991,5B,51.0,0.0,51.0,0.0,0
1991,5D,308.0,0.0,308.0,0.0,0
1991,INDCO2,153.0,153.0,0.0,100.0,0
1991,TOTAL_NO_LULUCF,69663.0,55350.0,14313.0,79.45394255200034,0
1991,TOTAL_WITH_LULUCF,28427.0,11029.0,17398.0,38.79762197910438,0
1992,1,51436.0,50554.0,882.0,98.28524768644529,0
1992,1A1,18538.0,18405.0,133.0,99.28255475240047,0
1992,1A2,12336.0,12192.0,144.0,98.83268482490273,0
1992,1A2(-1A2gvii),11401.0,11266.0,135.0,98.81589334268924,0
1992,1A2gvii,935.0,926.0,9.0,99.03743315508021,0
1992,1A3,11632.0,11372.0,260.0,97.76478679504814,0
1992,1A3a,314.0,312.0,2.0,99.36305732484077,0
1992,1A3b,10701.0,10454.0,247.0,97.69180450425195,0
1992,1A3bi,0.0,0.0,0.0,,0
1992,1A3bii,0.0,0.0,0.0,,0
1992,1A3biii,0.0,0.0,0.0,,0
1992,1A3biv,0.0,0.0,0.0,,0
1992,1A3c,189.0,188.0,1.0,99.47089947089947,0
1992,1A3d,427.0,419.0,8.0,98.12646370023418,0
1992,1A4,7679.0,7418.0,261.0,96.60111993749186,0
1992,1A4a,2535.0,2507.0,28.0,98.89546351084813,0
1992,1A4ai,2105.0,2082.0,23.0,98.90736342042756,0
1992,1A4aii,430.0,425.0,5.0,98.83720930232558,0
1992,1A4b,3258.0,3048.0,210.0,93.55432780847146,0
1992,1A4bi,3097.0,2892.0,205.0,93.3806909912819,0
1992,1A4bii,161.0,156.0,5.0,96.8944099378882,0
1992,1A4c,1886.0,1864.0,22.0,98.83351007423119,0
1992,1A4ci,818.0,805.0,13.0,98.41075794621027,0
1992,1A4cii,901.0,893.0,8.0,99.11209766925639,0
1992,1A4ciii,167.0,166.0,1.0,99.40119760479041,0
1992,1A5,1067.0,1057.0,10.0,99.06279287722587,0
1992,1B,184.0,110.0,74.0,59.78260869565217,0
1992,1D,3069.0,3043.0,26.0,99.15281850765722,0
1992,1D1a,845.0,838.0,7.0,99.1715976331361,0
1992,1D1b,2225.0,2205.0,20.0,99.10112359550561,0
1992,2,4624.0,3419.0,1205.0,73.94031141868513,0
1992,2A,952.0,952.0,0.0,100.0,0
1992,2B,1419.0,300.0,1119.0,21.141649048625794,0
1992,2C,1991.0,1991.0,0.0,100.0,0
1992,2D,177.0,176.0,1.0,99.43502824858757,0
1992,2F,0.0,0.0,0.0,,0
1992,2F1,0.0,0.0,0.0,,0
1992,2F1a,0.0,0.0,0.0,,0
1992,2F1b,0.0,0.0,0.0,,0
1992,2F1c,0.0,0.0,0.0,,0
1992,2F1d,0.0,0.0,0.0,,0
1992,2F1e,0.0,0.0,0.0,,0
1992,2F1f,0.0,0.0,0.0,,0
1992,2F2,0.0,0.0,0.0,,0
1992,2F4,0.0,0.0,0.0,,0
1992,2G,76.0,0.0,76.0,0.0,0
1992,2H,8.0,0.0,8.0,0.0,0
1992,3,6698.0,299.0,6399.0,4.464019110182144,0
1992,3A,2501.0,0.0,2501.0,0.0,0
1992,3A1,2282.0,0.0,2282.0,0.0,0
1992,3A1a,1318.0,0.0,1318.0,0.0,0
1992,3A1b,964.0,0.0,964.0,0.0,0
1992,3A2,25.0,0.0,25.0,0.0,0
1992,3A3,33.0,0.0,33.0,0.0,0
1992,3A4d,1.0,0.0,1.0,0.0,0
1992,3A4e,25.0,0.0,25.0,0.0,0
1992,3A4hii,129.0,0.0,129.0,0.0,0
1992,3A4hiv,6.0,0.0,6.0,0.0,0
1992,3B,844.0,0.0,844.0,0.0,0
1992,3B1,517.0,0.0,517.0,0.0,0
1992,3B1a,301.0,0.0,301.0,0.0,0
1992,3B1b,216.0,0.0,216.0,0.0,0
1992,3B2,9.0,0.0,9.0,0.0,0
1992,3B3,130.0,0.0,130.0,0.0,0
1992,3B4d,0.0,0.0,0.0,,0
1992,3B4e,13.0,0.0,13.0,0.0,0
1992,3B4g,8.0,0.0,8.0,0.0,0
1992,3B4hii,1.0,0.0,1.0,0.0,0
1992,3B4hiv,80.0,0.0,80.0,0.0,0
1992,3B5,86.0,0.0,86.0,0.0,0
1992,3D,3050.0,0.0,3050.0,0.0,0
1992,3D1,2717.0,0.0,2717.0,0.0,0
1992,3D1a,1088.0,0.0,1088.0,0.0,0
1992,3D1b,195.0,0.0,195.0,0.0,0
1992,3D1c,40.0,0.0,40.0,0.0,0
1992,3D1d,238.0,0.0,238.0,0.0,0
1992,3D1e,1.0,0.0,1.0,0.0,0
1992,3D1f,1156.0,0.0,1156.0,0.0,0
1992,3D2,333.0,0.0,333.0,0.0,0
1992,3F,3.0,0.0,3.0,0.0,0
1992,3G,297.0,297.0,0.0,100.0,0
1992,3H,3.0,3.0,0.0,100.0,0
1992,4,-35443.0,-38513.0,3070.0,108.66179499478035,0
1992,4(i)A,11.0,0.0,11.0,0.0,0
1992,4(i)E,2.0,0.0,2.0,0.0,0
1992,4(ii)A,2698.0,0.0,2698.0,0.0,0
1992,4(ii)D,317.0,0.0,317.0,0.0,0
1992,4(ii)E,10.0,0.0,10.0,0.0,0
1992,4(iii)A,9.0,0.0,9.0,0.0,0
1992,4(iii)B,4.0,0.0,4.0,0.0,0
1992,4(iii)C,1.0,0.0,1.0,0.0,0
1992,4(iii)E,14.0,0.0,14.0,0.0,0
1992,4(iv)A,4.0,0.0,4.0,0.0,0
1992,4(iv)C,0.0,0.0,0.0,,0
1992,4A,-43023.0,-45744.0,2721.0,106.32452409176487,0
1992,4Ai1,-19482.0,-19482.0,0.0,100.0,0
1992,4Ai2,-19134.0,-19134.0,0.0,100.0,0
1992,4Aiv,-9278.0,-9278.0,0.0,100.0,0
1992,4Av,2150.0,2150.0,0.0,100.0,0
1992,4B,5271.0,5267.0,4.0,99.92411307152344,0
1992,4Bi,251.0,251.0,0.0,100.0,0
1992,4Biv,-169.0,-169.0,0.0,100.0,0
1992,4Bv,5185.0,5185.0,0.0,100.0,0
1992,4C,979.0,978.0,1.0,99.89785495403473,0
1992,4Ci,-9.0,-9.0,0.0,100.0,0
1992,4Civ,-35.0,-35.0,0.0,100.0,0
1992,4Cv,1022.0,1022.0,0.0,100.0,0
1992,4D,1818.0,1501.0,317.0,82.56325632563257,0
1992,4Di,57.0,57.0,0.0,100.0,0
1992,4Diii,1.0,1.0,0.0,100.0,0
1992,4Dv,1442.0,1442.0,0.0,100.0,0
1992,4E,1019.0,992.0,27.0,97.35034347399412,0
1992,4Ei,739.0,739.0,0.0,100.0,0
1992,4Eiii,14.0,14.0,0.0,100.0,0
1992,4Eiv-v,239.0,239.0,0.0,100.0,0
1992,4G,-1507.0,-1507.0,0.0,100.0,0
1992,5,5283.0,0.0,5283.0,0.0,0
1992,5A,4929.0,0.0,4929.0,0.0,0
1992,5B,57.0,0.0,57.0,0.0,0
1992,5D,298.0,0.0,298.0,0.0,0
1992,INDCO2,147.0,147.0,0.0,100.0,0
1992,TOTAL_NO_LULUCF,68188.0,54420.0,13768.0,79.80876400539685,0
1992,TOTAL_WITH_LULUCF,32745.0,15907.0,16838.0,48.57840891739197,0
1993,1,53380.0,52455.0,925.0,98.26714125140502,0
1993,1A1,21290.0,21137.0,153.0,99.2813527477689,0
1993,1A2,12421.0,12260.0,161.0,98.70380806698333,0
1993,1A2(-1A2gvii),11502.0,11350.0,152.0,98.67849069727004,0
1993,1A2gvii,918.0,910.0,8.0,99.12854030501089,0
1993,1A3,11168.0,10916.0,252.0,97.74355300859598,0
1993,1A3a,285.0,282.0,3.0,98.94736842105263,0
1993,1A3b,10222.0,9983.0,239.0,97.66190569360204,0
1993,1A3bi,0.0,0.0,0.0,,0
1993,1A3bii,0.0,0.0,0.0,,0
1993,1A3biii,0.0,0.0,0.0,,0
1993,1A3biv,0.0,0.0,0.0,,0
1993,1A3c,208.0,206.0,2.0,99.03846153846155,0
1993,1A3d,454.0,445.0,9.0,98.01762114537445,0
1993,1A4,7266.0,7010.0,256.0,96.4767409854115,0
1993,1A4a,2223.0,2198.0,25.0,98.87539361223571,0
1993,1A4ai,1799.0,1779.0,20.0,98.88827126181212,0
1993,1A4aii,424.0,419.0,5.0,98.82075471698113,0
1993,1A4b,3181.0,2972.0,209.0,93.42973907576234,0
1993,1A4bi,3020.0,2816.0,204.0,93.24503311258279,0
1993,1A4bii,161.0,156.0,5.0,96.8944099378882,0
1993,1A4c,1862.0,1840.0,22.0,98.81847475832438,0
1993,1A4ci,816.0,804.0,12.0,98.52941176470588,0
1993,1A4cii,882.0,874.0,8.0,99.09297052154194,0
1993,1A4ciii,164.0,162.0,2.0,98.78048780487805,0
1993,1A5,984.0,975.0,9.0,99.08536585365853,0
1993,1B,251.0,157.0,94.0,62.54980079681275,0
1993,1D,2534.0,2512.0,22.0,99.13180741910024,0
1993,1D1a,794.0,788.0,6.0,99.24433249370277,0
1993,1D1b,1740.0,1725.0,15.0,99.13793103448276,0
1993,2,4640.0,3393.0,1247.0,73.125,0
1993,2A,858.0,858.0,0.0,100.0,0
1993,2B,1413.0,245.0,1168.0,17.338995046001415,0
1993,2C,2113.0,2113.0,0.0,100.0,0
1993,2D,179.0,177.0,2.0,98.88268156424581,0
1993,2F,0.0,0.0,0.0,,0
1993,2F1,0.0,0.0,0.0,,0
1993,2F1a,0.0,0.0,0.0,,0
1993,2F1b,0.0,0.0,0.0,,0
1993,2F1c,0.0,0.0,0.0,,0
1993,2F1d,0.0,0.0,0.0,,0
1993,2F1e,0.0,0.0,0.0,,0
1993,2F1f,0.0,0.0,0.0,,0
1993,2F2,0.0,0.0,0.0,,0
1993,2F4,0.0,0.0,0.0,,0
1993,2G,72.0,0.0,72.0,0.0,0
1993,2H,6.0,0.0,6.0,0.0,0
1993,3,6921.0,473.0,6448.0,6.834272503973414,0
1993,3A,2513.0,0.0,2513.0,0.0,0
1993,3A1,2301.0,0.0,2301.0,0.0,0
1993,3A1a,1331.0,0.0,1331.0,0.0,0
1993,3A1b,969.0,0.0,969.0,0.0,0
1993,3A2,28.0,0.0,28.0,0.0,0
1993,3A3,33.0,0.0,33.0,0.0,0
1993,3A4d,1.0,0.0,1.0,0.0,0
1993,3A4e,25.0,0.0,25.0,0.0,0
1993,3A4hii,120.0,0.0,120.0,0.0,0
1993,3A4hiv,6.0,0.0,6.0,0.0,0
1993,3B,827.0,0.0,827.0,0.0,0
1993,3B1,500.0,0.0,500.0,0.0,0
1993,3B1a,293.0,0.0,293.0,0.0,0
1993,3B1b,208.0,0.0,208.0,0.0,0
1993,3B2,11.0,0.0,11.0,0.0,0
1993,3B3,123.0,0.0,123.0,0.0,0
1993,3B4d,0.0,0.0,0.0,,0
1993,3B4e,15.0,0.0,15.0,0.0,0
1993,3B4g,8.0,0.0,8.0,0.0,0
1993,3B4hii,1.0,0.0,1.0,0.0,0
1993,3B4hiv,82.0,0.0,82.0,0.0,0
1993,3B5,87.0,0.0,87.0,0.0,0
1993,3D,3105.0,0.0,3105.0,0.0,0
1993,3D1,2762.0,0.0,2762.0,0.0,0
1993,3D1a,1121.0,0.0,1121.0,0.0,0
1993,3D1b,196.0,0.0,196.0,0.0,0
1993,3D1c,40.0,0.0,40.0,0.0,0
1993,3D1d,258.0,0.0,258.0,0.0,0
1993,3D1e,1.0,0.0,1.0,0.0,0
1993,3D1f,1146.0,0.0,1146.0,0.0,0
1993,3D2,343.0,0.0,343.0,0.0,0
1993,3F,4.0,0.0,4.0,0.0,0
1993,3G,472.0,472.0,0.0,100.0,0
1993,3H,1.0,1.0,0.0,100.0,0
1993,4,-36678.0,-39737.0,3059.0,108.3401494083647,0
1993,4(i)A,4.0,0.0,4.0,0.0,0
1993,4(i)E,2.0,0.0,2.0,0.0,0
1993,4(ii)A,2692.0,0.0,2692.0,0.0,0
1993,4(ii)D,320.0,0.0,320.0,0.0,0
1993,4(ii)E,10.0,0.0,10.0,0.0,0
1993,4(iii)A,9.0,0.0,9.0,0.0,0
1993,4(iii)B,4.0,0.0,4.0,0.0,0
1993,4(iii)C,1.0,0.0,1.0,0.0,0
1993,4(iii)E,15.0,0.0,15.0,0.0,0
1993,4(iv)A,1.0,0.0,1.0,0.0,0
1993,4(iv)C,0.0,0.0,0.0,,0
1993,4A,-41937.0,-44644.0,2707.0,106.45492047595202,0
1993,4Ai1,-17039.0,-17039.0,0.0,100.0,0
1993,4Ai2,-19252.0,-19252.0,0.0,100.0,0
1993,4Aiv,-9327.0,-9327.0,0.0,100.0,0
1993,4Av,974.0,974.0,0.0,100.0,0
1993,4B,5297.0,5293.0,4.0,99.92448555786294,0
1993,4Bi,302.0,302.0,0.0,100.0,0
1993,4Biv,-171.0,-171.0,0.0,100.0,0
1993,4Bv,5162.0,5162.0,0.0,100.0,0
1993,4C,967.0,967.0,0.0,100.0,0
1993,4Ci,8.0,8.0,0.0,100.0,0
1993,4Civ,-33.0,-33.0,0.0,100.0,0
1993,4Cv,992.0,992.0,0.0,100.0,0
1993,4D,1767.0,1447.0,320.0,81.89020939445388,0
1993,4Di,78.0,78.0,0.0,100.0,0
1993,4Diii,2.0,2.0,0.0,100.0,0
1993,4Dv,1367.0,1367.0,0.0,100.0,0
1993,4E,1082.0,1055.0,27.0,97.50462107208872,0
1993,4Ei,798.0,798.0,0.0,100.0,0
1993,4Eiii,15.0,15.0,0.0,100.0,0
1993,4Eiv-v,243.0,243.0,0.0,100.0,0
1993,4G,-3854.0,-3854.0,0.0,100.0,0
1993,5,5277.0,0.0,5277.0,0.0,0
1993,5A,4919.0,0.0,4919.0,0.0,0
1993,5B,61.0,0.0,61.0,0.0,0
1993,5D,297.0,0.0,297.0,0.0,0
1993,INDCO2,140.0,140.0,0.0,100.0,0
1993,TOTAL_NO_LULUCF,70359.0,56461.0,13898.0,80.24701886041586,0
1993,TOTAL_WITH_LULUCF,33681.0,16725.0,16956.0,49.657076690122025,0
1994,1,58694.0,57738.0,956.0,98.37121341193308,0
1994,1A1,26259.0,26084.0,175.0,99.33356182642142,0
1994,1A2,12755.0,12589.0,166.0,98.69854958839672,0
1994,1A2(-1A2gvii),11843.0,11686.0,157.0,98.67432238453094,0
1994,1A2gvii,911.0,903.0,8.0,99.12184412733261,0
1994,1A3,11515.0,11272.0,243.0,97.88970907511941,0
1994,1A3a,261.0,259.0,2.0,99.23371647509579,0
1994,1A3b,10540.0,10310.0,230.0,97.81783681214421,0
1994,1A3bi,0.0,0.0,0.0,,0
1994,1A3bii,0.0,0.0,0.0,,0
1994,1A3biii,0.0,0.0,0.0,,0
1994,1A3biv,0.0,0.0,0.0,,0
1994,1A3c,213.0,211.0,2.0,99.06103286384976,0
1994,1A3d,502.0,493.0,9.0,98.20717131474103,0
1994,1A4,6754.0,6500.0,254.0,96.23926562037312,0
1994,1A4a,1918.0,1897.0,21.0,98.90510948905109,0
1994,1A4ai,1501.0,1484.0,17.0,98.8674217188541,0
1994,1A4aii,418.0,413.0,5.0,98.80382775119617,0
1994,1A4b,2959.0,2749.0,210.0,92.90300777289625,0
1994,1A4bi,2799.0,2593.0,206.0,92.64022865309039,0
1994,1A4bii,160.0,155.0,5.0,96.875,0
1994,1A4c,1877.0,1854.0,23.0,98.77464038359084,0
1994,1A4ci,835.0,822.0,13.0,98.44311377245509,0
1994,1A4cii,881.0,873.0,8.0,99.09194097616346,0
1994,1A4ciii,161.0,160.0,1.0,99.37888198757764,0
1994,1A5,1239.0,1228.0,11.0,99.11218724778047,0
1994,1B,171.0,66.0,105.0,38.59649122807017,0
1994,1D,2188.0,2169.0,19.0,99.13162705667276,0
1994,1D1a,836.0,829.0,7.0,99.16267942583733,0
1994,1D1b,1352.0,1340.0,12.0,99.11242603550295,0
1994,2,4926.0,3529.0,1397.0,71.6402760860739,0
1994,2A,898.0,898.0,0.0,100.0,0
1994,2B,1545.0,313.0,1232.0,20.258899676375407,0
1994,2C,2122.0,2122.0,0.0,100.0,0
1994,2D,197.0,196.0,1.0,99.49238578680203,0
1994,2F,81.0,0.0,81.0,0.0,0
1994,2F1,81.0,0.0,81.0,0.0,0
1994,2F1a,78.0,0.0,78.0,0.0,0
1994,2F1b,1.0,0.0,1.0,0.0,0
1994,2F1c,1.0,0.0,1.0,0.0,0
1994,2F1d,0.0,0.0,0.0,,0
1994,2F1e,0.0,0.0,0.0,,0
1994,2F1f,1.0,0.0,1.0,0.0,0
1994,2F2,0.0,0.0,0.0,,0
1994,2F4,0.0,0.0,0.0,,0
1994,2G,75.0,0.0,75.0,0.0,0
1994,2H,8.0,0.0,8.0,0.0,0
1994,3,6984.0,473.0,6511.0,6.77262313860252,0
1994,3A,2515.0,0.0,2515.0,0.0,0
1994,3A1,2302.0,0.0,2302.0,0.0,0
1994,3A1a,1330.0,0.0,1330.0,0.0,0
1994,3A1b,972.0,0.0,972.0,0.0,0
1994,3A2,28.0,0.0,28.0,0.0,0
1994,3A3,33.0,0.0,33.0,0.0,0
1994,3A4d,1.0,0.0,1.0,0.0,0
1994,3A4e,24.0,0.0,24.0,0.0,0
1994,3A4hii,119.0,0.0,119.0,0.0,0
1994,3A4hiv,7.0,0.0,7.0,0.0,0
1994,3B,893.0,0.0,893.0,0.0,0
1994,3B1,529.0,0.0,529.0,0.0,0
1994,3B1a,311.0,0.0,311.0,0.0,0
1994,3B1b,217.0,0.0,217.0,0.0,0
1994,3B2,11.0,0.0,11.0,0.0,0
1994,3B3,137.0,0.0,137.0,0.0,0
1994,3B4d,0.0,0.0,0.0,,0
1994,3B4e,17.0,0.0,17.0,0.0,0
1994,3B4g,9.0,0.0,9.0,0.0,0
1994,3B4hii,1.0,0.0,1.0,0.0,0
1994,3B4hiv,101.0,0.0,101.0,0.0,0
1994,3B5,90.0,0.0,90.0,0.0,0
1994,3D,3098.0,0.0,3098.0,0.0,0
1994,3D1,2755.0,0.0,2755.0,0.0,0
1994,3D1a,1127.0,0.0,1127.0,0.0,0
1994,3D1b,199.0,0.0,199.0,0.0,0
1994,3D1c,39.0,0.0,39.0,0.0,0
1994,3D1d,252.0,0.0,252.0,0.0,0
1994,3D1e,1.0,0.0,1.0,0.0,0
1994,3D1f,1137.0,0.0,1137.0,0.0,0
1994,3D2,343.0,0.0,343.0,0.0,0
1994,3F,4.0,0.0,4.0,0.0,0
1994,3G,472.0,472.0,0.0,100.0,0
1994,3H,1.0,1.0,0.0,100.0,0
1994,4,-30403.0,-33480.0,3077.0,110.12071177186462,0
1994,4(i)A,15.0,0.0,15.0,0.0,0
1994,4(i)E,3.0,0.0,3.0,0.0,0
1994,4(ii)A,2702.0,0.0,2702.0,0.0,0
1994,4(ii)D,316.0,0.0,316.0,0.0,0
1994,4(ii)E,10.0,0.0,10.0,0.0,0
1994,4(iii)A,9.0,0.0,9.0,0.0,0
1994,4(iii)B,4.0,0.0,4.0,0.0,0
1994,4(iii)C,1.0,0.0,1.0,0.0,0
1994,4(iii)E,15.0,0.0,15.0,0.0,0
1994,4(iv)A,3.0,0.0,3.0,0.0,0
1994,4(iv)C,0.0,0.0,0.0,,0
1994,4A,-34326.0,-37055.0,2729.0,107.95024179921926,0
1994,4Ai1,-8938.0,-8938.0,0.0,100.0,0
1994,4Ai2,-18467.0,-18467.0,0.0,100.0,0
1994,4Aiv,-9863.0,-9863.0,0.0,100.0,0
1994,4Av,212.0,212.0,0.0,100.0,0
1994,4B,5289.0,5285.0,4.0,99.92437133673663,0
1994,4Bi,317.0,317.0,0.0,100.0,0
1994,4Biv,-172.0,-172.0,0.0,100.0,0
1994,4Bv,5140.0,5140.0,0.0,100.0,0
1994,4C,938.0,938.0,0.0,100.0,0
1994,4Ci,6.0,6.0,0.0,100.0,0
1994,4Civ,-31.0,-31.0,0.0,100.0,0
1994,4Cv,963.0,963.0,0.0,100.0,0
1994,4D,1979.0,1663.0,316.0,84.03233956543708,0
1994,4Di,88.0,88.0,0.0,100.0,0
1994,4Diii,2.0,2.0,0.0,100.0,0
1994,4Dv,1573.0,1573.0,0.0,100.0,0
1994,4E,1140.0,1113.0,27.0,97.63157894736842,0
1994,4Ei,852.0,852.0,0.0,100.0,0
1994,4Eiii,16.0,16.0,0.0,100.0,0
1994,4Eiv-v,246.0,246.0,0.0,100.0,0
1994,4G,-5424.0,-5424.0,0.0,100.0,0
1994,5,5206.0,0.0,5206.0,0.0,0
1994,5A,4845.0,0.0,4845.0,0.0,0
1994,5B,66.0,0.0,66.0,0.0,0
1994,5D,295.0,0.0,295.0,0.0,0
1994,INDCO2,139.0,139.0,0.0,100.0,0
1994,TOTAL_NO_LULUCF,75949.0,61880.0,14069.0,81.47572713268114,0
1994,TOTAL_WITH_LULUCF,45546.0,28400.0,17146.0,62.354542660167745,0
1995,1,55172.0,54223.0,949.0,98.2799245994345,0
1995,1A1,23931.0,23752.0,179.0,99.25201621327984,0
1995,1A2,12149.0,11985.0,164.0,98.65009465799655,0
1995,1A2(-1A2gvii),11223.0,11068.0,155.0,98.61890760046333,0
1995,1A2gvii,926.0,917.0,9.0,99.0280777537797,0
1995,1A3,11312.0,11076.0,236.0,97.91371994342292,0
1995,1A3a,264.0,262.0,2.0,99.24242424242425,0
1995,1A3b,10385.0,10162.0,223.0,97.85267212325469,0
1995,1A3bi,0.0,0.0,0.0,,0
1995,1A3bii,0.0,0.0,0.0,,0
1995,1A3biii,0.0,0.0,0.0,,0
1995,1A3biv,0.0,0.0,0.0,,0
1995,1A3c,195.0,193.0,2.0,98.97435897435898,0
1995,1A3d,468.0,459.0,9.0,98.07692307692307,0
1995,1A4,6270.0,6016.0,254.0,95.94896331738437,0
1995,1A4a,1597.0,1579.0,18.0,98.87288666249218,0
1995,1A4ai,1186.0,1172.0,14.0,98.8195615514334,0
1995,1A4aii,411.0,406.0,5.0,98.78345498783455,0
1995,1A4b,2908.0,2693.0,215.0,92.60660247592847,0
1995,1A4bi,2748.0,2538.0,210.0,92.35807860262008,0
1995,1A4bii,160.0,155.0,5.0,96.875,0
1995,1A4c,1765.0,1744.0,21.0,98.81019830028328,0
1995,1A4ci,726.0,716.0,10.0,98.62258953168043,0
1995,1A4cii,879.0,870.0,9.0,98.97610921501706,0
1995,1A4ciii,159.0,158.0,1.0,99.37106918238993,0
1995,1A5,1331.0,1319.0,12.0,99.0984222389181,0
1995,1B,179.0,75.0,104.0,41.899441340782126,0
1995,1D,1972.0,1956.0,16.0,99.18864097363083,0
1995,1D1a,904.0,897.0,7.0,99.22566371681415,0
1995,1D1b,1068.0,1059.0,9.0,99.15730337078652,0
1995,2,4994.0,3490.0,1504.0,69.88386063275931,0
1995,2A,874.0,874.0,0.0,100.0,0
1995,2B,1610.0,355.0,1255.0,22.049689440993788,0
1995,2C,2076.0,2076.0,0.0,100.0,0
1995,2D,187.0,186.0,1.0,99.46524064171123,0
1995,2F,150.0,0.0,150.0,0.0,0
1995,2F1,147.0,0.0,147.0,0.0,0
1995,2F1a,139.0,0.0,139.0,0.0,0
1995,2F1b,1.0,0.0,1.0,0.0,0
1995,2F1c,1.0,0.0,1.0,0.0,0
1995,2F1d,1.0,0.0,1.0,0.0,0
1995,2F1e,3.0,0.0,3.0,0.0,0
1995,2F1f,2.0,0.0,2.0,0.0,0
1995,2F2,0.0,0.0,0.0,,0
1995,2F4,2.0,0.0,2.0,0.0,0
1995,2G,85.0,0.0,85.0,0.0,0
1995,2H,11.0,0.0,11.0,0.0,0
1995,3,6880.0,410.0,6470.0,5.959302325581396,0
1995,3A,2372.0,0.0,2372.0,0.0,0
1995,3A1,2150.0,0.0,2150.0,0.0,0
1995,3A1a,1285.0,0.0,1285.0,0.0,0
1995,3A1b,865.0,0.0,865.0,0.0,0
1995,3A2,37.0,0.0,37.0,0.0,0
1995,3A3,35.0,0.0,35.0,0.0,0
1995,3A4d,1.0,0.0,1.0,0.0,0
1995,3A4e,25.0,0.0,25.0,0.0,0
1995,3A4hii,116.0,0.0,116.0,0.0,0
1995,3A4hiv,8.0,0.0,8.0,0.0,0
1995,3B,875.0,0.0,875.0,0.0,0
1995,3B1,493.0,0.0,493.0,0.0,0
1995,3B1a,300.0,0.0,300.0,0.0,0
1995,3B1b,193.0,0.0,193.0,0.0,0
1995,3B2,14.0,0.0,14.0,0.0,0
1995,3B3,145.0,0.0,145.0,0.0,0
1995,3B4d,0.0,0.0,0.0,,0
1995,3B4e,19.0,0.0,19.0,0.0,0
1995,3B4g,9.0,0.0,9.0,0.0,0
1995,3B4hii,0.0,0.0,0.0,,0
1995,3B4hiv,106.0,0.0,106.0,0.0,0
1995,3B5,88.0,0.0,88.0,0.0,0
1995,3D,3220.0,0.0,3220.0,0.0,0
1995,3D1,2874.0,0.0,2874.0,0.0,0
1995,3D1a,1302.0,0.0,1302.0,0.0,0
1995,3D1b,192.0,0.0,192.0,0.0,0
1995,3D1c,36.0,0.0,36.0,0.0,0
1995,3D1d,199.0,0.0,199.0,0.0,0
1995,3D1e,6.0,0.0,6.0,0.0,0
1995,3D1f,1139.0,0.0,1139.0,0.0,0
1995,3D2,347.0,0.0,347.0,0.0,0
1995,3F,4.0,0.0,4.0,0.0,0
1995,3G,410.0,410.0,0.0,100.0,0
1995,3H,1.0,1.0,0.0,100.0,0
1995,4,-29011.0,-32093.0,3082.0,110.62355658198615,0
1995,4(i)A,8.0,0.0,8.0,0.0,0
1995,4(i)E,3.0,0.0,3.0,0.0,0
1995,4(ii)A,2714.0,0.0,2714.0,0.0,0
1995,4(ii)D,316.0,0.0,316.0,0.0,0
1995,4(ii)E,10.0,0.0,10.0,0.0,0
1995,4(iii)A,9.0,0.0,9.0,0.0,0
1995,4(iii)B,4.0,0.0,4.0,0.0,0
1995,4(iii)C,1.0,0.0,1.0,0.0,0
1995,4(iii)E,15.0,0.0,15.0,0.0,0
1995,4(iv)A,2.0,0.0,2.0,0.0,0
1995,4(iv)C,0.0,0.0,0.0,,0
1995,4A,-33640.0,-36374.0,2734.0,108.12722948870392,0
1995,4Ai1,-7495.0,-7495.0,0.0,100.0,0
1995,4Ai2,-18656.0,-18656.0,0.0,100.0,0
1995,4Aiv,-10694.0,-10694.0,0.0,100.0,0
1995,4Av,471.0,471.0,0.0,100.0,0
1995,4B,5613.0,5609.0,4.0,99.92873686085872,0
1995,4Bi,333.0,333.0,0.0,100.0,0
1995,4Biv,110.0,110.0,0.0,100.0,0
1995,4Bv,5167.0,5167.0,0.0,100.0,0
1995,4C,920.0,919.0,1.0,99.89130434782608,0
1995,4Ci,5.0,5.0,0.0,100.0,0
1995,4Civ,-30.0,-30.0,0.0,100.0,0
1995,4Cv,944.0,944.0,0.0,100.0,0
1995,4D,1848.0,1532.0,316.0,82.90043290043289,0
1995,4Di,91.0,91.0,0.0,100.0,0
1995,4Diii,2.0,2.0,0.0,100.0,0
1995,4Dv,1439.0,1439.0,0.0,100.0,0
1995,4E,1148.0,1121.0,27.0,97.64808362369338,0
1995,4Ei,854.0,854.0,0.0,100.0,0
1995,4Eiii,17.0,17.0,0.0,100.0,0
1995,4Eiv-v,250.0,250.0,0.0,100.0,0
1995,4G,-4900.0,-4900.0,0.0,100.0,0
1995,5,5125.0,0.0,5125.0,0.0,0
1995,5A,4755.0,0.0,4755.0,0.0,0
1995,5B,75.0,0.0,75.0,0.0,0
1995,5D,295.0,0.0,295.0,0.0,0
1995,INDCO2,130.0,130.0,0.0,100.0,0
1995,TOTAL_NO_LULUCF,72301.0,58254.0,14047.0,80.57149970263205,0
1995,TOTAL_WITH_LULUCF,43289.0,26161.0,17128.0,60.43336644413131,0
1996,1,60946.0,59953.0,993.0,98.37068880648442,0
1996,1A1,29702.0,29491.0,211.0,99.28961012726415,0
1996,1A2,12012.0,11846.0,166.0,98.61804861804862,0
1996,1A2(-1A2gvii),11087.0,10930.0,157.0,98.58392712185442,0
1996,1A2gvii,924.0,916.0,8.0,99.13419913419914,0
1996,1A3,11306.0,11078.0,228.0,97.98337166106492,0
1996,1A3a,308.0,305.0,3.0,99.02597402597402,0
1996,1A3b,10324.0,10108.0,216.0,97.90778767919412,0
1996,1A3bi,0.0,0.0,0.0,,0
1996,1A3bii,0.0,0.0,0.0,,0
1996,1A3biii,0.0,0.0,0.0,,0
1996,1A3biv,0.0,0.0,0.0,,0
1996,1A3c,178.0,176.0,2.0,98.87640449438202,0
1996,1A3d,497.0,488.0,9.0,98.18913480885311,0
1996,1A4,6369.0,6101.0,268.0,95.79211807191082,0
1996,1A4a,1658.0,1639.0,19.0,98.854041013269,0
1996,1A4ai,1254.0,1240.0,14.0,98.88357256778309,0
1996,1A4aii,404.0,399.0,5.0,98.76237623762376,0
1996,1A4b,2968.0,2738.0,230.0,92.25067385444744,0
1996,1A4bi,2807.0,2583.0,224.0,92.01995012468828,0
1996,1A4bii,160.0,155.0,5.0,96.875,0
1996,1A4c,1744.0,1724.0,20.0,98.85321100917432,0
1996,1A4ci,725.0,715.0,10.0,98.62068965517241,0
1996,1A4cii,861.0,852.0,9.0,98.95470383275261,0
1996,1A4ciii,158.0,157.0,1.0,99.36708860759494,0
1996,1A5,1386.0,1373.0,13.0,99.06204906204906,0
1996,1B,171.0,65.0,106.0,38.01169590643275,0
1996,1D,2177.0,2159.0,18.0,99.17317409278824,0
1996,1D1a,967.0,960.0,7.0,99.27611168562565,0
1996,1D1b,1210.0,1199.0,11.0,99.0909090909091,0
1996,2,5214.0,3611.0,1603.0,69.25584963559646,0
1996,2A,914.0,914.0,0.0,100.0,0
1996,2B,1588.0,332.0,1256.0,20.906801007556673,0
1996,2C,2199.0,2199.0,0.0,100.0,0
1996,2D,167.0,166.0,1.0,99.40119760479041,0
1996,2F,232.0,0.0,232.0,0.0,0
1996,2F1,217.0,0.0,217.0,0.0,0
1996,2F1a,199.0,0.0,199.0,0.0,0
1996,2F1b,1.0,0.0,1.0,0.0,0
1996,2F1c,2.0,0.0,2.0,0.0,0
1996,2F1d,2.0,0.0,2.0,0.0,0
1996,2F1e,9.0,0.0,9.0,0.0,0
1996,2F1f,4.0,0.0,4.0,0.0,0
1996,2F2,1.0,0.0,1.0,0.0,0
1996,2F4,14.0,0.0,14.0,0.0,0
1996,2G,79.0,0.0,79.0,0.0,0
1996,2H,35.0,0.0,35.0,0.0,0
1996,3,6864.0,478.0,6386.0,6.963869463869464,0
1996,3A,2395.0,0.0,2395.0,0.0,0
1996,3A1,2169.0,0.0,2169.0,0.0,0
1996,3A1a,1272.0,0.0,1272.0,0.0,0
1996,3A1b,897.0,0.0,897.0,0.0,0
1996,3A2,35.0,0.0,35.0,0.0,0
1996,3A3,36.0,0.0,36.0,0.0,0
1996,3A4d,1.0,0.0,1.0,0.0,0
1996,3A4e,26.0,0.0,26.0,0.0,0
1996,3A4hii,119.0,0.0,119.0,0.0,0
1996,3A4hiv,9.0,0.0,9.0,0.0,0
1996,3B,863.0,0.0,863.0,0.0,0
1996,3B1,469.0,0.0,469.0,0.0,0
1996,3B1a,281.0,0.0,281.0,0.0,0
1996,3B1b,188.0,0.0,188.0,0.0,0
1996,3B2,13.0,0.0,13.0,0.0,0
1996,3B3,135.0,0.0,135.0,0.0,0
1996,3B4d,1.0,0.0,1.0,0.0,0
1996,3B4e,20.0,0.0,20.0,0.0,0
1996,3B4g,9.0,0.0,9.0,0.0,0
1996,3B4hii,1.0,0.0,1.0,0.0,0
1996,3B4hiv,125.0,0.0,125.0,0.0,0
1996,3B5,91.0,0.0,91.0,0.0,0
1996,3D,3124.0,0.0,3124.0,0.0,0
1996,3D1,2788.0,0.0,2788.0,0.0,0
1996,3D1a,1196.0,0.0,1196.0,0.0,0
1996,3D1b,196.0,0.0,196.0,0.0,0
1996,3D1c,37.0,0.0,37.0,0.0,0
1996,3D1d,188.0,0.0,188.0,0.0,0
1996,3D1e,24.0,0.0,24.0,0.0,0
1996,3D1f,1147.0,0.0,1147.0,0.0,0
1996,3D2,335.0,0.0,335.0,0.0,0
1996,3F,4.0,0.0,4.0,0.0,0
1996,3G,477.0,477.0,0.0,100.0,0
1996,3H,1.0,1.0,0.0,100.0,0
1996,4,-36171.0,-39264.0,3093.0,108.55104918304718,0
1996,4(i)A,10.0,0.0,10.0,0.0,0
1996,4(i)E,3.0,0.0,3.0,0.0,0
1996,4(ii)A,2724.0,0.0,2724.0,0.0,0
1996,4(ii)D,316.0,0.0,316.0,0.0,0
1996,4(ii)E,10.0,0.0,10.0,0.0,0
1996,4(iii)A,9.0,0.0,9.0,0.0,0
1996,4(iii)B,4.0,0.0,4.0,0.0,0
1996,4(iii)C,1.0,0.0,1.0,0.0,0
1996,4(iii)E,16.0,0.0,16.0,0.0,0
1996,4(iv)A,2.0,0.0,2.0,0.0,0
1996,4(iv)C,0.0,0.0,0.0,,0
1996,4A,-42039.0,-44784.0,2745.0,106.52965103832155,0
1996,4Ai1,-13873.0,-13873.0,0.0,100.0,0
1996,4Ai2,-20668.0,-20668.0,0.0,100.0,0
1996,4Aiv,-11348.0,-11348.0,0.0,100.0,0
1996,4Av,1106.0,1106.0,0.0,100.0,0
1996,4B,5974.0,5970.0,4.0,99.93304318714429,0
1996,4Bi,410.0,410.0,0.0,100.0,0
1996,4Biv,338.0,338.0,0.0,100.0,0
1996,4Bv,5222.0,5222.0,0.0,100.0,0
1996,4C,895.0,894.0,1.0,99.88826815642457,0
1996,4Ci,-9.0,-9.0,0.0,100.0,0
1996,4Civ,-29.0,-29.0,0.0,100.0,0
1996,4Cv,931.0,931.0,0.0,100.0,0
1996,4D,1894.0,1578.0,316.0,83.31573389651531,0
1996,4Di,71.0,71.0,0.0,100.0,0
1996,4Diii,2.0,2.0,0.0,100.0,0
1996,4Dv,1506.0,1506.0,0.0,100.0,0
1996,4E,1218.0,1190.0,28.0,97.70114942528735,0
1996,4Ei,916.0,916.0,0.0,100.0,0
1996,4Eiii,19.0,19.0,0.0,100.0,0
1996,4Eiv-v,255.0,255.0,0.0,100.0,0
1996,4G,-4113.0,-4113.0,0.0,100.0,0
1996,5,5006.0,0.0,5006.0,0.0,0
1996,5A,4630.0,0.0,4630.0,0.0,0
1996,5B,84.0,0.0,84.0,0.0,0
1996,5D,292.0,0.0,292.0,0.0,0
1996,INDCO2,116.0,116.0,0.0,100.0,0
1996,TOTAL_NO_LULUCF,78146.0,64157.0,13989.0,82.09889181787935,0
1996,TOTAL_WITH_LULUCF,41975.0,24893.0,17082.0,59.30434782608695,0
1997,1,59369.0,58382.0,987.0,98.3375162121646,0
1997,1A1,27322.0,27111.0,211.0,99.22772857038285,0
1997,1A2,12290.0,12109.0,181.0,98.52725793327909,0
1997,1A2(-1A2gvii),11357.0,11184.0,173.0,98.47671039887295,0
1997,1A2gvii,933.0,925.0,8.0,99.14255091103966,0
1997,1A3,11858.0,11638.0,220.0,98.14471243042672,0
1997,1A3a,342.0,339.0,3.0,99.12280701754386,0
1997,1A3b,10801.0,10594.0,207.0,98.08351078603833,0
1997,1A3bi,0.0,0.0,0.0,,0
1997,1A3bii,0.0,0.0,0.0,,0
1997,1A3biii,0.0,0.0,0.0,,0
1997,1A3biv,0.0,0.0,0.0,,0
1997,1A3c,189.0,187.0,2.0,98.94179894179894,0
1997,1A3d,527.0,517.0,10.0,98.10246679316889,0
1997,1A4,6379.0,6108.0,271.0,95.75168521711868,0
1997,1A4a,1671.0,1652.0,19.0,98.86295631358468,0
1997,1A4ai,1257.0,1243.0,14.0,98.8862370723946,0
1997,1A4aii,414.0,409.0,5.0,98.79227053140096,0
1997,1A4b,2967.0,2736.0,231.0,92.21435793731041,0
1997,1A4bi,2804.0,2577.0,227.0,91.90442225392297,0
1997,1A4bii,163.0,158.0,5.0,96.93251533742331,0
1997,1A4c,1740.0,1720.0,20.0,98.85057471264368,0
1997,1A4ci,700.0,690.0,10.0,98.57142857142858,0
1997,1A4cii,882.0,873.0,9.0,98.9795918367347,0
1997,1A4ciii,158.0,157.0,1.0,99.36708860759494,0
1997,1A5,1326.0,1313.0,13.0,99.01960784313727,0
1997,1B,195.0,103.0,92.0,52.820512820512825,0
1997,1D,2314.0,2295.0,19.0,99.17891097666379,0
1997,1D1a,1005.0,998.0,7.0,99.30348258706468,0
1997,1D1b,1309.0,1297.0,12.0,99.08326967150497,0
1997,2,5511.0,3830.0,1681.0,69.4973688985665,0
1997,2A,943.0,943.0,0.0,100.0,0
1997,2B,1563.0,321.0,1242.0,20.537428023032632,0
1997,2C,2415.0,2415.0,0.0,100.0,0
1997,2D,152.0,151.0,1.0,99.3421052631579,0
1997,2F,328.0,0.0,328.0,0.0,0
1997,2F1,293.0,0.0,293.0,0.0,0
1997,2F1a,259.0,0.0,259.0,0.0,0
1997,2F1b,1.0,0.0,1.0,0.0,0
1997,2F1c,5.0,0.0,5.0,0.0,0
1997,2F1d,4.0,0.0,4.0,0.0,0
1997,2F1e,17.0,0.0,17.0,0.0,0
1997,2F1f,8.0,0.0,8.0,0.0,0
1997,2F2,1.0,0.0,1.0,0.0,0
1997,2F4,34.0,0.0,34.0,0.0,0
1997,2G,75.0,0.0,75.0,0.0,0
1997,2H,34.0,0.0,34.0,0.0,0
1997,3,6920.0,492.0,6428.0,7.109826589595376,0
1997,3A,2418.0,0.0,2418.0,0.0,0
1997,3A1,2195.0,0.0,2195.0,0.0,0
1997,3A1a,1292.0,0.0,1292.0,0.0,0
1997,3A1b,903.0,0.0,903.0,0.0,0
1997,3A2,35.0,0.0,35.0,0.0,0
1997,3A3,38.0,0.0,38.0,0.0,0
1997,3A4d,1.0,0.0,1.0,0.0,0
1997,3A4e,28.0,0.0,28.0,0.0,0
1997,3A4hii,113.0,0.0,113.0,0.0,0
1997,3A4hiv,9.0,0.0,9.0,0.0,0
1997,3B,952.0,0.0,952.0,0.0,0
1997,3B1,523.0,0.0,523.0,0.0,0
1997,3B1a,318.0,0.0,318.0,0.0,0
1997,3B1b,205.0,0.0,205.0,0.0,0
1997,3B2,13.0,0.0,13.0,0.0,0
1997,3B3,164.0,0.0,164.0,0.0,0
1997,3B4d,1.0,0.0,1.0,0.0,0
1997,3B4e,21.0,0.0,21.0,0.0,0
1997,3B4g,9.0,0.0,9.0,0.0,0
1997,3B4hii,0.0,0.0,0.0,,0
1997,3B4hiv,126.0,0.0,126.0,0.0,0
1997,3B5,94.0,0.0,94.0,0.0,0
1997,3D,3054.0,0.0,3054.0,0.0,0
1997,3D1,2725.0,0.0,2725.0,0.0,0
1997,3D1a,1128.0,0.0,1128.0,0.0,0
1997,3D1b,201.0,0.0,201.0,0.0,0
1997,3D1c,36.0,0.0,36.0,0.0,0
1997,3D1d,185.0,0.0,185.0,0.0,0
1997,3D1e,23.0,0.0,23.0,0.0,0
1997,3D1f,1150.0,0.0,1150.0,0.0,0
1997,3D2,329.0,0.0,329.0,0.0,0
1997,3F,4.0,0.0,4.0,0.0,0
1997,3G,491.0,491.0,0.0,100.0,0
1997,3H,1.0,1.0,0.0,100.0,0
1997,4,-32593.0,-35705.0,3112.0,109.54806246740098,0
1997,4(i)A,16.0,0.0,16.0,0.0,0
1997,4(i)E,3.0,0.0,3.0,0.0,0
1997,4(ii)A,2735.0,0.0,2735.0,0.0,0
1997,4(ii)D,316.0,0.0,316.0,0.0,0
1997,4(ii)E,10.0,0.0,10.0,0.0,0
1997,4(iii)A,8.0,0.0,8.0,0.0,0
1997,4(iii)B,4.0,0.0,4.0,0.0,0
1997,4(iii)C,1.0,0.0,1.0,0.0,0
1997,4(iii)E,16.0,0.0,16.0,0.0,0
1997,4(iv)A,3.0,0.0,3.0,0.0,0
1997,4(iv)C,0.0,0.0,0.0,,0
1997,4A,-36108.0,-38871.0,2763.0,107.65204386839483,0
1997,4Ai1,-7828.0,-7828.0,0.0,100.0,0
1997,4Ai2,-20170.0,-20170.0,0.0,100.0,0
1997,4Aiv,-11144.0,-11144.0,0.0,100.0,0
1997,4Av,272.0,272.0,0.0,100.0,0
1997,4B,6104.0,6100.0,4.0,99.93446920052425,0
1997,4Bi,550.0,550.0,0.0,100.0,0
1997,4Biv,297.0,297.0,0.0,100.0,0
1997,4Bv,5253.0,5253.0,0.0,100.0,0
1997,4C,900.0,900.0,0.0,100.0,0
1997,4Ci,12.0,12.0,0.0,100.0,0
1997,4Civ,-29.0,-29.0,0.0,100.0,0
1997,4Cv,917.0,917.0,0.0,100.0,0
1997,4D,1966.0,1650.0,316.0,83.92675483214649,0
1997,4Di,50.0,50.0,0.0,100.0,0
1997,4Diii,1.0,1.0,0.0,100.0,0
1997,4Dv,1599.0,1599.0,0.0,100.0,0
1997,4E,1324.0,1295.0,29.0,97.80966767371602,0
1997,4Ei,1013.0,1013.0,0.0,100.0,0
1997,4Eiii,22.0,22.0,0.0,100.0,0
1997,4Eiv-v,261.0,261.0,0.0,100.0,0
1997,4G,-6779.0,-6779.0,0.0,100.0,0
1997,5,4865.0,0.0,4865.0,0.0,0
1997,5A,4498.0,0.0,4498.0,0.0,0
1997,5B,85.0,0.0,85.0,0.0,0
1997,5D,282.0,0.0,282.0,0.0,0
1997,INDCO2,115.0,115.0,0.0,100.0,0
1997,TOTAL_NO_LULUCF,76780.0,62819.0,13961.0,81.81687939567595,0
1997,TOTAL_WITH_LULUCF,44186.0,27114.0,17072.0,61.36332775087132,0
1998,1,56056.0,55075.0,981.0,98.2499643213929,0
1998,1A1,24084.0,23873.0,211.0,99.1238996844378,0
1998,1A2,11916.0,11740.0,176.0,98.52299429338704,0
1998,1A2(-1A2gvii),10958.0,10791.0,167.0,98.47599926993978,0
1998,1A2gvii,958.0,949.0,9.0,99.06054279749478,0
1998,1A3,11979.0,11771.0,208.0,98.26362801569412,0
1998,1A3a,390.0,387.0,3.0,99.23076923076923,0
1998,1A3b,10897.0,10703.0,194.0,98.21969349362209,0
1998,1A3bi,0.0,0.0,0.0,,0
1998,1A3bii,0.0,0.0,0.0,,0
1998,1A3biii,0.0,0.0,0.0,,0
1998,1A3biv,0.0,0.0,0.0,,0
1998,1A3c,178.0,177.0,1.0,99.43820224719101,0
1998,1A3d,514.0,504.0,10.0,98.0544747081712,0
1998,1A4,6475.0,6196.0,279.0,95.69111969111968,0
1998,1A4a,1695.0,1675.0,20.0,98.82005899705014,0
1998,1A4ai,1265.0,1251.0,14.0,98.89328063241106,0
1998,1A4aii,429.0,424.0,5.0,98.83449883449883,0
1998,1A4b,3009.0,2770.0,239.0,92.05716184778996,0
1998,1A4bi,2842.0,2609.0,233.0,91.8015482054891,0
1998,1A4bii,167.0,162.0,5.0,97.0059880239521,0
1998,1A4c,1772.0,1751.0,21.0,98.81489841986456,0
1998,1A4ci,711.0,701.0,10.0,98.59353023909986,0
1998,1A4cii,908.0,899.0,9.0,99.00881057268722,0
1998,1A4ciii,152.0,151.0,1.0,99.3421052631579,0
1998,1A5,1444.0,1430.0,14.0,99.03047091412742,0
1998,1B,158.0,64.0,94.0,40.50632911392405,0
1998,1D,2703.0,2681.0,22.0,99.18608953015169,0
1998,1D1a,1030.0,1022.0,8.0,99.22330097087378,0
1998,1D1b,1674.0,1659.0,15.0,99.10394265232975,0
1998,2,5543.0,3831.0,1712.0,69.11419808767816,0
1998,2A,956.0,956.0,0.0,100.0,0
1998,2B,1489.0,309.0,1180.0,20.752182672934854,0
1998,2C,2420.0,2420.0,0.0,100.0,0
1998,2D,147.0,146.0,1.0,99.31972789115646,0
1998,2F,433.0,0.0,433.0,0.0,0
1998,2F1,380.0,0.0,380.0,0.0,0
1998,2F1a,320.0,0.0,320.0,0.0,0
1998,2F1b,1.0,0.0,1.0,0.0,0
1998,2F1c,7.0,0.0,7.0,0.0,0
1998,2F1d,5.0,0.0,5.0,0.0,0
1998,2F1e,31.0,0.0,31.0,0.0,0
1998,2F1f,15.0,0.0,15.0,0.0,0
1998,2F2,2.0,0.0,2.0,0.0,0
1998,2F4,52.0,0.0,52.0,0.0,0
1998,2G,73.0,0.0,73.0,0.0,0
1998,2H,25.0,0.0,25.0,0.0,0
1998,3,6801.0,452.0,6349.0,6.646081458609028,0
1998,3A,2356.0,0.0,2356.0,0.0,0
1998,3A1,2143.0,0.0,2143.0,0.0,0
1998,3A1a,1266.0,0.0,1266.0,0.0,0
1998,3A1b,877.0,0.0,877.0,0.0,0
1998,3A2,29.0,0.0,29.0,0.0,0
1998,3A3,35.0,0.0,35.0,0.0,0
1998,3A4d,1.0,0.0,1.0,0.0,0
1998,3A4e,28.0,0.0,28.0,0.0,0
1998,3A4hii,109.0,0.0,109.0,0.0,0
1998,3A4hiv,10.0,0.0,10.0,0.0,0
1998,3B,896.0,0.0,896.0,0.0,0
1998,3B1,484.0,0.0,484.0,0.0,0
1998,3B1a,295.0,0.0,295.0,0.0,0
1998,3B1b,190.0,0.0,190.0,0.0,0
1998,3B2,11.0,0.0,11.0,0.0,0
1998,3B3,141.0,0.0,141.0,0.0,0
1998,3B4d,1.0,0.0,1.0,0.0,0
1998,3B4e,22.0,0.0,22.0,0.0,0
1998,3B4g,10.0,0.0,10.0,0.0,0
1998,3B4hii,0.0,0.0,0.0,,0
1998,3B4hiv,134.0,0.0,134.0,0.0,0
1998,3B5,93.0,0.0,93.0,0.0,0
1998,3D,3094.0,0.0,3094.0,0.0,0
1998,3D1,2765.0,0.0,2765.0,0.0,0
1998,3D1a,1132.0,0.0,1132.0,0.0,0
1998,3D1b,195.0,0.0,195.0,0.0,0
1998,3D1c,35.0,0.0,35.0,0.0,0
1998,3D1d,166.0,0.0,166.0,0.0,0
1998,3D1e,84.0,0.0,84.0,0.0,0
1998,3D1f,1153.0,0.0,1153.0,0.0,0
1998,3D2,329.0,0.0,329.0,0.0,0
1998,3F,3.0,0.0,3.0,0.0,0
1998,3G,452.0,452.0,0.0,100.0,0
1998,3H,1.0,1.0,0.0,100.0,0
1998,4,-29921.0,-33046.0,3125.0,110.4441696467364,0
1998,4(i)A,17.0,0.0,17.0,0.0,0
1998,4(i)E,3.0,0.0,3.0,0.0,0
1998,4(ii)A,2747.0,0.0,2747.0,0.0,0
1998,4(ii)D,318.0,0.0,318.0,0.0,0
1998,4(ii)E,10.0,0.0,10.0,0.0,0
1998,4(iii)A,8.0,0.0,8.0,0.0,0
1998,4(iii)B,4.0,0.0,4.0,0.0,0
1998,4(iii)C,1.0,0.0,1.0,0.0,0
1998,4(iii)E,17.0,0.0,17.0,0.0,0
1998,4(iv)A,1.0,0.0,1.0,0.0,0
1998,4(iv)C,0.0,0.0,0.0,,0
1998,4A,-34210.0,-36984.0,2774.0,108.10874013446362,0
1998,4Ai1,-6237.0,-6237.0,0.0,100.0,0
1998,4Ai2,-20293.0,-20293.0,0.0,100.0,0
1998,4Aiv,-10894.0,-10894.0,0.0,100.0,0
1998,4Av,440.0,440.0,0.0,100.0,0
1998,4B,6990.0,6986.0,4.0,99.94277539341917,0
1998,4Bi,655.0,655.0,0.0,100.0,0
1998,4Biv,1053.0,1053.0,0.0,100.0,0
1998,4Bv,5277.0,5277.0,0.0,100.0,0
1998,4C,874.0,873.0,1.0,99.88558352402745,0
1998,4Ci,-5.0,-5.0,0.0,100.0,0
1998,4Civ,-28.0,-28.0,0.0,100.0,0
1998,4Cv,906.0,906.0,0.0,100.0,0
1998,4D,1772.0,1453.0,319.0,81.99774266365688,0
1998,4Di,37.0,37.0,0.0,100.0,0
1998,4Diii,1.0,1.0,0.0,100.0,0
1998,4Dv,1416.0,1416.0,0.0,100.0,0
1998,4E,1380.0,1350.0,30.0,97.82608695652173,0
1998,4Ei,1060.0,1060.0,0.0,100.0,0
1998,4Eiii,23.0,23.0,0.0,100.0,0
1998,4Eiv-v,267.0,267.0,0.0,100.0,0
1998,4G,-6725.0,-6725.0,0.0,100.0,0
1998,5,4643.0,0.0,4643.0,0.0,0
1998,5A,4275.0,0.0,4275.0,0.0,0
1998,5B,90.0,0.0,90.0,0.0,0
1998,5D,278.0,0.0,278.0,0.0,0
1998,INDCO2,112.0,112.0,0.0,100.0,0
1998,TOTAL_NO_LULUCF,73156.0,59471.0,13685.0,81.29340040461479,0
1998,TOTAL_WITH_LULUCF,43235.0,26424.0,16811.0,61.117150456805824,0
1999,1,55399.0,54458.0,941.0,98.30141338291305,0
1999,1A1,23502.0,23299.0,203.0,99.13624372393839,0
1999,1A2,11852.0,11671.0,181.0,98.47283158960512,0
1999,1A2(-1A2gvii),10862.0,10690.0,172.0,98.41649788252624,0
1999,1A2gvii,990.0,981.0,9.0,99.0909090909091,0
1999,1A3,12185.0,11989.0,196.0,98.39146491588018,0
1999,1A3a,386.0,383.0,3.0,99.22279792746113,0
1999,1A3b,11091.0,10910.0,181.0,98.36804616355603,0
1999,1A3bi,0.0,0.0,0.0,,0
1999,1A3bii,0.0,0.0,0.0,,0
1999,1A3biii,0.0,0.0,0.0,,0
1999,1A3biv,0.0,0.0,0.0,,0
1999,1A3c,172.0,170.0,2.0,98.83720930232558,0
1999,1A3d,535.0,525.0,10.0,98.13084112149532,0
1999,1A4,6388.0,6116.0,272.0,95.74201628052599,0
1999,1A4a,1689.0,1669.0,20.0,98.81586737714623,0
1999,1A4ai,1246.0,1232.0,14.0,98.87640449438202,0
1999,1A4aii,443.0,438.0,5.0,98.87133182844244,0
1999,1A4b,2956.0,2723.0,233.0,92.11772665764548,0
1999,1A4bi,2782.0,2554.0,228.0,91.80445722501798,0
1999,1A4bii,174.0,169.0,5.0,97.12643678160919,0
1999,1A4c,1743.0,1724.0,19.0,98.90992541594952,0
1999,1A4ci,687.0,677.0,10.0,98.54439592430859,0
1999,1A4cii,910.0,901.0,9.0,99.01098901098902,0
1999,1A4ciii,146.0,145.0,1.0,99.31506849315068,0
1999,1A5,1341.0,1328.0,13.0,99.03057419835943,0
1999,1B,130.0,55.0,75.0,42.30769230769231,0
1999,1D,2889.0,2864.0,25.0,99.13464866735895,0
1999,1D1a,1102.0,1094.0,8.0,99.27404718693285,0
1999,1D1b,1786.0,1770.0,16.0,99.10414333706606,0
1999,2,5742.0,3963.0,1779.0,69.01776384535006,0
1999,2A,1030.0,1030.0,0.0,100.0,0
1999,2B,1502.0,344.0,1158.0,22.902796271637815,0
1999,2C,2448.0,2448.0,0.0,100.0,0
1999,2D,141.0,140.0,1.0,99.29078014184397,0
1999,2F,525.0,0.0,525.0,0.0,0
1999,2F1,469.0,0.0,469.0,0.0,0
1999,2F1a,381.0,0.0,381.0,0.0,0
1999,2F1b,1.0,0.0,1.0,0.0,0
1999,2F1c,11.0,0.0,11.0,0.0,0
1999,2F1d,6.0,0.0,6.0,0.0,0
1999,2F1e,51.0,0.0,51.0,0.0,0
1999,2F1f,19.0,0.0,19.0,0.0,0
1999,2F2,2.0,0.0,2.0,0.0,0
1999,2F4,54.0,0.0,54.0,0.0,0
1999,2G,73.0,0.0,73.0,0.0,0
1999,2H,22.0,0.0,22.0,0.0,0
1999,3,6755.0,454.0,6301.0,6.720947446336048,0
1999,3A,2317.0,0.0,2317.0,0.0,0
1999,3A1,2111.0,0.0,2111.0,0.0,0
1999,3A1a,1248.0,0.0,1248.0,0.0,0
1999,3A1b,864.0,0.0,864.0,0.0,0
1999,3A2,25.0,0.0,25.0,0.0,0
1999,3A3,35.0,0.0,35.0,0.0,0
1999,3A4d,1.0,0.0,1.0,0.0,0
1999,3A4e,28.0,0.0,28.0,0.0,0
1999,3A4hii,109.0,0.0,109.0,0.0,0
1999,3A4hiv,7.0,0.0,7.0,0.0,0
1999,3B,881.0,0.0,881.0,0.0,0
1999,3B1,508.0,0.0,508.0,0.0,0
1999,3B1a,312.0,0.0,312.0,0.0,0
1999,3B1b,196.0,0.0,196.0,0.0,0
1999,3B2,10.0,0.0,10.0,0.0,0
1999,3B3,149.0,0.0,149.0,0.0,0
1999,3B4d,1.0,0.0,1.0,0.0,0
1999,3B4e,22.0,0.0,22.0,0.0,0
1999,3B4g,10.0,0.0,10.0,0.0,0
1999,3B4hii,0.0,0.0,0.0,,0
1999,3B4hiv,95.0,0.0,95.0,0.0,0
1999,3B5,87.0,0.0,87.0,0.0,0
1999,3D,3101.0,0.0,3101.0,0.0,0
1999,3D1,2770.0,0.0,2770.0,0.0,0
1999,3D1a,1084.0,0.0,1084.0,0.0,0
1999,3D1b,188.0,0.0,188.0,0.0,0
1999,3D1c,34.0,0.0,34.0,0.0,0
1999,3D1d,180.0,0.0,180.0,0.0,0
1999,3D1e,130.0,0.0,130.0,0.0,0
1999,3D1f,1154.0,0.0,1154.0,0.0,0
1999,3D2,331.0,0.0,331.0,0.0,0
1999,3F,3.0,0.0,3.0,0.0,0
1999,3G,453.0,453.0,0.0,100.0,0
1999,3H,1.0,1.0,0.0,100.0,0
1999,4,-29953.0,-33068.0,3115.0,110.39962608086003,0
1999,4(i)A,12.0,0.0,12.0,0.0,0
1999,4(i)E,3.0,0.0,3.0,0.0,0
1999,4(ii)A,2738.0,0.0,2738.0,0.0,0
1999,4(ii)D,321.0,0.0,321.0,0.0,0
1999,4(ii)E,10.0,0.0,10.0,0.0,0
1999,4(iii)A,7.0,0.0,7.0,0.0,0
1999,4(iii)B,4.0,0.0,4.0,0.0,0
1999,4(iii)C,1.0,0.0,1.0,0.0,0
1999,4(iii)E,17.0,0.0,17.0,0.0,0
1999,4(iv)A,2.0,0.0,2.0,0.0,0
1999,4(iv)C,0.0,0.0,0.0,,0
1999,4A,-35560.0,-38320.0,2760.0,107.76152980877389,0
1999,4Ai1,-7104.0,-7104.0,0.0,100.0,0
1999,4Ai2,-20929.0,-20929.0,0.0,100.0,0
1999,4Aiv,-10933.0,-10933.0,0.0,100.0,0
1999,4Av,647.0,647.0,0.0,100.0,0
1999,4B,7666.0,7662.0,4.0,99.94782154969998,0
1999,4Bi,783.0,783.0,0.0,100.0,0
1999,4Biv,1586.0,1586.0,0.0,100.0,0
1999,4Bv,5293.0,5293.0,0.0,100.0,0
1999,4C,860.0,859.0,1.0,99.88372093023256,0
1999,4Ci,-14.0,-14.0,0.0,100.0,0
1999,4Civ,-27.0,-27.0,0.0,100.0,0
1999,4Cv,901.0,901.0,0.0,100.0,0
1999,4D,2183.0,1862.0,321.0,85.29546495648191,0
1999,4Di,70.0,70.0,0.0,100.0,0
1999,4Diii,1.0,1.0,0.0,100.0,0
1999,4Dv,1791.0,1791.0,0.0,100.0,0
1999,4E,1381.0,1352.0,29.0,97.90007241129615,0
1999,4Ei,1054.0,1054.0,0.0,100.0,0
1999,4Eiii,23.0,23.0,0.0,100.0,0
1999,4Eiv-v,275.0,275.0,0.0,100.0,0
1999,4G,-6483.0,-6483.0,0.0,100.0,0
1999,5,4528.0,0.0,4528.0,0.0,0
1999,5A,4159.0,0.0,4159.0,0.0,0
1999,5B,95.0,0.0,95.0,0.0,0
1999,5D,274.0,0.0,274.0,0.0,0
1999,INDCO2,108.0,108.0,0.0,100.0,0
1999,TOTAL_NO_LULUCF,72532.0,58983.0,13549.0,81.31996911707937,0
1999,TOTAL_WITH_LULUCF,42579.0,25915.0,16664.0,60.863336386481606,0
2000,1,53529.0,52631.0,898.0,98.32240467783818,0
2000,1A1,21980.0,21783.0,197.0,99.10373066424022,0
2000,1A2,11873.0,11690.0,183.0,98.45868777899436,0
2000,1A2(-1A2gvii),10850.0,10676.0,174.0,98.3963133640553,0
2000,1A2gvii,1024.0,1015.0,9.0,99.12109375,0
2000,1A3,12071.0,11890.0,181.0,98.50053848065612,0
2000,1A3a,382.0,380.0,2.0,99.47643979057592,0
2000,1A3b,10991.0,10824.0,167.0,98.48057501592213,0
2000,1A3bi,0.0,0.0,0.0,,0
2000,1A3bii,0.0,0.0,0.0,,0
2000,1A3biii,0.0,0.0,0.0,,0
2000,1A3biv,0.0,0.0,0.0,,0
2000,1A3c,162.0,161.0,1.0,99.38271604938271,0
2000,1A3d,536.0,526.0,10.0,98.13432835820896,0
2000,1A4,6028.0,5775.0,253.0,95.8029197080292,0
2000,1A4a,1588.0,1569.0,19.0,98.80352644836272,0
2000,1A4ai,1141.0,1128.0,13.0,98.86064855390009,0
2000,1A4aii,446.0,441.0,5.0,98.87892376681614,0
2000,1A4b,2749.0,2533.0,216.0,92.14259730811204,0
2000,1A4bi,2571.0,2360.0,211.0,91.79307662388176,0
2000,1A4bii,178.0,173.0,5.0,97.19101123595506,0
2000,1A4c,1692.0,1673.0,19.0,98.87706855791963,0
2000,1A4ci,644.0,635.0,9.0,98.6024844720497,0
2000,1A4cii,906.0,898.0,8.0,99.11699779249447,0
2000,1A4ciii,141.0,140.0,1.0,99.29078014184397,0
2000,1A5,1447.0,1434.0,13.0,99.10158949550795,0
2000,1B,129.0,58.0,71.0,44.96124031007752,0
2000,1D,3137.0,3110.0,27.0,99.13930506853681,0
2000,1D1a,1071.0,1063.0,8.0,99.2530345471522,0
2000,1D1b,2066.0,2047.0,19.0,99.08034849951596,0
2000,2,5978.0,4037.0,1941.0,67.53094680495148,0
2000,2A,1080.0,1080.0,0.0,100.0,0
2000,2B,1599.0,430.0,1169.0,26.89180737961226,0
2000,2C,2389.0,2389.0,0.0,100.0,0
2000,2D,138.0,137.0,1.0,99.27536231884058,0
2000,2F,695.0,0.0,695.0,0.0,0
2000,2F1,579.0,0.0,579.0,0.0,0
2000,2F1a,458.0,0.0,458.0,0.0,0
2000,2F1b,1.0,0.0,1.0,0.0,0
2000,2F1c,18.0,0.0,18.0,0.0,0
2000,2F1d,7.0,0.0,7.0,0.0,0
2000,2F1e,72.0,0.0,72.0,0.0,0
2000,2F1f,23.0,0.0,23.0,0.0,0
2000,2F2,39.0,0.0,39.0,0.0,0
2000,2F4,77.0,0.0,77.0,0.0,0
2000,2G,56.0,0.0,56.0,0.0,0
2000,2H,20.0,0.0,20.0,0.0,0
2000,3,6675.0,351.0,6324.0,5.258426966292134,0
2000,3A,2310.0,0.0,2310.0,0.0,0
2000,3A1,2102.0,0.0,2102.0,0.0,0
2000,3A1a,1262.0,0.0,1262.0,0.0,0
2000,3A1b,840.0,0.0,840.0,0.0,0
2000,3A2,23.0,0.0,23.0,0.0,0
2000,3A3,34.0,0.0,34.0,0.0,0
2000,3A4d,1.0,0.0,1.0,0.0,0
2000,3A4e,29.0,0.0,29.0,0.0,0
2000,3A4hii,113.0,0.0,113.0,0.0,0
2000,3A4hiv,7.0,0.0,7.0,0.0,0
2000,3B,865.0,0.0,865.0,0.0,0
2000,3B1,494.0,0.0,494.0,0.0,0
2000,3B1a,308.0,0.0,308.0,0.0,0
2000,3B1b,187.0,0.0,187.0,0.0,0
2000,3B2,9.0,0.0,9.0,0.0,0
2000,3B3,139.0,0.0,139.0,0.0,0
2000,3B4d,1.0,0.0,1.0,0.0,0
2000,3B4e,22.0,0.0,22.0,0.0,0
2000,3B4g,11.0,0.0,11.0,0.0,0
2000,3B4hii,0.0,0.0,0.0,,0
2000,3B4hiv,102.0,0.0,102.0,0.0,0
2000,3B5,88.0,0.0,88.0,0.0,0
2000,3D,3144.0,0.0,3144.0,0.0,0
2000,3D1,2809.0,0.0,2809.0,0.0,0
2000,3D1a,1115.0,0.0,1115.0,0.0,0
2000,3D1b,187.0,0.0,187.0,0.0,0
2000,3D1c,34.0,0.0,34.0,0.0,0
2000,3D1d,202.0,0.0,202.0,0.0,0
2000,3D1e,106.0,0.0,106.0,0.0,0
2000,3D1f,1166.0,0.0,1166.0,0.0,0
2000,3D2,335.0,0.0,335.0,0.0,0
2000,3F,4.0,0.0,4.0,0.0,0
2000,3G,350.0,350.0,0.0,100.0,0
2000,3H,1.0,1.0,0.0,100.0,0
2000,4,-29944.0,-33046.0,3102.0,110.3593374298691,0
2000,4(i)A,12.0,0.0,12.0,0.0,0
2000,4(i)E,3.0,0.0,3.0,0.0,0
2000,4(ii)A,2728.0,0.0,2728.0,0.0,0
2000,4(ii)D,320.0,0.0,320.0,0.0,0
2000,4(ii)E,10.0,0.0,10.0,0.0,0
2000,4(iii)A,6.0,0.0,6.0,0.0,0
2000,4(iii)B,4.0,0.0,4.0,0.0,0
2000,4(iii)C,1.0,0.0,1.0,0.0,0
2000,4(iii)E,18.0,0.0,18.0,0.0,0
2000,4(iv)A,1.0,0.0,1.0,0.0,0
2000,4(iv)C,0.0,0.0,0.0,,0
2000,4A,-35206.0,-37953.0,2747.0,107.8026472760325,0
2000,4Ai1,-7134.0,-7134.0,0.0,100.0,0
2000,4Ai2,-21281.0,-21281.0,0.0,100.0,0
2000,4Aiv,-10251.0,-10251.0,0.0,100.0,0
2000,4Av,713.0,713.0,0.0,100.0,0
2000,4B,7626.0,7621.0,5.0,99.93443482821925,0
2000,4Bi,941.0,941.0,0.0,100.0,0
2000,4Biv,1318.0,1318.0,0.0,100.0,0
2000,4Bv,5362.0,5362.0,0.0,100.0,0
2000,4C,849.0,848.0,1.0,99.88221436984688,0
2000,4Ci,-23.0,-23.0,0.0,100.0,0
2000,4Civ,-25.0,-25.0,0.0,100.0,0
2000,4Cv,896.0,896.0,0.0,100.0,0
2000,4D,1988.0,1668.0,320.0,83.90342052313883,0
2000,4Di,80.0,80.0,0.0,100.0,0
2000,4Diii,1.0,1.0,0.0,100.0,0
2000,4Dv,1587.0,1587.0,0.0,100.0,0
2000,4E,1405.0,1375.0,30.0,97.86476868327402,0
2000,4Ei,1070.0,1070.0,0.0,100.0,0
2000,4Eiii,24.0,24.0,0.0,100.0,0
2000,4Eiv-v,282.0,282.0,0.0,100.0,0
2000,4G,-6606.0,-6606.0,0.0,100.0,0
2000,5,4251.0,0.0,4251.0,0.0,0
2000,5A,3879.0,0.0,3879.0,0.0,0
2000,5B,100.0,0.0,100.0,0.0,0
2000,5D,271.0,0.0,271.0,0.0,0
2000,INDCO2,106.0,106.0,0.0,100.0,0
2000,TOTAL_NO_LULUCF,70538.0,57125.0,13413.0,80.98471745725708,0
2000,TOTAL_WITH_LULUCF,40594.0,24078.0,16516.0,59.31418436222102,0
2001,1,59015.0,58039.0,976.0,98.34618317376939,0
2001,1A1,27453.0,27208.0,245.0,99.10756565766947,0
2001,1A2,11457.0,11281.0,176.0,98.46382124465393,0
2001,1A2(-1A2gvii),10409.0,10242.0,167.0,98.39561917571332,0
2001,1A2gvii,1047.0,1038.0,9.0,99.14040114613181,0
2001,1A3,12178.0,12007.0,171.0,98.59582854327475,0
2001,1A3a,375.0,372.0,3.0,99.2,0
2001,1A3b,11173.0,11014.0,159.0,98.57692651928757,0
2001,1A3bi,0.0,0.0,0.0,,0
2001,1A3bii,0.0,0.0,0.0,,0
2001,1A3biii,0.0,0.0,0.0,,0
2001,1A3biv,0.0,0.0,0.0,,0
2001,1A3c,143.0,142.0,1.0,99.3006993006993,0
2001,1A3d,488.0,479.0,9.0,98.15573770491804,0
2001,1A4,6268.0,5986.0,282.0,95.50095724313977,0
2001,1A4a,1632.0,1613.0,19.0,98.8357843137255,0
2001,1A4ai,1184.0,1170.0,14.0,98.81756756756756,0
2001,1A4aii,448.0,443.0,5.0,98.88392857142857,0
2001,1A4b,2942.0,2697.0,245.0,91.67233174711082,0
2001,1A4bi,2763.0,2525.0,238.0,91.3861744480637,0
2001,1A4bii,178.0,173.0,5.0,97.19101123595506,0
2001,1A4c,1695.0,1676.0,19.0,98.87905604719765,0
2001,1A4ci,658.0,648.0,10.0,98.48024316109422,0
2001,1A4cii,902.0,894.0,8.0,99.1130820399113,0
2001,1A4ciii,135.0,134.0,1.0,99.25925925925925,0
2001,1A5,1519.0,1505.0,14.0,99.07834101382488,0
2001,1B,141.0,53.0,88.0,37.5886524822695,0
2001,1D,2948.0,2923.0,25.0,99.15196743554952,0
2001,1D1a,1098.0,1090.0,8.0,99.27140255009107,0
2001,1D1b,1850.0,1833.0,17.0,99.08108108108108,0
2001,2,6012.0,4063.0,1949.0,67.58150365934797,0
2001,2A,1084.0,1084.0,0.0,100.0,0
2001,2B,1503.0,395.0,1108.0,26.280771789753825,0
2001,2C,2440.0,2440.0,0.0,100.0,0
2001,2D,144.0,143.0,1.0,99.30555555555556,0
2001,2F,766.0,0.0,766.0,0.0,0
2001,2F1,678.0,0.0,678.0,0.0,0
2001,2F1a,527.0,0.0,527.0,0.0,0
2001,2F1b,1.0,0.0,1.0,0.0,0
2001,2F1c,25.0,0.0,25.0,0.0,0
2001,2F1d,8.0,0.0,8.0,0.0,0
2001,2F1e,91.0,0.0,91.0,0.0,0
2001,2F1f,27.0,0.0,27.0,0.0,0
2001,2F2,28.0,0.0,28.0,0.0,0
2001,2F4,60.0,0.0,60.0,0.0,0
2001,2G,54.0,0.0,54.0,0.0,0
2001,2H,21.0,0.0,21.0,0.0,0
2001,3,6710.0,420.0,6290.0,6.259314456035768,0
2001,3A,2277.0,0.0,2277.0,0.0,0
2001,3A1,2082.0,0.0,2082.0,0.0,0
2001,3A1a,1245.0,0.0,1245.0,0.0,0
2001,3A1b,837.0,0.0,837.0,0.0,0
2001,3A2,21.0,0.0,21.0,0.0,0
2001,3A3,32.0,0.0,32.0,0.0,0
2001,3A4d,1.0,0.0,1.0,0.0,0
2001,3A4e,30.0,0.0,30.0,0.0,0
2001,3A4hii,103.0,0.0,103.0,0.0,0
2001,3A4hiv,8.0,0.0,8.0,0.0,0
2001,3B,880.0,0.0,880.0,0.0,0
2001,3B1,506.0,0.0,506.0,0.0,0
2001,3B1a,316.0,0.0,316.0,0.0,0
2001,3B1b,190.0,0.0,190.0,0.0,0
2001,3B2,8.0,0.0,8.0,0.0,0
2001,3B3,137.0,0.0,137.0,0.0,0
2001,3B4d,1.0,0.0,1.0,0.0,0
2001,3B4e,20.0,0.0,20.0,0.0,0
2001,3B4g,9.0,0.0,9.0,0.0,0
2001,3B4hii,0.0,0.0,0.0,,0
2001,3B4hiv,111.0,0.0,111.0,0.0,0
2001,3B5,87.0,0.0,87.0,0.0,0
2001,3D,3129.0,0.0,3129.0,0.0,0
2001,3D1,2798.0,0.0,2798.0,0.0,0
2001,3D1a,1104.0,0.0,1104.0,0.0,0
2001,3D1b,184.0,0.0,184.0,0.0,0
2001,3D1c,33.0,0.0,33.0,0.0,0
2001,3D1d,195.0,0.0,195.0,0.0,0
2001,3D1e,106.0,0.0,106.0,0.0,0
2001,3D1f,1177.0,0.0,1177.0,0.0,0
2001,3D2,331.0,0.0,331.0,0.0,0
2001,3F,3.0,0.0,3.0,0.0,0
2001,3G,419.0,419.0,0.0,100.0,0
2001,3H,1.0,1.0,0.0,100.0,0
2001,4,-30259.0,-33355.0,3096.0,110.23166661158663,0
2001,4(i)A,14.0,0.0,14.0,0.0,0
2001,4(i)E,3.0,0.0,3.0,0.0,0
2001,4(ii)A,2717.0,0.0,2717.0,0.0,0
2001,4(ii)D,320.0,0.0,320.0,0.0,0
2001,4(ii)E,10.0,0.0,10.0,0.0,0
2001,4(iii)A,5.0,0.0,5.0,0.0,0
2001,4(iii)B,4.0,0.0,4.0,0.0,0
2001,4(iii)C,1.0,0.0,1.0,0.0,0
2001,4(iii)E,19.0,0.0,19.0,0.0,0
2001,4(iv)A,3.0,0.0,3.0,0.0,0
2001,4(iv)C,0.0,0.0,0.0,,0
2001,4A,-38547.0,-41286.0,2739.0,107.10561133162113,0
2001,4Ai1,-11091.0,-11091.0,0.0,100.0,0
2001,4Ai2,-22113.0,-22113.0,0.0,100.0,0
2001,4Aiv,-9522.0,-9522.0,0.0,100.0,0
2001,4Av,1439.0,1439.0,0.0,100.0,0
2001,4B,7850.0,7846.0,4.0,99.94904458598725,0
2001,4Bi,1098.0,1098.0,0.0,100.0,0
2001,4Biv,1317.0,1317.0,0.0,100.0,0
2001,4Bv,5431.0,5431.0,0.0,100.0,0
2001,4C,867.0,867.0,0.0,100.0,0
2001,4Ci,2.0,2.0,0.0,100.0,0
2001,4Civ,-23.0,-23.0,0.0,100.0,0
2001,4Cv,888.0,888.0,0.0,100.0,0
2001,4D,2198.0,1879.0,319.0,85.48680618744314,0
2001,4Di,79.0,79.0,0.0,100.0,0
2001,4Diii,1.0,1.0,0.0,100.0,0
2001,4Dv,1798.0,1798.0,0.0,100.0,0
2001,4E,1575.0,1544.0,31.0,98.03174603174604,0
2001,4Ei,1227.0,1227.0,0.0,100.0,0
2001,4Eiii,26.0,26.0,0.0,100.0,0
2001,4Eiv-v,291.0,291.0,0.0,100.0,0
2001,4G,-4203.0,-4203.0,0.0,100.0,0
2001,5,4072.0,0.0,4072.0,0.0,0
2001,5A,3700.0,0.0,3700.0,0.0,0
2001,5B,106.0,0.0,106.0,0.0,0
2001,5D,267.0,0.0,267.0,0.0,0
2001,INDCO2,106.0,106.0,0.0,100.0,0
2001,TOTAL_NO_LULUCF,75914.0,62628.0,13286.0,82.49861685591591,0
2001,TOTAL_WITH_LULUCF,45655.0,29273.0,16382.0,64.1178403241704,0
2002,1,61626.0,60646.0,980.0,98.4097621133937,0
2002,1A1,30280.0,29996.0,284.0,99.06208718626156,0
2002,1A2,11148.0,10981.0,167.0,98.50197344815214,0
2002,1A2(-1A2gvii),10092.0,9934.0,158.0,98.43440348791121,0
2002,1A2gvii,1057.0,1048.0,9.0,99.14853358561967,0
2002,1A3,12360.0,12201.0,159.0,98.7135922330097,0
2002,1A3a,326.0,323.0,3.0,99.079754601227,0
2002,1A3b,11384.0,11238.0,146.0,98.71749824314828,0
2002,1A3bi,0.0,0.0,0.0,,0
2002,1A3bii,0.0,0.0,0.0,,0
2002,1A3biii,0.0,0.0,0.0,,0
2002,1A3biv,0.0,0.0,0.0,,0
2002,1A3c,138.0,137.0,1.0,99.27536231884058,0
2002,1A3d,513.0,504.0,9.0,98.24561403508771,0
2002,1A4,6224.0,5940.0,284.0,95.4370179948586,0
2002,1A4a,1618.0,1599.0,19.0,98.82571075401731,0
2002,1A4ai,1171.0,1158.0,13.0,98.88983774551664,0
2002,1A4aii,447.0,442.0,5.0,98.88143176733782,0
2002,1A4b,2892.0,2647.0,245.0,91.52835408022129,0
2002,1A4bi,2712.0,2472.0,240.0,91.1504424778761,0
2002,1A4bii,180.0,175.0,5.0,97.22222222222221,0
2002,1A4c,1713.0,1694.0,19.0,98.89083479276124,0
2002,1A4ci,669.0,659.0,10.0,98.50523168908819,0
2002,1A4cii,907.0,899.0,8.0,99.11797133406836,0
2002,1A4ciii,137.0,136.0,1.0,99.27007299270073,0
2002,1A5,1480.0,1466.0,14.0,99.05405405405405,0
2002,1B,134.0,62.0,72.0,46.26865671641791,0
2002,1D,3173.0,3147.0,26.0,99.180586196029,0
2002,1D1a,1086.0,1078.0,8.0,99.2633517495396,0
2002,1D1b,2088.0,2069.0,19.0,99.09003831417624,0
2002,2,6030.0,3956.0,2074.0,65.60530679933665,0
2002,2A,1084.0,1084.0,0.0,100.0,0
2002,2B,1557.0,411.0,1146.0,26.39691714836224,0
2002,2C,2318.0,2318.0,0.0,100.0,0
2002,2D,143.0,142.0,1.0,99.3006993006993,0
2002,2F,858.0,0.0,858.0,0.0,0
2002,2F1,775.0,0.0,775.0,0.0,0
2002,2F1a,588.0,0.0,588.0,0.0,0
2002,2F1b,0.0,0.0,0.0,,0
2002,2F1c,33.0,0.0,33.0,0.0,0
2002,2F1d,9.0,0.0,9.0,0.0,0
2002,2F1e,113.0,0.0,113.0,0.0,0
2002,2F1f,32.0,0.0,32.0,0.0,0
2002,2F2,14.0,0.0,14.0,0.0,0
2002,2F4,69.0,0.0,69.0,0.0,0
2002,2G,50.0,0.0,50.0,0.0,0
2002,2H,19.0,0.0,19.0,0.0,0
2002,3,6772.0,447.0,6325.0,6.6007088009450685,0
2002,3A,2305.0,0.0,2305.0,0.0,0
2002,3A1,2099.0,0.0,2099.0,0.0,0
2002,3A1a,1244.0,0.0,1244.0,0.0,0
2002,3A1b,855.0,0.0,855.0,0.0,0
2002,3A2,23.0,0.0,23.0,0.0,0
2002,3A3,33.0,0.0,33.0,0.0,0
2002,3A4d,1.0,0.0,1.0,0.0,0
2002,3A4e,30.0,0.0,30.0,0.0,0
2002,3A4hii,111.0,0.0,111.0,0.0,0
2002,3A4hiv,8.0,0.0,8.0,0.0,0
2002,3B,898.0,0.0,898.0,0.0,0
2002,3B1,512.0,0.0,512.0,0.0,0
2002,3B1a,319.0,0.0,319.0,0.0,0
2002,3B1b,193.0,0.0,193.0,0.0,0
2002,3B2,9.0,0.0,9.0,0.0,0
2002,3B3,143.0,0.0,143.0,0.0,0
2002,3B4d,1.0,0.0,1.0,0.0,0
2002,3B4e,18.0,0.0,18.0,0.0,0
2002,3B4g,10.0,0.0,10.0,0.0,0
2002,3B4hii,0.0,0.0,0.0,,0
2002,3B4hiv,116.0,0.0,116.0,0.0,0
2002,3B5,90.0,0.0,90.0,0.0,0
2002,3D,3118.0,0.0,3118.0,0.0,0
2002,3D1,2789.0,0.0,2789.0,0.0,0
2002,3D1a,1069.0,0.0,1069.0,0.0,0
2002,3D1b,188.0,0.0,188.0,0.0,0
2002,3D1c,33.0,0.0,33.0,0.0,0
2002,3D1d,201.0,0.0,201.0,0.0,0
2002,3D1e,98.0,0.0,98.0,0.0,0
2002,3D1f,1201.0,0.0,1201.0,0.0,0
2002,3D2,329.0,0.0,329.0,0.0,0
2002,3F,3.0,0.0,3.0,0.0,0
2002,3G,446.0,446.0,0.0,100.0,0
2002,3H,1.0,1.0,0.0,100.0,0
2002,4,-31204.0,-34273.0,3069.0,109.83527752852198,0
2002,4(i)A,15.0,0.0,15.0,0.0,0
2002,4(i)E,3.0,0.0,3.0,0.0,0
2002,4(ii)A,2690.0,0.0,2690.0,0.0,0
2002,4(ii)D,320.0,0.0,320.0,0.0,0
2002,4(ii)E,9.0,0.0,9.0,0.0,0
2002,4(iii)A,4.0,0.0,4.0,0.0,0
2002,4(iii)B,5.0,0.0,5.0,0.0,0
2002,4(iii)C,1.0,0.0,1.0,0.0,0
2002,4(iii)E,19.0,0.0,19.0,0.0,0
2002,4(iv)A,3.0,0.0,3.0,0.0,0
2002,4(iv)C,0.0,0.0,0.0,,0
2002,4A,-39327.0,-42038.0,2711.0,106.8934828489333,0
2002,4Ai1,-11633.0,-11633.0,0.0,100.0,0
2002,4Ai2,-22607.0,-22607.0,0.0,100.0,0
2002,4Aiv,-9131.0,-9131.0,0.0,100.0,0
2002,4Av,1333.0,1333.0,0.0,100.0,0
2002,4B,8041.0,8036.0,5.0,99.93781867926876,0
2002,4Bi,1240.0,1240.0,0.0,100.0,0
2002,4Biv,1230.0,1230.0,0.0,100.0,0
2002,4Bv,5567.0,5567.0,0.0,100.0,0
2002,4C,847.0,846.0,1.0,99.88193624557262,0
2002,4Ci,-19.0,-19.0,0.0,100.0,0
2002,4Civ,-20.0,-20.0,0.0,100.0,0
2002,4Cv,885.0,885.0,0.0,100.0,0
2002,4D,2235.0,1915.0,320.0,85.68232662192393,0
2002,4Di,76.0,76.0,0.0,100.0,0
2002,4Diii,1.0,1.0,0.0,100.0,0
2002,4Dv,1838.0,1838.0,0.0,100.0,0
2002,4E,1549.0,1518.0,31.0,97.99870884441575,0
2002,4Ei,1194.0,1194.0,0.0,100.0,0
2002,4Eiii,26.0,26.0,0.0,100.0,0
2002,4Eiv-v,298.0,298.0,0.0,100.0,0
2002,4G,-4550.0,-4550.0,0.0,100.0,0
2002,5,3788.0,0.0,3788.0,0.0,0
2002,5A,3413.0,0.0,3413.0,0.0,0
2002,5B,111.0,0.0,111.0,0.0,0
2002,5D,264.0,0.0,264.0,0.0,0
2002,INDCO2,96.0,96.0,0.0,100.0,0
2002,TOTAL_NO_LULUCF,78312.0,65145.0,13167.0,83.18648482991112,0
2002,TOTAL_WITH_LULUCF,47108.0,30872.0,16236.0,65.5345164303303,0
2003,1,69203.0,68186.0,1017.0,98.53041053133535,0
2003,1A1,37318.0,36997.0,321.0,99.13982528538506,0
2003,1A2,11539.0,11371.0,168.0,98.54406794349597,0
2003,1A2(-1A2gvii),10480.0,10320.0,160.0,98.47328244274809,0
2003,1A2gvii,1060.0,1051.0,9.0,99.15094339622641,0
2003,1A3,12548.0,12401.0,147.0,98.82849856550845,0
2003,1A3a,329.0,327.0,2.0,99.3920972644377,0
2003,1A3b,11559.0,11425.0,134.0,98.84073016696946,0
2003,1A3bi,0.0,0.0,0.0,,0
2003,1A3bii,0.0,0.0,0.0,,0
2003,1A3biii,0.0,0.0,0.0,,0
2003,1A3biv,0.0,0.0,0.0,,0
2003,1A3c,137.0,136.0,1.0,99.27007299270073,0
2003,1A3d,522.0,513.0,9.0,98.27586206896551,0
2003,1A4,6130.0,5842.0,288.0,95.30179445350734,0
2003,1A4a,1591.0,1572.0,19.0,98.80578252671276,0
2003,1A4ai,1150.0,1136.0,14.0,98.78260869565217,0
2003,1A4aii,442.0,436.0,6.0,98.64253393665159,0
2003,1A4b,2827.0,2577.0,250.0,91.15670321896003,0
2003,1A4bi,2646.0,2401.0,245.0,90.74074074074075,0
2003,1A4bii,182.0,176.0,6.0,96.7032967032967,0
2003,1A4c,1712.0,1692.0,20.0,98.83177570093457,0
2003,1A4ci,664.0,653.0,11.0,98.3433734939759,0
2003,1A4cii,911.0,903.0,8.0,99.12184412733261,0
2003,1A4ciii,137.0,136.0,1.0,99.27007299270073,0
2003,1A5,1533.0,1519.0,14.0,99.08675799086758,0
2003,1B,135.0,56.0,79.0,41.48148148148148,0
2003,1D,3194.0,3168.0,26.0,99.18597370068879,0
2003,1D1a,1122.0,1114.0,8.0,99.28698752228165,0
2003,1D1b,2073.0,2054.0,19.0,99.08345393150024,0
2003,2,6398.0,4171.0,2227.0,65.19224757736792,0
2003,2A,1128.0,1128.0,0.0,100.0,0
2003,2B,1652.0,445.0,1207.0,26.937046004842614,0
2003,2C,2481.0,2481.0,0.0,100.0,0
2003,2D,118.0,117.0,1.0,99.15254237288136,0
2003,2F,951.0,0.0,951.0,0.0,0
2003,2F1,871.0,0.0,871.0,0.0,0
2003,2F1a,642.0,0.0,642.0,0.0,0
2003,2F1b,0.0,0.0,0.0,,0
2003,2F1c,42.0,0.0,42.0,0.0,0
2003,2F1d,10.0,0.0,10.0,0.0,0
2003,2F1e,139.0,0.0,139.0,0.0,0
2003,2F1f,38.0,0.0,38.0,0.0,0
2003,2F2,15.0,0.0,15.0,0.0,0
2003,2F4,66.0,0.0,66.0,0.0,0
2003,2G,47.0,0.0,47.0,0.0,0
2003,2H,22.0,0.0,22.0,0.0,0
2003,3,6586.0,303.0,6283.0,4.600668083814152,0
2003,3A,2274.0,0.0,2274.0,0.0,0
2003,3A1,2065.0,0.0,2065.0,0.0,0
2003,3A1a,1209.0,0.0,1209.0,0.0,0
2003,3A1b,856.0,0.0,856.0,0.0,0
2003,3A2,23.0,0.0,23.0,0.0,0
2003,3A3,35.0,0.0,35.0,0.0,0
2003,3A4d,1.0,0.0,1.0,0.0,0
2003,3A4e,30.0,0.0,30.0,0.0,0
2003,3A4hii,110.0,0.0,110.0,0.0,0
2003,3A4hiv,9.0,0.0,9.0,0.0,0
2003,3B,918.0,0.0,918.0,0.0,0
2003,3B1,509.0,0.0,509.0,0.0,0
2003,3B1a,315.0,0.0,315.0,0.0,0
2003,3B1b,194.0,0.0,194.0,0.0,0
2003,3B2,9.0,0.0,9.0,0.0,0
2003,3B3,152.0,0.0,152.0,0.0,0
2003,3B4d,1.0,0.0,1.0,0.0,0
2003,3B4e,15.0,0.0,15.0,0.0,0
2003,3B4g,10.0,0.0,10.0,0.0,0
2003,3B4hii,0.0,0.0,0.0,,0
2003,3B4hiv,129.0,0.0,129.0,0.0,0
2003,3B5,93.0,0.0,93.0,0.0,0
2003,3D,3088.0,0.0,3088.0,0.0,0
2003,3D1,2765.0,0.0,2765.0,0.0,0
2003,3D1a,1061.0,0.0,1061.0,0.0,0
2003,3D1b,189.0,0.0,189.0,0.0,0
2003,3D1c,32.0,0.0,32.0,0.0,0
2003,3D1d,197.0,0.0,197.0,0.0,0
2003,3D1e,60.0,0.0,60.0,0.0,0
2003,3D1f,1226.0,0.0,1226.0,0.0,0
2003,3D2,322.0,0.0,322.0,0.0,0
2003,3F,3.0,0.0,3.0,0.0,0
2003,3G,302.0,302.0,0.0,100.0,0
2003,3H,1.0,1.0,0.0,100.0,0
2003,4,-32223.0,-35264.0,3041.0,109.43735840859014,0
2003,4(i)A,14.0,0.0,14.0,0.0,0
2003,4(i)E,3.0,0.0,3.0,0.0,0
2003,4(ii)A,2663.0,0.0,2663.0,0.0,0
2003,4(ii)D,320.0,0.0,320.0,0.0,0
2003,4(ii)E,9.0,0.0,9.0,0.0,0
2003,4(iii)A,3.0,0.0,3.0,0.0,0
2003,4(iii)B,5.0,0.0,5.0,0.0,0
2003,4(iii)C,1.0,0.0,1.0,0.0,0
2003,4(iii)E,20.0,0.0,20.0,0.0,0
2003,4(iv)A,2.0,0.0,2.0,0.0,0
2003,4(iv)C,0.0,0.0,0.0,,0
2003,4A,-39522.0,-42204.0,2682.0,106.7860938211629,0
2003,4Ai1,-12304.0,-12304.0,0.0,100.0,0
2003,4Ai2,-23007.0,-23007.0,0.0,100.0,0
2003,4Aiv,-8540.0,-8540.0,0.0,100.0,0
2003,4Av,1647.0,1647.0,0.0,100.0,0
2003,4B,7802.0,7797.0,5.0,99.93591386823891,0
2003,4Bi,1315.0,1315.0,0.0,100.0,0
2003,4Biv,785.0,785.0,0.0,100.0,0
2003,4Bv,5698.0,5698.0,0.0,100.0,0
2003,4C,845.0,844.0,1.0,99.88165680473374,0
2003,4Ci,-25.0,-25.0,0.0,100.0,0
2003,4Civ,-19.0,-19.0,0.0,100.0,0
2003,4Cv,888.0,888.0,0.0,100.0,0
2003,4D,2157.0,1836.0,321.0,85.1182197496523,0
2003,4Di,112.0,112.0,0.0,100.0,0
2003,4Diii,1.0,1.0,0.0,100.0,0
2003,4Dv,1723.0,1723.0,0.0,100.0,0
2003,4E,1592.0,1560.0,32.0,97.98994974874373,0
2003,4Ei,1227.0,1227.0,0.0,100.0,0
2003,4Eiii,27.0,27.0,0.0,100.0,0
2003,4Eiv-v,306.0,306.0,0.0,100.0,0
2003,4G,-5097.0,-5097.0,0.0,100.0,0
2003,5,3563.0,0.0,3563.0,0.0,0
2003,5A,3181.0,0.0,3181.0,0.0,0
2003,5B,115.0,0.0,115.0,0.0,0
2003,5D,267.0,0.0,267.0,0.0,0
2003,INDCO2,96.0,96.0,0.0,100.0,0
2003,TOTAL_NO_LULUCF,85846.0,72756.0,13090.0,84.75176478810894,0
2003,TOTAL_WITH_LULUCF,53623.0,37492.0,16131.0,69.91775917050519,0
2004,1,65281.0,64293.0,988.0,98.48654279193028,0
2004,1A1,33219.0,32917.0,302.0,99.0908817243144,0
2004,1A2,11615.0,11440.0,175.0,98.49332759362893,0
2004,1A2(-1A2gvii),10551.0,10385.0,166.0,98.42668941332575,0
2004,1A2gvii,1064.0,1055.0,9.0,99.15413533834587,0
2004,1A3,12891.0,12754.0,137.0,98.9372430377783,0
2004,1A3a,335.0,332.0,3.0,99.1044776119403,0
2004,1A3b,11908.0,11783.0,125.0,98.95028552233792,0
2004,1A3bi,0.0,0.0,0.0,,0
2004,1A3bii,0.0,0.0,0.0,,0
2004,1A3biii,0.0,0.0,0.0,,0
2004,1A3biv,0.0,0.0,0.0,,0
2004,1A3c,141.0,140.0,1.0,99.29078014184397,0
2004,1A3d,508.0,500.0,8.0,98.4251968503937,0
2004,1A4,6032.0,5742.0,290.0,95.1923076923077,0
2004,1A4a,1561.0,1542.0,19.0,98.78283151825752,0
2004,1A4ai,1126.0,1112.0,14.0,98.75666074600356,0
2004,1A4aii,435.0,430.0,5.0,98.85057471264368,0
2004,1A4b,2781.0,2528.0,253.0,90.90255303847536,0
2004,1A4bi,2593.0,2345.0,248.0,90.43578866178173,0
2004,1A4bii,188.0,183.0,5.0,97.3404255319149,0
2004,1A4c,1690.0,1672.0,18.0,98.93491124260355,0
2004,1A4ci,653.0,643.0,10.0,98.46860643185299,0
2004,1A4cii,912.0,905.0,7.0,99.23245614035088,0
2004,1A4ciii,125.0,124.0,1.0,99.2,0
2004,1A5,1399.0,1385.0,14.0,98.99928520371694,0
2004,1B,126.0,55.0,71.0,43.65079365079365,0
2004,1D,2954.0,2931.0,23.0,99.22139471902504,0
2004,1D1a,1292.0,1282.0,10.0,99.22600619195046,0
2004,1D1b,1662.0,1649.0,13.0,99.21780986762936,0
2004,2,6777.0,4377.0,2400.0,64.58610004426738,0
2004,2A,1189.0,1189.0,0.0,100.0,0
2004,2B,1784.0,502.0,1282.0,28.139013452914796,0
2004,2C,2576.0,2576.0,0.0,100.0,0
2004,2D,111.0,110.0,1.0,99.09909909909909,0
2004,2F,1051.0,0.0,1051.0,0.0,0
2004,2F1,961.0,0.0,961.0,0.0,0
2004,2F1a,692.0,0.0,692.0,0.0,0
2004,2F1b,0.0,0.0,0.0,,0
2004,2F1c,48.0,0.0,48.0,0.0,0
2004,2F1d,11.0,0.0,11.0,0.0,0
2004,2F1e,165.0,0.0,165.0,0.0,0
2004,2F1f,45.0,0.0,45.0,0.0,0
2004,2F2,26.0,0.0,26.0,0.0,0
2004,2F4,64.0,0.0,64.0,0.0,0
2004,2G,46.0,0.0,46.0,0.0,0
2004,2H,19.0,0.0,19.0,0.0,0
2004,3,6426.0,277.0,6149.0,4.310613134142546,0
2004,3A,2246.0,0.0,2246.0,0.0,0
2004,3A1,2034.0,0.0,2034.0,0.0,0
2004,3A1a,1191.0,0.0,1191.0,0.0,0
2004,3A1b,842.0,0.0,842.0,0.0,0
2004,3A2,26.0,0.0,26.0,0.0,0
2004,3A3,35.0,0.0,35.0,0.0,0
2004,3A4d,1.0,0.0,1.0,0.0,0
2004,3A4e,31.0,0.0,31.0,0.0,0
2004,3A4hii,112.0,0.0,112.0,0.0,0
2004,3A4hiv,8.0,0.0,8.0,0.0,0
2004,3B,857.0,0.0,857.0,0.0,0
2004,3B1,474.0,0.0,474.0,0.0,0
2004,3B1a,292.0,0.0,292.0,0.0,0
2004,3B1b,182.0,0.0,182.0,0.0,0
2004,3B2,10.0,0.0,10.0,0.0,0
2004,3B3,137.0,0.0,137.0,0.0,0
2004,3B4d,1.0,0.0,1.0,0.0,0
2004,3B4e,13.0,0.0,13.0,0.0,0
2004,3B4g,9.0,0.0,9.0,0.0,0
2004,3B4hii,0.0,0.0,0.0,,0
2004,3B4hiv,121.0,0.0,121.0,0.0,0
2004,3B5,92.0,0.0,92.0,0.0,0
2004,3D,3043.0,0.0,3043.0,0.0,0
2004,3D1,2730.0,0.0,2730.0,0.0,0
2004,3D1a,1031.0,0.0,1031.0,0.0,0
2004,3D1b,186.0,0.0,186.0,0.0,0
2004,3D1c,32.0,0.0,32.0,0.0,0
2004,3D1d,197.0,0.0,197.0,0.0,0
2004,3D1e,32.0,0.0,32.0,0.0,0
2004,3D1f,1253.0,0.0,1253.0,0.0,0
2004,3D2,313.0,0.0,313.0,0.0,0
2004,3F,3.0,0.0,3.0,0.0,0
2004,3G,276.0,276.0,0.0,100.0,0
2004,3H,1.0,1.0,0.0,100.0,0
2004,4,-34302.0,-37317.0,3015.0,108.78957495189785,0
2004,4(i)A,15.0,0.0,15.0,0.0,0
2004,4(i)E,3.0,0.0,3.0,0.0,0
2004,4(ii)A,2636.0,0.0,2636.0,0.0,0
2004,4(ii)D,322.0,0.0,322.0,0.0,0
2004,4(ii)E,9.0,0.0,9.0,0.0,0
2004,4(iii)A,2.0,0.0,2.0,0.0,0
2004,4(iii)B,5.0,0.0,5.0,0.0,0
2004,4(iii)C,1.0,0.0,1.0,0.0,0
2004,4(iii)E,21.0,0.0,21.0,0.0,0
2004,4(iv)A,1.0,0.0,1.0,0.0,0
2004,4(iv)C,0.0,0.0,0.0,,0
2004,4A,-41152.0,-43805.0,2653.0,106.44683125972006,0
2004,4Ai1,-13819.0,-13819.0,0.0,100.0,0
2004,4Ai2,-23410.0,-23410.0,0.0,100.0,0
2004,4Aiv,-7782.0,-7782.0,0.0,100.0,0
2004,4Av,1206.0,1206.0,0.0,100.0,0
2004,4B,7544.0,7539.0,5.0,99.93372216330859,0
2004,4Bi,1250.0,1250.0,0.0,100.0,0
2004,4Biv,447.0,447.0,0.0,100.0,0
2004,4Bv,5842.0,5842.0,0.0,100.0,0
2004,4C,899.0,898.0,1.0,99.88876529477196,0
2004,4Ci,30.0,30.0,0.0,100.0,0
2004,4Civ,-19.0,-19.0,0.0,100.0,0
2004,4Cv,887.0,887.0,0.0,100.0,0
2004,4D,2076.0,1755.0,321.0,84.53757225433526,0
2004,4Di,93.0,93.0,0.0,100.0,0
2004,4Diii,1.0,1.0,0.0,100.0,0
2004,4Dv,1660.0,1660.0,0.0,100.0,0
2004,4E,1731.0,1698.0,33.0,98.09358752166378,0
2004,4Ei,1350.0,1350.0,0.0,100.0,0
2004,4Eiii,32.0,32.0,0.0,100.0,0
2004,4Eiv-v,316.0,316.0,0.0,100.0,0
2004,4G,-5400.0,-5400.0,0.0,100.0,0
2004,5,3389.0,0.0,3389.0,0.0,0
2004,5A,3000.0,0.0,3000.0,0.0,0
2004,5B,120.0,0.0,120.0,0.0,0
2004,5D,269.0,0.0,269.0,0.0,0
2004,INDCO2,93.0,93.0,0.0,100.0,0
2004,TOTAL_NO_LULUCF,81967.0,69041.0,12926.0,84.2302389986214,0
2004,TOTAL_WITH_LULUCF,47664.0,31724.0,15940.0,66.5575696542464,0
2005,1,53588.0,52658.0,930.0,98.2645368366052,0
2005,1A1,22004.0,21757.0,247.0,98.87747682239592,0
2005,1A2,11339.0,11175.0,164.0,98.55366434429844,0
2005,1A2(-1A2gvii),10271.0,10116.0,155.0,98.49089669944505,0
2005,1A2gvii,1068.0,1059.0,9.0,99.15730337078652,0
2005,1A3,12870.0,12743.0,127.0,99.013209013209,0
2005,1A3a,305.0,302.0,3.0,99.01639344262296,0
2005,1A3b,11924.0,11808.0,116.0,99.02717208990272,0
2005,1A3bi,0.0,0.0,0.0,,0
2005,1A3bii,0.0,0.0,0.0,,0
2005,1A3biii,0.0,0.0,0.0,,0
2005,1A3biv,0.0,0.0,0.0,,0
2005,1A3c,129.0,128.0,1.0,99.2248062015504,0
2005,1A3d,513.0,504.0,9.0,98.24561403508771,0
2005,1A4,5720.0,5424.0,296.0,94.82517482517483,0
2005,1A4a,1500.0,1482.0,18.0,98.8,0
2005,1A4ai,1072.0,1059.0,13.0,98.78731343283582,0
2005,1A4aii,427.0,422.0,5.0,98.82903981264637,0
2005,1A4b,2574.0,2313.0,261.0,89.86013986013987,0
2005,1A4bi,2380.0,2125.0,255.0,89.28571428571429,0
2005,1A4bii,194.0,188.0,6.0,96.90721649484536,0
2005,1A4c,1647.0,1628.0,19.0,98.84638737097754,0
2005,1A4ci,619.0,609.0,10.0,98.38449111470113,0
2005,1A4cii,910.0,903.0,7.0,99.23076923076923,0
2005,1A4ciii,117.0,116.0,1.0,99.14529914529915,0
2005,1A5,1503.0,1489.0,14.0,99.06852960745177,0
2005,1B,152.0,70.0,82.0,46.05263157894737,0
2005,1D,2928.0,2904.0,24.0,99.18032786885246,0
2005,1D1a,1300.0,1290.0,10.0,99.23076923076923,0
2005,1D1b,1628.0,1614.0,14.0,99.14004914004913,0
2005,2,6702.0,4116.0,2586.0,61.41450313339302,0
2005,2A,1176.0,1176.0,0.0,100.0,0
2005,2B,1826.0,434.0,1392.0,23.767798466593646,0
2005,2C,2404.0,2404.0,0.0,100.0,0
2005,2D,103.0,102.0,1.0,99.02912621359224,0
2005,2F,1125.0,0.0,1125.0,0.0,0
2005,2F1,1039.0,0.0,1039.0,0.0,0
2005,2F1a,728.0,0.0,728.0,0.0,0
2005,2F1b,3.0,0.0,3.0,0.0,0
2005,2F1c,53.0,0.0,53.0,0.0,0
2005,2F1d,10.0,0.0,10.0,0.0,0
2005,2F1e,192.0,0.0,192.0,0.0,0
2005,2F1f,54.0,0.0,54.0,0.0,0
2005,2F2,5.0,0.0,5.0,0.0,0
2005,2F4,81.0,0.0,81.0,0.0,0
2005,2G,52.0,0.0,52.0,0.0,0
2005,2H,15.0,0.0,15.0,0.0,0
2005,3,6442.0,291.0,6151.0,4.517230673703819,0
2005,3A,2220.0,0.0,2220.0,0.0,0
2005,3A1,2007.0,0.0,2007.0,0.0,0
2005,3A1a,1171.0,0.0,1171.0,0.0,0
2005,3A1b,836.0,0.0,836.0,0.0,0
2005,3A2,21.0,0.0,21.0,0.0,0
2005,3A3,36.0,0.0,36.0,0.0,0
2005,3A4d,1.0,0.0,1.0,0.0,0
2005,3A4e,32.0,0.0,32.0,0.0,0
2005,3A4hii,115.0,0.0,115.0,0.0,0
2005,3A4hiv,8.0,0.0,8.0,0.0,0
2005,3B,888.0,0.0,888.0,0.0,0
2005,3B1,497.0,0.0,497.0,0.0,0
2005,3B1a,309.0,0.0,309.0,0.0,0
2005,3B1b,188.0,0.0,188.0,0.0,0
2005,3B2,8.0,0.0,8.0,0.0,0
2005,3B3,155.0,0.0,155.0,0.0,0
2005,3B4d,1.0,0.0,1.0,0.0,0
2005,3B4e,11.0,0.0,11.0,0.0,0
2005,3B4g,10.0,0.0,10.0,0.0,0
2005,3B4hii,0.0,0.0,0.0,,0
2005,3B4hiv,114.0,0.0,114.0,0.0,0
2005,3B5,91.0,0.0,91.0,0.0,0
2005,3D,3040.0,0.0,3040.0,0.0,0
2005,3D1,2726.0,0.0,2726.0,0.0,0
2005,3D1a,997.0,0.0,997.0,0.0,0
2005,3D1b,185.0,0.0,185.0,0.0,0
2005,3D1c,32.0,0.0,32.0,0.0,0
2005,3D1d,217.0,0.0,217.0,0.0,0
2005,3D1e,38.0,0.0,38.0,0.0,0
2005,3D1f,1258.0,0.0,1258.0,0.0,0
2005,3D2,315.0,0.0,315.0,0.0,0
2005,3F,3.0,0.0,3.0,0.0,0
2005,3G,290.0,290.0,0.0,100.0,0
2005,3H,1.0,1.0,0.0,100.0,0
2005,4,-34392.0,-37381.0,2989.0,108.69097464526634,0
2005,4(i)A,14.0,0.0,14.0,0.0,0
2005,4(i)E,3.0,0.0,3.0,0.0,0
2005,4(ii)A,2609.0,0.0,2609.0,0.0,0
2005,4(ii)D,324.0,0.0,324.0,0.0,0
2005,4(ii)E,9.0,0.0,9.0,0.0,0
2005,4(iii)A,1.0,0.0,1.0,0.0,0
2005,4(iii)B,5.0,0.0,5.0,0.0,0
2005,4(iii)C,1.0,0.0,1.0,0.0,0
2005,4(iii)E,22.0,0.0,22.0,0.0,0
2005,4(iv)A,2.0,0.0,2.0,0.0,0
2005,4(iv)C,0.0,0.0,0.0,,0
2005,4A,-44886.0,-47512.0,2626.0,105.85037650937932,0
2005,4Ai1,-17749.0,-17749.0,0.0,100.0,0
2005,4Ai2,-23977.0,-23977.0,0.0,100.0,0
2005,4Aiv,-7561.0,-7561.0,0.0,100.0,0
2005,4Av,1775.0,1775.0,0.0,100.0,0
2005,4B,7494.0,7489.0,5.0,99.93327995729916,0
2005,4Bi,1088.0,1088.0,0.0,100.0,0
2005,4Biv,518.0,518.0,0.0,100.0,0
2005,4Bv,5882.0,5882.0,0.0,100.0,0
2005,4C,926.0,925.0,1.0,99.89200863930886,0
2005,4Ci,55.0,55.0,0.0,100.0,0
2005,4Civ,-19.0,-19.0,0.0,100.0,0
2005,4Cv,889.0,889.0,0.0,100.0,0
2005,4D,2301.0,1977.0,324.0,85.91916558018254,0
2005,4Di,125.0,125.0,0.0,100.0,0
2005,4Diii,2.0,2.0,0.0,100.0,0
2005,4Dv,1850.0,1850.0,0.0,100.0,0
2005,4E,1745.0,1711.0,34.0,98.0515759312321,0
2005,4Ei,1353.0,1353.0,0.0,100.0,0
2005,4Eiii,33.0,33.0,0.0,100.0,0
2005,4Eiv-v,325.0,325.0,0.0,100.0,0
2005,4G,-1971.0,-1971.0,0.0,100.0,0
2005,5,3119.0,0.0,3119.0,0.0,0
2005,5A,2722.0,0.0,2722.0,0.0,0
2005,5B,134.0,0.0,134.0,0.0,0
2005,5D,263.0,0.0,263.0,0.0,0
2005,INDCO2,86.0,86.0,0.0,100.0,0
2005,TOTAL_NO_LULUCF,69937.0,57152.0,12785.0,81.71926162117335,0
2005,TOTAL_WITH_LULUCF,35546.0,19770.0,15776.0,55.61807235694592,0
2006,1,64715.0,63751.0,964.0,98.51039171753071,0
2006,1A1,32928.0,32611.0,317.0,99.03729348882409,0
2006,1A2,11601.0,11443.0,158.0,98.63804844409965,0
2006,1A2(-1A2gvii),10515.0,10366.0,149.0,98.58297669995245,0
2006,1A2gvii,1086.0,1077.0,9.0,99.17127071823204,0
2006,1A3,13033.0,12914.0,119.0,99.08693316964629,0
2006,1A3a,285.0,283.0,2.0,99.29824561403508,0
2006,1A3b,12071.0,11963.0,108.0,99.10529367906553,0
2006,1A3bi,0.0,0.0,0.0,,0
2006,1A3bii,0.0,0.0,0.0,,0
2006,1A3biii,0.0,0.0,0.0,,0
2006,1A3biv,0.0,0.0,0.0,,0
2006,1A3c,130.0,129.0,1.0,99.23076923076923,0
2006,1A3d,547.0,538.0,9.0,98.35466179159049,0
2006,1A4,5610.0,5324.0,286.0,94.90196078431372,0
2006,1A4a,1489.0,1471.0,18.0,98.79113498992612,0
2006,1A4ai,1061.0,1048.0,13.0,98.77474081055608,0
2006,1A4aii,428.0,423.0,5.0,98.83177570093457,0
2006,1A4b,2522.0,2271.0,251.0,90.04758128469469,0
2006,1A4bi,2324.0,2080.0,244.0,89.50086058519794,0
2006,1A4bii,197.0,191.0,6.0,96.95431472081218,0
2006,1A4c,1600.0,1582.0,18.0,98.875,0
2006,1A4ci,586.0,577.0,9.0,98.46416382252559,0
2006,1A4cii,888.0,881.0,7.0,99.21171171171171,0
2006,1A4ciii,125.0,124.0,1.0,99.2,0
2006,1A5,1414.0,1400.0,14.0,99.00990099009901,0
2006,1B,128.0,58.0,70.0,45.3125,0
2006,1D,3249.0,3222.0,27.0,99.16897506925207,0
2006,1D1a,1445.0,1435.0,10.0,99.30795847750865,0
2006,1D1b,1803.0,1788.0,15.0,99.16805324459234,0
2006,2,6879.0,4302.0,2577.0,62.53815961622329,0
2006,2A,1270.0,1270.0,0.0,100.0,0
2006,2B,1677.0,445.0,1232.0,26.535480023852116,0
2006,2C,2473.0,2473.0,0.0,100.0,0
2006,2D,114.0,114.0,0.0,100.0,0
2006,2F,1275.0,0.0,1275.0,0.0,0
2006,2F1,1188.0,0.0,1188.0,0.0,0
2006,2F1a,835.0,0.0,835.0,0.0,0
2006,2F1b,3.0,0.0,3.0,0.0,0
2006,2F1c,52.0,0.0,52.0,0.0,0
2006,2F1d,11.0,0.0,11.0,0.0,0
2006,2F1e,216.0,0.0,216.0,0.0,0
2006,2F1f,71.0,0.0,71.0,0.0,0
2006,2F2,5.0,0.0,5.0,0.0,0
2006,2F4,82.0,0.0,82.0,0.0,0
2006,2G,47.0,0.0,47.0,0.0,0
2006,2H,23.0,0.0,23.0,0.0,0
2006,3,6483.0,322.0,6161.0,4.966836341200062,0
2006,3A,2212.0,0.0,2212.0,0.0,0
2006,3A1,1996.0,0.0,1996.0,0.0,0
2006,3A1a,1149.0,0.0,1149.0,0.0,0
2006,3A1b,848.0,0.0,848.0,0.0,0
2006,3A2,27.0,0.0,27.0,0.0,0
2006,3A3,35.0,0.0,35.0,0.0,0
2006,3A4d,1.0,0.0,1.0,0.0,0
2006,3A4e,33.0,0.0,33.0,0.0,0
2006,3A4hii,110.0,0.0,110.0,0.0,0
2006,3A4hiv,9.0,0.0,9.0,0.0,0
2006,3B,903.0,0.0,903.0,0.0,0
2006,3B1,497.0,0.0,497.0,0.0,0
2006,3B1a,305.0,0.0,305.0,0.0,0
2006,3B1b,192.0,0.0,192.0,0.0,0
2006,3B2,10.0,0.0,10.0,0.0,0
2006,3B3,158.0,0.0,158.0,0.0,0
2006,3B4d,1.0,0.0,1.0,0.0,0
2006,3B4e,12.0,0.0,12.0,0.0,0
2006,3B4g,9.0,0.0,9.0,0.0,0
2006,3B4hii,0.0,0.0,0.0,,0
2006,3B4hiv,122.0,0.0,122.0,0.0,0
2006,3B5,93.0,0.0,93.0,0.0,0
2006,3D,3044.0,0.0,3044.0,0.0,0
2006,3D1,2734.0,0.0,2734.0,0.0,0
2006,3D1a,987.0,0.0,987.0,0.0,0
2006,3D1b,187.0,0.0,187.0,0.0,0
2006,3D1c,31.0,0.0,31.0,0.0,0
2006,3D1d,203.0,0.0,203.0,0.0,0
2006,3D1e,41.0,0.0,41.0,0.0,0
2006,3D1f,1285.0,0.0,1285.0,0.0,0
2006,3D2,310.0,0.0,310.0,0.0,0
2006,3F,3.0,0.0,3.0,0.0,0
2006,3G,321.0,321.0,0.0,100.0,0
2006,3H,1.0,1.0,0.0,100.0,0
2006,4,-38358.0,-41334.0,2976.0,107.75848584389176,0
2006,4(i)A,23.0,0.0,23.0,0.0,0
2006,4(i)E,3.0,0.0,3.0,0.0,0
2006,4(ii)A,2583.0,0.0,2583.0,0.0,0
2006,4(ii)D,325.0,0.0,325.0,0.0,0
2006,4(ii)E,9.0,0.0,9.0,0.0,0
2006,4(iii)A,1.0,0.0,1.0,0.0,0
2006,4(iii)B,5.0,0.0,5.0,0.0,0
2006,4(iii)C,1.0,0.0,1.0,0.0,0
2006,4(iii)E,23.0,0.0,23.0,0.0,0
2006,4(iv)A,3.0,0.0,3.0,0.0,0
2006,4(iv)C,0.0,0.0,0.0,,0
2006,4A,-46264.0,-48874.0,2610.0,105.64153553518936,0
2006,4Ai1,-20900.0,-20900.0,0.0,100.0,0
2006,4Ai2,-24646.0,-24646.0,0.0,100.0,0
2006,4Aiv,-6638.0,-6638.0,0.0,100.0,0
2006,4Av,3309.0,3309.0,0.0,100.0,0
2006,4B,7541.0,7536.0,5.0,99.93369579631349,0
2006,4Bi,965.0,965.0,0.0,100.0,0
2006,4Biv,561.0,561.0,0.0,100.0,0
2006,4Bv,6010.0,6010.0,0.0,100.0,0
2006,4C,923.0,922.0,1.0,99.89165763813651,0
2006,4Ci,46.0,46.0,0.0,100.0,0
2006,4Civ,-20.0,-20.0,0.0,100.0,0
2006,4Cv,895.0,895.0,0.0,100.0,0
2006,4D,2572.0,2247.0,325.0,87.36391912908242,0
2006,4Di,139.0,139.0,0.0,100.0,0
2006,4Diii,3.0,3.0,0.0,100.0,0
2006,4Dv,2105.0,2105.0,0.0,100.0,0
2006,4E,1633.0,1599.0,34.0,97.91794243723209,0
2006,4Ei,1233.0,1233.0,0.0,100.0,0
2006,4Eiii,32.0,32.0,0.0,100.0,0
2006,4Eiv-v,334.0,334.0,0.0,100.0,0
2006,4G,-4763.0,-4763.0,0.0,100.0,0
2006,5,3203.0,0.0,3203.0,0.0,0
2006,5A,2802.0,0.0,2802.0,0.0,0
2006,5B,138.0,0.0,138.0,0.0,0
2006,5D,263.0,0.0,263.0,0.0,0
2006,INDCO2,87.0,87.0,0.0,100.0,0
2006,TOTAL_NO_LULUCF,81367.0,68461.0,12906.0,84.1385328204309,0
2006,TOTAL_WITH_LULUCF,43009.0,27128.0,15881.0,63.07517031319026,0
2007,1,62603.0,61653.0,950.0,98.48250083861797,0
2007,1A1,30818.0,30507.0,311.0,98.9908495035369,0
2007,1A2,11428.0,11275.0,153.0,98.66118305915296,0
2007,1A2(-1A2gvii),10298.0,10154.0,144.0,98.6016702272286,0
2007,1A2gvii,1130.0,1121.0,9.0,99.20353982300884,0
2007,1A3,13389.0,13274.0,115.0,99.14108596609157,0
2007,1A3a,268.0,265.0,3.0,98.88059701492537,0
2007,1A3b,12451.0,12349.0,102.0,99.18078869167135,0
2007,1A3bi,0.0,0.0,0.0,,0
2007,1A3bii,0.0,0.0,0.0,,0
2007,1A3biii,0.0,0.0,0.0,,0
2007,1A3biv,0.0,0.0,0.0,,0
2007,1A3c,110.0,109.0,1.0,99.0909090909091,0
2007,1A3d,560.0,551.0,9.0,98.39285714285714,0
2007,1A4,5474.0,5179.0,295.0,94.61088783339423,0
2007,1A4a,1452.0,1434.0,18.0,98.7603305785124,0
2007,1A4ai,1014.0,1002.0,12.0,98.81656804733728,0
2007,1A4aii,437.0,432.0,5.0,98.8558352402746,0
2007,1A4b,2388.0,2129.0,259.0,89.15410385259631,0
2007,1A4bi,2185.0,1932.0,253.0,88.42105263157895,0
2007,1A4bii,204.0,198.0,6.0,97.05882352941177,0
2007,1A4c,1634.0,1616.0,18.0,98.8984088127295,0
2007,1A4ci,628.0,618.0,10.0,98.40764331210191,0
2007,1A4cii,885.0,878.0,7.0,99.2090395480226,0
2007,1A4ciii,121.0,120.0,1.0,99.17355371900827,0
2007,1A5,1349.0,1336.0,13.0,99.03632320237212,0
2007,1B,145.0,81.0,64.0,55.86206896551724,0
2007,1D,3139.0,3114.0,25.0,99.2035680152915,0
2007,1D1a,1668.0,1656.0,12.0,99.28057553956835,0
2007,1D1b,1471.0,1458.0,13.0,99.1162474507138,0
2007,2,7470.0,4837.0,2633.0,64.75234270414994,0
2007,2A,1295.0,1295.0,0.0,100.0,0
2007,2B,2184.0,916.0,1268.0,41.94139194139194,0
2007,2C,2495.0,2495.0,0.0,100.0,0
2007,2D,131.0,130.0,1.0,99.23664122137404,0
2007,2F,1307.0,0.0,1307.0,0.0,0
2007,2F1,1221.0,0.0,1221.0,0.0,0
2007,2F1a,837.0,0.0,837.0,0.0,0
2007,2F1b,3.0,0.0,3.0,0.0,0
2007,2F1c,53.0,0.0,53.0,0.0,0
2007,2F1d,12.0,0.0,12.0,0.0,0
2007,2F1e,235.0,0.0,235.0,0.0,0
2007,2F1f,80.0,0.0,80.0,0.0,0
2007,2F2,5.0,0.0,5.0,0.0,0
2007,2F4,80.0,0.0,80.0,0.0,0
2007,2G,45.0,0.0,45.0,0.0,0
2007,2H,12.0,0.0,12.0,0.0,0
2007,3,6411.0,277.0,6134.0,4.320698798939323,0
2007,3A,2189.0,0.0,2189.0,0.0,0
2007,3A1,1974.0,0.0,1974.0,0.0,0
2007,3A1a,1123.0,0.0,1123.0,0.0,0
2007,3A1b,851.0,0.0,851.0,0.0,0
2007,3A2,27.0,0.0,27.0,0.0,0
2007,3A3,37.0,0.0,37.0,0.0,0
2007,3A4d,1.0,0.0,1.0,0.0,0
2007,3A4e,34.0,0.0,34.0,0.0,0
2007,3A4hii,108.0,0.0,108.0,0.0,0
2007,3A4hiv,8.0,0.0,8.0,0.0,0
2007,3B,877.0,0.0,877.0,0.0,0
2007,3B1,477.0,0.0,477.0,0.0,0
2007,3B1a,288.0,0.0,288.0,0.0,0
2007,3B1b,189.0,0.0,189.0,0.0,0
2007,3B2,10.0,0.0,10.0,0.0,0
2007,3B3,159.0,0.0,159.0,0.0,0
2007,3B4d,0.0,0.0,0.0,,0
2007,3B4e,13.0,0.0,13.0,0.0,0
2007,3B4g,9.0,0.0,9.0,0.0,0
2007,3B4hii,0.0,0.0,0.0,,0
2007,3B4hiv,117.0,0.0,117.0,0.0,0
2007,3B5,92.0,0.0,92.0,0.0,0
2007,3D,3064.0,0.0,3064.0,0.0,0
2007,3D1,2754.0,0.0,2754.0,0.0,0
2007,3D1a,991.0,0.0,991.0,0.0,0
2007,3D1b,184.0,0.0,184.0,0.0,0
2007,3D1c,30.0,0.0,30.0,0.0,0
2007,3D1d,221.0,0.0,221.0,0.0,0
2007,3D1e,35.0,0.0,35.0,0.0,0
2007,3D1f,1293.0,0.0,1293.0,0.0,0
2007,3D2,310.0,0.0,310.0,0.0,0
2007,3F,3.0,0.0,3.0,0.0,0
2007,3G,275.0,275.0,0.0,100.0,0
2007,3H,2.0,2.0,0.0,100.0,0
2007,4,-28806.0,-31755.0,2949.0,110.23745053113933,0
2007,4(i)A,21.0,0.0,21.0,0.0,0
2007,4(i)E,3.0,0.0,3.0,0.0,0
2007,4(ii)A,2556.0,0.0,2556.0,0.0,0
2007,4(ii)D,328.0,0.0,328.0,0.0,0
2007,4(ii)E,8.0,0.0,8.0,0.0,0
2007,4(iii)A,1.0,0.0,1.0,0.0,0
2007,4(iii)B,5.0,0.0,5.0,0.0,0
2007,4(iii)C,1.0,0.0,1.0,0.0,0
2007,4(iii)E,24.0,0.0,24.0,0.0,0
2007,4(iv)A,1.0,0.0,1.0,0.0,0
2007,4(iv)C,0.0,0.0,0.0,,0
2007,4A,-35377.0,-37957.0,2580.0,107.29287390112219,0
2007,4Ai1,-13664.0,-13664.0,0.0,100.0,0
2007,4Ai2,-23132.0,-23132.0,0.0,100.0,0
2007,4Aiv,-4522.0,-4522.0,0.0,100.0,0
2007,4Av,3360.0,3360.0,0.0,100.0,0
2007,4B,7256.0,7251.0,5.0,99.93109151047409,0
2007,4Bi,734.0,734.0,0.0,100.0,0
2007,4Biv,458.0,458.0,0.0,100.0,0
2007,4Bv,6059.0,6059.0,0.0,100.0,0
2007,4C,919.0,918.0,1.0,99.8911860718172,0
2007,4Ci,45.0,45.0,0.0,100.0,0
2007,4Civ,-20.0,-20.0,0.0,100.0,0
2007,4Cv,893.0,893.0,0.0,100.0,0
2007,4D,2269.0,1941.0,328.0,85.54429263992948,0
2007,4Di,208.0,208.0,0.0,100.0,0
2007,4Diii,4.0,4.0,0.0,100.0,0
2007,4Dv,1729.0,1729.0,0.0,100.0,0
2007,4E,1737.0,1702.0,35.0,97.98503166378813,0
2007,4Ei,1325.0,1325.0,0.0,100.0,0
2007,4Eiii,33.0,33.0,0.0,100.0,0
2007,4Eiv-v,344.0,344.0,0.0,100.0,0
2007,4G,-5610.0,-5610.0,0.0,100.0,0
2007,5,3087.0,0.0,3087.0,0.0,0
2007,5A,2672.0,0.0,2672.0,0.0,0
2007,5B,151.0,0.0,151.0,0.0,0
2007,5D,263.0,0.0,263.0,0.0,0
2007,INDCO2,87.0,87.0,0.0,100.0,0
2007,TOTAL_NO_LULUCF,79658.0,66854.0,12804.0,83.92628486780988,0
2007,TOTAL_WITH_LULUCF,50853.0,35099.0,15754.0,69.02051009773268,0
2008,1,54330.0,53427.0,903.0,98.33793484262839,0
2008,1A1,24367.0,24076.0,291.0,98.8057618910822,0
2008,1A2,10883.0,10737.0,146.0,98.65845814573187,0
2008,1A2(-1A2gvii),9668.0,9531.0,137.0,98.58295407529995,0
2008,1A2gvii,1215.0,1206.0,9.0,99.25925925925925,0
2008,1A3,12745.0,12641.0,104.0,99.18399372302864,0
2008,1A3a,260.0,258.0,2.0,99.23076923076923,0
2008,1A3b,11901.0,11807.0,94.0,99.21015040752877,0
2008,1A3bi,0.0,0.0,0.0,,0
2008,1A3bii,0.0,0.0,0.0,,0
2008,1A3biii,0.0,0.0,0.0,,0
2008,1A3biv,0.0,0.0,0.0,,0
2008,1A3c,116.0,116.0,0.0,100.0,0
2008,1A3d,467.0,461.0,6.0,98.7152034261242,0
2008,1A4,4982.0,4693.0,289.0,94.199116820554,0
2008,1A4a,1268.0,1253.0,15.0,98.81703470031546,0
2008,1A4ai,843.0,832.0,11.0,98.69513641755636,0
2008,1A4aii,426.0,421.0,5.0,98.82629107981221,0
2008,1A4b,2096.0,1840.0,256.0,87.78625954198473,0
2008,1A4bi,1900.0,1651.0,249.0,86.89473684210526,0
2008,1A4bii,196.0,190.0,6.0,96.93877551020408,0
2008,1A4c,1618.0,1600.0,18.0,98.8875154511743,0
2008,1A4ci,623.0,612.0,11.0,98.23434991974318,0
2008,1A4cii,878.0,871.0,7.0,99.20273348519362,0
2008,1A4ciii,117.0,116.0,1.0,99.14529914529915,0
2008,1A5,1194.0,1183.0,11.0,99.07872696817421,0
2008,1B,159.0,97.0,62.0,61.0062893081761,0
2008,1D,3092.0,3068.0,24.0,99.22380336351875,0
2008,1D1a,1805.0,1792.0,13.0,99.2797783933518,0
2008,1D1b,1287.0,1276.0,11.0,99.14529914529915,0
2008,2,7627.0,4870.0,2757.0,63.85210436606792,0
2008,2A,1227.0,1227.0,0.0,100.0,0
2008,2B,2315.0,963.0,1352.0,41.59827213822894,0
2008,2C,2554.0,2554.0,0.0,100.0,0
2008,2D,127.0,126.0,1.0,99.21259842519686,0
2008,2F,1336.0,0.0,1336.0,0.0,0
2008,2F1,1247.0,0.0,1247.0,0.0,0
2008,2F1a,831.0,0.0,831.0,0.0,0
2008,2F1b,3.0,0.0,3.0,0.0,0
2008,2F1c,54.0,0.0,54.0,0.0,0
2008,2F1d,14.0,0.0,14.0,0.0,0
2008,2F1e,251.0,0.0,251.0,0.0,0
2008,2F1f,93.0,0.0,93.0,0.0,0
2008,2F2,6.0,0.0,6.0,0.0,0
2008,2F4,83.0,0.0,83.0,0.0,0
2008,2G,43.0,0.0,43.0,0.0,0
2008,2H,25.0,0.0,25.0,0.0,0
2008,3,6499.0,327.0,6172.0,5.031543314356054,0
2008,3A,2165.0,0.0,2165.0,0.0,0
2008,3A1,1948.0,0.0,1948.0,0.0,0
2008,3A1a,1095.0,0.0,1095.0,0.0,0
2008,3A1b,853.0,0.0,853.0,0.0,0
2008,3A2,28.0,0.0,28.0,0.0,0
2008,3A3,37.0,0.0,37.0,0.0,0
2008,3A4d,1.0,0.0,1.0,0.0,0
2008,3A4e,35.0,0.0,35.0,0.0,0
2008,3A4hii,109.0,0.0,109.0,0.0,0
2008,3A4hiv,7.0,0.0,7.0,0.0,0
2008,3B,838.0,0.0,838.0,0.0,0
2008,3B1,457.0,0.0,457.0,0.0,0
2008,3B1a,271.0,0.0,271.0,0.0,0
2008,3B1b,186.0,0.0,186.0,0.0,0
2008,3B2,9.0,0.0,9.0,0.0,0
2008,3B3,150.0,0.0,150.0,0.0,0
2008,3B4d,0.0,0.0,0.0,,0
2008,3B4e,14.0,0.0,14.0,0.0,0
2008,3B4g,9.0,0.0,9.0,0.0,0
2008,3B4hii,0.0,0.0,0.0,,0
2008,3B4hiv,106.0,0.0,106.0,0.0,0
2008,3B5,91.0,0.0,91.0,0.0,0
2008,3D,3166.0,0.0,3166.0,0.0,0
2008,3D1,2849.0,0.0,2849.0,0.0,0
2008,3D1a,1085.0,0.0,1085.0,0.0,0
2008,3D1b,183.0,0.0,183.0,0.0,0
2008,3D1c,30.0,0.0,30.0,0.0,0
2008,3D1d,207.0,0.0,207.0,0.0,0
2008,3D1e,34.0,0.0,34.0,0.0,0
2008,3D1f,1311.0,0.0,1311.0,0.0,0
2008,3D2,317.0,0.0,317.0,0.0,0
2008,3F,3.0,0.0,3.0,0.0,0
2008,3G,325.0,325.0,0.0,100.0,0
2008,3H,2.0,2.0,0.0,100.0,0
2008,4,-31920.0,-34819.0,2899.0,109.08208020050125,0
2008,4(i)A,45.0,0.0,45.0,0.0,0
2008,4(i)E,3.0,0.0,3.0,0.0,0
2008,4(ii)A,2478.0,0.0,2478.0,0.0,0
2008,4(ii)D,332.0,0.0,332.0,0.0,0
2008,4(ii)E,7.0,0.0,7.0,0.0,0
2008,4(iii)A,1.0,0.0,1.0,0.0,0
2008,4(iii)B,5.0,0.0,5.0,0.0,0
2008,4(iii)C,1.0,0.0,1.0,0.0,0
2008,4(iii)E,25.0,0.0,25.0,0.0,0
2008,4(iv)A,2.0,0.0,2.0,0.0,0
2008,4(iv)C,0.0,0.0,0.0,,0
2008,4A,-42478.0,-45003.0,2525.0,105.94425349592731,0
2008,4Ai1,-20886.0,-20886.0,0.0,100.0,0
2008,4Ai2,-23791.0,-23791.0,0.0,100.0,0
2008,4Aiv,-3928.0,-3928.0,0.0,100.0,0
2008,4Av,3602.0,3602.0,0.0,100.0,0
2008,4B,7280.0,7275.0,5.0,99.93131868131869,0
2008,4Bi,655.0,655.0,0.0,100.0,0
2008,4Biv,466.0,466.0,0.0,100.0,0
2008,4Bv,6154.0,6154.0,0.0,100.0,0
2008,4C,906.0,905.0,1.0,99.8896247240618,0
2008,4Ci,35.0,35.0,0.0,100.0,0
2008,4Civ,-20.0,-20.0,0.0,100.0,0
2008,4Cv,889.0,889.0,0.0,100.0,0
2008,4D,2412.0,2080.0,332.0,86.23548922056385,0
2008,4Di,193.0,193.0,0.0,100.0,0
2008,4Diii,4.0,4.0,0.0,100.0,0
2008,4Dv,1882.0,1882.0,0.0,100.0,0
2008,4E,1746.0,1710.0,36.0,97.9381443298969,0
2008,4Ei,1326.0,1326.0,0.0,100.0,0
2008,4Eiii,34.0,34.0,0.0,100.0,0
2008,4Eiv-v,351.0,351.0,0.0,100.0,0
2008,4G,-1785.0,-1785.0,0.0,100.0,0
2008,5,2951.0,0.0,2951.0,0.0,0
2008,5A,2546.0,0.0,2546.0,0.0,0
2008,5B,142.0,0.0,142.0,0.0,0
2008,5D,263.0,0.0,263.0,0.0,0
2008,INDCO2,78.0,78.0,0.0,100.0,0
2008,TOTAL_NO_LULUCF,71484.0,58701.0,12783.0,82.11767668289407,0
2008,TOTAL_WITH_LULUCF,39564.0,23883.0,15681.0,60.36548377312708,0
2009,1,52462.0,51592.0,870.0,98.34165681826846,0
2009,1A1,25454.0,25176.0,278.0,98.90783373929442,0
2009,1A2,8697.0,8574.0,123.0,98.58571921352191,0
2009,1A2(-1A2gvii),7493.0,7380.0,113.0,98.49192579741091,0
2009,1A2gvii,1204.0,1195.0,9.0,99.25249169435216,0
2009,1A3,12173.0,12076.0,97.0,99.20315452230346,0
2009,1A3a,238.0,236.0,2.0,99.15966386554622,0
2009,1A3b,11358.0,11270.0,88.0,99.22521570699067,0
2009,1A3bi,0.0,0.0,0.0,,0
2009,1A3bii,0.0,0.0,0.0,,0
2009,1A3biii,0.0,0.0,0.0,,0
2009,1A3biv,0.0,0.0,0.0,,0
2009,1A3c,93.0,92.0,1.0,98.9247311827957,0
2009,1A3d,485.0,477.0,8.0,98.35051546391752,0
2009,1A4,4899.0,4597.0,302.0,93.83547662788324,0
2009,1A4a,1247.0,1232.0,15.0,98.79711307137129,0
2009,1A4ai,905.0,894.0,11.0,98.78453038674033,0
2009,1A4aii,342.0,338.0,4.0,98.83040935672514,0
2009,1A4b,2101.0,1832.0,269.0,87.1965730604474,0
2009,1A4bi,1913.0,1650.0,263.0,86.25196027182436,0
2009,1A4bii,188.0,182.0,6.0,96.80851063829788,0
2009,1A4c,1551.0,1533.0,18.0,98.8394584139265,0
2009,1A4ci,591.0,581.0,10.0,98.30795262267344,0
2009,1A4cii,845.0,838.0,7.0,99.1715976331361,0
2009,1A4ciii,115.0,114.0,1.0,99.1304347826087,0
2009,1A5,1105.0,1095.0,10.0,99.09502262443439,0
2009,1B,134.0,75.0,59.0,55.970149253731336,0
2009,1D,2369.0,2351.0,18.0,99.24018573237653,0
2009,1D1a,1582.0,1570.0,12.0,99.24146649810368,0
2009,1D1b,788.0,781.0,7.0,99.11167512690355,0
2009,2,6065.0,3990.0,2075.0,65.78730420445177,0
2009,2A,910.0,910.0,0.0,100.0,0
2009,2B,1662.0,981.0,681.0,59.02527075812274,0
2009,2C,1969.0,1969.0,0.0,100.0,0
2009,2D,131.0,130.0,1.0,99.23664122137404,0
2009,2F,1338.0,0.0,1338.0,0.0,0
2009,2F1,1246.0,0.0,1246.0,0.0,0
2009,2F1a,822.0,0.0,822.0,0.0,0
2009,2F1b,3.0,0.0,3.0,0.0,0
2009,2F1c,53.0,0.0,53.0,0.0,0
2009,2F1d,15.0,0.0,15.0,0.0,0
2009,2F1e,251.0,0.0,251.0,0.0,0
2009,2F1f,101.0,0.0,101.0,0.0,0
2009,2F2,6.0,0.0,6.0,0.0,0
2009,2F4,86.0,0.0,86.0,0.0,0
2009,2G,36.0,0.0,36.0,0.0,0
2009,2H,20.0,0.0,20.0,0.0,0
2009,3,6350.0,340.0,6010.0,5.354330708661418,0
2009,3A,2176.0,0.0,2176.0,0.0,0
2009,3A1,1961.0,0.0,1961.0,0.0,0
2009,3A1a,1103.0,0.0,1103.0,0.0,0
2009,3A1b,858.0,0.0,858.0,0.0,0
2009,3A2,27.0,0.0,27.0,0.0,0
2009,3A3,36.0,0.0,36.0,0.0,0
2009,3A4d,1.0,0.0,1.0,0.0,0
2009,3A4e,36.0,0.0,36.0,0.0,0
2009,3A4hii,107.0,0.0,107.0,0.0,0
2009,3A4hiv,7.0,0.0,7.0,0.0,0
2009,3B,857.0,0.0,857.0,0.0,0
2009,3B1,479.0,0.0,479.0,0.0,0
2009,3B1a,286.0,0.0,286.0,0.0,0
2009,3B1b,193.0,0.0,193.0,0.0,0
2009,3B2,9.0,0.0,9.0,0.0,0
2009,3B3,156.0,0.0,156.0,0.0,0
2009,3B4d,0.0,0.0,0.0,,0
2009,3B4e,15.0,0.0,15.0,0.0,0
2009,3B4g,8.0,0.0,8.0,0.0,0
2009,3B4hii,0.0,0.0,0.0,,0
2009,3B4hiv,99.0,0.0,99.0,0.0,0
2009,3B5,90.0,0.0,90.0,0.0,0
2009,3D,2974.0,0.0,2974.0,0.0,0
2009,3D1,2680.0,0.0,2680.0,0.0,0
2009,3D1a,906.0,0.0,906.0,0.0,0
2009,3D1b,183.0,0.0,183.0,0.0,0
2009,3D1c,29.0,0.0,29.0,0.0,0
2009,3D1d,214.0,0.0,214.0,0.0,0
2009,3D1e,25.0,0.0,25.0,0.0,0
2009,3D1f,1322.0,0.0,1322.0,0.0,0
2009,3D2,294.0,0.0,294.0,0.0,0
2009,3F,3.0,0.0,3.0,0.0,0
2009,3G,338.0,338.0,0.0,100.0,0
2009,3H,1.0,1.0,0.0,100.0,0
2009,4,-43027.0,-45837.0,2810.0,106.53078299672299,0
2009,4(i)A,32.0,0.0,32.0,0.0,0
2009,4(i)E,3.0,0.0,3.0,0.0,0
2009,4(ii)A,2399.0,0.0,2399.0,0.0,0
2009,4(ii)D,335.0,0.0,335.0,0.0,0
2009,4(ii)E,7.0,0.0,7.0,0.0,0
2009,4(iii)A,1.0,0.0,1.0,0.0,0
2009,4(iii)B,5.0,0.0,5.0,0.0,0
2009,4(iii)C,1.0,0.0,1.0,0.0,0
2009,4(iii)E,26.0,0.0,26.0,0.0,0
2009,4(iv)A,2.0,0.0,2.0,0.0,0
2009,4(iv)C,0.0,0.0,0.0,,0
2009,4A,-57188.0,-59621.0,2433.0,104.25438903266419,0
2009,4Ai1,-34341.0,-34341.0,0.0,100.0,0
2009,4Ai2,-26205.0,-26205.0,0.0,100.0,0
2009,4Aiv,-3753.0,-3753.0,0.0,100.0,0
2009,4Av,4677.0,4677.0,0.0,100.0,0
2009,4B,7412.0,7407.0,5.0,99.93254182406908,0
2009,4Bi,829.0,829.0,0.0,100.0,0
2009,4Biv,361.0,361.0,0.0,100.0,0
2009,4Bv,6217.0,6217.0,0.0,100.0,0
2009,4C,856.0,854.0,2.0,99.76635514018692,0
2009,4Ci,-15.0,-15.0,0.0,100.0,0
2009,4Civ,-19.0,-19.0,0.0,100.0,0
2009,4Cv,889.0,889.0,0.0,100.0,0
2009,4D,2541.0,2205.0,336.0,86.77685950413223,0
2009,4Di,229.0,229.0,0.0,100.0,0
2009,4Diii,4.0,4.0,0.0,100.0,0
2009,4Dv,1972.0,1972.0,0.0,100.0,0
2009,4E,1708.0,1672.0,36.0,97.89227166276346,0
2009,4Ei,1286.0,1286.0,0.0,100.0,0
2009,4Eiii,30.0,30.0,0.0,100.0,0
2009,4Eiv-v,356.0,356.0,0.0,100.0,0
2009,4G,1646.0,1646.0,0.0,100.0,0
2009,5,2837.0,0.0,2837.0,0.0,0
2009,5A,2442.0,0.0,2442.0,0.0,0
2009,5B,143.0,0.0,143.0,0.0,0
2009,5D,252.0,0.0,252.0,0.0,0
2009,INDCO2,69.0,69.0,0.0,100.0,0
2009,TOTAL_NO_LULUCF,67783.0,55990.0,11793.0,82.6018323178378,0
2009,TOTAL_WITH_LULUCF,24757.0,10153.0,14604.0,41.01062325806842,0
2010,1,60073.0,59101.0,972.0,98.38196860486408,0
2010,1A1,30824.0,30482.0,342.0,98.89047495458084,0
2010,1A2,9999.0,9861.0,138.0,98.61986198619861,0
2010,1A2(-1A2gvii),8837.0,8707.0,130.0,98.52891252687563,0
2010,1A2gvii,1162.0,1154.0,8.0,99.31153184165233,0
2010,1A3,12668.0,12571.0,97.0,99.23429112724976,0
2010,1A3a,229.0,228.0,1.0,99.56331877729258,0
2010,1A3b,11806.0,11719.0,87.0,99.26308656615281,0
2010,1A3bi,0.0,0.0,0.0,,0
2010,1A3bii,0.0,0.0,0.0,,0
2010,1A3biii,0.0,0.0,0.0,,0
2010,1A3biv,0.0,0.0,0.0,,0
2010,1A3c,96.0,96.0,0.0,100.0,0
2010,1A3d,537.0,529.0,8.0,98.51024208566108,0
2010,1A4,5227.0,4895.0,332.0,93.64836426248327,0
2010,1A4a,1358.0,1342.0,16.0,98.8217967599411,0
2010,1A4ai,990.0,978.0,12.0,98.7878787878788,0
2010,1A4aii,368.0,364.0,4.0,98.91304347826086,0
2010,1A4b,2278.0,1982.0,296.0,87.00614574187884,0
2010,1A4bi,2085.0,1795.0,290.0,86.09112709832134,0
2010,1A4bii,193.0,186.0,7.0,96.37305699481865,0
2010,1A4c,1591.0,1572.0,19.0,98.80578252671276,0
2010,1A4ci,638.0,626.0,12.0,98.11912225705329,0
2010,1A4cii,842.0,835.0,7.0,99.1686460807601,0
2010,1A4ciii,112.0,111.0,1.0,99.10714285714286,0
2010,1A5,1207.0,1196.0,11.0,99.08864954432477,0
2010,1B,147.0,96.0,51.0,65.3061224489796,0
2010,1D,2327.0,2309.0,18.0,99.22647185217018,0
2010,1D1a,1666.0,1654.0,12.0,99.2797118847539,0
2010,1D1b,661.0,655.0,6.0,99.09228441754917,0
2010,2,6232.0,4712.0,1520.0,75.60975609756098,0
2010,2A,1168.0,1168.0,0.0,100.0,0
2010,2B,1136.0,991.0,145.0,87.23591549295774,0
2010,2C,2439.0,2439.0,0.0,100.0,0
2010,2D,115.0,114.0,1.0,99.1304347826087,0
2010,2F,1319.0,0.0,1319.0,0.0,0
2010,2F1,1236.0,0.0,1236.0,0.0,0
2010,2F1a,812.0,0.0,812.0,0.0,0
2010,2F1b,3.0,0.0,3.0,0.0,0
2010,2F1c,51.0,0.0,51.0,0.0,0
2010,2F1d,15.0,0.0,15.0,0.0,0
2010,2F1e,249.0,0.0,249.0,0.0,0
2010,2F1f,105.0,0.0,105.0,0.0,0
2010,2F2,12.0,0.0,12.0,0.0,0
2010,2F4,70.0,0.0,70.0,0.0,0
2010,2G,39.0,0.0,39.0,0.0,0
2010,2H,16.0,0.0,16.0,0.0,0
2010,3,6582.0,279.0,6303.0,4.238833181403829,0
2010,3A,2216.0,0.0,2216.0,0.0,0
2010,3A1,1999.0,0.0,1999.0,0.0,0
2010,3A1a,1115.0,0.0,1115.0,0.0,0
2010,3A1b,884.0,0.0,884.0,0.0,0
2010,3A2,29.0,0.0,29.0,0.0,0
2010,3A3,35.0,0.0,35.0,0.0,0
2010,3A4d,1.0,0.0,1.0,0.0,0
2010,3A4e,37.0,0.0,37.0,0.0,0
2010,3A4hii,108.0,0.0,108.0,0.0,0
2010,3A4hiv,7.0,0.0,7.0,0.0,0
2010,3B,938.0,0.0,938.0,0.0,0
2010,3B1,535.0,0.0,535.0,0.0,0
2010,3B1a,324.0,0.0,324.0,0.0,0
2010,3B1b,211.0,0.0,211.0,0.0,0
2010,3B2,9.0,0.0,9.0,0.0,0
2010,3B3,177.0,0.0,177.0,0.0,0
2010,3B4d,0.0,0.0,0.0,,0
2010,3B4e,17.0,0.0,17.0,0.0,0
2010,3B4g,9.0,0.0,9.0,0.0,0
2010,3B4hii,0.0,0.0,0.0,,0
2010,3B4hiv,100.0,0.0,100.0,0.0,0
2010,3B5,91.0,0.0,91.0,0.0,0
2010,3D,3147.0,0.0,3147.0,0.0,0
2010,3D1,2833.0,0.0,2833.0,0.0,0
2010,3D1a,1043.0,0.0,1043.0,0.0,0
2010,3D1b,184.0,0.0,184.0,0.0,0
2010,3D1c,29.0,0.0,29.0,0.0,0
2010,3D1d,207.0,0.0,207.0,0.0,0
2010,3D1e,51.0,0.0,51.0,0.0,0
2010,3D1f,1318.0,0.0,1318.0,0.0,0
2010,3D2,313.0,0.0,313.0,0.0,0
2010,3F,2.0,0.0,2.0,0.0,0
2010,3G,277.0,277.0,0.0,100.0,0
2010,3H,2.0,2.0,0.0,100.0,0
2010,4,-31125.0,-33857.0,2732.0,108.77751004016065,0
2010,4(i)A,29.0,0.0,29.0,0.0,0
2010,4(i)E,3.0,0.0,3.0,0.0,0
2010,4(ii)A,2321.0,0.0,2321.0,0.0,0
2010,4(ii)D,338.0,0.0,338.0,0.0,0
2010,4(ii)E,6.0,0.0,6.0,0.0,0
2010,4(iii)A,1.0,0.0,1.0,0.0,0
2010,4(iii)B,5.0,0.0,5.0,0.0,0
2010,4(iii)C,1.0,0.0,1.0,0.0,0
2010,4(iii)E,27.0,0.0,27.0,0.0,0
2010,4(iv)A,1.0,0.0,1.0,0.0,0
2010,4(iv)C,0.0,0.0,0.0,,0
2010,4A,-41953.0,-44305.0,2352.0,105.60627368722142,0
2010,4Ai1,-22032.0,-22032.0,0.0,100.0,0
2010,4Ai2,-23065.0,-23065.0,0.0,100.0,0
2010,4Aiv,-2835.0,-2835.0,0.0,100.0,0
2010,4Av,3626.0,3626.0,0.0,100.0,0
2010,4B,7873.0,7868.0,5.0,99.93649180744316,0
2010,4Bi,935.0,935.0,0.0,100.0,0
2010,4Biv,715.0,715.0,0.0,100.0,0
2010,4Bv,6217.0,6217.0,0.0,100.0,0
2010,4C,820.0,819.0,1.0,99.8780487804878,0
2010,4Ci,-47.0,-47.0,0.0,100.0,0
2010,4Civ,-20.0,-20.0,0.0,100.0,0
2010,4Cv,885.0,885.0,0.0,100.0,0
2010,4D,2526.0,2188.0,338.0,86.61916072842438,0
2010,4Di,212.0,212.0,0.0,100.0,0
2010,4Diii,3.0,3.0,0.0,100.0,0
2010,4Dv,1973.0,1973.0,0.0,100.0,0
2010,4E,1805.0,1769.0,36.0,98.00554016620498,0
2010,4Ei,1375.0,1375.0,0.0,100.0,0
2010,4Eiii,30.0,30.0,0.0,100.0,0
2010,4Eiv-v,363.0,363.0,0.0,100.0,0
2010,4G,-2195.0,-2195.0,0.0,100.0,0
2010,5,2837.0,0.0,2837.0,0.0,0
2010,5A,2429.0,0.0,2429.0,0.0,0
2010,5B,148.0,0.0,148.0,0.0,0
2010,5D,260.0,0.0,260.0,0.0,0
2010,INDCO2,67.0,67.0,0.0,100.0,0
2010,TOTAL_NO_LULUCF,75791.0,64158.0,11633.0,84.6512118853162,0
2010,TOTAL_WITH_LULUCF,44667.0,30301.0,14366.0,67.83755345109364,0
2011,1,52593.0,51705.0,888.0,98.31156237522104,0
2011,1A1,24780.0,24466.0,314.0,98.73284907183212,0
2011,1A2,9599.0,9461.0,138.0,98.56235024481717,0
2011,1A2(-1A2gvii),8536.0,8407.0,129.0,98.4887535145267,0
2011,1A2gvii,1062.0,1055.0,7.0,99.34086629001884,0
2011,1A3,12490.0,12396.0,94.0,99.24739791833467,0
2011,1A3a,256.0,254.0,2.0,99.21875,0
2011,1A3b,11624.0,11539.0,85.0,99.26875430144528,0
2011,1A3bi,0.0,0.0,0.0,,0
2011,1A3bii,0.0,0.0,0.0,,0
2011,1A3biii,0.0,0.0,0.0,,0
2011,1A3biv,0.0,0.0,0.0,,0
2011,1A3c,99.0,99.0,0.0,100.0,0
2011,1A3d,511.0,504.0,7.0,98.63013698630137,0
2011,1A4,4555.0,4269.0,286.0,93.7211855104281,0
2011,1A4a,1244.0,1229.0,15.0,98.79421221864952,0
2011,1A4ai,873.0,863.0,10.0,98.85452462772051,0
2011,1A4aii,371.0,367.0,4.0,98.92183288409704,0
2011,1A4b,1794.0,1542.0,252.0,85.95317725752508,0
2011,1A4bi,1595.0,1350.0,245.0,84.63949843260188,0
2011,1A4bii,199.0,192.0,7.0,96.4824120603015,0
2011,1A4c,1517.0,1498.0,19.0,98.74752801582069,0
2011,1A4ci,581.0,570.0,11.0,98.10671256454388,0
2011,1A4cii,826.0,819.0,7.0,99.15254237288136,0
2011,1A4ciii,109.0,108.0,1.0,99.08256880733946,0
2011,1A5,1036.0,1026.0,10.0,99.03474903474904,0
2011,1B,132.0,88.0,44.0,66.66666666666666,0
2011,1D,2587.0,2567.0,20.0,99.22690374951682,0
2011,1D1a,1971.0,1957.0,14.0,99.28970065956368,0
2011,1D1b,615.0,610.0,5.0,99.1869918699187,0
2011,2,6214.0,4740.0,1474.0,76.27936916639845,0
2011,2A,1257.0,1257.0,0.0,100.0,0
2011,2B,1104.0,987.0,117.0,89.40217391304348,0
2011,2C,2383.0,2383.0,0.0,100.0,0
2011,2D,113.0,112.0,1.0,99.11504424778761,0
2011,2F,1301.0,0.0,1301.0,0.0,0
2011,2F1,1240.0,0.0,1240.0,0.0,0
2011,2F1a,809.0,0.0,809.0,0.0,0
2011,2F1b,3.0,0.0,3.0,0.0,0
2011,2F1c,55.0,0.0,55.0,0.0,0
2011,2F1d,15.0,0.0,15.0,0.0,0
2011,2F1e,249.0,0.0,249.0,0.0,0
2011,2F1f,108.0,0.0,108.0,0.0,0
2011,2F2,15.0,0.0,15.0,0.0,0
2011,2F4,46.0,0.0,46.0,0.0,0
2011,2G,38.0,0.0,38.0,0.0,0
2011,2H,17.0,0.0,17.0,0.0,0
2011,3,6416.0,202.0,6214.0,3.148379052369078,0
2011,3A,2194.0,0.0,2194.0,0.0,0
2011,3A1,1975.0,0.0,1975.0,0.0,0
2011,3A1a,1100.0,0.0,1100.0,0.0,0
2011,3A1b,874.0,0.0,874.0,0.0,0
2011,3A2,30.0,0.0,30.0,0.0,0
2011,3A3,34.0,0.0,34.0,0.0,0
2011,3A4d,1.0,0.0,1.0,0.0,0
2011,3A4e,38.0,0.0,38.0,0.0,0
2011,3A4hii,109.0,0.0,109.0,0.0,0
2011,3A4hiv,7.0,0.0,7.0,0.0,0
2011,3B,939.0,0.0,939.0,0.0,0
2011,3B1,536.0,0.0,536.0,0.0,0
2011,3B1a,325.0,0.0,325.0,0.0,0
2011,3B1b,210.0,0.0,210.0,0.0,0
2011,3B2,8.0,0.0,8.0,0.0,0
2011,3B3,174.0,0.0,174.0,0.0,0
2011,3B4d,0.0,0.0,0.0,,0
2011,3B4e,18.0,0.0,18.0,0.0,0
2011,3B4g,9.0,0.0,9.0,0.0,0
2011,3B4hii,0.0,0.0,0.0,,0
2011,3B4hiv,101.0,0.0,101.0,0.0,0
2011,3B5,92.0,0.0,92.0,0.0,0
2011,3D,3078.0,0.0,3078.0,0.0,0
2011,3D1,2774.0,0.0,2774.0,0.0,0
2011,3D1a,974.0,0.0,974.0,0.0,0
2011,3D1b,184.0,0.0,184.0,0.0,0
2011,3D1c,29.0,0.0,29.0,0.0,0
2011,3D1d,215.0,0.0,215.0,0.0,0
2011,3D1e,43.0,0.0,43.0,0.0,0
2011,3D1f,1330.0,0.0,1330.0,0.0,0
2011,3D2,304.0,0.0,304.0,0.0,0
2011,3F,2.0,0.0,2.0,0.0,0
2011,3G,200.0,200.0,0.0,100.0,0
2011,3H,3.0,3.0,0.0,100.0,0
2011,4,-30484.0,-33142.0,2658.0,108.71932817215588,0
2011,4(i)A,27.0,0.0,27.0,0.0,0
2011,4(i)E,3.0,0.0,3.0,0.0,0
2011,4(ii)A,2245.0,0.0,2245.0,0.0,0
2011,4(ii)D,340.0,0.0,340.0,0.0,0
2011,4(ii)E,5.0,0.0,5.0,0.0,0
2011,4(iii)A,1.0,0.0,1.0,0.0,0
2011,4(iii)B,5.0,0.0,5.0,0.0,0
2011,4(iii)C,1.0,0.0,1.0,0.0,0
2011,4(iii)E,28.0,0.0,28.0,0.0,0
2011,4(iv)A,2.0,0.0,2.0,0.0,0
2011,4(iv)C,0.0,0.0,0.0,,0
2011,4A,-41251.0,-43526.0,2275.0,105.51501781774988,0
2011,4Ai1,-22405.0,-22405.0,0.0,100.0,0
2011,4Ai2,-22070.0,-22070.0,0.0,100.0,0
2011,4Aiv,-3269.0,-3269.0,0.0,100.0,0
2011,4Av,4219.0,4219.0,0.0,100.0,0
2011,4B,7832.0,7826.0,6.0,99.92339121552605,0
2011,4Bi,925.0,925.0,0.0,100.0,0
2011,4Biv,619.0,619.0,0.0,100.0,0
2011,4Bv,6283.0,6283.0,0.0,100.0,0
2011,4C,775.0,774.0,1.0,99.87096774193547,0
2011,4Ci,-87.0,-87.0,0.0,100.0,0
2011,4Civ,-21.0,-21.0,0.0,100.0,0
2011,4Cv,881.0,881.0,0.0,100.0,0
2011,4D,2457.0,2117.0,340.0,86.16198616198616,0
2011,4Di,207.0,207.0,0.0,100.0,0
2011,4Diii,3.0,3.0,0.0,100.0,0
2011,4Dv,1907.0,1907.0,0.0,100.0,0
2011,4E,1874.0,1838.0,36.0,98.07897545357524,0
2011,4Ei,1441.0,1441.0,0.0,100.0,0
2011,4Eiii,30.0,30.0,0.0,100.0,0
2011,4Eiv-v,368.0,368.0,0.0,100.0,0
2011,4G,-2171.0,-2171.0,0.0,100.0,0
2011,5,2738.0,0.0,2738.0,0.0,0
2011,5A,2324.0,0.0,2324.0,0.0,0
2011,5B,150.0,0.0,150.0,0.0,0
2011,5D,264.0,0.0,264.0,0.0,0
2011,INDCO2,66.0,66.0,0.0,100.0,0
2011,TOTAL_NO_LULUCF,68027.0,56713.0,11314.0,83.36836844194218,0
2011,TOTAL_WITH_LULUCF,37543.0,23571.0,13972.0,62.78400767120369,0
2012,1,47324.0,46438.0,886.0,98.12779984785732,0
2012,1A1,20711.0,20421.0,290.0,98.59977789580417,0
2012,1A2,8380.0,8243.0,137.0,98.36515513126491,0
2012,1A2(-1A2gvii),7231.0,7101.0,130.0,98.20218503664778,0
2012,1A2gvii,1150.0,1141.0,9.0,99.21739130434783,0
2012,1A3,12183.0,12092.0,91.0,99.25305753919396,0
2012,1A3a,213.0,211.0,2.0,99.06103286384976,0
2012,1A3b,11385.0,11303.0,82.0,99.27975406236276,0
2012,1A3bi,0.0,0.0,0.0,,0
2012,1A3bii,0.0,0.0,0.0,,0
2012,1A3biii,0.0,0.0,0.0,,0
2012,1A3biv,0.0,0.0,0.0,,0
2012,1A3c,99.0,99.0,0.0,100.0,0
2012,1A3d,486.0,479.0,7.0,98.559670781893,0
2012,1A4,4844.0,4533.0,311.0,93.57968620974401,0
2012,1A4a,1340.0,1324.0,16.0,98.80597014925372,0
2012,1A4ai,959.0,947.0,12.0,98.74869655891554,0
2012,1A4aii,381.0,377.0,4.0,98.9501312335958,0
2012,1A4b,1914.0,1639.0,275.0,85.63218390804597,0
2012,1A4bi,1706.0,1438.0,268.0,84.29073856975381,0
2012,1A4bii,208.0,201.0,7.0,96.63461538461539,0
2012,1A4c,1590.0,1570.0,20.0,98.74213836477988,0
2012,1A4ci,596.0,584.0,12.0,97.98657718120806,0
2012,1A4cii,882.0,875.0,7.0,99.20634920634922,0
2012,1A4ciii,112.0,111.0,1.0,99.10714285714286,0
2012,1A5,1058.0,1048.0,10.0,99.05482041587902,0
2012,1B,148.0,102.0,46.0,68.91891891891892,0
2012,1D,2254.0,2237.0,17.0,99.24578527063,0
2012,1D1a,1903.0,1889.0,14.0,99.26431949553337,0
2012,1D1b,351.0,348.0,3.0,99.14529914529915,0
2012,2,6021.0,4513.0,1508.0,74.95432652383325,0
2012,2A,1121.0,1121.0,0.0,100.0,0
2012,2B,1128.0,985.0,143.0,87.322695035461,0
2012,2C,2291.0,2291.0,0.0,100.0,0
2012,2D,117.0,116.0,1.0,99.14529914529915,0
2012,2F,1309.0,0.0,1309.0,0.0,0
2012,2F1,1236.0,0.0,1236.0,0.0,0
2012,2F1a,807.0,0.0,807.0,0.0,0
2012,2F1b,3.0,0.0,3.0,0.0,0
2012,2F1c,58.0,0.0,58.0,0.0,0
2012,2F1d,16.0,0.0,16.0,0.0,0
2012,2F1e,243.0,0.0,243.0,0.0,0
2012,2F1f,109.0,0.0,109.0,0.0,0
2012,2F2,17.0,0.0,17.0,0.0,0
2012,2F4,57.0,0.0,57.0,0.0,0
2012,2G,37.0,0.0,37.0,0.0,0
2012,2H,17.0,0.0,17.0,0.0,0
2012,3,6323.0,203.0,6120.0,3.2105013442985926,0
2012,3A,2186.0,0.0,2186.0,0.0,0
2012,3A1,1969.0,0.0,1969.0,0.0,0
2012,3A1a,1101.0,0.0,1101.0,0.0,0
2012,3A1b,868.0,0.0,868.0,0.0,0
2012,3A2,30.0,0.0,30.0,0.0,0
2012,3A3,34.0,0.0,34.0,0.0,0
2012,3A4d,1.0,0.0,1.0,0.0,0
2012,3A4e,38.0,0.0,38.0,0.0,0
2012,3A4hii,107.0,0.0,107.0,0.0,0
2012,3A4hiv,8.0,0.0,8.0,0.0,0
2012,3B,883.0,0.0,883.0,0.0,0
2012,3B1,492.0,0.0,492.0,0.0,0
2012,3B1a,293.0,0.0,293.0,0.0,0
2012,3B1b,199.0,0.0,199.0,0.0,0
2012,3B2,8.0,0.0,8.0,0.0,0
2012,3B3,149.0,0.0,149.0,0.0,0
2012,3B4d,0.0,0.0,0.0,,0
2012,3B4e,18.0,0.0,18.0,0.0,0
2012,3B4g,10.0,0.0,10.0,0.0,0
2012,3B4hii,0.0,0.0,0.0,,0
2012,3B4hiv,113.0,0.0,113.0,0.0,0
2012,3B5,93.0,0.0,93.0,0.0,0
2012,3D,3048.0,0.0,3048.0,0.0,0
2012,3D1,2751.0,0.0,2751.0,0.0,0
2012,3D1a,925.0,0.0,925.0,0.0,0
2012,3D1b,184.0,0.0,184.0,0.0,0
2012,3D1c,28.0,0.0,28.0,0.0,0
2012,3D1d,210.0,0.0,210.0,0.0,0
2012,3D1e,58.0,0.0,58.0,0.0,0
2012,3D1f,1345.0,0.0,1345.0,0.0,0
2012,3D2,297.0,0.0,297.0,0.0,0
2012,3F,2.0,0.0,2.0,0.0,0
2012,3G,202.0,202.0,0.0,100.0,0
2012,3H,2.0,2.0,0.0,100.0,0
2012,4,-32184.0,-34781.0,2597.0,108.06922694506586,0
2012,4(i)A,19.0,0.0,19.0,0.0,0
2012,4(i)E,3.0,0.0,3.0,0.0,0
2012,4(ii)A,2191.0,0.0,2191.0,0.0,0
2012,4(ii)D,341.0,0.0,341.0,0.0,0
2012,4(ii)E,5.0,0.0,5.0,0.0,0
2012,4(iii)A,1.0,0.0,1.0,0.0,0
2012,4(iii)B,6.0,0.0,6.0,0.0,0
2012,4(iii)C,1.0,0.0,1.0,0.0,0
2012,4(iii)E,28.0,0.0,28.0,0.0,0
2012,4(iv)A,1.0,0.0,1.0,0.0,0
2012,4(iv)C,0.0,0.0,0.0,,0
2012,4A,-43490.0,-45702.0,2212.0,105.08622671878594,0
2012,4Ai1,-24239.0,-24239.0,0.0,100.0,0
2012,4Ai2,-21633.0,-21633.0,0.0,100.0,0
2012,4Aiv,-4579.0,-4579.0,0.0,100.0,0
2012,4Av,4750.0,4750.0,0.0,100.0,0
2012,4B,8143.0,8137.0,6.0,99.92631708215646,0
2012,4Bi,972.0,972.0,0.0,100.0,0
2012,4Biv,799.0,799.0,0.0,100.0,0
2012,4Bv,6367.0,6367.0,0.0,100.0,0
2012,4C,776.0,775.0,1.0,99.87113402061856,0
2012,4Ci,-86.0,-86.0,0.0,100.0,0
2012,4Civ,-22.0,-22.0,0.0,100.0,0
2012,4Cv,883.0,883.0,0.0,100.0,0
2012,4D,2311.0,1969.0,342.0,85.20121159671137,0
2012,4Di,156.0,156.0,0.0,100.0,0
2012,4Diii,2.0,2.0,0.0,100.0,0
2012,4Dv,1810.0,1810.0,0.0,100.0,0
2012,4E,1751.0,1714.0,37.0,97.88692175899486,0
2012,4Ei,1311.0,1311.0,0.0,100.0,0
2012,4Eiii,28.0,28.0,0.0,100.0,0
2012,4Eiv-v,375.0,375.0,0.0,100.0,0
2012,4G,-1675.0,-1675.0,0.0,100.0,0
2012,5,2675.0,0.0,2675.0,0.0,0
2012,5A,2278.0,0.0,2278.0,0.0,0
2012,5B,131.0,0.0,131.0,0.0,0
2012,5D,265.0,0.0,265.0,0.0,0
2012,INDCO2,61.0,61.0,0.0,100.0,0
2012,TOTAL_NO_LULUCF,62404.0,51215.0,11189.0,82.07005961156337,0
2012,TOTAL_WITH_LULUCF,30220.0,16433.0,13787.0,54.37789543348776,0
2013,1,47950.0,47081.0,869.0,98.18769551616266,0
2013,1A1,22040.0,21748.0,292.0,98.67513611615244,0
2013,1A2,8353.0,8213.0,140.0,98.32395546510236,0
2013,1A2(-1A2gvii),7237.0,7105.0,132.0,98.17603979549537,0
2013,1A2gvii,1116.0,1108.0,8.0,99.2831541218638,0
2013,1A3,11962.0,11871.0,91.0,99.23925764922254,0
2013,1A3a,182.0,180.0,2.0,98.9010989010989,0
2013,1A3b,11209.0,11128.0,81.0,99.27736640199839,0
2013,1A3bi,0.0,0.0,0.0,,0
2013,1A3bii,0.0,0.0,0.0,,0
2013,1A3biii,0.0,0.0,0.0,,0
2013,1A3biv,0.0,0.0,0.0,,0
2013,1A3c,92.0,92.0,0.0,100.0,0
2013,1A3d,478.0,471.0,7.0,98.5355648535565,0
2013,1A4,4450.0,4158.0,292.0,93.43820224719101,0
2013,1A4a,1237.0,1223.0,14.0,98.86822958771221,0
2013,1A4ai,864.0,853.0,11.0,98.72685185185185,0
2013,1A4aii,374.0,370.0,4.0,98.93048128342245,0
2013,1A4b,1696.0,1438.0,258.0,84.7877358490566,0
2013,1A4bi,1487.0,1236.0,251.0,83.12037659717552,0
2013,1A4bii,209.0,202.0,7.0,96.65071770334929,0
2013,1A4c,1517.0,1497.0,20.0,98.681608437706,0
2013,1A4ci,523.0,512.0,11.0,97.89674952198853,0
2013,1A4cii,876.0,868.0,8.0,99.08675799086758,0
2013,1A4ciii,118.0,117.0,1.0,99.15254237288136,0
2013,1A5,1021.0,1011.0,10.0,99.0205680705191,0
2013,1B,124.0,79.0,45.0,63.70967741935484,0
2013,1D,2335.0,2318.0,17.0,99.27194860813704,0
2013,1D1a,1964.0,1949.0,15.0,99.23625254582484,0
2013,1D1b,372.0,368.0,4.0,98.9247311827957,0
2013,2,5865.0,4323.0,1542.0,73.70843989769821,0
2013,2A,1062.0,1062.0,0.0,100.0,0
2013,2B,1230.0,1041.0,189.0,84.6341463414634,0
2013,2C,2095.0,2095.0,0.0,100.0,0
2013,2D,127.0,126.0,1.0,99.21259842519686,0
2013,2F,1290.0,0.0,1290.0,0.0,0
2013,2F1,1210.0,0.0,1210.0,0.0,0
2013,2F1a,801.0,0.0,801.0,0.0,0
2013,2F1b,2.0,0.0,2.0,0.0,0
2013,2F1c,59.0,0.0,59.0,0.0,0
2013,2F1d,15.0,0.0,15.0,0.0,0
2013,2F1e,227.0,0.0,227.0,0.0,0
2013,2F1f,105.0,0.0,105.0,0.0,0
2013,2F2,10.0,0.0,10.0,0.0,0
2013,2F4,70.0,0.0,70.0,0.0,0
2013,2G,35.0,0.0,35.0,0.0,0
2013,2H,27.0,0.0,27.0,0.0,0
2013,3,6517.0,315.0,6202.0,4.833512352309345,0
2013,3A,2209.0,0.0,2209.0,0.0,0
2013,3A1,1991.0,0.0,1991.0,0.0,0
2013,3A1a,1120.0,0.0,1120.0,0.0,0
2013,3A1b,870.0,0.0,870.0,0.0,0
2013,3A2,31.0,0.0,31.0,0.0,0
2013,3A3,33.0,0.0,33.0,0.0,0
2013,3A4d,1.0,0.0,1.0,0.0,0
2013,3A4e,38.0,0.0,38.0,0.0,0
2013,3A4hii,107.0,0.0,107.0,0.0,0
2013,3A4hiv,8.0,0.0,8.0,0.0,0
2013,3B,934.0,0.0,934.0,0.0,0
2013,3B1,527.0,0.0,527.0,0.0,0
2013,3B1a,321.0,0.0,321.0,0.0,0
2013,3B1b,206.0,0.0,206.0,0.0,0
2013,3B2,9.0,0.0,9.0,0.0,0
2013,3B3,156.0,0.0,156.0,0.0,0
2013,3B4d,0.0,0.0,0.0,,0
2013,3B4e,18.0,0.0,18.0,0.0,0
2013,3B4g,11.0,0.0,11.0,0.0,0
2013,3B4hii,0.0,0.0,0.0,,0
2013,3B4hiv,118.0,0.0,118.0,0.0,0
2013,3B5,94.0,0.0,94.0,0.0,0
2013,3D,3056.0,0.0,3056.0,0.0,0
2013,3D1,2759.0,0.0,2759.0,0.0,0
2013,3D1a,920.0,0.0,920.0,0.0,0
2013,3D1b,189.0,0.0,189.0,0.0,0
2013,3D1c,28.0,0.0,28.0,0.0,0
2013,3D1d,214.0,0.0,214.0,0.0,0
2013,3D1e,49.0,0.0,49.0,0.0,0
2013,3D1f,1358.0,0.0,1358.0,0.0,0
2013,3D2,297.0,0.0,297.0,0.0,0
2013,3F,3.0,0.0,3.0,0.0,0
2013,3G,314.0,314.0,0.0,100.0,0
2013,3H,1.0,1.0,0.0,100.0,0
2013,4,-25145.0,-27694.0,2549.0,110.13720421554981,0
2013,4(i)A,22.0,0.0,22.0,0.0,0
2013,4(i)E,3.0,0.0,3.0,0.0,0
2013,4(ii)A,2139.0,0.0,2139.0,0.0,0
2013,4(ii)D,343.0,0.0,343.0,0.0,0
2013,4(ii)E,5.0,0.0,5.0,0.0,0
2013,4(iii)A,1.0,0.0,1.0,0.0,0
2013,4(iii)B,6.0,0.0,6.0,0.0,0
2013,4(iii)C,1.0,0.0,1.0,0.0,0
2013,4(iii)E,29.0,0.0,29.0,0.0,0
2013,4(iv)A,1.0,0.0,1.0,0.0,0
2013,4(iv)C,0.0,0.0,0.0,,0
2013,4A,-35818.0,-37981.0,2163.0,106.03886314143726,0
2013,4Ai1,-18550.0,-18550.0,0.0,100.0,0
2013,4Ai2,-19431.0,-19431.0,0.0,100.0,0
2013,4Aiv,-4494.0,-4494.0,0.0,100.0,0
2013,4Av,4495.0,4495.0,0.0,100.0,0
2013,4B,8067.0,8061.0,6.0,99.92562290814429,0
2013,4Bi,925.0,925.0,0.0,100.0,0
2013,4Biv,698.0,698.0,0.0,100.0,0
2013,4Bv,6438.0,6438.0,0.0,100.0,0
2013,4C,780.0,779.0,1.0,99.87179487179488,0
2013,4Ci,-80.0,-80.0,0.0,100.0,0
2013,4Civ,-22.0,-22.0,0.0,100.0,0
2013,4Cv,881.0,881.0,0.0,100.0,0
2013,4D,2527.0,2184.0,343.0,86.42659279778393,0
2013,4Di,164.0,164.0,0.0,100.0,0
2013,4Diii,2.0,2.0,0.0,100.0,0
2013,4Dv,2018.0,2018.0,0.0,100.0,0
2013,4E,1667.0,1629.0,38.0,97.72045590881824,0
2013,4Ei,1224.0,1224.0,0.0,100.0,0
2013,4Eiii,26.0,26.0,0.0,100.0,0
2013,4Eiv-v,380.0,380.0,0.0,100.0,0
2013,4G,-2367.0,-2367.0,0.0,100.0,0
2013,5,2536.0,0.0,2536.0,0.0,0
2013,5A,2144.0,0.0,2144.0,0.0,0
2013,5B,134.0,0.0,134.0,0.0,0
2013,5D,258.0,0.0,258.0,0.0,0
2013,INDCO2,59.0,59.0,0.0,100.0,0
2013,TOTAL_NO_LULUCF,62928.0,51779.0,11149.0,82.28292651919654,0
2013,TOTAL_WITH_LULUCF,37782.0,24084.0,13698.0,63.744640304907094,0
2014,1,44127.0,43284.0,843.0,98.08960500373921,0
2014,1A1,20847.0,20575.0,272.0,98.69525591212165,0
2014,1A2,7029.0,6889.0,140.0,98.00825152937828,0
2014,1A2(-1A2gvii),5947.0,5815.0,132.0,97.78039347570203,0
2014,1A2gvii,1082.0,1074.0,8.0,99.26062846580407,0
2014,1A3,10840.0,10749.0,91.0,99.16051660516605,0
2014,1A3a,183.0,182.0,1.0,99.4535519125683,0
2014,1A3b,10160.0,10077.0,83.0,99.18307086614173,0
2014,1A3bi,0.0,0.0,0.0,,0
2014,1A3bii,0.0,0.0,0.0,,0
2014,1A3biii,0.0,0.0,0.0,,0
2014,1A3biv,0.0,0.0,0.0,,0
2014,1A3c,84.0,84.0,0.0,100.0,0
2014,1A3d,413.0,406.0,7.0,98.30508474576271,0
2014,1A4,4335.0,4041.0,294.0,93.21799307958477,0
2014,1A4a,1220.0,1206.0,14.0,98.85245901639344,0
2014,1A4ai,850.0,839.0,11.0,98.70588235294117,0
2014,1A4aii,370.0,367.0,3.0,99.1891891891892,0
2014,1A4b,1654.0,1394.0,260.0,84.28053204353083,0
2014,1A4bi,1447.0,1194.0,253.0,82.51554941257776,0
2014,1A4bii,207.0,200.0,7.0,96.61835748792271,0
2014,1A4c,1460.0,1442.0,18.0,98.76712328767124,0
2014,1A4ci,488.0,477.0,11.0,97.74590163934425,0
2014,1A4cii,862.0,854.0,8.0,99.07192575406032,0
2014,1A4ciii,111.0,110.0,1.0,99.09909909909909,0
2014,1A5,956.0,947.0,9.0,99.05857740585773,0
2014,1B,121.0,84.0,37.0,69.42148760330579,0
2014,1D,2206.0,2190.0,16.0,99.27470534904805,0
2014,1D1a,1935.0,1921.0,14.0,99.2764857881137,0
2014,1D1b,272.0,269.0,3.0,98.89705882352942,0
2014,2,5599.0,4093.0,1506.0,73.10233970351848,0
2014,2A,1033.0,1033.0,0.0,100.0,0
2014,2B,1060.0,876.0,184.0,82.64150943396227,0
2014,2C,2070.0,2070.0,0.0,100.0,0
2014,2D,115.0,114.0,1.0,99.1304347826087,0
2014,2F,1255.0,0.0,1255.0,0.0,0
2014,2F1,1177.0,0.0,1177.0,0.0,0
2014,2F1a,791.0,0.0,791.0,0.0,0
2014,2F1b,1.0,0.0,1.0,0.0,0
2014,2F1c,61.0,0.0,61.0,0.0,0
2014,2F1d,14.0,0.0,14.0,0.0,0
2014,2F1e,213.0,0.0,213.0,0.0,0
2014,2F1f,97.0,0.0,97.0,0.0,0
2014,2F2,9.0,0.0,9.0,0.0,0
2014,2F4,69.0,0.0,69.0,0.0,0
2014,2G,36.0,0.0,36.0,0.0,0
2014,2H,30.0,0.0,30.0,0.0,0
2014,3,6591.0,245.0,6346.0,3.7171901077226526,0
2014,3A,2247.0,0.0,2247.0,0.0,0
2014,3A1,2032.0,0.0,2032.0,0.0,0
2014,3A1a,1153.0,0.0,1153.0,0.0,0
2014,3A1b,879.0,0.0,879.0,0.0,0
2014,3A2,32.0,0.0,32.0,0.0,0
2014,3A3,32.0,0.0,32.0,0.0,0
2014,3A4d,1.0,0.0,1.0,0.0,0
2014,3A4e,38.0,0.0,38.0,0.0,0
2014,3A4hii,104.0,0.0,104.0,0.0,0
2014,3A4hiv,9.0,0.0,9.0,0.0,0
2014,3B,955.0,0.0,955.0,0.0,0
2014,3B1,542.0,0.0,542.0,0.0,0
2014,3B1a,332.0,0.0,332.0,0.0,0
2014,3B1b,210.0,0.0,210.0,0.0,0
2014,3B2,9.0,0.0,9.0,0.0,0
2014,3B3,150.0,0.0,150.0,0.0,0
2014,3B4d,0.0,0.0,0.0,,0
2014,3B4e,18.0,0.0,18.0,0.0,0
2014,3B4g,11.0,0.0,11.0,0.0,0
2014,3B4hii,0.0,0.0,0.0,,0
2014,3B4hiv,129.0,0.0,129.0,0.0,0
2014,3B5,95.0,0.0,95.0,0.0,0
2014,3D,3141.0,0.0,3141.0,0.0,0
2014,3D1,2834.0,0.0,2834.0,0.0,0
2014,3D1a,982.0,0.0,982.0,0.0,0
2014,3D1b,193.0,0.0,193.0,0.0,0
2014,3D1c,27.0,0.0,27.0,0.0,0
2014,3D1d,216.0,0.0,216.0,0.0,0
2014,3D1e,48.0,0.0,48.0,0.0,0
2014,3D1f,1369.0,0.0,1369.0,0.0,0
2014,3D2,306.0,0.0,306.0,0.0,0
2014,3F,3.0,0.0,3.0,0.0,0
2014,3G,244.0,244.0,0.0,100.0,0
2014,3H,2.0,2.0,0.0,100.0,0
2014,4,-26099.0,-28599.0,2500.0,109.57891106938963,0
2014,4(i)A,22.0,0.0,22.0,0.0,0
2014,4(i)E,3.0,0.0,3.0,0.0,0
2014,4(ii)A,2087.0,0.0,2087.0,0.0,0
2014,4(ii)D,344.0,0.0,344.0,0.0,0
2014,4(ii)E,5.0,0.0,5.0,0.0,0
2014,4(iii)A,1.0,0.0,1.0,0.0,0
2014,4(iii)B,6.0,0.0,6.0,0.0,0
2014,4(iii)C,1.0,0.0,1.0,0.0,0
2014,4(iii)E,29.0,0.0,29.0,0.0,0
2014,4(iv)A,2.0,0.0,2.0,0.0,0
2014,4(iv)C,0.0,0.0,0.0,,0
2014,4A,-35876.0,-37987.0,2111.0,105.88415653919054,0
2014,4Ai1,-19367.0,-19367.0,0.0,100.0,0
2014,4Ai2,-18590.0,-18590.0,0.0,100.0,0
2014,4Aiv,-4598.0,-4598.0,0.0,100.0,0
2014,4Av,4568.0,4568.0,0.0,100.0,0
2014,4B,7993.0,7988.0,5.0,99.93744526460652,0
2014,4Bi,799.0,799.0,0.0,100.0,0
2014,4Biv,687.0,687.0,0.0,100.0,0
2014,4Bv,6501.0,6501.0,0.0,100.0,0
2014,4C,765.0,764.0,1.0,99.86928104575163,0
2014,4Ci,-86.0,-86.0,0.0,100.0,0
2014,4Civ,-24.0,-24.0,0.0,100.0,0
2014,4Cv,874.0,874.0,0.0,100.0,0
2014,4D,2403.0,2059.0,344.0,85.68456096545984,0
2014,4Di,119.0,119.0,0.0,100.0,0
2014,4Diii,2.0,2.0,0.0,100.0,0
2014,4Dv,1938.0,1938.0,0.0,100.0,0
2014,4E,1643.0,1605.0,38.0,97.68715763846622,0
2014,4Ei,1196.0,1196.0,0.0,100.0,0
2014,4Eiii,24.0,24.0,0.0,100.0,0
2014,4Eiv-v,384.0,384.0,0.0,100.0,0
2014,4G,-3027.0,-3027.0,0.0,100.0,0
2014,5,2386.0,0.0,2386.0,0.0,0
2014,5A,1997.0,0.0,1997.0,0.0,0
2014,5B,133.0,0.0,133.0,0.0,0
2014,5D,256.0,0.0,256.0,0.0,0
2014,INDCO2,55.0,55.0,0.0,100.0,0
2014,TOTAL_NO_LULUCF,58758.0,47678.0,11080.0,81.14299329453011,0
2014,TOTAL_WITH_LULUCF,32659.0,19079.0,13580.0,58.41881257846229,0
2015,1,40548.0,39734.0,814.0,97.99250271283417,0
2015,1A1,17663.0,17414.0,249.0,98.59027345298081,0
2015,1A2,6721.0,6574.0,147.0,97.81282547239995,0
2015,1A2(-1A2gvii),5696.0,5556.0,140.0,97.54213483146067,0
2015,1A2gvii,1025.0,1018.0,7.0,99.3170731707317,0
2015,1A3,10850.0,10759.0,91.0,99.16129032258064,0
2015,1A3a,180.0,179.0,1.0,99.44444444444444,0
2015,1A3b,10175.0,10093.0,82.0,99.19410319410319,0
2015,1A3bi,0.0,0.0,0.0,,0
2015,1A3bii,0.0,0.0,0.0,,0
2015,1A3biii,0.0,0.0,0.0,,0
2015,1A3biv,0.0,0.0,0.0,,0
2015,1A3c,68.0,68.0,0.0,100.0,0
2015,1A3d,426.0,419.0,7.0,98.35680751173709,0
2015,1A4,4211.0,3934.0,277.0,93.42199002612206,0
2015,1A4a,1143.0,1129.0,14.0,98.77515310586176,0
2015,1A4ai,781.0,771.0,10.0,98.71959026888605,0
2015,1A4aii,362.0,358.0,4.0,98.89502762430939,0
2015,1A4b,1504.0,1259.0,245.0,83.71010638297872,0
2015,1A4bi,1303.0,1065.0,238.0,81.73445894090561,0
2015,1A4bii,201.0,194.0,7.0,96.51741293532339,0
2015,1A4c,1563.0,1546.0,17.0,98.91234804862444,0
2015,1A4ci,498.0,488.0,10.0,97.99196787148594,0
2015,1A4cii,960.0,953.0,7.0,99.27083333333333,0
2015,1A4ciii,105.0,104.0,1.0,99.04761904761905,0
2015,1A5,954.0,945.0,9.0,99.05660377358491,0
2015,1B,151.0,109.0,42.0,72.18543046357617,0
2015,1D,2904.0,2882.0,22.0,99.24242424242425,0
2015,1D1a,1978.0,1963.0,15.0,99.24165824064713,0
2015,1D1b,926.0,919.0,7.0,99.24406047516199,0
2015,2,5763.0,4291.0,1472.0,74.45774770085025,0
2015,2A,967.0,967.0,0.0,100.0,0
2015,2B,1268.0,1036.0,232.0,81.70347003154575,0
2015,2C,2150.0,2150.0,0.0,100.0,0
2015,2D,139.0,138.0,1.0,99.28057553956835,0
2015,2F,1188.0,0.0,1188.0,0.0,0
2015,2F1,1128.0,0.0,1128.0,0.0,0
2015,2F1a,773.0,0.0,773.0,0.0,0
2015,2F1b,1.0,0.0,1.0,0.0,0
2015,2F1c,64.0,0.0,64.0,0.0,0
2015,2F1d,13.0,0.0,13.0,0.0,0
2015,2F1e,189.0,0.0,189.0,0.0,0
2015,2F1f,88.0,0.0,88.0,0.0,0
2015,2F2,5.0,0.0,5.0,0.0,0
2015,2F4,55.0,0.0,55.0,0.0,0
2015,2G,34.0,0.0,34.0,0.0,0
2015,2H,17.0,0.0,17.0,0.0,0
2015,3,6497.0,167.0,6330.0,2.5704171155918116,0
2015,3A,2285.0,0.0,2285.0,0.0,0
2015,3A1,2063.0,0.0,2063.0,0.0,0
2015,3A1a,1177.0,0.0,1177.0,0.0,0
2015,3A1b,886.0,0.0,886.0,0.0,0
2015,3A2,36.0,0.0,36.0,0.0,0
2015,3A3,32.0,0.0,32.0,0.0,0
2015,3A4d,1.0,0.0,1.0,0.0,0
2015,3A4e,37.0,0.0,37.0,0.0,0
2015,3A4hii,106.0,0.0,106.0,0.0,0
2015,3A4hiv,9.0,0.0,9.0,0.0,0
2015,3B,920.0,0.0,920.0,0.0,0
2015,3B1,515.0,0.0,515.0,0.0,0
2015,3B1a,310.0,0.0,310.0,0.0,0
2015,3B1b,204.0,0.0,204.0,0.0,0
2015,3B2,11.0,0.0,11.0,0.0,0
2015,3B3,133.0,0.0,133.0,0.0,0
2015,3B4d,0.0,0.0,0.0,,0
2015,3B4e,18.0,0.0,18.0,0.0,0
2015,3B4g,11.0,0.0,11.0,0.0,0
2015,3B4hii,0.0,0.0,0.0,,0
2015,3B4hiv,135.0,0.0,135.0,0.0,0
2015,3B5,96.0,0.0,96.0,0.0,0
2015,3D,3123.0,0.0,3123.0,0.0,0
2015,3D1,2828.0,0.0,2828.0,0.0,0
2015,3D1a,956.0,0.0,956.0,0.0,0
2015,3D1b,196.0,0.0,196.0,0.0,0
2015,3D1c,27.0,0.0,27.0,0.0,0
2015,3D1d,247.0,0.0,247.0,0.0,0
2015,3D1e,24.0,0.0,24.0,0.0,0
2015,3D1f,1378.0,0.0,1378.0,0.0,0
2015,3D2,295.0,0.0,295.0,0.0,0
2015,3F,3.0,0.0,3.0,0.0,0
2015,3G,165.0,165.0,0.0,100.0,0
2015,3H,2.0,2.0,0.0,100.0,0
2015,4,-21015.0,-23463.0,2448.0,111.64882226980728,0
2015,4(i)A,21.0,0.0,21.0,0.0,0
2015,4(i)E,3.0,0.0,3.0,0.0,0
2015,4(ii)A,2035.0,0.0,2035.0,0.0,0
2015,4(ii)D,346.0,0.0,346.0,0.0,0
2015,4(ii)E,5.0,0.0,5.0,0.0,0
2015,4(iii)A,2.0,0.0,2.0,0.0,0
2015,4(iii)B,6.0,0.0,6.0,0.0,0
2015,4(iii)C,1.0,0.0,1.0,0.0,0
2015,4(iii)E,29.0,0.0,29.0,0.0,0
2015,4(iv)A,1.0,0.0,1.0,0.0,0
2015,4(iv)C,0.0,0.0,0.0,,0
2015,4A,-30338.0,-32395.0,2057.0,106.78027556200145,0
2015,4Ai1,-15360.0,-15360.0,0.0,100.0,0
2015,4Ai2,-16865.0,-16865.0,0.0,100.0,0
2015,4Aiv,-4764.0,-4764.0,0.0,100.0,0
2015,4Av,4594.0,4594.0,0.0,100.0,0
2015,4B,7662.0,7657.0,5.0,99.93474288697468,0
2015,4Bi,823.0,823.0,0.0,100.0,0
2015,4Biv,271.0,271.0,0.0,100.0,0
2015,4Bv,6562.0,6562.0,0.0,100.0,0
2015,4C,776.0,775.0,1.0,99.87113402061856,0
2015,4Ci,-63.0,-63.0,0.0,100.0,0
2015,4Civ,-26.0,-26.0,0.0,100.0,0
2015,4Cv,864.0,864.0,0.0,100.0,0
2015,4D,2339.0,1993.0,346.0,85.20735356990167,0
2015,4Di,88.0,88.0,0.0,100.0,0
2015,4Diii,2.0,2.0,0.0,100.0,0
2015,4Dv,1904.0,1904.0,0.0,100.0,0
2015,4E,1454.0,1416.0,38.0,97.38651994497937,0
2015,4Ei,1010.0,1010.0,0.0,100.0,0
2015,4Eiii,21.0,21.0,0.0,100.0,0
2015,4Eiv-v,385.0,385.0,0.0,100.0,0
2015,4G,-2909.0,-2909.0,0.0,100.0,0
2015,5,2311.0,0.0,2311.0,0.0,0
2015,5A,1937.0,0.0,1937.0,0.0,0
2015,5B,118.0,0.0,118.0,0.0,0
2015,5D,256.0,0.0,256.0,0.0,0
2015,INDCO2,55.0,55.0,0.0,100.0,0
2015,TOTAL_NO_LULUCF,55174.0,44247.0,10927.0,80.19538188277086,0
2015,TOTAL_WITH_LULUCF,34159.0,20784.0,13375.0,60.8448725079774,0
2016,1,43247.0,42389.0,858.0,98.01604735588596,0
2016,1A1,19020.0,18755.0,265.0,98.60672975814931,0
2016,1A2,6774.0,6616.0,158.0,97.66755240625923,0
2016,1A2(-1A2gvii),5821.0,5670.0,151.0,97.405943995877,0
2016,1A2gvii,953.0,946.0,7.0,99.26547743966422,0
2016,1A3,12061.0,11970.0,91.0,99.24550203134068,0
2016,1A3a,183.0,182.0,1.0,99.4535519125683,0
2016,1A3b,11402.0,11319.0,83.0,99.272057533766,0
2016,1A3bi,0.0,0.0,0.0,,0
2016,1A3bii,0.0,0.0,0.0,,0
2016,1A3biii,0.0,0.0,0.0,,0
2016,1A3biv,0.0,0.0,0.0,,0
2016,1A3c,64.0,63.0,1.0,98.4375,0
2016,1A3d,412.0,406.0,6.0,98.54368932038835,0
2016,1A4,4352.0,4054.0,298.0,93.15257352941177,0
2016,1A4a,1218.0,1203.0,15.0,98.76847290640394,0
2016,1A4ai,865.0,854.0,11.0,98.72832369942196,0
2016,1A4aii,352.0,349.0,3.0,99.14772727272727,0
2016,1A4b,1552.0,1287.0,265.0,82.92525773195877,0
2016,1A4bi,1357.0,1098.0,259.0,80.91378039793663,0
2016,1A4bii,195.0,189.0,6.0,96.92307692307692,0
2016,1A4c,1583.0,1564.0,19.0,98.79974731522427,0
2016,1A4ci,517.0,506.0,11.0,97.87234042553192,0
2016,1A4cii,970.0,963.0,7.0,99.27835051546393,0
2016,1A4ciii,96.0,95.0,1.0,98.95833333333334,0
2016,1A5,898.0,889.0,9.0,98.99777282850779,0
2016,1B,142.0,104.0,38.0,73.23943661971832,0
2016,1D,2876.0,2854.0,22.0,99.23504867872045,0
2016,1D1a,1982.0,1968.0,14.0,99.2936427850656,0
2016,1D1b,894.0,886.0,8.0,99.10514541387025,0
2016,2,5990.0,4605.0,1385.0,76.87813021702839,0
2016,2A,1085.0,1085.0,0.0,100.0,0
2016,2B,1374.0,1179.0,195.0,85.80786026200873,0
2016,2C,2197.0,2197.0,0.0,100.0,0
2016,2D,145.0,145.0,0.0,100.0,0
2016,2F,1130.0,0.0,1130.0,0.0,0
2016,2F1,1076.0,0.0,1076.0,0.0,0
2016,2F1a,723.0,0.0,723.0,0.0,0
2016,2F1b,1.0,0.0,1.0,0.0,0
2016,2F1c,64.0,0.0,64.0,0.0,0
2016,2F1d,14.0,0.0,14.0,0.0,0
2016,2F1e,181.0,0.0,181.0,0.0,0
2016,2F1f,94.0,0.0,94.0,0.0,0
2016,2F2,5.0,0.0,5.0,0.0,0
2016,2F4,48.0,0.0,48.0,0.0,0
2016,2G,35.0,0.0,35.0,0.0,0
2016,2H,24.0,0.0,24.0,0.0,0
2016,3,6562.0,259.0,6303.0,3.946967387991466,0
2016,3A,2284.0,0.0,2284.0,0.0,0
2016,3A1,2065.0,0.0,2065.0,0.0,0
2016,3A1a,1185.0,0.0,1185.0,0.0,0
2016,3A1b,881.0,0.0,881.0,0.0,0
2016,3A2,36.0,0.0,36.0,0.0,0
2016,3A3,30.0,0.0,30.0,0.0,0
2016,3A4d,1.0,0.0,1.0,0.0,0
2016,3A4e,37.0,0.0,37.0,0.0,0
2016,3A4hii,107.0,0.0,107.0,0.0,0
2016,3A4hiv,7.0,0.0,7.0,0.0,0
2016,3B,945.0,0.0,945.0,0.0,0
2016,3B1,561.0,0.0,561.0,0.0,0
2016,3B1a,348.0,0.0,348.0,0.0,0
2016,3B1b,213.0,0.0,213.0,0.0,0
2016,3B2,11.0,0.0,11.0,0.0,0
2016,3B3,143.0,0.0,143.0,0.0,0
2016,3B4d,0.0,0.0,0.0,,0
2016,3B4e,18.0,0.0,18.0,0.0,0
2016,3B4g,12.0,0.0,12.0,0.0,0
2016,3B4hii,0.0,0.0,0.0,,0
2016,3B4hiv,109.0,0.0,109.0,0.0,0
2016,3B5,91.0,0.0,91.0,0.0,0
2016,3D,3071.0,0.0,3071.0,0.0,0
2016,3D1,2781.0,0.0,2781.0,0.0,0
2016,3D1a,920.0,0.0,920.0,0.0,0
2016,3D1b,193.0,0.0,193.0,0.0,0
2016,3D1c,26.0,0.0,26.0,0.0,0
2016,3D1d,232.0,0.0,232.0,0.0,0
2016,3D1e,24.0,0.0,24.0,0.0,0
2016,3D1f,1386.0,0.0,1386.0,0.0,0
2016,3D2,290.0,0.0,290.0,0.0,0
2016,3F,2.0,0.0,2.0,0.0,0
2016,3G,256.0,256.0,0.0,100.0,0
2016,3H,3.0,3.0,0.0,100.0,0
2016,4,-15929.0,-18333.0,2404.0,115.09197061962459,0
2016,4(i)A,29.0,0.0,29.0,0.0,0
2016,4(i)E,3.0,0.0,3.0,0.0,0
2016,4(ii)A,1983.0,0.0,1983.0,0.0,0
2016,4(ii)D,345.0,0.0,345.0,0.0,0
2016,4(ii)E,5.0,0.0,5.0,0.0,0
2016,4(iii)A,2.0,0.0,2.0,0.0,0
2016,4(iii)B,6.0,0.0,6.0,0.0,0
2016,4(iii)C,1.0,0.0,1.0,0.0,0
2016,4(iii)E,29.0,0.0,29.0,0.0,0
2016,4(iv)A,1.0,0.0,1.0,0.0,0
2016,4(iv)C,0.0,0.0,0.0,,0
2016,4A,-24290.0,-26305.0,2015.0,108.29559489501852,0
2016,4Ai1,-11179.0,-11179.0,0.0,100.0,0
2016,4Ai2,-15201.0,-15201.0,0.0,100.0,0
2016,4Aiv,-4814.0,-4814.0,0.0,100.0,0
2016,4Av,4889.0,4889.0,0.0,100.0,0
2016,4B,7668.0,7663.0,5.0,99.93479394887845,0
2016,4Bi,766.0,766.0,0.0,100.0,0
2016,4Biv,281.0,281.0,0.0,100.0,0
2016,4Bv,6616.0,6616.0,0.0,100.0,0
2016,4C,801.0,800.0,1.0,99.87515605493134,0
2016,4Ci,-27.0,-27.0,0.0,100.0,0
2016,4Civ,-27.0,-27.0,0.0,100.0,0
2016,4Cv,854.0,854.0,0.0,100.0,0
2016,4D,2358.0,2013.0,345.0,85.36895674300254,0
2016,4Di,80.0,80.0,0.0,100.0,0
2016,4Diii,2.0,2.0,0.0,100.0,0
2016,4Dv,1931.0,1931.0,0.0,100.0,0
2016,4E,1352.0,1314.0,38.0,97.18934911242604,0
2016,4Ei,911.0,911.0,0.0,100.0,0
2016,4Eiii,19.0,19.0,0.0,100.0,0
2016,4Eiv-v,384.0,384.0,0.0,100.0,0
2016,4G,-3818.0,-3818.0,0.0,100.0,0
2016,5,2160.0,0.0,2160.0,0.0,0
2016,5A,1800.0,0.0,1800.0,0.0,0
2016,5B,105.0,0.0,105.0,0.0,0
2016,5D,255.0,0.0,255.0,0.0,0
2016,INDCO2,55.0,55.0,0.0,100.0,0
2016,TOTAL_NO_LULUCF,58015.0,47307.0,10708.0,81.54270447298111,0
2016,TOTAL_WITH_LULUCF,42086.0,28974.0,13112.0,68.84474647151072,0
2017,1,40823.0,39967.0,856.0,97.9031428361463,0
2017,1A1,17398.0,17143.0,255.0,98.53431428899874,0
2017,1A2,6583.0,6424.0,159.0,97.5846878322953,0
2017,1A2(-1A2gvii),5486.0,5335.0,151.0,97.24753919066715,0
2017,1A2gvii,1096.0,1089.0,7.0,99.36131386861314,0
2017,1A3,11477.0,11373.0,104.0,99.09383985362028,0
2017,1A3a,194.0,193.0,1.0,99.48453608247422,0
2017,1A3b,10789.0,10693.0,96.0,99.1102048382612,0
2017,1A3bi,6052.0,6000.0,52.0,99.1407799074686,0
2017,1A3bii,1041.0,1031.0,10.0,99.03938520653219,0
2017,1A3biii,3602.0,3570.0,32.0,99.11160466407551,0
2017,1A3biv,93.0,91.0,2.0,97.84946236559139,0
2017,1A3c,67.0,66.0,1.0,98.50746268656717,0
2017,1A3d,427.0,420.0,7.0,98.36065573770492,0
2017,1A4,4249.0,3955.0,294.0,93.08072487644151,0
2017,1A4a,1204.0,1190.0,14.0,98.83720930232558,0
2017,1A4ai,863.0,852.0,11.0,98.72537659327925,0
2017,1A4aii,341.0,338.0,3.0,99.12023460410558,0
2017,1A4b,1465.0,1205.0,260.0,82.25255972696246,0
2017,1A4bi,1278.0,1024.0,254.0,80.12519561815337,0
2017,1A4bii,187.0,181.0,6.0,96.79144385026738,0
2017,1A4c,1579.0,1561.0,18.0,98.86003799873338,0
2017,1A4ci,493.0,482.0,11.0,97.76876267748479,0
2017,1A4cii,993.0,987.0,6.0,99.39577039274926,0
2017,1A4ciii,93.0,92.0,1.0,98.9247311827957,0
2017,1A5,935.0,926.0,9.0,99.03743315508021,0
2017,1B,182.0,147.0,35.0,80.76923076923077,0
2017,1D,3217.0,3192.0,25.0,99.22287845819086,0
2017,1D1a,2113.0,2097.0,16.0,99.2427827733081,0
2017,1D1b,1104.0,1094.0,10.0,99.09420289855072,0
2017,2,5828.0,4502.0,1326.0,77.24776938915579,0
2017,2A,1136.0,1136.0,0.0,100.0,0
2017,2B,1507.0,1297.0,210.0,86.0650298606503,0
2017,2C,1928.0,1928.0,0.0,100.0,0
2017,2D,142.0,141.0,1.0,99.29577464788733,0
2017,2F,1061.0,0.0,1061.0,0.0,0
2017,2F1,1015.0,0.0,1015.0,0.0,0
2017,2F1a,671.0,0.0,671.0,0.0,0
2017,2F1b,1.0,0.0,1.0,0.0,0
2017,2F1c,62.0,0.0,62.0,0.0,0
2017,2F1d,13.0,0.0,13.0,0.0,0
2017,2F1e,170.0,0.0,170.0,0.0,0
2017,2F1f,99.0,0.0,99.0,0.0,0
2017,2F2,5.0,0.0,5.0,0.0,0
2017,2F4,40.0,0.0,40.0,0.0,0
2017,2G,38.0,0.0,38.0,0.0,0
2017,2H,17.0,0.0,17.0,0.0,0
2017,3,6401.0,189.0,6212.0,2.9526636463052647,0
2017,3A,2268.0,0.0,2268.0,0.0,0
2017,3A1,2050.0,0.0,2050.0,0.0,0
2017,3A1a,1169.0,0.0,1169.0,0.0,0
2017,3A1b,881.0,0.0,881.0,0.0,0
2017,3A2,37.0,0.0,37.0,0.0,0
2017,3A3,28.0,0.0,28.0,0.0,0
2017,3A4d,1.0,0.0,1.0,0.0,0
2017,3A4e,37.0,0.0,37.0,0.0,0
2017,3A4hii,108.0,0.0,108.0,0.0,0
2017,3A4hiv,7.0,0.0,7.0,0.0,0
2017,3B,862.0,0.0,862.0,0.0,0
2017,3B1,511.0,0.0,511.0,0.0,0
2017,3B1a,307.0,0.0,307.0,0.0,0
2017,3B1b,204.0,0.0,204.0,0.0,0
2017,3B2,12.0,0.0,12.0,0.0,0
2017,3B3,112.0,0.0,112.0,0.0,0
2017,3B4d,0.0,0.0,0.0,,0
2017,3B4e,18.0,0.0,18.0,0.0,0
2017,3B4g,12.0,0.0,12.0,0.0,0
2017,3B4hii,0.0,0.0,0.0,,0
2017,3B4hiv,108.0,0.0,108.0,0.0,0
2017,3B5,89.0,0.0,89.0,0.0,0
2017,3D,3080.0,0.0,3080.0,0.0,0
2017,3D1,2789.0,0.0,2789.0,0.0,0
2017,3D1a,926.0,0.0,926.0,0.0,0
2017,3D1b,192.0,0.0,192.0,0.0,0
2017,3D1c,25.0,0.0,25.0,0.0,0
2017,3D1d,237.0,0.0,237.0,0.0,0
2017,3D1e,19.0,0.0,19.0,0.0,0
2017,3D1f,1390.0,0.0,1390.0,0.0,0
2017,3D2,291.0,0.0,291.0,0.0,0
2017,3F,3.0,0.0,3.0,0.0,0
2017,3G,187.0,187.0,0.0,100.0,0
2017,3H,2.0,2.0,0.0,100.0,0
2017,4,-10859.0,-13266.0,2407.0,122.16594529883047,0
2017,4(i)A,49.0,0.0,49.0,0.0,0
2017,4(i)E,3.0,0.0,3.0,0.0,0
2017,4(ii)A,1968.0,0.0,1968.0,0.0,0
2017,4(ii)D,345.0,0.0,345.0,0.0,0
2017,4(ii)E,5.0,0.0,5.0,0.0,0
2017,4(iii)A,2.0,0.0,2.0,0.0,0
2017,4(iii)B,6.0,0.0,6.0,0.0,0
2017,4(iii)C,1.0,0.0,1.0,0.0,0
2017,4(iii)E,29.0,0.0,29.0,0.0,0
2017,4(iv)A,1.0,0.0,1.0,0.0,0
2017,4(iv)C,0.0,0.0,0.0,,0
2017,4A,-18413.0,-20433.0,2020.0,110.97050996578504,0
2017,4Ai1,-7650.0,-7650.0,0.0,100.0,0
2017,4Ai2,-13094.0,-13094.0,0.0,100.0,0
2017,4Aiv,-4409.0,-4409.0,0.0,100.0,0
2017,4Av,4721.0,4721.0,0.0,100.0,0
2017,4B,7564.0,7558.0,6.0,99.92067689053411,0
2017,4Bi,743.0,743.0,0.0,100.0,0
2017,4Biv,162.0,162.0,0.0,100.0,0
2017,4Bv,6653.0,6653.0,0.0,100.0,0
2017,4C,797.0,796.0,1.0,99.87452948557089,0
2017,4Ci,-17.0,-17.0,0.0,100.0,0
2017,4Civ,-27.0,-27.0,0.0,100.0,0
2017,4Cv,840.0,840.0,0.0,100.0,0
2017,4D,2352.0,2007.0,345.0,85.33163265306123,0
2017,4Di,61.0,61.0,0.0,100.0,0
2017,4Diii,1.0,1.0,0.0,100.0,0
2017,4Dv,1945.0,1945.0,0.0,100.0,0
2017,4E,1340.0,1304.0,36.0,97.31343283582089,0
2017,4Ei,907.0,907.0,0.0,100.0,0
2017,4Eiii,18.0,18.0,0.0,100.0,0
2017,4Eiv-v,378.0,378.0,0.0,100.0,0
2017,4G,-4498.0,-4498.0,0.0,100.0,0
2017,5,2051.0,0.0,2051.0,0.0,0
2017,5A,1689.0,0.0,1689.0,0.0,0
2017,5B,108.0,0.0,108.0,0.0,0
2017,5D,253.0,0.0,253.0,0.0,0
2017,INDCO2,54.0,54.0,0.0,100.0,0
2017,TOTAL_NO_LULUCF,55158.0,44712.0,10446.0,81.06167736321113,0
2017,TOTAL_WITH_LULUCF,44299.0,31446.0,12853.0,70.98580103388339,0
2018,1,41823.0,40945.0,878.0,97.9006766611673,0
2018,1A1,18552.0,18269.0,283.0,98.47455799913756,0
2018,1A2,6720.0,6556.0,164.0,97.55952380952381,0
2018,1A2(-1A2gvii),5588.0,5431.0,157.0,97.19040801717968,0
2018,1A2gvii,1132.0,1125.0,7.0,99.38162544169612,0
2018,1A3,11678.0,11573.0,105.0,99.10087343723241,0
2018,1A3a,218.0,216.0,2.0,99.08256880733946,0
2018,1A3b,10957.0,10861.0,96.0,99.1238477685498,0
2018,1A3bi,6056.0,6006.0,50.0,99.17437252311757,0
2018,1A3bii,1072.0,1062.0,10.0,99.06716417910447,0
2018,1A3biii,3735.0,3701.0,34.0,99.08969210174028,0
2018,1A3biv,94.0,91.0,3.0,96.80851063829788,0
2018,1A3c,72.0,71.0,1.0,98.61111111111111,0
2018,1A3d,432.0,425.0,7.0,98.37962962962963,0
2018,1A4,4025.0,3740.0,285.0,92.9192546583851,0
2018,1A4a,1186.0,1172.0,14.0,98.8195615514334,0
2018,1A4ai,851.0,841.0,10.0,98.82491186839013,0
2018,1A4aii,335.0,331.0,4.0,98.80597014925372,0
2018,1A4b,1365.0,1111.0,254.0,81.39194139194139,0
2018,1A4bi,1184.0,936.0,248.0,79.05405405405406,0
2018,1A4bii,181.0,175.0,6.0,96.68508287292818,0
2018,1A4c,1474.0,1457.0,17.0,98.84667571234735,0
2018,1A4ci,447.0,437.0,10.0,97.76286353467562,0
2018,1A4cii,936.0,930.0,6.0,99.35897435897436,0
2018,1A4ciii,91.0,90.0,1.0,98.9010989010989,0
2018,1A5,724.0,716.0,8.0,98.89502762430939,0
2018,1B,125.0,91.0,34.0,72.8,0
2018,1D,3426.0,3400.0,26.0,99.241097489784,0
2018,1D1a,2406.0,2388.0,18.0,99.25187032418953,0
2018,1D1b,1020.0,1011.0,9.0,99.11764705882354,0
2018,2,5839.0,4587.0,1252.0,78.5579722555232,0
2018,2A,1062.0,1062.0,0.0,100.0,0
2018,2B,1461.0,1271.0,190.0,86.99520876112253,0
2018,2C,2096.0,2096.0,0.0,100.0,0
2018,2D,159.0,158.0,1.0,99.37106918238993,0
2018,2F,1011.0,0.0,1011.0,0.0,0
2018,2F1,983.0,0.0,983.0,0.0,0
2018,2F1a,656.0,0.0,656.0,0.0,0
2018,2F1b,1.0,0.0,1.0,0.0,0
2018,2F1c,60.0,0.0,60.0,0.0,0
2018,2F1d,12.0,0.0,12.0,0.0,0
2018,2F1e,149.0,0.0,149.0,0.0,0
2018,2F1f,106.0,0.0,106.0,0.0,0
2018,2F2,5.0,0.0,5.0,0.0,0
2018,2F4,24.0,0.0,24.0,0.0,0
2018,2G,38.0,0.0,38.0,0.0,0
2018,2H,12.0,0.0,12.0,0.0,0
2018,3,6495.0,203.0,6292.0,3.1254811393379525,0
2018,3A,2252.0,0.0,2252.0,0.0,0
2018,3A1,2040.0,0.0,2040.0,0.0,0
2018,3A1a,1170.0,0.0,1170.0,0.0,0
2018,3A1b,870.0,0.0,870.0,0.0,0
2018,3A2,37.0,0.0,37.0,0.0,0
2018,3A3,27.0,0.0,27.0,0.0,0
2018,3A4d,1.0,0.0,1.0,0.0,0
2018,3A4e,37.0,0.0,37.0,0.0,0
2018,3A4hii,103.0,0.0,103.0,0.0,0
2018,3A4hiv,7.0,0.0,7.0,0.0,0
2018,3B,972.0,0.0,972.0,0.0,0
2018,3B1,602.0,0.0,602.0,0.0,0
2018,3B1a,381.0,0.0,381.0,0.0,0
2018,3B1b,221.0,0.0,221.0,0.0,0
2018,3B2,12.0,0.0,12.0,0.0,0
2018,3B3,139.0,0.0,139.0,0.0,0
2018,3B4d,0.0,0.0,0.0,,0
2018,3B4e,18.0,0.0,18.0,0.0,0
2018,3B4g,12.0,0.0,12.0,0.0,0
2018,3B4hii,0.0,0.0,0.0,,0
2018,3B4hiv,100.0,0.0,100.0,0.0,0
2018,3B5,87.0,0.0,87.0,0.0,0
2018,3D,3067.0,0.0,3067.0,0.0,0
2018,3D1,2781.0,0.0,2781.0,0.0,0
2018,3D1a,922.0,0.0,922.0,0.0,0
2018,3D1b,191.0,0.0,191.0,0.0,0
2018,3D1c,25.0,0.0,25.0,0.0,0
2018,3D1d,208.0,0.0,208.0,0.0,0
2018,3D1e,43.0,0.0,43.0,0.0,0
2018,3D1f,1393.0,0.0,1393.0,0.0,0
2018,3D2,286.0,0.0,286.0,0.0,0
2018,3F,2.0,0.0,2.0,0.0,0
2018,3G,201.0,201.0,0.0,100.0,0
2018,3H,1.0,1.0,0.0,100.0,0
2018,4,1635.0,-763.0,2398.0,-46.666666666666664,0
2018,4(i)A,55.0,0.0,55.0,0.0,0
2018,4(i)E,3.0,0.0,3.0,0.0,0
2018,4(ii)A,1953.0,0.0,1953.0,0.0,0
2018,4(ii)D,344.0,0.0,344.0,0.0,0
2018,4(ii)E,5.0,0.0,5.0,0.0,0
2018,4(iii)A,2.0,0.0,2.0,0.0,0
2018,4(iii)B,6.0,0.0,6.0,0.0,0
2018,4(iii)C,1.0,0.0,1.0,0.0,0
2018,4(iii)E,28.0,0.0,28.0,0.0,0
2018,4(iv)A,2.0,0.0,2.0,0.0,0
2018,4(iv)C,0.0,0.0,0.0,,0
2018,4A,-6536.0,-8548.0,2012.0,130.78335373317015,0
2018,4Ai1,585.0,585.0,0.0,100.0,0
2018,4Ai2,-9559.0,-9559.0,0.0,100.0,0
2018,4Aiv,-3674.0,-3674.0,0.0,100.0,0
2018,4Av,4100.0,4100.0,0.0,100.0,0
2018,4B,8104.0,8098.0,6.0,99.92596248766041,0
2018,4Bi,782.0,782.0,0.0,100.0,0
2018,4Biv,628.0,628.0,0.0,100.0,0
2018,4Bv,6688.0,6688.0,0.0,100.0,0
2018,4C,798.0,797.0,1.0,99.87468671679198,0
2018,4Ci,-2.0,-2.0,0.0,100.0,0
2018,4Civ,-27.0,-27.0,0.0,100.0,0
2018,4Cv,827.0,827.0,0.0,100.0,0
2018,4D,2472.0,2128.0,344.0,86.08414239482201,0
2018,4Di,22.0,22.0,0.0,100.0,0
2018,4Diii,1.0,1.0,0.0,100.0,0
2018,4Dv,2105.0,2105.0,0.0,100.0,0
2018,4E,1382.0,1346.0,36.0,97.39507959479016,0
2018,4Ei,957.0,957.0,0.0,100.0,0
2018,4Eiii,19.0,19.0,0.0,100.0,0
2018,4Eiv-v,371.0,371.0,0.0,100.0,0
2018,4G,-4584.0,-4584.0,0.0,100.0,0
2018,5,2008.0,0.0,2008.0,0.0,0
2018,5A,1643.0,0.0,1643.0,0.0,0
2018,5B,114.0,0.0,114.0,0.0,0
2018,5D,252.0,0.0,252.0,0.0,0
2018,INDCO2,54.0,54.0,0.0,100.0,0
2018,TOTAL_NO_LULUCF,56219.0,45788.0,10431.0,81.44577456020207,0
2018,TOTAL_WITH_LULUCF,57855.0,45024.0,12831.0,77.82214156079856,0
2019,1,38800.0,37943.0,857.0,97.79123711340206,0
2019,1A1,16106.0,15833.0,273.0,98.30497951074135,0
2019,1A2,6528.0,6367.0,161.0,97.53370098039215,0
2019,1A2(-1A2gvii),5397.0,5243.0,154.0,97.14656290531777,0
2019,1A2gvii,1131.0,1124.0,7.0,99.38107869142353,0
2019,1A3,11270.0,11166.0,104.0,99.07719609582963,0
2019,1A3a,212.0,210.0,2.0,99.05660377358491,0
2019,1A3b,10552.0,10458.0,94.0,99.10917361637604,0
2019,1A3bi,5886.0,5838.0,48.0,99.18450560652396,0
2019,1A3bii,1035.0,1025.0,10.0,99.03381642512076,0
2019,1A3biii,3539.0,3505.0,34.0,99.0392766318169,0
2019,1A3biv,92.0,90.0,2.0,97.82608695652173,0
2019,1A3c,70.0,69.0,1.0,98.57142857142858,0
2019,1A3d,436.0,429.0,7.0,98.39449541284404,0
2019,1A4,4044.0,3763.0,281.0,93.05143422354105,0
2019,1A4a,1180.0,1166.0,14.0,98.8135593220339,0
2019,1A4ai,853.0,842.0,11.0,98.71043376318875,0
2019,1A4aii,327.0,323.0,4.0,98.77675840978594,0
2019,1A4b,1274.0,1024.0,250.0,80.3767660910518,0
2019,1A4bi,1098.0,855.0,243.0,77.8688524590164,0
2019,1A4bii,176.0,170.0,6.0,96.5909090909091,0
2019,1A4c,1591.0,1573.0,18.0,98.8686360779384,0
2019,1A4ci,439.0,429.0,10.0,97.72209567198178,0
2019,1A4cii,1047.0,1040.0,7.0,99.33142311365806,0
2019,1A4ciii,104.0,104.0,0.0,100.0,0
2019,1A5,756.0,749.0,7.0,99.07407407407408,0
2019,1B,96.0,65.0,31.0,67.70833333333334,0
2019,1D,3647.0,3619.0,28.0,99.23224568138195,0
2019,1D1a,2593.0,2574.0,19.0,99.26725800231392,0
2019,1D1b,1054.0,1045.0,9.0,99.14611005692599,0
2019,2,5503.0,4307.0,1196.0,78.26640014537524,0
2019,2A,973.0,973.0,0.0,100.0,0
2019,2B,1489.0,1306.0,183.0,87.70987239758227,0
2019,2C,1875.0,1875.0,0.0,100.0,0
2019,2D,155.0,154.0,1.0,99.35483870967742,0
2019,2F,966.0,0.0,966.0,0.0,0
2019,2F1,940.0,0.0,940.0,0.0,0
2019,2F1a,611.0,0.0,611.0,0.0,0
2019,2F1b,1.0,0.0,1.0,0.0,0
2019,2F1c,56.0,0.0,56.0,0.0,0
2019,2F1d,11.0,0.0,11.0,0.0,0
2019,2F1e,148.0,0.0,148.0,0.0,0
2019,2F1f,112.0,0.0,112.0,0.0,0
2019,2F2,5.0,0.0,5.0,0.0,0
2019,2F4,21.0,0.0,21.0,0.0,0
2019,2G,36.0,0.0,36.0,0.0,0
2019,2H,10.0,0.0,10.0,0.0,0
2019,3,6434.0,190.0,6244.0,2.953061858874728,0
2019,3A,2208.0,0.0,2208.0,0.0,0
2019,3A1,1996.0,0.0,1996.0,0.0,0
2019,3A1a,1129.0,0.0,1129.0,0.0,0
2019,3A1b,867.0,0.0,867.0,0.0,0
2019,3A2,36.0,0.0,36.0,0.0,0
2019,3A3,27.0,0.0,27.0,0.0,0
2019,3A4d,1.0,0.0,1.0,0.0,0
2019,3A4e,37.0,0.0,37.0,0.0,0
2019,3A4hii,105.0,0.0,105.0,0.0,0
2019,3A4hiv,6.0,0.0,6.0,0.0,0
2019,3B,872.0,0.0,872.0,0.0,0
2019,3B1,533.0,0.0,533.0,0.0,0
2019,3B1a,323.0,0.0,323.0,0.0,0
2019,3B1b,210.0,0.0,210.0,0.0,0
2019,3B2,12.0,0.0,12.0,0.0,0
2019,3B3,121.0,0.0,121.0,0.0,0
2019,3B4d,0.0,0.0,0.0,,0
2019,3B4e,18.0,0.0,18.0,0.0,0
2019,3B4g,13.0,0.0,13.0,0.0,0
2019,3B4hii,0.0,0.0,0.0,,0
2019,3B4hiv,91.0,0.0,91.0,0.0,0
2019,3B5,84.0,0.0,84.0,0.0,0
2019,3D,3160.0,0.0,3160.0,0.0,0
2019,3D1,2864.0,0.0,2864.0,0.0,0
2019,3D1a,978.0,0.0,978.0,0.0,0
2019,3D1b,189.0,0.0,189.0,0.0,0
2019,3D1c,24.0,0.0,24.0,0.0,0
2019,3D1d,242.0,0.0,242.0,0.0,0
2019,3D1e,29.0,0.0,29.0,0.0,0
2019,3D1f,1402.0,0.0,1402.0,0.0,0
2019,3D2,297.0,0.0,297.0,0.0,0
2019,3F,3.0,0.0,3.0,0.0,0
2019,3G,188.0,188.0,0.0,100.0,0
2019,3H,2.0,2.0,0.0,100.0,0
2019,4,-1700.0,-4086.0,2386.0,240.35294117647058,0
2019,4(i)A,58.0,0.0,58.0,0.0,0
2019,4(i)E,5.0,0.0,5.0,0.0,0
2019,4(ii)A,1940.0,0.0,1940.0,0.0,0
2019,4(ii)D,342.0,0.0,342.0,0.0,0
2019,4(ii)E,5.0,0.0,5.0,0.0,0
2019,4(iii)A,2.0,0.0,2.0,0.0,0
2019,4(iii)B,6.0,0.0,6.0,0.0,0
2019,4(iii)C,1.0,0.0,1.0,0.0,0
2019,4(iii)E,27.0,0.0,27.0,0.0,0
2019,4(iv)A,1.0,0.0,1.0,0.0,0
2019,4(iv)C,0.0,0.0,0.0,,0
2019,4A,-10686.0,-12687.0,2001.0,118.72543514879281,0
2019,4Ai1,-3956.0,-3956.0,0.0,100.0,0
2019,4Ai2,-9851.0,-9851.0,0.0,100.0,0
2019,4Aiv,-3509.0,-3509.0,0.0,100.0,0
2019,4Av,4628.0,4628.0,0.0,100.0,0
2019,4B,7906.0,7901.0,5.0,99.93675689349861,0
2019,4Bi,717.0,717.0,0.0,100.0,0
2019,4Biv,440.0,440.0,0.0,100.0,0
2019,4Bv,6744.0,6744.0,0.0,100.0,0
2019,4C,796.0,795.0,1.0,99.87437185929649,0
2019,4Ci,5.0,5.0,0.0,100.0,0
2019,4Civ,-27.0,-27.0,0.0,100.0,0
2019,4Cv,817.0,817.0,0.0,100.0,0
2019,4D,2359.0,2017.0,342.0,85.50233149639678,0
2019,4Di,9.0,9.0,0.0,100.0,0
2019,4Diii,0.0,0.0,0.0,,0
2019,4Dv,2007.0,2007.0,0.0,100.0,0
2019,4E,1336.0,1300.0,36.0,97.30538922155688,0
2019,4Ei,920.0,920.0,0.0,100.0,0
2019,4Eiii,18.0,18.0,0.0,100.0,0
2019,4Eiv-v,362.0,362.0,0.0,100.0,0
2019,4G,-3412.0,-3412.0,0.0,100.0,0
2019,5,1978.0,0.0,1978.0,0.0,0
2019,5A,1596.0,0.0,1596.0,0.0,0
2019,5B,133.0,0.0,133.0,0.0,0
2019,5D,249.0,0.0,249.0,0.0,0
2019,INDCO2,53.0,53.0,0.0,100.0,0
2019,TOTAL_NO_LULUCF,52768.0,42493.0,10275.0,80.5279714978775,0
2019,TOTAL_WITH_LULUCF,51068.0,38407.0,12661.0,75.2075663820788,0
2020,1,34238.0,33480.0,758.0,97.78608563584321,0
2020,1A1,12967.0,12729.0,238.0,98.16457160484306,0
2020,1A2,6219.0,6073.0,146.0,97.65235568419361,0
2020,1A2(-1A2gvii),5048.0,4909.0,139.0,97.24643423137877,0
2020,1A2gvii,1171.0,1164.0,7.0,99.40222032450897,0
2020,1A3,10461.0,10361.0,100.0,99.04406844469936,0
2020,1A3a,90.0,89.0,1.0,98.88888888888889,0
2020,1A3b,9950.0,9858.0,92.0,99.07537688442211,0
2020,1A3bi,5468.0,5422.0,46.0,99.15874177029993,0
2020,1A3bii,1011.0,1001.0,10.0,99.0108803165183,0
2020,1A3biii,3383.0,3349.0,34.0,98.99497487437185,0
2020,1A3biv,88.0,86.0,2.0,97.72727272727273,0
2020,1A3c,64.0,64.0,0.0,100.0,0
2020,1A3d,357.0,350.0,7.0,98.0392156862745,0
2020,1A4,3783.0,3541.0,242.0,93.60296061326989,0
2020,1A4a,1074.0,1062.0,12.0,98.88268156424581,0
2020,1A4ai,758.0,748.0,10.0,98.68073878627969,0
2020,1A4aii,316.0,313.0,3.0,99.0506329113924,0
2020,1A4b,1125.0,914.0,211.0,81.24444444444444,0
2020,1A4bi,954.0,748.0,206.0,78.40670859538784,0
2020,1A4bii,171.0,165.0,6.0,96.49122807017544,0
2020,1A4c,1583.0,1566.0,17.0,98.92608970309539,0
2020,1A4ci,444.0,434.0,10.0,97.74774774774775,0
2020,1A4cii,1040.0,1034.0,6.0,99.42307692307692,0
2020,1A4ciii,99.0,99.0,0.0,100.0,0
2020,1A5,707.0,700.0,7.0,99.00990099009901,0
2020,1B,102.0,76.0,26.0,74.50980392156863,0
2020,1D,1864.0,1849.0,15.0,99.19527896995707,0
2020,1D1a,876.0,869.0,7.0,99.20091324200914,0
2020,1D1b,988.0,980.0,8.0,99.19028340080972,0
2020,2,5185.0,4036.0,1149.0,77.83992285438765,0
2020,2A,947.0,947.0,0.0,100.0,0
2020,2B,1402.0,1200.0,202.0,85.59201141226819,0
2020,2C,1757.0,1757.0,0.0,100.0,0
2020,2D,133.0,132.0,1.0,99.24812030075188,0
2020,2F,900.0,0.0,900.0,0.0,0
2020,2F1,876.0,0.0,876.0,0.0,0
2020,2F1a,548.0,0.0,548.0,0.0,0
2020,2F1b,0.0,0.0,0.0,,0
2020,2F1c,56.0,0.0,56.0,0.0,0
2020,2F1d,11.0,0.0,11.0,0.0,0
2020,2F1e,141.0,0.0,141.0,0.0,0
2020,2F1f,120.0,0.0,120.0,0.0,0
2020,2F2,4.0,0.0,4.0,0.0,0
2020,2F4,20.0,0.0,20.0,0.0,0
2020,2G,35.0,0.0,35.0,0.0,0
2020,2H,11.0,0.0,11.0,0.0,0
2020,3,6435.0,203.0,6232.0,3.1546231546231547,0
2020,3A,2229.0,0.0,2229.0,0.0,0
2020,3A1,2016.0,0.0,2016.0,0.0,0
2020,3A1a,1147.0,0.0,1147.0,0.0,0
2020,3A1b,869.0,0.0,869.0,0.0,0
2020,3A2,34.0,0.0,34.0,0.0,0
2020,3A3,28.0,0.0,28.0,0.0,0
2020,3A4d,1.0,0.0,1.0,0.0,0
2020,3A4e,37.0,0.0,37.0,0.0,0
2020,3A4hii,109.0,0.0,109.0,0.0,0
2020,3A4hiv,4.0,0.0,4.0,0.0,0
2020,3B,876.0,0.0,876.0,0.0,0
2020,3B1,557.0,0.0,557.0,0.0,0
2020,3B1a,342.0,0.0,342.0,0.0,0
2020,3B1b,215.0,0.0,215.0,0.0,0
2020,3B2,12.0,0.0,12.0,0.0,0
2020,3B3,131.0,0.0,131.0,0.0,0
2020,3B4d,0.0,0.0,0.0,,0
2020,3B4e,18.0,0.0,18.0,0.0,0
2020,3B4g,12.0,0.0,12.0,0.0,0
2020,3B4hii,0.0,0.0,0.0,,0
2020,3B4hiv,64.0,0.0,64.0,0.0,0
2020,3B5,82.0,0.0,82.0,0.0,0
2020,3D,3125.0,0.0,3125.0,0.0,0
2020,3D1,2836.0,0.0,2836.0,0.0,0
2020,3D1a,928.0,0.0,928.0,0.0,0
2020,3D1b,189.0,0.0,189.0,0.0,0
2020,3D1c,24.0,0.0,24.0,0.0,0
2020,3D1d,226.0,0.0,226.0,0.0,0
2020,3D1e,55.0,0.0,55.0,0.0,0
2020,3D1f,1413.0,0.0,1413.0,0.0,0
2020,3D2,289.0,0.0,289.0,0.0,0
2020,3F,2.0,0.0,2.0,0.0,0
2020,3G,201.0,201.0,0.0,100.0,0
2020,3H,2.0,2.0,0.0,100.0,0
2020,4,-2578.0,-4952.0,2374.0,192.08688906128782,0
2020,4(i)A,63.0,0.0,63.0,0.0,0
2020,4(i)E,4.0,0.0,4.0,0.0,0
2020,4(ii)A,1927.0,0.0,1927.0,0.0,0
2020,4(ii)D,339.0,0.0,339.0,0.0,0
2020,4(ii)E,5.0,0.0,5.0,0.0,0
2020,4(iii)A,2.0,0.0,2.0,0.0,0
2020,4(iii)B,5.0,0.0,5.0,0.0,0
2020,4(iii)C,1.0,0.0,1.0,0.0,0
2020,4(iii)E,26.0,0.0,26.0,0.0,0
2020,4(iv)A,3.0,0.0,3.0,0.0,0
2020,4(iv)C,0.0,0.0,0.0,,0
2020,4A,-13838.0,-15832.0,1994.0,114.40959676253794,0
2020,4Ai1,-7915.0,-7915.0,0.0,100.0,0
2020,4Ai2,-10737.0,-10737.0,0.0,100.0,0
2020,4Aiv,-3086.0,-3086.0,0.0,100.0,0
2020,4Av,5906.0,5906.0,0.0,100.0,0
2020,4B,8131.0,8126.0,5.0,99.9385069487148,0
2020,4Bi,588.0,588.0,0.0,100.0,0
2020,4Biv,732.0,732.0,0.0,100.0,0
2020,4Bv,6806.0,6806.0,0.0,100.0,0
2020,4C,757.0,756.0,1.0,99.8678996036988,0
2020,4Ci,-29.0,-29.0,0.0,100.0,0
2020,4Civ,-28.0,-28.0,0.0,100.0,0
2020,4Cv,813.0,813.0,0.0,100.0,0
2020,4D,2363.0,2024.0,339.0,85.65382987727465,0
2020,4Di,9.0,9.0,0.0,100.0,0
2020,4Diii,0.0,0.0,0.0,,0
2020,4Dv,2015.0,2015.0,0.0,100.0,0
2020,4E,1314.0,1279.0,35.0,97.33637747336378,0
2020,4Ei,906.0,906.0,0.0,100.0,0
2020,4Eiii,18.0,18.0,0.0,100.0,0
2020,4Eiv-v,355.0,355.0,0.0,100.0,0
2020,4G,-1306.0,-1306.0,0.0,100.0,0
2020,5,1915.0,0.0,1915.0,0.0,0
2020,5A,1551.0,0.0,1551.0,0.0,0
2020,5B,120.0,0.0,120.0,0.0,0
2020,5D,245.0,0.0,245.0,0.0,0
2020,INDCO2,66.0,66.0,0.0,100.0,0
2020,TOTAL_NO_LULUCF,47839.0,37784.0,10055.0,78.98158406321203,0
2020,TOTAL_WITH_LULUCF,45261.0,32831.0,12430.0,72.53706281345971,0
2021,1,34076.0,33251.0,825.0,97.57894119028056,0
2021,1A1,13320.0,13051.0,269.0,97.98048048048048,0
2021,1A2,6359.0,6199.0,160.0,97.48388111338261,0
2021,1A2(-1A2gvii),5217.0,5065.0,152.0,97.08644815027793,0
2021,1A2gvii,1142.0,1135.0,7.0,99.38704028021016,0
2021,1A3,10002.0,9904.0,98.0,99.02019596080784,0
2021,1A3a,81.0,81.0,0.0,100.0,0
2021,1A3b,9489.0,9398.0,91.0,99.04099483612605,0
2021,1A3bi,5280.0,5236.0,44.0,99.16666666666667,0
2021,1A3bii,956.0,947.0,9.0,99.05857740585773,0
2021,1A3biii,3160.0,3126.0,34.0,98.9240506329114,0
2021,1A3biv,92.0,90.0,2.0,97.82608695652173,0
2021,1A3c,71.0,71.0,0.0,100.0,0
2021,1A3d,361.0,354.0,7.0,98.06094182825484,0
2021,1A4,3636.0,3371.0,265.0,92.71177117711771,0
2021,1A4a,1179.0,1165.0,14.0,98.8125530110263,0
2021,1A4ai,883.0,871.0,12.0,98.6409966024915,0
2021,1A4aii,297.0,294.0,3.0,98.98989898989899,0
2021,1A4b,1075.0,841.0,234.0,78.23255813953487,0
2021,1A4bi,908.0,679.0,229.0,74.77973568281938,0
2021,1A4bii,167.0,162.0,5.0,97.0059880239521,0
2021,1A4c,1381.0,1365.0,16.0,98.84141926140478,0
2021,1A4ci,372.0,364.0,8.0,97.84946236559139,0
2021,1A4cii,911.0,904.0,7.0,99.23161361141602,0
2021,1A4ciii,98.0,98.0,0.0,100.0,0
2021,1A5,665.0,658.0,7.0,98.94736842105263,0
2021,1B,93.0,68.0,25.0,73.11827956989248,0
2021,1D,1715.0,1701.0,14.0,99.18367346938776,0
2021,1D1a,830.0,824.0,6.0,99.27710843373494,0
2021,1D1b,885.0,877.0,8.0,99.09604519774011,0
2021,2,5485.0,4370.0,1115.0,79.67183226982681,0
2021,2A,1017.0,1017.0,0.0,100.0,0
2021,2B,1327.0,1106.0,221.0,83.34589299171063,0
2021,2C,2094.0,2094.0,0.0,100.0,0
2021,2D,154.0,153.0,1.0,99.35064935064936,0
2021,2F,829.0,0.0,829.0,0.0,0
2021,2F1,807.0,0.0,807.0,0.0,0
2021,2F1a,491.0,0.0,491.0,0.0,0
2021,2F1b,0.0,0.0,0.0,,0
2021,2F1c,55.0,0.0,55.0,0.0,0
2021,2F1d,10.0,0.0,10.0,0.0,0
2021,2F1e,126.0,0.0,126.0,0.0,0
2021,2F1f,125.0,0.0,125.0,0.0,0
2021,2F2,4.0,0.0,4.0,0.0,0
2021,2F4,18.0,0.0,18.0,0.0,0
2021,2G,52.0,0.0,52.0,0.0,0
2021,2H,12.0,0.0,12.0,0.0,0
2021,3,6515.0,201.0,6314.0,3.0851880276285497,0
2021,3A,2208.0,0.0,2208.0,0.0,0
2021,3A1,2006.0,0.0,2006.0,0.0,0
2021,3A1a,1123.0,0.0,1123.0,0.0,0
2021,3A1b,883.0,0.0,883.0,0.0,0
2021,3A2,32.0,0.0,32.0,0.0,0
2021,3A3,26.0,0.0,26.0,0.0,0
2021,3A4d,1.0,0.0,1.0,0.0,0
2021,3A4e,37.0,0.0,37.0,0.0,0
2021,3A4hii,102.0,0.0,102.0,0.0,0
2021,3A4hiv,4.0,0.0,4.0,0.0,0
2021,3B,912.0,0.0,912.0,0.0,0
2021,3B1,595.0,0.0,595.0,0.0,0
2021,3B1a,367.0,0.0,367.0,0.0,0
2021,3B1b,228.0,0.0,228.0,0.0,0
2021,3B2,12.0,0.0,12.0,0.0,0
2021,3B3,136.0,0.0,136.0,0.0,0
2021,3B4d,0.0,0.0,0.0,,0
2021,3B4e,18.0,0.0,18.0,0.0,0
2021,3B4g,12.0,0.0,12.0,0.0,0
2021,3B4hii,0.0,0.0,0.0,,0
2021,3B4hiv,59.0,0.0,59.0,0.0,0
2021,3B5,79.0,0.0,79.0,0.0,0
2021,3D,3194.0,0.0,3194.0,0.0,0
2021,3D1,2903.0,0.0,2903.0,0.0,0
2021,3D1a,971.0,0.0,971.0,0.0,0
2021,3D1b,185.0,0.0,185.0,0.0,0
2021,3D1c,23.0,0.0,23.0,0.0,0
2021,3D1d,204.0,0.0,204.0,0.0,0
2021,3D1e,97.0,0.0,97.0,0.0,0
2021,3D1f,1422.0,0.0,1422.0,0.0,0
2021,3D2,291.0,0.0,291.0,0.0,0
2021,3F,0.0,0.0,0.0,,0
2021,3G,200.0,200.0,0.0,100.0,0
2021,3H,1.0,1.0,0.0,100.0,0
2021,4,7505.0,5166.0,2339.0,68.83411059293803,0
2021,4(i)A,49.0,0.0,49.0,0.0,0
2021,4(i)E,3.0,0.0,3.0,0.0,0
2021,4(ii)A,1912.0,0.0,1912.0,0.0,0
2021,4(ii)D,335.0,0.0,335.0,0.0,0
2021,4(ii)E,5.0,0.0,5.0,0.0,0
2021,4(iii)A,1.0,0.0,1.0,0.0,0
2021,4(iii)B,5.0,0.0,5.0,0.0,0
2021,4(iii)C,1.0,0.0,1.0,0.0,0
2021,4(iii)E,26.0,0.0,26.0,0.0,0
2021,4(iv)A,2.0,0.0,2.0,0.0,0
2021,4(iv)C,0.0,0.0,0.0,,0
2021,4A,-1801.0,-3766.0,1965.0,209.106052193226,0
2021,4Ai1,658.0,658.0,0.0,100.0,0
2021,4Ai2,-8546.0,-8546.0,0.0,100.0,0
2021,4Aiv,-1810.0,-1810.0,0.0,100.0,0
2021,4Av,5932.0,5932.0,0.0,100.0,0
2021,4B,8636.0,8631.0,5.0,99.94210282538212,0
2021,4Bi,550.0,550.0,0.0,100.0,0
2021,4Biv,1227.0,1227.0,0.0,100.0,0
2021,4Bv,6854.0,6854.0,0.0,100.0,0
2021,4C,722.0,721.0,1.0,99.86149584487535,0
2021,4Ci,-58.0,-58.0,0.0,100.0,0
2021,4Civ,-29.0,-29.0,0.0,100.0,0
2021,4Cv,807.0,807.0,0.0,100.0,0
2021,4D,2485.0,2151.0,334.0,86.55935613682092,0
2021,4Di,0.0,0.0,0.0,,0
2021,4Diii,0.0,0.0,0.0,,0
2021,4Dv,2151.0,2151.0,0.0,100.0,0
2021,4E,1181.0,1147.0,34.0,97.12108382726502,0
2021,4Ei,787.0,787.0,0.0,100.0,0
2021,4Eiii,15.0,15.0,0.0,100.0,0
2021,4Eiv-v,345.0,345.0,0.0,100.0,0
2021,4G,-3718.0,-3718.0,0.0,100.0,0
2021,5,1819.0,0.0,1819.0,0.0,0
2021,5A,1470.0,0.0,1470.0,0.0,0
2021,5B,109.0,0.0,109.0,0.0,0
2021,5D,241.0,0.0,241.0,0.0,0
2021,INDCO2,56.0,56.0,0.0,100.0,0
2021,TOTAL_NO_LULUCF,47951.0,37879.0,10072.0,78.99522429146421,0
2021,TOTAL_WITH_LULUCF,55456.0,43045.0,12411.0,77.62009521061742,0
2022,1,32730.0,31945.0,785.0,97.60158875649252,0
2022,1A1,12813.0,12547.0,266.0,97.92398345430422,0
2022,1A2,5824.0,5679.0,145.0,97.5103021978022,0
2022,1A2(-1A2gvii),4698.0,4560.0,138.0,97.06257982120052,0
2022,1A2gvii,1127.0,1119.0,8.0,99.29015084294588,0
2022,1A3,9832.0,9735.0,97.0,99.01342554922702,0
2022,1A3a,138.0,137.0,1.0,99.27536231884058,0
2022,1A3b,9288.0,9200.0,88.0,99.05254091300603,0
2022,1A3bi,5026.0,4985.0,41.0,99.1842419419021,0
2022,1A3bii,952.0,943.0,9.0,99.0546218487395,0
2022,1A3biii,3221.0,3186.0,35.0,98.91338093759701,0
2022,1A3biv,88.0,86.0,2.0,97.72727272727273,0
2022,1A3c,59.0,59.0,0.0,100.0,0
2022,1A3d,346.0,340.0,6.0,98.26589595375722,0
2022,1A4,3406.0,3163.0,243.0,92.86553141514973,0
2022,1A4a,1101.0,1088.0,13.0,98.81925522252499,0
2022,1A4ai,816.0,805.0,11.0,98.65196078431373,0
2022,1A4aii,285.0,283.0,2.0,99.29824561403508,0
2022,1A4b,856.0,641.0,215.0,74.88317757009347,0
2022,1A4bi,693.0,484.0,209.0,69.84126984126983,0
2022,1A4bii,163.0,157.0,6.0,96.31901840490798,0
2022,1A4c,1449.0,1434.0,15.0,98.9648033126294,0
2022,1A4ci,375.0,366.0,9.0,97.6,0
2022,1A4cii,976.0,970.0,6.0,99.38524590163934,0
2022,1A4ciii,98.0,97.0,1.0,98.9795918367347,0
2022,1A5,763.0,755.0,8.0,98.95150720838795,0
2022,1B,92.0,65.0,27.0,70.65217391304348,0
2022,1D,2709.0,2688.0,21.0,99.2248062015504,0
2022,1D1a,1642.0,1630.0,12.0,99.2691839220463,0
2022,1D1b,1067.0,1058.0,9.0,99.15651358950328,0
2022,2,5127.0,4166.0,961.0,81.25609518236786,0
2022,2A,940.0,940.0,0.0,100.0,0
2022,2B,1265.0,1118.0,147.0,88.3794466403162,0
2022,2C,1974.0,1974.0,0.0,100.0,0
2022,2D,134.0,134.0,0.0,100.0,0
2022,2F,760.0,0.0,760.0,0.0,0
2022,2F1,739.0,0.0,739.0,0.0,0
2022,2F1a,430.0,0.0,430.0,0.0,0
2022,2F1b,0.0,0.0,0.0,,0
2022,2F1c,54.0,0.0,54.0,0.0,0
2022,2F1d,8.0,0.0,8.0,0.0,0
2022,2F1e,116.0,0.0,116.0,0.0,0
2022,2F1f,131.0,0.0,131.0,0.0,0
2022,2F2,4.0,0.0,4.0,0.0,0
2022,2F4,17.0,0.0,17.0,0.0,0
2022,2G,44.0,0.0,44.0,0.0,0
2022,2H,9.0,0.0,9.0,0.0,0
2022,3,6167.0,221.0,5946.0,3.5835900762120967,0
2022,3A,2172.0,0.0,2172.0,0.0,0
2022,3A1,1972.0,0.0,1972.0,0.0,0
2022,3A1a,1098.0,0.0,1098.0,0.0,0
2022,3A1b,875.0,0.0,875.0,0.0,0
2022,3A2,32.0,0.0,32.0,0.0,0
2022,3A3,24.0,0.0,24.0,0.0,0
2022,3A4d,1.0,0.0,1.0,0.0,0
2022,3A4e,36.0,0.0,36.0,0.0,0
2022,3A4hii,103.0,0.0,103.0,0.0,0
2022,3A4hiv,3.0,0.0,3.0,0.0,0
2022,3B,828.0,0.0,828.0,0.0,0
2022,3B1,560.0,0.0,560.0,0.0,0
2022,3B1a,337.0,0.0,337.0,0.0,0
2022,3B1b,222.0,0.0,222.0,0.0,0
2022,3B2,12.0,0.0,12.0,0.0,0
2022,3B3,114.0,0.0,114.0,0.0,0
2022,3B4d,0.0,0.0,0.0,,0
2022,3B4e,17.0,0.0,17.0,0.0,0
2022,3B4g,13.0,0.0,13.0,0.0,0
2022,3B4hii,0.0,0.0,0.0,,0
2022,3B4hiv,38.0,0.0,38.0,0.0,0
2022,3B5,74.0,0.0,74.0,0.0,0
2022,3D,2946.0,0.0,2946.0,0.0,0
2022,3D1,2684.0,0.0,2684.0,0.0,0
2022,3D1a,720.0,0.0,720.0,0.0,0
2022,3D1b,179.0,0.0,179.0,0.0,0
2022,3D1c,22.0,0.0,22.0,0.0,0
2022,3D1d,230.0,0.0,230.0,0.0,0
2022,3D1e,98.0,0.0,98.0,0.0,0
2022,3D1f,1435.0,0.0,1435.0,0.0,0
2022,3D2,262.0,0.0,262.0,0.0,0
2022,3F,0.0,0.0,0.0,,0
2022,3G,215.0,215.0,0.0,100.0,0
2022,3H,6.0,6.0,0.0,100.0,0
2022,4,7857.0,5554.0,2303.0,70.68855797378134,0
2022,4(i)A,10.0,0.0,10.0,0.0,0
2022,4(i)E,3.0,0.0,3.0,0.0,0
2022,4(ii)A,1911.0,0.0,1911.0,0.0,0
2022,4(ii)D,330.0,0.0,330.0,0.0,0
2022,4(ii)E,5.0,0.0,5.0,0.0,0
2022,4(iii)A,13.0,0.0,13.0,0.0,0
2022,4(iii)B,5.0,0.0,5.0,0.0,0
2022,4(iii)C,1.0,0.0,1.0,0.0,0
2022,4(iii)E,25.0,0.0,25.0,0.0,0
2022,4(iv)A,1.0,0.0,1.0,0.0,0
2022,4(iv)C,0.0,0.0,0.0,,0
2022,4A,-1607.0,-3541.0,1934.0,220.34847542003732,0
2022,4Ai1,-605.0,-605.0,0.0,100.0,0
2022,4Ai2,-8927.0,-8927.0,0.0,100.0,0
2022,4Aiv,-1298.0,-1298.0,0.0,100.0,0
2022,4Av,7289.0,7289.0,0.0,100.0,0
2022,4B,8648.0,8642.0,6.0,99.93061979648473,0
2022,4Bi,480.0,480.0,0.0,100.0,0
2022,4Biv,1247.0,1247.0,0.0,100.0,0
2022,4Bv,6915.0,6915.0,0.0,100.0,0
2022,4C,697.0,696.0,1.0,99.85652797704448,0
2022,4Ci,-76.0,-76.0,0.0,100.0,0
2022,4Civ,-30.0,-30.0,0.0,100.0,0
2022,4Cv,802.0,802.0,0.0,100.0,0
2022,4D,2323.0,1993.0,330.0,85.79423159707275,0
2022,4Di,0.0,0.0,0.0,,0
2022,4Diii,0.0,0.0,0.0,,0
2022,4Dv,1993.0,1993.0,0.0,100.0,0
2022,4E,1082.0,1050.0,32.0,97.04251386321626,0
2022,4Ei,701.0,701.0,0.0,100.0,0
2022,4Eiii,13.0,13.0,0.0,100.0,0
2022,4Eiv-v,335.0,335.0,0.0,100.0,0
2022,4G,-3286.0,-3286.0,0.0,100.0,0
2022,5,1728.0,0.0,1728.0,0.0,0
2022,5A,1384.0,0.0,1384.0,0.0,0
2022,5B,109.0,0.0,109.0,0.0,0
2022,5D,234.0,0.0,234.0,0.0,0
2022,INDCO2,47.0,47.0,0.0,100.0,0
2022,TOTAL_NO_LULUCF,45799.0,36380.0,9419.0,79.4340487783576,0
2022,TOTAL_WITH_LULUCF,53656.0,41934.0,11722.0,78.15342179812137,0
2023,1,28422.0,27677.0,745.0,97.37879107733445,0
2023,1A1,9986.0,9746.0,240.0,97.59663528940517,0
2023,1A2,4999.0,4866.0,133.0,97.33946789357871,0
2023,1A2(-1A2gvii),3892.0,3766.0,126.0,96.76258992805755,0
2023,1A2gvii,1107.0,1099.0,8.0,99.2773261065944,0
2023,1A3,9450.0,9357.0,93.0,99.01587301587301,0
2023,1A3a,136.0,135.0,1.0,99.26470588235294,0
2023,1A3b,8937.0,8852.0,85.0,99.04889784043863,0
2023,1A3bi,4896.0,4856.0,40.0,99.18300653594771,0
2023,1A3bii,937.0,928.0,9.0,99.03948772678763,0
2023,1A3biii,3014.0,2980.0,34.0,98.87193098871931,0
2023,1A3biv,89.0,87.0,2.0,97.75280898876404,0
2023,1A3c,56.0,56.0,0.0,100.0,0
2023,1A3d,321.0,315.0,6.0,98.13084112149532,0
2023,1A4,3196.0,2963.0,233.0,92.70963704630788,0
2023,1A4a,1144.0,1130.0,14.0,98.77622377622379,0
2023,1A4ai,869.0,858.0,11.0,98.73417721518987,0
2023,1A4aii,275.0,272.0,3.0,98.9090909090909,0
2023,1A4b,589.0,385.0,204.0,65.36502546689303,0
2023,1A4bi,432.0,233.0,199.0,53.93518518518518,0
2023,1A4bii,157.0,151.0,6.0,96.17834394904459,0
2023,1A4c,1463.0,1448.0,15.0,98.97470950102529,0
2023,1A4ci,383.0,375.0,8.0,97.911227154047,0
2023,1A4cii,982.0,976.0,6.0,99.38900203665987,0
2023,1A4ciii,98.0,98.0,0.0,100.0,0
2023,1A5,666.0,658.0,8.0,98.7987987987988,0
2023,1B,126.0,86.0,40.0,68.25396825396825,0
2023,1D,2830.0,2808.0,22.0,99.2226148409894,0
2023,1D1a,1937.0,1923.0,14.0,99.27723283427981,0
2023,1D1b,893.0,885.0,8.0,99.10414333706606,0
2023,2,4875.0,4014.0,861.0,82.33846153846154,0
2023,2A,765.0,765.0,0.0,100.0,0
2023,2B,1262.0,1153.0,109.0,91.36291600633915,0
2023,2C,1975.0,1975.0,0.0,100.0,0
2023,2D,122.0,121.0,1.0,99.18032786885246,0
2023,2F,695.0,0.0,695.0,0.0,0
2023,2F1,673.0,0.0,673.0,0.0,0
2023,2F1a,369.0,0.0,369.0,0.0,0
2023,2F1b,0.0,0.0,0.0,,0
2023,2F1c,51.0,0.0,51.0,0.0,0
2023,2F1d,8.0,0.0,8.0,0.0,0
2023,2F1e,107.0,0.0,107.0,0.0,0
2023,2F1f,138.0,0.0,138.0,0.0,0
2023,2F2,5.0,0.0,5.0,0.0,0
2023,2F4,17.0,0.0,17.0,0.0,0
2023,2G,48.0,0.0,48.0,0.0,0
2023,2H,9.0,0.0,9.0,0.0,0
2023,3,6235.0,183.0,6052.0,2.9350441058540495,0
2023,3A,2107.0,0.0,2107.0,0.0,0
2023,3A1,1915.0,0.0,1915.0,0.0,0
2023,3A1a,1071.0,0.0,1071.0,0.0,0
2023,3A1b,843.0,0.0,843.0,0.0,0
2023,3A2,30.0,0.0,30.0,0.0,0
2023,3A3,24.0,0.0,24.0,0.0,0
2023,3A4d,1.0,0.0,1.0,0.0,0
2023,3A4e,36.0,0.0,36.0,0.0,0
2023,3A4hii,100.0,0.0,100.0,0.0,0
2023,3A4hiv,2.0,0.0,2.0,0.0,0
2023,3B,798.0,0.0,798.0,0.0,0
2023,3B1,539.0,0.0,539.0,0.0,0
2023,3B1a,325.0,0.0,325.0,0.0,0
2023,3B1b,214.0,0.0,214.0,0.0,0
2023,3B2,11.0,0.0,11.0,0.0,0
2023,3B3,111.0,0.0,111.0,0.0,0
2023,3B4d,0.0,0.0,0.0,,0
2023,3B4e,17.0,0.0,17.0,0.0,0
2023,3B4g,13.0,0.0,13.0,0.0,0
2023,3B4hii,0.0,0.0,0.0,,0
2023,3B4hiv,35.0,0.0,35.0,0.0,0
2023,3B5,71.0,0.0,71.0,0.0,0
2023,3D,3147.0,0.0,3147.0,0.0,0
2023,3D1,2871.0,0.0,2871.0,0.0,0
2023,3D1a,924.0,0.0,924.0,0.0,0
2023,3D1b,174.0,0.0,174.0,0.0,0
2023,3D1c,22.0,0.0,22.0,0.0,0
2023,3D1d,242.0,0.0,242.0,0.0,0
2023,3D1e,69.0,0.0,69.0,0.0,0
2023,3D1f,1440.0,0.0,1440.0,0.0,0
2023,3D2,275.0,0.0,275.0,0.0,0
2023,3F,0.0,0.0,0.0,,0
2023,3G,175.0,175.0,0.0,100.0,0
2023,3H,9.0,9.0,0.0,100.0,0
2023,4,6854.0,4513.0,2341.0,65.84476218266705,0
2023,4(i)A,66.0,0.0,66.0,0.0,0
2023,4(i)E,2.0,0.0,2.0,0.0,0
2023,4(ii)A,1909.0,0.0,1909.0,0.0,0
2023,4(ii)D,326.0,0.0,326.0,0.0,0
2023,4(ii)E,5.0,0.0,5.0,0.0,0
2023,4(iii)A,1.0,0.0,1.0,0.0,0
2023,4(iii)B,5.0,0.0,5.0,0.0,0
2023,4(iii)C,1.0,0.0,1.0,0.0,0
2023,4(iii)E,24.0,0.0,24.0,0.0,0
2023,4(iv)A,2.0,0.0,2.0,0.0,0
2023,4(iv)C,0.0,0.0,0.0,,0
2023,4A,-3639.0,-5617.0,1978.0,154.35559219565815,0
2023,4Ai1,-3367.0,-3367.0,0.0,100.0,0
2023,4Ai2,-9513.0,-9513.0,0.0,100.0,0
2023,4Aiv,-1482.0,-1482.0,0.0,100.0,0
2023,4Av,8745.0,8745.0,0.0,100.0,0
2023,4B,8242.0,8238.0,4.0,99.95146809026936,0
2023,4Bi,401.0,401.0,0.0,100.0,0
2023,4Biv,893.0,893.0,0.0,100.0,0
2023,4Bv,6944.0,6944.0,0.0,100.0,0
2023,4C,666.0,666.0,0.0,100.0,0
2023,4Ci,-100.0,-100.0,0.0,100.0,0
2023,4Civ,-31.0,-31.0,0.0,100.0,0
2023,4Cv,797.0,797.0,0.0,100.0,0
2023,4D,2253.0,1927.0,326.0,85.53040390590324,0
2023,4Di,0.0,0.0,0.0,,0
2023,4Diii,0.0,0.0,0.0,,0
2023,4Dv,1927.0,1927.0,0.0,100.0,0
2023,4E,968.0,937.0,31.0,96.79752066115702,0
2023,4Ei,602.0,602.0,0.0,100.0,0
2023,4Eiii,12.0,12.0,0.0,100.0,0
2023,4Eiv-v,324.0,324.0,0.0,100.0,0
2023,4G,-1637.0,-1637.0,0.0,100.0,0
2023,5,1648.0,0.0,1648.0,0.0,0
2023,5A,1326.0,0.0,1326.0,0.0,0
2023,5B,90.0,0.0,90.0,0.0,0
2023,5D,233.0,0.0,233.0,0.0,0
2023,INDCO2,43.0,43.0,0.0,100.0,0
2023,TOTAL_NO_LULUCF,41224.0,31917.0,9307.0,77.4233456239084,0
2023,TOTAL_WITH_LULUCF,48078.0,36430.0,11648.0,75.77270269145971,0
2024,1,26660.0,25966.0,694.0,97.39684921230307,0
2024,1A1,8366.0,8145.0,221.0,97.35835524743007,0
2024,1A2,4845.0,4711.0,134.0,97.23426212590299,0
2024,1A2(-1A2gvii),3745.0,3619.0,126.0,96.6355140186916,0
2024,1A2gvii,1100.0,1092.0,8.0,99.27272727272727,0
2024,1A3,9632.0,9542.0,90.0,99.0656146179402,0
2024,1A3a,148.0,147.0,1.0,99.32432432432432,0
2024,1A3b,9145.0,9062.0,83.0,99.09240021869874,0
2024,1A3bi,5007.0,4969.0,38.0,99.24106251248253,0
2024,1A3bii,972.0,963.0,9.0,99.07407407407408,0
2024,1A3biii,3072.0,3039.0,33.0,98.92578125,0
2024,1A3biv,93.0,91.0,2.0,97.84946236559139,0
2024,1A3c,46.0,45.0,1.0,97.82608695652173,0
2024,1A3d,294.0,288.0,6.0,97.95918367346938,0
2024,1A4,3096.0,2873.0,223.0,92.79715762273901,0
2024,1A4a,1135.0,1121.0,14.0,98.76651982378854,0
2024,1A4ai,859.0,848.0,11.0,98.71944121071013,0
2024,1A4aii,275.0,273.0,2.0,99.27272727272727,0
2024,1A4b,536.0,342.0,194.0,63.80597014925373,0
2024,1A4bi,384.0,196.0,188.0,51.041666666666664,0
2024,1A4bii,151.0,146.0,5.0,96.68874172185431,0
2024,1A4c,1425.0,1410.0,15.0,98.94736842105263,0
2024,1A4ci,415.0,407.0,8.0,98.0722891566265,0
2024,1A4cii,918.0,912.0,6.0,99.34640522875817,0
2024,1A4ciii,92.0,91.0,1.0,98.91304347826086,0
2024,1A5,624.0,617.0,7.0,98.87820512820514,0
2024,1B,98.0,78.0,20.0,79.59183673469387,0
2024,1D,2986.0,2963.0,23.0,99.2297387809779,0
2024,1D1a,2049.0,2034.0,15.0,99.26793557833089,0
2024,1D1b,937.0,929.0,8.0,99.1462113127001,0
2024,2,4556.0,3767.0,789.0,82.68217734855135,0
2024,2A,586.0,586.0,0.0,100.0,0
2024,2B,1213.0,1089.0,124.0,89.77741137675186,0
2024,2C,1971.0,1971.0,0.0,100.0,0
2024,2D,121.0,120.0,1.0,99.17355371900827,0
2024,2F,611.0,0.0,611.0,0.0,0
2024,2F1,591.0,0.0,591.0,0.0,0
2024,2F1a,304.0,0.0,304.0,0.0,0
2024,2F1b,0.0,0.0,0.0,,0
2024,2F1c,48.0,0.0,48.0,0.0,0
2024,2F1d,7.0,0.0,7.0,0.0,0
2024,2F1e,99.0,0.0,99.0,0.0,0
2024,2F1f,133.0,0.0,133.0,0.0,0
2024,2F2,4.0,0.0,4.0,0.0,0
2024,2F4,16.0,0.0,16.0,0.0,0
2024,2G,47.0,0.0,47.0,0.0,0
2024,2H,7.0,0.0,7.0,0.0,0
2024,3,6401.0,170.0,6231.0,2.6558350257772223,0
2024,3A,2076.0,0.0,2076.0,0.0,0
2024,3A1,1884.0,0.0,1884.0,0.0,0
2024,3A1a,1061.0,0.0,1061.0,0.0,0
2024,3A1b,824.0,0.0,824.0,0.0,0
2024,3A2,28.0,0.0,28.0,0.0,0
2024,3A3,23.0,0.0,23.0,0.0,0
2024,3A4d,1.0,0.0,1.0,0.0,0
2024,3A4e,35.0,0.0,35.0,0.0,0
2024,3A4hii,102.0,0.0,102.0,0.0,0
2024,3A4hiv,2.0,0.0,2.0,0.0,0
2024,3B,803.0,0.0,803.0,0.0,0
2024,3B1,554.0,0.0,554.0,0.0,0
2024,3B1a,341.0,0.0,341.0,0.0,0
2024,3B1b,213.0,0.0,213.0,0.0,0
2024,3B2,11.0,0.0,11.0,0.0,0
2024,3B3,116.0,0.0,116.0,0.0,0
2024,3B4d,0.0,0.0,0.0,,0
2024,3B4e,17.0,0.0,17.0,0.0,0
2024,3B4g,14.0,0.0,14.0,0.0,0
2024,3B4hii,0.0,0.0,0.0,,0
2024,3B4hiv,22.0,0.0,22.0,0.0,0
2024,3B5,70.0,0.0,70.0,0.0,0
2024,3D,3352.0,0.0,3352.0,0.0,0
2024,3D1,3053.0,0.0,3053.0,0.0,0
2024,3D1a,1073.0,0.0,1073.0,0.0,0
2024,3D1b,172.0,0.0,172.0,0.0,0
2024,3D1c,21.0,0.0,21.0,0.0,0
2024,3D1d,253.0,0.0,253.0,0.0,0
2024,3D1e,87.0,0.0,87.0,0.0,0
2024,3D1f,1446.0,0.0,1446.0,0.0,0
2024,3D2,299.0,0.0,299.0,0.0,0
2024,3F,0.0,0.0,0.0,,0
2024,3G,167.0,167.0,0.0,100.0,0
2024,3H,4.0,4.0,0.0,100.0,0
2024,4,9768.0,7388.0,2380.0,75.63472563472563,0
2024,4(i)A,80.0,0.0,80.0,0.0,0
2024,4(i)E,3.0,0.0,3.0,0.0,0
2024,4(ii)A,1908.0,0.0,1908.0,0.0,0
2024,4(ii)D,323.0,0.0,323.0,0.0,0
2024,4(ii)E,5.0,0.0,5.0,0.0,0
2024,4(iii)A,34.0,0.0,34.0,0.0,0
2024,4(iii)B,4.0,0.0,4.0,0.0,0
2024,4(iii)C,1.0,0.0,1.0,0.0,0
2024,4(iii)E,23.0,0.0,23.0,0.0,0
2024,4(iv)A,1.0,0.0,1.0,0.0,0
2024,4(iv)C,0.0,0.0,0.0,,0
2024,4A,-131.0,-2154.0,2023.0,1644.2748091603055,0
2024,4Ai1,-1912.0,-1912.0,0.0,100.0,0
2024,4Ai2,-9194.0,-9194.0,0.0,100.0,0
2024,4Aiv,-758.0,-758.0,0.0,100.0,0
2024,4Av,9710.0,9710.0,0.0,100.0,0
2024,4B,8436.0,8432.0,4.0,99.95258416311049,0
2024,4Bi,387.0,387.0,0.0,100.0,0
2024,4Biv,1095.0,1095.0,0.0,100.0,0
2024,4Bv,6950.0,6950.0,0.0,100.0,0
2024,4C,654.0,653.0,1.0,99.84709480122325,0
2024,4Ci,-106.0,-106.0,0.0,100.0,0
2024,4Civ,-32.0,-32.0,0.0,100.0,0
2024,4Cv,791.0,791.0,0.0,100.0,0
2024,4D,2087.0,1764.0,323.0,84.52323909918543,0
2024,4Di,0.0,0.0,0.0,,0
2024,4Diii,0.0,0.0,0.0,,0
2024,4Dv,1764.0,1764.0,0.0,100.0,0
2024,4E,865.0,835.0,30.0,96.53179190751445,0
2024,4Ei,515.0,515.0,0.0,100.0,0
2024,4Eiii,9.0,9.0,0.0,100.0,0
2024,4Eiv-v,311.0,311.0,0.0,100.0,0
2024,4G,-2143.0,-2143.0,0.0,100.0,0
2024,5,1624.0,0.0,1624.0,0.0,0
2024,5A,1291.0,0.0,1291.0,0.0,0
2024,5B,104.0,0.0,104.0,0.0,0
2024,5D,230.0,0.0,230.0,0.0,0
2024,INDCO2,42.0,42.0,0.0,100.0,0
2024,TOTAL_NO_LULUCF,39283.0,29945.0,9338.0,76.22890308784972,0
2024,TOTAL_WITH_LULUCF,49052.0,37333.0,11719.0,76.10902715485607,0
2025,1,24070.0,23412.0,658.0,97.26630660573328,1
2025,1A1,6923.0,6713.0,210.0,96.96663296258848,1
2025,1A2,4774.0,4640.0,134.0,97.19312945119397,1
2025,1A2(-1A2gvii),3690.0,3564.0,126.0,96.58536585365853,1
2025,1A2gvii,1084.0,1076.0,8.0,99.2619926199262,1
2025,1A3,8972.0,8886.0,86.0,99.04146232724031,1
2025,1A3a,153.0,152.0,1.0,99.34640522875817,1
2025,1A3b,8528.0,8448.0,80.0,99.06191369606003,1
2025,1A3bi,4694.0,4658.0,36.0,99.23306348530039,1
2025,1A3bii,888.0,879.0,9.0,98.98648648648648,1
2025,1A3biii,2855.0,2822.0,33.0,98.84413309982487,1
2025,1A3biv,91.0,89.0,2.0,97.8021978021978,1
2025,1A3c,40.0,39.0,1.0,97.5,1
2025,1A3d,252.0,247.0,5.0,98.01587301587301,1
2025,1A4,2765.0,2560.0,205.0,92.58589511754069,1
2025,1A4a,,,,,1
2025,1A4ai,,,,,1
2025,1A4aii,265.0,262.0,3.0,98.86792452830188,1
2025,1A4b,,,,,1
2025,1A4bi,,,,,1
2025,1A4bii,147.0,142.0,5.0,96.5986394557823,1
2025,1A4c,,,,,1
2025,1A4ci,,,,,1
2025,1A4cii,864.0,858.0,6.0,99.30555555555556,1
2025,1A4ciii,95.0,94.0,1.0,98.94736842105263,1
2025,1A5,556.0,549.0,7.0,98.7410071942446,1
2025,1B,80.0,64.0,16.0,80.0,1
2025,1D,2986.0,2963.0,23.0,99.2297387809779,1
2025,1D1a,2049.0,2034.0,15.0,99.26793557833089,1
2025,1D1b,938.0,929.0,9.0,99.0405117270789,1
2025,2,4684.0,4002.0,682.0,85.4397950469684,1
2025,2A,678.0,678.0,0.0,100.0,1
2025,2B,1292.0,1193.0,99.0,92.3374613003096,1
2025,2C,2011.0,2011.0,0.0,100.0,1
2025,2D,121.0,120.0,1.0,99.17355371900827,1
2025,2F,529.0,0.0,529.0,0.0,1
2025,2F1,509.0,0.0,509.0,0.0,1
2025,2F1a,239.0,0.0,239.0,0.0,1
2025,2F1b,0.0,0.0,0.0,,1
2025,2F1c,45.0,0.0,45.0,0.0,1
2025,2F1d,7.0,0.0,7.0,0.0,1
2025,2F1e,87.0,0.0,87.0,0.0,1
2025,2F1f,131.0,0.0,131.0,0.0,1
2025,2F2,4.0,0.0,4.0,0.0,1
2025,2F4,16.0,0.0,16.0,0.0,1
2025,2G,47.0,0.0,47.0,0.0,1
2025,2H,7.0,0.0,7.0,0.0,1
2025,3,6256.0,170.0,6086.0,2.717391304347826,1
2025,3A,2032.0,0.0,2032.0,0.0,1
2025,3A1,,0.0,,,1
2025,3A1a,,0.0,,,1
2025,3A1b,,0.0,,,1
2025,3A2,,0.0,,,1
2025,3A3,,0.0,,,1
2025,3A4d,,0.0,,,1
2025,3A4e,,0.0,,,1
2025,3A4hii,,0.0,,,1
2025,3A4hiv,,0.0,,,1
2025,3B,738.0,0.0,738.0,0.0,1
2025,3B1,,0.0,,,1
2025,3B1a,,0.0,,,1
2025,3B1b,,0.0,,,1
2025,3B2,,0.0,,,1
2025,3B3,,0.0,,,1
2025,3B4d,,0.0,,,1
2025,3B4e,,0.0,,,1
2025,3B4g,,0.0,,,1
2025,3B4hii,,0.0,,,1
2025,3B4hiv,,0.0,,,1
2025,3B5,,0.0,,,1
2025,3D,3315.0,0.0,3315.0,0.0,1
2025,3D1,,0.0,,,1
2025,3D1a,,0.0,,,1
2025,3D1b,,0.0,,,1
2025,3D1c,,0.0,,,1
2025,3D1d,,0.0,,,1
2025,3D1e,,0.0,,,1
2025,3D1f,,0.0,,,1
2025,3D2,,0.0,,,1
2025,3F,0.0,0.0,0.0,,1
2025,3G,167.0,167.0,0.0,100.0,1
2025,3H,4.0,4.0,0.0,100.0,1
2025,4,9435.0,7054.0,2381.0,74.76417594064652,1
2025,4(i)A,,0.0,,,1
2025,4(i)E,,0.0,,,1
2025,4(ii)A,,0.0,,,1
2025,4(ii)D,,0.0,,,1
2025,4(ii)E,,0.0,,,1
2025,4(iii)A,,0.0,,,1
2025,4(iii)B,,0.0,,,1
2025,4(iii)C,,0.0,,,1
2025,4(iii)E,,0.0,,,1
2025,4(iv)A,,0.0,,,1
2025,4(iv)C,,,,,1
2025,4A,1338.0,-685.0,2023.0,-51.195814648729446,1
2025,4Ai1,,,,,1
2025,4Ai2,,,,,1
2025,4Aiv,,,,,1
2025,4Av,,,,,1
2025,4B,8190.0,8186.0,4.0,99.95115995115995,1
2025,4Bi,,,,,1
2025,4Biv,,,,,1
2025,4Bv,,,,,1
2025,4C,654.0,653.0,1.0,99.84709480122325,1
2025,4Ci,,,,,1
2025,4Civ,,,,,1
2025,4Cv,,,,,1
2025,4D,2087.0,1764.0,323.0,84.52323909918543,1
2025,4Di,,,,,1
2025,4Diii,,,,,1
2025,4Dv,,,,,1
2025,4E,865.0,835.0,30.0,96.53179190751445,1
2025,4Ei,,,,,1
2025,4Eiii,,,,,1
2025,4Eiv-v,,,,,1
2025,4G,-3700.0,-3700.0,0.0,100.0,1
2025,5,1489.0,0.0,1489.0,0.0,1
2025,5A,1156.0,0.0,1156.0,0.0,1
2025,5B,104.0,0.0,104.0,0.0,1
2025,5D,230.0,0.0,230.0,0.0,1
2025,INDCO2,42.0,42.0,0.0,100.0,1
2025,TOTAL_NO_LULUCF,36541.0,27627.0,8914.0,75.60548425056786,1
2025,TOTAL_WITH_LULUCF,45976.0,34681.0,11295.0,75.4328345223595,1
