date_key,co2_intensity_weighted_avg,co2_intensity_simple_avg,consumption_co2_intens_weighted_avg,consumption_co2_intens_simple_avg,total_production_mwh,wind_mwh,nuclear_mwh,hydro_mwh,chp_district_mwh,chp_industrial_mwh,consumption_mwh,daily_co2_mt,daily_co2_consumption_mt,avg_slot_count
20180101,100.96202230065182,101.03757247916667,122.5293969066992,122.81991470833334,189527.3349915,15580.625921000003,67004.5,35607.6549495,35753.754946,33558.6899485,240515.23997199998,0.019135063021994934,0.02947018730063919,20.0
20180102,106.65198707120486,106.69754002083334,135.63583259365626,137.10860204166667,187151.71999050002,6013.982572,66998.625,40682.0999475,37997.7049465,33601.249948,256939.85498950002,0.019960102820780562,0.03485025115799414,20.0
20180103,105.17344201506691,105.25131091666667,137.9243154275495,139.14633120833332,195772.7799905,12005.1134375,67011.0549995,40982.399936,39545.2249475,34434.9999515,257927.5199865,0.020590097124459306,0.0355744766240636,20.0
20180104,106.07024748744554,106.20998810416665,137.33112826351908,138.55628935416667,200867.334989,10761.912946,67001.15,45194.3399415,41409.669951,34446.494945,262884.1799925,0.02130604793442686,0.036102181041000055,20.0
20180105,101.25711179960015,101.257318625,132.05422642744975,132.944935125,207610.354986,19070.744438499998,66998.75,44601.4949475,40867.674948,34171.924947,262146.6249915,0.021022024925572074,0.034617569773819294,20.0
20180106,102.22992485591638,102.5670845,136.33776113425705,137.1561015625,205733.179985,18811.095961,67013.25,43234.1749395,41246.934942,33408.659952,246847.68998650002,0.021032087530235267,0.03365466139392258,20.0
20180107,102.2018670688929,102.29966420833334,136.4118649979748,136.67366379166668,217491.9249875,29837.493973999997,67018.525,39915.0049505,44404.279954,33417.414955,252483.4899875,0.0222280808061301,0.03444174375039237,20.0
20180108,109.66526805504901,109.69179008333333,140.63573922093752,141.70949658333333,226440.1499905,28211.545488999996,67000.65,42345.884948499996,51087.704922000004,34591.1199435,275170.82499700005,0.02483261974713369,0.038698852385488335,20.0
20180109,115.83678774732469,115.84781072916667,122.03386782163287,123.6095009375,214632.10499199998,12299.63795,66984.01500000001,47250.8699265,51747.029912000005,33846.9349505,272782.9299955,0.02486229358971981,0.03328875602306858,20.0
20180110,124.86130204948743,124.64472697916666,138.28661371480266,139.2906849375,211936.709989,2617.5082805,65330.429999500004,49079.639922500006,53882.144921,38138.089953,278950.35,0.02646269356131115,0.038575099296059,20.0
20180111,126.11246337045246,125.96303977083335,136.4956922846038,137.73976847916666,214704.1949885,2650.512284,67041.1799995,48031.3699155,55479.9849145,38183.0649515,285863.35,0.02707687492596969,0.03901911585704599,20.0
20180112,120.80019541425975,120.62628995833334,121.76318890405649,122.80800570833333,221041.974984,9762.045447,67034.375,48536.039923000004,54450.01491600001,38420.649963,289930.55,0.026701913772821113,0.03530286832870699,20.0
20180113,112.1463997859694,112.21589452083333,129.01718304915113,129.3057055625,204581.249991,10044.944442000002,67038.4,44614.409934999996,46115.034948500004,34123.659951,267220.60000000003,0.022943050650204033,0.034476049064704,20.0
20180114,107.68422395137505,107.83537360416669,133.10105291725623,133.50666439583333,212475.094989,23811.0939605,67038.975,39187.914946000004,46227.124939,33639.0549475,254718.1899965,0.022880215712885163,0.03390325928571187,20.0
20180115,108.50669834365091,108.62235245833334,102.43324391154634,103.69912564583335,233545.6599905,33859.494995,67057.75,42916.534929,53207.829901000005,33189.9099425,282313.44999949995,0.025341268478058045,0.028918282483308917,20.0
20180116,108.83241113036333,108.9653315,101.93559876509997,102.37169887499999,239005.58183360525,35231.52077997368,67052.46578947367,44347.79782863158,54583.398594,33970.9525805,290741.79736842104,0.026011553744566623,0.029636939200791367,20.0
20180117,117.6691632980043,117.68174835416669,111.03775644922695,111.92171377083334,242939.4249955,27045.8374445,67033.8,47150.389916500004,59404.194905000004,38322.394948,292490.25,0.028586478871318762,0.0324774611432735,20.0
20180118,123.05876964842042,123.03170656249999,119.92235879808467,121.23333310416666,232233.67999650002,15525.91043,67080.85,48165.93991849999,59644.109905000005,38314.364952,287053.5,0.028578390931294276,0.034424132821246,20.0
20180119,130.1422862717004,130.08095552083333,135.34150559078066,136.17764316666668,225935.144991,4975.732475500001,66549.3949985,49869.454925,61410.6098985,39253.60495,291747.45,0.02940371631825686,0.039485539135270996,20.0
20180120,125.58215167402359,125.70726879166666,137.0309105408945,137.26112152083334,211756.554992,2783.451636,67046.0,45899.6749325,53863.874904,38411.819952,280062.94999999995,0.026592843806974062,0.038377281047269,20.0
20180121,125.38796217413704,125.53008129166666,136.3340431675317,136.51378872916666,218968.52999100002,4363.6131815,67039.15,46911.18992250001,55117.9449025,38880.554944,280630.5,0.027456017755837902,0.038259490701126005,20.0
20180122,132.97843113121047,132.83741364583332,134.69068130582616,134.65026779166666,237301.9599925,4414.317183,67023.825,49773.8999215,64386.179907,40951.74995900001,305648.65,0.03155604234416392,0.041168024908706004,20.0
20180123,128.68608798981168,128.44174710416667,129.428340048888,129.43641427083332,242426.95832783333,10927.026954777779,66988.27777777778,49844.52492077778,63526.72100216667,40933.939399333336,310412.3777777778,0.031196976890477967,0.04017615878640611,20.0
20180124,107.82174289167692,107.737066875,99.07622329415706,99.45068020833332,235216.94999300002,32509.7739885,66973.29999999999,46343.9449275,53392.294905500006,33226.404955000005,292877.2,0.025361501505909673,0.029017166864967497,20.0
20180125,95.70291323982033,95.64587072916667,88.06810998711985,88.4409585625,224662.464984,36613.369993500004,66999.35,43577.215434,43082.239945,32621.2399505,269877.7699995,0.021500852394607924,0.023767625131394604,20.0
20180126,111.4300445798119,111.20762547916667,103.67642918094407,104.3697088125,216237.7499925,15949.043435,67004.275,47491.234935,49657.254927500006,34120.164951,267776.0749935,0.024095382121502498,0.027762067275414772,20.0
20180127,114.48276959870515,114.57353995833334,128.33465648767688,128.71299762499999,192321.2399945,1251.0811405,67022.32500000001,44373.6799425,43972.4149545,33457.969947,254639.7399945,0.022017468207227622,0.03267910356030551,20.0
20180128,112.95743239106866,113.0705403125,130.0812236826221,130.35999727083333,190965.72499299998,3756.1810210000003,67008.925,42325.4399555,43404.2549585,32049.9799535,252926.31998849998,0.021570997969908207,0.03290096520564652,20.0
20180129,123.34044563445005,123.17951918749999,116.83472349714451,117.3881710625,211660.669992,5826.072470499999,67025.625,46629.599926,54645.299914,35071.3899585,271544.154997,0.02610632136009955,0.03172578626634025,20.0
20180130,124.96706699159174,124.92803983333333,120.60124022737529,120.94493522916667,214779.63999300002,5405.2590195,67016.6,47698.989929,56131.239906500006,35558.799952500005,277346.93500000006,0.02684038165943519,0.03344838433426125,20.0
20180131,123.48201414176494,123.65433127083334,124.13281113086698,124.44999781249999,223304.174988,11161.945519500001,67001.99999950001,47863.669926,58062.9999,35766.6299585,281975.25,0.02757404929378337,0.035002380451829004,20.0
20180201,110.84494576815193,110.91095664583334,108.12591709660208,109.0128345625,237751.19498949999,29248.994951499997,66820.0299995,47701.529918,54633.5749,35290.329942,287279.6,0.02635351831492444,0.031062370213145004,20.0
20180202,115.36554194816705,115.35568554166666,114.33328297953929,114.94365979166668,235341.989995,22248.0864075,66698.925,49494.509911500005,56360.139897500005,36696.244956,275176.1,0.027150356218933285,0.031461786910505996,20.0
20180203,112.47022484206019,112.46497760416666,133.63386084331108,134.0357052916667,234079.624995,22760.6809135,67042.975,49218.0749315,53847.7449025,36604.194958500004,278022.55,0.02632698805413278,0.0371532267580025,20.0
20180204,118.90444170580712,118.926019,134.76978683559273,134.92378854166668,225262.5499925,12637.196404,67037.975,48281.1949325,54268.504902,37927.834952000005,287316.05,0.026784717744084675,0.038721522812944505,20.0
20180205,128.72113562785714,128.6662261875,142.34450451947393,142.29472593750003,241444.05499650002,10597.5039035,66913.1799995,50770.3849195,64197.814901000005,39642.7899495,307160.75,0.031078952949744276,0.04372264476658,20.0
20180206,124.4933580792764,124.40341474999998,122.56517321339209,123.20212289583333,252174.52999850002,19096.0049155,66616.32500000001,50696.489921,63560.0898995,41611.85995699999,306115.15,0.03139405406157649,0.03751905638299351,20.0
20180207,127.7666089160547,127.70458097916666,121.10555641290865,121.44112285416666,243516.199997,11588.582900000001,66708.67499950001,50400.7599235,62803.124905000004,41625.944951,300512.0,0.031113239089740456,0.03639367296875601,20.0
20180208,118.83610224976553,118.90743597916668,110.43765509198471,110.90874127083333,237930.069997,17168.996907,67009.5299995,48857.1149275,56298.019899000006,39022.859954,294451.1,0.028274682126457364,0.0325184890232555,20.0
20180209,112.77228185184909,112.745352375,109.11813059313627,109.90814483333334,238695.33499449998,25686.204441,67025.05499949999,47836.3949225,54923.96991,36223.994957999996,290476.25,0.026918217594721287,0.0316962253817045,20.0
20180210,113.09256804792672,113.20381091666668,127.96960893466225,128.26330983333332,212333.76499,16622.500391499998,67022.575,42654.1349375,49363.524924,33547.489950999996,272034.85,0.024013370766004054,0.034812193371099504,20.0
20180211,120.05989243127384,120.11035281250001,131.69928679384444,131.87953854166668,203768.19999549998,6713.1389145,67035.725,42460.6349475,50339.204916,33980.584949,268642.3,0.02446438817237402,0.035379999312658,20.0
20180212,117.73478686295847,117.74591518749999,113.48314682331579,114.1362351875,221154.8799895,13954.993900000001,67029.82500000001,48156.794918,54668.134909500004,34547.004943500004,284295.65,0.026037622659266946,0.03226276499018,20.0
20180213,109.75341262407508,109.68799839583333,105.32115907404278,106.0439785625,230235.464987,25313.659938,67019.9,49002.0049135,52389.87491700001,34223.564948,275878.30000000005,0.025269127989414004,0.029055822319376503,20.0
20180214,110.04841853328054,109.92366491666667,105.7189558664813,106.3100094375,226291.8249825,24367.401427000004,67019.82500000001,46756.814933,51796.1149195,34466.859948,266815.5349945,0.02490305746633403,0.028207459768575138,20.0
20180215,114.01840882646061,113.91645675,110.986206869069,111.62783041666667,232297.47499050002,24491.6134395,67015.25,45551.3599415,53343.4599135,39469.6949455,274421.619999,0.02648618847282134,0.03045701468655405,20.0
20180216,124.96717115780794,124.94712289583333,128.53910474311633,129.558977,222346.3102516316,6346.878996657895,66990.81315789474,48308.539931842104,55690.67781347369,41643.73153578948,284908.8710526316,0.02778598940952271,0.03662193121847723,20.0
20180217,131.24522403226797,131.34712212500003,145.86963618549098,146.25930933333333,216449.1049905,708.584425,67030.79999999999,46485.1549295,57828.319908000005,40634.3449525,275385.9,0.02840791127606206,0.040170441043614,20.0
20180218,131.00172766055124,131.05191329166666,148.31730400333026,148.55322570833331,213141.504992,899.185562,67029.55,43610.259948,55793.81990250001,41435.134952,276223.4,0.027921905390122004,0.040968709990633505,20.0
20180219,127.03485780679158,127.13872697916668,127.32411476866521,127.865976875,233670.58999150002,5419.268462,67027.45,49383.439928,57739.514898,43301.6399505,302614.45,0.0296843101731993,0.0385301169624565,20.0
20180220,131.2785044949263,131.22266368750002,144.06007546131883,144.05878850000002,232660.2249945,1943.9663585,67028.09999999999,49208.859932499996,60233.809906,42688.284954999996,308688.9,0.030543286392731035,0.044469746228071504,20.0
20180221,132.83026238776247,132.72128852083333,146.52066367108654,146.4808511875,239138.349994,6048.9949105000005,67004.525,48701.069927000004,64295.2499035,41531.6649475,311717.25,0.0317648097766796,0.045673018347726003,20.0
20180222,134.9943773690262,135.08508014583333,140.32177470812505,140.4461636875,240070.534994,6045.035162,66979.825,47671.79992,65498.3149065,42367.0899525,313326.85000000003,0.03240817239616405,0.043966579655706495,20.0
20180223,132.93800400290758,133.12266366666668,140.79740503609983,141.05860104166666,235167.6899925,8294.7018545,66594.245,44406.799935,63041.3599035,41485.024945,311774.30000000005,0.031262723313577497,0.0438970123969465,20.0
20180224,127.67112365188999,127.89253956249998,136.941628273455,137.1069136875,225189.7949945,13101.501905,67003.45000000001,38213.63495000001,57698.934901500004,38607.5049555,303280.25,0.028750234161886566,0.0415316912581805,20.0
20180225,121.8627415656249,121.89522772916666,142.49543365727797,142.55197589583335,236998.10999449997,24177.494443,67021.6,39387.964953999995,58438.364903500005,38728.1499465,284754.4,0.02888123942980129,0.040576201713818,20.0
20180226,124.74306232116595,124.7608729375,120.97166896396124,121.60285208333335,252616.77499499999,23553.952423,66999.9,46522.939931,64459.7998925,40601.904952,299238.8,0.03151219010657324,0.036199417054773,20.0
20180227,127.73505827174475,127.74491427083335,134.51625648034437,134.55318435416666,243448.989992,15315.338419500002,66998.80000000002,47787.83992699999,65409.434895,35936.209958499996,317194.1,0.031096970922825522,0.042667762909652,20.0
20180228,131.31897868706457,131.26020554166666,154.36927399829082,154.223559,241699.43499599997,10944.3579095,66995.7,49247.719918500006,67497.40489800001,34854.524949,321381.95,0.03173972295291527,0.049611498297655,20.0
20180301,136.79231134416221,136.84022614583333,161.54253303893788,161.46287204166666,235389.00999649998,4935.340571105264,67004.275,47360.174919,68748.58384963158,35608.54495699999,313295.15,0.032199406742435335,0.050610492119814,20.0
20180302,138.5744518179738,138.74393420833334,159.4765380539636,159.57480910416666,227112.9849955,1503.0533315,65172.784998999996,46886.259932500005,66910.9499075,35593.5599575,307573.9,0.03147205739649512,0.049050820767756,20.0
20180303,138.6778255069573,138.8288718125,147.26980262737905,147.57458027083334,212449.614993,3719.802107,60877.625,40023.314949,61226.884894999996,35522.5999495,291767.94999999995,0.02946205063701951,0.042968608409495,20.0
20180304,135.74916079171695,135.86118416666667,151.83473330821712,151.9518303125,213965.049994,5770.975955,64910.450000000004,37197.904957000006,60457.92492250001,35074.394954,283210.4,0.029045575975443258,0.0430011755541135,20.0
20180305,135.28404910031014,135.40151712499997,147.60013998771487,148.09330977083334,235743.4099955,7482.0155505,66912.55,44752.349936000006,65913.88490900001,39737.704954500005,300282.0,0.03189232305290576,0.044321665235791,20.0
20180306,131.62543524011315,131.72564287499998,137.14652073928573,137.99583095833336,244451.2649975,14867.222897,66978.275,44189.0099385,65544.1649025,41924.224953,296765.5,0.032176004150292176,0.040700355800454495,20.0
20180307,130.92106513220492,131.034621875,139.42870238717546,140.5269975625,246935.4049965,15993.505908,66986.77,44878.719933,65582.0799005,42685.914950499995,293427.94999999995,0.032329046240994176,0.040912278312629,20.0
20180308,129.693950229811,129.74108095833333,149.33650434303325,149.9379758125,232681.9149935,11367.9419085,67011.575,42461.78993,59958.389906000004,42161.684949,293667.45,0.0301774367025441,0.043855270422332504,20.0
20180309,120.93305095951897,121.06489433333333,144.46764271886818,145.0564552291667,227639.72499250004,14247.545377999999,67010.295,43492.69493,53865.874902,40218.8949485,280880.85,0.02752916646292889,0.040578194284372,20.0
20180310,119.20855326530118,119.25143606250002,147.10091129952872,147.61447577083334,211827.309991,11692.109404,66991.45000000001,38909.929950000005,49216.3999215,37935.3249455,258918.97999999998,0.025251627166107588,0.03808721791074445,20.0
20180311,118.47871207236835,118.52531085416668,151.86995176823103,152.278038375,201928.05499099998,6624.8404135,66973.475,37836.92494700001,45383.73496,37854.014948,251282.759992,0.02392417588661205,0.038162300640173015,20.0
20180312,120.7330027360762,120.80743589583334,123.26251388409449,124.64258504166666,220787.0349895,7327.2149035,66993.04999999999,46451.089928500005,51799.154918,39574.279953000005,271514.25,0.026656281699477456,0.0334675290103545,20.0
20180313,116.59192575927439,116.87641470833334,118.73713058523126,120.01861166666667,218517.55999049998,13345.975900500001,67009.59999999999,42569.809939000006,49297.854916,37915.4899495,265776.769998,0.02547738313151016,0.031557571045773496,20.0
20180314,114.66912143360369,114.64512329166666,117.46067968716079,118.483183,234020.85762407893,27243.281798578948,64389.212105263156,42467.17862457895,53344.29386563158,37327.717854657894,272597.7947323421,0.026834966140891585,0.032019522250482046,20.0
20180315,123.56279914590894,123.582998375,127.91975084689594,128.89574789583332,236632.90499,20416.569424,66898.44,41419.1899515,59154.4949055,38490.079954,283432.69999999995,0.029239024110592326,0.03625664036586299,20.0
20180316,122.34113014418678,122.35804035416668,136.15776658494562,136.92987289583334,238237.994993,20780.447425500002,66980.32500000001,41820.224935499995,57964.9149015,40326.704947000006,291991.4,0.02914630555072873,0.03975689688601149,20.0
20180317,125.77927628019033,125.90178947916668,165.3079783361573,165.52993416666666,220068.56498999998,17194.2299055,66953.825,33379.169954,55174.2448985,38897.74495,276852.80000000005,0.02768006483646223,0.0457659766647045,20.0
20180318,116.43021431510931,116.40445662500001,155.83375299847518,155.99639281249998,228491.4899815,31229.329956,66940.595,32153.014944,53034.3749135,37933.769950500006,255406.65,0.026603313147724697,0.039800976810268,20.0
20180319,119.02970452105313,119.01187360416667,127.17243996439656,128.20141452083334,232938.914987,21085.324925,67000.625,42441.534941000005,55704.24991300001,38122.5799455,266776.10499799997,0.027726650222357326,0.033926568196793704,20.0
20180320,124.8534190099446,124.85362289583334,130.28109016301374,131.12110222916667,236476.30998599998,16748.0969105,66998.125,43010.9949335,58811.074907,40718.4449515,275918.4,0.029524875816607603,0.0359469499480345,20.0
20180321,118.41796447024547,118.54308197916664,129.28299749542037,130.6780397916667,239692.219994,26913.4789295,67013.62,40041.5499555,56331.509902000005,39632.8049565,281438.45000000007,0.028383864791043753,0.036385206426465005,20.0
20180322,113.33736991939153,113.58076916666666,125.51872316904499,126.70986539583333,225643.69998849998,19624.246917,67000.775,42235.33994400001,48776.724926999996,39132.5099565,267126.85,0.025573863495576825,0.033529421136169,20.0
20180323,126.58366844685993,126.60026862500001,132.05687703215963,133.36993537499998,223819.6786752105,7833.503643552632,66198.10631528948,43088.93440292105,55083.16833336843,41665.52889628948,276933.6921052631,0.02833191599730557,0.036570998524406685,20.0
20180324,118.7938749986538,118.92235270833334,151.908473902418,152.38418472916666,217061.16499149997,17088.7709025,67069.875,36040.9299475,49855.4199165,39017.209957,262745.05,0.025785536901062417,0.03991319957091451,20.0
20180325,118.21380522584462,118.38120672916666,163.2619599293646,163.60397620833334,210121.8699905,15944.276407500001,67015.77500000001,33841.429954499996,47881.699936000005,37930.099951000004,246922.71999249997,0.024839305812747212,0.040313087217065245,20.0
20180326,121.49575403026624,121.52676912499999,129.350855264227,130.521914625,231025.8849905,14492.197401999998,67027.275,43602.844935999994,54376.194913,41490.334956499995,273401.3,0.028068664097430363,0.035364691985351505,20.0
20180327,123.54938765180675,123.57279002083332,124.41994451915623,125.35377497916666,226800.50998849998,10050.233912,67007.334999,44216.994934,54260.559905,41079.689952,279940.2,0.028021064128196653,0.0348301441526815,20.0
20180328,124.47000886448079,124.44672741666666,129.27438228199634,130.24903702083333,220255.23499149998,8669.5436605,67014.85,40842.4049425,52425.959911000005,41810.354945,277057.85000000003,0.0274151710518403,0.035816482415128,20.0
20180329,119.60291517943055,119.62531068750002,130.5336693495639,131.57097408333334,222428.5049835,16768.4688965,67046.575,38605.9449455,51430.79491,39716.819957,270561.55,0.026603097615029096,0.0353173919064055,20.0
20180330,127.59229929466157,127.6040185625,128.77611330214728,128.85797677083335,210169.07499050003,4814.221664500001,67040.575,36823.119954,51371.609914,40949.424949,253796.4449995,0.026815955518670054,0.0326829197569378,20.0
20180331,125.90600858843261,125.84760216666666,155.20756739105278,155.24639266666665,204007.15499349998,4786.9790575,67009.04999999999,34909.144950500006,48674.60493,40680.829951499996,250311.7999935,0.02568572660871331,0.03885028556626687,20.0
20180401,123.84316088400945,123.83322754166666,169.49065718886953,169.65595552083332,195658.4849895,3864.2330515000003,66997.4799995,31821.204943999997,44661.249943,40588.6249525,244098.914984,0.0242309652348762,0.04137248551972816,20.0
20180402,113.90452964231616,114.05541522916667,133.76631496711366,134.54476035416667,212401.2768225526,18512.869372578945,67031.68552631579,35299.537051184205,45874.53021755263,38272.27100752632,248219.16998449998,0.024193467531900246,0.033203363673022145,20.0
20180403,112.56489338046613,112.62549854166666,120.27504534747587,121.55452597916667,226005.6849855,23745.3554055,67019.125,39451.649946000005,49222.814916999996,38046.3449575,261156.00499550003,0.025440305833772024,0.0314105503435994,20.0
20180404,114.6950004336828,114.78922764583335,124.62760471673762,126.0659278125,216008.509988,18141.580424,67023.05,38755.635446500004,48206.21494800001,37797.624956499996,260133.18499699997,0.024775096146752836,0.0324197757535121,20.0
20180405,113.04869114665368,113.07816545833333,124.06370321729617,126.07792152083333,199758.174983,8162.392005500001,67005.975,38206.5929325,42198.90495,36206.6449495,251939.94498749997,0.02258240022767237,0.03125660256351112,20.0
20180406,109.91031959621714,109.99985220833334,128.907023159269,130.50619504166667,203043.154985,19331.9014155,64931.634999,34807.376449,42428.824953999996,35295.159954500006,251559.334986,0.022316538056225597,0.032427765020970604,20.0
20180407,103.63958761057894,103.66999550000001,157.2574956956084,157.76476795833335,192469.86498300004,25778.717933500004,61765.804999500004,32858.49495,39862.159947,30417.449946,233504.53996249998,0.019947497434301933,0.036720339188057866,20.0
20180408,105.51753748665821,105.54949868749999,182.7709941393415,183.56955964583335,175941.41499149997,7026.72091,65403.299999999996,35125.4899505,35554.354961000005,31107.3599545,226548.8299545,0.018564904851821287,0.041406554871888594,20.0
20180409,100.95771859761375,101.14031197916665,121.63957145016275,123.86054641666668,200124.00498899998,17146.816421,66963.29999999999,41007.04494300001,37840.6049495,35399.9199525,241990.73498,0.020204062980306907,0.02943564929787711,20.0
20180410,107.41681745836023,107.48488370833333,127.43420966296675,128.98255689583334,187947.229984,11199.618420499999,66928.95499950001,35072.9614555,38281.4899515,34500.009943,240869.9299715,0.02018869329499578,0.03069506915749225,20.0
20180411,105.32558708003208,105.38065233333333,132.0671442735469,133.15497970833334,185207.7499865,11363.228406,66891.9549995,34542.2459565,36830.0949485,33541.1199575,239048.8649725,0.019507114999099916,0.03157050093875079,20.0
20180412,106.15026996195498,106.144217125,133.9556986297211,135.10195052083333,178685.8249915,2238.6634,66869.0099995,39323.0849455,35814.9049525,32511.404951499997,238608.36496900002,0.018967548561222368,0.03196295022831786,20.0
20180413,99.03988082758154,99.01321958333334,128.77105457428252,129.922666875,178387.4549905,7505.117309000001,66849.57,38972.4399445,33898.009949499996,29365.594946999998,232107.36495949997,0.017667472283394686,0.029888710160292677,20.0
20180414,85.49642614470147,85.49100170833333,126.23098389648332,126.66518520833334,169049.204992,13936.437414,66818.67499999999,34870.1899485,27651.954943999997,24070.534426,210175.76995650004,0.014453102869419029,0.02653069423280994,20.0
20180415,85.14550006524524,85.22132462500001,134.74598868934612,135.46560214583334,157450.74499600002,4488.1506015,66809.85,35032.493951,23790.993922,25728.9599575,205257.324959,0.013406222418329833,0.027657601187330853,20.0
20180416,88.52694231959671,88.66093258333335,114.93156189413335,117.53075416666667,171072.16998950002,1343.5829045,66824.55,42712.339934999996,25546.832934,29486.1449455,223877.1399565,0.015144496125148711,0.025730549367592035,20.0
20180417,86.6454539902783,86.77148939583333,114.96941495428958,117.86187745833332,169060.1599885,3983.4385134999998,66840.759999,38934.119937,23588.513917999997,29806.459957500003,226628.65995149998,0.014648294313872665,0.02605536444649859,20.0
20180418,80.84298907661376,80.95091622916668,111.30769235182717,113.37589204166666,160573.27498599997,2948.7829895,66846.725,39791.66895000001,21257.0259085,28125.619948,224439.27994849999,0.012981223515689295,0.02498181832417325,20.0
20180419,80.34073483643704,80.4095263125,98.18414260057553,99.91438354166667,166253.99498699998,7221.573902,66834.0049995,38971.307453500005,20914.675409,30683.5399455,218477.5199445,0.013356968126748896,0.021451027973250873,20.0
20180420,80.89473832700956,80.94594333333333,92.80432531038358,94.4775668125,166661.4799885,8284.2483025,66783.0249995,38286.7554485,21707.7354185,29914.6449545,220283.38994249998,0.013482036812861848,0.020443251380697847,20.0
20180421,81.38775200617829,81.46200154166667,123.59219261994033,124.47851045833333,160019.114985,11543.4833905,66703.65,29947.4279485,20585.1529035,29527.209951,209252.22493250002,0.013023596046647306,0.025861941290008624,20.0
20180422,93.42367168915906,93.88983135416667,128.9928721508044,129.71095647916664,151767.8949895,4130.2072015,56570.224998499994,36062.05345000001,24134.2444275,29114.144951500002,211077.3049415,0.014178713994453817,0.027227467810255267,20.0
20180423,99.32939174927989,99.39803835416667,111.17756547431972,112.20729925,162607.38997800002,13327.2574065,45324.9799995,43157.944942,29353.954961,29786.2849545,225348.234948,0.016151693140452693,0.025053668145453654,20.0
20180424,86.2412167398216,86.37750379166668,90.9629905340299,92.74222095833333,167307.35998049998,25978.444951,45322.715,41905.104973,26341.109951500002,26016.164954500004,226703.50495700003,0.014428790294245653,0.020621628775434993,20.0
20180425,95.5651622294648,95.56806616666665,101.16854538211474,102.81448781249999,157549.0299885,9623.886935499999,45302.55,46576.2249895,28147.519953000003,26205.659954000002,221433.70994149998,0.01505619860994582,0.02240212633334667,20.0
20180426,99.18082092930429,99.1887421875,106.10458566953885,107.1586755625,155573.0749845,5529.464062,45293.350000000006,46939.8599905,28418.702961000003,27730.044944499998,223419.749935,0.015429865291458924,0.023705859997245154,20.0
20180427,103.21114274071596,103.21975008333334,109.63773837678146,110.15845164583334,156961.5399865,1843.5762275,45281.2799995,49141.189988,29765.489956999998,29286.874958,223868.75994299998,0.016200179908349245,0.02454446453336512,20.0
20180428,95.78935844528384,95.92967102083333,97.10436269553524,97.67323375000001,155073.79499099997,3924.5216275,45283.85,48875.3149965,25695.8944505,29632.0699495,210542.4799425,0.014854419333863358,0.020444593335153975,20.0
20180429,93.32826104156398,93.3661993125,125.93742967033033,126.30412285416666,148295.479995,3597.7255230000005,45280.149999999994,45761.05999,23480.782424999998,28512.4049455,206912.71494150002,0.01384015926825739,0.026058055485842266,20.0
20180430,90.97218827263542,91.10456664583334,116.7915979281334,117.2054148125,148346.44999050003,3759.152677,45253.0,46534.29499,22277.215914,28874.9099475,216325.89494049997,0.013495401178112865,0.0252650469433345,20.0
20180501,79.60456869887648,79.79575204166666,117.24198287015813,117.52103970833333,163376.34498549998,20085.514458999998,45243.775,46887.1649955,21191.4604035,28337.359954,208760.12493700002,0.013005503478169575,0.024475450991835825,20.0
20180502,83.51657393943928,83.50655972916667,106.94358510791552,107.32523125,165983.144988,14992.9614335,45172.6,52478.799994,23759.696938499997,27843.619953499998,227135.15994550003,0.013862343601090971,0.024290648308631587,20.0
20180503,87.81583083446083,87.91034341666666,96.05758496928846,96.87261310416666,168205.05498299998,11813.9084515,45113.075,53073.6049945,25318.1779335,27804.4349545,220015.964936,0.01477106665388831,0.02113420224643981,20.0
20180504,84.45977999306768,84.5882348125,88.8665923124851,89.99280870833333,175939.3899865,18243.031447499998,45073.8,55961.639996,26329.4709335,28659.629950000002,226558.8199465,0.014859802170374326,0.020133510286983333,20.0
20180505,80.76017681677112,80.88221841666667,114.40515962395807,114.51358347916668,155483.6249915,9832.7424515,45100.34999999999,51783.9899955,21213.225405999998,25926.979948,208147.9649435,0.012556885046426073,0.023813201154763146,20.0
20180506,68.76709806322404,68.90084552083333,105.315185195982,105.07219768750001,167383.2849875,19842.6244325,53776.41,48451.3649975,18688.6463975,25184.765461000003,194191.6899395,0.011510462772879988,0.020451333789499156,20.0
20180507,65.25045385290672,65.3736493125,69.20889172350255,69.60101972916668,183598.954984,21082.002452,63864.639998,51309.734995000006,19135.2999135,26766.0099545,207607.479933,0.011979915139625392,0.014368283599672224,20.0
20180508,79.95147161886598,80.06269960416667,68.95541089843265,68.74748102083333,174478.144987,9038.2408115,57263.989998000005,55938.1399895,23198.2109335,26964.464952500002,201867.194938,0.013949784457040515,0.013919835373863794,20.0
20180509,61.84530798125613,61.86752889583334,58.52914937084086,58.403235604166674,173523.09998300002,20850.2704385,57179.094999,51776.704994,15629.809403500001,26711.7949595,208709.624932,0.010731589560310936,0.0122155968127772,20.0
20180510,61.24217502351161,61.38013727083334,53.36432098167026,53.37569575,172280.374986,16418.782943,61692.254999000004,50349.109993,14435.5503995,28095.089957,198214.54993100002,0.010550824878008824,0.01057758486575519,20.0
20180511,63.89691244144166,63.92450995833334,54.26079810716817,54.30299518750001,165522.20498600003,8392.92895,61620.239999,52746.369988,15728.9734005,25762.659959,203371.33493050002,0.010576357839104801,0.01103509094544914,20.0
20180512,60.49003199729891,60.442597812500004,61.25238625892248,61.18121410416666,151382.574992,2365.6766315,61758.8549985,50041.7299975,13479.854398000001,22553.8954175,189720.30993750002,0.009157136805099582,0.01162082170545424,20.0
20180513,59.66488486820721,59.812018229166675,61.77111042391717,61.574112125,136967.7849925,2403.547831,55188.629996,45959.714998,11834.687913000002,20432.910402,179210.534944,0.008172167122230872,0.011070033743155091,20.0
20180514,68.39545469086576,68.30442054166667,64.49467055069483,64.12529539583333,137585.8599925,3751.7477695,45166.575,51641.8799945,15272.8409,20635.953405,196111.779939,0.009410247453220832,0.01264816463827617,20.0
20180515,71.89388409108975,71.72197477083334,68.26872926619598,68.67888529166667,140485.31736142107,4126.699974105262,45362.6997363421,51981.28341655263,17184.94298121053,20671.262401710526,192349.09757344736,0.010100035122881964,0.013131428466838792,20.0
20180516,72.88095883603252,72.56619558333334,73.49709852821452,74.14923310416667,143610.50999,4313.9173654999995,45281.375,50901.854994,16826.514403,20431.215403000002,192099.0399425,0.010466471667002828,0.01411872206582934,20.0
20180517,60.12058763966729,59.967503666666666,61.74376339616633,61.93192027083334,151849.4149835,19738.5534175,45346.404999499995,50671.0799955,14754.411403,20033.1393985,193575.02994600002,0.009129276061547719,0.011952050848391637,20.0
20180518,60.498361331408745,60.417714458333336,63.806785650336884,64.41485379166666,147617.76998699998,13234.0724255,45384.60499949999,54050.044993999996,15035.0913895,18471.178403500002,197776.194935,0.00893063318761031,0.01261946327695679,20.0
20180519,61.478284601621446,61.53946654166668,86.56675340531169,86.84710358333332,132759.0899905,8771.625245,45373.659998999996,45950.314996500005,12889.881903000001,18414.2438975,184681.704937,0.008161801117888232,0.015987295609753812,20.0
20180520,57.60614459898314,57.88090170833334,83.89666748197959,84.00015797916666,135508.92999099998,14206.1689405,45158.3049995,44492.219999,11811.395911,18548.435389,177689.084933,0.007806147015515029,0.01490752207380113,20.0
20180521,56.84697053745509,56.81163766666668,52.73306309509514,52.933656125000006,141866.769985,14884.6904285,45168.895000000004,49763.2249955,12945.5924085,17915.644897,193627.87493549997,0.008064696093581212,0.010210590945942911,20.0
20180522,60.007902147578875,59.949000270833345,65.23905011403819,65.64731204166667,139703.6849855,10748.8594305,45144.83999950001,50730.5599955,13600.352397,18336.5544065,195155.8949405,0.008383325058266068,0.012731785210073251,20.0
20180523,61.08673142559589,61.115731000000004,68.19457938897214,69.5463955,152602.60498,17544.8339245,45248.27,50205.54499450001,14050.1004015,19213.4623975,196083.91993899998,0.009321994345259562,0.013371860445180994,20.0
20180524,66.97063349024035,66.93345572916667,72.6924053124107,73.77426041666666,143134.0349885,5375.162113,45300.375,50860.849997000005,13971.6333945,19965.172387,197592.349923,0.009585776997194073,0.014363463187234398,20.0
20180525,63.16197163743392,63.16204747916667,73.18310470583941,74.29380395833334,145560.82998500002,15486.441441500001,44992.25,46241.914995,13541.483399,20381.2733915,198464.7699375,0.009193909015033912,0.014524268038756392,20.0
20180526,61.261718702331656,61.27378910416667,89.06407105427249,89.39224962500002,132174.0449855,13117.42443,44995.45,40735.674996500005,11489.611402000002,20654.338901000003,180691.089947,0.008097209163651031,0.01609308407391355,20.0
20180527,64.1447586025257,64.21373135416667,90.3898278379477,90.64344362500002,123260.52498249999,9851.9069325,45130.3,35655.899997,11219.839907000001,20087.7628995,179139.94994000002,0.00790651662022305,0.01619242923397517,20.0
20180528,66.4523169576036,66.60654135416667,72.93623850313995,74.27109791666668,144597.3849835,15232.355438999999,44810.15,43218.407982,13790.280904,21325.6649005,197733.1449425,0.009608831258164172,0.01442191181950212,20.0
20180529,60.80056850371188,60.87980810416667,70.35345634283296,71.76809789583335,149286.419981,28210.1379695,44720.8299995,38991.2564855,12738.468898,23500.424410000003,197179.599939,0.009076699204728693,0.013872266376005705,20.0
20180530,62.73937186119692,62.840824645833344,71.8253156661604,73.24359975,144618.4199725,21260.8499255,45195.034998999996,41040.6629835,13129.698898999999,22719.194893,193926.02993400002,0.009073268828633426,0.013928798315894823,20.0
20180531,74.6251309947439,74.6336806875,86.37992707079117,87.28978591666667,132422.1299915,6416.241961,45082.034999,38044.4519875,14081.978897,21728.590888,196409.2549385,0.009882018797218691,0.01696581711761606,20.0
20180601,66.076115751229,66.33069543750001,83.3987572942499,85.21142787500001,140156.56998099998,15711.3554415,44955.8299995,38914.15999,12337.7209045,22511.3744005,199795.914941,0.009261001741359782,0.01666273101854706,20.0
20180602,73.64554860052887,73.7617225,111.36762269716908,111.72609366666667,119951.94999,8475.0409905,45212.05,29358.4929815,11818.3208915,23940.2284285,182598.13494750002,0.008833927162716753,0.020335520198039945,20.0
20180603,73.78265018514087,74.0499434375,115.08317126849695,115.52829010416667,125994.98998849999,15052.966433999998,45265.45,26633.810483499998,12184.587401,25614.564952,179694.10994549998,0.009296244271401822,0.020679768030798098,20.0
20180604,59.68634435022769,59.779210250000006,79.3260933066384,80.97074414583334,154622.87498099997,39935.209992000004,45264.009999,31733.901481,13424.687908999998,22782.832913500002,201743.86993500002,0.009228874160538171,0.016003553050506134,20.0
20180605,66.66764983557957,67.07862695833333,81.75030291892176,83.25159610416667,150027.89497999998,31265.419465,45355.2799995,34178.282479500005,16401.851899,21244.1314095,206497.70494949998,0.010002007168095746,0.016881249931683752,20.0
20180606,76.62762664556513,76.89855589583334,89.22295296565355,90.34422541666667,139914.2049815,15405.3029235,45346.875,34812.863481,17014.251393,20708.6053925,205090.6899455,0.01072129346173345,0.01829879698270078,20.0
20180607,76.07337925963331,76.73102877083333,85.84830875607709,87.2331400625,141977.39498649997,16313.7589175,45278.975000000006,35187.02448,16734.43739,21800.035902,210168.734939,0.010800700215102774,0.018042630447917398,20.0
20180608,78.59879537879051,79.24712239583333,91.912995401192,93.12202529166666,132961.23998349998,4769.6332055,45279.295,37642.5604765,14423.506411999999,24547.280457499997,207683.504941,0.010450593294773373,0.01908881303454557,20.0
20180609,76.26643404427378,76.95728914583334,91.94187175263903,92.79156341666665,117862.284988,2714.172421,45261.475,31828.491982,11545.270885000002,25114.6024565,191649.76494950004,0.008988936184344702,0.01762063811041035,20.0
20180610,77.68777421235264,77.85470595833333,115.25734765614371,115.778810125,109842.5699945,2463.8711225,45184.65,25709.9834845,10479.894900000001,24772.426449500002,184644.784936,0.008533424776637256,0.02128166817026244,20.0
20180611,78.13516412540595,78.30682839583334,113.0518337034324,114.01245612500001,127536.434991,10778.940548999999,45129.0049995,29009.647982,12110.1884065,29306.404942499998,198381.999941,0.00996508027999095,0.022427448867084265,20.0
20180612,75.53570807743996,75.92608695833333,106.53342995876802,107.35381633333334,133169.194984,13445.082910500001,45172.3799995,31224.118981,11980.099903000002,30006.869958,199893.214943,0.010059029437219105,0.021295309813363052,20.0
20180613,91.45055077759535,91.8168936875,100.54430700259775,102.03352297916668,135553.134989,1657.492425,45094.575,35134.071984,16694.575391000002,30538.4199465,204350.5249365,0.012396408854373783,0.020546281915357463,20.0
20180614,85.77432485380714,86.07045162499999,96.82523226564658,98.40194222916666,136380.0099845,9714.236057999999,44945.6999995,31401.695478,15668.2644115,29184.264946,201893.41994149997,0.011697903279975965,0.019548377278741456,20.0
20180615,68.50641440540785,68.53001622916668,85.65817155275083,87.61542604166668,142058.56971681578,28225.172379210526,44844.003946868426,27008.07004944737,11399.054606447367,29436.223368947365,198274.44098157895,0.009731923246859705,0.01698382608012586,20.0
20180616,76.47116995158223,76.58368747916667,111.64248228603893,112.17864410416666,114531.5794373889,10619.499646722223,44931.118887833334,19913.005621722223,8813.252627388889,29116.87384477778,183948.89326994444,0.008758363875979707,0.02053651105842624,20.0
20180617,78.09142584054278,78.32385764583334,114.92792301563786,115.50760183333334,109004.174993,5207.2828255,44915.770000000004,21110.033971,8705.467407999999,28008.264945000003,179056.4049445,0.008512291447775407,0.020578580722918377,20.0
20180618,67.78332742117728,67.88587906250001,84.69292675207898,86.84546679166668,139587.32971378946,25675.00780557895,44705.26947318421,28079.37375892105,10717.781127578948,29282.128368973685,195506.17835542106,0.00946169367383762,0.016557990443034562,20.0
20180619,66.68777532568184,66.8402475625,83.0526726683881,85.13021766666667,135010.46550418422,25168.110229842103,44836.40394634211,25447.84601455263,9447.137121052632,28743.505219421055,191037.1336295526,0.009003547590158754,0.01586614452684235,20.0
20180620,61.708596389915925,61.768745833333334,83.80055126142172,84.78184010416666,132902.38997966668,29346.4966545,42980.07583283333,24478.986310416665,8878.589509833335,26005.09661908333,179080.27910216665,0.008201219942510458,0.015007026108810823,20.0
20180621,78.14241236077041,78.1482519375,89.76184434104722,91.29713341666665,121271.0549885,8511.680936,44795.7799995,27406.841467500002,11416.210924,27893.8424455,185244.29494300002,0.009476412786337029,0.016627869567740608,20.0
20180622,58.46750965475879,58.732985083333325,72.8625492690298,73.33605008333333,125623.0699875,25088.6754555,44723.149999999994,23011.804462,7500.736426,23927.609951,174045.19994700002,0.007344868057354595,0.01268137695617643,20.0
20180623,58.02142930574517,58.471129187500004,104.57267764708418,104.79980975000001,120478.73498799998,16402.309921,53158.58,20068.002959999998,7573.4869045000005,21934.6178935,166189.5249435,0.0069903484049518485,0.01737888362023868,20.0
20180624,58.328297906966924,58.44055983333334,111.25104766525838,111.573669,116827.1699935,5023.065209,60708.309999000005,21122.742967,7466.806417,21273.2498995,165818.40995300002,0.006814329975008735,0.01844747182945856,20.0
20180625,62.626420180616186,62.62285175,86.50584162102247,89.09775064583334,134458.369987,5643.4108615,60859.45,32056.370476000004,10466.0199075,24250.4599375,187788.83492649999,0.008420646375606616,0.01624483121234814,20.0
20180626,64.84825456149697,64.8380205625,84.76797599176989,86.26717137500002,149387.5286676316,12868.566728473685,63037.95552481579,31699.53008771053,11220.056616078948,29566.479165184213,194691.71019326316,0.0096875204873515,0.016503622215459153,20.0
20180627,63.219043347471676,63.295072812499996,83.92321046661364,85.95504810416666,150612.7149855,14492.1399395,64892.199998,29339.410976,10184.6803885,30899.4949565,199909.0999305,0.009521591757348721,0.016777013467658648,20.0
20180628,67.98482652542442,67.93425791666667,88.9755688585825,91.43615633333336,147141.39498699998,9094.9664295,65576.295,29158.322977000003,11308.10541,31166.024947,202111.1199315,0.010003382212900149,0.017982951868550406,20.0
20180629,59.383506074149544,59.514047833333336,80.07468660542975,81.47077147916667,168912.1899775,35177.7439835,63740.5849985,25654.322972,10457.7914065,32761.3299465,205787.9099345,0.010030598059526772,0.01647840239519149,20.0
20180630,65.45708734970954,65.63555383333333,112.93670301672414,113.69713912499999,152491.82403214287,23341.260244285717,64655.08595188095,19983.04753397619,9965.512578380953,33437.84876064285,191198.0077962143,0.009981670645788513,0.021593272623870362,20.0
20180701,68.45813500112632,68.51485777083333,123.16870166229815,124.01774804166666,139845.5749915,12431.223429000001,65960.93499899999,18525.2039535,9167.074408,32852.1949565,184177.609939,0.009573567252078242,0.02268491709145181,20.0
20180702,73.0264683330584,72.97639975,89.04777028839922,91.5448268125,153403.70997999999,12313.746922,65742.0299985,27073.702967,13050.7429125,34271.91995349999,202247.1699265,0.011202531169028144,0.018009659529093818,20.0
20180703,76.60382934164478,76.54059600000001,76.05013957429404,76.824535375,151729.6056982857,4052.417510047619,66043.08714235714,29353.543793880952,13136.03992257143,33581.84567238095,204617.7951792143,0.011623068820986533,0.015561211882763557,20.0
20180704,75.73647558945277,75.6673974375,78.3905490329736,79.08750620833332,158383.369982,7000.1027965,66080.6649995,30447.89447,12699.807396,36137.7449515,204452.5249275,0.01199539823441701,0.016027145680244447,20.0
20180705,76.49691469082423,76.728424375,89.73570006090189,91.27273291666666,157372.29998399998,20215.402431000002,53203.5249985,28714.771474,12453.367405,36674.4299475,204891.8899385,0.012038495406574845,0.018386117180432558,20.0
20180706,74.39267459147715,74.39078879166668,91.5239954710845,93.5506813125,152703.18498750002,12766.937432499999,64176.39,22910.9469585,10939.417896,36254.099945,202163.74493450002,0.011359998349857226,0.018502833675802664,20.0
20180707,66.24076318222693,66.2951331875,96.69515751162984,98.24685033333333,146274.7349905,16778.534422,66103.26999999999,18873.162939,8077.1554045,35672.009955500005,187070.99994900002,0.009689350080048714,0.018088859805926654,20.0
20180708,72.4876270625953,72.54345554166667,101.2410829310921,102.62145679166667,139899.97499199997,10423.217935,65994.14999949999,17513.8754425,9220.7968935,35931.0649445,183146.8799405,0.010141017213286502,0.018541988460626928,20.0
20180709,78.44669942925646,78.38614552083334,87.76086683302857,89.55937949999998,142886.07999,5211.485763500001,65848.83499949999,22842.7714495,12119.6143935,36056.294951,198972.18494399998,0.011208941369600225,0.017461971426347114,20.0
20180710,78.97156318241562,78.93477847916667,88.46029940649494,89.9165940625,145124.96999100002,4170.421614499999,64909.149999500005,23273.6199585,11576.1259195,35745.1149475,195627.3449505,0.01146074573699043,0.017305253506418896,20.0
20180711,79.21772135247777,79.19774283333334,82.10546380709664,83.037260625,145942.1749945,2551.0679735000003,65872.745,23992.759972,11177.601397499999,36410.3599495,197320.789951,0.011561206552288851,0.01620111497770955,20.0
20180712,79.95794002712321,79.95906191666667,83.27976195267757,84.37172716666667,142979.9599885,1895.05953,60876.9399995,27128.7029655,11062.994909500001,35939.394956000004,196313.504942,0.01143238306584096,0.016348941959665554,20.0
20180713,77.73435155848412,77.7969951875,86.71432407867708,88.31451504166667,142881.0599885,1632.895709,65558.1,23772.8604565,10670.759410499999,34884.469959500006,196267.309942,0.011106766548194919,0.017019187120360747,20.0
20180714,78.25467252523582,78.17176166666667,92.1349004351351,92.66190847916668,134400.7799925,1871.696578,65735.4549995,17523.3639385,9890.997902000001,33550.099953000004,184975.80494650002,0.010517489025449354,0.01704272737165475,20.0
20180715,78.4636637390508,78.40099525,94.2478506328189,94.77956697916666,138560.7349955,4401.253269500001,65655.775,17424.530944,9893.120901499999,35496.349961500004,182648.77495649998,0.010871982918122641,0.017214254460367565,20.0
20180716,78.78771450245185,78.89968283333333,88.9095855572307,90.71938122916667,144753.049992,3004.4243275000003,65637.80999899999,23559.071466,11698.6919005,34576.849941,199832.46994500002,0.011404761976128835,0.01776702208368771,20.0
20180717,82.16288891375116,82.119920375,93.51056557666065,95.31952502083334,147338.3599905,5204.732772,65588.40000000001,23162.582956000002,14652.299908500001,32519.554949999998,199754.7849465,0.01210574530463373,0.018679182916991437,20.0
20180718,90.48811695921385,91.0786431875,99.90338646970805,101.21410820833334,138235.289984,11496.709646000001,44678.184496500005,26868.540468000003,15180.6443915,32844.809949,195985.3249455,0.012508651087963035,0.019579597660421603,20.0
20180719,115.0685283218489,114.73954322916666,130.28959924477255,130.96609741666666,126355.619991,10764.623849,20301.5914685,33920.053975,19091.003903,34380.5299565,194179.7099365,0.01453955523755916,0.025299596589092765,20.0
20180720,98.13520042974993,99.21320283333334,107.64089114189372,110.29021097916666,133122.359991,6819.044240499999,42229.4939975,26102.048469499998,15892.692901500002,35252.179952,194385.5749465,0.01306398947939811,0.02092383651237063,20.0
20180721,85.51896228126643,85.48235799999999,96.3970797830874,97.24293995833334,142239.544992,6561.640450499999,59079.3799995,21861.133959,13683.228428999999,35246.9249515,189210.094947,0.012164178283075347,0.018239300618371503,20.0
20180722,84.20018396147151,84.27046016666667,102.1038456179726,102.77443999999998,145316.649988,9650.2074295,61571.3,19935.0094495,14765.090909,33609.2649595,183437.9499435,0.012235688661654366,0.01872972012150851,20.0
20180723,82.40596231614641,82.42277852083333,96.14092514993615,97.84689741666666,152887.729994,6986.158937,64155.424999999996,25368.7549755,14445.506404,36173.224943,198593.70493849998,0.012598860516486732,0.019092982521740832,20.0
20180724,84.9935508749659,85.1002411875,90.50172937679491,91.87988789583333,145440.03999299998,2386.4670305,63987.15,24317.3489615,14946.4059105,33908.254955,200534.969936,0.01236146543840212,0.018148761579731575,20.0
20180725,82.80621587462039,82.9134621875,89.0707511642789,90.35045627083333,148665.5549935,5440.704712500001,62851.204999500005,25572.775966,14997.872397,32797.4999525,201755.519943,0.01231043203991201,0.017970515712862664,20.0
20180726,80.5932663675354,80.57096204166668,88.02730409046804,89.12666677083332,150256.2899925,8743.315448000001,62431.355,24069.9809655,13502.438888499999,34520.014955,201971.9249485,0.012109645202763197,0.0177790440551788,20.0
20180727,80.4393797353942,80.4295308125,91.85745223510081,93.1220815,149488.94999249998,10684.890955,62886.15000000001,21368.042454,13216.254914500001,35116.1999495,203886.454946,0.01202479841469206,0.01872849029658623,20.0
20180728,78.28736342462263,78.2923224375,90.90989962657231,91.50239460416667,139178.324987,14069.945421,61956.8799995,15957.8949405,12236.2918885,34353.364948999995,192138.869941,0.010895904109087504,0.017467325380699342,20.0
20180729,71.00794252450581,71.01507664583333,87.35057926404671,88.00685408333334,141248.67498799998,18727.506419999998,62820.8049995,15259.5784515,10065.2623975,33781.789948000005,186281.0149455,0.010029777795210505,0.01627175456138397,20.0
20180730,70.9447073415889,70.90832695833333,83.8721045852643,84.99128125,146157.4999915,12445.336947,63203.395000000004,25871.7344715,11966.2704065,32136.7949485,201048.104943,0.010369101062675249,0.016862327684448487,20.0
20180731,80.51132061009135,80.55165352083333,88.67093346531574,89.8259691875,151260.87998800003,7134.5821955,62946.425,26432.229973,13991.039893000001,34105.274952499996,205722.97993799997,0.01217821320447842,0.01824164866636888,20.0
20180801,87.9707885480122,88.04323283333333,103.80241047283984,105.41526104166667,146535.884994,5177.407862,62097.66499999999,22214.763973,15844.063893999999,34600.7099495,204764.50994100003,0.012890877353503007,0.021255049711165576,20.0
20180802,87.15011353640948,87.09961841666667,114.98078804640754,117.06289460416667,147769.69999050003,8527.597426,61820.5,20538.54697,15830.8008935,34489.034959,208742.084944,0.012878146131413243,0.024001329425311264,20.0
20180803,82.3506026726918,82.41714129166667,107.95073407172666,109.2907775,142827.2099905,6632.6499465,62072.8049995,20280.7424645,12461.496398,35068.344956,205118.8599425,0.011761906820776782,0.022142731502748564,20.0
20180804,80.2928842035886,80.22013710416667,126.16793373051208,126.99131047916667,126461.504995,5153.493048,62446.025,14069.801967,10469.527899,33634.984955500004,189767.059941,0.010153958976775077,0.0239425178428702,20.0
20180805,78.69149108746952,78.64793508333334,118.8707188858563,119.19349843750001,118428.9349895,6757.255600999999,55713.304998499996,14602.049966,9389.8608995,31232.939949,184936.35494699999,0.009319349482224746,0.021983517460679777,20.0
20180806,82.36309634946359,82.35404335416668,110.42270228591705,111.79220910416666,137710.22998600002,16739.5449125,52696.7999985,19756.88746,13620.735894,33990.024944000004,200854.3749475,0.011342240940643709,0.02217888284765175,20.0
20180807,90.80360958581518,90.80512864583334,120.14040135470296,122.17076418750001,138495.57499,5054.546014,53227.6649985,23612.371469499998,13766.269895500001,37037.664954500004,201500.659948,0.012575898120754948,0.024208370159390237,20.0
20180808,82.96409506611563,83.03779977083333,105.57856714730525,107.54160266666668,146129.7549905,16440.7164515,53240.959999,21283.433961000002,12850.481890500001,36587.31495,205082.6999425,0.012123522885020027,0.021652337606629893,20.0
20180809,78.16246167786153,78.317639125,112.39688194125752,114.11789839583332,156837.424987,28609.027464500003,53232.05,19111.4684635,12673.180898999999,37722.659952,209965.3899435,0.01225879922020087,0.023599455145229667,20.0
20180810,83.01430479134515,83.02454522916666,104.79758502149197,106.44451083333333,145006.76998399998,15631.438451499998,53199.525,20708.8904645,11578.171407000002,39002.349948999996,211058.539947,0.012037636200260255,0.022118425284607692,20.0
20180811,71.40185074784985,71.50337845833333,112.28786672313936,112.81972735416666,150715.7699885,33900.1864855,53401.35,14352.1719585,9402.559913000001,38918.114947,192557.01493950002,0.010761384914066143,0.021621816430132133,20.0
20180812,81.19824799508207,81.22919085416667,120.8678154238435,121.29426895833335,130013.46999249999,11287.3769275,53619.53999999999,16418.8739695,8649.443893,39071.234949,189727.934941,0.010556865979152175,0.022932001021195778,20.0
20180813,85.99815285430047,86.075982625,114.13784497426722,116.02887360416666,149874.0699855,16618.997907,53748.904999499995,23572.569977,14646.168400999999,40286.099952,207405.91493849998,0.012888893179509158,0.023672864165996566,20.0
20180814,91.58158541727865,91.54756016666666,122.16081074703095,124.67310445833334,136626.23498850001,4470.73401,53693.459999,24782.374976,14844.1409015,37882.6899435,207705.404938,0.012512447209840499,0.025373460663766445,20.0
20180815,91.86726757710478,91.839316,126.266198812524,129.04831839583332,132465.0069226579,4137.006419719299,53714.35350877193,22555.339527166667,14375.404614561405,36689.136972131586,209735.6678404123,0.012169198235566852,0.026482525533614992,20.0
20180816,82.10830112519726,82.28587875,112.48552242122996,114.54434227083334,140525.29644099146,13752.11025838889,53546.344871294874,24006.331070008546,13833.69436324359,34527.30892536752,212190.82750226924,0.011538293355884537,0.023868396084585845,20.0
20180817,71.17596113649799,71.14282225,97.10909370694458,99.35781137500003,155961.76497750002,34561.569991000004,53387.1299995,20063.720963,12819.2528895,34401.559942,212699.28993600002,0.011100728522818175,0.020655035277795598,20.0
20180818,76.89438517239016,77.0359180625,129.5426412535148,130.74060227083334,146284.07998100002,28059.679961499998,53260.1,15311.320955,11688.0364035,37225.354945,193196.329936,0.011248424390647743,0.025027162860394928,20.0
20180819,69.7974779845925,69.803634875,119.49581476530824,119.899873125,147523.5249835,33187.789992499995,53351.39,15032.33346,10236.290408500001,34845.6699465,189503.58995,0.010296769987245324,0.02264488588202613,20.0
20180820,87.01603411801388,87.160847375,118.74569657829922,121.05404706249999,141061.394989,13845.0034325,53569.049999999996,21316.822962500002,14938.710402,36359.074948500005,208621.87494950002,0.012274603159097456,0.024772949862349212,20.0
20180821,83.7634800087798,83.91191820833335,136.62981979235963,139.94610197916666,157068.22498549998,22847.44546,53686.329999500005,25639.137482,17410.839899,36451.869944000005,207480.87994800002,0.013156581123587453,0.028348075237655444,20.0
20180822,86.13730597774023,86.30559952083333,140.80247568238514,143.82874772916668,152451.5899895,18084.8049475,53624.2049995,26313.9619785,17791.468398,35638.529955,209042.57994749997,0.01313176925371856,0.02943371277964091,20.0
20180823,87.50875922964052,87.55958866666667,148.62513309515717,151.99906020833336,155846.52355942858,14804.115353666668,53663.43571428571,28865.30228657143,18185.1849215,34996.31899871428,210505.06066538097,0.013637935906938535,0.03128634265859638,20.0
20180824,83.53193638971386,83.68980322916667,130.55368213096568,133.29604560416666,152647.6299855,21750.627445000002,53699.6,23858.7554625,16598.051889000002,35923.384958,210660.35994350002,0.012750952117989364,0.02750248566965852,20.0
20180825,80.89777153726152,80.95434983333332,129.5359961199288,130.4255810625,151651.779985,27653.288485,53755.7549995,19267.3939665,16470.776403999997,33618.074958,192645.80994449998,0.012268291050445579,0.02495456688949129,20.0
20180826,93.99340627585983,94.02610314583332,144.86394046977034,146.35339345833333,132255.39118602383,9200.43551252381,53812.171428571426,17708.372893666667,16897.470501380954,33599.82566733334,191676.32923033333,0.01243113471592071,0.02776698834708711,20.0
20180827,96.11150340357266,96.08540156250001,139.2314534791375,142.73320610416667,137154.39642061904,7492.310781428571,53845.77071328572,21687.441968500003,18513.306423976188,34581.857100452384,207533.1077938333,0.01318211523839528,0.028895136243177934,20.0
20180828,98.60376933574247,98.75079866666665,179.8986494167629,181.96643479166664,149710.86999099999,4655.400622,53863.2,27540.931975,19762.508908,36635.2149545,208875.124943,0.014762056091645893,0.03757635287400331,20.0
20180829,102.0632921491104,102.31616220833332,169.178715702859,171.26360100000002,159183.509984,11099.159968,53828.22999950001,26560.873476,24217.690941,36411.659954500006,207099.4799325,0.016246793084817822,0.03503682403771037,20.0
20180830,101.35131418958731,101.54853660416667,157.5226044114226,160.65008054166665,161669.65999000001,10484.5924415,53321.639999499996,29273.5654755,24236.3449325,37153.874943999996,210523.60494050002,0.016385432504570245,0.033162226540308995,20.0
20180831,105.5202965810624,105.78904,169.18685820192042,170.88924683333335,157158.14998699998,5569.0535165,53778.4249995,28291.396976999997,24339.4904475,37953.2099495,210634.43493999998,0.016583374596759324,0.03563657827663541,20.0
20180901,110.37269982930762,110.49804004166667,155.71615190082198,157.58614277083333,143618.754989,2149.3816775,53729.2549995,20741.6694665,22634.2214045,37565.67495,196366.2849435,0.015851589734259774,0.03057740225446214,20.0
20180902,110.83022782719924,110.95704016666667,181.44242556508826,182.85824670833335,140855.82499550004,3303.812831,53684.975,17523.9274635,21637.906406000002,38437.4999525,190224.1149485,0.015611083175039373,0.034514724817228004,20.0
20180903,98.89271222781072,99.07908008333334,159.38953758564364,162.4981431875,166026.719981,15214.7639365,53559.0,27545.5129695,23130.001947,39390.879944500004,208934.25994050002,0.016418832641208345,0.033301935077714964,20.0
20180904,103.1619066730081,103.359979125,152.09450470105023,155.73989352083333,159593.5449875,7069.104156000001,53451.5799995,29645.772469999996,23809.872951,38243.744957,210735.40992950002,0.016463974393614998,0.03205169779620009,20.0
20180905,103.3722559536078,103.79658477083335,142.85469847576812,147.0253996875,159627.309988,5059.583473000001,53373.5,31827.6719765,24078.353951,37958.079952,212255.50493450003,0.01650103514526543,0.030321696157239914,20.0
20180906,106.54273727337329,107.00377089583333,145.24634063912302,149.1421439375,156628.28999149997,1675.301885,53325.0,31325.036477999998,23978.79544,39154.809937,210611.5499365,0.016687606750142105,0.03059055692461055,20.0
20180907,104.33993818989163,104.50878270833334,142.6492135008795,146.24059972916666,150349.164987,6472.716872999999,53275.475000000006,24642.201454000002,22544.8639195,36944.419963500004,210586.044936,0.015687422581645398,0.030039933684381268,20.0
20180908,93.45002364602809,93.53484958333335,140.76837172486293,142.9476644166667,134315.1049915,12493.187442499999,53264.8,15342.3704605,15576.397896999999,36714.1599495,196081.98494650002,0.012551749737474421,0.02760214174549789,20.0
20180909,92.37699921263129,92.42193110416667,144.5440011494364,146.68124774999998,133335.5449945,12028.044943,53268.8199995,15424.793449,14870.5739005,36767.664957,190334.0999445,0.01231713753497269,0.027511652361154753,20.0
20180910,95.9040267959457,95.95919764583334,123.25312456673502,126.43320100000001,148055.75498799997,16390.550953500002,53247.275,19812.316951499997,19508.480897,38096.989948999995,211038.069939,0.01419914309366312,0.026011101522514905,20.0
20180911,92.06572248628594,92.1983395625,112.88007700014272,115.73705097916667,155676.8399775,19703.624926,53223.24,23947.5269585,20072.5559,37650.839952999995,215655.4949385,0.014332500746910459,0.02434320887416177,20.0
20180912,91.80777316159491,92.08717920833334,113.01467569648126,115.87377377083334,149485.13998849998,17583.538437,53264.5749995,22064.4239665,18884.3994005,36596.699945,215777.70494650002,0.013723897823093467,0.02438604734705972,20.0
20180913,90.62432483538583,90.75406422916667,112.38667048105425,114.25381697916667,162088.139982,23376.6434425,52229.394999,27260.9994785,21821.7259215,36315.5999505,215486.5699405,0.014689128249692257,0.024217818128995622,20.0
20180914,95.20367890528871,95.23120214583332,112.13549791457535,113.9068173125,161528.29945418422,21038.640129842104,53346.04552531579,26531.950632394735,24562.50108271053,34877.437839131584,215611.04652181582,0.015378088355353476,0.02417765205760649,20.0
20180915,91.6869489347137,91.85547618750002,118.75703890859182,119.25312327083334,150835.38974740478,23804.809114500003,53356.48357092857,18915.73940252381,21974.913062857144,31626.885667333336,202151.44375564286,0.013829636677317939,0.02400690687151689,20.0
20180916,93.52794497170167,93.63990372916665,123.74243191571051,124.11472689583333,153630.904986,24658.727966,53422.595,19224.014452,23519.2944315,31620.389954500002,194180.969932,0.014368782827483337,0.02402842545113714,20.0
20180917,101.23445895988941,101.23923281250002,113.06456272739207,114.71839260416668,163207.0749825,13310.513933000002,53243.69999950001,33175.54698,28369.021446000002,33841.609942999996,216611.04493750003,0.01652217993427949,0.024491033077781915,20.0
20180918,98.75241524717586,98.71184191666667,111.21364737494355,112.25483241666667,162832.09262005263,15223.17142994737,53151.020263157894,32259.813029105262,27071.52151281579,33957.092585,216409.48914844735,0.016080062425982037,0.024067688614747097,20.0
20180919,88.6425955181192,88.71053281249999,95.76752404580992,96.89626331250001,154838.59998499998,16330.220924999998,53013.17,32461.796478999997,23017.3194355,28929.5449525,215474.1449395,0.01372529538906221,0.020635425356743897,20.0
20180920,73.97818494675845,74.29852225,89.98729449294787,91.27357935416667,166281.40498,36580.0684885,52893.4549995,27520.835978,18604.617412,29643.4449445,212732.2299385,0.012301196530817281,0.019143197823617304,20.0
20180921,72.3240026517186,72.23891160416667,84.10670253202666,84.9914358125,161817.504985,34644.5249915,55611.179999,24018.032968,17516.289903,29076.684951000003,213759.114933,0.011703289659629627,0.017978574293179127,20.0
20180922,67.9413938003422,67.92923266666666,87.60256979272968,87.02918668749999,153699.839985,40461.1699925,50414.194998000006,19305.945951499998,14643.134403,27912.3299445,201045.86994350003,0.010442581355470467,0.017612134853265515,20.0
20180923,83.18157474633158,83.20489347916667,106.62937628169067,106.34761245833334,151718.439984,31285.3889895,48291.37999849999,21417.520458,19780.847895,29820.714951,199163.24494,0.012620178755925918,0.021236652586189782,20.0
20180924,96.7055297228123,96.65209593750001,108.06728000983468,109.64891924999999,167452.72997400002,25431.050457,49650.195,30246.897476500002,28501.302444499997,32365.404949999996,220161.3599315,0.01619360495566672,0.023792239331063406,20.0
20180925,98.224596436433,98.18681964583334,108.24965629739995,109.51299829166668,173976.7699825,28593.0034695,52587.149999999994,27794.889476,30756.650451,32984.234956500004,220084.28493999998,0.017088798020845192,0.023824048201214035,20.0
20180926,88.24808180982961,88.29623470833333,90.05302794846581,90.57060870833334,175467.3449805,35764.359993000005,54250.94999950001,25014.397461,26176.6509485,32989.924947499996,225822.824953,0.015484656614792761,0.02033602916689401,20.0
20180927,93.85645546068434,94.52156075,98.02042169081378,98.62122195833332,180348.649984,28775.95646,54630.744999999995,31497.993473000002,29377.2944545,34792.844949,229887.33995350002,0.016926885034617846,0.022533654003621534,20.0
20180928,110.71172246670282,110.93158162499999,110.22095870678994,110.83555127083332,175050.6899835,9864.4324425,54600.709999,37241.901979999995,35417.624957500004,36490.124952,234142.54996849998,0.019380163407058087,0.025807416331580537,20.0
20180929,103.02328606668523,103.50828010416667,122.59624303064551,122.6022206875,172863.4399845,24379.5619715,54609.924999999996,25253.136963999998,31090.1449525,36148.0249545,221803.374941,0.01780895962799442,0.027192260459284225,20.0
20180930,95.98589418276399,96.05409125000001,118.59144541316468,118.38143933333333,166249.1899855,25189.435459,54644.945,23134.343957999998,25898.5049505,36133.494957,209434.0599385,0.015957577157918432,0.024837087886854084,20.0
20181001,109.96224744236186,110.56260264583334,120.4853233583305,121.59714385416667,162620.324986,7494.62795,50862.7049995,35229.345987,31097.2149595,36708.6099485,226282.419949,0.017882096415267834,0.027263710537860805,20.0
20181002,129.3565420467848,129.15672627083333,122.91386434406301,123.88347679166667,160077.569987,5098.199969,35150.509999999995,42127.610488,38285.5699555,38081.4349515,227979.8349485,0.020707080912770497,0.028021882506041807,20.0
20181003,116.57094226976572,116.4977689375,118.43124380011847,119.63349779166667,172736.0599865,9556.287949500002,49599.6999995,37867.3919835,37210.1199565,36963.329954,226579.9299555,0.02013600527659308,0.026834142924773586,20.0
20181004,117.08584893639448,117.04712339583334,125.3661787634614,126.34103922916667,178492.624986,10107.055210499999,52399.784999,39552.790486,41026.99996,33852.794956,235337.96497899998,0.02089896052537131,0.02950342138738653,20.0
20181005,95.91382259229401,95.92519374999999,104.87239539989457,106.38132127083334,188056.8949865,36096.694997000006,54411.675,30423.193984,33921.054946,31684.614954,235042.8799695,0.018037255662992826,0.024649509844091363,20.0
20181006,97.42528978775792,97.6608584375,132.6881217498087,133.06791389583336,175658.089989,24237.498970499997,54706.195,32679.465491,31723.749957500004,30781.804939499998,217093.424952,0.017113540320742384,0.02880571880111393,20.0
20181007,113.88998278124042,113.94656104166667,139.21988756972763,139.39393445833332,162084.74499500002,5013.6254755,54695.454999500005,33945.351492999995,34940.479953,31795.924945500003,217160.68495149998,0.018459828816582296,0.03023308614351287,20.0
20181008,96.70546127373156,97.04789185416666,102.45635929217754,104.05959629166667,185029.70893186843,31055.165719315788,54716.83131528947,32476.588166157897,33105.29994981579,32040.358378473684,237434.87261094735,0.017893383351600626,0.024326712616719627,20.0
20181009,92.95069699362091,92.94959570833335,102.28635004791366,103.65453597916667,176350.6749775,31177.025486,54729.525,27198.660479500002,27576.2119515,34257.579952500004,223423.81994950003,0.01639191815445413,0.022853207056396596,20.0
20181010,97.97794202871651,97.98794908333333,106.13987004629892,107.27426675,172832.5649845,21027.7184475,54726.55,31750.956976499998,28840.546949,35116.349952000004,220498.53994800002,0.01693377903272572,0.023403686375479373,20.0
20181011,104.0005705508865,103.844751625,107.68738518178652,108.9366669375,172239.73498399998,13617.581426,54741.275,35369.4974795,31183.176451,36015.789955,228914.4049645,0.017913030709869483,0.024651193701071574,20.0
20181012,102.31708773819709,102.09593922916667,107.20896598379333,108.43980839583334,170399.71445463158,19000.867349842105,54704.64078897368,29029.835158210524,29232.852206526317,37155.1209995,227896.2810075,0.01743480253441827,0.024432524638366072,20.0
20181013,88.98248442600698,89.11023106250002,117.48492375597291,117.50998766666667,159082.564984,28969.036467500002,54651.85,17816.1039565,20559.0763955,35902.2799465,213183.66493250002,0.014155561861138024,0.025045866620613644,20.0
20181014,81.48691270476522,81.4952725,104.69729978071794,104.292189125,161986.20998699998,37499.894992500005,54665.55,14691.920449500001,17567.082907,36495.904952000004,202098.4999365,0.013199756152586437,0.021159167233085148,20.0
20181015,95.85296675787833,96.13409904166667,98.07538092904669,98.65780402083332,171199.09998300002,22324.332954,54595.4149985,29033.0679775,25669.571427000003,38422.3099535,224521.489937,0.01640994163964919,0.0220200306523284,20.0
20181016,108.8006739221191,108.74660264583333,116.94956790008428,117.75472739583331,166694.35287923686,7315.490322263158,54548.93947368421,34452.24929978948,30171.540648342103,38774.02336892105,230575.4502186316,0.018136457932272504,0.026965699271436355,20.0
20181017,101.38931388800616,101.45590560416667,101.54881020422172,102.79622537500002,175906.5799825,20040.065943999998,54523.1,31800.727973999998,29564.642438500003,38551.5199515,233540.1999745,0.017835047452811354,0.023715729442266485,20.0
20181018,103.06178480245862,102.940113875,103.69619961479427,104.7046650625,181204.48497500003,18621.542956,54477.634998,36074.1989745,31583.269449500003,39075.13995,232173.1549655,0.0186752576357338,0.02407547382249905,20.0
20181019,104.67140621630975,104.97715764583336,107.84856639703776,108.7547815625,185637.704975,17801.9547125,60051.529994,33101.553489,33355.6949515,39858.934947999995,238801.22497550002,0.019430959626501692,0.025754369767464164,20.0
20181020,108.69556232262956,108.86322785416667,125.14678504860339,125.4939353125,172302.8676070476,6495.361589833334,63721.2419042619,29717.85700680952,31748.92995107143,39032.9573335,230047.97494314285,0.01872855708434963,0.028789764471075997,20.0
20181021,93.29262284441239,93.45569812500001,122.9466868728353,123.28878964583335,184546.54735852382,31870.631269238096,65435.09857142858,19595.82952485714,27816.808401690476,38390.913283619055,219807.03636600001,0.017216831439957253,0.027024546872536526,20.0
20181022,95.22938273837454,95.27104958333335,99.49835096912712,100.664065125,186986.184971,27516.497962999998,66403.8599985,23922.442962,29810.472944499998,37854.669953000004,233934.554971,0.017806578975391858,0.023276102454311116,20.0
20181023,113.27825598678648,113.2750816875,112.49982233335041,113.26979608333333,180992.6699735,6474.5064409999995,66742.625,31030.133472499998,37634.304959,37392.20495099999,242569.76497750002,0.020502534000990093,0.027289055463411316,20.0
20181024,112.26608395938834,112.33785277083335,109.69021515565083,110.31180608333334,180993.104981,6024.0644605,66785.975,31847.179976,36797.9449575,37740.094946000005,244492.8349815,0.020319387119867336,0.02681847167313577,20.0
20181025,111.99732863714992,112.21756079166668,112.81790339032106,113.71210527083333,188363.404981,7596.545936500001,66769.2149985,34978.1969825,38738.719953,38492.944957,249677.2299865,0.021096198170869617,0.02816806161137993,20.0
20181026,122.69223572369889,122.57964408333333,120.82175898697733,121.63270604166667,196217.8299795,6645.649165,66694.9299995,36853.338981,44090.0299575,38939.944948000004,253722.06498750002,0.024074404249037486,0.030655146185597927,20.0
20181027,116.31217765941913,116.46281075,131.90022226249425,132.40337250000002,189706.4254642143,15059.37837759524,66787.125,25856.044168499997,41300.73519266666,38827.81279883333,245966.79331583332,0.022065167461727046,0.032443074707551395,20.0
20181028,122.72051228380838,122.76849839130433,137.34161403444057,137.69108400000005,181424.5673548947,8715.706724578946,64024.78947368421,25949.461975447364,41955.37206368421,38574.01415944737,236873.42446115785,0.022264515846660976,0.03253257843736055,20.0
20181029,121.16041303384046,121.4289563125,127.82552241531768,128.84864322916667,209076.76997599998,12171.602448500002,66865.775,38110.611479499996,48432.464932,40516.619946499995,268602.05999999994,0.02533182780607341,0.0343341986413305,20.0
20181030,112.24516990558658,112.5123523125,129.11044746828568,130.00335195833333,215721.25307480953,28196.399255238095,66850.96642809524,32037.250880285712,46753.21684040477,39826.82137459524,264143.5026120476,0.02421366870362804,0.03410368581808175,20.0
20181031,98.47053171530884,98.53408658333335,112.71401968560686,113.86787141666667,209084.0954507143,30321.549656285715,66963.43595188097,34784.83655047619,37767.61423328571,37624.80351959524,250752.19307783333,0.020588622052246222,0.028263287626783998,20.0
20181101,101.12909834748059,101.33259458333333,121.20239854853473,122.60996960416666,187593.83997849998,21945.6039595,66935.9699995,26969.0904725,34085.279957,35828.9849555,244759.21498,0.018971195892567263,0.029665403922432453,20.0
20181102,107.38492830146345,107.67635545833333,122.61575474838978,124.63499489583334,189646.894975,20315.1369635,66931.95000000001,28422.4969745,34947.7999585,36216.4349535,248750.7499805,0.020365218219485545,0.03050076095308701,20.0
20181103,104.38598651306715,104.45060091666666,132.58073938865638,133.04447695833335,182643.0449835,21046.4824385,66924.425,21841.660466,33348.1949575,37929.9849525,229646.34495300002,0.01906537443035315,0.030446682211771183,20.0
20181104,104.16079184161964,104.56402637499998,137.9896543136264,138.4765385625,188135.674979,24723.881462999998,66915.295,21647.4629655,34191.184947500005,39048.5749545,228407.84495,0.01959636087947023,0.03151791956717088,20.0
20181105,101.8741979736273,101.90015785416665,141.48811669244245,142.8674553125,205114.8949765,26824.403955499998,66931.6749995,33579.362476,38898.394952500006,37260.284952999995,244271.35498,0.020895915418175735,0.03456149397803127,20.0
20181106,106.05379223719984,106.12249806250001,131.48117915001274,134.1228845625,189127.7549775,11632.310934000001,66905.42,36447.5574815,37971.4499515,34603.1799475,242773.2499805,0.020057715632671825,0.031920113173516944,20.0
20181107,109.7177849399814,109.63933179166668,132.92790287047686,134.84974083333336,178774.3799865,2354.8113350000003,66904.5549995,37229.2324795,38539.9349545,29782.354960999997,237951.4949775,0.01961472897613732,0.03163039321225388,20.0
20181108,111.40969009152599,111.39587360416665,128.42421032612626,130.425328625,184929.5249845,3626.757926,66887.92499999999,36890.892988499996,39233.519947,32616.074953,239143.404978,0.020602941067296255,0.03071180293900066,20.0
20181109,112.85209992993745,112.70957531250001,122.42172508556109,124.11867447916667,189891.58260309524,5729.138681452381,66857.72952380952,37558.715415095234,39866.32566283333,38272.22257311905,245420.15426688094,0.021429663855778477,0.03004475865611609,20.0
20181110,110.96456664214139,111.42260262499998,130.09020409075316,130.6753516875,171616.3849795,23064.9349545,53307.859998,21826.9254645,32537.5449505,39215.09994850001,236699.0399655,0.01904333778794112,0.030792226417197234,20.0
20181111,106.3450849318014,106.49118591666667,134.0896341628735,134.37789345833335,182411.56997249997,22592.420943999998,64729.059999000005,20817.005966,33707.4099515,38903.254946,230761.5999575,0.019398573901268742,0.03094273851714054,20.0
20181112,100.04334938530918,100.24805924999998,113.63106457863829,115.46180070833334,205672.104971,30185.6619725,66794.22999949999,30510.2689785,36372.279959,40188.669953000004,249865.02998,0.02057612625642574,0.028392429357600772,20.0
20181113,106.32342243511238,106.33652691666664,114.93606990464836,116.27577183333331,197367.27997799998,18468.0929385,66825.925,33014.762476,38012.749962999995,39410.054947,244316.91997699998,0.020984764683969988,0.02808082659336485,20.0
20181114,113.01047462285122,112.97208183333332,117.47639595555664,118.60430920833335,191492.15354945237,4651.338411333334,66877.494998,39364.169381333326,40170.69185585714,38820.61733609524,242110.91569485713,0.021640619159175516,0.02844231779733143,20.0
20181115,99.44072781542312,99.41965718750002,111.0681843496047,112.22055933333336,204932.14497100003,29526.3394765,66867.134999,30944.0084795,36095.879955,39356.9099505,242806.3199755,0.020378601648692044,0.02696805710828794,20.0
20181116,93.27397984210705,93.26042864583333,106.32376276025327,107.47320306249999,201648.86287523684,33074.8886676579,66860.15105213158,29028.48829223684,31798.908114789476,39394.419691631585,242121.2010291316,0.01880859197100865,0.025743237137448978,20.0
20181117,95.97972101146077,95.92005779166668,130.52716052631783,130.74083075000001,203037.099984,36674.5999945,66886.66500000001,24828.761476,33800.0149505,39283.524948000006,231343.2099605,0.019487444211440386,0.030196572303187834,20.0
20181118,113.08889028889507,113.28122318749998,142.77555440088,142.88751772916666,193699.22998300003,18249.664950500002,66894.97,26173.5354725,39931.909954999996,40658.6149485,234022.37995550002,0.021905230968590945,0.033412675040359906,20.0
20181119,115.88186617805114,116.44168560416666,128.20476249784411,130.2254055,206481.579982,18458.3534735,66925.775,33537.3269775,46370.6649395,38930.9299475,262216.89999049995,0.023927470819706687,0.03361745538620299,20.0
20181120,113.73675307346501,113.81383135416665,117.50478854244011,118.48716583333334,210306.93156192102,23667.609952,66974.84210526316,33165.32489897368,47562.41071376315,36913.672053657894,262570.9334095526,0.023919627544696315,0.0308533420076806,20.0
20181121,121.01663382723875,121.11879025,125.95215613614417,127.14766395833334,216563.92998800002,20094.0899455,66967.429999,35315.7144815,52787.799917000004,39241.5449525,263056.979988,0.026207837815545566,0.03313259381615113,20.0
20181122,130.29901802991452,130.35172633333335,138.21270704727425,139.02239302083333,225282.98498449998,11881.269550500001,66993.10499949999,39724.363482,59453.079898,41233.6999545,265343.91499099997,0.029354151722328324,0.03667390078942792,20.0
20181123,122.15588608165908,122.37741483333333,132.68045366141385,133.64987225000002,242568.464992,28639.4009765,66978.15,37641.910986999996,59137.33490500001,41959.354954,269571.5149985,0.02963116577656566,0.035766870904195606,20.0
20181124,125.50046634957414,125.57651837500002,147.1306932113728,147.31199697916668,221224.974984,26763.0074615,67013.32500000001,28401.378484,56874.8349,40025.7049575,253739.0849885,0.027763837528664872,0.03733280746917744,20.0
20181125,129.70893386274278,129.7801433125,150.00189156255547,150.41187204166667,213186.144986,17133.736447,67026.4,30418.744987000002,56959.604901,38926.9899515,257234.61499050003,0.02765214758044217,0.03858567882394069,20.0
20181126,130.334385195659,130.71328875,146.4731124885008,147.79889329166667,236158.73998950003,22641.9234645,67007.875,35183.164482,63871.904899500005,39372.754946,276203.25,0.030779604185112976,0.0404563497069395,20.0
20181127,139.71225686930015,139.72251764583334,150.85807118562926,151.65526737500002,231866.899989,11054.038943,67023.67499999999,37024.0284905,67798.8798995,39796.154953000005,275435.6,0.0323946478907515,0.0415516833518565,20.0
20181128,128.23495807679507,128.3546225625,133.20539210407063,134.35166447916666,235945.534993,29882.1119895,67043.0049995,32811.960472499995,63687.804892500004,39804.754952999996,275925.14999999997,0.030256465788234342,0.0367547177971245,20.0
20181129,115.1374018868828,115.19733183333334,119.30822732532123,120.307628375,228417.08498649998,40328.689995,67056.645,25588.865467500003,51995.1799185,40719.704951499996,273073.79499950004,0.02629934971192091,0.03257995041038852,20.0
20181130,110.77634424180921,110.84045670833332,115.69960245978977,116.86206116666666,224424.5949735,41260.349991,67057.7299995,25033.7729675,48515.234941,39570.739954,270412.0099995,0.024860936189113045,0.031286562057294846,20.0
20181201,111.52672173728183,111.53908147916667,134.42088917618088,134.90301802083334,214968.50997999997,40623.784989,67059.875,20516.295461,47669.2299405,37075.974955,256165.354991,0.02397473319481755,0.03443397479402225,20.0
20181202,124.6903235922542,124.60701902083333,140.0835809702311,140.38020491666668,200357.849983,23107.277430000002,67073.17499999999,19784.343464499998,48173.979938000004,39505.209950000004,254527.82998950002,0.024982685148628593,0.035655169881511344,20.0
20181203,120.98824605928928,121.18397766666668,122.83302384477362,123.94614322916668,218435.8099755,28102.2889735,67097.825,28640.332469999998,53779.8549125,38522.5399575,273330.664992,0.026428165525475947,0.03357403209047016,20.0
20181204,121.27002969756943,121.36224839583333,121.77269096500359,122.58918525000001,207988.874976,19560.159953000002,67104.42499999999,31445.8249685,51446.074913000004,36443.409950999994,266012.5949925,0.02522281704510357,0.03239306952282036,20.0
20181205,125.33390003251706,125.48083114583333,128.53983937440083,129.69816445833334,205973.60998250003,16011.53742,67106.645,30820.7834745,52805.374912,37413.154959499996,265784.23499050003,0.02581547584288332,0.03416386287392688,20.0
20181206,125.82372814097891,125.90612252083334,130.54594077404946,131.0723100625,209483.4649825,19650.661428500003,67100.52,28690.9059765,54010.564918000004,37817.089959499994,257953.9599895,0.026357990547988357,0.03367484238322079,20.0
20181207,126.5247078901306,126.6898310625,129.27479906987458,130.173123,207453.859983,17363.7229185,67108.85,28982.689470999998,53311.929921,38572.884946000006,269245.19499999995,0.02624803903502913,0.03480661848415419,20.0
20181208,121.14466861249697,121.24676925,136.76836223554741,137.2628095625,195934.4149835,19996.619944,67080.82,22207.7819685,46199.074949,38581.269954,258037.9199915,0.023736409772959568,0.035291423711904676,20.0
20181209,112.89651776164439,112.921019125,141.4418660068828,141.71520516666666,203621.09497699997,30223.8149885,67099.04000000001,20892.7234755,42966.9049495,40677.6249525,244169.289981,0.022988112565716357,0.034535759996488315,20.0
20181210,132.9435362588077,132.84339291666666,131.69993946950123,132.4339145,201265.49998199998,8747.280434,67095.975,28701.985471,53181.7349215,41742.4749465,264486.97998999996,0.026756947294504077,0.03483291925515418,20.0
20181211,137.4369183519634,137.42068397916668,138.29990183377208,139.0857475625,202235.7599825,5217.624457,64945.044999499994,32291.041981,55810.6549085,42035.07995,267190.5499925,0.02779465963256212,0.03695242683487432,20.0
20181212,138.90820349426255,138.953663375,149.96432635675845,150.9833299375,212755.469989,2815.5860695,67038.85,34143.9679835,58921.884911,42832.7599525,272867.884994,0.029553480119749478,0.040920448557518654,20.0
20181213,136.58445527461402,136.91580947916665,150.00359613552308,151.35780947916666,225052.1649885,11543.618954999998,67091.42499999999,33334.381982,61584.4999075,42889.0899615,279766.44999999995,0.030738627363326835,0.041965973578069,20.0
20181214,137.14542036596924,137.32762152083333,144.12554542557743,144.92305941666666,228290.07578097368,9705.376970210527,67095.38815789475,35356.72500978947,62053.61517197369,44866.01705915789,286910.5342105263,0.03130893840836061,0.041351137231435894,20.0
20181215,139.97689418011097,140.07832991666666,149.3956113452977,149.99185072916666,212338.48498799998,8273.132454,67102.845,30503.933994,60690.7649045,42639.9049505,278041.80000000005,0.029722481643530356,0.04153822469054701,20.0
20181216,137.64908611954175,137.76145514583334,150.41303728429585,150.97745504166667,207653.944987,8092.2439365,67106.82,29901.056986,58141.0048975,41430.504955,271298.15,0.02858337575657815,0.040806778751110495,20.0
20181217,133.19261715431307,133.4863094375,141.84212077893505,142.76035120833333,221118.384983,11341.0889255,67142.22499999999,34023.189478500004,58882.2549,41372.3699535,286095.75,0.029451336396820724,0.040580427925840004,20.0
20181218,139.38238212907052,139.51958016666666,142.45732579665855,143.2640803125,216550.264987,4161.6051255,67142.2299995,33971.99648,60265.5299005,42288.729944,281329.75,0.030183291784569515,0.0400774838520425,20.0
20181219,139.475428678073,139.66858025000002,141.4484809377995,142.1241841041667,215233.51498550002,6109.1944625,67120.5,32603.236974500003,61044.8449105,41127.749943999996,279460.05000000005,0.030019786768491066,0.0395291995553015,20.0
20181220,140.07013512937192,140.24783016666666,138.8004774278639,139.75593489583335,217268.839989,6484.531945000001,67101.325,32695.0779805,62038.7749095,41149.364955000005,280622.4,0.030432875776661112,0.038950523096953,20.0
20181221,139.569914708345,139.78776743749998,140.52112207047162,141.346643125,222970.439986,9540.899445000001,67129.47,32181.331980500003,63091.904903,42351.574951,283915.75,0.031119965291328183,0.0398961597634795,20.0
20181222,138.84414235927557,138.89553864583334,153.6623544363554,154.20068397916666,217445.174992,6927.7364075000005,67146.0299995,32072.443986,61074.964908,40800.644953,277061.1,0.03019098883192683,0.042573860948726505,20.0
20181223,145.35963930092956,145.4639131875,159.20302065517413,159.86076743750002,209461.714994,2464.2183925,67124.95000000001,30700.8904855,63326.184907,40230.6299555,269226.9,0.030447279338881948,0.042861735721628505,20.0
20181224,135.3966518258629,135.5176428125,139.06937326262607,139.76480989583334,219089.1749895,15030.314934999999,67113.4,31528.970478,62184.8049035,39020.1049525,264573.44,0.02966394074486888,0.036794062482737006,20.0
20181225,126.2604121497758,126.34751879166667,141.2524581917199,141.52033014583333,208126.684985,22105.8669405,67177.07,25122.682965,53939.889912000006,37572.5099565,236436.6699575,0.026278161025572653,0.03339726083816125,20.0
20181226,131.31480511634828,131.17926810416668,142.84287542320104,143.1412055,202994.3749895,11164.5149485,67176.525,29241.8334795,54572.099919,38374.9049535,235119.5099565,0.026656166791461117,0.033585146870280407,20.0
20181227,138.71385000364447,138.78412183333333,138.50424417364508,139.36245618750002,202446.739992,4241.786469,67091.6,32563.927488500005,59527.894902500004,36718.3899585,249518.7449845,0.028082166724977098,0.03455940518123467,20.0
20181228,138.7650592818446,138.88797622916667,134.24501610862674,134.97495583333333,205316.824988,4221.272326,62624.8,37743.582991,59496.134891500005,39045.7349505,263501.939992,0.02849080139101993,0.03537382217888044,20.0
20181229,123.53831630449744,124.03414393749999,131.69205299223296,132.29443516666666,219191.7449855,22999.828965499997,66985.375,32695.675488,55543.894910999996,38975.884955500005,259059.069999,0.02707857912335344,0.034116020774426895,20.0
20181230,131.26548430072071,131.32062202083333,151.36718313748122,151.75912233333335,208573.9099865,12398.929955000001,67135.45000000001,30231.1144805,55119.224903,40906.589958000004,256614.359985,0.027378555306872852,0.03884299282355703,20.0
20181231,118.93463498374584,118.84003004495612,144.2377329270597,144.50087037828948,230358.22499249998,33553.6049985,67137.6299995,30181.482478500002,55109.7099135,41365.04995850001,272684.1,0.02739757140498658,0.03933133638925564,19.958333333333332
20190101,108.23299648501522,108.47218610416667,126.00951541543246,125.92074745833334,190915.244987,22052.295452500002,67169.42,20364.169464500003,43453.2899545,35976.8399535,252567.22499199997,0.020663329039613793,0.031825873631062415,20.0
20190102,116.00092858032787,115.70585229166666,135.99670259876217,135.51497614583334,221325.9249815,31611.779991,67128.8199995,23277.466472,56392.9049145,39342.9899485,286101.05999999994,0.025674012816753983,0.038908800770010604,20.0
20190103,123.55856763202556,123.97883083333335,142.77790466132672,143.84249710416665,232577.99999550002,22520.468964,67139.35,31806.2319825,63249.1399065,43031.519952500006,308381.30000000005,0.02873700454216523,0.044030035850736,20.0
20190104,131.7274676955922,131.8477883125,136.0047600494724,136.19491379166666,212606.879992,7682.8024515,67176.57500000001,31230.826469,63160.399906000006,40405.634954,293204.1,0.02800616591600683,0.0398771532660215,20.0
20190105,136.37583061595518,136.5418719375,144.91959467294168,145.46785120833331,195446.0699915,2674.1071325000003,67162.045,24522.683472999997,60638.5649055,37092.949956,279966.15,0.026654120135714925,0.04057258098014399,20.0
20190106,128.61272006303125,128.6446843125,139.76544053177486,140.0169548125,199815.8599915,13218.058936,67151.3,21596.9364675,57782.449904,37378.679951,270639.9,0.025698861265240635,0.03782610484897549,20.0
20190107,120.61542524732955,120.73118589583333,138.10668605505137,138.78195525,213177.249984,20999.1329415,67182.925,27495.0709815,57925.734901,37401.089953999995,275333.75,0.025712464659876436,0.03802543177161,20.0
20190108,130.0699422979765,130.2046635416667,138.25755585678738,138.78491358333332,201361.85998399998,4838.082469000001,67148.7799995,30283.260973,59061.33490550001,37304.4899495,280198.75,0.026191125509132104,0.038739594329127,20.0
20190109,127.06528658812789,127.68303958333333,127.27446053049822,128.181810125,214100.60998449998,7627.514942000001,67152.6049995,36930.077484,62442.5449075,36918.5799555,284497.65,0.027204755366373488,0.0362092849259445,20.0
20190110,122.45639849243545,122.95576910416666,131.46978507266508,132.87078939583333,226877.3649865,19455.978878,67166.8049995,35187.899973499996,64380.064909500004,33783.284964499995,291642.85,0.027782585015700568,0.0383422228074795,20.0
20190111,111.94902083741029,111.99099825,120.59624852154131,121.41920597916668,223784.57998600003,39731.0349985,67176.95,23316.294473,57973.2349215,33751.3399525,279242.5,0.025052464607943824,0.0336755979277765,20.0
20190112,120.381496258859,120.54285189583334,142.2899027854238,142.53008041666666,215414.1899855,30724.0849725,67173.17999949999,19374.057969499998,58999.94490750001,36609.949953,268161.35,0.025931882505844613,0.03815665242230801,20.0
20190113,130.6691310311023,130.74331002083332,142.57799706711378,143.04651739583335,197734.3999935,15008.7334415,67197.0549995,16923.2194585,58248.9799,36794.624949,273744.0,0.025837782222107045,0.03902987122914,20.0
20190114,127.77815560077188,127.65083091666666,128.43261302682117,128.8169353541667,218564.8449885,16905.625925,67212.9049995,28502.863975,63189.409913,39864.524945,287254.5,0.027927812771799138,0.036892846038713,20.0
20190115,132.25387698218574,132.328809375,140.27396610368476,141.3937475625,223262.12665366667,14066.802597166668,67193.23666666666,28945.799311833332,66039.00489616666,39672.243286666664,291962.6,0.029527281833235205,0.04095475185594367,20.0
20190116,136.1495092654833,136.35626770833332,150.74342682749486,152.1998304375,219166.59498350002,5566.656304,67194.2549995,31136.1599755,67627.0799065,39153.1799555,295155.55,0.029839424354390458,0.044492759054154,20.0
20190117,135.81072966479485,136.03703872916665,153.31265947205546,155.22408049999999,224385.074987,7695.599448000001,65407.7799995,32590.0179825,68406.34989849999,39898.114946500005,300618.7,0.030473900759874176,0.046088652384031994,20.0
20190118,133.27357286565564,133.57697629166668,153.00774949394338,154.35330941666666,226648.48998850002,4513.925224500001,64772.0749995,37937.338487,66713.544894,41390.339952,311746.75,0.030206254045373183,0.047699668629550995,20.0
20190119,135.42296601979695,135.5750595625,148.38017638007076,148.8627053125,221127.2949915,7417.942454,67202.10499949999,27825.0804735,65686.6099085,42143.669956,298973.8,0.029945714155683516,0.04436178517702,20.0
20190120,130.2641881041234,130.48820545833334,161.29251232698343,162.2357465,232935.32499,15039.727439,67196.175,29597.005981500002,65862.844918,43798.039945,290217.14999999997,0.030343130990592476,0.046809853243876993,20.0
20190121,129.14097222626629,129.51351845833332,156.32803771279563,157.37058016666666,246427.469995,12959.689460500002,67158.4799995,39634.983484,69810.1999005,44010.024953500004,322091.9,0.03182388305841336,0.050351994690186,20.0
20190122,129.84565593562328,130.16518502083332,150.27418755448866,151.56003897916668,247643.169994,14324.430443500001,67064.725,39213.651482500005,71168.5249095,43849.409952,322523.55,0.032155389845847995,0.0484669644434395,20.0
20190123,133.2586482603614,133.492746625,145.80923809251155,146.64330979166667,240294.744993,9083.341955,67071.05,39253.75999,71793.444902,42349.2499485,298189.75,0.03202135290183543,0.0434788202544965,20.0
20190124,130.94646633637575,131.12628897916667,136.50416925149102,137.53076852083333,246001.399998,9029.746938,67063.67999949999,43324.624996,72006.004915,42352.599953,312344.94999999995,0.03221301404353941,0.0426363879196485,20.0
20190125,133.76932886879604,134.04747633333332,140.3199859173197,140.99243481250002,237521.77499299997,11543.555464000001,63000.429999,38239.73448,70929.6399035,42419.289952499996,312623.55000000005,0.03177312843253879,0.043867332133422504,20.0
20190126,133.5063337801602,133.655767625,143.7146451015072,144.12297554166665,230125.55499,17553.713437500002,66909.575,24827.452964,68103.49990600001,41194.009947,300830.9,0.030723219155839553,0.043233806029067005,20.0
20190127,140.68038131777777,140.71451795833332,164.86277700895272,164.46791360416668,219039.6099955,7556.631073500001,67166.95000000001,23385.8204725,69313.514907,39451.3649515,311805.5,0.03081457585786427,0.051405120616665,20.0
20190128,124.24664271498726,124.55560252083335,144.97568904638467,145.669705625,251331.8549945,29369.723991500003,67189.475,32708.520483500004,70547.6148965,39556.209953,328238.75,0.03122713919039663,0.047586638952974,20.0
20190129,126.43685032869884,126.77847691666666,143.7501030161218,145.424039,241194.284993,19136.587931000002,67177.65,36198.0004885,68971.5599025,39228.074951999995,308243.85000000003,0.030495845711797476,0.044310085191586,20.0
20190130,134.6945856132788,134.972392625,153.42369554487868,155.10774727083333,226584.0099825,2795.5387205,67201.85,36932.999483499996,68013.814899,41362.8049475,298879.85,0.030519639331187863,0.045855251110899,20.0
20190131,139.04936365252746,139.41912195833333,152.5960355692562,153.76268433333334,222844.4049885,623.184161,67198.425,33721.591477,69411.089909,41152.699945,300236.5,0.03098637270717704,0.045814899633188993,20.0
20190201,137.4936725597391,137.88387158333333,153.28128328006295,154.64393441666667,225543.7299835,6151.671302000001,67169.70000000001,31375.065975999998,69992.579907,40119.949948,307882.05,0.03101083575825356,0.047192555722896504,20.0
20190202,130.8872913024192,131.03210116666665,160.6853927081075,161.385746875,230761.10498350003,27209.212980999997,67188.7,18242.9849545,67682.9799035,39928.8949545,297357.10000000003,0.030203695969243504,0.047780942388044,20.0
20190203,125.04046262434456,125.09208172916665,153.26521685079095,153.6438929375,236519.4199905,35190.6099945,67203.8799995,17916.862467500003,65754.474908,40150.279953,284990.45,0.029574497695253766,0.0436791231196545,20.0
20190204,131.74633087396882,132.173726375,150.34273456635634,152.23758114583333,231063.23498650003,15775.092937500001,67197.28499900001,29105.189472,67864.2899,41638.749958500004,298610.4,0.03044173340934104,0.0448939041059535,20.0
20190205,137.2648215207095,137.64878856250002,157.80954491424006,159.1892888125,214696.679975,3303.0530215,67151.375,33279.6319765,67700.40489600001,39738.4599555,297510.6,0.02947030145785726,0.0469500123931625,20.0
20190206,132.4953317877127,132.87378895833334,143.48272726281357,144.46805941666665,226180.9899875,9219.644959500001,67192.32500000001,36453.0749775,67950.629909,40996.599952000004,299960.19999999995,0.029967925312467135,0.04303910756629901,20.0
20190207,127.82251740288086,128.16789335416667,132.98173041000808,134.03076864583332,219260.644985,12770.8724255,67218.45000000001,34603.074973999996,65111.239903500005,36556.7799555,290417.45,0.028026447609362043,0.038620215042262006,20.0
20190208,120.9679980283912,121.3924983125,134.09639784992854,135.59349793750002,207099.0399765,14792.255924500001,67205.125,30339.416974,56689.694915,35900.9149535,277869.6,0.025052356259558962,0.037261312432000496,20.0
20190209,122.12425782319633,122.30570681249999,153.94855883700242,154.99395527083334,189985.4299805,16172.893945499998,67203.62,17039.354955999996,50530.969924000005,37113.984949000005,261748.0449995,0.023201829633589393,0.04029573430607589,20.0
20190210,116.65024035517187,116.69568568750002,157.25420546143033,158.04968466666665,195822.8849865,23298.1789405,67193.095,16235.360461499999,48779.58492750001,38532.1199575,253266.959994,0.022842786600718402,0.03982729456348833,20.0
20190211,124.41351501581785,124.39728977083332,135.0106639823898,136.3500393125,204325.43997950002,8985.6539455,67194.84999999999,30686.4469705,56085.899912,39378.4899535,269132.1449955,0.025420846195003115,0.036335709594847256,20.0
20190212,121.31681013996216,121.5905815625,127.91346227579514,128.77483116666667,219333.929984,17439.4109365,67164.625,33169.025469500004,60078.9998975,38032.6949555,274011.7,0.02660889274112068,0.0350497852510765,20.0
20190213,124.49181748125882,124.62481060416667,126.11104543139896,126.77395604166668,212962.22498700002,13659.094935000001,67180.5499995,30689.231473,58911.049908500005,39532.4599555,280515.85,0.026512054443484385,0.0353761471035775,20.0
20190214,111.20347388873459,111.83167885416667,117.33820097533338,118.06976852083335,219705.85998349998,27257.106929499998,67192.57,30278.468477,52692.749908,39662.964953,273436.25,0.024432054863877117,0.032084517656441505,20.0
20190215,100.85416885554035,101.44484864583332,110.83288175335599,111.56476964583334,214140.2241874737,34274.610771473686,67195.39578847369,27273.320858657895,44943.56626768421,38757.312845736844,264224.7086837105,0.02159693432896674,0.029284785893856618,20.0
20190216,106.31954274600027,106.49974847916667,133.40709193497892,133.60447614583333,207040.7399805,36862.145990000005,67161.875,16415.1044495,46129.884961,38782.90995,250973.26499000003,0.022012476804520294,0.03348161343574276,20.0
20190217,115.28440498595869,115.59537295833333,141.05166961588398,141.28166345833333,203732.95998400002,24927.141468499998,67183.45,19738.951964,50060.5949265,39703.70994849999,247880.28497849999,0.02348723306778357,0.03496392806107855,20.0
20190218,111.91144741727784,112.15037358333335,118.07178934583442,118.96050806250001,222607.3899765,31956.2089855,67200.3299995,26846.4799735,53710.469904000005,40517.3749445,273773.2,0.024912315218052542,0.032324891598935,20.0
20190219,114.32945682004791,114.554144125,118.45088785822223,119.16538089583332,204026.26339194737,17779.7523335,67163.18421052632,28100.818023105265,49526.23018592106,39609.05705707895,262005.38235892102,0.02332621187062537,0.031034770164047192,20.0
20190220,108.011411046471,108.2797903125,120.75823001841107,121.36583110416666,232679.90735692106,35602.581965684214,67189.44947268422,32741.76801128947,54903.54859344737,39564.96442855263,271446.9660401316,0.02513208511578319,0.032779455162874026,20.0
20190221,125.08651293938229,125.11174831249998,125.52757154574047,125.92549741666669,223849.6749855,9549.422114500001,67191.275,39803.176987,62531.324903500004,40668.8949615,292235.35,0.028000575266550264,0.036683593805319506,20.0
20190222,112.19224139301511,112.58201906250001,121.9648773745993,122.30851222916665,235534.3949925,29923.1169925,67167.975,37724.8439865,59492.0449,37668.3349475,298381.5,0.026425131699356327,0.036392063058349,20.0
20190223,103.47717763592223,103.68991052083334,127.51332599739374,127.6351433125,207426.494983,31027.5614885,67194.95,25582.520978,45984.919947500006,35810.8399545,257809.17,0.021463908267752626,0.0328741047393275,20.0
20190224,101.12747699470691,101.469532125,131.20191835148233,131.48906004166665,201965.369985,33406.2359895,67196.895,20723.450961000002,42563.644958499994,36351.6449425,244097.49498249998,0.020424248306885554,0.03202605960649533,20.0
20190225,95.19177623441443,95.35972727083333,108.58549741753785,109.2437921875,213295.339977,33083.73861757894,67210.225,32553.741477,42054.879945,36763.339953999995,257253.49499049998,0.020303962274933935,0.02793399871594352,20.0
20190226,107.55919608616489,107.52020650000001,116.18961789229193,116.79116158333333,211423.8649795,19824.585449000002,67191.275,34795.76798049999,47656.9799355,40070.2799485,260918.88499599998,0.02274058095062489,0.0303160655485681,20.0
20190227,98.09216320597463,98.25172945833333,109.81827051050094,110.5580965625,217104.49997900001,35865.834997,67197.97499999999,29806.8804735,44220.029949,38131.3799575,256518.1199855,0.021296250044691586,0.028170376291412773,20.0
20190228,105.25261150795455,105.22883741666668,114.69294621358303,115.08599929166667,220553.43497449998,32938.399479,67184.184999,30111.4744815,50036.7549325,37820.7949585,264357.274992,0.023213825008115963,0.030319914721826838,20.0
20190301,117.31662289641494,117.47468577083335,121.33823918359387,121.86791466666669,227024.63497900002,18137.496928,67179.4049995,39458.610993,59345.69990000001,39653.31495,279003.89999999997,0.0266337634900276,0.033853841951355504,20.0
20190302,110.79105798777927,111.17735654166667,137.9807056056943,138.1884763125,219668.409971,31862.6079865,67206.0,25622.348965999998,52560.20490699999,39654.534946,265361.6,0.024337295547180327,0.03661478080865601,20.0
20190303,128.1821330169173,128.28197683333335,148.7100578556236,149.09828860416667,202581.7199815,11586.978855,67211.23500000002,22819.324477,56876.5498945,40214.334946,268296.65,0.02596735697746453,0.03989841034397,20.0
20190304,125.79744798076138,125.8728939375,127.68564927377619,128.49493529166668,214964.0749765,6673.2971099999995,67183.80499900001,37511.439981999996,60566.1199015,39309.764948000004,286160.39999999997,0.02704193203958875,0.0365385764704435,20.0
20190305,113.64581712131123,113.77789404166667,118.81477437666686,119.2483313125,231959.7999845,25672.911453,67152.1,37199.207486,58031.6649075,39763.4699485,284663.2,0.026361261008534417,0.033822193881339994,20.0
20190306,109.78351502441532,110.03204004166666,115.41010897534456,116.04931054166666,235095.57999300002,31595.7499955,67168.225,36984.100483,57321.83990200001,38391.949951,289356.30000000005,0.025809619138335155,0.0333946421157025,20.0
20190307,115.35317458808537,115.41531085416666,123.68450101292373,124.76053935416667,210064.0549845,14960.4964385,67168.85,34257.232981,52908.5549095,38170.7099515,278279.1,0.02423155560930819,0.0344188116258255,20.0
20190308,108.28209935308651,108.40472745833331,128.97463401648275,129.15920585416666,204000.16498,26135.1764665,67172.5,23692.879461000004,46488.404947999996,38472.7399515,270586.5,0.0220895661324104,0.03489879480730101,20.0
20190309,117.22863082312172,117.30306085416667,143.46058145935172,143.79753847916666,198250.12997900002,23567.602946500003,67194.375,16506.166462,49868.00491450001,38700.749953499995,261572.65,0.023240591297944087,0.037525364462863496,20.0
20190310,123.10832858329668,123.40439397916667,155.2795603173246,155.76453804166667,196356.4449875,13287.853947,67190.97999949999,22165.369969,52885.854907999994,38061.664951499995,258451.45,0.024173113748969167,0.040132227519375,20.0
20190311,113.42689357960928,113.5588108125,123.5447638841359,124.62174800000001,228173.0849835,27824.4834785,67194.7099985,33961.5699925,57892.3499055,38015.3899575,281157.9,0.0258809642281546,0.034735586369659496,20.0
20190312,120.83751841938505,121.0265813125,122.196649348046,122.61522670833334,216517.829987,12634.494170000002,67169.20000000001,36878.719485,59137.909904500004,37195.309951999996,279614.05000000005,0.02616347726917939,0.03416790002063701,20.0
20190313,113.8676361908718,114.09106095833333,121.49963463967018,122.20237687500001,220458.82998599997,26095.7704665,67169.35999900001,30836.775477,55980.7148995,36917.794952,281827.9,0.025103125847911103,0.03424198688126551,20.0
20190314,104.25959123095464,104.33092749999999,117.88196634494876,118.59347497916667,221811.5599815,33148.069983,67161.18499899999,32957.582988,51370.289914,34998.629952,265811.05000000005,0.023125982573971565,0.0313343292502155,20.0
20190315,106.06439308241265,106.21012370833334,114.46422716437236,115.51359645833332,201978.4597203158,16166.460791263158,67183.525,33999.11811005263,44931.14995036842,37778.2194155,266519.0868371053,0.021422722745955827,0.030506901299363502,20.0
20190316,110.26230330175099,110.38962339583333,140.01181981527878,140.81083077083335,181062.30999500002,7693.7879495,67197.5,26075.7244805,40648.0699495,37538.70495,252146.149989,0.019964347341184352,0.03530344131937613,20.0
20190317,112.7490821806534,113.1110191875,155.15404357471277,156.0041220625,179836.109991,15387.9779535,67192.525,16352.658944,41695.5549505,37278.939950500004,244034.704975,0.020276356344424287,0.03786297124943332,20.0
20190318,110.39843072379186,110.60968591666666,122.18240432023178,123.65426389583335,190698.734988,12053.815448000001,67187.47,28348.9879845,44105.819962,37082.26494550001,254774.78998549999,0.021052841083687462,0.0311289964006105,20.0
20190319,114.27748801368696,114.47451918750001,124.69299756719495,126.1286646875,191765.44998449998,6129.923801500001,67141.4649985,33005.977485,46999.5749385,36530.5599535,251571.7549855,0.021914473912042983,0.03136923623238192,20.0
20190320,106.48285936617106,106.83024191666668,114.4842196400783,115.57744658333336,200049.329979,16470.816429000002,67129.49499800001,33272.061976,45743.244954,35325.039948000005,256499.07998799998,0.021301824670450605,0.0293650970108242,20.0
20190321,101.161291165438,101.57840914583335,116.3120840719497,117.389200625,202945.514976,24027.6109465,67170.845,31468.574477000002,43891.4449555,34360.494951500004,253537.429986,0.020530230331206895,0.02948946687191769,20.0
20190322,96.83088843613781,97.0568335,113.06033547383842,113.86303993749999,214280.5299745,30541.8089685,65808.37,35692.571477000005,43448.4649595,36585.384951,252380.314985,0.020748974091997295,0.028534203079197108,20.0
20190323,92.77305550000625,92.87138697916669,127.3916722547939,127.462914125,212653.1899855,41955.844995499996,67098.375,24587.337966,40270.869947,36750.5249585,243675.75498,0.019728486196778167,0.031042261914851623,20.0
20190324,91.91984023315892,92.01251468750002,130.324673877655,130.36203847916667,205549.30498200003,38076.046488500004,67183.125,24778.363956499998,39021.804954,34352.934953,232673.1499405,0.0188940592739823,0.03032305238608238,20.0
20190325,104.28972401331283,104.49858966666666,111.06551188953749,111.63831116666667,199316.374976,15586.373928,67172.025,34970.563978499995,44466.249952,34724.09995900001,254128.75998550002,0.02078664973758101,0.028224940813642973,20.0
20190326,107.00006956429696,107.23360452083334,111.66268660612887,112.00134460416666,193784.54497449996,9627.550441,67167.065,36375.1334815,45040.219954500004,32677.969960999995,254586.1349915,0.02073495979275713,0.028427771805821487,20.0
20190327,101.55270263751397,101.92774883333334,107.19897212104611,107.86188589583334,202217.37997850002,19749.0659515,67149.059999,35189.8374795,44394.8199525,33155.1699545,258358.73999499998,0.020535721457093783,0.027695791365952602,20.0
20190328,88.76390903298456,89.05940841666667,98.62610277041448,99.20497145833333,200233.2499785,32102.5629915,67097.784999,30101.698469000003,36563.9549495,32238.924955000002,249865.234987,0.01777348598647043,0.024643234344581627,20.0
20190329,77.76678274338927,77.846753625,92.04094062994375,92.44655279166666,192223.9799785,36008.6299905,67024.4249995,26337.6994775,27783.3549495,33109.7349595,241700.529975,0.014948640489057616,0.022246344129654913,20.0
20190330,81.70667930395746,81.8158473125,115.31323201314407,115.22014760416668,183632.09998499998,31050.933485,63307.1999995,25856.572471,27558.789954499996,33856.7549525,230140.69495099998,0.015003969103386644,0.026538267352550875,20.0
20190331,91.05619463142276,91.22429527083334,129.89158221117515,130.120498,173492.5349825,21399.5194315,64126.034998999996,20543.367963999997,28361.7149515,36857.579947000006,229813.3599355,0.01579757003246544,0.02985082093528838,20.0
20190401,91.6767539463002,91.728979,102.3191877032891,103.04392993750001,200302.704974,28053.957469,64119.145000000004,32834.4719755,35964.084948,37008.22495,245677.754981,0.018363101798679757,0.025137548326423606,20.0
20190402,88.67685474898876,88.82706202083334,101.17979922678373,101.79808575,192935.384934,30313.128476500002,65417.879936,28216.086942,34336.509955,33119.119956,237805.84993949998,0.017108903105732553,0.024061148151833266,20.0
20190403,82.5211166410556,82.46441641666667,100.84554699060776,101.80708170833333,193581.569905,29504.5984765,67037.28491399999,32299.7789425,32153.6099535,30369.1199485,234294.9499315,0.015974567309689165,0.023627602382979177,20.0
20190404,82.93456300242882,83.00823460416666,95.69802320968866,96.6226505625,182677.56990300003,21582.7044265,67028.8549125,32803.796441000006,30419.6549525,28822.3499505,235036.7699355,0.01515028443025095,0.02249255426441773,20.0
20190405,90.97406717684929,90.92997847916668,98.45827550652793,99.23071499999999,180237.0948975,13240.887936,67019.28990650001,34091.6339305,33546.4849485,30247.5249545,238962.0699595,0.016396901578965326,0.02352779331968265,20.0
20190406,85.8933221249598,85.8064868125,123.54672989792942,123.63433097916668,175002.22991350002,15922.9694425,66986.5449065,30372.836439500003,29650.7899455,29876.129948,220841.9398955,0.015031522906546533,0.0272842994984041,20.0
20190407,83.2384090503235,83.38396454166667,124.11543293321328,124.26262297916668,174318.7149025,17222.792953,66974.284912,29959.941947,27753.9449565,30437.2349485,215258.38990500002,0.014510012496181019,0.026716888255565504,20.0
20190408,84.00239158811976,83.940493375,97.40766872342822,98.52838816666667,206565.60490500001,36887.764988,67024.6399015,34087.203447,36556.49994749999,30020.0799595,240209.484969,0.017352004831866646,0.023398245936085665,20.0
20190409,86.05919210874579,86.15249954166666,99.22863121789541,100.227604875,208009.2749,39303.5699875,67042.4698995,32001.423443,38816.3449545,28727.4549445,239579.2049705,0.017901110149020013,0.02377311657749432,20.0
20190410,91.8666827667241,91.92767245833333,100.86022295231183,101.95279241666667,207751.47491,30134.2264885,67090.95490750001,35665.6354445,40927.9899505,31376.5499565,244776.25497299997,0.019085438839876012,0.024688187650008703,20.0
20190411,105.02620725890989,104.98347747916667,110.28965609635917,110.87758004166669,200101.72491,12693.359935,67025.2149085,37792.7679565,44938.929947,34865.4649495,241608.68495900003,0.02101592523326303,0.0266469387740217,20.0
20190412,104.76994761931681,104.64656460416666,126.66519588898842,126.79170635416666,191960.23043807896,5701.9366960789475,66983.01542405263,39406.3225183421,42180.42652636842,35240.87890831579,244051.84365821054,0.020111663287989516,0.030912874584036014,20.0
20190413,103.0797732066861,103.183441,128.67276136294504,128.8494352708333,169213.529911,3477.3340735,66804.98990400002,28027.353432000004,34734.454956,34064.444949,228501.24490350002,0.017442492286728672,0.029401886156603916,20.0
20190414,100.77465491690337,100.85414693749999,131.3775701376629,131.4779773125,170824.6699115,5641.749423,66671.619917,27829.3569455,33598.224956499995,34899.389955,217661.839903,0.017214797161625342,0.028595883638149133,20.0
20190415,96.08060539213845,95.99924560416666,101.62600320837909,102.21752791666665,176422.869886,6401.153754499999,66549.0249105,33308.271940000006,32781.339953999995,35040.7249545,231303.5799325,0.01695081614366535,0.023506458356329814,20.0
20190416,93.14117712961988,93.16198474999999,97.83257078269231,98.42039585416667,165660.3149085,1700.9628855,66460.9349115,32611.777936500002,28848.3499485,33807.7349455,226368.2349115,0.015429796734241209,0.022146186364932447,20.0
20190417,91.31186220541437,91.36359539583333,96.47287434501594,97.08167312500001,165394.6149125,2896.2129255,66310.16490450001,32786.70145000001,28129.018949499998,33032.414953,222756.9349155,0.015102490286407772,0.021490001791583925,20.0
20190418,86.22911759644187,86.25471056250001,93.43391385075142,94.23143589583333,163028.14490299998,5942.523986,66212.754907,31201.3869385,25656.5074305,31879.1249605,218369.12992,0.014057773078370549,0.020403082472608827,20.0
20190419,81.33454169863187,81.313108125,92.43588522437861,92.87794864583334,156582.7649005,10332.245944499999,66102.4449065,24385.4714335,21367.2884155,32514.7499535,203818.54990249997,0.012735587421086788,0.01884014808538677,20.0
20190420,80.37578123591705,80.40687647916667,113.33473072147895,113.545414875,148925.1999125,5808.1946315,65974.55991400001,24881.596935499998,20478.494397000002,29704.45495,203039.8599105,0.011969979288682311,0.023011467848683326,20.0
20190421,74.57955042736072,74.129867875,117.91328534601783,117.32083193749999,142981.86531680392,25411.533574931374,54819.64521566667,16316.989292686274,18716.427808039214,25575.66692335294,165371.66070661767,0.010663523234592676,0.019499515817044254,20.0
20190422,75.19770180323118,75.28182225,87.58784270013612,87.95122362500001,155899.8827979737,17694.696178657894,65688.45094247369,20248.35609844737,19844.796212499998,29535.169950921052,199781.78805955264,0.011723312897800717,0.01749845582691203,20.0
20190423,66.09268693117,66.0832891875,76.38699100899657,77.0138165625,171473.38991,26219.523473,65648.2749135,29434.179435,19017.530889,28857.44994,207669.5599025,0.011333137076348074,0.015863252805114546,20.0
20190424,68.68764889917004,68.73884114583333,80.22905195121395,81.06737114583335,158136.65489950002,11111.0369405,65540.734908,33010.114449500004,17591.972898,28860.589953500003,205980.449908,0.010862035029826075,0.016525616216603357,20.0
20190425,68.10702091337103,68.16985379166668,80.36560661466626,81.38442725,159747.1449065,5545.5106605,65404.5699075,40211.171444,17456.415391000002,29200.554958500004,208370.53490899998,0.010879902138998308,0.016745824438584276,20.0
20190426,72.1486530482286,72.081062125,84.55977296640832,85.7824878125,164449.074906,5693.1624675,65224.484905000005,41758.895437,20171.943417,29791.2849575,207861.874899,0.01186477924949515,0.01757675294983141,20.0
20190427,62.73690725766188,62.83837672916667,105.6749582943843,105.85969625,171475.66490250002,17917.919431,65092.7099105,39719.704954,16789.6933995,29929.334950999997,194885.959898,0.010757852885934052,0.0205945656843822,20.0
20190428,73.33279444716128,73.4121891875,113.7985780457424,113.77008185416668,165401.6999125,8418.3268565,64975.829902000005,38685.6849515,20719.774395499997,30212.329951,198271.6149005,0.012129368860894415,0.02256302784250993,20.0
20190429,78.49369895680007,78.39719964583334,88.06359605559682,88.96582741666667,177174.3998985,6135.256460500001,64842.47989450001,47880.13991700001,26394.849939500004,29677.3899475,219649.9399015,0.013907074008484569,0.019343163581121814,20.0
20190430,76.05634691293237,76.03796402083334,84.90883479122324,85.5120648125,174398.109909,7943.5603595,63842.944900500006,46538.3449245,24518.234431,29477.339958000004,213865.36991150002,0.013264083148198613,0.0181590593613794,20.0
20190501,71.72387790348307,71.83085975,78.68148798274605,78.670234875,164611.4248875,13896.6449325,59245.209917,39268.6699475,19433.4323995,30783.644951000002,205068.0149025,0.011806569740149426,0.016135056550196644,20.0
20190502,74.97406091891068,75.06215118749999,79.88771763987798,79.86420170833334,178641.57884221053,32312.998972,45222.09915894737,43991.979944921055,24023.22512263158,31021.161010026317,228922.66158122223,0.013393484614766277,0.018288108949770024,20.0
20190503,78.60662665987253,78.75819518750001,101.88705135088063,101.69796839583334,188348.48989250002,34720.5419735,40890.1299525,50664.1349105,27721.8099565,31999.879946499997,241140.844965,0.014805439426930524,0.0245691296537437,20.0
20190504,92.8623686898193,92.75844712500002,116.7272663251056,116.5200188125,144954.86088206945,6261.581055222222,41618.73162330555,40848.473422055555,25440.099819833333,28791.92690015278,204390.4797772222,0.013460851734612199,0.023857941967271926,20.0
20190505,88.58891927245932,88.60908058333332,121.89891505354534,121.99547729166666,157587.1849075,7204.855742,45394.3349465,45750.004949999995,25823.890946500003,30971.1749475,209942.53990700003,0.013960478402144637,0.02559176783824895,20.0
20190506,88.04011480158987,88.11769941666667,101.47045319724756,102.26438389583332,169885.174915,12301.833943,45434.639953,50116.6549195,28777.498949499997,30995.3099545,217435.47491350002,0.014956710302604776,0.0220632761806316,20.0
20190507,83.17310587886347,83.13313891666667,96.47393927461505,97.33846337499999,173715.644904,18075.243923,45380.029955,50722.019916,27898.371947,29467.3749515,214839.8349025,0.014448469726415438,0.020726445186152107,20.0
20190508,71.59108300138291,71.68852679166666,88.36975109014635,89.24928406250001,181979.2448995,32264.926987,45396.6799515,48972.4799155,23857.025444,29075.889950999997,211496.0699025,0.013028091226129091,0.018689855053828117,20.0
20190509,74.238066959465,74.27377672916667,104.50932023866012,104.34865995833333,159916.9149025,18829.255945999997,45368.4799555,44169.1949385,20558.307408,28761.974949,206288.349905,0.011871922636482861,0.02155905522172642,20.0
20190510,72.55513905602129,72.65687641666666,105.03141852183882,105.56939345833332,159565.46963965788,17441.32893676316,45378.964162421056,46421.961512289476,19868.024775789472,28644.822063184212,213314.49911521055,0.011577294838244722,0.022404724433346096,20.0
20190511,74.29725913258781,74.58725610416667,115.81660841046768,115.79100639583335,144682.499899,8722.1755425,45406.144954,43449.6699515,18044.844894,27375.969949500002,199575.5999015,0.010749513186946611,0.0231141691020762,20.0
20190512,64.62492293451808,64.50246214583333,104.84660631429001,104.49465189583333,163549.989902,29700.1639955,45423.879960000006,41597.474960499996,17519.951902,27359.769953000003,192851.3349045,0.01056940549335796,0.020219807987917407,20.0
20190513,84.6569208459747,84.45998906249999,92.89380571387125,93.29543160416667,171697.8849095,15027.4679325,45395.169955000005,49471.03993,28123.194934500003,27457.634949,207829.9199015,0.014535414252204813,0.019306112200859364,20.0
20190514,84.19502261777956,84.0510601875,102.94146458445697,103.84866149999999,160271.92989971052,11339.467849473684,45409.177583,48599.25045365789,27155.223496526316,25423.72101513158,203341.0522681579,0.013494098762901306,0.02093222573062879,20.0
20190515,83.51213301198597,83.29270816666667,111.33591099030996,112.34305516666666,147870.16490700003,4217.628416,45362.00495650001,47464.2299415,24562.155432500003,24000.628424,199382.3598945,0.012348952880217687,0.022198416674251997,20.0
20190516,79.13222884678531,78.99042418750001,111.81198643783121,113.30144664583334,145907.0599015,6059.3251085,45321.364958499995,45882.554935,21837.389418500003,24736.432447500003,196521.034888,0.011545950854487112,0.02197340728764561,20.0
20190517,72.76914205390473,72.54361841666667,101.07966231691154,101.57122789583333,143893.4199045,6475.6273055,45231.3899535,46864.6899325,18590.6939065,24642.356946,195520.564897,0.010471000713652725,0.019763152675800547,20.0
20190518,63.85537380185915,63.889982624999995,103.19555335423757,103.5214265625,130361.189905,3823.0882645,45131.81995599999,43796.79494949999,13486.803394,22137.1134075,181266.349903,0.008324262510638924,0.018705881282742934,20.0
20190519,64.34884104173739,64.37728116666666,107.95575601448112,108.67054741666668,133610.854903,6900.2219535,44953.4749525,42804.1099575,13458.671394500001,23851.902431000002,176244.624905,0.008597703663603785,0.019026621725107922,20.0
20190520,63.1608620946024,63.09994989583334,79.62955115881853,81.33567139583333,141213.784902,7103.358743999999,44725.969960999995,49454.3749255,14242.4448985,24178.964971,192587.0999025,0.008919184394052069,0.015335624324214616,20.0
20190521,62.087394491248546,62.053416354166664,79.07475223450633,80.50250664583334,137529.3349035,5255.395607,44593.39495850001,49082.43992600001,13262.987402,23583.4824275,186869.73991,0.008538838070272644,0.014776678383509888,20.0
20190522,58.174187621269404,58.18499802083334,75.8374643073805,77.33554045833334,142776.484908,14589.722431999999,44478.3399575,46638.344936,13579.611912,21782.7868915,186685.7849,0.008305906020943332,0.014157776549049065,20.0
20190523,62.52973073454587,62.46011860416667,79.55521327077506,81.09719172916668,141876.359901,11032.087932000002,44352.629947,48072.5999245,15293.3864005,21257.111407999997,192993.6698995,0.008871490582207051,0.015353652568764283,20.0
20190524,70.2037545895136,70.18579170833333,86.31271218497932,87.730690375,149935.689899,12735.54992,44220.354956,48245.419919500004,19117.455891999998,23865.893433999998,202444.5349055,0.010526048377878808,0.017473536874720422,20.0
20190525,75.2151552663862,75.24082860416667,111.72838289866199,112.17554,136214.669903,5194.8329555,44135.294944,42320.624956499996,17653.9433995,25066.6454695,194160.45490200003,0.010245407546313689,0.02169323364906905,20.0
20190526,76.47598925034632,76.53515735416666,114.05330437126314,114.34533164583335,136016.02490850003,4284.4080625,46159.4149465,40245.3649505,17679.575902,25862.9399515,191085.56490599999,0.010401960058777283,0.021793940095178776,20.0
20190527,70.48781299541982,70.40441225000001,89.14540846421306,90.31000483333332,158516.3648955,1431.921134,61318.2699055,47357.009934,19512.992404,26969.8649555,202787.28990099998,0.011173471885467735,0.01807755578957543,20.0
20190528,64.21729604943948,64.20492018750001,83.53238673940075,84.61338379166666,166025.349909,7168.613944000001,63327.9699075,49558.86492,18845.5248925,25334.731458000002,200990.5499065,0.010661699046818034,0.016789220345754585,20.0
20190529,56.69245602396269,56.81756858333333,73.31457424301627,73.72040791666667,176214.23989800003,20727.960443,65145.5999095,45852.209931499994,16446.0613965,26072.295953,201161.884903,0.009990018046213378,0.014748097945586087,20.0
20190530,48.194622601230144,48.20876654166667,57.02477629046543,57.129841750000004,180752.789912,36667.7799965,65152.339906,37539.194946999996,11954.549396999999,27269.1549505,194630.659902,0.008711312493928279,0.011098769840177212,20.0
20190531,47.78794283707526,47.776679291666674,64.73688133665743,65.00350783333333,186904.2799065,37843.5999945,65024.1449095,41916.2999415,12536.933914000001,27341.789950000002,202837.0249035,0.008931771044176537,0.013131036411858506,20.0
20190601,50.48034191445567,50.62120600000001,93.89138942444248,93.57210883333335,169907.99991,24595.575467000002,65065.4399035,39562.1049485,11557.3638965,27282.5049495,188401.4598995,0.008577013929458104,0.01768927483955744,20.0
20190602,58.07837414005726,58.22783916666666,81.6787216575055,81.4256099375,148477.50990150002,12565.5929275,55511.16492149999,39252.269945,11584.720397500001,27496.4799455,186891.60990650003,0.008623332371443374,0.015265067785676115,20.0
20190603,62.97536295907177,63.13834331249999,76.83712456500774,77.111858375,157067.8699045,19902.997469,45371.084949,46306.6649225,14593.843406,29071.8449515,201250.829902,0.009891406116444151,0.015463535085991159,20.0
20190604,57.19655588558314,57.2383893125,72.88058380366552,73.65812716666666,156132.0799055,20773.272953,45264.699956,47732.594927,12111.4884065,28400.754949000002,197012.7448995,0.008930217233847262,0.014358403865038184,20.0
20190605,65.37773741427243,65.209518375,75.78474558958659,75.86431829166666,146607.129895,4665.922413,45277.984956,48904.5249285,12543.777902000002,28626.2799545,193795.989902,0.00958484244133544,0.014686779791005163,20.0
20190606,64.60455497019504,64.47313516666667,75.29157349258354,74.8038288125,144785.35991,7908.348451499999,45196.104957999996,46787.369932,12178.175903,30932.434951,197542.66989999998,0.009353793743185068,0.014873298448697019,20.0
20190607,63.80761238094989,63.61531887500001,70.85110164514855,70.79070585416667,145571.9349045,8436.6114925,44930.74495,47728.859933,12133.5229085,30693.399955,197008.87490549998,0.009288597595931206,0.013958295820925934,20.0
20190608,54.633742890152064,54.67615385416667,70.22466521657086,69.87657254166666,134647.2499055,9528.3889395,44871.739957,44017.9099555,8770.4874025,25841.4599525,183792.5298955,0.007356283232203139,0.012906768881218078,20.0
20190609,51.68388799461499,52.18626685416667,63.31629563005751,63.39057647916667,142439.9549105,25933.760460999998,44716.539950499995,35325.083455500004,8627.934901,26046.184953000004,177906.63489400002,0.007361850675552292,0.01126438908949721,20.0
20190610,51.046779537485435,51.24301052083334,60.89862561933768,61.28994164583333,151231.26991149999,29377.037465,44641.9499525,39143.086448,9265.9064055,26813.889957,195195.3899055,0.007719869294346295,0.01188713097247569,20.0
20190611,58.5575975493216,58.57095452083334,64.47282631257512,64.53960797916666,149435.5599075,14576.731415,46472.609952,46052.44993650001,11084.162900500001,29323.034952,195460.5899055,0.008750587376620923,0.012601896663930778,20.0
20190612,53.64009251194028,53.65917252083333,78.03997302232362,77.13654766666667,149654.8548945,9734.6644405,60332.634907,40588.8249585,9942.586901,27027.7749555,197152.9199115,0.008027500261401978,0.01538580855116579,20.0
20190613,50.359181385062215,50.407537333333345,57.70157528501131,57.85683764583334,158712.994903,13235.766940500002,61504.919904,44733.544951,9231.7548935,28301.9599515,202386.7149035,0.007992656498486633,0.011678032266690426,20.0
20190614,52.86079740085841,52.909962437500006,64.36894633025122,65.01225358333333,153185.64647268422,3990.8620530000003,63540.37095284211,45824.96204368421,9273.227305605262,28958.63021244737,202218.61542168423,0.008097515422912082,0.013016599203056105,20.0
20190615,51.96423781228128,51.982395583333336,87.2636773613425,87.01261435416666,147253.599906,5521.415263499999,65472.9748975,38527.634953,9038.5654015,26859.054957,184717.129899,0.007651921084229904,0.01611909602661953,20.0
20190616,47.64084911145835,47.61215254166667,61.21686513208467,61.38661264583334,147844.10989899997,9890.023941,66086.40490700002,36777.203446,8267.592913,24923.396439999997,175209.4399055,0.007043418931716124,0.010725772652563088,20.0
20190617,39.265140254949436,39.50126822916666,55.26699647837903,56.04266002083333,148700.7349105,12630.385934,66033.9798975,40378.487934000004,5912.7069135,22146.038387500004,186388.7248945,0.0058387552122748385,0.010301145002353887,20.0
20190618,40.90101225315279,41.056654458333334,58.118637032137975,58.87720560416667,148454.97385313158,16739.47902236842,65994.32727028948,34138.529485026316,5196.71402218421,24347.374027947368,179479.70173489477,0.006071958704608412,0.010431115639766734,20.0
20190619,43.01965182438361,43.07970233333334,57.15188378834051,57.50434145833333,141138.0217583684,8195.567277631579,65931.81094742107,35974.81640610527,5459.478523578948,23690.847529605264,176975.3172716842,0.006071708555227287,0.010114472766115988,20.0
20190620,41.073668460908216,41.30556816666667,56.07607979605834,56.69988327083334,140608.204914,8104.361962500001,65845.83489550001,36650.1399235,5443.090920000001,22852.8928945,174974.29489800002,0.005775294791521082,0.009811872522959291,20.0
20190621,40.86809965329745,40.90621416666667,52.21940010226841,52.414922666666676,140801.82490900002,16298.789431500001,65768.0949105,28467.6564345,5125.252928,23437.086405000002,156775.349911,0.0057543030117471515,0.008186714723175639,20.0
20190622,40.07815465715854,40.198970395833335,51.4717547632892,51.658979145833335,147484.564894,28686.196981,65855.2899005,21676.6554185,5156.164923,24182.47146,149306.5499005,0.005910909201365468,0.0076850701210313364,20.0
20190623,41.27309207484639,41.370408104166664,58.654988060959084,58.64244997916668,143429.50990200002,21347.1069585,65967.72490649999,24911.998928,5303.95592,23937.450938,152648.034898,0.005919779368435339,0.008953568664471057,20.0
20190624,42.703201663150715,42.95753964583334,58.66628234551572,59.442514208333336,139014.11989600002,6768.984945,66067.25491650001,34901.9154305,5330.284924,23996.927935,178250.1849075,0.005936347995944301,0.010457275675923779,20.0
20190625,45.3926824915677,45.61442279166666,64.47955005477728,65.54921825000001,148479.89990200003,7682.3239335,65904.35490050001,39700.333427,5819.061911499999,27748.158949,190803.1249065,0.0067399009526312404,0.012302899643016585,20.0
20190626,49.546527981529856,49.64512908333333,66.2171506612634,67.32427502083334,152439.06305813158,4941.483320236843,65945.12831736842,43101.443920315796,7139.4281401578955,29710.613897736843,196102.2093745,0.00755282630328791,0.012985329543157887,20.0
20190627,44.3064204262672,44.52191645833333,57.073090470520256,57.62705835416667,157341.304905,18381.278438,66062.849903,38068.139949000004,7511.106892,25388.418464,193911.13990850002,0.0069712300055384275,0.011067108031239533,20.0
20190628,45.234912321858616,45.25266047916667,64.09152316358865,65.20959754166667,155673.724904,13531.344924500001,66061.98490899999,40305.47144550001,7930.452905,25405.505446000003,193201.549902,0.007041887296849578,0.012382581610785261,20.0
20190629,42.547481954051605,42.722016625,82.75694579150779,82.63054956250001,149378.33990750002,20067.907442,65933.40490600001,31694.5514525,7472.250404,22228.7754075,182882.784899,0.006355672221540544,0.015134820716086522,20.0
20190630,45.92039070288725,46.05822472916666,58.370526348003395,58.134701791666664,137233.184904,10350.042446,65947.66990050001,28902.76694,7116.086915,22689.531903000003,177397.68989850002,0.006301801468193248,0.01035479653229533,20.0
20190701,43.471972530937606,43.732604125,36.46660254428724,36.61053285416667,156975.37157816667,15189.63554977778,65789.69657233334,42002.80452605555,8267.781184444444,23596.071779944446,194254.51267800003,0.006824029041279786,0.007083802106262834,20.0
20190702,50.455912658247705,50.625687395833324,41.234263978756964,41.31689402083333,149567.04489050002,8406.890952,65893.794901,37608.4094235,7884.570895500001,27682.7869525,193203.1749065,0.007546541753547283,0.007966590715628575,20.0
20190703,50.1483499984975,50.29685526785713,41.751130528215356,41.9182197093254,155212.08990549998,14498.558926000002,66082.104899,35373.37843,8145.3834095,29265.2199545,193704.98489999998,0.007783630208579274,0.008087402108525883,20.041666666666668
20190704,55.805723715911604,56.05512956250001,47.583100699665714,47.89018735416667,154852.159901,9638.854434500001,66032.534893,35461.9164375,9021.2723925,32301.689948500003,195490.3499035,0.008641636852247373,0.009302037005271126,20.0
20190705,54.06702076349074,54.3051128125,56.6807049919807,57.10666039583334,150161.169904,9310.9334475,66099.774907,33169.6214325,7874.1894085,31728.889953500002,196242.199898,0.00811876709106963,0.011123146239395842,20.0
20190706,54.54520994219577,54.654537812499996,60.95139952462589,61.178972458333334,134587.82489750002,6290.758454,66175.8148965,24060.755427,6814.8064055,29275.609952500003,185466.90490999998,0.007341121164697621,0.011304467419765207,20.0
20190707,51.525387610123694,51.9313165,59.85897634978713,60.1055790625,139247.12990500004,13413.269585999999,66091.214894,22547.9954295,6605.711395,28724.994951,182000.03489900002,0.007174762341952373,0.010894335784679673,20.0
20190708,47.2063087566994,47.390539749999995,54.88182188020704,55.33110004166667,152673.60490600002,18848.324404,66144.87491350001,30700.279436999997,6914.235919500001,28290.169954999998,194564.8448945,0.007207157332190974,0.01067807316165006,20.0
20190709,48.899929105736646,49.100976770833334,47.58983816068071,48.09051418750001,157285.769901,12551.510432,66305.34489899999,39970.66192299999,8468.190895,28105.53995,194299.6349055,0.007691262997500107,0.009246688179832093,20.0
20190710,48.93699006449171,49.141507958333335,45.930900236629135,46.13752966666667,150831.1399055,13051.811427,66253.31990500001,34068.193446000005,7846.594907000001,27560.394947,188318.16991350002,0.007381221994971412,0.008649623075041545,20.0
20190711,52.94072931328805,52.998695770833336,48.17303646422648,48.204714458333335,154599.2649155,7267.988159,66092.74489999999,39838.74993800001,8565.0294125,30781.2799495,195671.97489950003,0.008184597835924796,0.009426113181860823,20.0
20190712,51.959465288669186,52.04263514583332,51.38482268864804,51.673695395833334,153748.48490349998,13431.0174355,66230.6699065,33360.531941,8087.5674015,30637.089959,193754.5049085,0.007988689064528886,0.00995604087985006,20.0
20190713,53.54867452315304,53.617050125,62.93302178583474,63.062218395833334,134609.2599125,7655.439441500001,66156.44490150001,23385.258926000002,6870.1204125,28397.3349575,185634.7949105,0.007208147446856976,0.011682558592311461,20.0
20190714,56.70364146632273,56.85357100000001,64.55621261871894,64.693903875,129946.77991200001,3811.0931659999997,66082.5149115,21713.190427499998,6858.194907499999,29370.044955,182416.51491050003,0.007368455617833197,0.011776119321727955,20.0
20190715,56.91928536471991,56.97814970833334,50.07327102482499,50.40700193749999,148609.574907,4061.838878,66111.3849035,35020.546939,8055.655898000001,33468.5199435,188375.119903,0.008458750802061252,0.009432558433236824,20.0
20190716,53.245940890596195,53.57600768201755,44.91550270992782,45.09784411403509,148471.44964221053,6963.984700026316,65977.69701163158,34413.199775999994,6964.94918163158,32344.1531113421,187549.38437600003,0.007905502031590272,0.008423874882185524,19.958333333333332
20190717,56.24575394742671,56.60207499999999,46.68793179130836,46.858910208333334,146987.764898,1702.9447885,66195.7749025,36996.377432,8351.321403,31619.544951,188319.0099,0.008267437657735112,0.008792225089217924,20.0
20190718,54.062728954176805,54.413049625000006,45.16359881852105,45.288133416666675,149497.494905,4673.0343675,66110.46490250001,36850.16343,7577.6189075,32078.754955,191277.704898,0.008082242546377443,0.008638789526940732,20.0
20190719,54.472669382610626,54.86159187500001,49.41498319902201,49.76913122916667,146036.88990200002,4680.389901,65656.394904,34426.3189295,7489.88091,31707.5649485,191385.50490099998,0.007955019221296355,0.009457311509219258,20.0
20190720,60.990719842957866,61.0726564375,67.7557885149903,67.93356010416666,128369.97990600001,1306.313248,65960.6798975,20059.2209245,7031.1589025,31898.014949,180643.2899045,0.007829377480692977,0.012239628547421385,20.0
20190721,60.524669593101905,60.686410333333335,67.76020812433093,68.0027329375,127703.0749105,1826.8322249999999,65844.7148975,19314.913423500002,6800.7908905,31775.954949,178274.65989799998,0.0077291864149811535,0.01207992805798279,20.0
20190722,60.27654436353188,60.39093364583334,50.976519189702046,51.486087229166664,145711.61990750002,5318.940204500001,65759.4399005,30087.162938999998,9102.1224015,33528.2199525,188419.3299045,0.00878299292163652,0.009604961586587545,20.0
20190723,58.14012054409255,58.45853491666667,46.15312645984127,46.27748333333333,144167.08990800002,2228.9825705000003,65829.02990950001,32842.8409335,8026.545402,33254.9599575,188888.494912,0.00838189198574215,0.00871779459248262,20.0
20190724,55.8544882456056,56.40226227083334,50.17140696305509,50.51491035416668,142016.12990399997,2315.9739345,65812.4699075,33170.6989265,7906.6709055,30866.2249545,187874.8499005,0.007932238258409365,0.009425945552480877,20.0
20190725,56.42867867164031,56.94819764583334,62.088672467686926,62.54176458333333,140540.98990400002,1986.396709,65362.0249045,33068.540426,8580.0039025,29490.5399485,191171.314908,0.007930542359487062,0.011869573156539847,20.0
20190726,58.39783010084097,58.73755441666666,62.99160441656582,63.400556,139973.96990849997,4541.9383179999995,65138.25491,29371.685432500002,9166.724402,29873.4649525,194327.2999085,0.008174176113256808,0.01224098840317558,20.0
20190727,59.41458842086102,59.56711852083333,66.845581456453,67.06412833333333,130601.4899065,5620.408867,65173.7148995,20372.618919,8233.722906,29281.239950000003,183053.92990350001,0.007759633769945933,0.01223634638228825,20.0
20190728,56.56306563890713,56.58574577083334,66.38340898614314,66.65841220833333,133865.96490050002,16563.728429000003,65130.394904,12991.078909,7323.114409,29873.094949,178128.9949085,0.007571869359482621,0.011824809921301565,20.0
20190729,56.66766311670368,56.83208114583334,53.23134381437145,53.76495620833333,152720.804911,20701.094435,65200.069894500004,23352.938918,9275.902901000001,32058.224957000002,193483.0399,0.008654331123608373,0.01029936221916665,20.0
20190730,55.16835967639587,55.27634191666667,52.141529163117035,52.52680589583333,156040.524908,29990.568978,65367.5899025,17429.677420500004,8977.319895,32192.914955499997,190771.009913,0.008608499802218152,0.009947092176855977,20.0
20190731,60.41175857949163,60.429579249999996,68.52259316608968,69.16401660416666,146486.23490049999,17002.5024345,65484.044898,19488.829914,9323.974406500001,33024.369942000005,192187.7449005,0.008849491058027707,0.013169202655325188,20.0
20190801,61.79774616140307,61.86474183333333,77.1551936543715,78.27347937500001,141459.184907,6578.870096999999,65481.939905499996,25359.9239275,9182.009900500001,32745.199948499998,192378.64990150003,0.008741858801081765,0.01484301198811677,20.0
20190802,58.04246184866111,58.13734352083333,74.53038581097209,75.92427960416667,142293.1299085,13528.9079165,65496.319900999995,21070.3184255,8149.1669005,32090.004950000002,196371.47990650003,0.008259043564040692,0.014635642159703,20.0
20190803,58.52973988058854,58.52299591666667,99.16195232084927,99.34719224999999,124184.15990250002,8970.9879335,65521.46489450001,11379.985395,6210.6664115,29961.349956000002,187986.31990300003,0.00726846657638274,0.018641090491193207,20.0
20190804,54.357346486626696,54.440499687499994,100.23807550167471,100.43336925,127977.3149065,14412.349433,65564.9749105,10795.2129045,5402.079921500001,29699.119950499997,184205.8149045,0.006956507248800757,0.01846443638224479,20.0
20190805,55.0578036272815,55.407002041666665,71.78898658349824,73.4012608125,135606.87491399999,9145.423581000001,65567.39490350001,20841.321438,5769.531415,32040.344953,196637.28989900002,0.007466216689524337,0.014116391766374766,20.0
20190806,58.7211385603309,58.92807508333334,73.8826363949473,75.2297213125,132129.6149035,2556.356716,65514.014893,23718.556920000003,6699.298909499999,31532.6299555,193637.149897,0.007758801424671587,0.014306423138393956,20.0
20190807,58.11062205433769,58.39473722916667,73.16854004823148,74.73717920833333,136917.61490699998,3915.701873,62429.099902,29289.602929499997,7060.422903,32432.439951,194239.51490100002,0.007956367772442028,0.014212221724982875,20.0
20190808,59.098061305691765,59.18471862500001,79.09379858342815,80.3802419375,133121.75490549998,2806.0074255,63384.3899075,25731.255919,6526.566408,32874.609951499995,195524.194897,0.007867237632526511,0.015464751289370268,20.0
20190809,61.46436357649717,61.38332697916667,81.51564966124218,82.52961227083334,129031.06489400001,4124.3454695,65222.9499055,18309.0779205,6754.5359015,32787.0399495,198027.884907,0.007930812285307417,0.0161423716892358,20.0
20190810,55.75277471847901,55.91218679166667,95.64885334479531,95.83931685416667,116867.1898925,6388.172622,65089.404900500005,10537.9764015,5076.9399195000005,27897.6749565,185433.4949085,0.006515670110058259,0.017736501159715964,20.0
20190811,50.34355581609714,50.3697416875,96.02809444741835,96.2165643125,128187.919895,18694.5259245,64917.1498965,10320.1694055,4907.5139105,27833.649948000002,183443.03489900002,0.006453435700183321,0.017615685081002235,20.0
20190812,55.02172927243288,55.0647725625,75.57009681139282,77.04262310416667,141883.48489949998,15869.7944115,64852.174901000006,20651.0964225,6838.41041,32063.679949499998,199767.04990550003,0.007806674694369606,0.015096415301084977,20.0
20190813,58.14950513745079,58.308764375,79.00361402200532,80.25018372916666,143998.8799145,8144.7274395,64857.584905,25282.186428,7013.400396000001,32482.859953500003,201198.2099055,0.008373463607375377,0.01589538571729253,20.0
20190814,59.80060295400687,59.92895804166667,82.64998035521515,83.81503574999999,136851.9699135,6555.7094575,64839.134908,20283.083921999998,6511.8739024999995,31959.284947,199756.869899,0.008183830316270908,0.01650990137297162,20.0
20190815,56.24981868316448,56.348235125,83.53379761613022,84.56309439583333,137527.5148975,11682.416433999999,64949.31990650001,20611.416925,6592.794411,31862.80495,202610.934902,0.0077358977769305766,0.0169248608309186,20.0
20190816,56.578796783868796,56.543535805555564,80.75003995967954,81.67362358101853,134496.1971136111,11189.21343661111,65105.93268705555,18177.912040111114,6347.296175722222,31862.384948777777,203777.16823005554,0.007609633004694163,0.016455014477447325,19.125
20190817,48.41962743888758,48.42809585416668,88.99958018093909,89.34367043750001,130271.12990500001,20856.2689275,64835.9049105,11155.883903500002,5130.741421,26621.704952499997,189813.289901,0.006307679576043027,0.016893303113951888,20.0
20190818,50.82747628310706,50.84919791666667,93.39569526611348,93.74166660416665,131841.43989500002,28966.118475000003,57088.8049105,11122.0759055,6192.613412,26874.604953000002,182728.6199095,0.006701167659393798,0.017066066501465138,20.0
20190819,52.87703620807796,52.99311239583333,74.34353546094077,75.83506739583333,145207.8898975,33248.174985000005,53614.79490400001,20296.0029285,8684.853914,27711.2499655,203259.26490500002,0.007678162851808706,0.015111012368229622,20.0
20190820,53.94048995909745,53.94366258333334,75.72687026415026,76.8930084375,137868.84490000003,28454.229472,53737.2649135,19546.216917,9351.8728985,24913.645439499996,200417.17490450002,0.0074367130440008145,0.015176965402700584,20.0
20190821,57.59252230815276,57.90469802083334,75.22940205640678,76.58700666666665,132184.474912,15590.849938,53647.97991550001,26477.503934,9926.759394,24734.604461,200596.11990400002,0.00761283732016082,0.0150907261552132,20.0
20190822,61.413780632145375,61.702551750000005,84.8588472346213,85.8530276875,128676.95990300001,12251.546934,53681.3599055,24799.858428,10447.285907,25568.20495,202566.3648995,0.007902538587894208,0.017189548213879222,20.0
20190823,57.60594542345727,58.02388535416666,79.88617553000803,81.128767,129626.37989900002,15446.2239105,53283.53491250001,24761.318437,9179.262398,25417.6259575,206608.01490150002,0.007467250165902134,0.016505124144327744,20.0
20190824,63.53900378620278,63.6931623125,87.05440018403434,87.48901252083333,113914.0598995,7207.3519335,53692.7999005,16972.9604175,8281.9234025,25874.5749515,190278.3599115,0.007237985883256061,0.016564568490097437,20.0
20190825,54.898634615680706,55.28253541666667,80.58892229727111,80.90723297916666,123755.804901,25382.3344705,53547.914906000005,10538.011905,7177.9809000000005,25396.660456,185495.884911,0.0067940247148294665,0.014948913455556122,20.0
20190826,61.115028939098174,61.35870825,74.79200894861746,75.572957875,133721.34490700002,13783.056926500001,53463.359897500006,26588.627432,9733.184902,28616.7149505,200946.2549015,0.008172383863766435,0.015029174094784156,20.0
20190827,60.13111203576163,60.51918141666667,73.62660638259263,74.47040179166667,133342.2699045,8999.766257500001,53373.9599025,31534.978923000002,9435.0764045,28287.919956,199691.414907,0.008018018970730255,0.01470260120334068,20.0
20190828,58.33729644031123,58.427514395833335,72.44489472672556,73.33704147916667,134545.1448985,13671.116447,53161.52490250001,28652.764425,8895.757904499998,28380.774950500003,199337.074907,0.007849000002548423,0.014440953406771023,20.0
20190829,57.88620651942687,57.84704956250001,74.04385077419697,74.8566991875,142278.72490300002,21169.750443999998,52939.3049075,27626.484422499998,9614.639898500001,29216.174954000002,201604.049909,0.008235975653055783,0.014927540186935755,20.0
20190830,58.45655619584217,58.45870183333333,68.96307328622348,69.86713708333333,138935.334904,20361.3914325,52922.5249105,26220.612437000003,9827.5284055,28124.604952499998,204499.61990400002,0.008121681212403828,0.0141029222744444,20.0
20190831,54.43273811323699,54.544745875,79.36149876529552,79.59533072916666,120752.8399005,21412.7869195,52908.269897,12612.423405499998,6237.0519134999995,26001.664953,188255.544902,0.0065729077107335495,0.01494024219430011,20.0
20190901,57.325194258421575,57.56578124999999,83.99562839993617,84.4650769375,123065.7899085,18826.2559345,52820.3649035,15680.8094015,7347.275402,26691.004951000003,185481.2849,0.00705477031307086,0.015579617081603091,20.0
20190902,58.68347827462618,58.734850020833335,69.82183570845957,70.79648733333333,142435.8249015,18677.96843,52617.2199045,31342.5594305,10963.849398499999,27313.211947,204580.9749115,0.008358629636135635,0.014284219219347243,20.0
20190903,62.800282454095395,62.68495612500001,72.96667961744457,73.65326214583334,134432.60990900002,13612.6079245,52542.099896,29115.600937999996,12216.955903499998,25285.978938,200598.5549105,0.008442405873326425,0.014637010487876818,20.0
20190904,61.83083064341326,61.81432908333334,76.92712988429567,77.41698605952381,78806.55660833334,9249.8492945,30648.283284666668,16627.061794833335,7523.639271166666,13651.994133166667,118145.03328316666,0.004872674855240419,0.009088558320558597,19.428571428571427
20190905,58.570002899116346,58.51138982352942,68.98185783456786,69.50982497058824,106240.0749275,22588.4919815,37095.77493950001,18553.8689535,9765.560934500001,17189.0369515,145948.0999325,0.006222481496506013,0.010067771080769018,19.41176470588235
20190906,61.9478867968492,61.829241458333335,72.96910368055563,73.56154539583333,145595.144902,26169.256965,52422.3449065,25651.0219295,13521.2614125,26000.375441,204227.4049075,0.009019311554559952,0.014902290683106185,20.0
20190907,69.04350378180882,68.98795402083334,86.01219715746467,86.07737043750001,121788.629892,16256.663925500001,45055.0899495,21159.655428,11739.7814045,25951.325946999998,194270.9499005,0.008408713728529617,0.016709671244809748,20.0
20190908,71.66705264346977,71.96887647916667,89.87477242738444,90.08946264583334,110191.239912,8348.274036,41834.84495500001,22837.5929205,10737.397903500001,24940.830463500002,187423.67991,0.007897081391622512,0.016844660579414195,20.0
20190909,73.3616356084629,73.82327852083334,78.32381877516818,79.42329793750001,134179.9998925,8218.4184485,41980.959957,35444.459930000005,13274.548906,28248.304953,204087.014908,0.009843664258057177,0.015984874370019237,20.0
20190910,70.48164831016175,70.65472825,84.94317261154366,85.88964604166667,128858.35490800001,10309.4934465,41907.754952999996,34172.5999335,12588.9763935,28126.1949545,197313.264903,0.009082149252451661,0.01676041471920277,20.0
20190911,64.92272732843192,65.1242185625,75.99821382293965,77.425302125,134122.9298955,21552.264907999997,41749.994945,29903.913936,11672.009405,27743.754954,195803.50991149998,0.008707626406095938,0.014880717013536257,20.0
20190912,64.94363635196645,65.14284989583332,75.68606636613107,76.985952125,141723.7749065,25984.236963500003,41710.399955,31838.2744355,13480.939903,27142.279949,200075.744912,0.009204057299955685,0.015142946107662742,20.0
20190913,75.57835855992039,75.239066375,82.39004996782212,83.16228104166667,140120.36990400002,20941.07243,45452.869944,28901.560931,16520.957892000002,25880.1724495,203538.7948965,0.010590067558153192,0.016769571481912934,20.0
20190914,75.08919352116007,75.12511185416666,96.4935031623526,96.66037547916666,127658.7799025,15423.1989335,50772.18990900001,19150.737409,16248.601892,24032.855949999997,192921.6849085,0.009585794828774,0.018615689212804733,20.0
20190915,69.36290074360403,69.496353125,95.26309453778126,95.560754375,132740.4849025,26741.195477499998,53243.449904,12875.566905,16128.637902,22000.865394,190807.40989850002,0.009207265078949976,0.018176904327669986,20.0
20190916,75.70128915478156,75.89441695833334,81.98429779891649,83.11203670833333,142349.93490425,13852.23418325,54218.2324075,28304.0439335,19494.23339325,24662.69345925,207598.38740875002,0.010776073583350962,0.017019808015893794,19.5
20190917,83.64343393878137,83.76943083881578,79.87188387047092,80.41403422587719,148885.5466873421,6449.723738500001,54288.17441644737,36632.45657015789,24157.301147157894,25407.87984336842,213563.00694815788,0.012453298388782048,0.017057679689991844,19.958333333333332
20190918,91.23139851419222,91.41450910416665,83.73781815952822,83.97938849999998,149747.084818,5262.85849,54284.8249625,34628.1854765,27636.1429805,25957.409921500002,214713.11981449998,0.0136616359713695,0.017979608183491595,20.0
20190919,98.91840831825533,99.21551966666668,93.2291177793585,93.73788614583334,153328.034909,11593.7519305,54280.274909,27471.722436,32051.3539445,25885.483452499997,216359.8599055,0.01516696516376417,0.020171038861855364,20.0
20190920,104.2366600288168,104.42054391666666,97.69460848922103,98.24959870833334,154825.1799075,8719.667946500002,53884.2799115,28570.819944000003,34454.355958500004,27122.769946499997,220666.0949055,0.016138459641918474,0.02155788774863811,20.0
20190921,95.4920801547613,95.78351079166667,106.42246164828722,106.64435041666667,133005.469901,10375.921938,54334.389907000004,15835.812409999999,24601.9209335,26003.0549545,208095.7398985,0.012700968992807985,0.02214606089852007,20.0
20190922,98.45809514410114,98.48154839583334,110.91476474340642,111.13826927083335,140261.88490200002,16794.297911499998,54335.489901500005,12721.450917000002,27727.159949,26438.359957,204118.249911,0.013809918008772081,0.022639727668714405,20.0
20190923,106.56013846863962,106.72868950000002,100.28845905818511,100.85589700000001,162380.86489650002,10526.137935499999,54344.65990550001,29531.774935,36988.8649525,28884.414958,226621.29991449998,0.017303327448028503,0.02272750095818802,20.0
20190924,109.35591607643528,109.48206070833334,101.65810201170834,102.05169522916667,157367.419911,4021.2979805000004,54225.9548955,31914.935429,37106.794958,28128.254961000002,229922.02991450002,0.017209058364952467,0.0233734371717873,20.0
20190925,102.48681647510656,102.6275495,97.19888438081449,97.73067989583332,156904.024897,10667.2384445,54056.414906499995,30462.1424255,35751.714955,23939.892933000003,221260.92490650003,0.01608059400382439,0.021506315057978974,20.0
20190926,105.30030843063948,105.25191452083334,113.24399612734089,113.61459602083335,159768.109896,5097.116966,54104.089906,33488.795428,37282.309949,21959.211899500002,220393.394894,0.016823631249429104,0.02495822875786765,20.0
20190927,100.27370268340186,100.16570300000001,114.86231637724651,115.14391195833336,155622.7599075,3458.212487,54365.234908000006,35079.7549245,34180.820448,21426.3744,218421.5799065,0.015604870357735086,0.025088408614838433,20.0
20190928,84.5297915442107,84.7169266875,110.3260486989617,110.47006089583333,145146.5799045,12039.654935,60578.914891500004,23215.9694295,25249.9494405,22329.0154035,201394.6649075,0.012269210142682506,0.022219077608295917,20.0
20190929,78.4402755658047,78.38046627083334,107.784220541042,107.80147750000002,137398.92490500002,10536.699934,64767.414896500006,17137.983917499998,20450.2819135,22893.4794185,194733.80990400002,0.010777609531993509,0.020989231913490086,20.0
20190930,81.17956735124282,80.94867652083333,89.90640725902698,90.83444864583335,157015.21990650002,10447.539944,66215.709908,27930.190432000003,24783.189432500003,26078.70394,208860.574904,0.01274642761956992,0.018777903907673536,20.0
20191001,81.09704062352856,80.99468464583335,83.18217648606704,84.51361085416667,174798.544903,27387.257983000003,66409.834901,23350.9654245,28260.3039465,27631.5199505,213223.424913,0.014175644696932272,0.01773638856207683,20.0
20191002,82.18317140398963,82.24359114254386,93.92914838829347,95.02399717982456,177576.77622318422,29695.614036105264,66508.395179,22626.437511421056,29707.367502078945,27122.89887352632,217239.16622907895,0.01459382263771786,0.020405089880480308,19.958333333333332
20191003,92.50603013922614,92.42398079166666,99.64038497022085,100.5732838125,179995.3498995,19807.280931499998,66579.42991450001,27119.5374285,34244.914946000004,30304.0749525,226818.719918,0.0166506552627237,0.022600304571082218,20.0
20191004,94.7063325085434,94.57147877083334,98.15283253192621,98.9528068125,179132.534905,18991.751407,66626.724908,26834.828925499998,36098.6499555,28567.204945999998,234106.814952,0.01696498541381119,0.02297824700256629,20.0
20191005,95.20094825558309,95.27698341666667,112.50435650269803,112.74489420833333,158252.9198935,14910.6149205,66652.464903,16299.287410500003,31088.704951,27186.014945000003,223219.049909,0.015065828038076028,0.02511311556915568,20.0
20191006,100.99583673890548,101.1343140625,115.51250377218538,115.71576952083332,150024.4349085,7071.397956,66673.8348935,14706.0164105,30372.369952,28960.934955999997,217346.55990350002,0.015151843334865417,0.02510624532072456,20.0
20191007,101.37925415121803,101.6697934375,104.7232742038409,105.6056691875,178050.9349075,5680.644969,66669.2599075,30850.8359235,36891.139955499995,29899.714950499998,233146.24495199998,0.018050670981849423,0.024415838139704153,20.0
20191008,110.2778014405793,110.283602625,119.8395486324787,120.35474795833335,183133.80991100002,6435.7609514999995,66623.524905,28498.617932,42445.8099515,32749.454956499998,232414.394943,0.02019559392642205,0.02785243618565976,20.0
20191009,109.33302268473825,109.16635268750001,122.3033093382049,122.68599777083334,180636.489902,8279.1934405,66658.4349055,27858.911930000002,41611.064956,34222.4899445,234122.844944,0.019749533448146856,0.028633998728326615,20.0
20191010,106.3591907444389,105.96708108333333,128.74560270682747,128.67503897916666,176635.49990300002,7348.5379585,66698.7049065,28960.819934,39858.97995349999,31867.169953999997,234926.294959,0.0187868088264225,0.030245727436178375,20.0
20191011,100.60774922039212,100.17048097916667,113.34350692027363,113.69463741666668,170948.8249115,10023.7734435,66706.89990650001,25650.865926,35410.1029445,31479.129939,232277.2199565,0.017198776506216915,0.026327114687561475,19.166666666666668
20191012,95.64118517855687,95.53218483333335,114.98579813038066,115.17822733333334,142591.26491650002,5775.675967,66734.37490950001,13145.246903000001,25571.5904375,29636.274964,218949.999909,0.013637597572723639,0.025176140490183137,20.0
20191013,97.836071060331,97.93751452083332,116.65594710199207,116.91747772916666,141600.609901,5172.8234695,66729.629896,12075.978406999999,26287.3349635,29471.709956500003,215298.424892,0.013853647332460445,0.025115841665343367,20.0
20191014,108.89324909223953,108.86708168749999,111.0758509664291,111.56431466666668,166957.6349025,4857.911467999999,66689.989906,24715.215938,39435.474954,29347.159956,236617.0999575,0.018180559325289114,0.026282445730987928,20.0
20191015,104.86937560084037,104.92698558333335,107.49744670977981,108.0595156875,168843.2798965,10516.312451500002,66672.839894,24019.257940000003,39697.1349485,26006.979943,235608.839947,0.017706489337143878,0.025327348716555672,20.0
20191016,101.58018682345777,101.7022395,103.91105869127989,104.720052625,169311.75990950002,10224.322423,66662.74490100001,26787.273928500003,38555.8849555,25290.386457499997,234767.48495850002,0.01719872020301544,0.024394937908326864,20.0
20191017,101.9703601989517,102.27249522916667,108.81306411996458,109.48629783333332,182607.85990799998,12309.994913,66804.259907,30834.448437000003,39995.0099425,30842.264955500003,236670.824962,0.01862058924997847,0.025752877651915022,20.0
20191018,102.83271538341036,102.791093375,115.39314635739079,115.87295652083333,178649.7349095,7684.6419575,65938.9649035,33337.386438500005,39421.5624505,30546.859952500003,233443.2749595,0.018371037343270325,0.026937753993550202,20.0
20191019,85.62090840466976,85.93500997916668,114.76981205494053,114.92779027083334,159908.63489500002,19305.86496,66735.269896,17093.258918,25986.542942,29176.249956499996,211314.949904,0.013691522581460577,0.024252577084881252,20.0
20191020,92.65702859548433,92.70614350000001,116.19221306950845,116.36854010416668,155743.7949005,10980.2699475,66774.2048955,18644.845920500004,27975.1684465,29571.474957499995,214454.80490599998,0.014430757257664878,0.024917978385417816,20.0
20191021,102.53569426743817,102.33580810416667,104.36321426265461,105.00117808333334,176809.7199005,10385.2394605,66785.7099105,27569.266428000003,37643.9899475,32511.1199475,234965.7249605,0.018129307383229046,0.024521778298432634,20.0
20191022,80.82930048161013,80.76987254166667,87.49877119555975,88.42368216666667,180752.48490500002,35001.3799915,66755.619907,19910.660423,28983.381444,28351.8049505,225813.9449185,0.014610096915183947,0.019758442699190564,20.0
20191023,86.68502863307027,86.51617833333334,95.20967228208701,95.85269681250001,172685.67490600003,20923.561441500002,66793.1299055,23859.537429,29307.589431,30043.959951999997,224992.8599125,0.014969262673747678,0.02142149645807864,20.0
20191024,82.87838074118895,82.81249727083333,89.69136696102309,90.57343591666667,171666.8399115,20578.7019375,66794.53489899999,25183.795934499998,26725.6329305,30729.89495,223811.759914,0.014227469718822027,0.02007398268863897,20.0
20191025,76.27997328083813,76.24964518750001,85.63956106870728,86.76544860416665,173295.834907,29946.085477,66775.95989700001,20957.85442,24186.8474345,29934.1699545,219829.6348995,0.013219001656386498,0.018826113442687354,20.0
20191026,82.49833601508804,82.58433654166667,111.23077669950206,111.34364441666666,165230.644905,24976.944936,66802.78990650001,15760.054407,24698.374448,31244.374954,217427.50491299998,0.013631253263362385,0.024184630247307787,20.0
20191027,101.88836623773024,101.94182834096111,120.52099033366169,120.89986900800916,154028.1543805263,7138.460975210528,64049.74517592106,19125.63059407895,31234.017849131575,30575.145742368415,216910.89123755263,0.015693677004444715,0.026142315426107024,19.956521739130434
20191028,108.93882915029997,109.10972764583335,108.47470546912584,109.28329633333334,187764.35490500001,6185.023982500001,66854.79491,35090.401930500004,44167.714944499996,33139.554952,246510.169968,0.020454828979512084,0.02674011808242295,20.0
20191029,106.05716226938577,106.40951089583332,107.8711846215052,108.76335241666668,199035.4849025,14808.200429,66841.79491,36221.7174285,46784.9949445,31595.1249485,249912.36997200001,0.021109138719670326,0.026958343400447525,20.0
20191030,104.08331690404881,104.4535885444079,104.40223335648719,105.31129835553729,202686.5329971513,14994.4625685,66892.47287392763,38585.05129798684,45562.30501513158,33935.62877075658,250656.98365221053,0.021096286646125447,0.026169148899691276,19.75
20191031,100.89072711755097,101.04927837499999,101.9539446532354,102.78330885416666,196531.2349105,17795.960421,66915.0449025,34859.411932,42915.604961499994,32083.0799505,244946.7399705,0.01982817919143056,0.0249732863699428,20.0
20191101,101.2662794534446,101.3729008125,105.23417934483167,106.0822005,185937.429908,8806.692561,66911.384904,35026.018427,38804.364953,34179.619959,252954.349974,0.018829191737918794,0.026619443431219234,20.0
20191102,91.9416169322014,92.15802260416666,114.36877455426384,114.57951914583333,171433.3449025,19677.930936000004,66896.18490600001,21483.7899235,31975.9399565,29545.1549575,233088.624932,0.015761858926431616,0.02665806039601127,20.0
20191103,101.14974084806995,101.1448245625,119.0415711728475,119.27308172916666,163225.3699005,9121.839951499998,66905.104899,21712.835905,34599.9599575,28676.6049555,228481.0149235,0.016510203865265933,0.027198738999660257,20.0
20191104,108.58881768104725,108.711019125,119.37096550359902,119.74047747916666,177709.584915,7380.0319580000005,66936.5349105,28433.042931,42311.424947,29562.0399505,257304.7749825,0.019297273716509522,0.030714719418347317,20.0
20191105,109.55081937652783,109.90076939583334,107.9698939868296,108.61319285416668,194591.5048985,9425.818958,66921.40990649999,34261.291935999994,45579.744957,34358.109950499995,265145.2349855,0.021317658805342303,0.028627702912497457,20.0
20191106,117.09921867388499,117.31912364583333,120.6812532985963,120.92131077083332,199214.9099035,7563.347969,67004.20490900001,34227.431436,51677.3999075,34368.579954,276170.35000000003,0.023327910297888242,0.033328583961911996,20.0
20191107,118.36527089220797,118.59376902083334,120.99515831448531,121.29151885416668,197596.34989900002,5543.962471999999,66957.9849055,33348.992428,52728.3449155,28764.9449455,278300.75,0.023388545483106652,0.03367304330529,20.0
20191108,116.13475148653298,116.12922737500001,121.09510145287048,121.2459354375,192581.349908,4302.708928999999,67029.144905,33362.8659445,49949.389916,29794.209949,271352.0849975,0.02236538721250663,0.0328594082622202,20.0
20191109,103.67361289022257,103.73347762499999,117.2175783930653,117.44006079166667,170832.104903,10400.6159405,66991.589896,24749.937423000003,38537.3149515,28217.679958499997,242283.39995599998,0.017710781512935515,0.02839987342768082,20.0
20191110,98.60009691732931,98.69576514583332,121.69445528194704,121.95910222916666,173865.2749,16399.366934499998,67012.7899,23428.386416,36730.2799525,28394.494956,229612.24992600002,0.017143132955698102,0.027942537680806855,20.0
20191111,106.43020794784452,106.534998375,113.48749874704632,114.14779308333334,183566.544908,9249.076439,67030.47491,32249.825436500003,43337.9499515,29494.1299525,252361.74497650002,0.019537025546825782,0.028639903216822967,20.0
20191112,103.57644643666924,103.80168966666668,110.37182071597769,111.18064929166667,189636.9048985,15517.4214585,67011.40991,31555.5989425,43444.62496,29850.9499545,251582.05997499998,0.019641916722635225,0.027767570018917047,20.0
20191113,90.19277793204546,90.37390983333334,94.66589306223861,95.49025464583333,185640.04489900003,19649.426450000003,67034.28490550001,33721.5034335,36272.794952,26747.0994445,239152.8299605,0.01674339134487046,0.02263961622657243,20.0
20191114,92.51926337813953,92.6511246875,91.63481806871593,92.3319815,177520.4648885,12161.725435,67039.169906,34022.415936499994,35158.3449525,27036.557447500003,236040.0049655,0.0164240626460289,0.021629482911952398,20.0
20191115,91.91169786221165,92.0131624495614,92.81972105103661,93.90231601403508,152959.10640955262,11701.785771254386,55854.22334057018,30126.931345394736,29838.17724785088,23853.467415815787,205519.55752367544,0.014058731173588681,0.019076267999880027,19.65
20191116,98.51073800240644,98.50747508333335,126.62490332852036,126.44853939583334,169792.90989450002,8529.284946,67039.489906,28094.510935,35078.25495,29156.589947499997,239545.8899535,0.016726424861283295,0.030332475158106317,20.0
20191117,87.67286271679635,87.73827033333333,115.2957326590313,115.53722770833333,172193.894897,18329.3574205,67023.14490450002,25452.313430000002,29863.5399465,29772.9599455,228838.32491999998,0.01509673170797514,0.026384082332116858,20.0
20191118,93.101677371143,93.00540154166667,95.39425517592143,95.97024854166666,181519.859903,11019.778969,67044.789909,36126.563920500004,34929.3049525,30220.904956,245700.59996050003,0.01689980343314418,0.023438425729508928,20.0
20191119,83.04288506330944,83.0492915,84.29772177513824,85.11297504166667,190462.30990350002,28009.8709785,67036.599904,32122.142425,32289.17494,29295.9249615,238194.129967,0.015816539710208775,0.020079222496429284,20.0
20191120,86.83527509909959,86.98713672916669,88.57189649589753,89.608996375,190280.21490300001,23615.057434000002,67067.229897,34234.796426500005,34519.074955000004,29177.0949505,235995.499966,0.016523034807017795,0.020902568996486143,20.0
20191121,91.2389632462512,91.33596197916667,98.5474907378626,99.46949047916667,177618.44489549997,13134.833933500002,67036.089909,33090.0934365,33544.664951,29076.584951,239705.73996799998,0.016205722765676816,0.023622399189308977,20.0
20191122,98.47254477287302,98.48956322916666,102.60208820333891,103.38082422916666,180908.4949015,13264.693922,65367.9249035,32696.810932499997,38191.484947,29566.4249585,248502.9499755,0.01781451986398103,0.025496921592176168,20.0
20191123,105.59670207774364,105.58266497916668,121.12584157480796,121.43716491666667,171664.40989850002,8205.629947000001,66764.34990049999,25994.6014315,38985.114954000004,29786.7399495,244100.1749605,0.018127195549403573,0.02956683912064843,20.0
20191124,105.57309148241352,105.75374829166667,124.65781775902796,124.87401889583333,181550.729911,9338.961433,67065.3349005,31199.8814325,42139.73994700001,29693.2249535,242782.69496300002,0.019166871817592954,0.03026476094374333,20.0
20191125,109.67309994261386,109.86616525,101.78360855949255,102.78232200000001,196590.8748865,7907.029941500001,67098.1049065,40168.3729265,49088.114919,30338.859954500003,259058.62997449999,0.021560730669233013,0.02636792218728293,20.0
20191126,108.92491502747576,108.98576920833334,99.92888566061183,100.57813472916666,193961.7049085,7693.327446,67097.654901,39466.107429,48114.414911,29738.569951499998,250731.3299745,0.02112726222574269,0.025055302404554943,20.0
20191127,108.51946387620862,108.38805879166667,99.38138924761331,99.87545104166668,199010.404907,10415.648946000001,67093.139899,39044.95792850001,48154.099928,32207.0549435,254708.4549755,0.021596502446294838,0.025313280108578355,20.0
20191128,99.57750704282984,99.53019860416664,95.57074622207317,96.2692359375,197712.879903,16133.067921499998,67083.0199065,38017.928939,42591.959944,31675.5899475,250102.56997050002,0.01968775569099915,0.023902489244138955,20.0
20191129,98.28573596160724,98.31272985416668,97.87599505297854,98.96837583333335,193240.70990400002,14508.8509285,67075.8549095,36826.061933000005,40127.81995600001,32477.424954000002,253788.53997349998,0.018992805390658087,0.024839805882948932,20.0
20191130,96.3920733702769,96.41587689583334,121.75802083288103,122.0644356875,208536.594901,29053.920987999998,67102.794898,33934.5844385,43640.984943999996,31662.814951499997,249966.4549685,0.020101274756084905,0.030435420831576042,20.0
20191201,96.40567427131035,96.45759352083333,125.29463497654608,125.52435168749999,214022.29990500002,37140.2699865,67088.6849005,31675.062443000003,47080.589946,28438.90995,242957.904957,0.020632964131438128,0.030441322016253686,20.0
20191202,101.27652598836325,101.26144145833332,98.86513638662149,99.96473612499999,226416.90492350003,33935.779981,67129.7548975,39795.757933500005,53390.8099215,29603.6349555,259355.18997900002,0.022930717555689623,0.02564118622985196,20.0
20191203,106.39155549629851,106.25887514583333,99.5613489953448,100.22390945833335,215897.38990950002,24800.689954,67105.2999065,37720.144948,52697.959925,30797.114954,265244.21998149995,0.02296965914006257,0.026408072354576127,20.0
20191204,91.20726645925444,91.33130189583335,87.53364259154195,88.2890421875,209757.53490750003,32269.664994500003,67123.244902,37003.173944,42170.869961000004,29356.0899545,247186.83997,0.019131411378144718,0.021637164503266654,20.0
20191205,84.0443269611616,84.03250141666668,82.88642361466599,83.8774165625,206130.049901,36246.3999825,67154.96490650001,35025.2089405,36906.6349565,29083.5249545,241698.91496999998,0.0173240613104002,0.020033558653408553,20.0
20191206,92.22007436517599,92.00762447916667,89.83738434579112,90.17916110416668,190144.5199035,16637.6069475,67148.549908,37363.492428,37006.739960000006,30245.7949615,232002.699937,0.017535141765631455,0.020842515723501518,20.0
20191207,94.37238961122891,94.36494510416667,117.35244658255843,117.68856102083333,177603.9099,15470.731923,67128.139905,28199.1814395,34485.2799585,30580.044955999998,232317.3549355,0.016760905381560397,0.02726300998526953,20.0
20191208,98.70328667373886,98.60866308333334,122.90312888871631,123.06351891666668,179578.929888,14330.1719395,67152.109903,28217.90744,37317.26995,30695.619953,230435.0199205,0.01772503059729852,0.02832118495376312,20.0
20191209,95.40787519796274,95.39771093750001,90.76636302603328,91.47877558333334,195779.5199015,21718.647444000002,67157.7399065,34350.358926,40322.804944999996,30369.1699495,234606.234964,0.018678908001079374,0.021294354690913286,20.0
20191210,108.0001268018766,107.79580058333333,99.63697522345258,100.42817400000001,204841.64991649997,16920.5514565,67136.714892,36597.828436,50018.4649205,30972.694949999997,251701.63497450002,0.022122924165287616,0.025078789567656763,20.0
20191211,92.12280340188747,92.18010181250001,89.98855221207268,90.96442339583335,216660.05490350001,38436.4149885,67145.8998975,35179.6089435,44776.05494,28877.264950999997,245404.2449595,0.019959331642917275,0.02208357271060224,20.0
20191212,93.73147671456167,93.62244212732921,93.3941322440956,94.43921301966874,205528.14800397618,29584.06022088095,64353.974191333335,39641.5930309762,44495.982077238106,25674.62471542857,234358.6087840238,0.019264456818821676,0.021887718901317386,19.52173913043478
20191213,95.40731903297771,95.22713046929823,94.09514115136544,95.08605336293859,208347.5417488421,22209.084616473687,67108.53437447369,44217.019141894736,45457.94203607895,27555.979946368418,252850.3186582105,0.019877880385368422,0.02379198642431205,19.958333333333332
20191214,92.24854036850027,92.23625539583334,118.35868330507704,118.64399837500001,189805.2449015,19085.6164135,67137.5948935,35823.434961000006,38167.4699465,27801.134958000002,238628.6949635,0.017509256796449102,0.028243778134688726,20.0
20191215,88.86711092475498,88.90196025,116.47834780426315,116.55810275,189081.4749035,19949.5284135,67146.87990550001,36434.9699435,36123.8999535,27631.094955,233083.88493450003,0.01680312440406561,0.027149225816969547,20.0
20191216,99.1012856438958,98.72607818750002,99.38535758853823,100.05649687500001,189990.8599095,6335.487454,67164.174901,44054.914933,41505.3349455,29057.889947,251207.14497199998,0.018828338477620752,0.02496631193183798,20.0
20191217,101.49425761297863,101.47711299013157,94.70386937823939,95.36609437390352,193367.25859994738,9630.719036552631,67161.17594794737,41588.70836489474,43562.16757792105,29508.984151394736,250511.61813289474,0.019625666358258517,0.02372441956138905,19.958333333333332
20191218,100.22981282145489,100.18255698863636,95.47127462711825,96.50383798674243,193963.47535963636,10485.167694045456,67140.40809277273,42373.04676318182,43673.04406290909,28401.35906390909,253322.77133813634,0.01944092282949523,0.024185047871725894,20.083333333333332
20191219,101.07883675464676,101.15905760416668,93.15339938995082,93.91914191666667,201185.549914,15046.323426,67133.5699145,42462.82844899999,46533.024963,27710.105,253463.52498,0.020335601357151043,0.023610988973246715,20.0
20191220,100.3829221302211,100.53344650000001,95.74914319276066,96.794006875,195022.9499195,12242.606933500001,66636.10492900001,41508.953957000005,43784.3299935,28966.380498500002,249369.284981,0.01957697359537518,0.02387689537552211,20.0
20191221,98.32973056408028,98.32219961607143,121.30070929193066,121.59679966170636,180013.54253811907,8642.935199380952,67132.41539680952,35714.215157666666,38512.34142709524,28216.619758928573,234269.10041902383,0.017700683135658854,0.028417008046010123,20.125
20191222,91.42642912713396,91.54862545932538,120.4691489030654,120.69143011309524,177175.26920690478,12075.616216333334,67132.71872814286,34663.20751733333,34660.361186976195,26882.059521309522,221212.8744299762,0.01619850219322596,0.02664932670897991,20.041666666666668
20191223,94.09144990232006,94.18019733333334,92.14952554746857,93.25448441666667,184531.069914,9793.3814375,67123.8499235,39946.70896250001,37227.604997999995,28681.554998,221411.379918,0.01736279592023465,0.02040295361025401,20.0
20191224,99.22830359142321,99.32489860416668,95.72994012781751,96.49333222916668,171442.889918,3031.5472385000003,67092.024928,34775.237986,36313.2499995,28455.7899995,211905.77491600002,0.017011987129374254,0.020285727145447456,20.0
20191225,102.09401203121789,102.18316241666668,96.98081511387475,97.5486420625,170276.1549195,3259.8900864999996,67130.5199225,32297.1299895,37560.27,28179.014997500002,211500.819923,0.017384175808980953,0.02051152191338538,20.0
20191226,98.09756477247034,98.24814963591268,94.34443541739202,94.9342514236111,181180.7196862381,12308.745617309523,67138.23610938096,32854.579705880955,38734.35023809524,28041.45380852381,216280.11492621427,0.017773387384943534,0.02040482533472235,20.083333333333332
20191227,101.58382724813318,101.72156164583333,99.21394932755321,99.95765270833334,197893.1599185,18657.963939,67141.63492,34834.1104655,44993.694988999996,28825.319999,243005.444976,0.020102744570748093,0.024109529904168384,20.0
20191228,97.42736643401652,97.98766056250001,122.49330769069799,122.7216020625,202756.834921,29956.1664925,67152.91492149999,29567.338463499997,44190.304999,28115.119997499998,251504.20998,0.019754064452849662,0.030807582578586058,20.0
20191229,85.7309187074551,85.68589737500001,113.23199113747778,113.03280685416667,194246.07992,37975.62998500001,67166.7899185,24049.2449425,35772.874999,27224.544997999998,230847.994938,0.016652894886863348,0.026139378116924128,20.0
20191230,83.95380477050554,83.87646095238095,80.8270750144482,80.71271698313492,192103.04348811906,35057.75975340476,67176.87538895238,26736.988582071426,34399.241427571425,27025.70594888095,229686.75970640476,0.01612778140882148,0.018564908956615115,20.041666666666668
20191231,90.523218653587,90.5983016875,84.87146935151647,84.86330664583333,195641.9649245,28130.7409715,67140.204921,31411.2259625,38211.349998499994,28465.424998999995,241488.654972,0.01771014036867791,0.020495496979195033,20.0
20200101,91.77172809235196,91.96178325000001,123.00817414477909,122.98341412500001,195650.0249205,30598.047479,67120.654917,27788.353957500003,38536.5049985,29498.904996999998,232197.4699435,0.01795514088826601,0.028562186818787156,20.0
20200102,82.65769581070147,82.61303512500001,116.93867933563294,116.81247758333332,203287.12992,39468.924994500005,67151.32492300001,30413.0849725,35269.91999549999,29254.244999,236469.62497150002,0.01680324574715791,0.027652445647159622,20.0
20200103,80.55419118617166,80.51710620833335,112.33436821211951,112.00099158333335,203775.8649175,40221.3599895,67182.529928,31110.658463,33936.579998999994,29618.014997,240072.8199685,0.016414999981691786,0.026968428556063358,20.0
20200104,84.58061163296378,84.55212245833333,109.39146537668682,108.78097060416667,205357.85991,35971.099986500005,67192.304916,32938.149974500004,35768.5199945,31512.4599955,241282.1449705,0.017369293394824292,0.02639420740755318,20.0
20200105,95.09383518302499,95.14459985416666,121.29448852143938,121.59949810416667,205662.269923,27564.659468500002,67185.3949255,33895.070492,41633.3299985,32452.844998500004,249344.094979,0.01955721399942456,0.030244064466319002,20.0
20200106,91.68555042976101,91.56384960515874,114.46773194032374,114.46350716269842,200343.19182892857,25036.519995333336,67197.36540430953,35547.33539128571,38499.36451930953,32085.94618847619,245403.57759209524,0.018368575817690514,0.028090790937008395,20.041666666666668
20200107,79.75569067273003,79.87287839583333,106.67082305451719,107.06457339583334,197413.48491,32558.029984,67180.129922,33619.872482499995,30746.529998500002,31523.189999000002,244635.769971,0.015744848837107618,0.02609549893138211,20.0
20200108,81.82430634718112,81.70669329166667,109.76103354946602,109.78941516666669,205236.6699165,38998.07499,67160.67991400001,32624.808974499996,34719.804999,29984.392998000003,243179.899975,0.016793348152922986,0.02669167715971177,20.0
20200109,87.85646054590009,87.8662219814815,94.57302246344305,95.43703366666666,219947.1138066111,38991.125548055556,67185.42936322223,38671.99053755555,41607.287776777775,31590.545554055556,250456.6788708889,0.019323774926335125,0.02368644511697592,19.916666666666668
20200110,96.85292038832252,96.83901190277777,98.51001084425313,99.22965315178571,217066.22992464286,22975.406680190477,67182.4006354762,45527.769478857146,45978.82830385714,32837.16666466667,262844.0614135714,0.021023498285884745,0.025892771340198458,20.041666666666668
20200111,93.04517109281254,93.12912914583335,117.47686507100399,117.51321070833335,209575.9049155,32960.897979999994,67189.20991100001,32517.772981,41139.79,33365.019998,252220.359984,0.019500025929793708,0.029630057198000423,20.0
20200112,86.41145521169999,86.43535617361111,107.74245765233071,107.29462599404762,200979.61158180953,34080.93546669048,67191.62778085715,30247.9107495,35445.02285514286,32245.298093738096,232277.15922888095,0.017366940704666396,0.025026111991821382,20.041666666666668
20200113,87.57445310351714,87.58782904265873,92.96339016208512,93.93405258531745,217507.22825045238,33110.131661666666,67170.55778378571,42490.89234759524,40414.23023709524,32151.446903261905,256097.21759904764,0.019048076560095238,0.023807665559084677,20.041666666666668
20200114,85.09720348178784,85.07282046022728,89.98289394556674,90.63807167613636,211266.7667440909,38969.47316486364,67192.36309004546,34835.25834263637,38426.834543954545,30031.518181318184,251141.5104275,0.017978211038561315,0.022598439898127175,20.083333333333332
20200115,85.5712120637328,85.57346064828431,86.08442020242481,86.35357017066498,201129.6039560202,25688.395274666666,67204.23845933838,40291.32142396465,35839.627928792936,30403.096817126265,247828.02305908082,0.017210903992415198,0.02133413167495414,19.958333333333332
20200116,91.74071113155631,91.62734514583333,92.82875407106607,93.30548604166667,199572.054908,16073.4674355,67206.8199265,44687.224954000005,38747.1849955,31018.224997,251791.199975,0.01830888223924592,0.02337346337973789,20.0
20200117,88.19418264976501,88.19545594298245,92.46452451207604,93.29162945285088,206660.24597081577,23382.475444131578,67191.2038655,44514.34416197368,38574.0544711579,31208.37710526316,254023.5449835,0.01822623147959549,0.023488166301771286,19.916666666666668
20200118,89.77930451042562,89.71385795833332,115.09174507197352,115.27510256250001,190881.184927,18905.9674105,67194.4849205,37153.839993,35939.6949995,29927.7799995,240335.3449645,0.017137180026872,0.02766061425443905,20.0
20200119,91.05796078297358,90.99773295833334,113.9926423435732,114.15887327083333,191825.239914,15418.1834185,67165.3949095,40540.9449945,36882.444998,30016.345,235915.6549455,0.01746721517327351,0.026892648877452206,20.0
20200120,84.17727558297939,84.20325264565527,89.5799065137112,90.60136047045097,210231.3196554685,35138.42047456253,67145.59746689924,38626.29130356343,37630.5057217202,29914.845664740664,250572.80946193024,0.017696699730811803,0.02244628884647768,19.041666666666668
20200121,80.70865017992891,80.64215267227097,84.9543996959066,85.1020594258041,206174.0138571433,38228.38356008772,67169.23051506432,35421.9746332807,35161.39286349708,28491.62877140351,241372.18976932165,0.016640026360587992,0.02050562948513917,19.833333333333332
20200122,86.98449266748639,86.94396317434212,84.26722617554044,85.18723646600877,216557.72517752633,30577.453672657895,67180.8301865,45900.01889781579,41025.528156394736,29731.814998500002,255479.4791910263,0.01883716385779207,0.02152854705619949,19.958333333333332
20200123,93.16370573111897,92.93223245942983,87.21912315324626,87.7389539364035,215847.90255331577,27048.22420876316,67176.85596673685,44110.427595,44035.74155892105,31052.508157894736,263931.86156444735,0.020109190476156353,0.023019905537855077,19.916666666666668
20200124,86.16762954426574,86.15714369971805,84.50452152381878,85.2086296919904,212203.11276502506,30912.91392664787,66621.72380477318,42835.91941665915,38889.37319301253,30808.438043612783,256112.22733738972,0.018285039208876724,0.02164264122754562,20.0
20200125,92.67220352227939,92.70821418749999,100.00626529788357,100.01562370833334,192393.24491349998,21373.22945,67120.88491800001,34720.99298149999,39154.54499550001,27262.959991000003,247617.20498,0.017829505948935613,0.0247632718935503,20.0
20200126,91.91739351258512,92.03191425,103.52836321856462,103.72313820833334,174253.564922,19002.9949275,67142.0749225,28560.0074705,38092.234998,18518.431411999998,224084.589916,0.016016933497906272,0.02319911081650675,20.0
20200127,95.0986224583612,94.84849530780075,97.41220517038519,98.40333030205723,192849.17592483584,23078.159934078947,67182.83857402005,37501.51921852882,46953.03955041729,14595.203435525063,237224.32100360026,0.018339690972682045,0.023108544229008026,19.958333333333332
20200128,91.3012768974473,91.02479370833333,84.91710869634689,85.73208104714912,188720.85648957893,20727.84068481579,67176.14438942105,40118.15332297369,44078.189173,14266.07663231579,227835.46810086843,0.01723045517467846,0.019347129209604515,19.833333333333332
20200129,90.50941099380458,90.2391031479741,82.95084496180135,83.6799615414056,186334.8375030689,20128.981940931077,67169.40666886717,39293.79218070426,42822.18807418045,14737.02646382832,225837.56825530075,0.016865056390029054,0.018733417110895684,20.0
20200130,87.48043615011422,87.37612014583334,80.95151520814377,81.833948125,189747.524922,26134.50797,67181.259917,37804.0359725,42075.529999,14271.887415000001,225829.71493950003,0.016599196238581228,0.01828125760337571,20.0
20200131,85.7310137828014,85.58880052908312,79.99555974776632,80.83056722399749,191664.36025369592,27011.997956038846,67189.1187080919,39132.14301818212,41681.79387953467,14306.23671224269,226317.73324321306,0.016431579910581418,0.01810441375163649,19.916666666666668
20200201,72.45845841408958,72.550857625,76.27977000368574,76.37784097916666,181441.22492449998,36937.964988,67173.20992650001,29001.1479665,31764.780000000002,14283.349912000001,212350.969927,0.013146951450793356,0.016198083146091148,20.0
20200202,80.3300222776092,80.38798608290983,79.2453008616544,79.34817443343371,154883.60449769913,12990.139470122655,64382.95156816306,31792.302819194803,29985.31349206349,13797.553668286435,192417.72886460967,0.012441803399736584,0.015248200814992233,17.782608695652176
20200203,84.46236692033993,84.39970181018519,82.03201943967954,82.42969425,199239.3182581111,33550.535156666665,67175.01658627778,38426.77220361111,42526.04388588888,14871.20942011111,227521.65549416665,0.016828224403674964,0.018664060866445554,19.916666666666668
20200204,103.99672468597385,103.68396975767546,95.13718697308022,95.40915687171052,195687.24728376314,16347.331470473684,67159.87413289474,40709.56905392105,52421.40256994737,15043.159545921053,242948.8789273684,0.0203508327803256,0.023113472919413278,19.958333333333332
20200205,91.06032154048025,90.96586094975491,85.01897574292606,85.47721189828432,201515.6605067059,32667.63603532353,67153.32640205882,36966.13437217647,47205.9634977353,14479.602039176472,238432.7443852647,0.018350080841182895,0.02027130771121011,19.875
20200206,86.61847447153843,86.6057966743421,83.3668152420383,83.98216508333334,211763.00175694737,37160.17642628947,67175.03517942106,42502.12730257895,46922.65523415789,14605.347143657895,242422.7341825263,0.018342588161700493,0.020210011291064433,19.958333333333332
20200207,92.01670349186772,91.89468341305916,83.55838296590917,83.77271797349323,200488.60198570933,21071.06605573825,67173.06797863396,46129.01031300929,46495.2234346139,16272.491732361888,243957.10246592335,0.018448300242418097,0.020384660995101167,17.375
20200208,67.29942096193994,67.70019399410735,69.03527016711902,69.18091904779318,182948.55929284205,27583.271980880487,67171.37989142006,41567.63444924682,28371.0114000016,16041.062405019286,215770.61841445728,0.012312332106229408,0.014895782936368404,17.125
20200209,62.09491611171969,62.20576067057124,69.40778110307667,69.53407364252449,185109.60134426865,41526.844007423584,67171.80849673836,32625.35620828395,26100.801319797793,15859.273421627582,201132.09667198005,0.011494365166946236,0.013960132538611648,18.208333333333332
20200210,61.37239954988505,61.56201778145129,58.86575337700432,59.34741205863466,190754.52674146165,43583.3069469875,67182.19283659005,35797.18990154617,26954.94973961739,15458.356170656243,214512.7598343274,0.011707063031126218,0.012627455216628072,16.958333333333332
20200211,64.59757871151191,64.5361011485226,59.40299152673299,59.68323500507217,189235.51546743955,34136.31439730637,67187.63457570752,42010.603850127445,27907.293326987747,16006.628169523692,221706.08975451713,0.012224156105421458,0.013170004971112686,19.416666666666668
20200212,81.11856291359744,80.78927660416667,71.51949761341761,71.40903497916668,192562.734908,18703.0709465,67168.2699215,49086.8949415,37159.889997,18560.668910500004,242834.6549765,0.015620412326448986,0.01736741252704688,20.0
20200213,96.06889897291893,95.63473783333335,84.37950056149539,84.19828722916667,197023.689917,4457.968164,67165.354919,51322.924945000006,42351.739989,25419.283483,251807.4299835,0.018927848961907977,0.02124738517968145,20.0
20200214,97.01136138661259,96.66461454057018,85.42997853502338,85.0558806133041,215314.2222901228,12246.349460219299,67188.4984230351,52581.53975749123,45421.84663400877,30286.559559903508,259884.74454423683,0.02088792583026454,0.022201948147994185,19.625
20200215,76.63258655313612,76.6282005154553,74.77408745740577,74.45852935460614,203345.9193522618,28501.52623841792,67198.40338727497,44599.4324267076,31338.138675870407,29517.639582725562,247888.8526555986,0.015582923764989239,0.018535662748185702,18.625
20200216,62.805999532813246,63.11898677083334,58.00962064075216,58.15244322916667,203420.57992,39992.8094905,67187.3599175,42252.614979,23256.778903,28913.099996499997,236530.5149585,0.012776032847420118,0.013721045442704338,20.0
20200217,66.53286920697826,66.45987883333333,57.96502832691268,58.023683041666665,210775.239916,40308.199987,67190.654926,45949.2899565,27469.3784805,28024.369996999998,246178.919976,0.014023481469400693,0.01426976806989761,20.0
20200218,71.70014707091116,71.63525589583334,62.143625898492154,62.13982066666666,205512.199912,30385.8499895,67181.074919,48411.004940499995,29333.288997999996,28221.3899985,244980.514971,0.014735254958556897,0.015223977474777781,20.0
20200219,86.20374811396375,85.93945555759804,78.60976057282193,78.36324717034314,204986.23197238235,16830.565871735293,67148.7310995,52138.06111776471,38184.36411414706,28552.820881852942,250003.52410164705,0.01767058150777779,0.01965271717199219,19.875
20200220,84.42825026706893,84.47750470833333,74.0352469095689,73.90940360416667,215322.96492600002,24680.388975500002,67162.98992600001,52775.9649435,39697.08098,28110.330497,258492.404987,0.018179341171019638,0.019137549027460822,20.0
20200221,64.67376877504344,64.4599265625,56.64017099956276,56.58522072916667,216766.4599185,45857.2399905,65662.769918,49733.009944,29471.844473999998,24144.662959499998,253265.6149825,0.014019103906953793,0.014345007740918224,20.0
20200222,56.598329476135326,56.660449854166664,56.29485006706246,56.120395166666675,196645.7949115,38979.5834765,67153.5199145,43531.844965000004,20419.5464,24760.0814755,236111.52495300001,0.011129823490497614,0.013291862896334612,20.0
20200223,58.259078954551185,58.3157520625,49.17069768455664,49.215735499999994,194705.224919,32051.0164865,67170.78991299999,46911.2149735,20255.369408500002,26295.844998499997,228843.34993,0.011343347071419667,0.011252387176529237,20.0
20200224,75.46133388229687,75.04191189583334,75.77754147376851,75.22334527083333,225703.6799455,39733.819984999995,67171.9249245,51382.2099415,35881.4549865,29214.934997999997,250261.52497899998,0.017031900750830446,0.018964203088384726,20.0
20200225,99.89744626066982,99.7518641875,86.41854722042977,86.13533472916667,213060.7899195,9339.64043,67150.714917,52447.0049435,45147.2149875,35942.719998,259793.16999149998,0.021284228811239116,0.022450948328455577,20.0
20200226,108.10278976316573,107.92998172916667,98.70582482821332,98.670811,219227.6249185,11100.5344365,67113.384912,48688.194943999995,51537.66994200001,37182.9799995,268481.19999999995,0.023699117846842758,0.026500658296868502,20.0
20200227,107.55720541648253,107.51820685416668,102.72360787814122,102.70214266666666,229698.6499375,15731.425932499998,67163.489925,47572.314946,53005.724925500006,37129.594999,270689.55,0.0247057448752164,0.0278062071909105,20.0
20200228,110.3945058341331,110.2313526875,100.08054476839779,100.05202366666667,217799.179927,5462.643561,67165.769922,47496.2449545,50674.644953,37985.289999,277143.3,0.024043832839120604,0.0277366524429115,20.0
20200229,101.69830856310448,101.6580825625,99.3785952915767,99.28329443749999,204183.1949115,7739.663946,67192.2649175,47391.589951999995,44537.0449845,33646.629998000004,265011.75,0.020765085559510232,0.0263364954507625,20.0
20200301,94.3244312470319,94.34898310416668,81.53763079638334,81.543108,196618.534921,10328.7289285,67190.439923,44738.1549735,38067.344994499996,33696.2299955,248453.8199875,0.018545931479048008,0.02025833584409186,20.0
20200302,101.20952586259082,100.98242433333333,87.98055038229082,87.91160541666666,203282.939921,7777.490451500001,67048.939919,47787.76995450001,43949.284977,34245.134999,256775.419986,0.02057416996535795,0.02259124277501216,20.0
20200303,96.42067121630167,96.34567900694445,85.12261073479392,85.23312334722222,212367.37769061112,18179.16106727778,67169.98659222222,47474.66106133333,44641.54663044445,32313.014439444443,258613.05720622223,0.020476605101374574,0.022013818599500246,19.916666666666668
20200304,84.21222812786698,84.00581416995614,75.50020561613914,75.46307848245614,232301.3299524737,39698.16604010526,67140.74887228946,48525.68968707895,41458.628941868425,32964.36026065789,260690.06840655263,0.019562612592364612,0.019682153766780102,19.958333333333332
20200305,85.86511771572987,85.746070375,75.09354275146099,74.96146845833333,214150.999912,25308.4564425,67155.4499185,49172.9849485,38640.0649955,31838.004999,253491.8099845,0.018388100816385134,0.019035598070216275,20.0
20200306,87.87109902993876,87.67103050000001,77.22750269464736,77.1714224375,209827.3999165,21164.3174375,67160.59492150001,48132.7949605,38545.429999,32411.1949995,255682.9399885,0.018437764237257334,0.019745754936937244,20.0
20200307,82.86341121223722,82.82419310416667,75.34157768179264,75.13097902083334,203046.099912,18281.0054515,67165.234927,49317.90994600001,33903.279998,31777.764998,246066.4399725,0.016825092472049063,0.018539033802070275,20.0
20200308,70.70983512958841,70.85745981250001,65.14469907767396,65.23414347916666,209411.2949215,39824.4499955,67165.05992,40776.524990000005,28197.379999999997,31175.6349995,236062.289932,0.01480743813817288,0.015378206841206764,20.0
20200309,67.48069405961682,67.47730170833334,62.213836946816045,62.30185629166667,210882.34490800003,41764.179987,67171.639922,43652.3249825,27932.349999500002,28436.399998,248306.8999735,0.014230486999311344,0.01544812498772069,20.0
20200310,83.46727079766914,83.22417395006613,70.54802913863452,70.3327983263889,201913.97253674603,18539.837696555558,67171.27785981746,49972.01843797619,35811.45555134127,28498.274919134918,247057.69204149206,0.016853208223557712,0.017429433257066976,19.666666666666668
20200311,85.49098755895344,85.272901875,73.80402526309382,73.64572704166666,191323.194912,10417.0819275,67153.04991900001,49586.274944000004,34966.5549985,27229.534999,245900.939974,0.01635640887596102,0.018148479186059614,20.0
20200312,87.90562880210874,87.58263108333334,75.67170673938162,75.45762020833332,191054.859917,5649.1029415,67149.48491900001,51531.244942000005,34958.539999,29658.804996,246591.809982,0.016794797596702684,0.01866002312929122,19.583333333333332
20200313,77.63144518358321,77.57701475,66.03055605618499,65.97170608333333,214340.31491450002,32355.452477499995,67176.309913,48432.834959,34871.645,28819.494998000002,256707.8249845,0.01663954840791697,0.016950560427700354,20.0
20200314,79.16886248492828,79.21878697916667,78.35736567269909,77.99118481250001,207724.5599235,26934.179465499998,67182.9549255,47048.4849695,33921.7399985,29192.105,252803.9999965,0.016445317119325818,0.01980905547124677,20.0
20200315,66.31636008158726,66.34300191666667,62.91268687611315,62.95451016666667,210905.30991349998,44677.8699925,67152.20992750001,40475.1899925,26557.284994999998,29414.9399995,239564.379955,0.013986472475342421,0.015071638822779114,20.0
20200316,76.75037876691171,76.55869147916667,68.09600898810947,67.99956191666666,213241.14491550002,32349.825977,67175.0149215,48041.06495000001,33927.759996,29235.204997,243396.634982,0.016366338640954537,0.016574339443409872,20.0
20200317,70.51891979858301,70.41755983333333,60.92573387465314,60.93970233333334,215051.74491950002,41880.244989,67120.64991949999,44846.239966,30731.099986499998,28024.619998500002,249446.259977,0.015165216752523554,0.015197696451386243,20.0
20200318,73.31851129103018,73.19659310416667,65.48073508463486,65.4048224375,198812.2499205,26395.084947000003,67141.68992250001,45878.3449635,28985.9999805,28349.4499995,236513.659959,0.014576618190591294,0.015487088311672689,20.0
20200319,77.47107302255209,77.380387,66.69417284103164,66.61749764583334,198794.399925,21945.679445,67167.0149225,47319.189958999996,31264.019497,28668.8199995,237227.93995650002,0.015400815473064098,0.015821721230180687,20.0
20200320,89.78657809492321,89.53283085416668,76.86792541887779,76.62969520833333,204249.354912,14966.5754275,66450.2549165,50484.39994050001,39578.734998500004,29570.934998999997,249257.519983,0.018338850655643977,0.019159908456147685,20.0
20200321,87.62959649992328,87.54321022916668,89.10959975244427,88.96995643750002,197388.54991250002,13996.559937,67145.81492850001,47214.674949,36593.6499985,29137.194998,245013.30497449997,0.017297078982537344,0.021833037540301255,20.0
20200322,71.69332151771091,71.8185950625,70.61745632079663,70.67544987500001,202474.959922,31574.7674795,67119.404924,42929.749977,27928.1249995,29754.54,238688.2149445,0.014516102400973577,0.01685555459313215,20.0
20200323,73.17466776993136,73.06224535416668,63.06447054088448,63.02817272916667,214862.0249245,37663.7899835,67125.9549125,45468.244967,30891.454996,31123.049999000003,250462.459986,0.015722457290225,0.015795282429384553,20.0
20200324,67.04730602910195,67.00676812500001,58.02503880848969,58.034335166666665,211533.97992100002,43752.264985,67136.1349125,41427.404985500005,27134.187996,29613.5999975,242786.99997,0.014182783487317194,0.014087725095456036,20.0
20200325,65.36166876340687,65.3866353125,56.87707270351545,56.909993500000006,208381.0249245,43344.9999965,67138.484929,40568.649986,25615.386494,29403.944999,238398.38497050002,0.0136201315276944,0.013559402274367794,20.0
20200326,80.53333424428888,80.43717883333333,67.19404534700438,67.01766833333333,198485.789928,19170.913943,67116.5449195,47728.124954499996,32572.36,29573.019999000004,235645.854953,0.015984722463013332,0.0158339982635455,20.0
20200327,73.9349389246648,73.83397664583333,61.21110955380762,61.11613520833333,198919.5549245,25326.5994615,64005.7499135,48993.6049515,28775.529999499995,29474.8449995,234522.8049435,0.014707105144264414,0.014355401106262832,20.0
20200328,70.88769781379729,70.90517035416667,58.364889101862516,58.35109347916667,188096.339929,35091.974988,56547.6499165,39967.849977499995,24771.904950999997,29298.089998000003,223906.11493100002,0.013333716504768247,0.013068255567176699,20.0
20200329,83.00005860325648,82.93352627083334,68.31663426517261,68.13777039583334,178411.89491149999,14643.0099395,57389.644926,44706.489977000005,28907.7849985,29635.314997499998,227429.1649335,0.014808197733172535,0.015537195081995537,20.0
20200330,90.49644118242756,90.470323875,82.3187663335344,82.06200320833334,192053.24491550002,13049.3679295,59248.264924,50944.8449425,37437.6949995,28049.510000000002,246539.3299825,0.017380135182389903,0.020294813496855548,20.0
20200331,84.21555681520891,84.19084113377194,69.28208722599499,69.23409946710527,205796.82807960524,40617.433150894736,45383.6994736842,52309.994407052625,37881.845788473685,26918.133683210526,249476.9655103158,0.017331294467527777,0.017284284885362242,19.958333333333332
20200401,89.50072676376203,89.52883097916667,82.91912921910244,82.7012015625,182324.969918,21987.7454505,47941.284984,47926.784957,35113.7499975,26620.6619985,240070.0749725,0.016318217314842048,0.01990640156828434,20.0
20200402,86.02807436576333,86.07587715899122,77.08071874618574,76.81681784320176,189984.85912539472,14848.70531481579,60168.80201410527,50002.30125876316,34366.512257657894,28090.217631578947,239667.73391871055,0.016344031589208528,0.018473761190723807,19.958333333333332
20200403,80.01466311732302,79.94567425,75.0747656106363,74.79369129166666,195401.35991,23375.5834395,63389.199919,46477.249971000005,30027.1899985,29648.0449995,242867.27997849998,0.01563497398586544,0.01823320411887867,20.0
20200404,82.37972832618215,82.38667139743148,73.40266485238985,73.23383002271815,188380.40491649997,20312.512087684212,64737.4899055,40883.8099905,28633.839998000003,30802.919997999998,229365.08993800002,0.015518726578997456,0.016836008825557268,19.25
20200405,80.87521885002373,80.8340498407651,76.8604825268463,76.79587040595976,179060.3849165,16144.794552201238,64722.684913000005,38826.799991,25711.908474,30604.4599985,223639.06491850002,0.014481547817491428,0.017189006441488616,19.291666666666668
20200406,79.18096317278888,79.12355571445362,69.65913898847812,69.47771314266569,189108.3699155,22572.53995405848,64731.424922000006,41713.343467,27459.824486,30153.1899995,230556.27993949997,0.014973782873945343,0.0160603519489721,19.291666666666668
20200407,70.8216757013728,70.83249002875243,61.04395560045718,61.00935072316105,188298.85991650002,27732.417692664945,64760.1799225,41540.098461999994,23792.033949,28077.36394686842,224228.6949265,0.013335640791944589,0.013687806497441724,19.375
20200408,68.44922611009945,68.52615676154362,57.54895444847337,57.586061207480505,195799.10314632897,38286.512634799474,65610.27894167765,37220.72195973684,23889.405477690787,28346.40539473684,224726.31123875658,0.013402297083417754,0.012932764248852651,19.5
20200409,73.1933164291709,73.27593346247563,66.84048937949012,66.7025357827729,185323.799922,24241.32718453612,65652.869916,40609.845978,24633.406966973685,27454.449999999997,222886.474922,0.013564463529547304,0.014897841059855933,19.541666666666668
20200410,79.5661954897638,79.6048587766383,65.11419554795026,65.10910509507941,179649.4449185,14423.528709239767,65654.1849115,41442.654974,25780.3989875,29504.1949985,216387.6249095,0.014294022854012925,0.014089906122513696,19.541666666666668
20200411,77.19906802835435,77.21140528752437,64.50079943460655,64.42651883043085,172902.9799195,12018.296055909357,65389.39992650001,39689.033472,22575.811414000003,30285.979998000003,214463.169916,0.013347948909110667,0.013833045908861863,19.375
20200412,66.28794568269987,66.35090356469298,55.406892760878634,55.544306462110136,179761.674909,37859.66986894152,62555.4899235,28589.757477,18489.3799145,30086.679998,212920.08990899997,0.011916032142198942,0.0117972405882246,19.5
20200413,71.04477315241257,71.08888191840278,58.02422215796393,58.026849941362805,169410.054922,24156.07240772876,62670.594918500006,31529.584469500005,19396.355913,29091.424999000003,211230.15490999998,0.012035698921671245,0.012256465434958976,19.083333333333332
20200414,85.98906055989987,85.75780556761697,75.22827789643205,75.08830214233603,191372.9999085,12622.818962538871,65185.209919,49172.084946,31792.180986500003,30148.849999500002,230106.459937,0.016455984478661718,0.01731051271390484,19.458333333333332
20200415,87.20018012576386,87.14682968798733,80.55609300697564,80.6668378971735,190636.6549195,11889.423932391986,65574.19491750002,48154.22495,32358.2349985,30072.764998500003,226558.7999185,0.016623550647553487,0.01825069175778347,19.166666666666668
20200416,85.9416932463472,85.9207384356725,78.19394708163341,78.18195895665635,191613.339908,19153.78218049123,62518.049924,46174.859970000005,32276.034998000003,28895.679998,224663.8549245,0.01646757488028139,0.01756735358312212,19.458333333333332
20200417,72.19519866453675,72.155072909666,64.48848265347468,64.45317224257377,211738.81557170706,42691.5607090329,65406.67865588889,43090.032798449494,29087.349901727273,28866.740251498937,229291.58619167676,0.015286525855193099,0.014786666478709642,18.416666666666668
20200418,66.53141257106553,66.69006954605264,60.913018979586155,60.84903134746588,195047.21808021053,36015.08926826608,65586.71492873684,40026.81209621053,22754.853337026318,28033.0399985,217355.99412473684,0.012976766936933079,0.013239809795446911,19.833333333333332
20200419,75.36453811794972,75.42261284429826,64.7050025599892,64.71218573903509,164516.97992,11413.15994881579,65552.584925,35626.824992,20837.413899000003,28505.328945842106,207174.66991300002,0.01239874620423081,0.013405237547085584,19.958333333333332
20200420,80.80989317237876,80.73954844493178,66.15021707164068,66.10112326827486,89336.119964,5986.740662271931,32775.6649645,22264.514977,13388.863980999997,14334.569998499997,107474.52496550001,0.007219242310725653,0.007109463156139291,19.666666666666668
20200421,71.07344499625621,71.06622781569843,61.02067856529953,61.03225575924239,123975.4249326111,12596.444873730012,46359.05771738889,28112.53009327778,15369.655773333334,19314.041104611115,149877.3288276111,0.008811360544835426,0.009145616306615359,19.41176470588235
20200422,76.17683766952422,76.2118517620614,65.10316845223414,65.06960134978071,170035.9199135,12240.335038342106,65409.5349195,38475.4114825,22337.234437499996,28777.184983,208911.50939697368,0.01295279866923891,0.013600801187881675,19.875
20200423,79.37755258651354,79.3866088964425,68.82628030516345,68.80281750730994,168749.62102277775,8847.034058125731,65427.06907860819,39319.17747538889,23473.593558388886,29047.81276272222,206594.85158083332,0.013394931916689772,0.014219155164506074,19.875
20200424,75.60216614969741,75.71916553399123,63.45544055794649,63.453129675438596,174533.19990150002,20578.166668789472,65409.204914500006,34207.2824785,23009.744441,28568.497507815788,209468.01992100003,0.013195087977591556,0.013291885486887768,19.958333333333332
20200425,67.23158673659773,67.29548288486842,55.79888553895708,55.7910372247807,169729.9262346842,26893.366806447368,65341.8249235,28190.521471499997,17735.9189155,28731.37655839474,202408.0349205,0.011411212257443504,0.011294142772694207,19.958333333333332
20200426,69.56755990711886,69.59547645833334,59.31914169095754,59.21713472916667,167849.74307173683,20385.1569135,65261.231762421055,32392.594090631577,18552.64502160526,28696.664977999997,197530.10254844738,0.011676897056537561,0.011717316141300723,20.0
20200427,79.94439004719882,79.87386710990712,67.04236408385158,66.94364075180599,178936.834911,11479.308878309426,65195.489919,44221.784964,26034.705979,29163.9299845,212944.989914,0.014304996123936207,0.01427633554364649,19.666666666666668
20200428,87.62158789414357,87.41309213751549,75.12495523515182,74.93312563266437,183882.68489650002,12140.13796591547,65059.924916,43419.58575794737,30837.681986,30052.441822605266,214466.8349025,0.016112092836869783,0.016111811371475007,19.125
20200429,86.42701444772226,86.33894945528753,74.00430725323466,73.99632454848928,179786.0649115,9262.486475453217,64990.69440305263,44724.5599665,30488.843417,27484.874987000003,218600.954917,0.015538372829605341,0.016177412233528164,19.75
20200430,92.06984863483069,91.98311740789472,78.46343299978652,78.4522682368421,174124.66491450003,2687.5656714210527,64880.97334584211,43074.35838386842,30855.99991455263,29502.159994,217018.5299165,0.01603163154226863,0.017028018881815463,19.833333333333332
20200501,71.60270279095822,71.79786238157895,63.508130015932615,63.53067454605264,165765.18492099998,17407.036070421054,64791.8538726579,33745.771972999995,19678.150915000002,27662.844998499997,200289.83991850002,0.01186923526898659,0.01272003319441443,19.958333333333332
20200502,66.44190360098894,66.5292944254386,56.54908050378983,56.64279813377194,172874.684912,24701.45903668421,64720.619926,33846.3649935,17274.681914,30211.190000000002,194018.414919,0.011486123149974442,0.010971562964472228,19.916666666666668
20200503,75.5651327775111,75.6480168497807,60.67385306267133,60.72022535526316,157233.2107073158,7325.907238710526,64623.14991800001,34206.05588323684,18536.358405,29998.444999499996,189591.7849135,0.011881348444132698,0.011503264099731287,19.875
20200504,78.51328121736422,78.60626701559454,69.25079915291259,69.0935816806774,169759.09492200002,8978.9023490387,64521.019926,40899.062478499996,22975.13092318421,29626.77644636842,206198.48992,0.013328343558816215,0.014279410211083792,19.708333333333332
20200505,69.4982147723574,69.63859835745613,63.41489822589164,63.12998759868421,169292.48387621052,11543.57859018421,64374.44860594737,43247.611542815794,18936.819625842105,28047.4149985,202201.139918,0.011765525403774731,0.012822564709059245,19.791666666666668
20200506,62.58916966855476,62.574693527412286,54.26693783116305,54.34491489912281,169480.2549188421,19513.395873868423,64236.7099085,39934.629973,16628.485408,26384.944999,201481.85992900003,0.010607628430585322,0.010933803566874147,19.916666666666668
20200507,65.81655132220853,65.86994096694862,57.95093149671111,57.96982965382205,174282.1011591128,16428.475054823306,63854.7576205564,45736.45270769549,19639.880456364663,25568.58327067669,200625.50808357896,0.011470646855481085,0.011626435075444344,19.333333333333332
20200508,72.25074430914917,72.17533223355264,65.41664744224164,65.30562245175439,171214.409925,6569.204721710526,63965.5449165,49715.3449485,21828.524927,26510.396315289472,202993.3299155,0.012370368553533026,0.013279143096208907,19.833333333333332
20200509,57.14192480560973,57.226027375,54.805510153684814,54.77985185416666,167676.60412592103,12024.971295210526,63857.779918500004,48796.5449645,13767.252599578947,26234.60736742105,191146.13991650002,0.00958136390462337,0.0104758617120314,20.0
20200510,59.0802659291888,59.70363165679825,52.489886431443125,52.469283260964914,166595.644913,20671.87167813158,55273.914951,46544.0249815,13754.289418,27714.7499995,186639.519922,0.009842515004104749,0.009796687204324847,19.875
20200511,82.61731675866966,82.36522021381579,74.18615655436989,73.7794513497807,164672.70491949999,13671.833919605264,44047.380788973685,51489.029939500004,24245.114462999998,28624.6849995,208256.4899205,0.01360481702384127,0.01544974856470577,19.791666666666668
20200512,83.76646031152197,83.7278609872076,69.58678013921805,69.51412922331872,161881.934918,7977.035055701238,44110.1949995,54241.769937000005,24563.7724685,27713.10210526316,208519.8299155,0.01356027667646103,0.014510223558997042,19.833333333333332
20200513,86.07249119396485,86.03098065158095,71.72514285382336,71.62842281904311,160260.3949205,5465.503224637255,44036.09631578947,55082.59491500001,25447.104478499998,27389.579998999998,205586.974926,0.013794011430536065,0.01474575514545275,19.5
20200514,79.31612043835779,79.48360568934181,64.51453396952327,64.50960181578948,165270.034931,13462.938895915206,43928.99,53465.159938000004,22814.953940500003,28489.9449995,203921.9999155,0.013108577995438795,0.013155932790681646,19.666666666666668
20200515,83.03816768701178,82.86624618051972,67.28903291519507,67.13251974269006,165033.5349185,10924.343477095805,43828.395000000004,53717.629928,24219.7314675,29296.4899995,206929.6349145,0.013704082346542716,0.013924095014891088,19.375
20200516,77.21865484616666,77.1174382240497,63.43253608976365,63.377508413742696,150872.524917,4973.321367337805,43759.229999,52656.0299355,18745.2204195,28252.5699975,199252.25990950002,0.011650173427335502,0.012639076167676329,19.583333333333332
20200517,72.85956974766178,72.91285499874584,59.394380671742915,59.43790089802632,149495.23492050002,6823.573764798246,43671.15,51601.219945000004,16680.964907499998,27996.449998,193028.4149145,0.010892158495633254,0.01146480315589495,19.125
20200518,84.84311095955908,84.64388920163255,70.87173743106412,70.83185034710039,162544.124917,5874.134733415205,43577.484999,53464.949924500004,23134.467954,28995.8799985,206527.1899155,0.013790749226157464,0.01463694077606683,19.541666666666668
20200519,84.06184560981096,83.98086104568715,69.46089369888765,69.42752015643275,160632.3272971842,7374.0409196286555,43389.40315789473,54630.220452736845,23990.694118394735,28462.071314763158,208021.6043930526,0.013503049897200522,0.014449366549817886,19.416666666666668
20200520,74.77698095100403,74.85732366337719,63.296830269090336,63.32535692300195,161393.86491449998,15624.768656397317,43268.23,53676.264924,22529.500933500003,23313.3844225,201460.579925,0.012068545962320482,0.012751816133425232,19.458333333333332
20200521,68.00992475877347,68.03949044237329,54.61724229487006,54.632501986111116,156295.8649185,14245.436211264707,43660.211302789474,53363.7699305,17988.543912499998,24167.5334705,190418.2249225,0.010629670013214607,0.010400118327951248,19.5
20200522,63.02962251903938,62.97778208274568,52.92275624103389,52.89004976145225,157445.78491699998,3304.248306778638,59999.61702863158,50535.6599445,15638.9469095,24750.2624975,189550.109904,0.009923748390532372,0.010031514261910577,19.416666666666668
20200523,54.39067533395018,54.473500533869405,49.26026314570358,49.27208784070061,156540.1196591053,10396.226432628657,61806.12149428947,44616.319994000005,11072.736406,25580.2999995,176724.349913,0.008514322825116107,0.008705487980967779,19.666666666666668
20200524,57.42176230348553,57.708232243177385,49.754870102126596,49.70061652473197,146904.74991850002,9191.98805597076,54905.944948000004,44319.224986,11239.300423,24836.154998500002,170896.79492000001,0.008435529631073094,0.008502947832114369,19.375
20200525,70.10603157101788,69.85159281895712,58.68044568986674,58.42267810404484,145421.5849205,6515.120393995012,45317.6,49518.1949515,16129.675908000001,25449.128994,181999.9499135,0.010194930223544032,0.010679838176457603,19.458333333333332
20200526,64.50018269787539,64.52623035989279,54.1990143000855,54.14915896710526,137365.914918,4952.248719309942,45350.6349995,47157.919966,12999.15891,23884.7244375,178604.114917,0.008860126608671807,0.009680166978440598,19.416666666666668
20200527,62.517698139610516,62.50482428097589,52.18654016587225,52.17405529678363,140838.2349195,10563.73100218421,45273.16499999999,45453.7349615,12495.499909,24528.8989875,180101.9949245,0.008804882257212855,0.00939889999208114,19.541666666666668
20200528,62.60431401409416,62.616344325170566,52.497930422377294,52.450489706993174,143345.614924,16748.8448574355,45245.6499985,40605.8899965,12544.366921,25261.6584995,183408.829915,0.008974053889245517,0.009628583991727302,19.541666666666668
20200529,66.50294019940885,66.40096869480995,54.96100567393144,54.85844595358187,135731.414908,10610.285512011696,45230.295,39621.354995500005,13487.8514175,23881.574948,184239.239916,0.009026538168807875,0.010125973910384091,19.416666666666668
20200530,62.86153554101718,62.89935897794834,51.699539603180874,51.683870712445184,130374.964921,12992.628091371345,45247.764999,33982.6349985,10915.5464295,24201.878969,167963.144917,0.00819557049104031,0.00868361726251125,19.666666666666668
20200531,63.624826070696265,63.64341221292713,52.78030585270966,52.74047532664688,124571.00992,8567.728461836257,45081.029999499995,33713.569998499996,10245.9914305,24012.402199210526,161146.1399305,0.00792580883961098,0.00850534255251534,19.25
20200601,70.51439848065701,70.51332435221735,56.448173691219225,56.37613560112086,133481.83992350003,6833.335907877192,44994.795,40769.7199965,14850.987407,23548.034441,178245.71493000002,0.009412391650296953,0.010061645076084189,19.041666666666668
20200602,69.3850243821231,69.35060726638288,59.180021872475926,59.23559960906863,137041.79493,10215.649833887426,44950.8549995,40791.599992,15819.691917999999,22257.146410999998,179327.94992749998,0.009508648282587965,0.010612631999055717,19.416666666666668
20200603,74.4988344892338,74.43821005263158,63.61488040734441,63.491512234283626,131360.109917,5566.125144973685,44969.749999499996,38660.3749955,16198.131924000001,23025.4404125,181036.689922,0.009786175087194144,0.011516627378729521,19.791666666666668
20200604,71.39708848978987,71.28801742872808,63.89985273651741,63.83380381359649,140726.5549135,9968.01881796027,45000.6149995,40001.434982000006,14824.721416,23899.8879325,180198.2149265,0.010047466294022433,0.011514639397186662,19.5
20200605,65.1306652639906,65.14206141033138,54.03953224959815,53.85003285855263,132186.7249255,12250.797185867044,44951.104999,37867.579994,13515.11062636842,21535.120023605265,183849.394923,0.00860940933346594,0.009935135306010567,19.5
20200606,49.684418710087755,49.86012641426586,41.98154746718881,41.971050553514864,141748.829917,26660.504348564154,44888.240000000005,36559.089994,7828.158422500001,23611.358437000003,171351.7499255,0.007042708217261242,0.007193611623083245,19.5
20200607,44.68131107424165,44.7264720949074,40.837701930482226,40.89213794042397,154963.80808226316,41456.449846492775,44900.01026315789,35173.631050131575,7921.317984447369,22768.628754921054,162286.80202705262,0.006923986114172682,0.006627420048431953,19.5
20200608,61.73978671849272,61.731848722465884,54.01986035898492,53.85297958260234,146430.95992450003,11042.536857921052,54765.92494550001,41389.7649945,14057.292417,22957.7619165,182726.7349175,0.009040616234722786,0.009870872704096605,19.541666666666668
20200609,63.126271082376846,63.13152080811403,54.09681927222143,54.1375833038499,143909.15493400002,5694.817301108187,60183.719919,38653.8549955,13917.959527078947,22915.122421500004,183396.579921,0.009084448325599454,0.009921171639129851,19.625
20200610,57.90591810410835,57.90329141423002,50.88103175014666,50.86855579239767,151033.769922,9667.36166006725,63288.809922500004,38871.669993,13007.565914499999,23215.708417499998,183349.559916,0.008745749112058075,0.009329014779461414,19.541666666666668
20200611,53.42149896303182,53.44035417860624,45.26722260244733,45.25240182107843,152257.4299255,11659.163508453217,64014.2849235,39142.7699985,11052.298414,23494.067922000002,184788.284924,0.00813382013487899,0.00836485242797917,19.291666666666668
20200612,49.955047198064754,49.85785364802632,42.24969237172027,42.219736378533135,150859.1199125,10265.327268789473,65712.869919,39932.344991000005,10408.131414,21594.525906000003,184404.46991649998,0.007536174455487448,0.0077910321259422695,19.791666666666668
20200613,47.29453666556798,47.303189153508775,42.89519202190981,42.83991332967836,139490.194921,3525.883156695907,65539.92306957894,38258.2449975,7682.3359215,21578.69587118421,172010.449922,0.0065971241381784585,0.007378421279179291,19.833333333333332
20200614,46.13562328597361,46.16058927850877,39.54445054906238,39.597174495614034,143968.21492099998,10500.957040447369,62016.849931000004,38503.8849945,7122.831424,22896.698318026316,168403.76254642103,0.0066420633287493395,0.00665943426029299,19.875
20200615,48.836590639204644,48.81381513377193,42.77635755773107,42.64058305372807,150100.8949215,9801.312084078949,65197.939915999996,40277.99999149999,9285.7359175,22618.3889165,180601.1970206842,0.007330415959859567,0.0077254613791110215,19.875
20200616,45.143622764987605,45.143468481359655,40.49137120992933,40.36510598574562,150210.9809775,10897.091584868422,65563.98254636842,41811.11314781579,8709.08970681579,20467.85070281579,178226.99701457896,0.00678106786040699,0.007216655495748283,19.875
20200617,49.584611339636936,49.55779414778265,44.39378924685221,44.16476484429825,153333.51439457896,7967.328136157895,65694.199911,41521.34998499999,9111.2504185,20619.906916500004,178914.10490900002,0.007602982716595823,0.007942675066619354,19.625
20200618,48.576475076249196,48.48377687621832,44.60659610416422,44.52541260173002,150481.77491849998,10379.992049829034,65386.0949175,37818.0549905,7922.4649385,22255.0549075,171288.414918,0.007309874188758256,0.007640593141569722,19.791666666666668
20200619,44.23664529862296,44.244539199174405,38.5485346459234,38.67237360538499,140836.35492050002,12216.723184684211,65580.344933,32362.721488000003,7292.6754255,20364.180901,152731.3499185,0.006230127877769132,0.005887569733851947,19.708333333333332
20200620,50.38673559865742,50.46273193664718,42.445341054103864,42.588595826754386,132397.0899155,7382.424801113348,65414.879924,26493.140458,7296.050914,22792.4779175,148238.539928,0.006671057163603971,0.006292035384606354,19.625
20200621,52.225111060361414,52.318917764655716,44.955647257445264,45.01571685823014,128503.6499185,5016.061847518275,65098.644926,25135.109457,7366.774424499999,22859.56307107895,150125.634915,0.006711117388655465,0.006748995087538749,19.333333333333332
20200622,57.670678271728,57.6750342465887,53.87777772711168,53.63600890204679,148835.88992,10964.856792281218,65123.1899175,29528.759963000004,10632.455414,23175.062925000002,170501.2749155,0.008583466722862644,0.009186229792086472,19.666666666666668
20200623,60.8116888540756,60.650624016447374,60.943338880820335,60.682213347100394,150872.2399125,10157.352980664604,65003.29491450001,28763.0259725,10039.479912,27475.8959945,179684.399921,0.009174795710276394,0.01095056727598235,19.625
20200624,66.65090438783668,66.58772434649121,79.1939189033806,78.47546652875245,153634.9649195,8471.622094643275,65021.6649195,30441.87497,13543.287419,26957.794999499998,189776.48991049998,0.010239909357478235,0.015029143951740362,19.541666666666668
20200625,75.77283251999356,75.77035149780703,74.67167523555172,74.79379670054323,164996.6449225,9507.441169122807,64983.989927,33363.072464,19531.4764355,28088.454999499998,196603.18702257896,0.012502263142073438,0.014680689331624452,19.708333333333332
20200626,75.05583342320148,74.82251871637426,73.00558948511794,73.15462720979532,167593.94649578948,12932.503213702272,64742.1399155,32393.9314705,19609.116501815788,28371.514999,199310.614915,0.012578903330924915,0.014550788932510916,19.708333333333332
20200627,68.86994363594836,68.89695102898177,66.08595833026813,65.89783161251218,152715.07491800003,13192.525659156046,64932.164927000005,25106.1759425,15592.8369175,24570.3324875,185010.4099195,0.010517478601962293,0.012226590240605902,19.333333333333332
20200628,70.74529546891404,70.82931915460526,65.67179237733149,65.44483273158181,140397.3288666316,9939.214236903508,64763.6749205,19564.7144365,14982.954409499998,23305.0044175,180299.939914,0.009932450513716147,0.011840620219677548,19.75
20200629,67.73005002093946,67.77216880002541,60.251833331664,60.30035329784928,144792.62048233332,15966.157435866528,62106.918811944444,22867.157277833332,15747.873917944446,21229.159524777773,185661.28215050005,0.009806811427931338,0.011186432628274973,19.043478260869566
20200630,66.73502072192696,66.80668877838694,58.91592209957014,59.02919973172515,146195.42492189474,14254.867034663916,64908.97492000001,25676.046948999996,15845.323414999999,23672.912454999998,199413.3699095,0.009756354711613562,0.011748622567200866,19.583333333333332
20200701,67.37560388768026,67.4381003125,66.00020150923308,65.93809185075537,151248.424919,16685.052327842106,65071.0799195,25028.352955000002,15685.7859115,26340.0299995,196522.0199195,0.010190453965978093,0.012970492915688516,19.541666666666668
20200702,57.71384077724571,57.84317150536063,47.20466014834276,47.27799512609649,149239.959917,12779.825802339183,65192.609917,31207.3389655,11030.1179095,26354.4499985,185634.6699255,0.008613211284252268,0.008762821505583012,19.583333333333332
20200703,49.8019595270727,49.90079349890351,42.260874958145024,42.35116005592105,152158.5999205,25905.472192385965,65263.06492050001,23939.941960000004,8090.649913,26160.385,181560.4249165,0.007577796434936788,0.007672902414743885,19.541666666666668
20200704,49.94237349663212,49.9841205252193,49.85362382409407,49.63615941447369,135439.9999205,16644.344168961987,65439.45991799999,19512.234421,5797.158939,25966.91,171557.47991300002,0.006764195062413436,0.008552762067792277,19.708333333333332
20200705,48.84868782943839,48.95837806444931,41.13696960388679,41.261336816642306,135171.069927,16433.615949163745,63991.57493,20816.181420499997,5034.92095,26497.579999499998,167077.02492250002,0.006602929398435211,0.006873042495744719,19.5
20200706,45.22634288717231,45.267523364156915,38.955224010116815,39.083172231481484,151354.20991650003,25753.678446400583,63980.174922000006,26763.4414555,5789.8734349999995,26451.0949995,180977.97992800002,0.006845197395100685,0.007050037748993665,19.541666666666668
20200707,49.95389354764424,49.85452011539675,41.6404179096012,41.61676600425697,146596.404915,12501.017172909358,65496.2749145,32943.567480000005,7099.384423,25896.1749995,181611.689922,0.007323061205591261,0.007562386665620988,19.375
20200708,49.61681214755056,49.594179921174465,41.10203966348594,41.08500977351364,145913.6149155,4531.492012432749,65982.2549255,40060.119990499996,7527.628929,25199.021498000002,182221.92492100003,0.0072397684210323944,0.0074896927856597005,19.625
20200709,50.49537912289393,50.40856969322613,41.620577429719184,41.536404412768036,146904.564917,4480.300012861541,65584.8299265,40800.039982,7986.802918,25246.026044631577,186657.0749155,0.007418001700367698,0.007768775239325462,19.541666666666668
20200710,44.98849985508693,45.1984408008041,37.50394106383743,37.581419076754386,146020.739914,9039.702269742691,66104.934913,38125.2619665,6718.00642,23143.8099155,184009.269917,0.006569254036460676,0.006901072814166921,19.583333333333332
20200711,46.25444508059598,46.426944395224176,37.538757461470105,37.61658833601364,139114.5299195,6967.238139757311,65956.789919,34086.540481,5788.582928,24119.791965999997,175985.999929,0.006434665384074438,0.006606295767949026,19.666666666666668
20200712,47.84926841715838,47.89033995272905,38.738572156359055,38.763720959429826,135301.27490800002,3637.468875921053,65819.259921,32358.42499,5277.126934,25386.3494795,169022.4149155,0.006474067020256628,0.006547687016246155,19.583333333333332
20200713,48.23334487186542,48.40615875472459,39.23480057055012,39.34962657288442,147057.60491350002,4091.0262136842102,65826.524924,41510.2449775,6539.0239265,26403.230262657893,184547.214917,0.0070930801738233774,0.007240673173118947,19.458333333333332
20200714,51.392170367722166,51.464541166179345,41.748974336554134,41.77601598294347,149862.62491800002,3332.786921618851,65722.1099245,43364.599977,8535.694416499999,25994.714998000003,185512.764921,0.007701765551539902,0.007744967661790028,19.583333333333332
20200715,51.518416223279075,51.52375495845518,41.99910234100039,41.995055910818714,151227.36491349997,1704.9387413479533,65728.7549225,46103.2949465,8629.186913000001,26281.069999,185930.959909,0.007790994329963402,0.0078089334135785305,19.666666666666668
20200716,49.21023330647413,49.31643496051199,40.26567508364974,40.35420787117303,149486.8699165,1404.4688230784313,65546.169911,46906.279956,8301.5254065,24449.986969999998,184379.479917,0.007356283744845514,0.007424164230430244,19.208333333333332
20200717,41.242147867087986,41.446948937098675,34.7314589662259,34.787042493542884,149240.8267571579,10425.538926406432,65097.20859781579,42930.5905338421,6458.184938342105,21534.785145526315,183787.0354460263,0.006155012244925167,0.006383191880117968,19.416666666666668
20200718,37.38644857629549,37.42996033881579,31.95395342582815,32.00963917872807,141883.56491400002,17577.963626394736,64572.949909,31722.8669745,3915.28846,21629.9339105,172180.589928,0.005304522603478744,0.005501850551390928,19.875
20200719,41.204829934953636,41.28046223464912,34.04247794246794,34.10180639912281,133194.6549235,11429.665361236843,64995.109650236845,27510.396971000002,3503.0634645,23438.456971131578,166525.0449245,0.005488263104367653,0.005668925168710774,19.958333333333332
20200720,43.73611273126599,43.96895816118422,35.77959501588438,35.89017466008772,141744.5799135,4168.151964342105,65035.37992200001,40865.290441000005,4790.620461,24932.77415636842,179516.3162366316,0.006199356926142777,0.006423021093690109,19.916666666666668
20200721,45.08815818811129,45.28513870285087,36.41463412407104,36.50621751096491,137632.13124192107,4717.191149497076,64957.71965013158,36638.03734036842,4853.744701842105,24108.29382505263,177841.50518049998,0.0062055793052026315,0.0064760333432219925,19.916666666666668
20200722,41.940782155429225,42.188193349780704,34.58488526113668,34.692908109649125,141181.514912,17598.54838844737,65213.9949165,27739.144962,4184.1819605,24152.7589565,177098.9249235,0.005921263161297675,0.006124945998349905,19.958333333333332
20200723,40.558278805650794,40.58695654714912,33.99522802400151,34.082274298245615,146960.12202260527,21624.566529526313,65287.679916500005,29281.654473,4019.3694615000004,24578.86909526316,180754.03992399998,0.005960449602305286,0.006144774803475853,19.875
20200724,41.21306635681118,41.28875497807018,34.33328121048281,34.431787114035096,147325.8399285,21832.18350976316,65522.294929,28620.836961499997,4079.1074624999997,25194.864340105265,182634.41466023686,0.006071749617046214,0.006270438717241837,19.916666666666668
20200725,43.15694710057215,43.22366000328947,35.611856199129264,35.669071350877196,142276.86834494738,18349.781135105262,65433.14808176316,26328.090954500003,3946.2759560000004,25953.064999,176133.88491750002,0.006140235280797962,0.0062724545814759934,19.958333333333332
20200726,46.80764476153261,46.91140731030703,37.66427164566491,37.712511273026315,133574.8199225,7556.858362131579,65415.104921499995,27385.594952500003,4205.564967,26240.4499975,169166.3049245,0.006252322720018068,0.006371525661969749,19.958333333333332
20200727,43.411069931606846,43.63593523793859,35.66495366475286,35.792969504385965,146483.6499175,11803.76115069883,65357.069913,36172.311966,4486.231951,26304.465262657897,183962.9349175,0.006359011970405609,0.006561029549864584,19.875
20200728,44.306432848728676,44.56804095942983,36.0793287079519,36.18676288486842,144374.67044263158,5211.5517815,65114.934917000006,41700.452932,4788.261464499999,25566.0899985,186293.134915,0.006396726641023789,0.006721331250633117,19.833333333333332
20200729,42.80649216327438,42.99118550000001,35.670303066238034,35.766750270833334,149379.3699225,14345.827248342106,64988.55676089473,37326.6494405,4750.837619763158,25933.474999,186828.79492100002,0.0063944068279423606,0.0066642397363321036,20.0
20200730,43.137457013402155,43.243512350877204,36.309509202122754,36.37354789364036,150099.16781052633,14882.943609394737,64943.807562973685,37216.93389165789,4750.713544394737,25896.313156394735,182465.71570684214,0.006474896399174016,0.006625240583529498,19.833333333333332
20200731,43.20614180834504,43.42671409429824,35.68201581293089,35.76921678179824,145935.3399225,12774.910842973684,64928.219919,35380.56960202631,4378.1889625,25673.079999,183730.9349095,0.0063053029915405715,0.006555890124765355,19.875
20200801,46.199810920394306,46.484567900219304,40.46918832635644,40.53598628289473,131682.4099185,2309.2296643187137,64602.1049215,32058.021969,3652.4479524999997,26342.3349995,173688.0399205,0.006083702439776555,0.00702901399757843,19.958333333333332
20200802,50.14745221001601,50.34302423135964,53.65341601187549,53.46118655043859,123193.60491676316,4926.175841973684,55737.3530851579,30047.005749315787,3611.2623205789473,26938.639473684212,171227.5575458421,0.006177845415142974,0.009186943377704418,19.958333333333332
20200803,49.43783842180355,49.77789692105264,46.36577475473441,46.859587406798255,129774.47991950001,5963.904065111112,53090.1049235,37328.227954500006,4359.872725131579,26818.748683210528,183254.3849148158,0.006415769769533831,0.00849673153377775,19.875
20200804,47.3662088193886,47.7706138004386,45.800323432610945,46.35382594298246,132914.52991699998,11332.201455812865,53306.4999215,35671.7379595,4204.547490289473,26209.814997499998,184157.1299155,0.006295657379179495,0.008434456112551253,19.833333333333332
20200805,52.80554250392322,53.051178978070176,49.190680585245595,49.57880836622807,139763.724913,13138.204049026317,53373.85255539474,35238.3364455,5547.730431,29955.264999,188181.6749125,0.0073802993164000545,0.00925678466261731,19.916666666666668
20200806,58.438701996213155,58.59315306359648,53.35783810721119,53.753488403508776,138204.17912576316,7307.872859342105,53441.35018394736,37643.522392368424,7072.274020973685,30752.633684210527,193579.17175739474,0.008076472838561737,0.010328966107559095,19.958333333333332
20200807,58.46494166022157,58.65272130482456,55.089963325861575,55.58943157456141,136091.5799215,5948.346603026316,53371.8949245,36841.1769455,7003.742928000001,30469.6099995,192740.4949325,0.007956586280557879,0.010618066797239834,19.916666666666668
20200808,54.81965778850811,54.969163333333334,65.92252114854429,65.64553879057017,124757.8799215,11512.204911052631,53292.90808528948,25266.481616842106,6072.7229305,26105.229997,178427.4399155,0.006839184283716417,0.011762386681310166,19.958333333333332
20200809,52.23479496707636,52.488839682017534,63.3311901307676,63.08272916666667,125449.4399045,16565.693411,53221.244921000005,21916.279445,5273.410543078948,25977.4499985,177299.539911,0.006552825772146126,0.01122859087220116,19.958333333333332
20200810,53.70579512693329,53.91313820504386,52.11622808394686,52.52244317105263,145827.129915,18454.514341421054,53143.104924,34882.059944,7085.974416000001,29557.0649985,193305.49990400003,0.007831761963163675,0.010074353522878233,19.958333333333332
20200811,58.79989658367287,59.21614892324561,56.79764427538171,57.355389031798246,135247.69991050003,4797.45712889766,53133.524927000006,37606.919454,7265.131924,29833.944999,191737.56992600003,0.007952550767917024,0.010890242290883076,19.958333333333332
20200812,67.24624181254231,67.65223537499999,61.26723417879821,61.995037331140345,134469.89492,2872.3563689473685,52986.344927,36249.6489605,10758.8263965,29183.524209026316,192508.559918,0.009042595070297473,0.011794467021919313,20.0
20200813,67.82304310916687,67.98074879495614,61.1313528290433,61.671956732456145,137013.5749235,4796.278584894737,53012.7149075,36813.142944,12279.8954185,27464.293499,190815.694918,0.009292677598577607,0.011664821571351342,19.958333333333332
20200814,64.1172091917383,64.08467483333334,57.5224167933402,57.84878514583334,143687.92492199998,16387.23242,52990.340449578944,32124.2819625,11846.4474025,28229.2749975,192228.7599195,0.00921286874055066,0.011057462847756409,20.0
20200815,57.826134984211755,58.088724765716385,61.31421156638811,61.157940692738784,128231.3349155,18354.278197815787,52896.664923000004,21396.1184265,8210.560466052631,25161.816487000004,175212.5099145,0.007415122482029369,0.010743016901975527,19.791666666666668
20200816,56.33660452872636,56.38362045601852,73.00234457398403,72.33000708114035,129442.01728923686,21644.947748578947,52845.3649195,19679.475931,8167.9334115,24544.430491,170619.299916,0.007292323737424297,0.012455608923439755,19.708333333333332
20200817,67.54790575096548,67.50229658601364,72.76290073938084,73.41904417214913,143177.71307015792,10330.484078934642,52653.794921,35461.127966,12502.2989085,29479.7819965,188651.2449095,0.009671354668101807,0.013726811807710572,19.625
20200818,72.99725304218622,72.83275072989767,84.60006373697266,84.86855327960527,141857.22860455263,2938.3181000789473,52588.809396552635,39307.51749544737,13726.02499081579,30639.337367421052,187779.55228673684,0.010355188012309785,0.015886162091958127,19.708333333333332
20200819,66.39840184149854,66.30402691666667,74.44576396703678,75.18854316666666,145185.12491800002,10705.298359894738,52394.704912,37938.0424465,12478.884912500002,29240.549996499998,186923.3799205,0.009640060265713528,0.013915653821482285,20.0
20200820,64.8374699399673,64.59088091666666,65.14331937335933,66.04409947916668,146830.144929,13744.632421999999,52288.914919999996,37706.7419405,13007.7774035,27689.559999,186781.7849275,0.00952009510811508,0.012167585468658246,20.0
20200821,63.68515040152914,63.4064999375,62.0326712756006,62.5101704375,144017.334922,16463.174488473687,51843.789921999996,33839.617447000004,12350.813402500002,27102.4209895,189638.279914,0.009171765634934966,0.011763769079175495,20.0
20200822,50.99058050818399,51.0387165,54.93278290761269,54.87537708333334,141238.59492499998,34682.51366921053,52192.014919,20981.136561710526,8600.0964025,23216.112416,178092.649922,0.007201837945385998,0.009783124875606694,20.0
20200823,54.31285509172519,54.451512625,61.8968869198124,61.671464375,133292.7449175,29088.547468000004,52141.969923,18116.917917,8770.5194085,23124.635908,170883.2649215,0.007239509539482467,0.01057714212533443,20.0
20200824,73.99035251508359,73.65024163925439,76.60439875194449,76.6847779506579,144473.2551913684,13724.773394342106,52073.33991918421,32220.778497078947,16267.742985736844,27966.83946618421,187939.62545168423,0.010689627080610978,0.014397002009391915,19.958333333333332
20200825,75.49270626123864,75.28739575000002,73.29390765407635,73.80896214583333,145007.4949195,13081.8989225,51158.864931000004,33007.533464,16321.466914289475,28980.689998500002,189762.279929,0.010947008219635866,0.013908419021343111,20.0
20200826,76.59792860802663,76.51383058333333,81.47469075071895,81.90324791666667,136967.92991900002,8530.300924,51925.6699125,30785.698954,16074.7124075,27079.113946368423,191152.224921,0.01049145971752476,0.015574068411750346,20.0
20200827,76.80021351650997,76.69109741666666,87.6222415000963,87.98332514583335,142283.5649195,7110.9804325000005,51994.244917,35922.543472499994,17007.595409,27622.119999,196121.959921,0.010927408165707808,0.01718464573567007,20.0
20200828,78.065063282551,77.87950140570176,86.31068383579803,86.83126881907894,139072.3049195,1832.0045697894736,57782.57097857895,32757.524467,17259.08939989474,26947.118464657895,195536.1999205,0.010856688284390995,0.01687686312979167,19.958333333333332
20200829,75.55262997095163,75.48474968750001,97.11432080667193,97.15322660416668,116578.41491649998,3874.9842579999995,51854.65705460527,22488.249947,13717.050853973686,22306.31399595322,181691.7649155,0.00880780584478639,0.017644872345934287,20.0
20200830,77.30489004591362,77.3375841875,96.8110690351638,96.9206556491228,112224.05544752632,3282.1986561578947,51673.14913981579,19498.285188026315,13133.565875526316,22672.260867973684,177547.2996481579,0.008675468266877536,0.017188543883244728,19.875
20200831,85.1617806164328,85.39960604166667,78.61970978426483,79.69407745833333,144655.98333426315,9735.40852931579,53280.4099165,31113.102957,21521.947863710528,27040.926625578948,191449.4399245,0.012319161117566877,0.015051699405224234,20.0
20200901,91.35826467700299,91.15948912500001,87.60421430008437,88.30181945833333,144504.4649205,3796.3099454999997,53590.849923,33420.6964665,24221.032259473686,26806.6649985,192906.72992050002,0.013201677153215732,0.016899442507883982,20.0
20200902,84.58268933585587,84.3286350252193,83.16602793066252,83.72337854166666,152100.69492100002,15213.359448,53625.86649668421,30840.92396,23221.7864615,26810.885787473686,195127.7049165,0.012865085826270736,0.016227996157131712,19.958333333333332
20200903,85.8908527215733,85.23921810416667,80.18799709006886,80.87375389583333,147291.224911,15400.483921000001,50405.0849605,31227.796966500002,23850.1324685,24548.204975499997,194746.77992250002,0.01265096890601083,0.015616354221725713,20.0
20200904,70.08404958149194,69.91031310964912,68.62604884509655,69.72632470833334,147894.55860155262,23243.494425000004,53735.26439305263,27994.823853210524,17622.3206775,23609.843434105263,192501.07991600002,0.010365049577864079,0.013210588513049251,19.958333333333332
20200905,66.36574605457328,66.46503289583335,88.08607204484278,88.34631379166666,137846.77991450002,29141.54347,53787.699918000006,15406.009252894737,14051.625339394737,23633.813193473685,176219.97597026319,0.00914830439024636,0.015522525499057067,20.0
20200906,71.1176347841516,71.27717912499999,91.5853848846886,91.86995406249999,134051.3099265,17944.02294,53842.67335042106,21428.224936500003,15107.699197,23733.732264394734,174632.27045163157,0.009533412101689943,0.01599376370259971,20.0
20200907,84.79830850204816,84.38272883333333,80.49953252610098,81.19045189583333,146696.66596292105,10730.551633394736,53868.92991600001,32606.565962999997,23644.814494289472,23728.797349421053,194898.70991650003,0.012439629136545687,0.015689255038218414,20.0
20200908,77.41972468289053,77.15944764583334,74.75920615594568,75.55595997916667,156030.509908,23763.881942500004,53917.34096992106,30193.692465499997,22463.85982755263,23917.260426263158,198671.14992250002,0.012079839119208385,0.014852497454294969,20.0
20200909,85.5506556165972,85.29263489583333,80.11169451672427,80.731945125,143592.89464226316,12386.2779105,53897.17782360526,27891.6097511579,22603.985955,24788.581578447367,198530.76991650002,0.01228446627853058,0.015904636391720725,20.0
20200910,75.97989780928697,76.08227668530702,73.01257756661023,73.68568176535088,155129.51570634212,24771.898687763158,53939.331225973685,29827.29813965789,22557.613938131577,22015.451462473684,204113.8970336579,0.011786724750572053,0.014902881739593043,19.958333333333332
20200911,76.59796840321486,76.3453653881579,76.41444631860806,76.82863785197368,153625.87333171052,22195.30656794737,53943.40491863158,31974.7361705,23628.67908957895,19723.06853768421,204508.6607026316,0.011767429791378651,0.01562741607495167,19.916666666666668
20200912,65.99678638494584,66.09026096527778,84.15975197516272,84.36325399451755,140098.83229128947,26781.03292263158,54049.1334247807,21485.347944894736,16249.449737333332,19914.58299823684,192478.53114519297,0.009246072707508582,0.016198945441723074,19.666666666666668
20200913,63.52949669206444,63.783285416666665,83.19959332467647,83.39344941666667,135102.974922,28099.718334368423,54157.09966694737,15367.725514842106,13102.338223078947,22200.870914500003,181758.18492099998,0.008583023998395264,0.01512220706885854,20.0
20200914,70.69302053633922,70.57679474451754,70.21186660691097,71.07124026644738,157845.2946486842,28817.144406526313,54225.28017997369,29608.097458999997,20609.81032655263,22318.716679842106,196046.209917,0.011158560656163947,0.01376477033948287,19.958333333333332
20200915,83.2819252874516,83.02915495942983,88.49698865257508,89.0136083980263,148698.4159689737,6299.505153684211,54209.68202739474,39617.50611376316,24393.116286789475,21887.08961628947,197110.2154366842,0.012383890369090468,0.01744366049880687,19.916666666666668
20200916,68.49818695184906,68.39570112171053,70.30258487279188,71.37583321600877,161825.30176294735,33135.56967168421,54156.477812578945,29962.79711231579,20032.0236905,22822.945010552634,200084.55123515788,0.011084739773697758,0.014066461144944163,19.958333333333332
20200917,67.49303339586604,68.12258389692983,70.14567271873116,71.21480014802631,161065.6049195,33010.510465473686,54313.79650821052,29352.647592026315,19125.207194578947,23277.211155973684,204912.4399135,0.010870806251757178,0.014373720946169037,19.958333333333332
20200918,64.31450059149294,64.92202610526316,67.13128313271557,68.42191845833334,165360.2349195,37413.149486500006,54318.844933500004,29950.042951,18666.451896500002,22961.296220842105,203383.964914,0.010635060926539597,0.013653426533296023,19.958333333333332
20200919,69.08867339216276,69.56146404166667,96.69158599193106,96.860367125,154218.724909,31188.25395768421,54353.15492934211,24789.52582473684,18895.9999075,22699.46844318421,185604.619908,0.010654767116193696,0.017946405066334062,20.0
20200920,68.6276367586931,69.32458252741229,107.6046503669538,107.82825373135965,150445.2599355,30914.13016818421,54279.6199215,22563.7484495,17866.452402,22791.2034155,182116.2649055,0.01032470265092066,0.019596557011291864,19.958333333333332
20200921,63.56032491193727,63.50394327083333,64.63581079312729,65.78710002083334,163710.76491250002,38986.813983500004,54307.749924,27449.475445,17947.4329185,23151.118426499997,198580.829923,0.010405509409420281,0.012835432950045219,20.0
20200922,69.22711672371149,69.16680808333332,67.13872411033637,67.93857771052632,159107.37492550001,26442.822562263158,54342.394921,33269.5484675,19236.1259105,23684.9944275,200847.17255047368,0.011014544815570916,0.013484622906207375,20.0
20200923,71.86357613803887,71.84188185855264,71.09900015952232,71.95670876754386,164953.3088615263,26401.532397526316,54346.92360305263,36196.79234988889,21242.075447789473,24708.205091078948,199248.16358860527,0.011854134670591739,0.014166345214770776,19.916666666666668
20200924,78.30608730510046,78.1510620635965,72.8923665306488,73.28685776206142,155622.16491700002,15381.621971447368,54357.1299245,36422.367021815786,21801.30287305263,25774.704995,197409.954925,0.012186162832599346,0.014389678791191959,19.916666666666668
20200925,72.82434522453826,72.9380120625,69.4902939995144,69.9547976875,157496.5449105,21766.955444500003,53917.2599285,34474.9014625,19357.860926999998,26404.914993,193652.009904,0.011469582758234247,0.013456935101825836,20.0
20200926,72.14940379756816,72.19776433333334,93.47925324904409,92.72916385416666,139067.5949135,15368.21142,54317.914926,25949.904438999998,15001.910905,26714.2099995,180273.929914,0.01003364406057075,0.016851872348631232,20.0
20200927,73.81890909969906,73.84837877083334,96.62585283690915,96.00903470833333,137571.95702713158,15394.475438000001,54281.7899225,23886.289846736843,15306.006516605263,26832.401578947367,174959.04492100002,0.01015541179045353,0.016905566927022726,20.0
20200928,85.44340021247388,85.13871654714912,83.58616119087051,84.06327594517545,159473.94103422225,13810.499437,54260.8446486579,36133.2884635,24388.945274026315,28875.1299975,193971.20202057896,0.013625995767247512,0.01621330815847902,19.875
20200929,89.81964056973294,89.42013044846492,92.82086161015275,93.60746898245615,156496.5049185,5572.804627789474,54254.3649305,40568.89799773684,25761.921456,28649.0049995,197525.5599205,0.014056459822199111,0.018334492661848664,19.958333333333332
20200930,86.78042457235325,86.62395297258773,88.35335563704756,89.20154592519494,154660.55228818423,7281.783369409356,54251.18047244445,39015.60856126316,23996.39817202632,28506.825260657897,198815.32333342105,0.01342150839216327,0.01756600096857235,19.916666666666668
20201001,86.3510829563624,85.96688060416666,79.58977443389853,80.16163154495614,151420.7099225,7726.4392175,54197.73754694738,35866.102647184205,22528.087953,29353.5349975,199577.86886005264,0.013075342283829087,0.01588435756456977,20.0
20201002,74.00913311700076,73.98484822807018,65.54534165508494,65.6425075482456,152600.5433413684,20985.748534789476,54251.442287263155,30825.03632723684,19520.7529265,25111.795627578947,204278.9399225,0.011293833925877976,0.013389532910158833,19.958333333333332
20201003,64.89165829894294,64.96269564583334,57.4144004851703,57.28120827083334,143842.28939592105,27108.13212236842,54266.42755086842,21613.995022210525,13530.965898078946,25531.680524315787,190368.59992200002,0.009334164692417773,0.010929899035722869,20.0
20201004,61.371954563392045,61.439066833333335,57.39875051897857,57.29216645833335,145060.62517744736,33769.9909855,54305.064912999995,17414.821987763156,12069.122406,25927.9849975,186239.5357117895,0.008902654097327543,0.010689916647091405,20.0
20201005,68.9054820603517,68.95313155482457,63.74924379198605,64.16477601754386,158690.1462345,25104.8559445,54262.85806671053,34150.755459289474,18489.961748555557,24979.97364086842,201237.189913,0.010934621024515926,0.012828718679778034,19.958333333333332
20201006,64.48922948676514,64.88551199342106,60.663208896922214,61.46148500657895,163308.3409735263,31884.655978,54276.529915499996,33711.62959094737,17519.9749125,24427.515461000003,204432.7151762895,0.010531629078144629,0.01240154450610425,19.958333333333332
20201007,69.60902129580091,69.60633132261209,64.09564614914075,64.5045534651864,164625.0215773889,27554.032476621946,54256.37825016667,36222.120171166665,20224.68306776901,24724.96404063158,203332.17105894446,0.01145938663280215,0.01303270688693066,19.458333333333332
20201008,70.89736128229109,70.9203294231005,64.50615218991733,64.94545963232069,161813.36122863158,24194.500031338706,54288.11158688889,37059.409448000006,20419.361755894737,24283.16337023684,204571.1549185,0.011472140331328167,0.013196098052839915,18.791666666666668
20201009,73.28779472530428,72.95875631147517,63.15602785939419,63.055414681797174,160576.9338726842,24307.408786521974,54305.939920000004,34629.21358405263,21028.761797605264,24731.073482,205754.98492500003,0.01176832936728004,0.012994667560132534,19.125
20201010,74.93000027624164,74.89381291723284,86.53122010909702,86.06800444352712,145016.9599125,18020.616086984133,54241.87729271053,26927.324462999997,17285.7107765,26908.0459755,193146.5199145,0.010866120846303347,0.01671320402802769,18.875
20201011,79.70385313108365,79.77051188264498,102.56745688596146,102.34271547326138,138849.36992,9860.28706499621,54211.347291236845,27655.902451500002,17072.032916000004,28348.6449935,190514.1599195,0.011066829787447184,0.019540552883708484,18.625
20201012,97.86365310742143,97.54742082733488,93.86720045553305,94.49053603581693,159025.1415051579,5603.811157137814,54288.90045121053,38767.789824921056,30305.997475,28301.2799955,210587.82492,0.015562781283619377,0.01976728957526034,19.083333333333332
20201013,100.88291771801974,100.53976009466373,102.29011467978546,102.37396067792542,166982.57939328946,10446.463549974545,54336.009917999996,37313.356449,33333.91665871053,29636.6849975,213020.83991850002,0.016845689817275918,0.021789926144447587,19.166666666666668
20201014,101.66900562256326,101.49463820627294,85.62468338676248,85.8606259691352,162852.1199185,8822.677425067484,54148.189930500004,35905.731946,32686.4759815,29190.674998000002,219775.32491700002,0.01655701309564032,0.018818192612240978,18.708333333333332
20201015,99.5636667715548,99.38952333308968,87.46260297205056,87.84852647094657,174978.544912,16132.122270291182,54046.514927000004,38250.36526613158,34862.858491499996,29542.739996999997,225602.259915,0.017421505537789903,0.019731760888543004,18.708333333333332
20201016,105.82087511230327,105.21284717300911,93.79771829327298,93.98795841011817,178369.72770066664,14980.590359277801,53222.27658711111,38771.30018116667,38654.87055205555,30618.850551055555,226910.60270311113,0.018875240678827784,0.021283696790103203,19.125
20201017,85.0461926058404,85.21627021491229,87.18442318489507,87.21767891666666,159691.9486034737,21327.4624395,54134.139914499996,30434.28570668421,25267.488479,26725.799210026315,211435.13623013158,0.013581192218532991,0.01843385039324373,19.958333333333332
20201018,95.42949656226212,95.52512689473684,92.82590837545857,92.86960229276315,152514.22254986846,15034.569006000002,54364.34387221053,25725.865636157894,27383.08109526316,28063.367626578947,209481.719916,0.01455435547651875,0.01944533093925609,19.958333333333332
20201019,101.81043910535259,101.45584585416667,93.09544489971837,93.49675447916667,187654.26359594738,24108.757790894735,54434.77939686843,37823.890454,40245.38604813158,28943.5449955,231715.47363655263,0.019105162976694984,0.021571655108343833,20.0
20201020,114.94079459593618,114.33985966678851,102.003586280292,102.3164554438353,174770.40544557897,4732.219034309941,54221.18334939474,41216.10073426316,42689.08865515789,29634.89315089474,237246.08496900002,0.020088249273768777,0.024199951497796877,19.708333333333332
20201021,98.15533574605014,97.62268057855141,91.08562204117474,91.49296666828631,186832.8699175,23238.095033099587,54180.52808231579,41134.359964999996,38587.638489000004,27678.609993,234028.55496600003,0.018338643075150325,0.021316636504475368,18.916666666666668
20201022,97.91757501535231,97.23495176473455,88.87017009791116,89.12248050555412,170507.3963397143,9996.848605847536,55510.94127831579,42378.80567135714,34610.22976171428,26364.973568928574,225966.41850957143,0.016695670771766383,0.020081674049361394,18.208333333333332
20201023,92.41261556188672,91.8557316727135,85.73893119625883,85.88730484757696,182189.589926,15239.457863763588,61856.94729326316,41485.354974,34336.544982,27373.090258157892,226881.4849335,0.016836616533209225,0.01945257602641839,18.583333333333332
20201024,79.95168088133241,79.96396117811891,85.789716658208,85.60263419716775,172850.6299135,15896.726772487918,65176.289925000005,38116.125780947375,26991.030496,24726.369871736842,221600.52098089474,0.013819698402981442,0.019011045906262233,18.875
20201025,73.33198494889275,74.09472981006866,73.70620379040703,73.78241771052632,166740.1012368158,20263.26489366873,63731.24518452632,34476.99604434211,23008.319834710524,23415.98879473684,205111.95211721052,0.012227382594275029,0.015118023342599329,19.82608695652174
20201026,68.20265282359917,68.02057462609649,65.81321149065343,66.29739514144738,193526.59385621053,30025.812530789473,66598.76992650001,44969.11180410527,24784.304449,25591.370785473686,222670.78702455264,0.013199027092908808,0.014654679599237129,19.958333333333332
20201027,61.03398895908814,61.02819360416667,59.37408469375329,60.15900274232456,188455.948598,29376.526968500002,66570.40781513158,46198.68260584211,20004.80778986842,24732.41950331579,220619.35123626317,0.011502218286004813,0.013099072045382795,20.0
20201028,63.142127063929394,63.05391845833333,58.01566375596289,58.11878996820175,191447.79860213157,30330.102966,66614.39412497368,46915.26048063158,22264.484947499997,23598.349574289474,222887.05150828947,0.012088421225445357,0.012930940235862904,20.0
20201029,62.45412592698764,62.27893285416667,60.728973779679485,60.8345645,193333.3180735,30938.7764585,66637.37702707894,47929.0099495,22082.873670842106,24053.056752315788,221037.95491600002,0.012074463392844726,0.013423408168407742,20.0
20201030,83.58908140972555,82.68515381249999,80.13353437860883,80.07602868750001,185055.53412460527,5493.0529525,66642.23991900001,54023.89046278948,31235.8119625,25866.065995999998,226196.014926,0.015468622107261874,0.018125886138376936,20.0
20201031,64.29827006424955,64.27102777850877,62.197431483208,61.854260205043865,181227.2683459737,15873.008367026316,66651.1375425,51707.134667394734,20684.198414500002,24531.893978,217722.93255476316,0.01165259984311564,0.013541807179897997,19.916666666666668
20201101,48.95952970391171,48.99899641666667,46.23819753826753,46.28540820833334,193604.82498272514,37224.974985,66625.85071142105,48974.064929500004,14044.1384035,25111.9844985,206184.564917,0.00947880117956236,0.009533602641973992,19.958333333333332
20201102,47.59491835295548,47.742605889985384,42.74196141083014,42.908721622807015,196679.2291208684,44472.765256157894,66675.60492050002,45220.350435,13799.732019052632,24937.052645394735,225426.47494894735,0.009360931851729955,0.009635169693247375,19.875
20201103,54.06227752925417,53.89865022916666,47.3081011951353,47.15983941666667,185932.814915,27812.5269735,66696.85150484211,48249.47731486842,14693.6034135,26948.6799975,217276.3496448421,0.010051951441730178,0.01027893153630779,20.0
20201104,48.10194123268331,48.110389979166676,43.17856589495164,43.11851344736842,192149.094918,35329.2199785,66644.10308121052,48239.514684289476,11662.897699763158,28174.969996499996,221017.35202986843,0.009242744471658923,0.009543212298549398,20.0
20201105,45.43562295179758,45.462568245614044,39.97119267670686,40.025929646929825,196893.424916,44778.37446915789,65033.477821,44244.064956999995,9938.746905,29867.75341955263,224081.23992850003,0.008945975416171443,0.008956794416417453,19.916666666666668
20201106,47.97601851410689,47.792074750000005,42.967191038523914,42.78534389583334,199188.25184224852,41755.29443188889,66602.46992550002,48712.934947,13136.1909155,27366.947365921056,220755.55992,0.0095562592581763,0.009485246315898954,20.0
20201107,45.430049166142496,45.440945708333324,51.067023576734314,50.55185376754386,191614.029917,38693.416306263156,66729.62807221053,46641.39233481579,10733.4664145,27206.734997,208496.92649,0.00870503480005201,0.010647317460741471,20.0
20201108,63.17774761920295,62.91750604166666,64.48776926159103,63.52050301644737,190509.24071389472,24415.706562657895,66740.6549235,49856.27968121052,20500.151944999998,27086.621313289474,212007.5849165,0.012035944728948424,0.013671896217802416,20.0
20201109,81.80073361490109,81.54407039583333,81.5564707274035,81.01977247039474,218390.93175418425,31277.77625857895,66747.26492300001,51708.25862563158,35303.13693086842,31496.613945868423,233184.53495499998,0.01786453843233407,0.019017707699140653,20.0
20201110,103.04931336793972,102.53128170942983,100.51677774694373,100.17330774780703,205593.18307173683,7218.5441683947365,66773.18150113158,52445.454941,44161.66970334211,32767.194999,245157.4299765,0.021186236348671606,0.02464243490195977,19.916666666666668
20201111,97.38626648175946,96.5228751633772,97.26283967915695,96.91273343311404,205288.17834471053,12049.557925500001,66742.614917,51558.0149485,41433.6199605,31700.079998499998,242302.929972,0.019992249241832943,0.02356707103165663,19.958333333333332
20201112,93.48285177024171,92.62902991666665,90.82019098610586,90.24644641666667,206692.2438116111,17026.611650394738,66754.13596747369,50657.819943500006,40197.39998565789,30299.654998500002,234630.4041752895,0.0193221803902995,0.021309178118347,20.0
20201113,87.14542541098746,85.96996891922515,80.63994227666825,79.76518756013833,206988.83983704093,23504.8780660188,65360.39491283333,49754.60995033333,36551.05579583333,30167.258330833334,239528.8983065,0.01803813050292568,0.0193155965330301,18.958333333333332
20201114,64.00509401860666,63.96426631730162,64.33995376792909,63.75232210451603,191141.64966063158,33013.3897459733,66623.31650171053,41425.909971,20848.916920000003,27537.843153894733,228473.774935,0.012234039257400298,0.014699992116502136,18.583333333333332
20201115,56.097126006051134,56.188966542161175,49.72285943173053,49.8305484629988,190195.474912,42715.47549543412,65145.0349185,36264.90777586843,15610.6724145,28764.5849955,222950.0899325,0.010669419521919202,0.011085715982005376,19.25
20201116,61.37812381750458,61.158460165634686,54.95412955165784,54.80662319350562,203391.45491849998,41737.17086811881,66658.20115024268,44086.08716184211,21474.5694435,27779.109996,238260.6399715,0.012483785903410092,0.013093406076054718,19.0
20201117,57.42268924367494,57.25574099718352,51.941229660229155,51.800297146263325,203424.46675984212,45905.76038555852,66765.74281673683,43000.55634297369,20042.51098389474,26038.76844336842,233757.57391028944,0.011681179939310697,0.012141655831292335,19.208333333333332
20201118,58.53812907432713,58.339810274000975,51.959824484365555,51.84088237917097,192197.95465105263,35576.752194523215,66756.46492299999,44233.609963447365,19729.706917631578,24341.848588263158,230392.6315358947,0.01125090867718499,0.011971160697096193,19.583333333333332
20201119,59.880055677774145,59.609652410417375,53.55308818823093,53.37292139885764,195071.98466171054,31735.743350187993,66797.0849245,50111.77493000001,21429.3679405,23382.405451500003,233683.30496049998,0.011680921302717131,0.012514462638666918,19.125
20201120,86.8439215088901,85.79776499890352,84.43024737940713,83.7227971291423,220364.51994650002,28809.958356761264,66828.09492100001,52828.934407526314,39530.03046550001,30408.038155894737,250091.01997850003,0.0191373190735781,0.02111524668415301,19.625
20201121,57.086362010853236,57.37715946003899,50.95197205877646,51.05920357967836,203123.2399095,37170.661895016856,66754.2549155,50112.0549535,18092.5279095,28859.0199985,243230.9399695,0.011595566806291108,0.012393096057155899,19.333333333333332
20201122,53.13555556648237,53.250189090657614,47.12897558172366,47.16280698179886,187478.59070576314,37532.80488691176,65168.919924,40637.5799805,13282.242418,29182.984999,222987.96861507895,0.009961779073971883,0.010509194527878218,19.125
20201123,79.41846148635939,78.5964328957115,70.49687224093401,69.85135909722939,198074.9549155,20499.373357797216,66746.2099158421,49364.564946,29857.447963500003,29869.21052481579,236477.61496500002,0.015730808178369013,0.01667093221002839,19.166666666666668
20201124,96.03060808293068,95.16476092897172,85.61010063101357,84.83036094542449,196924.13202892104,8218.38361505951,66863.4099235,50946.664929000006,39209.897958,29688.5249955,241236.8199765,0.018910744144940615,0.02065230843409387,19.291666666666668
20201125,82.78069767599263,82.5537550320419,71.88929334861264,71.45815497771542,204879.59781102632,23315.7571711247,66860.50992400001,49601.204949499996,33475.916972,29603.1599955,244759.7049705,0.01696007604637353,0.01759560223054416,19.166666666666668
20201126,83.20033820450848,82.57504697721735,76.61623056274563,75.96378262348425,213037.039919,29876.7011880642,66861.42439223685,49123.378629710525,35823.238981999995,29583.624998500003,238046.9049725,0.017724753771348176,0.01823825655612106,19.166666666666668
20201127,107.38490161700389,106.52823467685398,104.4865110340759,103.62831526848986,211048.9099195,7801.981398934082,66856.7299085,51737.34493600001,47249.114948,35307.889998,249354.38497800002,0.022663466428081425,0.02605416969739901,19.083333333333332
20201128,104.35003157517846,104.04193870432721,117.34129552619848,116.5449992668057,197617.33756034213,6712.365828231166,66859.95991800001,47611.4049725,43706.51364521053,30755.0149945,237512.79496049997,0.020621375414224402,0.02787005906471341,19.125
20201129,95.53516635613542,95.09515254551513,115.66790496432186,114.97491314580287,201160.56491900003,17325.406088292137,66870.28992400001,44938.27971128947,39843.0499865,30372.639998000002,230327.46494750003,0.019217908033830847,0.02664149532622061,19.083333333333332
20201130,101.70998102429712,101.00787308869396,100.78742090856157,100.55916421128778,218307.69492600003,23134.473117110898,66881.1286075,47347.759959,48421.04836997369,30676.024997,249110.0899775,0.02220407150838151,0.02510716349113194,19.458333333333332
20201201,106.30000871882254,105.52972198651959,116.52255009320832,116.04700536558308,218310.84991500003,16256.224242964397,66898.71492150001,49854.01994300001,49677.279943999994,33782.584997,247293.89497899998,0.023206445249378062,0.028815315265435123,19.291666666666668
20201202,98.93829690165514,97.96187169364178,110.18044949455401,109.88695234852655,226568.90837289474,29430.682473853845,66910.62990578948,47696.34496,47926.8799605,32664.8149955,249347.30866492103,0.022416341925281358,0.027473198548958303,18.958333333333332
20201203,88.67257531945575,88.05126141081871,92.49506778025446,92.11641383176027,223751.40994650003,37475.11718783506,66909.63229628948,46200.549951500005,42236.680753842105,29027.84289223684,256136.92498349998,0.019840613751315444,0.023691402237374783,19.208333333333332
20201204,90.57518182832497,89.78038905299708,93.39974488891194,93.04316928111741,212571.4849195,25275.049770221704,66897.5299205,48229.8549555,39867.7909655,30503.949999000004,257789.47655694737,0.019253700898100752,0.02407747134546503,19.208333333333332
20201205,72.76536847762907,72.74075330692438,91.05786334873571,90.85414930989852,199984.164912,28224.580869190722,66938.9649155,46990.8599675,26593.968982500002,29529.319997,240414.624962,0.014551921449512619,0.02189164206682734,19.166666666666668
20201206,74.07163334579042,74.02715994736842,95.64101099642455,95.61934732830237,198208.404913,27774.237725294635,66944.1899215,45497.4749775,27131.440483,29226.150781473683,231109.464938,0.014681620294769701,0.022103542877513052,19.125
20201207,93.29609844406019,92.74623223937908,91.59503701010868,91.71353707906921,204285.70096452633,22205.378185293943,66948.024912,43782.814734815795,39568.54310507895,29871.479466684214,243724.62497900001,0.01905905886790029,0.022323966045226365,19.583333333333332
20201208,102.54824298938547,101.780136875,98.43715311443675,98.4393444375,219415.99992550001,21819.53104889474,66944.1549165,48984.294953000004,49334.704952,29976.569998,254480.2799825,0.02250072527611916,0.025050314285242088,20.0
20201209,103.944309833526,103.05077525219299,104.57809477550094,104.36413392653508,226597.1749585,24395.15231655263,66933.329927,48363.5349555,50229.18126628947,34124.56262907895,262592.8499865,0.023553486961288023,0.0274614599532571,19.958333333333332
20201210,117.57480212441105,117.84811130921054,115.3790623328377,115.24168477083333,206763.3943938421,15326.526672763157,54711.664961,47064.4049585,51884.27651928947,35471.184996,263592.66683160525,0.024310165182427547,0.030413074736842703,19.916666666666668
20201211,136.08176350585913,136.05696192434212,127.33947138254398,127.38690798903508,187166.11228744738,6183.241508078948,45420.465263157894,42457.258650210526,55411.763097657895,35233.52657442105,265299.1768241053,0.02546989462861149,0.033783056935005634,19.916666666666668
20201212,130.02831481208526,129.63928889583335,125.64246108469874,125.4450188114035,168340.5449265,4315.8729055,45460.399999500005,38254.69789123684,47343.744959999996,30860.119997499998,250319.4812946579,0.021889037371340923,0.03145075568730603,20.0
20201213,135.66425727442058,135.4971427083333,129.13738998544358,129.013830625,166083.1699225,1993.6341565000002,45389.740000000005,36362.7949965,49111.487316263156,31027.91447118421,245192.689972,0.02253154989331735,0.03166354402649412,20.0
20201214,134.3540877648936,134.13266666459552,142.46541409804271,141.67578368375905,177596.9196566579,5389.989462754902,45468.3249995,39731.95315486842,52141.780988,32568.569997,262137.4249835,0.02386087213032537,0.037345516800868936,19.875
20201215,115.20788926758988,114.68420374579678,112.28363607148624,112.19346745419102,198873.57465673686,25811.451609768144,45445.51578897369,42481.39576028947,48191.91327444445,35020.69815339474,253398.42892318423,0.02291180476730311,0.028452496974297192,19.5
20201216,121.31188722869075,120.46594400220015,114.56192862167973,114.30267938961988,188153.9514978421,15840.113509474371,45437.62,42606.72551705556,48561.59126650001,33978.079995,249312.7049795,0.02282531094573877,0.028561744312339377,19.166666666666668
20201217,125.77436254992617,124.82218722341008,118.68644749972978,118.3290071378999,186614.4949175,12493.433219853629,45453.058945868426,41947.03996750001,49934.9449435,34444.2249965,252033.1699775,0.023471319140825,0.029912921596725026,19.125
20201218,110.1882720644055,109.55550186172029,105.99621240444633,106.05530260021071,191675.2759673421,25362.72008031545,45429.264999,40875.2794571579,42879.3249585,34985.894996999996,254714.149979,0.021120367456309498,0.026998735143592082,19.166666666666668
20201219,98.75208813707118,98.81790466890266,109.2089155921073,109.22592901248424,170338.1199125,17468.690943472953,45855.709996,39936.064978,30378.638143368422,34958.06552181579,239229.944962,0.0168212450307022,0.026126042866459535,19.0
20201220,70.65115035631985,70.73255022764938,88.0880846944449,88.08805087593883,189483.76491700002,39041.036220955706,60897.764925,34865.109993000005,22825.165599657896,30245.159995500002,223500.65177089476,0.013387245965232532,0.019687744342458215,18.833333333333332
20201221,78.56446183850244,78.16551849366472,75.31366001362034,75.54337614826999,198702.5999195,33388.219591751156,64157.0449255,40351.329987499994,29834.662962000002,29354.712996000002,232948.2539083158,0.015610962828586776,0.0175441855956174,18.916666666666668
20201222,80.3614811907809,80.15730628326024,76.22743327952888,76.22274703099559,196476.93991299998,25428.090311567983,66277.75202563158,43376.839970500005,30086.976976500002,29613.354728789476,226936.9749435,0.01578917791124074,0.017298823116163764,19.25
20201223,80.10021941073909,79.95018167286757,77.0661716314285,77.15380070983116,198030.41214144445,23539.885736347867,66984.01269472222,45991.69940966667,30655.930435160815,29134.094997,229949.59400761698,0.015862279462528793,0.017721334878368314,19.416666666666668
20201224,78.30524410742584,78.1407374994195,73.22757145832057,73.40860151793802,178431.3399135,14602.883387644737,67015.514921,41142.4049825,25467.8869525,28387.6399965,217169.2599115,0.013972109628341693,0.01590277749871996,19.666666666666668
20201225,74.55572062530673,74.52421948531561,74.23376766105311,74.25762095325938,186987.93201707897,20598.832046108575,67027.90123399999,42798.339979000004,24442.783169026316,29870.470525315788,217073.2799185,0.013941020019769188,0.016114167426892673,19.0
20201226,87.6705726746889,87.40277329931344,83.08247013803329,83.03815429415347,180232.26991550002,8187.237833859821,67044.2691378421,42491.0699855,29713.983478000002,29773.8849985,227510.8299375,0.01580106631795099,0.018902161734361513,19.166666666666668
20201227,64.54979633488398,64.82996785766936,60.780264342187365,60.89697553538693,198144.6580741579,41380.90330159753,67049.71912813158,36779.039992,21338.6824135,29246.859998,224332.24493400002,0.012790197323532117,0.013634973147564844,19.166666666666668
20201228,71.33672638026225,71.04102807327858,67.07218703078355,66.86610944715342,205482.58991600003,39060.85214760647,67045.92492399999,42014.014974000005,27916.128461499997,27482.2949975,241934.96996900003,0.014658455292745329,0.016227107555047773,19.166666666666668
20201229,91.68205931164452,91.23355037975146,84.37643687728864,84.14920469682018,198295.5826951111,22393.06250559017,65680.28988462866,42597.17055521345,38347.586465748536,27375.878328277777,244882.7349765,0.018180147373890287,0.020662332630082453,19.166666666666668
20201230,92.81374944504921,92.35105725046047,87.09330826091077,87.30150420679429,196964.54097439474,18950.751098368593,66948.38649755264,43012.4199665,38452.93367663158,27752.765262157896,244487.33997942106,0.018281017555556604,0.021293211266717814,18.791666666666668
20201231,95.00859753337448,94.79052461647173,93.33153273454809,93.43860831184067,198166.16597492108,20888.88248949407,67086.7907013158,40206.676028500005,39686.06867221053,28546.8849995,238900.20996249997,0.018827489507843166,0.022296922766405478,19.166666666666668
20210101,99.16324948239523,99.01913777425898,118.80340463401485,118.90144802893519,174117.7149185,3106.050534329205,65847.04992239474,39284.979992,34565.350787973686,29481.69262907895,233712.484942,0.017266078403767784,0.02776583891658553,18.833333333333332
20210102,101.867763204297,101.66304117367919,120.42993023883378,120.4781503435117,182302.4799235,6835.764645345416,67097.069933,37973.5199935,37811.44473481579,30294.472628578947,239490.644959,0.01857074585640321,0.02884184166526568,18.916666666666668
20210103,94.16955738799997,94.09616026892702,117.04806449923464,117.19532610250401,189142.704909,13533.679042909054,67090.749923,39351.699992999995,34719.72026215789,31557.2949985,240834.81917952633,0.017811484804449617,0.02818924944898671,18.708333333333332
20210104,111.74815211802147,111.33503975411365,124.58465977207281,124.477360876935,198145.6199235,5107.82531084503,67090.85729423683,43214.539967,46555.3099565,32705.564997,264559.344987,0.02214240687673094,0.03296003598472783,19.166666666666668
20210105,118.35090318396314,118.1358532807734,127.23109944766979,127.11084403208491,199483.0399145,2706.8900564551086,67092.39781707895,42260.899965,50571.779941500004,33198.220522789474,275867.70526315784,0.023608997943763643,0.035098951442737295,19.333333333333332
20210106,121.1466309221261,121.17697762499999,131.01491432364747,131.11308002083334,199395.56991750002,3743.1617605,67086.7549295,40213.9499895,52933.349937000006,32149.264999,269052.0,0.024156101516302365,0.035249824728606,20.0
20210107,119.42272477913242,119.4408734375,136.6077204010217,136.66920510416665,208312.0199255,9731.530425,67121.4799225,41070.494978,55005.129927500006,32296.484995,271489.05,0.024877189023748136,0.037087500234339,20.0
20210108,123.49244402172484,123.41218604166666,143.50651552108988,143.37353831250002,205015.5699085,5116.274960000001,67132.4949135,40745.0649905,56011.069935,32926.5299955,271324.6,0.025317873790507452,0.0389368479211535,20.0
20210109,124.51467881942304,124.64897716666667,140.05386292901255,140.29670479166666,210470.25991700002,7236.9658675,67081.81492050001,39896.0099915,57164.6849175,35121.544995,269325.75,0.026206636814605742,0.0377201116737535,20.0
20210110,107.15847794677312,107.36762314583335,131.96715558057684,132.03422604166667,230670.5999435,32491.863479999996,67103.3049225,38909.8499935,52375.004927,36006.384995500004,263950.85,0.02471831039701447,0.0348328428875755,20.0
20210111,102.96836643445066,102.92188318092106,110.68127535511401,111.25086490570175,233558.57836405264,35907.37445860526,67122.05018647369,41197.36709026316,51042.835731815794,35328.000258157896,274726.85526315786,0.02404914528089913,0.03040711871482613,19.958333333333332
20210112,98.71292855191724,98.51692614583332,107.5587974137593,108.0819496875,249222.8449725,48725.119992,66991.5699205,42100.709976499995,52273.999944,35641.914996499996,279182.25,0.024601516889275938,0.0300285070692675,20.0
20210113,106.8210193842669,106.90376668750001,111.00629752475496,111.45810854166666,243463.6099695,38333.931967,67120.264918,41609.614978,55879.3449315,35710.6299965,295637.8,0.026007030999915554,0.032817657586364,20.0
20210114,125.48442250869577,125.46683129166667,150.62854785868316,150.0884756875,220989.6649165,7491.681942499999,67128.25993,44279.964976,60117.319915,35596.664993,313944.9,0.02773076048243719,0.0472890643946395,20.0
20210115,124.24211553893065,124.27760107057415,150.49810950212856,149.94001818421054,205792.23255642102,7768.024026921054,61532.57150276316,42973.63444068422,56773.27914734211,31403.254997,293498.56842105265,0.025568062334289345,0.044170979688949556,19.136363636363637
20210116,126.41824951412168,126.37622706249999,139.11851973525256,139.19370502083333,212290.53492,4680.896804,67149.374928,42911.269971,59813.8599155,33222.159992,291704.39999999997,0.02683739781300292,0.040581484328260004,20.0
20210117,118.84070671965829,118.86043585416667,128.36571152553478,128.42197641666667,208783.649921,8763.6074525,67143.43491350001,42155.7899815,54429.159929,32687.164996,277513.5,0.024811996508121367,0.0356232178854415,20.0
20210118,119.92062495180242,119.95039404166668,120.16422459750295,120.64493539583333,220452.5299275,11652.080818000002,67159.14991000001,44951.464959499994,57714.534928,35800.524993499996,283426.89999999997,0.02643680516111173,0.03405777366857401,20.0
20210119,121.8373058148302,121.69366495833333,121.10394310521073,121.42456045833335,206790.30991850002,3688.3050595,67158.7549225,43939.4999665,54904.6199415,34563.8099995,272150.45,0.025194774229083804,0.0329584926128575,20.0
20210120,112.43712552420834,112.1195670625,116.15871658291469,116.43668587500001,225610.31993549998,21658.539439,67165.4749275,43198.644975,54137.409948500004,36022.0249985,276073.15,0.025366975862144616,0.0320683027870025,20.0
20210121,92.73893522112257,92.52936220833332,100.88967886754608,101.3287860625,239584.4599675,47398.034983499994,67192.91991699999,40620.329992,45045.214961,35728.8749975,286817.85,0.022218807712913617,0.02893696077998,20.0
20210122,89.06635265890174,88.81796620833335,98.45275248505874,98.90808997916668,232678.389951,46946.3549845,66611.134922,39779.1799895,41340.444999,35125.089997,279962.8,0.02072381553548122,0.027563108253424,20.0
20210123,88.35975108103094,88.35576216666668,117.74628344967145,117.84662329166667,224906.9399295,41934.558971000006,67181.9999265,39393.289987000004,39117.329998,35123.634995,253583.474984,0.019872721228566998,0.029858511723618735,20.0
20210124,109.48735106458794,109.46364429166665,136.71805276034056,136.81268414583334,196516.27991450002,4908.480842,67176.8149295,43338.1749845,44026.3149995,35046.619997,240381.55496049998,0.021516046928905696,0.032864498113702345,20.0
20210125,108.51824832466768,108.42281066666668,120.19853381447871,120.83276875,219580.8549245,15700.474415999997,67176.2799245,48531.719943000004,50333.3799455,35706.294998,258209.7549835,0.02382852974203972,0.031036433965612484,20.0
20210126,114.06479436352232,113.89208164583333,122.61958307729726,123.14251854166667,207320.6149265,6369.736691,67162.589927,46786.1199565,50552.2649485,34560.739998499994,257954.28497900002,0.02364798330891022,0.0316302468771273,20.0
20210127,114.6705098601833,114.53791491666668,121.69112824102632,122.29539354166668,215161.62990949998,8439.339933,67178.46991500001,48061.244954,52121.164940999995,37208.029997000005,264627.689986,0.024672693804070427,0.03220284215821288,20.0
20210128,118.87177945010686,118.76329004166666,123.2995800330933,123.78381,214794.0199065,5852.1059430000005,67167.17491850001,47408.104949500004,54236.93494,37230.9199975,270761.00499549997,0.025532947361527333,0.03338471820528342,20.0
20210129,116.22935671942999,116.18864418750002,120.29864642298625,120.82933122916666,223840.7249145,13328.187935499998,67189.9449145,47312.504955000004,55870.92995,36916.899997500004,279496.55,0.02601686346442322,0.0336230566448945,20.0
20210130,112.34962629687398,112.37231097916667,134.82324201506404,134.946496625,222837.884914,17831.2589395,67200.004922,45155.289966,53630.7599395,35531.644996,270040.55,0.02503575309487371,0.036407742426531005,20.0
20210131,118.78849583854392,118.79762333333333,136.28266633010915,136.37291329166666,204973.1499195,3465.107081,67189.614919,43395.039974,51418.6149315,35830.939998500005,267211.9,0.024348452166225765,0.0364163502071345,20.0
20210201,125.6838644854016,125.62463683475232,132.14281348501353,132.60606369227295,221271.16501523374,3866.147492182663,67173.2369575774,48100.73371430186,60670.4883651579,37226.249765801855,290585.9060371517,0.027810215118301573,0.038398839182841,19.833333333333332
20210202,127.0887920610188,126.95124760416667,137.68476028216452,137.56508014583335,218964.134926,5450.5477575,67135.3899105,45304.379966,60727.4499175,35466.1849985,297076.7,0.027827887412431276,0.040902934224916504,20.0
20210203,115.02543388552164,115.04014433333334,116.77815378392121,117.13218520833334,237431.274957,22424.6364485,67170.6549275,47010.424965,59153.0999165,37140.1849925,300601.0,0.02731063541992151,0.0351036298056005,20.0
20210204,112.88012319753234,112.93006079166666,119.12407859929917,119.36081029166667,246910.444977,28338.851444499996,67209.839924,48892.034944,60840.024919999996,37087.974996,302297.94999999995,0.02787128144776129,0.036010964756207006,20.0
20210205,111.36508598064876,111.39576916666668,119.7126159869274,119.9841229375,251276.0599765,33626.447988,67202.12991999999,48119.0799595,61924.829913,35429.889997,310887.1,0.027983380024161578,0.0372171080175895,20.0
20210206,110.87029735656438,110.923352125,124.37878618566027,124.49331041666666,232764.904931,26802.839971,67189.569917,43889.8899715,55982.75492,34176.5599995,294079.60000000003,0.025806714223872408,0.0365772636899645,20.0
20210207,108.84240092111865,108.91464400000001,128.44567015979752,128.54068527083334,230645.00993149998,28504.773469,67185.669919,41771.404983,53688.044923500005,35698.1899965,277122.6,0.025103956641419716,0.0355951980734255,20.0
20210208,123.36190750971056,123.37324833333332,123.66492342809262,124.0443936875,229487.52993000002,11615.782433,67105.519921,46767.9899555,61869.3649245,37677.064996999994,294945.64999999997,0.028310019441856595,0.036474431222699,20.0
20210209,127.3428169170753,127.44235220833333,133.58262746368888,133.49328835416665,229560.229928,5675.5649555,67148.149924,48714.9499385,63370.7849225,39441.769994999995,307991.0,0.02923284633116301,0.041142247015169005,20.0
20210210,126.22147043018062,126.30550451535089,127.96906763207043,128.13418712719297,233056.68284223686,8667.037877236842,67164.905974,48464.14626455263,63651.67412731579,40016.61105013158,314610.73421052634,0.029416757201927383,0.040260442323962184,19.958333333333332
20210211,129.4778445114609,129.53708054166668,142.0535059178717,141.97362202083335,225972.97992749998,2822.992715,66482.45991,48506.1599555,63584.8549275,39026.5649975,320724.85,0.029258494358844315,0.0455600893774835,20.0
20210212,116.42174496145677,116.79318566666666,129.39635213740272,129.28880995833333,245793.54998049999,24686.590466,67178.229919,48488.199953,62283.454923000005,38552.0299975,309834.45,0.028615713989000844,0.0400914475964985,20.0
20210213,112.04520374130102,112.0436651875,130.3202387827985,130.35749752083333,228195.229926,21616.316946499996,67163.0399255,44044.064969,54309.589924,37268.984998500004,278360.65,0.0255681810298517,0.036276026375735,20.0
20210214,118.3080609204125,118.45845675,135.886629351043,136.03014214583334,222220.619913,14000.7159455,67147.46490749999,42955.3199835,56013.1099205,37593.2799975,275326.4,0.026290490638439037,0.03741317646735701,20.0
20210215,114.41900585308537,114.47655154545454,122.26824721559343,122.6538253844697,248799.15725272728,29070.92171827273,67183.53310259091,47511.97131413636,61605.67946722728,39476.36136063636,294893.30909090914,0.028467352229942507,0.03605608801815169,19.625
20210216,120.53653345543101,120.5202690625,129.76657092461258,129.94712222916667,238413.0749505,18954.4009435,67174.2399195,46623.269950500006,62334.014916500004,38803.474994000004,292792.9,0.028737485584983125,0.037994730624073,20.0
20210217,129.41340872073033,129.47820566666667,137.9100703602125,137.6370801875,232812.2349305,7883.123964,67120.759923,46403.5499575,65620.4299165,39655.584996000005,317747.15,0.03012902491424749,0.043820531813257,20.0
20210218,117.96825007865472,118.00828966666667,123.5960447264208,123.72370612499999,247319.50497200002,23979.778451500002,67083.5699145,45629.0949575,63703.039917500006,38529.4499965,318833.65,0.029175849211865987,0.039406578065688,20.0
20210219,118.93646829595002,118.8660915109649,120.25202310852454,120.48491940350875,233858.75653994738,18329.82282307895,66202.17385973685,46355.20521592106,59645.05888063159,39595.07446918421,298990.54999999993,0.027814334582943745,0.03595421852783045,19.958333333333332
20210220,110.50906889723443,110.4792754375,112.6178027745825,112.9845229375,226922.474938,26465.978951999998,67167.1849245,39477.674979,52778.9399365,37410.7699935,279726.05,0.025076991417254394,0.031502133129813,20.0
20210221,103.54004191675031,103.55104170833333,124.84422236019041,124.95691452083334,216423.22492950002,25806.1189505,67149.804926,37309.739989999995,44830.149971,37521.5599975,265424.35,0.02240846978095871,0.033136696571209004,20.0
20210222,112.56457930298274,112.61683181250002,124.23598873808504,124.56201858333333,228738.4999285,22916.0409285,67177.884917,42120.459973000005,54434.02991800001,37363.0749975,294010.7,0.02574785301484695,0.0365267100140765,20.0
20210223,111.77862092403274,112.07662366666666,122.10832366067008,122.22795674999999,229462.6649355,22593.546445,67170.0349175,43050.429976,53954.609934,37785.0599955,296550.35000000003,0.025649020240043594,0.036211266119485,20.0
20210224,107.05454585975842,107.07177941435187,108.32577921936414,108.7115974375,217129.16658488888,21146.910512444447,67168.39103372223,41839.88285661111,48645.677170388895,35232.20499499999,279924.23277627776,0.023244664321653112,0.030323010637872957,19.916666666666668
20210225,94.34455450244876,94.369785,100.4895098089211,100.96456314583332,204940.86491,24349.509442,67167.4849275,40230.514973,39328.929996499995,31843.6049965,256539.82498550002,0.019335054599280484,0.025779561259259304,20.0
20210226,89.16730833597077,89.3332703125,97.55059101030592,98.02115920833334,208468.284915,30454.5379545,67160.784927,40411.0299835,38086.634997999994,30216.249997,251097.009983,0.018588555839286806,0.024494661724762334,20.0
20210227,91.14269114085121,91.30176597555469,116.76942212811781,116.8322385114164,205559.00201507585,28589.563762552632,67135.11874540402,38454.08310184056,38119.2544716579,30951.63723131579,240211.3121416935,0.01873520063188167,0.028049336107422478,19.833333333333332
20210228,80.74782037254626,80.94402879166667,112.73838510466396,112.82935260416666,207403.63490950002,39386.623991,67124.9899155,35606.8099915,32513.0749965,30577.1949945,229576.3699225,0.01674739145628547,0.0258820692032536,20.0
20210301,80.45781303359554,80.37544739583333,84.21550180861622,84.91296297916668,231087.689946,50554.984993,67141.48490750001,42277.304979,37265.9149985,31724.794996,246130.0449835,0.018592810152040763,0.020727965248462737,20.0
20210302,87.17111266408973,87.08205757620614,88.17863644777344,88.58173806277414,227525.68473657896,43160.192941717105,67131.80340057236,42248.32635453947,40819.75539003289,31784.005982842107,244766.61945168424,0.019833667098146487,0.021583186751180573,19.75
20210303,88.72514870506787,88.7155585142544,90.96786981696336,91.45320344078948,229754.3599395,42099.27050771052,67124.7149165,44947.879952,43706.2699865,29491.624998499996,250221.9749805,0.020384989751269823,0.022762160045369587,19.958333333333332
20210304,104.24993325103914,104.0816165,111.46762594230492,111.63447785416668,226443.67492750002,27276.636464000003,67121.22992099999,45383.0649565,51505.974932000005,31957.7299965,260927.21499,0.02360673799631188,0.029084937198672698,20.0
20210305,110.28941672802532,110.28454356249999,113.41017321694389,113.62056095833333,224096.8799195,21040.0249675,67131.95491549998,44913.904958,54150.599939499996,32957.6049965,269437.4,0.02471551417689198,0.030556942205123,20.0
20210306,84.47404742710239,84.50083277083334,107.80639645888604,107.943265,217377.8799195,44752.784986,67146.7499205,34855.189992499996,36699.62,30959.979998,260705.25,0.018362789337922812,0.028105693540413,20.0
20210307,86.67595429125753,86.82232085416668,112.19557982239843,112.22491539583335,218139.819922,41644.364465499995,67129.1099185,37179.074989500004,38649.5649975,30139.539996,257370.09499800002,0.01890747706066242,0.028875787037246376,20.0
20210308,114.73201953231298,114.50868597916667,126.36373498313411,126.26316443750001,208357.45992,7510.5343975,67123.29993000001,45764.689962000004,52679.669946500006,31036.439997,276460.65,0.023905272161244558,0.034934600309865,20.0
20210309,114.80381575953857,114.69770675000001,121.22953772278663,121.21637329166667,227215.219932,19596.054424500002,67135.1399215,43756.93997199999,56454.589934,35390.86,287863.44999999995,0.026085174246836363,0.0348975529707865,20.0
20210310,114.15971238793699,114.17650633333335,119.45399388184363,119.49714395833333,241713.8049625,29857.900974,67141.68491350001,42653.3899675,59890.069923,36295.439995,300600.85000000003,0.027593978454712897,0.035907972096777,20.0
20210311,93.96544228797384,93.77433508333333,99.81566212060662,100.07650077083333,239815.57996399998,45898.599979,67158.9399115,43162.7449635,48633.869942000005,30694.699997000003,291965.75,0.02253437703886422,0.0291427546527895,20.0
20210312,99.30273066036952,99.2600134484649,100.01818805561192,100.39809879605264,219260.66939657895,27244.287613947366,67177.9638741579,43533.00152939474,46079.53049431579,32269.077631078948,278486.6394736842,0.021773183197500805,0.02785372907785434,19.958333333333332
20210313,103.53076735776428,103.52149841666666,122.5191107431488,122.57526902083333,190171.9199245,7268.691943,67187.319923,40424.714984000006,39563.889998,33418.239998,254063.2199965,0.019688644799682783,0.031127599786512163,20.0
20210314,105.19650212150373,105.17837327083333,124.05481942341953,124.1345819375,179901.814924,2348.7214145000003,67150.4899285,38139.479988499996,38122.7199995,32028.4749975,241625.494968,0.018925041655314938,0.029974807146349605,20.0
20210315,115.82661597655387,115.60295679166666,114.83141075345856,115.1177068125,199921.0849205,2363.965006,67147.259926,45106.034958000004,49968.619949500004,33126.1899995,255911.3899835,0.02315618272870277,0.02938666593968381,20.0
20210316,112.50696388457531,112.4962672861842,114.17041806637108,114.47381103837718,206444.15755397367,7979.090362078947,67148.92333936843,45597.0217955,50092.430993552625,33199.47341805263,256163.7607744737,0.02322640537810649,0.029246323661075532,19.958333333333332
20210317,109.18359958198504,109.117748125,118.33298003902871,118.47299837500002,207652.25992,11781.319984,67130.10492449999,44953.499966999996,49038.6549545,31920.8399965,257865.1249905,0.022672221199399562,0.030513948688262477,20.0
20210318,101.59339869071681,101.69063875,110.0343786488835,110.28526864583334,227922.204929,32952.813474,67147.6699195,42156.149969,50413.9799645,31603.724993,263200.1,0.023155391435819156,0.028961059463824,20.0
20210319,108.54245078048186,108.53532697916667,114.24593550510224,114.38197758333332,222461.1149245,23865.314958,66330.3449235,42965.144973999995,52853.974944,32316.359997500003,270714.5,0.02414647461726366,0.030928031307296,20.0
20210320,83.16973456393426,83.31870760416668,106.47553273005155,106.47888764583335,201428.709913,35085.2214595,67149.1749205,33559.0649935,32214.165,30860.144996,255365.7349955,0.016752772337019925,0.027190202674647033,20.0
20210321,72.31034037103785,72.31713508333333,97.78295535624565,97.42784247916666,210811.4949135,49229.394988,67137.979915,33790.964991500005,28663.7499995,29372.9049935,239382.76994600001,0.0152438509513225,0.023407554706684142,20.0
20210322,105.06378061481372,104.96199339583335,109.9574879086942,110.04840420833334,206563.72491400002,17304.5189025,67135.30991850002,41876.539973499996,47621.1849585,29163.7554955,253308.63998649997,0.02170236587734323,0.027853181718483343,20.0
20210323,87.38894866655876,87.34552270833332,96.84230378961072,97.15969218750001,217421.38490249997,39028.794982499996,67133.22991950001,39580.20197,39563.509990000006,29252.6599955,243963.6949695,0.019000226244256683,0.023626006261872248,20.0
20210324,76.77005619108674,76.71372003947369,80.01144170833152,80.64525130153508,214652.02123260524,45282.2531403421,67136.02149578948,38038.91165268421,32242.030259657895,29578.973156394735,240111.72997450002,0.016478847731557448,0.019211685686341344,19.958333333333332
20210325,87.90839075567285,87.84548714583332,85.23093964819532,85.551837625,199892.26491650002,23600.19144,67132.08491800001,41783.1049775,35760.109997499996,28952.969999,239139.51496400003,0.01757220733331616,0.02038208556739539,20.0
20210326,91.22357367924708,91.33499410416668,99.4507980089719,99.767808875,192492.704915,16515.164463499998,67137.1449135,40936.319971000004,35241.253488500006,29882.454998,239542.409957,0.01755987244953107,0.023822683827215946,20.0
20210327,66.40764059091033,66.51074167592593,100.99310784396052,101.11028176388889,194669.70936833334,38390.107208166664,67088.2143656111,34579.71832283333,20924.056744,31291.98888338889,226089.67103416668,0.012927556093669251,0.02283349852915915,19.916666666666668
20210328,69.42465822809375,69.49647841666666,86.30621479159635,86.53808739583333,187027.0649215,30981.806950500002,66972.114914,33708.919993999996,20284.257909500004,32797.424996,220684.284905,0.012984290061578639,0.019046425294140776,20.0
20210329,72.77879238953388,72.65625560416667,73.35004924150049,74.02982264583333,212469.60491199998,45599.329983999996,66938.099922,37477.219977999994,27364.6889745,32916.789995,244050.47497550002,0.015463281264976732,0.01790111435686451,20.0
20210330,72.68404385389942,72.641385,74.05181778799316,74.41609985416667,213400.8349135,44042.3949865,66824.604921,40061.584978,28300.000488,31519.444996,237810.72495950002,0.015510835643311587,0.017610316472731452,20.0
20210331,81.97925027160001,81.85038908333333,82.71675389507469,83.06548735416668,208674.939928,32462.072467,66712.45491100001,42363.939966499995,32981.8049965,31267.674998000002,235248.5049465,0.01710701512576861,0.0194589926878439,20.0
20210401,86.42526962633876,86.32197854166667,85.16210329842475,85.5012680625,198813.30491950002,23335.117421000003,66621.574915,40710.8049705,32920.014996,32226.0249965,235640.674954,0.01718249348297129,0.020067655501743078,20.0
20210402,87.9308968879681,87.78113764583334,83.78433711545756,83.927533,184015.8499115,13780.975419,66514.63492099999,38724.15998,29648.0329885,32864.804999,226923.3749205,0.01618067872431992,0.01901262454371654,20.0
20210403,72.58073566260386,72.648593,78.17434436796476,78.1670435625,178843.63492150002,20202.9579365,66400.03492,36313.984985,20225.132909,32860.2649955,226086.6299215,0.012980602591176622,0.017674174064475946,20.0
20210404,59.02048834097552,59.10913322916667,60.43257558927533,60.43502672916667,197597.8849215,43069.53997699999,66270.914921,36881.5434925,17037.442408000003,31622.549997000002,216874.4749125,0.011662323663210813,0.013106283098534054,20.0
20210405,63.64780135098908,63.9628145625,57.85841872177903,57.97063120833334,187177.83992073685,37177.3169725,66191.2949335,31790.098969,17453.147421499998,32141.439999000002,228858.0599375,0.011913457972582291,0.013241365459717876,20.0
20210406,81.96785188629022,81.98480402083334,75.7760758019184,75.89692674999999,200395.5849095,26114.677442,66109.6599255,42479.6999705,30474.009987,32436.8699985,245559.499973,0.016425995622528392,0.018607535283835224,20.0
20210407,96.7654827646283,96.64375600000001,88.35728193195288,88.63374337500001,188903.5699075,9494.109923,66026.5099255,43040.954969,36651.5899985,31025.4799975,240370.80996500002,0.01827934513806095,0.021238511424289376,20.0
20210408,93.96416596383952,93.71913379166666,95.28871218190653,95.35568166666667,189228.26491300002,13249.163045000001,65921.694929,40135.404981,34832.53598650001,31795.639998500003,237533.8499555,0.017780676089334525,0.022634294661869808,20.0
20210409,67.19785056404093,67.34130154166667,67.5938486553235,68.3001330625,205053.089919,42728.3899855,65869.4799265,39599.6099865,23601.5384535,30800.174996,248049.504971,0.01377912689407181,0.016766620698037686,20.0
20210410,67.06663424951296,67.1706515625,86.994964058927,87.10998275000001,192875.8749135,35274.2999835,65796.03491049999,36931.914991,21121.513923,30895.474996,230096.699925,0.012935535758378518,0.020017254140053085,20.0
20210411,68.27132540655688,68.38882622916667,91.00274207116301,91.04691208333334,184740.26991149999,29431.336965,65686.43991300001,35612.3799935,20610.116413000003,30121.6699985,214243.539911,0.012612463082823164,0.01949674960293365,20.0
20210412,76.83922466481133,76.79932225,78.3675852124257,78.95051245833334,186262.864913,20882.0094315,65595.969916,42461.419971,26658.321467499998,28218.83,225349.16992400002,0.01431229412376141,0.01766007027656847,20.0
20210413,83.52873001148703,83.28044947916668,84.26671712223371,84.65147870833333,191024.7849195,22218.798936,65488.204928,41628.1849715,32064.589984500002,26871.4599985,224304.584924,0.015956057685043296,0.018901411007010756,20.0
20210414,92.6315967901383,92.34269981250002,98.1648726492582,98.2570663125,188874.5799215,13037.137916,65408.114925500005,43180.7999705,36152.924996500005,27829.1049975,225168.2599335,0.01749575393119514,0.022103613561027094,20.0
20210415,91.89785116342867,91.5768688125,102.14673952131469,102.12965958333332,184320.704914,10508.439429,65298.779922,42032.4149775,33717.8849995,29290.7249985,223034.664915,0.01693867670652503,0.02278226382129621,20.0
20210416,86.8171704303118,86.49638582127193,97.54657037936246,97.54876420504387,180256.77018242108,9990.011766973685,65154.72044513158,42553.10575686842,30006.669671710526,29236.88868068421,220190.14518692106,0.0156493827381448,0.021478793494318034,19.958333333333332
20210417,74.64613075736949,74.63720709539474,105.77299202225208,105.81639796929825,163007.44491673686,6508.182842105263,65036.01017094737,38848.89578244736,19566.270326263155,29792.937101236843,204791.7838766579,0.012167875047679445,0.021661439722208506,19.958333333333332
20210418,75.09525908193147,75.1048575625,112.18786976976438,112.23060260416666,158720.63491799997,4280.7727505,64946.4649205,37429.034994500005,18585.9629185,30261.654998500002,195841.2749155,0.011919167200815867,0.021971015445764734,20.0
20210419,81.1249488127176,80.91053929166667,96.9434865364421,97.37404860416666,177463.5949265,9161.801898500002,64804.634915500006,44226.2999685,26178.960969,29684.4099985,210371.789909,0.014396725054533164,0.02039417478269037,20.0
20210420,77.90387864404353,77.83869876535087,92.9215284726481,93.23328268201755,178991.25859852633,17637.739891736845,64717.47728586843,40485.10718486842,26677.256310105266,26101.415262657894,209608.96964665788,0.013944113288204208,0.019477185841144353,19.958333333333332
20210421,77.10976801820406,77.18518108333333,78.63522667909018,78.77014762499999,172741.824911,11571.113952,64652.409920499995,42582.904984,25260.86546,25322.1549955,209881.6149105,0.013320082045928435,0.016504088364260684,20.0
20210422,78.83675901340028,78.74715928947369,76.69421737371194,76.72301407127193,183184.3404390526,14412.185344921054,64561.83228636842,46789.89680260526,27743.56759757895,26579.21883710526,215070.98202705264,0.014441659702222267,0.01649470064636047,19.958333333333332
20210423,71.87205807812411,71.709372875,70.38206111765886,70.52963720833334,201922.099915,30419.840974500003,64493.654921500005,48258.88995700001,26315.781963,29823.424999000003,231292.1349515,0.01451255689234766,0.016278817178190273,20.0
20210424,58.63779798863808,58.6580686875,62.253860824622606,62.29559145833334,197511.244911,35345.63998200001,64399.8499115,47714.929968,17768.6979105,29732.764995999998,218657.404912,0.011581624479575638,0.0136122676536648,20.0
20210425,55.948080276789625,56.03015197916667,71.64299406826198,71.57120595833334,197266.9349155,46685.314971,56264.53495,46350.394969500005,16787.9524075,28564.409994,213428.69991700002,0.011036706310608628,0.0152906710821505,20.0
20210426,92.23008515385773,92.24802520833335,96.20153148787215,96.52060670833333,188089.989908,25219.244436,45504.559999000005,50659.8299405,35265.97548949999,28746.3099955,231618.774934,0.01734755578580308,0.02228208086999557,20.0
20210427,109.79090536399384,109.56636877083334,109.33138456540591,109.57557543749999,180563.2949095,9585.8094265,45542.624998,50117.4799475,40988.554998,31633.4949995,228896.28992850002,0.019824207623619826,0.025025548299767483,20.0
20210428,111.8520780455336,111.68907731249999,111.89517026647603,112.09895654166667,179117.57991650002,5417.024142,45539.209999499995,50866.079945000005,40923.319996,32970.9899965,228251.914917,0.020034673528147463,0.02554028688328691,20.0
20210429,105.51820818237105,105.44071977083333,106.53116978954681,106.6916935,181682.379909,10928.4327795,45543.895,50109.224948,38272.084999,33128.3849965,229242.774932,0.01917079918630649,0.024421500979307755,20.0
20210430,99.43031896385875,99.32209860416668,106.2834997667328,106.47184947916666,183413.9949155,15528.4744135,45538.734998,49788.2099355,35374.7299985,33463.374997,226387.199927,0.01823691201688373,0.0240612239106326,20.0
20210501,86.43469170047598,86.54237685416668,117.70448769808333,117.81760264583333,174278.589919,18793.954415,45539.854999,48733.074951999995,28313.2499985,29180.699998,212509.16991300002,0.015063716189642444,0.02501328297575461,20.0
20210502,93.31468783011837,93.33230118750002,126.42529507966773,126.49333108333333,160083.904926,7346.485439,45517.9099995,45903.769966,27527.739483999998,30002.184998999997,208358.239922,0.014938179614796038,0.026341751964419055,20.0
20210503,92.05555405949315,92.0601654375,122.12121696791527,122.37900274768519,162640.9549182222,10114.557947166668,45547.65722122222,46489.772744,27966.30814266667,29301.904997944443,221111.21491916667,0.014972003217761994,0.027002370651182897,19.916666666666668
20210504,87.2668098073726,87.21233752083333,104.07132736833579,104.64971720833331,171083.704908,22225.3639355,45444.259999999995,41852.4999635,26232.5319745,32082.349996999998,216010.789916,0.014929929137347095,0.022480529632440842,20.0
20210505,90.19100600987774,90.12894354166667,105.93604289447414,106.51772414583333,176519.32991700002,23611.0294375,45401.329999,45132.189967,31408.7984895,28114.509999,223792.85491,0.01592045594540374,0.023707729477222588,20.0
20210506,91.75025371893116,91.67954564583333,107.66736581445365,108.37822398464914,175206.934914,19361.98701713158,45432.6249985,48001.344951499996,31966.254999,27761.0499975,227502.16993049998,0.01607528073167576,0.02449455935348914,20.0
20210507,96.66063572426421,96.64563722916667,110.63899504510204,111.3821615,172502.8199215,14513.4119195,45396.289999,46873.364959,32378.8649965,30311.554998,229244.8899425,0.016674232237840456,0.02536342424246322,20.0
20210508,90.89398483458751,90.81081004166667,122.18859260940049,122.3649353125,155645.1999145,10791.1149255,45362.324999000004,40514.89998749999,25098.455464,30226.239997000004,212237.15491650003,0.014147212440604904,0.02593295925867044,20.0
20210509,75.00718314521585,75.30514527083334,112.79612882116226,112.81469972916666,148752.739916,20315.1259335,45280.7849995,33267.16499,16682.767907,29599.609996,200279.9099135,0.011157524006232072,0.02259079851889392,20.0
20210510,77.60968105397644,77.52699341666667,111.45303022399878,111.91423587500002,152142.714916,16660.0549235,45238.869999500006,39742.0799925,18785.010913,29313.1499975,216724.6899145,0.011807747579316824,0.02415462341532753,20.0
20210511,60.449530826821295,60.51455393749999,85.63794540842869,86.697664625,156794.504916,20592.4824535,52311.5349635,39818.949991,12433.390416500002,28494.584995999998,204187.76491700002,0.009478154258395925,0.01748622066503112,20.0
20210512,54.11239400521149,54.16469036019737,66.2901290617901,67.49295358101135,165561.6431041462,13199.375780097524,63111.56400602632,46377.55259584503,10883.097776976609,28638.042277619883,200494.5764970263,0.008958936863801767,0.013290811352176822,19.75
20210513,51.815308222895375,51.8338093125,64.77057168827646,65.62013110416667,166581.79492299998,11069.382981499999,65162.424927,48329.9449625,9894.402909,28786.399998,190452.6899245,0.008631487048258392,0.012335729605979916,20.0
20210514,51.411229500815466,51.40810756249999,67.35032612736262,68.458358375,174962.119924,16485.039418499997,66705.444921,49084.794953,11176.9314125,28151.784998500003,193776.029919,0.00899501770136196,0.013050878810710225,20.0
20210515,48.796418851332476,48.788016729166664,91.75968401512088,92.10528760416666,163474.8399205,11513.7104075,66649.49491549999,47844.034973500005,10286.262402,24253.904462,186136.69491000002,0.007976986760415245,0.017079844308560563,20.0
20210516,55.95720786727085,56.2393124375,99.78150823309822,99.60895320833333,146746.164918,2678.1141,57064.09995250001,47737.539978,9869.253916,26358.914995,183047.144918,0.008211505654041334,0.01826472019768054,20.0
20210517,59.72556732932216,59.83096658004386,83.3821521328493,84.71672998135965,150679.82123957895,13005.628892026316,45294.31815639474,51187.32179357894,12219.80760513158,26177.87217071053,201922.1122978158,0.008999437808614699,0.01683670028660276,19.958333333333332
20210518,66.75880965275127,66.7704304375,87.38646905521195,88.38492108223686,147896.55017449998,7537.883529105264,45319.363420526315,50005.27284163158,13128.054578210527,29067.11394384211,200747.08018697368,0.009873397641398022,0.017542578510683127,19.958333333333332
20210519,59.318738653313666,59.52736227083333,83.17451525452981,84.26201102083333,163900.21992,26409.163957,45395.974999,47862.744971,12804.605417,29051.814996,202700.5449145,0.009722354310655115,0.016859519565092587,20.0
20210520,59.43444479504502,59.47190636951754,82.78865600397154,83.50318433223684,159711.48360644735,22455.034612289473,45419.60894736842,48131.244963315796,12286.964315447369,28747.77105263158,201105.41386705262,0.009492363355542132,0.016649246929175746,19.916666666666668
20210521,54.19661205748198,54.207116562500005,69.39598790254999,70.05348939583334,169251.49492250002,35043.966468,45470.104999999996,47043.564977500006,12222.701923,27004.209996999998,212535.499908,0.009172857610463613,0.014749110980477983,20.0
20210522,59.84434941825107,59.84569200000001,56.14288949694416,56.165208375,153522.619917,15688.0854065,45427.574999000004,49897.5499465,12286.4954125,26984.289999,200584.2249185,0.009187461309918299,0.011261377974429538,20.0
20210523,60.18942217377415,60.14601672916667,75.41091977530263,75.34553685416667,145333.309929,11183.1929215,45471.029999499995,47497.629976000004,10821.400422,27363.3949985,191610.87491,0.008747527947228544,0.014449552315913558,20.0
20210524,69.78395620755302,69.72431399632353,86.1756329971784,86.7856394129902,151715.78961535293,5429.803893558823,45494.058528911766,52282.29993832353,14450.56871332353,30734.514704882353,207614.46226758824,0.010587328018512115,0.017891307705278227,19.875
20210525,66.5115277333353,66.5454138125,86.14960440624117,86.743839375,148402.70991600002,5475.7121985,45433.634999,52721.789926,14126.3469165,27270.379998999997,203372.2999145,0.00987049095628015,0.01752044318482161,20.0
20210526,56.66223481075025,56.774908333333336,82.36717980060713,83.35749152083334,171231.27992,32502.952456,45470.645000000004,50075.34995450001,14081.146926000001,26298.274997500004,209360.25491750002,0.009702346989772345,0.017244413759890668,20.0
20210527,61.15059310436762,61.30725183333334,83.43257741691251,84.26004008333335,158711.0249165,16441.217428000004,45479.514999,53219.244931500005,14201.990913,26127.929996500003,209957.56991800002,0.009705273305846043,0.01751730120645036,20.0
20210528,56.975112445342965,57.12605383333334,89.96713071921931,90.41224864583334,160131.429917,20398.094454000002,45447.964999,51939.9399365,12628.784910999999,26020.632981,206442.3599205,0.009123506225554632,0.018573026780951747,20.0
20210529,61.148977924896435,61.32080360416668,102.63398143529061,102.75284968750002,139463.80491849998,13317.207416000001,35324.07647099999,50314.824958,11363.767426999999,25114.930952,193554.7749205,0.00852806912828342,0.01986529717590245,20.0
20210530,56.2080375745049,56.321491708333326,98.01283470890385,98.23144502083333,145862.21992150001,14815.072441,44749.6049975,46041.0849885,9755.3914165,26372.554997,185359.5449175,0.00819862913804837,0.018167614437716566,20.0
20210531,56.88086823780628,56.89158704534314,85.29528733169018,86.39151017034312,163009.52404311765,23609.887859088238,45097.17529161765,51179.40024876471,12132.745300088236,27847.909409764703,199964.26844579412,0.009272123258604091,0.017056009733155235,19.875
20210601,52.23842043412304,52.16732891666667,79.92950459849598,80.98783602083334,146558.93991900003,6508.1649314999995,45045.534998,51496.814947,10540.8774205,29220.6399985,197288.8599185,0.007656007521868102,0.015769200836087776,20.0
20210602,47.39518200135573,47.3917958125,76.95382979556621,78.04427925,141173.72992050002,3650.2798525,45016.87999849999,49959.674945,9187.6594265,29671.7149995,194457.33491550002,0.006690954623392337,0.014964236653586802,20.0
20210603,44.57854051906683,44.658147479166665,75.76179930798939,76.81309589583333,135809.1149165,6228.560841,41795.7199985,49433.919943,8350.4349395,26589.409993,191130.51990950003,0.006054172132163798,0.014480392091015213,20.0
20210604,42.74112956094287,42.68477491666667,73.39857432109048,74.56147237500001,140149.454922,6459.2042440000005,45054.925,49677.02494249999,7757.631426,27573.830496000002,194301.82990850002,0.005990146010716725,0.01426147730326292,20.0
20210605,39.310168278313256,39.36390389583334,89.14584358034729,89.41922658333333,130147.289917,4130.5706405,45032.714997,46557.044970999996,6075.900447,24812.770473,179283.52992499998,0.0051161118676036925,0.01598238151522656,20.0
20210606,38.748170645395064,38.812899729166666,89.95538830231867,90.28957010416667,127688.03493200001,6470.311338,45086.96999899999,43006.149994499996,6092.2449395,23470.527924,175725.174925,0.004947677766920302,0.015807426344871246,20.0
20210607,42.43273282516015,42.438594583333334,73.67454104429011,75.1342102620614,138765.30491049998,8095.9569066842105,45117.4049985,46769.23495,7183.638935,28205.039995,191081.0399205,0.00588819110866913,0.014077807918408515,19.958333333333332
20210608,40.17582773736132,40.318609979166666,75.25970446519466,76.46662270833333,133109.01991099998,5770.743377999999,44914.274998,46938.24994950001,6313.0414425,25735.7634905,192093.06491999998,0.005347765054233333,0.01445686729569265,20.0
20210609,42.57483541703412,42.879022604166664,76.19545464859071,77.30646212500001,128319.7699195,3106.7268935,44759.9599985,43336.124965,5921.6919450000005,27559.819997,192758.06491800002,0.005463193085074399,0.014687288393609575,20.0
20210610,40.485941989325106,40.83528325,74.93718284346276,75.9987626875,127841.104921,5930.152921,44781.484998500004,42490.372946,6271.206436500001,24733.374471000003,193472.9349095,0.005175767557682831,0.01449831669857457,20.0
20210611,37.757282071431035,38.14479589583333,66.13763359000562,67.16228885416666,135027.2449205,23371.891438,44662.194998000006,32739.79844,6160.355931,24383.033477,194383.38992000002,0.005098261773791522,0.012856057418512154,20.0
20210612,37.84087405017589,38.12638756250001,57.75743769544857,57.57961208333334,133417.2899195,31102.742447000004,44239.5349985,24477.435431500002,5564.2669525,25406.145,183890.9749175,0.005048626863959601,0.010621071526552802,20.0
20210613,41.230958758765546,41.39196220833333,65.73367405515619,65.58657489583334,122038.274917,23758.4334365,44709.7849985,19591.9434185,5551.0644375,25167.4699965,179552.94491299998,0.005031755080093719,0.011802674756554556,20.0
20210614,37.34211588895868,37.576926812500005,82.39836028365272,82.50523508333333,145512.019913,28344.493457999997,44714.5049985,36800.808458,6776.4899305,25494.1944925,194144.51491199998,0.005433726710827709,0.015997189686813962,20.0
20210615,34.651902293251844,34.9844710625,69.09505921003489,69.61838228837719,161405.3141233158,44470.50575886842,44553.922366421044,35511.161933578944,6832.728354842106,26234.266577447368,196441.96307873685,0.00559300117461276,0.013573169070260812,19.958333333333332
20210616,42.6100809537626,42.75822895626218,84.09823108087076,84.34659213803606,144530.87681217835,17898.347272915205,44738.755875640345,41836.090362336254,7800.076905751463,28562.54254085965,196455.51600393275,0.006158472361285209,0.01652156138201044,19.833333333333332
20210617,37.987255486876315,38.26957504166666,80.61288237781618,80.90874302083334,147395.9449205,22624.6034565,44935.974999,42681.0294515,6704.919931,26745.519989499997,197487.68991850002,0.005599167417424583,0.015920051918466675,20.0
20210618,30.140496374465165,30.323348187500002,62.43915694644788,63.04074735416666,159100.029911,29445.8934685,56482.9699365,39777.011467,4989.8599385,24827.659468500002,200162.2499185,0.004795353874709795,0.012497962137415346,20.0
20210619,32.07357160449929,32.14067560416667,83.11689421622756,83.33329958333333,143529.06991700002,10608.89104,62912.004919,36397.036477999995,3544.0319565,26701.6849955,189009.9149195,0.004603489901310085,0.015709917104182253,20.0
20210620,31.373601026109156,31.405064874999997,82.91447729328421,83.135895625,141529.7549245,8630.8963305,65016.044925,35563.049989499996,3581.9479460000002,25400.1799965,185241.544911,0.004440298064324271,0.015359205869295997,20.0
20210621,28.81238652511542,29.218685583333336,61.12290111439395,62.3820876875,165227.0149065,23221.144437,65763.414924,42918.076950999995,4657.161949,25361.5399995,200465.60491,0.004760584617877085,0.012253039345751095,20.0
20210622,34.377151293031595,34.42064175,64.98933729085785,65.571707875,157160.00992450002,9966.1466145,65532.689923,44164.87495899999,5098.931447999999,28956.324996500003,200199.9899155,0.005402713438388884,0.013010864670244768,20.0
20210623,34.789386744833536,34.74109952083333,66.7274294875752,67.2787600625,159190.2299275,7988.539934,65037.594914,47369.799954999995,4828.506952,31016.1549955,198539.7599255,0.005538130474946772,0.013248047830908908,20.0
20210624,31.842077791471485,31.86695060416667,62.63923613080278,62.859424708333336,152022.114918,4357.59444,65417.879929,47182.909967,3801.409957,27969.959996999998,186795.11491200002,0.004840700009242974,0.011700703311053209,20.0
20210625,30.82687188967112,30.848875500000002,47.71195069934213,48.35946664583334,149574.70991550002,4383.8145455,65490.174914999996,46189.1349715,3628.3284585,26650.914998,182607.339921,0.00461092042049984,0.008712552399648764,20.0
20210626,30.339935385758604,30.386302416666666,69.59127327242263,69.80226833333334,149700.08491950002,9174.7089245,65302.679919500006,41830.014997,3373.7329664999997,26703.484996,178138.719916,0.0045418909037002065,0.012396900338073912,20.0
20210627,32.411122358959176,32.4740795625,71.25701584897179,71.42880152083335,140594.244928,6107.834946,65436.3249185,35225.0134875,3194.7644645,27239.319996500002,175328.6349165,0.004556817275326883,0.01249339531702363,20.0
20210628,32.005826946899255,32.46441289814815,49.53204868229084,50.91191165740741,144814.7782513889,7206.476048333333,60877.07605172222,42643.91506766666,3473.2056320555557,27196.559999,189401.14047255556,0.004634916732067543,0.009381426510368029,19.916666666666668
20210629,36.12854388213082,36.27279158333334,66.60152713449651,67.0929435625,130184.5499215,8017.620290499999,44771.7249975,43112.815458,3527.4244585,27055.699996,191897.774905,0.004703378224614363,0.01278068486238486,20.0
20210630,33.50315757354276,33.676205578125,50.341710956534946,51.49524008333333,146687.0486685,20265.406548625004,53584.136207,38193.809686374996,3832.946458,27189.0799975,192796.377419875,0.004914479305538692,0.009705699505538368,19.833333333333332
20210701,31.365314933545594,31.464638083333337,38.942089925283476,39.940925,149466.549923,7396.535935,64140.2599205,43877.195942000006,3756.876451,26847.9149975,193925.294917,0.00468806541036541,0.0075518562734449325,20.0
20210702,31.036624392746646,31.24168399522704,36.761625363511925,37.17595828470073,144028.81991299998,3591.2065980061916,65244.7199225,42277.208957,3560.386461,25732.257983,196998.68491400004,0.0044701683853703295,0.007241991851912997,19.75
20210703,34.22637136210725,34.3892720252193,50.34509736050384,50.48756818530702,135389.19360660526,3530.8529683947368,65315.884925,32173.143971000005,3476.457456,27238.1949975,187106.4399115,0.004633880818795909,0.00941989193412173,19.833333333333332
20210704,34.61900850690863,34.75207291666667,50.50507008089218,50.67290995833334,135191.96992200002,6732.7587965,65142.4699205,28385.573465499998,3277.251965,28065.6299995,185599.004918,0.004680211956795454,0.009373690750327441,20.0
20210705,34.89319603529449,35.04717942505877,49.19099174363144,49.4063948722337,148429.11859355264,7800.545015682491,65052.99807973684,37433.70984773684,3588.2100894473683,31203.339996473682,201694.845181,0.005179166332430806,0.009921569464031594,19.375
20210706,30.862057083189256,31.10053894736842,45.957221406487264,46.18003446844542,148063.809915,11224.541380324561,64876.2799155,38939.906946,3462.4709620000003,26793.924991499996,200631.8499155,0.004569553753551213,0.009220482347759757,19.791666666666668
20210707,29.181447284352995,29.390873354166672,47.284690088464195,47.37819566666667,154335.2599235,17444.7414155,64785.749918500005,39419.933937,3446.2824570000002,26326.2549945,200319.8799215,0.004503726251574533,0.009472063440646487,20.0
20210708,28.106758487521848,28.414590072368423,44.290507573305675,44.53960972807017,157752.5849145,25171.785352798244,64585.4299225,35906.496949,3329.9744615,25712.3799935,201496.7649115,0.0044339138049741345,0.008924393992309383,19.75
20210709,32.625654865299744,32.773101152899606,47.80734710277954,47.99111524841618,140180.76214077778,4789.920144108188,64485.37381055556,37755.35156072222,3591.6358372222226,26497.619996,196644.7560192778,0.0045734891643596925,0.009401064106955008,19.5
20210710,32.535644661349714,32.722723458333334,47.76397928560587,47.9519438125,134786.6649185,8420.440925,64257.774917,29769.476457999997,3167.2914695,26064.264994,188737.13992000002,0.004385371034876727,0.009014836841563378,20.0
20210711,32.38245169021939,32.534803917763156,45.53016726698368,45.79652545687134,135064.28492200002,14300.435223114036,63931.7949145,24703.8294475,3038.1599735,25821.7249955,184849.8249295,0.004373712681560693,0.008416243448312785,19.625
20210712,29.094189442854425,29.28310802631579,45.317609999917565,45.59933417239279,142637.9499105,10340.940124701754,64466.014924,36722.542463000005,2900.3604339999997,24670.4134635,194646.374915,0.004149935536436468,0.008820908506295707,19.541666666666668
20210713,34.27334431896749,34.42469653472222,49.61029082143353,49.784792620370375,132228.904915,2940.172275111111,64720.2449215,33623.026468,5254.1599395,22383.711905,194081.58992,0.004531926787071807,0.009628444119017402,19.916666666666668
20210714,37.94316148334173,38.032488332236845,57.66461401380906,57.47784277631579,133210.094918,3729.7431451315792,64670.409914,32247.9279685,7016.3379265,22073.284906,194982.8199225,0.005054412142684954,0.011243609050155002,19.916666666666668
20210715,36.63189372248777,36.74200347782651,52.97597246255153,53.06261140570175,140415.2549145,11554.01326965497,64493.314915,31329.351962,7054.384926500001,22911.262912,196682.794903,0.005143676695043993,0.010419462326638998,19.791666666666668
20210716,36.852497273592284,36.864487921052635,52.117660281322394,52.192491825657896,149312.619916,22104.689765421055,64773.114915000006,26994.810454500002,7607.9759214999995,24380.7224545,193803.009917,0.00550254291836731,0.01010055943235196,19.916666666666668
20210717,34.3318671073661,34.34073757436791,51.78096715690579,51.851359958139845,141669.1999145,23277.2805041935,64552.4699275,20154.789924,5195.502939,25006.4684985,180366.3649185,0.004863768144671495,0.009339544818055334,19.625
20210718,30.99789259164555,31.05231710891813,49.874235375588334,49.99265965168129,147753.3549145,32973.378598839176,64840.434922500004,17553.3824115,4381.92294,24631.620000000003,177009.22992399998,0.0045800426256949545,0.00882819999688121,19.791666666666668
20210719,35.13642731209284,35.17689293750001,52.088161728829746,52.12730400109649,154837.2636022895,29655.45196076316,65409.2399226579,24136.835951499997,6778.018401368421,25537.804734842106,187873.15675944736,0.005440428257765204,0.009785967373791877,19.875
20210720,33.18527637361697,33.10375355068226,50.16650734222229,50.21738714047271,156224.25886742107,30298.627256815787,65493.22438802631,25851.567386052633,5884.292907026316,25562.945262157897,189139.56491936842,0.00518434520677885,0.009488471372232224,19.666666666666668
20210721,29.962540136892244,30.034443140472707,47.981914557938495,48.143313308601364,156544.4299155,30654.594082356725,65693.9899215,25827.1674545,3329.1869535,27573.779997999998,190153.3749145,0.0046904687645500836,0.009123922988051184,19.708333333333332
20210722,31.667936854355652,31.695287040570175,48.99192398946093,49.116106800438594,154206.6149075,30408.019882,65663.52991499999,22484.654426,3263.899468,29156.339997000003,190662.88990850002,0.0048834053434146495,0.009340941810008191,19.75
20210723,34.38496592076695,34.44284087280702,50.66880368101196,50.80737489254386,149158.94491199998,17644.19068378947,65713.619913,28357.3534675,3561.9399695,30656.0899985,188319.4049205,0.0051288252375766745,0.009541918957241814,19.916666666666668
20210724,34.11576796805525,34.20308672831384,51.064718841396406,51.20210588096978,136899.81491850002,10970.874852207602,65670.19993150001,25866.7244575,3348.973963,27657.484997499996,180608.59992150002,0.004670442320629256,0.009222727375329648,19.875
20210725,35.69059189552919,35.75975141971248,52.456230436372486,52.590304226364516,131108.624912,7399.209271637427,65719.724919,23607.876937,3384.23445,27733.949999,178489.2499185,0.004679344425718203,0.009362873224140115,19.666666666666668
20210726,36.95310851538152,36.99135727083333,52.63102596210568,52.82798379605263,140842.0199145,6984.771291447369,65852.7699245,29867.417970000002,3678.2274580000003,31157.6949985,193886.49991800002,0.005204550445426044,0.01020444541088606,19.791666666666668
20210727,37.04901548050498,37.09740650109649,52.08890033005351,52.272970691885966,144324.05492000002,8351.506101973684,65769.0899335,31018.682465,3572.478951,32519.4149995,193043.57492749998,0.005347064144940332,0.010055427533755764,19.875
20210728,35.68128599642437,35.728409744030216,51.40930807242276,51.53978889278753,144051.69491950003,11171.38035819006,65873.0349175,30125.1374745,3596.214459,30826.899999,194550.499921,0.005139949724692352,0.01000170658608255,19.708333333333332
20210729,34.57045087548423,34.63221205811404,50.340599779165395,50.4395306129386,144083.42491200002,13412.010439315789,65831.47490999999,28561.718464999998,3206.2494715000003,30440.064998,194098.43991800002,0.004981028962891817,0.00977103188167242,19.958333333333332
20210730,35.0531271785843,35.09380486951755,51.132583545620285,51.216495884868415,140891.004917,9901.862688105264,65955.43491499999,29222.980464500004,3352.5749674999997,29676.339997,193670.939909,0.0049386703136741475,0.00990289551525575,19.875
20210731,35.21654160990619,35.3835625504386,64.8260181448443,64.87576984100878,125120.53992000001,3883.6560737894733,66043.9749215,22731.445936000004,3007.9409914999997,26429.4699975,183711.6799195,0.004406312700346609,0.011909296695881333,19.958333333333332
20210801,35.55137799525428,35.58324379166667,86.54313388168326,86.8593435625,121716.674918,7322.681255263157,65996.52492200001,16683.509420000002,2817.6735,26254.6349965,179649.64491250002,0.004327195518335303,0.015547443271459349,20.0
20210802,33.526072794091114,33.64452196052631,69.55381224818639,70.56442235416667,138149.8499195,12854.720429,65994.4799265,26660.575957,3970.656965,25912.2249975,193126.1699185,0.004631621924893919,0.01343266136272269,19.958333333333332
20210803,29.968541528297166,30.06137424512671,63.03665891492219,64.26293230433724,159636.5399195,40329.30267597953,66075.55990749999,20189.9054225,4346.729947000001,25818.4899975,193189.89491149999,0.0047840742760112045,0.012178045511345888,19.75
20210804,34.500793973053064,34.60403999232456,64.75240149395965,65.74143793421052,147511.324921,22347.29561886842,65919.9199175,23931.8399475,5242.166444500001,26614.994996,194004.77991450002,0.005089257829791509,0.012562275400770985,19.916666666666668
20210805,36.65214661191751,36.72419492592593,70.09190779453016,70.83666562962962,135308.7288065,5860.197442412281,65808.64381116666,29108.354353388888,5147.503501444445,25884.852774222225,195185.2221463889,0.004959355366088024,0.013680904593539578,19.75
20210806,35.98473602734651,36.05725770504386,70.21655270989618,71.06587630811403,133636.6899265,9760.148989026316,65285.18492100001,25398.3369485,5316.300440999999,24419.835971,194779.92992949998,0.004808881010573459,0.01367677521672462,19.791666666666668
20210807,30.543993317783425,30.6761405625,81.65590662513773,81.91610925767544,150024.5199085,36699.65728755263,65575.9949165,15592.108901,4018.8524454999997,25708.654998500002,183510.6999105,0.004582347933588891,0.01498473257660546,19.916666666666668
20210808,31.326630692612795,31.420648393640352,76.20047337784375,76.50777321381578,145220.254917,30553.826773026314,65564.03386573686,17086.075924,3860.7944455,25835.629998,180553.3399285,0.004549261294871947,0.013758249972502436,19.833333333333332
20210809,38.655337960762616,38.6662911875,67.03094493384933,68.60984791666668,144823.7199265,11376.957424,65460.6899205,30426.205963500004,5925.6509405,29122.2499975,197719.78992100002,0.005598209838493688,0.01325334435052681,20.0
20210810,37.55870200991949,37.5872999375,74.79667537826568,75.48762381907893,148253.5499235,14881.665933,65292.2949175,30556.68646,5834.539446000001,28826.489996,196342.02992549998,0.005568210903489459,0.014685731075447347,20.0
20210811,38.03227882867606,38.111685375,81.47765777731989,81.80107077083333,150064.0449145,14071.3234195,65138.779915,31667.310460499997,5645.973943499999,30520.499996,200215.57991200002,0.005707277598347231,0.01631309650175758,20.0
20210812,40.75869945766367,40.816858312499996,82.08593396890697,82.3664995,145847.2249225,4223.638837500001,65076.9949185,35881.907470000006,5906.803940000001,31716.1399975,201246.454918,0.005944543207350451,0.016519503209875563,20.0
20210813,38.6907552808972,38.695841375,80.37461847679775,80.71639108333333,142655.359919,9928.184948499998,64913.274916,28898.5469605,4916.2654525,30886.254996999996,201167.839916,0.00551944362013434,0.016168788383050026,20.0
20210814,38.157054691688096,38.20438895065789,83.8954577219185,84.31331964364036,135017.2099275,18671.534158105263,64735.21491350001,15104.931405,4114.6629615,29858.484997500003,184454.9149195,0.00515185906352275,0.015474929516228988,19.958333333333332
20210815,39.0183108405234,39.06102697916667,87.15778802667592,87.52168937500001,131853.06491800002,9446.401441,64801.98991800001,21214.846942999997,4178.663954,29587.9149985,181325.82491199998,0.005144683872246236,0.015803957811442244,20.0
20210816,39.89560678589786,39.8744,81.68388687212115,82.07444939583334,143812.71992200002,6078.953947,64809.1599365,34122.48096100001,5836.8639395,30207.614996999997,199706.6449285,0.005737495724818573,0.01631281499195046,20.0
20210817,36.98328521337035,37.063139510964916,73.38337190678564,74.079745127193,145837.51150518423,16012.700610210526,64693.17675518422,29790.37563018421,5878.18965681579,27314.22894436842,203095.7275488158,0.005393550282804408,0.014903849307393961,19.916666666666668
20210818,33.104240653558115,33.20049195833334,58.18265424473622,59.23458910416667,163052.90992099998,36396.7299765,64693.054917500005,26315.870944000002,5872.3649465,27384.784999,204852.4599155,0.0053977427692877165,0.011918859846447222,20.0
20210819,38.9504151686058,38.99593408333334,73.05760181659109,73.82802619736842,156482.589921,23718.075395552634,64780.869928,29439.348953500004,7699.6724285,28502.6849965,204588.90991299998,0.006095061844081639,0.014946775116514377,19.958333333333332
20210820,39.08876256136736,39.373693625,81.3547189642147,81.76037689583333,161854.034919,24379.456952,64773.75991850001,31591.078953000004,7493.7409315,31014.974999500002,204862.464916,0.006326673940548052,0.016666528259557476,20.0
20210821,43.141223247524515,43.215325020833326,85.06619472433927,85.34139752083335,140745.274919,13646.492422,64585.789912,22342.950444,6586.0404485,31109.274998999997,194601.98492350001,0.006071923326314791,0.016554050343245388,20.0
20210822,40.636217069306646,40.73729989583333,85.73487951662139,86.01596635416668,154998.52991500002,29214.896963,57082.549920499994,27701.395964,7316.811933999999,31486.3399995,190105.7999175,0.006298553907049361,0.016298697851337796,20.0
20210823,38.94593243036407,39.049235395833335,83.22492752385956,83.53825197916667,169525.3499165,34173.875470499996,53711.244915,40192.297966,9075.5834235,29831.7899965,199398.90991349999,0.006602322823081834,0.01659495982588764,20.0
20210824,48.55223200371925,48.57728516666666,89.15619092711692,89.06315981250002,152669.244924,15803.325250500002,53953.194918,38071.413475,11574.961920000002,30458.999999,197571.4399185,0.007412432599382684,0.017614717019119194,20.0
20210825,45.63253517597992,45.27535035416667,66.33755037414343,66.82189972916666,171613.19491999998,38726.534985,53950.764916500004,34845.141457499994,13824.290922,28490.749998500003,207905.134913,0.007831145153849197,0.013791917360334223,20.0
20210826,42.83146821614913,42.58232132017544,74.07464559212276,74.43230465241227,166458.99991800002,33435.25899471053,54019.174920000005,37080.584955,11450.450421000001,28337.059996,207395.97990449998,0.007129683364279789,0.015362783708656852,19.916666666666668
20210827,50.337708992077154,49.85020641666667,87.00318330686699,87.01880985416666,154201.41491649998,14186.478438999999,54106.1149285,40881.603944500006,12943.284933,29727.2149985,207439.264922,0.0077621459502333215,0.01804787639105051,20.0
20210828,39.16524367143892,39.33116035416666,81.60692562722474,81.81260962500001,136395.29992700001,9088.800933999999,54051.694931000005,38071.161481,6518.712937,26009.3249995,194281.0549215,0.005341955157279952,0.01585467959975762,20.0
20210829,42.527835138018396,42.6522989002193,87.28650944825188,87.36146594078947,132141.07492450002,8670.396833684212,54020.4999285,33125.1999735,7073.875437500001,26573.0349985,182325.4799125,0.0056196738493496734,0.01591455472503949,19.958333333333332
20210830,51.87971147670552,52.009089375,88.96795056950265,89.20359724999999,145691.839925,4415.753461,53973.819930000005,42131.18694,11683.295913,30596.059998,199470.4899085,0.007558450619819367,0.017746480686253906,20.0
20210831,50.667721823240996,50.61575058223684,80.76122035011478,81.22338275877193,156215.8099225,18690.493053710525,53920.3649145,38687.395443999994,13836.228908500001,28155.439496,200099.76991699997,0.00791509920154552,0.016160301610274104,19.958333333333332
20210901,44.185776342427424,43.92031027083334,78.92194712078698,79.26613529166667,168024.23990400002,37251.9099805,53952.5049335,35170.310473499994,13429.985911,25335.1094675,201563.7199185,0.007424281484504513,0.015907801244876976,20.0
20210902,50.918614888341864,50.70162604495615,89.85343745078426,89.8268489736842,163787.30492099997,26830.56450213158,54018.26491900001,36752.3809645,15248.167917499999,28351.873494,207197.84992200002,0.008339822702871818,0.01861743904790341,19.958333333333332
20210903,49.796582866146046,49.761562500000004,79.28493379938978,79.967611625,176176.444915,42345.579976999994,54050.114917,32067.417955999998,16896.9209095,27882.844998,207868.449927,0.008772984938272811,0.016480836291443965,20.0
20210904,54.4562851693845,54.36129833333333,94.96133226010792,94.96554754166668,157752.044914,29745.946458500002,53981.469922000004,26984.8054635,16418.880418,27581.764995999998,197845.514918,0.008590590343890335,0.018787673678300337,20.0
20210905,60.82718794061565,60.686543437500006,97.81420642681508,97.8045135625,145601.93991,12391.0954255,53976.184927,31257.404996,16928.7159085,28485.309997,198881.8299275,0.008856556563423795,0.019453468367071212,20.0
20210906,60.84454134111372,60.74527475,94.41890268913164,94.41605762500001,154282.3449135,11530.117934000002,53900.829931500004,38832.37446200001,18557.3789145,28858.244996499998,206643.0849155,0.009387238513293417,0.01951101332601856,20.0
20210907,54.24583772899364,54.1167189375,90.87408248817243,90.94585179166667,164163.72491400002,29341.906949499997,53871.239915000006,32529.9754445,16604.459420500003,29467.309998,206497.54492400002,0.008905198782671996,0.018765274931028673,20.0
20210908,49.67539890532768,49.722397625000006,88.90804161240732,89.21000985416667,160803.11992,34088.6799765,53915.8249165,27831.176454,13983.3519165,28736.404998500002,204194.509913,0.007987959127247243,0.01815453398437012,20.0
20210909,61.663716175382255,61.56082607346491,96.44779218412557,96.55566533881579,151751.679918,9408.546745578948,53840.259922,39356.383429,18862.047914000002,27874.464999000003,205138.819927,0.009357572519601008,0.019785186273216054,19.958333333333332
20210910,63.70018715342055,63.76241629166666,97.22302385093744,97.32270235416667,147211.35992450002,5954.2119485,53643.689921,38677.6349405,19328.3774135,26905.999998499996,202546.104923,0.009377391178300205,0.019692144789843307,20.0
20210911,69.75034125186671,69.56111164583334,96.62040962633243,96.86670702083332,132490.9999255,4590.671956,45497.2749775,34686.684963499996,18991.550419,26808.3549965,190319.72992050002,0.009241292457604671,0.01838877026489167,20.0
20210912,70.41716461148282,70.43997245833333,97.4133678412442,97.57032097916665,132686.559927,9019.204933,41843.629997,33853.0014675,19177.101422000003,27163.529997,188749.33991699998,0.009343411332110937,0.018386708879126752,20.0
20210913,54.08017401450851,54.16076197916667,81.79320828161882,82.2238889375,164667.849916,48788.2829845,42112.5749995,25934.786947999997,17269.8204155,27944.419997499997,204806.704919,0.008905265978052251,0.016751797472911813,20.0
20210914,59.62032782548324,59.566992500000005,91.33944797261746,91.46779565789473,166599.9949245,37732.49339344737,41999.934999,35013.3609595,20217.428929,29036.719999,212623.659916,0.009932746313122534,0.019420927722644993,19.958333333333332
20210915,83.06863282166373,83.18682454166667,104.07247112235162,104.03125822916668,152756.66991,8441.5287485,41945.344999999994,41247.7324315,29164.114987,29484.029997999998,214278.659926,0.012689287723813877,0.022300509647284836,20.0
20210916,83.72075850834291,84.00704342872807,99.9995613701858,100.1358744111842,150211.339925,3154.6562915789473,47813.209990999996,40211.347439000005,30088.1964925,26542.7809895,215896.8049185,0.012575807315075533,0.021589585793074573,19.958333333333332
20210917,81.32004911036924,81.09985729935823,99.63241655943051,99.46957838580367,155722.254923,6173.243404528252,51854.96493250001,38259.870455,30110.858478000002,26899.0399955,216402.64992300002,0.012663341417915799,0.02156071896169295,19.458333333333332
20210918,78.80009678126785,78.53238258004386,106.04894422045668,105.769292374269,145453.7549285,4708.778893951669,54244.3949345,31024.562459499997,26110.4429675,26984.5599975,203259.58992449997,0.011461769965564618,0.021555464914176196,19.375
20210919,72.36311450759314,71.879569084308,106.98238983801996,106.84576527619394,146927.37992099999,8885.334198494153,54531.229926500004,30172.004456000002,22791.828946999998,28265.509999,197843.944937,0.010632122817523964,0.021165818044341887,19.708333333333332
20210920,78.9770828438209,78.79734950328948,111.36424211620802,111.39904320942982,173749.97414694738,12549.260465105262,54667.16887821053,42356.2556225,32769.127462684206,28924.82105110526,214254.7165072895,0.013722266102315202,0.023860314123657297,19.791666666666668
20210921,78.44836403902208,78.4418917116228,107.14278958034106,107.26309025657895,172529.419916,12395.899107078949,54701.174912,41827.68694100001,31708.284993499998,29286.484999,219363.13491850003,0.013534650741011676,0.023503178206256813,19.833333333333332
20210922,71.97535186990054,71.74777172368421,104.58737312121663,104.48788085526316,179842.014921,28416.04047771053,54692.6699185,35282.365948499995,30241.8124745,28561.2849985,217689.814912,0.012944192304930878,0.022767605896889934,19.916666666666668
20210923,55.60497090798406,55.47700567105263,82.56080192883884,83.22748661903022,183420.404929,53795.29930430117,54704.219925000005,23742.849944499998,21714.481928499998,27218.554999500004,220393.6349285,0.0101990862800077,0.018195875239708708,19.791666666666668
20210924,69.89230197711414,69.66478272855751,98.89406659190774,98.7930247191764,162606.7049185,23942.80250740351,54690.354917000004,29397.736935499997,25857.556440184213,26797.764997500002,220324.7999225,0.011364956923667294,0.021788815435384468,19.791666666666668
20210925,75.7234384921155,75.48031847916667,102.87051243258094,102.8445310625,146762.0749275,13252.8704075,54650.084933499995,24523.984940000002,24716.925968,27567.389996500002,205461.129914,0.011113328953747795,0.021135891719230266,20.0
20210926,74.6950717436954,74.61642054166667,106.08803551763928,106.04475422916666,149673.0149275,13865.681205500001,54449.129919,25699.501948,24399.149458500004,28805.0999985,199011.6849175,0.011179836588104803,0.02111275869795298,20.0
20210927,71.44607958501223,71.13454740570175,98.65526654158766,98.56137556140351,160646.3399155,18574.202693789473,54277.834918500004,31220.223460499998,25383.298967,28703.8249965,217862.4499155,0.011477551186643738,0.021493278065816947,19.875
20210928,68.62618537953632,68.34356664583333,97.33729151202755,97.3065206875,163517.4999145,17206.97692,54334.2599225,36668.89696699999,24670.780966,28388.424998,215893.50492550002,0.011221582261930792,0.02101448902448675,20.0
20210929,69.17404776270219,68.91431839583333,98.120951198027,98.09621302083333,159550.6949185,14142.726941,56152.55492550001,35909.7034495,24781.7959655,26525.530788473683,216434.029927,0.011036767390864644,0.02123671288805948,20.0
20210930,67.50708579515246,67.18125506907894,96.57720752588011,96.53812490350877,162915.20491149998,16067.256244210526,62801.5949235,30263.930954,24420.719466000002,27162.134998999998,218683.187813,0.010997930715295473,0.021119811611837118,19.875
20211001,54.778992668612375,54.706876604166666,88.37733206764753,88.33822670833335,175498.2299165,39980.6349735,65665.87491700001,20383.4209265,19575.241408,27680.704993499996,219054.499915,0.0096136162499504,0.01935945227990042,20.0
20211002,49.38342422815596,49.35258975,85.79299401401359,85.53557225000002,177355.404913,47665.5399685,66688.9099155,15779.797918,16308.0909185,28827.764995999998,202501.27991,0.008758417199975055,0.01737319109514872,20.0
20211003,43.91056498219646,44.01826307017544,60.38901370359957,60.3337306118421,179194.0299135,53134.848549725146,66688.82992650001,15043.909415000002,13433.4839075,28457.304997,195993.82990850002,0.007868511094938399,0.01183587408016537,19.875
20211004,47.29223621944607,47.15427470833333,68.02017549106898,68.43407256249999,194242.58492300002,57264.959982500004,66717.05991750001,22406.390942500002,18329.2964175,27377.509998499998,211555.7399275,0.00918616621005433,0.014390058556011498,20.0
20211005,52.77984254424822,52.700062645833334,90.7416978836275,90.94366210416666,177015.044915,36386.4799735,66704.3449155,25436.546451,18390.469413,28102.539998,215015.56992049998,0.009342826198576726,0.019510877886001993,20.0
20211006,50.39141119543064,50.39266102850877,90.44060930358467,90.59726283114036,186093.4799105,43113.41813273684,66689.44492200001,27568.4384625,18742.0809075,27857.8649985,212100.6549205,0.009377513066958618,0.01918251246469937,19.916666666666668
20211007,52.136521206389446,52.31273366666667,84.9925503842342,85.48699950000001,193463.2049215,42833.166458499996,66714.24991750001,34104.4499475,21933.9129595,25860.148488,211757.93991900003,0.010086498486045852,0.01799784737782725,20.0
20211008,55.190547537991144,55.400620624999995,92.63054503223317,92.78422664583333,173126.679917,23033.185935999998,66078.7249195,36884.680963499995,20858.1239275,24366.2714685,214389.57990900002,0.009554956258053764,0.019859023636202178,20.0
20211009,54.86031060535673,54.75658488157895,95.00451642073075,95.01650520833334,159743.0099225,16729.72748744737,66710.5649155,31864.626956,18225.905415,24571.204469,200028.0399255,0.008763551141382933,0.01900356720370875,19.958333333333332
20211010,42.37976995075392,42.40488985745614,89.1819695628598,89.40790705482455,177877.14991500002,44917.56523410526,66692.329921,26229.603455,14318.8439125,24171.715473,197528.46991599997,0.007538392692893468,0.017615977991846977,19.916666666666668
20211011,53.63355467718769,53.80458952083334,91.93384654609979,91.85531002083333,185775.72491350002,31957.76894,66725.33992500001,39185.055989,22659.465468000002,23444.1989215,214992.97491649998,0.009963812499842383,0.01976513116446299,20.0
20211012,69.9447728055521,69.61534102083333,101.03998921639122,101.00274320833334,175986.5149105,7278.095429,66721.8049265,45293.1299605,29636.961476999997,25111.809988999998,218618.5599095,0.012309336802255832,0.022089216935758858,20.0
20211013,77.12048410874361,76.83090259856237,106.61210472520129,106.4912654973197,178216.949921,2177.960922625731,66715.0599165,48050.389941500005,34812.1614925,24355.491478,223217.6499195,0.013744177454291236,0.023797703469731053,19.875
20211014,52.66809663626881,52.70596226973684,85.89225812309935,85.49504844380483,202714.106170625,44692.415129434215,66742.04117150001,40577.709984999994,24650.4652115,23950.894575875,229222.892434375,0.010676566133329332,0.019688471844696773,19.791666666666668
20211015,44.1599397626413,43.98882759454191,66.5667455358749,66.06842264351852,200103.67492300004,48833.3835988772,66717.219922,39792.3999835,18242.0624085,24798.2274865,227300.42994350003,0.008836566230882838,0.015130649880243928,19.833333333333332
20211016,40.670591963460836,40.64109109356725,56.681396656293046,56.47702783966861,193925.434918,46651.969514026314,66788.78491650001,38084.104987,14840.154409499999,25423.154996999998,218779.7299295,0.007887062234886659,0.012400740652490657,19.875
20211017,44.4934542161736,44.34660489144738,65.99625943880912,65.65391580701754,207478.2299185,51011.16977513158,66819.7399065,41979.281568947365,18718.087421000004,26805.429999,216539.24491299997,0.00923142312373152,0.014290780185962174,19.791666666666668
20211018,56.55643725923499,56.44465983997679,92.02462906436587,91.70379425067365,212105.709921,39403.94143276797,66835.789917,48863.124944,27687.1274835,27185.039998,234683.969963,0.011995943275472532,0.02159670528319786,19.583333333333332
20211019,73.68794586045715,73.37847681240684,103.6390184714377,102.99452381298016,202573.91559805107,18742.994111250773,66842.91144107585,49588.42577151084,37133.30460962694,27835.519703882353,241291.12956054334,0.014927255725330003,0.025007175833519215,19.708333333333332
20211020,46.22461966614332,46.140971341374275,57.995465444224656,57.99692905762671,209736.06491699998,51166.046149929825,66882.3999225,43740.4699815,20802.200429,25367.486496999998,236458.0299595,0.00969496983106187,0.01371349350552562,19.75
20211021,55.59792337479782,55.36404511634991,82.72093081376481,81.82938400166982,185198.90991500003,19681.29825251084,66896.65993,48546.6599465,22738.1194615,25478.766994999998,225593.769907,0.010296674802550256,0.018661326632493324,19.625
20211022,47.7703786142496,47.557972916666664,62.99264216196441,62.68605841666667,215382.999922,49724.877603052635,66893.814916,47750.4549535,22014.3564435,27153.229993,237530.379963,0.010288927453346832,0.014962666227604702,20.0
20211023,64.37834135861783,64.23056757675438,90.71889455834581,89.94897512719298,201345.56991999998,22532.94543544737,66895.519917,50109.2649385,29793.819476999997,29705.969997,235865.84994400002,0.012962293831355214,0.021397489170984354,19.833333333333332
20211024,54.8791174540379,54.986124898026326,85.45920426007905,85.28573925048732,192920.8899125,25450.216179533367,66877.2699175,47065.409961000005,22155.157931499998,28958.4599965,234513.65493050002,0.010587328176845602,0.020041350338483296,19.416666666666668
20211025,57.92870331877245,57.56815132785088,82.99987518751233,82.58754075328947,203735.0699195,29619.091983421054,66905.854924,49236.909948500004,25668.0694645,30567.3699975,234279.954957,0.011802108420996077,0.019445207020367013,19.958333333333332
20211026,58.98861631668135,58.582415495614036,91.00679475460538,90.45337808991228,197845.9949205,22912.702817473684,66920.94492000001,50574.694943,25215.3229645,30500.554997,230351.83993800002,0.011670661484157461,0.020963582618583276,19.958333333333332
20211027,64.82944399848896,64.24276828837719,85.3862341554286,84.88365245285088,190561.01490999997,12954.256612447369,66928.354921,50729.524948499995,27242.851972,30883.697996,232838.62995650002,0.012353964644403062,0.019881213777894903,19.791666666666668
20211028,46.16463223553809,46.179715259624764,56.99277158411243,56.762000990740745,193383.1576935,33737.40509523684,66932.14102894445,46831.440512388894,17976.22530411111,26163.598329222223,234733.724965,0.008927462355467496,0.013378125570018114,19.416666666666668
20211029,46.66867234749712,46.54241660112086,53.69494453235868,53.30619044249513,201181.96935716667,37474.606016397665,66920.25602605556,47975.439949611115,18411.08063527778,28716.66610461111,230071.68994183332,0.009388895410153817,0.012353686629892764,19.791666666666668
20211030,44.46098106043027,44.47085886269494,53.77633785400331,53.72154918798733,194673.15860157897,35707.73263591228,66918.72359944737,46005.41892321053,16301.425294236844,28013.010261157895,218357.65281905263,0.008655359617558941,0.011742474911004532,19.666666666666668
20211031,53.15842000988053,53.28499008759217,65.91370933500671,65.99651742232393,167261.07623260526,17055.882131599417,64109.82150334211,41240.40498547368,18545.646815026317,24672.061840605264,204754.34466702634,0.008891334541677476,0.013496118359462158,19.565217391304348
20211101,50.99000769407783,51.05312094627194,55.662545554189336,55.25475582456141,195236.82964815787,32877.50602423684,66902.98387481578,45656.736800026316,21021.890721657895,27105.316050631576,228120.96650384212,0.009955127445926932,0.012697793689885812,19.958333333333332
20211102,54.29613149427178,54.00760229166667,71.66633332708994,71.11637264692983,207611.83333989474,35057.04129165789,66888.47149528947,48487.43337792105,23040.33477928947,32410.598156394735,231713.73785073683,0.011272519402789763,0.016606073973276844,19.958333333333332
20211103,61.90347061083789,61.515284983552625,86.42230525709697,85.81333890350878,201358.8899145,19097.755430894736,66910.294925,53355.1849395,26351.7834705,33719.994997,233900.259968,0.012464814124053192,0.020214199666668833,19.916666666666668
20211104,65.7188452790335,65.31771441666666,95.07240608743948,94.99013533333334,185901.3649155,6349.493434,66922.36492200001,52272.109943,26120.694469000002,32407.774999,227847.3699405,0.012217223038042891,0.021661997680938266,20.0
20211105,61.22075321221067,60.943439291666664,86.64922827423341,86.229068375,186507.214922,9899.5428895,65701.5499155,51970.8049565,22612.8329575,34470.8299965,234714.8249685,0.011418112177036498,0.020337858448042295,20.0
20211106,49.25278396148415,49.22356329495614,61.52143291695748,61.169763451754385,191263.4149215,24663.36045491813,66898.0049195,49466.6299595,17622.4799255,30727.9599965,225809.32993449998,0.009420255654864342,0.01389211354358846,19.916666666666668
20211107,51.20046825293781,51.20000740789474,59.29642833120484,59.12937491666668,189623.239915,21956.0153135,66939.379925,49824.39495,18753.535914,30216.679998,233109.89495,0.00970879867528717,0.013822584179197362,19.958333333333332
20211108,63.50999891348148,63.41326427083334,89.32951281363626,88.78328889583334,208644.7699145,22092.402438,66942.6149175,53361.964929,28094.339983500002,35289.6949955,254715.60998649997,0.013251029110573489,0.022753621346122223,20.0
20211109,53.693798363104925,54.026008465277776,64.63186538918623,64.79006159953704,226283.6660556111,45887.80898144445,66944.63380744445,51651.582169166664,24796.99285638889,34284.67888588889,262422.5383173333,0.012150029538054153,0.016960858171614454,19.916666666666668
20211110,48.60242045841136,48.53735187828946,58.135451926356914,57.92682114144736,214077.7449265,46938.408138368424,66963.159919,45438.4949645,20959.9604325,30276.514997,241588.5549745,0.01040469656970629,0.01404485982367808,19.916666666666668
20211111,50.02082302794453,50.14183549999999,56.99102401890563,56.902649499999995,212562.13990900002,45453.06397050001,67032.044925,45505.5899675,21470.339425500002,30990.549997,241523.5249735,0.010632533182829276,0.013764673012895492,20.0
20211112,64.35266657380849,64.06805608333333,85.77438558848519,85.17920777083334,200177.204922,17673.459919499997,67048.5449215,51183.9399415,27239.512971,35006.414998,244201.9149705,0.012881936924022402,0.02094626921612614,20.0
20211113,66.17609187745958,65.96194071820175,90.19105351101949,90.03830082236841,180501.009921,3978.1531160789473,67005.05491949999,48605.89495,24253.7194575,34722.6299955,240835.389975,0.01194485141650634,0.02172119754458247,19.958333333333332
20211114,62.5754058682978,62.471834875000006,87.15388720777007,86.87619066666667,191076.354924,16525.960939999997,66993.1349165,46566.7549575,24417.407453500004,34216.379998000004,238613.649963,0.011956680461204223,0.02079610713510963,20.0
20211115,53.423879773534445,53.316202682992206,63.92249759529121,63.808340672392795,234331.9771817222,58627.78178903217,66998.14603466667,45365.37329250001,25855.240133166666,35193.99333133333,257940.96053905558,0.012518923376050943,0.016488230429784888,18.833333333333332
20211116,55.33454267934969,55.15054276585254,75.02949879107017,74.34012598417613,206909.89380711113,33411.244053771414,66996.82047205555,48567.771057722224,23530.131022055553,32516.923332333332,243603.53997749998,0.011449264349649303,0.01827745150824225,19.458333333333332
20211117,51.85551130253108,51.58370014583334,63.81658219044646,63.38797889583335,210851.40991050002,43191.56998,67003.334929,45134.299952,22352.452453500002,31365.9699955,241758.1099675,0.010933807669768548,0.015428176294947958,20.0
20211118,57.26720094405334,56.954343450657895,68.30593789976729,67.92287313377193,199934.0349185,30161.59810718421,67001.7349175,45364.744951,24134.7954655,30923.424994499997,239985.61497300002,0.011449662553233117,0.0163924425131832,19.75
20211119,58.11385663061486,57.9956109909844,64.90945846134663,64.69284745297271,196969.32992400002,28467.929999365497,66999.74991400001,45942.119943,25369.7894695,28315.074999,247485.88497350004,0.011446647399831615,0.01606417477045701,19.333333333333332
20211120,48.65503158105552,48.79838362500001,61.92737080198266,61.522670458333344,191832.33991550002,37405.765461,67043.2699195,39366.484978,18748.6899145,27382.599999,238134.6499595,0.009333608556856431,0.014747052768842302,20.0
20211121,54.85688202286078,54.7193129517544,74.77318131276593,74.1100856543616,205496.8249285,41255.23267519298,67039.1599215,41510.2149775,24416.173470499998,28815.7799955,241427.68497400003,0.0112729150811752,0.018052316062482237,19.75
20211122,75.2723998799311,75.32863973245615,94.50420389969773,94.5115957390351,206798.6799175,18542.26382203801,67045.9749235,47088.729957,35768.9049985,35201.4649995,269746.01999249996,0.015566232929391938,0.025492132874503158,19.708333333333332
20211123,70.54743213464073,70.81859227960526,91.10716732661602,90.82362171820176,208477.83493200003,28750.892469500002,67039.38492000001,42282.258468,33372.823495000004,34534.019996,268507.089992,0.014707575911442105,0.024462920376283892,19.958333333333332
20211124,67.09597965734493,67.16221950219298,86.64020429806526,86.22599397149123,197618.9199175,23258.072787894736,67061.024921,41984.1809595,28632.4749825,34355.884999,259397.3449845,0.013259435030691056,0.022474238963832792,19.958333333333332
20211125,72.55900305550115,72.51924590826023,94.41215351869019,94.43097127582844,189817.58991450001,17263.34354779532,67067.3599135,38369.33396799999,30262.006992,34258.6649985,262534.9349865,0.013772975086594072,0.02478648858596479,19.666666666666668
20211126,88.2466104443169,88.092965875,107.3207365372538,107.353477875,198303.5699205,8077.0922202894735,67062.9899195,41713.3079735,41565.744999500006,36573.674998999995,271490.6899905,0.01749961788449172,0.029136580812787697,20.0
20211127,91.62205585562728,91.68315697039475,112.26026447979964,112.30979539473685,208612.469917,13172.176597763158,67086.2749185,40646.029986,46495.214974500006,36952.724997,277822.30000000005,0.01911350337091574,0.031188404876386248,19.958333333333332
20211128,92.1290501647622,92.1774659122807,113.95054995938636,114.22205325767544,208071.054917,15614.252692263159,67091.8549225,38144.04999,47148.429967000004,35913.4299975,278255.05,0.019169388656283287,0.03170731597647655,19.958333333333332
20211129,88.72358067598921,88.63308941995615,112.73590099204839,112.79729974890351,238480.124966,37832.65815489474,67108.9799215,39502.1199915,53618.209946999996,35976.0499985,294264.85,0.02115881060704089,0.03317421299503997,19.833333333333332
20211130,81.54750439138438,81.35166565460527,101.5721331723309,101.56264044627193,248561.8999715,51793.899462184214,67118.974922,38880.654988,50776.71495,35509.734998,301074.54999999993,0.020269602629456745,0.03058078428739959,19.875
20211201,96.257166602864,96.27112199999999,111.38870560945452,111.3008442401316,223151.00282213156,24946.161429026313,67123.15544173685,36924.851300289476,55235.162837078955,34976.49631278947,298935.40789473685,0.021479883256246092,0.03329802814622905,19.791666666666668
20211202,102.25388154085087,102.11514233991231,116.15752531227142,116.01307404276317,216635.594919,13845.559369236842,67117.049918,39897.069986,57912.884936,33763.124999,300950.45,0.02215183046037918,0.03495765951361447,19.833333333333332
20211203,93.13856915349153,92.97741229495614,107.85679128690117,107.78794042105262,235914.9249485,36447.001572394736,67127.78492100001,36591.772992,57078.12994300001,34662.4199985,303114.55,0.021972778551656632,0.032692962755372965,19.875
20211204,89.71719955738817,89.54249941898149,109.64687640102308,109.66523281956627,252402.2599745,49740.58914635965,67104.814922,36633.621492499995,58757.9549365,35515.369997,294994.35,0.022644823926867983,0.03234520903345014,19.666666666666668
20211205,95.99136845575474,95.90128803618421,106.83057966183006,106.7385029364035,228448.9899375,30045.992858692982,67049.409923,34044.448978500004,56145.249946,35208.1349985,310210.85000000003,0.02192913116643557,0.033140004922889016,19.833333333333332
20211206,105.4357277793776,105.50257664364035,117.88008191368648,117.86922598464912,239929.40496800002,24330.363126486067,67154.71493199999,39724.4629835,67004.8799185,36570.249998,306839.25,0.025297131428474097,0.036170235924334125,19.791666666666668
20211207,109.54968210525905,109.62494220577486,116.68192811578506,116.70994024317737,240123.039966,16658.81509606725,67130.779919,43728.159958000004,69872.37492,37284.819998499996,320203.6,0.026305402694423715,0.03736197343761559,19.75
20211208,113.06773650882432,113.16013406688597,117.74671844156968,117.8313876875,232937.694947,8152.725524789474,67127.6249215,44763.7699535,69993.059927,37486.454995500004,325916.60000000003,0.026337737915240297,0.03837561013563369,19.958333333333332
20211209,102.53084742794954,102.72170804166667,113.02754133944944,112.97472775,247089.9949745,30264.487975,67169.914911,42019.7599835,67683.2149215,35451.3699995,315091.4,0.025334346575703277,0.035614006239205,20.0
20211210,88.59798909678096,88.41913483333333,107.36772065837468,107.26972764583331,257388.0399735,50360.672980999996,66640.2299085,41461.024982,59342.8949305,36320.5299975,300796.04999999993,0.022804062759213976,0.0322957862715425,20.0
20211211,97.20622005512212,96.91228723781676,110.88427493438364,110.75391737682749,211852.02490899997,10814.742478850876,67175.3949195,42480.6899775,51856.01495900001,37243.904999000006,272625.25,0.020593334552427463,0.030229853175055072,19.791666666666668
20211212,95.09780437137539,95.049601625,110.73480925043258,110.71764445833333,202478.144914,8932.905931000001,67182.569924,39462.2049825,47322.4799565,37561.0599965,258782.7199995,0.01925522701451057,0.028656255136452733,20.0
20211213,90.41845283148251,90.1707115625,110.25728852073382,110.12663360416666,221328.9799255,22327.025439999998,67171.2499115,42334.0684655,49778.1799515,37834.939996500005,270358.55999900005,0.02001222393163396,0.029809001753859875,20.0
20211214,88.58000573649733,87.78815049220275,108.30074569194683,107.91203892373294,202781.30912134208,13249.087723345028,67171.44992300001,41709.784944,44201.599957000006,34501.024997,262531.80498599994,0.01796236952522292,0.02843239024783656,19.833333333333332
20211215,63.8384818972185,63.92009944883042,89.10085469938994,89.10104499415206,210056.91264072806,42379.85392786842,67154.34825848245,35775.88964764912,29618.280692482454,33162.10859199123,263542.9836707105,0.013409714415000726,0.023481905095087675,19.375
20211216,65.62054628036431,65.44043289583334,93.3040782289352,93.17368681250001,222175.73492800002,52961.689986,67180.1149165,33555.399972,33858.5749985,32654.224995000004,263321.66498600005,0.014579293096216778,0.024568985229227215,20.0
20211217,78.85345276498244,78.68950158333332,103.73625817683265,103.48644927083332,218861.17493,32985.986955,67169.9399155,39494.351964999994,41493.8799955,35712.5299985,267345.009992,0.01725795931943131,0.027733370978818016,20.0
20211218,65.00253526771753,64.85994997916667,91.75457964824697,91.78178477083333,211426.2049125,47997.319981,67175.23490950001,30055.900963,30685.04,33715.084996499994,254445.46498350002,0.013743239341344454,0.023346536682963787,20.0
20211219,67.65730761440618,67.55318679166668,92.4798253075293,92.23886429166667,208278.3599165,42327.1849835,67189.7399065,30208.1439645,31114.925,34969.579998500005,257477.6599805,0.014091553066294645,0.023811489015588067,20.0
20211220,91.16459098072227,90.71991600328947,115.2222566859965,115.00196005372807,246251.95997149998,45530.41762005263,67150.319923,34064.0894825,57129.434938,37953.7849975,295361.6,0.022449459209002987,0.03403223009038662,19.916666666666668
20211221,108.10584829312216,108.1016510493421,123.98912952413419,124.04950589692983,241603.41260107898,21196.124071973685,63642.39229828947,45486.94021794737,69851.26413797369,36464.70578697369,301958.33684210526,0.026118741869752844,0.03743955133760793,19.958333333333332
20211222,104.86984330881826,105.28824756249999,122.99319167076894,123.12101902083333,249343.4399825,26525.981964500003,67221.0199205,45633.004960000006,70970.99990350001,34077.6599975,301662.0,0.026148607481046506,0.0371023721857875,20.0
20211223,90.59564015175148,90.69882239583335,112.40048484949656,112.4517899375,234660.519966,35907.874981,67229.81492050001,40302.369974,56119.349932000005,31925.489997999997,277403.95,0.02125922002466263,0.0311803384791655,20.0
20211224,88.91041425828035,88.82712664583335,108.57269041593621,108.61683172916666,223725.78993100004,37706.4799845,67210.91991150001,31368.1184725,51299.5299555,31642.689999000002,275592.75,0.01989155266302622,0.029921846326626502,20.0
20211225,88.63733491297712,88.60817382017542,107.88301775770812,107.88377502412281,224145.7899275,39445.355250605266,67227.8949265,30073.957471499998,51321.779952,31088.374998499996,277952.4,0.019867685451137634,0.02998634370499759,19.958333333333332
20211226,98.5672203109366,98.49639293749999,117.59826065926545,117.44618583333333,230136.85495550002,32536.264969,67224.884922,33260.506472500005,60520.7949395,31387.264999,286895.05000000005,0.022683950084064833,0.033738358871753,20.0
20211227,105.90823840504555,105.92407816008773,118.17115874012148,118.11760208333334,219698.79993049998,15329.473982736841,67226.1499245,38795.611468999996,62854.6099275,30836.3549945,301077.05000000005,0.023267912880341798,0.0355786238685575,19.958333333333332
20211228,83.6085738912171,83.775312125,103.0411071134111,103.18438483333334,230504.7349435,39596.459984999994,67224.11992,39629.48598,50038.189951,30340.424997000002,293658.2,0.019272172163799034,0.0302588660409315,20.0
20211229,96.87094649941292,96.46656941666667,115.69462864167451,115.46510262499999,219276.2299345,21797.5979315,67209.2599275,40758.254430500005,57184.469937500005,29541.2899975,278416.7,0.021241495938577916,0.0322113167141405,20.0
20211230,73.04459673413015,73.2861390625,95.31056729427098,95.49413347916668,196984.83491550002,32973.321964500006,67212.014924,30769.888478,34705.335,28972.4799965,267656.134999,0.0143886778291419,0.025510458066546667,20.0
20211231,79.63040763220445,79.67172877083334,100.63894927406693,100.67618260416667,186350.12491999997,19965.8504275,67193.14991850001,31351.0439625,36031.479999999996,29453.4349965,258884.604987,0.014839136409691818,0.026053874629123546,20.0
20220101,74.72659290945897,74.92599960416668,100.34671397122126,100.56094687500001,202929.5549175,37186.4519745,67217.2549235,28551.391462,36666.619999999995,29636.8199975,258575.529981,0.01516423423961772,0.025947204746960356,20.0
20220102,76.40612929577034,76.74897433333334,98.83291560411956,98.94395100000001,190327.66992349998,35970.816980999996,67211.2499215,19717.8709125,34937.444999499996,28730.679999,263175.14999999997,0.014542200556737639,0.026010367389051506,20.0
20220103,76.99416122962586,77.02780989583334,98.61619718788045,98.78011477083335,199437.759911,27769.183958,67192.099917,35228.2054595,38182.649999,27902.134998499998,273201.2549995,0.015355543041862946,0.0269420688350071,20.0
20220104,77.84251938117349,77.95220039583334,100.74290121848856,100.76977112171052,205639.36860499997,29944.67098468421,67205.6459825,38968.50754044737,41492.92210376316,25008.080088763156,268138.34841955267,0.01600748653616699,0.027013035147719664,19.958333333333332
20220105,83.61205908822264,83.69242716118421,104.78967758363702,104.80474971600877,184607.509908,10668.803133000001,67195.619909,39248.41145700001,39758.27,24952.868969,262259.1999905,0.015435414026557341,0.027482057010347075,19.958333333333332
20220106,81.47524482679533,81.56988304166667,106.96211121720198,106.92170695833333,223149.2199565,37262.3174785,67179.37492100001,39666.990457500004,47627.929962,27097.9749985,268213.46999199997,0.018181137328864238,0.028688679007235967,20.0
20220107,81.86698728224447,82.10291675,106.31918535825193,106.34610275,218844.944922,31029.562951500004,67193.5699235,42388.029978000006,46487.879990500005,27431.7899965,280449.3,0.017916176322712866,0.029817141110292003,20.0
20220108,89.8541781751508,90.03048933333334,106.93082478090847,107.05188172916667,201451.7949115,16473.5000035,67197.664918,38674.42998849999,47220.6549585,27080.7949985,282337.44999999995,0.01810128547368186,0.030190576395038502,20.0
20220109,90.18136328532646,90.17912860416668,106.35194361464526,106.34031097916669,190823.01991600002,7017.868936000001,67196.1249175,40187.049985499994,43952.7599995,27962.7499995,273703.89999999997,0.017208680082247883,0.029108941739908502,20.0
20220110,103.66320012379464,103.5547414375,117.89181860726036,117.76745666666666,215463.1249245,7717.911911499999,67189.6949295,45813.8849565,60209.534931,29092.854998000003,304761.2,0.022335597038346606,0.035928852108931,20.0
20220111,77.96733528892726,77.85986658333333,99.44554966509196,99.48791683333333,250130.124976,55258.3799855,67163.22492000001,43377.254967,51251.514941500005,28692.779997999998,303996.9,0.01950197931986507,0.030231138816984,20.0
20220112,62.07965759863207,61.833174791666664,89.67317540976983,89.40291185416667,226129.50994900003,58454.08997850001,67178.0599225,36580.879969,34030.615985,27792.429998499996,271929.98999649996,0.014038042550580386,0.024384825692133096,20.0
20220113,49.32510522958464,49.322608354166675,68.13942809078554,67.755416375,200649.3749205,60252.369988,67214.884923,25741.079948,22235.47793,23262.238924,253634.0499795,0.009897051532204045,0.01728247910995285,20.0
20220114,53.17557650936492,53.09791045833334,68.87598830974976,68.9465683125,214165.8549335,63785.499988,66764.1499175,30409.0909405,26843.600477,24345.9424745,257091.679981,0.011388392804709878,0.017707443544905284,20.0
20220115,61.97731544839657,61.643889708333326,95.41653625184573,95.23081454166667,211356.21492400003,52824.9299855,67205.109916,31206.286944,31770.203477,25909.009999,247008.29497500003,0.013099290804323852,0.023568675931988695,20.0
20220116,54.528182594737615,54.584851625,77.00073642715499,77.07108079166666,202698.2349135,60079.894983499995,67203.6299155,23710.6909535,26042.397999,23584.417432000002,243335.089972,0.011052766364994348,0.018736981126412016,20.0
20220117,56.40986076201037,56.51833322916667,71.23150877588233,71.19035583333334,223132.7499385,62828.369987,67197.119923,35318.010463499995,30622.2799995,24423.862951,265506.244987,0.012586887355475262,0.018912410419843054,20.0
20220118,65.77540630849045,65.67591016898149,92.92555466620378,92.68937336574074,226792.43660816667,49898.85208411112,67183.179369,42261.04719888889,37016.335,27379.592774777775,273810.18333333335,0.014917364665594724,0.025443963159504947,19.916666666666668
20220119,54.33290340478197,54.51756497916667,65.77572771639407,65.95147464583333,211290.2299245,53102.309983,67193.7749165,38882.58499050001,28030.1699995,22227.6098985,264098.234999,0.011480011652862032,0.017371253595674478,20.0
20220120,56.14130361649729,56.057340421296296,64.30609948959834,64.23196502083334,220196.0193766111,59735.562209111114,67212.02047522223,36831.07109605556,29722.677543055554,24251.72014266667,264507.4316581667,0.012362091578966445,0.0170094412159482,19.916666666666668
20220121,62.55881400747817,62.4941765625,90.24924248861555,89.83388960416666,233415.479965,63373.2999795,67204.41492450002,37517.758453999995,36752.514999499996,25672.241489,269661.9099955,0.014602195597596682,0.0243367831051271,20.0
20220122,79.06327036332728,79.26764966666667,106.0501560544419,105.998460625,213179.259934,30720.382469999997,67180.9899215,41671.5499575,43899.359958,25858.711996,265835.4999995,0.016854649464015863,0.028191896259757564,20.0
20220123,61.546764943531926,61.5130414375,92.65063100288424,92.55864135416668,213356.35992350001,55328.339989,67171.3049185,30956.813460999998,32075.114999499998,25477.477489499997,250898.4299935,0.01313139373341925,0.02324589785653075,20.0
20220124,58.025132019912405,57.872404125,78.31890117943045,77.99514960416667,218944.274924,62339.389977,67200.21991300001,30303.7179515,30055.852495,27176.549999500003,256074.4249855,0.012704270457469096,0.02005546758501885,20.0
20220125,72.89781867767667,72.27388945833333,98.72994365409751,97.88959935416666,225466.244937,45484.5549855,67185.22992099999,39973.695955,41197.6164775,28552.0549975,261955.3299855,0.016435997441354062,0.025862834969358935,20.0
20220126,68.5152794097557,68.68445372916666,92.62702447820045,92.75790354166668,199928.904912,29492.865943,66995.66992000001,41033.8434555,33498.75,25740.8349985,269079.3549995,0.01369818478213216,0.024924020002117075,20.0
20220127,84.7904011302392,84.53928950000001,104.18141467382756,104.08231641666667,182948.8049105,6685.87845,67194.4899105,40582.9359655,39481.9749995,26727.8099995,256952.5849855,0.015512302554659173,0.02676968380788629,20.0
20220128,78.9479980299125,78.98699395833334,102.37137334467613,102.35038985416666,202000.49992650002,21643.202943999997,67197.07492550001,41904.2449655,40078.139999499996,28408.829999,262271.0999865,0.015947535070238664,0.026849052694236875,20.0
20220129,61.156571577158594,61.200853562499994,71.0560928569379,71.04897037500001,200602.64491899998,46852.674987000006,67189.254926,28544.727964,28613.4249995,26418.65,255805.154989,0.012268170012556152,0.018176514846181772,20.0
20220130,65.04830628792435,64.92354125,77.64724684632029,77.23185745833332,195010.1349155,40943.82998350001,67171.26492049999,27006.946953500003,29624.9349985,27281.039998500004,249415.379973,0.012685078985232894,0.0193664175760323,20.0
20220131,85.30862628315951,84.79369308333334,111.22591602082602,111.00522735416666,233061.75495950002,36036.7099905,67158.514921,43950.455946,52364.1749455,29458.469996999997,274474.49999349995,0.019882178154737286,0.030528677686135236,20.0
20220201,95.40742888658376,95.27354033223685,113.19488419140144,113.19035466776317,226607.38255976315,22607.229633184208,67048.0812336842,44888.3302316579,57977.1846601579,29693.3849985,284972.8289473684,0.021620027736745484,0.03225746637039342,19.958333333333332
20220202,105.31646072748232,105.11392062499999,120.7830899748116,120.69493602083332,221107.459917,10510.304936999999,67157.82992700001,46479.7049655,64027.65491900001,28711.004998000004,284595.35,0.023286255118902102,0.03437430576546299,20.0
20220203,108.16827664254691,108.01831452083336,119.95008246309338,119.92808158333332,215242.469912,3654.353645,67173.684921,46762.0799435,63574.6549175,29157.7149995,293331.35,0.023282407030666294,0.035185119621510504,20.0
20220204,65.02254477686544,65.22014352083333,80.76326940475012,80.69141833333333,226162.0299425,54937.0279875,65937.5649125,37730.2534635,35903.744999999995,27784.509998999998,284885.4,0.014705630718762987,0.02300827630968,20.0
20220205,60.51409742062201,60.438197958333326,74.54878523898977,74.25275191666667,196815.11991850002,45270.3599695,67101.6249235,27858.664455500002,27505.2749875,26530.7099995,252296.8049845,0.011910089340599513,0.018808420331272772,20.0
20220206,57.31881921271934,57.32089234803922,74.85470607700344,74.64740614215687,195951.64403288235,49398.22645191176,67192.3093282353,24808.991029029414,24990.58865902941,27341.121470088234,240889.26291141176,0.011231716858755918,0.018031694972339734,19.875
20220207,77.99931650372423,77.84905564583333,100.34623830364457,100.19501002083335,187522.449915,14453.5994325,67185.9049195,39508.8219615,35928.384999,28356.834999,249841.44498049997,0.014626622922473858,0.02507064917614015,20.0
20220208,72.53226185520838,72.73718935416666,95.74148039751118,95.75278329166666,189482.65491500002,24937.6554575,67187.65992949999,34868.075968000005,33634.4,26425.325000000004,252202.88997750002,0.013743605543314866,0.02414627804697649,20.0
20220209,63.687028156164295,63.552226687499996,73.35545838953222,73.19644764583335,203831.58492649999,43825.839982000005,67171.379914,33255.687955500005,31427.338998,25760.261498,250252.6349785,0.0129814278883296,0.01835739675203615,20.0
20220210,56.02748707897287,55.97842058333333,81.55328753353344,81.23369925,212492.74491150002,61000.604980000004,67181.1949185,29866.990449,29046.062991,23089.6414165,249067.9299785,0.011905434519904544,0.020312308508918582,20.0
20220211,67.7164080725171,67.50719533333334,96.04460216616562,95.71482985416667,221420.5449315,48700.8799695,67212.9049125,38193.682956000004,37717.769996999996,26555.6659945,258454.0299865,0.01499380397622056,0.024823114488295633,20.0
20220212,62.77426539989519,62.96466604166667,79.00436838747603,78.75733314583333,191690.4349195,35141.936475,67199.01491600001,31910.4074695,27889.438990000002,26271.2499995,250781.44498749997,0.01203322623625803,0.019812829664536003,20.0
20220213,53.21637124083742,53.405923,63.670607177052524,63.5464186875,203515.724926,55809.344978,67193.689913,27468.202454500002,23829.5159535,26849.499999,241843.02996950003,0.010830368371010165,0.015398292559696177,20.0
20220214,71.70906052949164,71.60385789583334,93.46228645990573,92.71503593749999,186125.75491050002,17430.5474635,67196.239915,39377.010951000004,31636.132487000003,28027.264999,253209.17998149997,0.01334690302497437,0.023665508913708777,20.0
20220215,64.29732086845682,64.3177977620614,75.43108926475192,75.21801077850877,211375.44676494738,41471.35364289474,67188.34123857896,39760.09172097368,32254.96642005263,27874.25052481579,256503.29156444737,0.013590874924359234,0.01934832268270052,19.958333333333332
20220216,64.1697537428737,64.00694120833333,91.32436154741278,90.7130046875,206318.39490349998,39229.1399795,67181.939918,38776.266961,31732.0084965,27111.7199975,249321.294979,0.013239400593582562,0.022769108084131344,20.0
20220217,61.617114282521875,61.54472405482456,85.5448297227383,84.90391871052631,201602.97150076317,43426.50812789474,67151.87149826315,33445.46838194737,29521.795909,25906.034735842106,251039.17682610528,0.012422193334658526,0.021475103635325565,19.958333333333332
20220218,62.60541605964797,62.42324754166666,88.74419156161552,88.24097264583334,208342.444919,44412.019978000004,67174.3099285,36384.652459499994,31386.256488,26407.054999,257367.2749815,0.013043365447038286,0.022839850752649216,20.0
20220219,71.75235625975112,71.74277679166667,98.4872324237673,98.38928410416668,183297.4699135,22031.6444615,67195.74492299999,32815.172969499996,31390.9194875,27159.394999000004,246302.2099785,0.013152025362744466,0.024257623000640063,20.0
20220220,76.00668070684416,76.04718260416666,103.1566400571038,103.18296477083334,176828.4949265,12662.822453,67179.5549125,34329.238983,32178.6449995,27417.039998500004,240471.26995649998,0.013440146953750298,0.024806208238977306,20.0
20220221,73.5061951859568,73.65720375000001,93.57187138951299,93.59146868750001,195748.694918,21496.8014635,67177.1349115,40775.056461500004,34965.3199995,27969.155,260223.57999,0.014388741776038817,0.024349607359342926,20.0
20220222,82.99132054613088,82.8832244375,104.38026257381539,103.98636889583334,201533.0149185,15659.227309500002,67158.5449245,44594.12996399999,42786.344998,27039.5299995,266864.15499,0.01672549104172941,0.02785535056939557,20.0
20220223,74.96229756156976,75.68828920833333,95.18130991818887,94.82495110416666,206830.76493250002,26578.688187,67144.439923,43097.789460500004,39027.1849995,26156.854999,279833.55,0.015504509345757153,0.026634923848057,20.0
20220224,54.20812639703993,54.097764834429825,72.1019493882453,72.1675549989035,227672.0280986579,66667.16524863157,67177.20096294738,36021.487360710526,29110.97551781579,26250.031893736843,256861.31604413158,0.012341674076242475,0.018520201609212056,19.958333333333332
20220225,64.45997713785457,64.646753875,94.26118406761866,93.83948627083335,204868.5349125,37767.835468000005,67176.304916,38520.925459,31476.379998999997,27602.244999000002,250500.9649805,0.01320582107672551,0.023612517569143003,20.0
20220226,66.0242951704309,66.3105998125,95.49547110122975,95.3259591875,207924.89991100004,40168.139469500005,67168.909919,36079.870958,32678.019998999996,28550.5499995,242283.049956,0.013728094965006168,0.023136933995391004,20.0
20220227,53.684210790511266,53.71130789583333,73.1712124505458,73.06965777083333,209504.834918,61956.5299845,67163.2349185,25251.3094585,25121.311494,27167.75,235703.8849395,0.011247101719369176,0.01724673904032716,20.0
20220228,64.78490591611059,64.680049625,88.32342434869466,87.9531309375,210696.3049065,43308.100973,67162.7999165,36647.2934455,32829.599487,27927.469999,242530.0149635,0.013649940290239752,0.021421081428916477,20.0
20220301,55.83640391868902,55.754520750000005,77.32819191789608,77.3251058125,220957.354918,61140.7049785,67142.929923,34444.0344625,28964.0479885,26593.554999,241334.2699675,0.012337464118006576,0.018661942744412185,20.0
20220302,57.33494149110814,57.24627259068627,85.81185659782108,85.85535466911766,212933.9637445,53954.94262647058,67148.0022655,34409.38566829412,28932.56110564706,25979.07911514706,238716.035852,0.01220855635276065,0.020484666236132137,19.875
20220303,65.17867963186846,65.1602717453033,96.69126963588668,96.55320446867715,207168.74325299985,39756.49077713054,67167.66519660839,38180.50045951898,33018.542981341496,26002.713834663835,243009.38896319282,0.013502985146224089,0.02349688635229214,21.375
20220304,87.05737640247197,87.01764152083335,113.57906609130987,113.54117116666667,210225.4549135,15962.7669785,67172.53492600001,46634.3099525,47632.9099575,29012.1599985,254752.489987,0.01830167655778547,0.02893454989715923,20.0
20220305,62.20034267416012,62.2580020625,95.9724801101108,95.96870204166669,208552.4999175,43451.269987,67173.449915,36779.38548150001,30803.309999499998,27000.620000000003,244018.4549735,0.01297203696042125,0.023419056316444194,20.0
20220306,64.06665002642751,64.09779358333333,97.37299254681226,97.35688525,188928.83491900002,31904.642966499996,67176.064924,31606.8744585,27907.829999499998,27342.275,230597.24493349998,0.012104037546656272,0.022453943812225135,20.0
20220307,82.24373484181068,82.06239143285296,108.89126910109628,108.70678092288013,206269.88379929698,20392.31129115163,67168.6212392218,42918.135504313286,43171.70612632205,29158.876215038847,251158.7350316253,0.01696440562904048,0.02734899340341965,20.0
20220308,93.05931353283239,92.8220834375,115.89550513957244,115.71490047916666,212506.52491699997,13350.207464000001,67170.514917,47336.68495550001,52713.4699325,28622.184999999998,257079.299987,0.01977571133002376,0.029794335332921043,20.0
20220309,86.69826570820955,86.6284040625,111.61383146926993,111.60570627083332,212076.519914,20416.1094755,67395.9799225,44498.916451,48603.0249545,27288.8149995,255541.85498649997,0.018386666473976365,0.02852200553580782,20.0
20220310,53.49646749520048,53.580610291666666,82.9254737346331,83.02149975,217725.5249255,61682.3499665,67193.77991400001,33608.3884675,27345.918486,25047.407494500003,252737.474987,0.011647546467052473,0.02095837484379196,20.0
20220311,65.81021020181647,65.81717652083334,93.7252273307933,93.695457875,187722.1599115,26782.368958,66455.24492,37068.72545700001,29831.2389915,24969.9539885,243595.914972,0.012354034803314822,0.022831082507603295,20.0
20220312,72.15787429656967,72.07497270833333,99.16504733547497,99.1375169375,169998.4449145,10717.9639845,68123.33492200001,33323.650983,29367.691996,25388.714999999997,229621.4499265,0.012266726418752816,0.022770421951201766,20.0
20220313,64.89464628749005,65.09025204166666,96.25083959933733,96.27253970833334,176806.75492049998,19580.3444835,71432.54491600001,30315.811956999998,26445.878486,25876.2149965,226497.3799295,0.011473811821804788,0.02180056298526447,20.0
20220314,65.98487089966771,65.87880920394737,98.82484363900419,98.7744129857456,203216.45623015787,26120.548874078948,75141.26307223685,38976.72075297368,32289.624472684212,27140.244471657898,239602.72968350002,0.01340921162903494,0.023678702296450478,19.958333333333332
20220315,66.21638685055613,66.10165195833333,99.05861126804324,99.05796941666667,205119.3899225,27335.194976000002,75324.25992350001,39606.21646150001,33220.9849995,26179.569498,240769.7949605,0.013582264873658326,0.023850321524078646,20.0
20220316,57.5001459927939,57.59815997916667,92.52080954675552,92.55896629166666,205413.5199085,42042.046981,74236.754916,33012.078453,27983.792495,24653.411992,237381.4549515,0.011811307383632424,0.021962724383499454,20.0
20220317,47.59099014279156,47.58880379166667,82.74987718249788,82.69078689583334,209668.4549255,58374.139976,75302.579919,26027.753937,21974.755427999997,24600.8714905,232763.479942,0.009978329371613808,0.01926114937777131,20.0
20220318,50.011227832071775,50.16612735416667,70.7779770122336,70.78651193750001,207169.50991800003,50056.909978,75311.9499195,30889.7954495,23234.6979465,24819.6774935,236588.9899665,0.010360801560367752,0.016745290093196506,20.0
20220319,41.5603383666134,41.69004139583333,61.38032785803828,61.60143558333334,204753.37491800002,65915.264993,73784.00492450001,19551.507398499998,16797.821421,25575.0799995,218500.989919,0.008509619543298135,0.013411662398534138,20.0
20220320,44.44160399551684,44.73484777083333,64.71178365148451,64.71118925,187420.9649245,51806.883475999995,70511.419924,21100.756431499998,16948.3809175,23973.5744515,207171.79491250002,0.008329288303632281,0.01340645637106742,20.0
20220321,44.90096882564188,45.02273097916666,69.31338439149206,69.69093775,202880.2049055,51692.97498,68595.8799135,36938.192968,20229.726419500003,22228.656405,223711.984921,0.009109517755801693,0.01550623480381295,20.0
20220322,57.934500768830645,57.75937279166667,82.8142507856818,83.0002575625,195131.814924,26723.7344545,75406.7899195,40851.294968,28124.091969,20671.5074075,224645.6899215,0.011304864281737798,0.018603864503081612,20.0
20220323,59.05597831492285,59.39773497916667,81.62633433800009,81.777941375,193964.744922,31962.8269685,75439.1899265,35457.1964535,29912.428972499998,17853.611417,223622.6099215,0.011454777769973173,0.018253493922988535,20.0
20220324,62.538688740962485,62.69016835416667,84.34202172896113,84.23496210416666,195637.4999145,36283.2644725,70449.11491999999,35443.880445,32315.3774785,18277.14891,225077.87492750003,0.01223491271321299,0.018983523017843604,20.0
20220325,50.86577327268135,50.80096091666667,65.90620546318121,66.36370564583335,182629.45991750003,42186.769991,65950.139926,30469.281952,22064.980935,19414.041905,228120.50493700002,0.009289588701075803,0.015034556868742567,20.0
20220326,44.861945626946195,44.86187233333334,60.48150086985566,60.56822704166666,204238.1749085,67466.61997500001,65904.144923,24750.3154305,19853.2254215,23297.865438,228462.174933,0.009162521897691853,0.013817735231939354,20.0
20220327,54.17500227045445,54.428757979166676,81.10106025100005,81.27143277083333,186506.914918,35435.0104625,72150.9199265,28028.30694,22094.968431,25184.6609905,229218.0999355,0.010104012539138105,0.01858983093348874,20.0
20220328,52.65143724197195,52.67955303886555,72.88141563184861,73.0023800479692,201641.7523597479,49588.840061037816,75316.13801987816,24530.644293936974,23833.277946609247,25039.257670768908,239353.4018562563,0.010616728069730515,0.0174444147635827,19.625
20220329,67.91071394546462,67.81246835416667,100.30643553084546,100.29214656250001,215763.3949275,36744.7149645,75259.439927,37172.862966,37035.7399975,25363.507497500003,244867.65498300001,0.014652646192823764,0.0245618016481416,20.0
20220330,72.71338333195334,72.6313456875,104.46922179550499,104.48544579166666,216593.5699165,31704.932966,75711.6749205,38841.873475,40397.469998500004,26391.325,244349.6399725,0.0157492512765747,0.025527016733938895,20.0
20220331,86.03583164884478,85.96471404166668,114.28958970349433,114.27720677083335,211939.1049255,9858.274467000001,77458.5999215,44647.52746700001,47752.4399635,28231.329999,245853.084981,0.018234357151177168,0.028098448209816815,20.0
20220401,76.61608242890803,76.74555389583334,108.10040911368624,108.08156704166667,200876.4749265,7129.773087,77770.6799165,45285.869976500006,38436.315,28013.899999499998,247153.4549765,0.015390368560997202,0.02671738959682068,20.0
20220402,55.771730251547375,55.93516468750001,90.89430495929976,90.91537652083333,206601.7849115,39634.4424775,77771.314923,32381.2249855,26306.482,26445.8399995,237053.3449585,0.011522539017572388,0.02154679902827998,20.0
20220403,63.62273348139324,63.674184708333335,96.43455441507197,96.45158047916668,180880.6299135,11616.3954495,77782.7999245,35369.710476,26631.659999000003,25714.3549995,225790.9099195,0.011508120108933135,0.02177404578906064,20.0
20220404,61.317921334557354,61.450827000000004,86.16094950561825,86.41159337500001,188104.56491400002,23887.4884525,77785.1699135,31225.5349585,26765.6329915,25634.224999500002,241762.1949725,0.01153418091406779,0.020830460273393005,20.0
20220405,56.18087163085479,56.12186959100878,76.10373096811249,76.64692591337719,216961.72964621053,46913.3381318421,77786.13307218421,34830.003637184214,28590.360435368424,26036.245261657896,247608.55313289474,0.012189099082061975,0.018843934713029406,19.958333333333332
20220406,62.02854027521281,61.98427233333334,87.88852331299732,88.07420583333335,209821.434917,33052.439472,77764.70492350002,38062.088959,31449.645000000004,26111.624999499996,247391.964974,0.013014917326352078,0.021742914481065616,20.0
20220407,59.84023429276048,59.97509133333333,90.12648323462363,90.0464495,198261.09992,27782.433952,77820.639921,36281.285954000006,27932.121988,25437.6349925,239975.879966,0.011863990670353196,0.021628182122469752,20.0
20220408,48.5702458057868,48.599348145833325,68.32497155539662,68.86168760416668,212791.19491249998,62831.974973000004,68047.84492450001,33008.830457000004,24536.534969,21696.147918500003,236328.7499585,0.010335320642207213,0.016147155118636954,20.0
20220409,52.61486227959924,52.70010183333333,77.8999802484116,78.05469329166668,183864.91491700002,38459.72997099999,72227.7149235,25967.776940999996,22399.840919000002,21513.4639205,221390.8249145,0.009674027176408187,0.017246340888019098,20.0
20220410,52.30635365835127,52.431208229166664,78.30132123314142,78.5872285625,179097.47491400002,30355.7749565,78906.31493000001,24139.149428999997,21562.994908500004,21107.923417,214423.579916,0.00936793586216938,0.016789649610962885,20.0
20220411,54.88208511394494,54.802045687500005,74.33869907687624,74.60618047916667,199186.6799165,26467.389952,83311.7699245,37970.952454000006,26745.336455999997,21174.533926,225026.85492850002,0.01093178032074146,0.016728203652745646,20.0
20220412,62.13567034455049,62.006762531798245,96.55432607699261,96.60777992653509,188439.5314997895,7855.446525342106,86782.5615123421,38703.32677644737,28868.72514689474,22229.030085289472,220721.26938555264,0.011708816609152458,0.021311593416380375,19.958333333333332
20220413,59.07064502719984,59.03397419940476,96.31298756998154,96.31736888690477,192739.58206400002,11318.026790428572,87579.18634028573,40212.80497307143,27964.278203285714,21858.058425642856,217880.4063514286,0.011385251434793398,0.020984712868667668,19.75
20220414,58.93300390371971,58.9377330625,94.7455192757194,94.7730264375,196937.3199225,16426.344455500002,87567.63492450002,39663.340979500004,28604.670486,21899.087421999997,223677.37490350002,0.01160610784378079,0.021192429035461875,20.0
20220415,51.320720060347924,51.37274568750001,75.25347447895172,75.43840820833334,199472.00491299998,26090.1824525,87594.1649155,36215.138482,24297.658972999998,21540.5194115,209702.83491700003,0.010237046924016419,0.015780866935590287,20.0
20220416,55.10773466645466,55.143845687500004,94.84897741141235,94.90818352083333,177611.824917,15381.307456499999,87521.6599185,26718.79246,22890.743439500002,21312.133916500003,206188.5049145,0.009787785321150835,0.019556768845128292,20.0
20220417,57.0748556471396,57.078195625000006,98.38136526625453,98.39211506250001,171307.279919,8606.219966,87489.50492400001,27102.60344,22948.378441,21213.115422,198885.299925,0.009777338272681062,0.01956660733801001,20.0
20220418,59.71178066254305,59.733448,84.76419949513746,84.9239876875,173309.099921,3296.893336,87678.0549235,32530.154981000003,24730.406476,21584.341420999997,197821.7549075,0.010348594961305508,0.016768202697457518,20.0
20220419,60.30279866775354,60.20466272697369,98.57615187861504,98.63429633991228,178141.10623560526,4005.1943076578946,87690.54228736843,34906.99440105263,25980.00459357895,21737.773520526316,207760.1362381842,0.010742407263776598,0.020480194744136995,19.958333333333332
20220420,54.1469548138508,54.10460597916667,94.46774760459705,94.56154777083333,169964.6899265,4554.864877,87624.17993,31748.998475,20991.110935999997,21246.4074185,204883.1749145,0.009203070385400356,0.019354852056251495,20.0
20220421,48.90990982733297,48.901722937500004,81.224679405491,81.41580358333333,171931.9699215,11225.9629645,87463.5099155,30384.057462999997,18894.016421,20022.601416999998,203063.994915,0.00840917714529629,0.016493807885769127,20.0
20220422,44.97887479530636,45.23649995833333,62.47732785659738,62.88880612500001,189116.434916,29855.940953999998,84095.169918,31561.238970500002,19011.754406500004,20546.93391,205628.939913,0.008506244447821469,0.012847146695749063,20.0
20220423,46.333954222703476,46.438997625000006,78.4555502086829,78.48856383333333,183421.00991249998,22190.639438500002,87222.1499345,29759.505481000004,18015.9394215,22798.1784165,197491.9899165,0.008498620676767816,0.015494342730706661,20.0
20220424,60.03706804545202,60.20767708333333,69.13015531869814,69.14041445833334,165030.8949265,9058.0239555,67519.00991600001,37337.0499805,21456.5519335,25688.960496499996,192001.0149145,0.009907971068304123,0.013273059982387064,20.0
20220425,66.22682699906905,66.24467670833333,88.35723042276042,88.07439377083334,179547.759923,9715.024175499999,66164.6499195,45004.749966999996,27187.446975,27568.8099985,208735.424913,0.011890878434490904,0.018443284036430745,20.0
20220426,62.814017021708324,62.99091535745614,66.25799492350728,66.14212713048245,198301.02122152632,41019.48062676315,51302.34076197368,45872.08621339474,29471.26556394737,26244.927366921052,211698.2999132895,0.012456083722431097,0.014026704880969857,19.958333333333332
20220427,69.8785921393338,69.99072910416666,91.29505334468872,91.22079954166668,181781.35991499998,24477.4299495,44340.6849985,51657.899941,30284.2004925,26330.083994,220994.739922,0.012702625508033727,0.020175726570074604,20.0
20220428,68.26842827879602,68.13545197916666,86.20230151354892,85.99123066666668,181221.78992400004,25990.2754595,44220.2599995,51965.939933,29372.957980499996,25753.955486000003,225012.2499245,0.012371726767981638,0.019396573812233777,20.0
20220429,66.87458786131711,66.87677902083334,83.30076216297498,82.90344341666666,180542.964911,25919.249454999997,44290.0899995,50907.304945,28025.1004785,27052.0994985,222274.094919,0.01207373636968336,0.018515601515838143,20.0
20220430,57.99191833859336,58.20126425000001,76.20308412505135,76.24978258333333,164590.5399035,21104.4379515,44854.83500000001,48198.789966000004,19889.9054595,26516.779999,207604.16492100002,0.009544921149388765,0.015820077644185998,20.0
20220501,61.04451720732522,61.42738112500001,81.17692769096912,81.48508306250001,167623.42992099997,19464.627953000003,45025.335,50493.56993,22189.592941500003,26493.704999999998,199659.224913,0.010232491352163356,0.016207722463597543,20.0
20220502,45.051378502940565,45.028228604166664,60.947883888719744,60.603145500000004,204421.00991900003,61635.109992,45172.615,48455.474965,18533.432429,27110.804998,219267.86991449998,0.009209448291814238,0.01336391267607585,20.0
20220503,52.42946505991692,52.50081345833333,74.06773162592094,73.61034458333333,205443.4049355,58096.734992,46519.75998850001,45850.4099805,24596.912472,26051.2649995,218808.1049265,0.010771287820856162,0.016206619993272352,20.0
20220504,61.37408632169211,61.331793229166664,88.42195168207387,88.34234758333332,191230.5999275,20769.708957,61215.359923,49645.8049445,27807.899987999997,27314.8099985,216692.25491800002,0.011736603347299354,0.01916035209423903,20.0
20220505,49.59801979970586,49.52369595833334,74.49087316513862,74.57005172916666,198892.52491550002,35112.7954815,64095.0449185,48793.684947999995,22023.484439,25585.8589795,211146.4699135,0.009864675388772462,0.015728484909593287,20.0
20220506,43.07417367443194,43.33685197916666,65.73780017971323,65.24589931249999,198337.029924,39298.611980500005,66323.8999195,46237.1499695,18148.869432500003,24109.275938,205985.8399175,0.00854320367301738,0.013541055984347012,20.0
20220507,40.442645597002816,40.56311708333333,47.17028723285431,46.83434947916667,203507.93491050001,48755.969985,66391.5399155,43781.049987499995,17034.293418,24076.0804565,198841.19991800003,0.00823039928776327,0.009379396513857467,20.0
20220508,48.99692659057961,49.08618737500001,70.45685163545264,70.06310802083334,190082.2749145,36472.90948,56189.2999565,47783.974967,20696.075442,24468.417955999998,195377.7249175,0.00931344727015613,0.013765699377384574,20.0
20220509,54.63607886817435,55.04301210416667,76.30690205478166,75.81832695833333,185817.86991900002,34994.338973,45118.529999,53361.259928,23582.429950499998,24688.2004885,209240.864926,0.010152359796010648,0.015966522185766083,20.0
20220510,38.67068564142884,38.55956441666667,52.93712555251756,52.278872541666665,196450.25492,62749.9649845,45153.719999500005,47059.309968999994,16050.7914155,21150.182927500002,205647.07492450002,0.007596866052189879,0.010886365024786243,20.0
20220511,45.11928679560347,45.08588547916667,59.21645875786028,59.00135389583334,184051.774919,45806.874988,45133.42,49989.784936,19104.990921000004,20470.829416,204260.58491849998,0.00830428481781022,0.012095588502682771,20.0
20220512,54.79618125660509,54.723697924342105,76.53180183887739,75.9050686622807,152036.78124360525,14561.807562657894,45129.37078947369,49211.79152378947,19110.873880184212,20485.107568184212,202394.6978111579,0.00833103502269541,0.015489630906123009,19.958333333333332
20220513,51.21917394399467,51.203895666666675,69.00683641229485,68.62605397916667,157355.134922,19745.748949,45081.354999,48374.499952000006,17443.1029135,22088.467411999998,196210.1799115,0.008059600026550668,0.01353984378757982,20.0
20220514,48.44354950632487,48.503027020833336,46.33070962543941,46.202704312499996,150893.45492,17813.666459,44975.7699995,47374.3199655,15242.948421000001,21165.2149075,184945.6599245,0.007309814553597419,0.008568663666447277,20.0
20220515,43.637963537731835,43.65358325,39.700634684502226,39.68410012500001,166503.794908,35646.5204875,44998.744999,45771.1199715,15518.9929365,20257.879906500002,182738.83490950003,0.007265886531089284,0.007254847727413622,20.0
20220516,44.78067483009267,44.736193478070184,41.233043720164574,41.11757606907895,188835.19203057897,47534.44156392105,45156.56342055264,50592.75415939474,18722.967797236844,22314.553190526316,198297.8183538158,0.008456167330799465,0.00817642261379614,19.958333333333332
20220517,49.32481657356835,49.517797520833334,43.71166984511281,43.55813508333333,173174.58491650003,30558.974471499998,45194.89,52433.749943999996,19143.9899195,21933.5499155,201946.1749305,0.0085418046362102,0.008827404525045414,20.0
20220518,50.76031682557324,50.84201658333333,46.20899034146092,46.00310383333334,162540.22492,22188.7104625,45158.450000000004,50231.324949,18099.773424,22157.9009115,196234.45992450003,0.008250593313839136,0.009067796263313022,20.0
20220519,56.27136652392547,56.212615125000006,55.447059568411014,54.9860331875,159122.3549265,13873.2489565,45098.899999,52045.4249425,19932.784936000004,23428.034452500004,193503.589926,0.008954032356219239,0.010729205077328299,20.0
20220520,57.62041861794913,57.66168743750001,51.66735590253694,51.39140595833333,157707.369932,13360.754968500001,45049.1849995,50872.649942000004,20321.631921,23689.8344615,190444.0249175,0.009087164674617603,0.009839739214924086,20.0
20220521,54.77339245561538,54.865489375,48.82994113686511,48.6424870625,154452.284913,17204.676947,45013.8849995,46026.404981,18505.321432,22865.8709255,177861.87491950003,0.008459875617206273,0.00868498488281165,20.0
20220522,52.38071652878353,52.3994269375,45.75073185919682,45.660172687499994,153027.90491800001,17949.9969525,45006.9349985,45833.374979,17210.725929,22295.822911,175029.20492699998,0.008015711308503398,0.008007714222143587,20.0
20220523,57.264034325564694,57.250447937500006,61.43297563141904,60.75314127083334,146487.36489850003,9818.296455500002,45001.5249975,45616.794982,18175.134939,23080.037418,192592.5299285,0.008388457491809227,0.011831532197890883,19.25
20220524,49.56956461002814,49.609239645833334,53.12471460107179,52.53228352083334,144005.70491600002,12390.7334605,44948.205,47133.239968,15817.904928,18763.446908500002,189125.2449155,0.00713830009404631,0.01004722465999374,20.0
20220525,42.92338025179687,42.946677125,37.53496715122169,37.37044383333333,156273.6049165,28654.380471000004,44852.7649995,45278.594979,14202.0579315,18813.8909085,191246.20491850004,0.0067077913671500025,0.007178420019411712,20.0
20220526,48.24870105527799,48.394797833333335,40.07311814705371,39.922191958333336,138649.5999195,12180.7837565,44875.6849985,45311.7949795,14597.194434000001,18030.2644155,184332.8599235,0.0066896630979498516,0.0073867924740987165,20.0
20220527,49.95068627713507,49.91415377083334,41.09637797967259,41.04600797916667,139855.694914,11864.036444000001,44873.4249985,45618.4149715,15319.880430000001,18605.455912999998,188614.6949215,0.006985887940719929,0.007751380795014595,20.0
20220528,47.50530063507102,47.52893993750001,40.786271020392014,40.65597489583333,126894.6999215,6053.474434000001,44853.509999500006,42646.064996,12693.6024305,17106.0784115,182089.8049105,0.0060281708687679805,0.0074267641331299625,20.0
20220529,47.73530485640329,47.6923189375,39.5842490330746,39.48242922916666,136663.414923,13220.0204505,44818.6049985,42613.4449985,14334.399931,17418.062417499998,176467.9099255,0.006523669774066539,0.006985349692837169,20.0
20220530,49.88214419360498,49.86112704166667,41.74965608797017,41.52808739583333,143473.7899235,13029.429814,44814.01,46273.07997,15793.541936,19071.42392,188389.7949235,0.007156780276967017,0.007865209148539354,20.0
20220531,40.22761894837067,40.155416645833334,35.590786180926315,35.385947875,164220.804924,39267.704480500004,44797.155,44509.274982,14025.705931,18483.4029105,191339.8199175,0.006606211963877386,0.006809934618580688,20.0
20220601,39.91854718263605,40.130578625,35.641311040903,35.61267015277778,164294.71657650004,36778.02780333333,44852.26833133333,46068.769981499994,13866.200082666666,18572.439908,189092.61325033335,0.006558406395516833,0.006739508644392306,19.791666666666668
20220602,43.57439084032627,43.50462870833334,38.45961971768851,38.341268541666665,163741.269915,35915.149991,44872.554999500004,45450.719991499995,15795.7119355,18643.0824175,192070.10992050002,0.007134926091967567,0.007386943386677062,20.0
20220603,46.63294182714745,46.63858935416667,39.13955268576945,39.04378533333334,149352.9949165,19105.551951,44900.404999499995,47498.139955,15216.723426499999,18760.7369225,191566.6749185,0.006964769523651393,0.0074978339658103,20.0
20220604,41.60136887920989,41.811758187500004,35.78654631220038,35.753012375000004,141273.4099125,21309.398969,44849.845,40656.569994000005,11370.230939000001,18742.9774195,174257.4449185,0.00587716723859374,0.006236072122821607,20.0
20220605,32.483930805754326,32.59513577083334,29.35321483137493,29.439235750000005,144545.3849155,32793.1069725,44794.2349995,37010.259998,7413.722943999999,18224.3009095,170494.144923,0.0046954022818862275,0.005004551263416391,20.0
20220606,42.98475563853312,43.05488322916667,37.02200090003393,36.82214745833333,139827.0949205,18260.74295,44754.87,39990.359997,10989.114438999999,20458.5059185,185336.7649105,0.006010433506803669,0.006861537877325908,20.0
20220607,41.240511913705674,41.726776875000006,35.28983465483362,35.287301875000004,142230.919909,22005.344454000002,44605.885,39601.324995999996,10486.935441000001,20501.491428,187020.774914,0.005865675947004432,0.006599932223733916,20.0
20220608,46.10222791948034,46.12219377083333,38.292323475365144,38.258039520833336,138134.11491950002,14071.772949499999,44412.46000000001,42617.3149765,11534.8059345,21876.385914,187051.409918,0.00636829044947448,0.00716263309510318,20.0
20220609,49.640142124140574,49.630745770833336,41.12527174852355,41.04466866666667,134879.2649205,9706.013460500002,44334.635,40658.4249915,11691.410441,23965.0514465,187420.869907,0.006695425880253228,0.007707734206270054,20.0
20220610,47.7316224137845,47.62002027083333,39.3759827247974,39.276139375,143473.709911,4305.1727255,55903.789934500004,41136.849979,10441.485421000001,27404.322497,189058.3999125,0.006848232947776704,0.007444360288932439,20.0
20220611,29.47489904426108,29.85103347916667,27.28427716827135,27.414879791666667,153996.3499235,31266.668981000003,62575.06991400001,28150.9764695,4696.90295,22671.612405,179286.9199145,0.004539026867179865,0.0048917140155928865,20.0
20220612,28.20322315004524,28.2451963125,26.41843226753584,26.44347164583333,157035.2799165,33764.11647750001,64500.46992050001,27201.7249635,4441.886947999999,22394.525417000004,178163.304917,0.004428901041914867,0.0047067952035101,20.0
20220613,33.03587996200016,33.081443541666665,29.698765934028945,29.724368875,156091.07491650002,12299.4034475,65826.49992550001,42319.988962,5452.081443,25540.712474,192725.2949235,0.005156606014081068,0.005723703423499724,20.0
20220614,35.716316074186174,35.77062914583334,31.70935046435482,31.705006229166667,157061.66991250002,9227.7773105,65930.28992400001,43767.681444,5565.4069435,28187.869999,191496.559916,0.005609664245734347,0.006072231531094765,20.0
20220615,31.402824256843928,31.59473012731482,29.37677547929113,29.40519243287037,176199.24492394447,32423.406297944442,65943.0510253889,39470.11972805556,5388.937333277778,28337.746665166665,195931.2965826667,0.005533153922535228,0.0057558297090754005,19.708333333333332
20220616,29.59805099933973,29.696317062500004,28.12708740063472,28.21044220833333,186725.6449105,47031.319983,65768.2849185,36394.157971,5536.024948,27608.8099975,198574.96992,0.00552671516094558,0.005585335534518251,20.0
20220617,37.860978456406045,38.02806567655367,33.56411201220761,33.54588627966102,163536.09070574574,14490.031324110172,65663.49667135876,41263.42821284746,6216.716408723163,31343.388555652542,195847.62537326838,0.006191636407055104,0.006573451635353254,48.291666666666664
20220618,33.40790708864746,33.573576333333335,29.90021080504359,30.002048312500005,158449.03662033333,20323.507294,65555.92994983333,36369.130973,4965.3058005,27342.659999,193770.53994699998,0.005293450693697795,0.005793779992222419,60.0
20220619,32.08441844206236,32.138473187500004,29.012837633938588,29.037948770833328,164743.59664083333,19132.152150166665,65606.96164166667,44720.14999533333,4885.825984666666,27391.511665666665,200267.88997466664,0.005285702490274835,0.005810339775126481,60.0
20220620,39.499953139294924,39.51676910912698,34.650727143771306,34.63061987301587,160933.91992064286,3740.4711024761905,65921.6387272619,47770.780179,5957.869839047619,33044.90142557143,196956.13110576192,0.006356882295388435,0.006824673158238604,33.375
20220621,35.31649220226136,35.427171302631585,31.731129797532788,31.75280767763158,160788.93649878947,12549.030346684209,65751.57018113157,43040.85938131579,5185.323792026316,29685.266577447368,191464.93939494737,0.005678501222069395,0.006075398843617824,19.958333333333332
20220622,36.28322235828199,36.256491458333336,32.49781060117468,32.437383000000004,159435.85990749998,11075.801962000001,65602.65491499999,43444.247934,4931.0959485,31075.2499975,189598.21492499998,0.0057848467569077185,0.006161526878953459,20.0
20220623,27.934745912621004,28.036398583333334,26.255264999048286,26.31613404166667,165668.4899095,38944.7949835,65623.359922,28505.631462499998,3820.3544515000003,25062.988488,189552.124916,0.004627907171349499,0.004976741270802284,20.0
20220624,30.53368498683614,30.649942,27.751999220692323,27.7610275,140876.48991150002,17206.943949499997,65603.50492149999,26276.468955,3310.4809725000005,23819.350429500002,173057.86992,0.004301478365008941,0.0048027018711545135,20.0
20220625,31.549175264079214,31.628087833333336,28.29085411000237,28.330415312499998,133954.56492600002,13550.935055,65567.6249205,23700.2944535,3436.0249505,23049.057419499997,169055.18992,0.004226156046273853,0.004782715714565463,20.0
20220626,29.966172213807994,30.029981791666668,27.461306012496305,27.476231895833337,142387.3649215,17036.1759485,65482.2999215,28602.634465000003,3562.5514594999995,23117.007427,172140.80491200002,0.004266804298307993,0.00472721132092586,20.0
20220627,33.72599696776096,33.809174937499996,30.24000603916272,30.27342575,152109.2599145,9328.271624,65197.759923000005,40953.20794,4182.991964000001,28055.0729975,193469.249924,0.005130036438644791,0.005850511286094042,20.0
20220628,29.90955857225157,29.9607528125,27.93470582144285,27.925604312500003,167521.61991900002,29575.658958500004,64897.284922000006,37323.018441,3728.7884599999998,27755.0999955,194636.1499175,0.005010497703085796,0.005437103590163611,20.0
20220629,32.291658875396855,32.362883875,29.624845234825887,29.569238354166668,162638.469909,19015.1354565,64521.4349295,42070.3529355,4292.177951,28201.094998500004,193891.0249195,0.005251865990317924,0.005743991605661957,20.0
20220630,34.944761310051554,34.964804604166666,30.98415314136805,30.977931666666667,150680.55991,9091.615669,64525.299923000006,39695.06043900001,4302.6959655,28506.5949975,192771.4249185,0.0052654962001198735,0.005972859350954538,20.0
20220701,33.92733230093612,34.001404375,30.340528041729463,30.32971064583333,150342.9749195,14760.9294615,63770.6999105,35693.407456500005,3969.6909665000003,28215.9824935,192057.0149155,0.005100736069205181,0.0058271112466545824,20.0
20220702,28.825253332027902,28.902141979166668,26.417310694120985,26.467544229166666,144339.12991850002,28516.4974775,64342.284920499995,21526.4494385,3257.1269675000003,22987.968408,182397.954917,0.004160611985625251,0.004818463445014661,20.0
20220703,30.44325325330993,30.483180229166667,27.417223550590066,27.4419900625,139874.33991049998,23964.385442,64388.359912500004,20315.989431,3348.2584699999998,23461.338928,179471.1399225,0.004258229953534908,0.0049206003641344125,20.0
20220704,34.936437635510984,34.93897877083334,30.96834561842713,30.926267166666673,147601.394911,13689.9494475,64518.904918500004,32531.955466,4106.5844555,28357.3849975,189915.999923,0.00515666692822258,0.0058813843240846445,20.0
20220705,32.49057581297555,32.701612958333335,29.521310630018363,29.573282125000002,150531.7649095,30074.396971500002,64415.519920000006,21411.26142,3635.3029475000003,26537.449999,187702.54991350003,0.004890863720053123,0.0055412252820429605,20.0
20220706,36.61567777818272,36.767695833333335,32.66931200343484,32.69879402083333,148027.2199125,18094.5209425,63352.8399145,28494.528956500002,4402.522454,29315.049999000003,184585.479933,0.005420116986716293,0.006030280635234937,20.0
20220707,37.55327422023223,37.810404291666664,33.17500384639335,33.185068666666666,151497.5549205,23574.504956,60954.6899225,27930.9149635,4732.9949455000005,30378.7549985,185773.024922,0.005689229223624229,0.006163020816343479,20.0
20220708,35.115011433020996,35.238303366228074,31.42548578844071,31.43879042982456,156651.7749148421,28073.528757973683,65205.83624363158,25197.140243947368,4817.324215526316,29281.646051131578,187365.90017892106,0.0055008288671377125,0.005888064433311084,19.958333333333332
20220709,39.479611871607275,39.567537375,33.37831130989193,33.3976918125,131105.8599195,9172.263957,65247.7249125,21378.178942500002,4529.8844555,27521.910993999998,177806.79491,0.005176008463715173,0.005934890553520087,20.0
20220710,38.517970602285494,38.45349114583333,32.43863857953791,32.432471041666666,122373.844928,5869.3795755,56170.104957,27468.459439500002,4721.52196,23883.57345,173403.634927,0.004713592161425349,0.0056249778417750895,20.0
20220711,42.92078178327398,43.011345500000004,38.918583563376025,38.71851035416667,128513.484918,5305.624675,44189.8099995,41780.7239845,5655.8069545,27646.899999,183551.1599235,0.00551589924237355,0.007143551155637332,20.0
20220712,42.56411768065043,42.75724152083333,35.354052771332526,35.42130810416668,130273.299925,4835.318672,43985.0799995,43874.127963,5521.7679475,28142.194999,183963.4549145,0.0055449680686543695,0.006503853693043886,20.0
20220713,43.32955914359436,43.528937625000005,35.73885659137388,35.80588785416667,128867.934918,4411.5502825,43461.9699995,43774.7224475,5510.25345,28365.2599995,185026.5599235,0.0055837908077423495,0.006612637690701212,20.0
20220714,40.21782858291194,40.40649947916667,33.99535304552452,34.09425004166667,133251.9749265,19475.3734425,43485.404999499995,33308.035469,4707.8429535,28505.644996000003,184643.9049185,0.0053591050859284565,0.006277034735408668,20.0
20220715,41.36931835245575,41.4195271875,34.76023601122489,34.76674795833333,134530.794917,16032.918943,43989.054999,36644.607470999996,5179.5389605,28994.4784915,184920.549912,0.0055654472831303085,0.006427881958266611,20.0
20220716,38.32411124682984,38.681829666666665,33.16591738672624,33.255614625,120557.579924,10450.7444465,44153.4849995,34251.574970500005,4562.9189525,23434.251439,177289.309919,0.004620262104655956,0.005879962606323259,20.0
20220717,35.57407117408876,35.6579503125,30.597931393726515,30.624587416666667,129110.699914,15466.249939000001,57980.649934,24005.987438000004,4121.8364515,24120.7769575,178859.5849245,0.004592993228077051,0.005472733308630252,20.0
20220718,34.425572517688224,34.60895025,30.223002238713985,30.304165041666664,145787.52492250002,10258.813449500001,62466.41493500001,38548.789467,4624.7724530000005,26187.5449985,186539.60991300002,0.005018819011393803,0.005637787048009433,20.0
20220719,32.47050640925486,32.68130645833333,29.1699180252221,29.206146479166666,149962.9649175,17671.0574585,64005.8449295,34736.286469,4260.8579525000005,25023.012951,184825.63491800003,0.0048693734135045455,0.005391348619517688,20.0
20220720,30.415967312437406,30.463667187500004,27.628706888677694,27.63057729166667,146158.9949155,13420.119953000001,65559.66491650001,35469.3179715,4071.7104630000003,23276.089420999997,182397.634921,0.0044455672117685524,0.005039410792420352,20.0
20220721,30.88263037182721,30.935248187499997,27.8629610210996,27.869239770833335,147809.77491449998,18176.301449,65160.2049125,32473.34347,4174.191957499999,23657.177928999998,187389.5899135,0.0045647546440274805,0.0052212288395196895,20.0
20220722,30.695570711689317,30.736819375,27.601270397784834,27.635527479166665,146279.2349155,14753.838953500002,64765.029921500005,35403.364475,4277.809449,23260.104427,187810.4349225,0.0044901245990005435,0.005183806597821494,20.0
20220723,32.21194312263209,32.231904291666666,28.677871331543955,28.6811735,138367.304918,18117.2614435,64569.419919500004,24361.502463,3535.4079665,24424.116982499996,178327.43492149998,0.004457079756050509,0.005114051233563054,20.0
20220724,34.503519848997634,34.5766975625,30.046285173165415,30.058894416666664,133952.104916,9670.245019499998,64658.804916500005,27512.113968999998,3929.1759615,24798.0429925,174402.004916,0.00462181911078422,0.005240132374477933,20.0
20220725,31.589360584759543,31.805437354166667,28.469235464610584,28.5338233125,149679.914915,23734.060981,64406.2199215,28776.8199645,4201.770463,25045.400491,185481.299918,0.004728292804546063,0.005280510801647598,20.0
20220726,24.494106841802296,24.55966925,23.63200918023605,23.700544375000003,167591.8049135,54601.884984000004,64166.189922000005,20129.258909999997,2918.8754995,23107.494422,188058.82491700002,0.004105011575361756,0.004444207876862949,20.0
20220727,28.342015261409912,28.48713595833333,26.254417085580304,26.302140270833334,154847.3499175,36098.785479,63267.03993,24550.6559555,3595.4954575,23803.6954515,185440.544919,0.004388685954550666,0.0048686334108807156,20.0
20220728,31.411100268600453,31.46968789583333,28.28401389141935,28.326908854166664,150190.02491849998,21741.070453,63392.0249185,32879.363973,4330.1779565,24511.051963500002,184808.364917,0.004717633932058604,0.005227122360562924,20.0
20220729,35.24317728517993,35.261285145833334,31.31572442553741,31.32085275,155644.1099185,23290.288454499998,63457.569925,30921.7859685,4373.7854585000005,29946.8549965,186799.424922,0.005485392959251728,0.005849759313706218,20.0
20220730,38.466197244491056,38.49213127083333,33.01368978550309,33.02527733333333,141479.1599175,15978.110938,63331.1049185,24649.31695,4260.9594565,29919.4499985,177366.2549275,0.0054421652713714476,0.005855514518592945,20.0
20220731,41.16663313890139,41.205081,34.6832445614192,34.69106660416667,135700.0549185,10167.554168499999,63117.729919000005,23733.5489515,4605.8709475,30298.36,172395.939922,0.005586314377758661,0.005979250545710458,20.0
20220801,38.22262249904929,38.34829650548246,32.90866051433622,32.95578199122807,146196.51254673686,9253.789748210527,62997.13123018421,35193.79189202632,4540.164619605263,30498.798681710527,185308.05124086843,0.005588014109751446,0.00609823974885896,19.875
20220802,33.78040891033694,33.895410166666665,30.331594015119904,30.385369479166666,154553.4449235,26220.830467500004,63049.9049195,28462.150461,3872.3399535,29059.345,184414.8999295,0.005220878568017069,0.005593597875000559,20.0
20220803,29.393438643242444,29.41600619471154,27.294029216536934,27.327060439903846,110159.15494392307,29590.683070423074,42007.2426425,15084.950120076923,2099.0760566153845,18390.820383615384,127909.57494611538,0.00323795636183564,0.0034911676756540938,19.5625
20220804,27.383393712954206,27.420176833333336,25.9706124745062,25.978915666666666,129277.92993999999,41784.6099855,46894.1049375,15118.835942,2793.5629700000004,19405.1399995,146967.4499435,0.00354006845394273,0.0038168346888490263,18.944444444444443
20220805,30.6525475167128,30.933083291666666,28.05673257135824,28.115096479166667,160517.29492050002,35434.5889685,62380.344927,29289.5539635,4193.8739515,26411.55,192976.1449145,0.004920264009804829,0.0054142800905178,20.0
20220806,30.222633772590004,30.8066818125,27.950071483789795,28.032433770833336,158083.6899075,44801.361477,62494.7549205,18241.2253945,4108.263950500001,25527.109999500004,181812.38492050002,0.004777705465494055,0.005081669155166281,20.0
20220807,30.32912615457557,30.4810504375,28.188449931333388,28.177288354166667,160297.9649205,46539.099977499995,55395.764916500004,23973.1899565,4015.202463,26299.5349985,179625.029921,0.004861697200395574,0.00506335116234237,20.0
20220808,41.968362855941166,41.98027672916667,35.73374777365897,35.721539562500006,145106.22990950002,8035.310864499999,55590.29491750001,40190.208987,5622.0034535,31842.709998500002,187753.574913,0.00608987090949952,0.006709138889543926,20.0
20220809,37.38701527338936,37.72700789583333,33.05832689558466,33.03219627083333,158631.294918,17837.000757,64098.984916500005,36155.1234845,4923.218456,31549.244998000002,190674.0699145,0.005930750645936797,0.0063033657337451055,20.0
20220810,26.514565241296555,26.530629895833332,25.517663786044057,25.511138041666666,183934.344912,55897.4899875,63854.939932,31188.373971,4040.2844585000003,26028.899999,194374.38491750002,0.0048769391882843675,0.004959980202943878,20.0
20220811,26.93944373721457,26.973956562499996,25.888480311886823,25.89266752083333,185341.20491849998,54319.814977999995,63827.93992,32581.0839755,4074.0789545000002,27054.2549995,197953.80492,0.0049929889620894865,0.005124723181334505,20.0
20220812,34.310191356041074,34.40826270833333,31.22741430330171,31.261200833333334,171713.66492349998,30231.661968999997,63961.454927000006,36795.6909705,4722.5009635,32233.0199975,198004.629923,0.005891528701972403,0.006183172612577452,20.0
20220813,41.098259499961635,41.23823770833334,35.19527617225449,35.257337625,146300.344917,14095.989459,56617.37491300001,34169.989981,4800.2899595,32859.489994999996,183426.2499155,0.006012689540332759,0.006455737523016994,20.0
20220814,48.14865870992239,48.04878495833333,39.63013098744325,39.5413855,139036.96991699998,7430.325428,52306.469922000004,35244.0234945,7242.442931,32979.914995,181185.68991800002,0.006694443612595378,0.007180412624500618,20.0
20220815,45.887520344253055,45.99451635416667,38.81209017700057,38.67995245833333,155767.84992349998,19461.352959,52239.0049155,38745.917451500005,8665.399926,33274.9799985,198021.269928,0.007147800382345163,0.007685619385409707,20.0
20220816,41.63658117181995,41.667033245614036,36.41319545680185,36.236631553728074,166006.38991289472,35935.73067944737,52116.832295736844,33864.052586473685,8506.87386563158,32104.10184160526,199389.7872923158,0.006911938528649034,0.0072604192967652414,19.958333333333332
20220817,40.70816332775944,40.696997875,36.43865125274883,36.3102876875,176051.809915,51689.0799805,52126.6199185,28349.617962,9434.0984275,31961.44,200984.544924,0.007166745832167479,0.007323605739678067,20.0
20220818,52.69113836821121,52.65393341666667,43.360692478357365,43.274416562499994,151405.5149155,11768.011572,52143.784923,40273.813945999995,11785.197413499998,32740.564999,197051.42992249998,0.007977728936122877,0.00854428645529011,20.0
20220819,47.09927775895507,47.1064754375,39.875246344175984,39.71898964583334,158276.58492499997,25996.1654575,52017.3449185,35829.1649605,11364.857932,30249.8549995,198830.284931,0.007454712836121415,0.007928406592306328,20.0
20220820,28.85314687378362,28.968754937500005,27.26823133425653,27.308985979166664,170001.419922,62021.1199895,51995.3449225,22983.1194585,4861.3304415,25067.5849995,186855.339915,0.004905075937761231,0.005095214634843358,20.0
20220821,29.800347756148913,29.85174675,27.89169685382712,27.920765250000002,165596.9599175,60707.854984499994,52105.344912500004,19975.256919,4950.5249495,25053.459998500002,184715.4099065,0.004934846992902552,0.0051520262173425126,20.0
20220822,44.43296568656436,44.351183375000005,38.90733587322667,38.79104983333334,166780.16491400002,35405.072486499994,52032.94491400001,35532.8049695,11823.101914500001,28929.014998,196265.474913,0.007410537344823308,0.007636166752758435,20.0
20220823,50.07515517017194,50.17670997916667,42.09151840244415,42.099083291666666,154833.24991850002,16468.613458,51900.834921,41659.174459,12824.290918499999,29026.1,198930.5499105,0.0077532990151709,0.008373288902366145,20.0
20220824,50.50359189218477,50.54329581250001,43.3133864920689,43.25944158333334,157264.2149215,19491.037949,51841.639925,41157.93246149999,13910.3809205,28542.249998,193057.574914,0.007942407729640272,0.008361977357471627,20.0
20220825,52.39141430460399,52.347460375000004,43.43226440945514,43.37441839583334,144274.6799275,6344.707726,51500.5649235,43916.969964,14391.748919,24576.2884725,188102.3899295,0.007558754529745785,0.008169712735468477,20.0
20220826,47.61822678407134,47.486060375,40.489611514890306,40.27605208333333,150553.229919,17896.9899765,51704.8799245,40654.097448500004,13486.839428000001,23692.4579295,191469.9249285,0.007169077845357377,0.007752542877140176,20.0
20220827,42.38222739827058,42.43139543750001,36.31498029345685,36.317872812500006,142144.35491450003,19388.314442000003,51716.20492250001,34960.1414655,9521.244928,23655.7709265,179582.2799255,0.006024394373366821,0.006521526956548585,20.0
20220828,43.18638610778404,43.393758354166664,36.663861432916825,36.682006,136727.84992300003,18090.8399565,55478.99991900001,27635.533955,8834.481423000001,24145.919961,177578.3999245,0.0059047817184618295,0.006510709848310956,20.0
20220829,41.5725822605678,41.51827716666667,36.83928961239769,36.74867479166667,159963.29490550002,28367.538971,59583.5699125,35767.308949,13530.388914000001,19976.269897,189620.329925,0.006650087236130366,0.006985478250505476,20.0
20220830,42.0955362027272,42.025052125,38.31442554387311,38.212885229166666,175474.494918,32231.365977499998,72575.654918,31199.3954605,15710.997409,20808.66241,191469.44991549998,0.00738669295347594,0.007336041982713764,20.0
20220831,44.30480605976925,44.39794366666666,39.92981171231195,39.82024341666666,176328.4499155,29508.841465999998,73483.47991600001,31557.811455,16305.945426499999,22571.026911,195120.00492099999,0.0078121977763259635,0.007791105057800911,20.0
20220901,43.6803327377422,43.58625191666667,40.3131217673733,40.134051854166664,188869.8499155,49137.7434815,62618.224919,32800.5314565,17282.225917,23516.802923000003,199784.1649115,0.00824989788843647,0.008053923367270288,20.0
20220902,46.67089125118627,46.5622725625,41.96403962517122,41.79304810416667,183973.5699155,36916.980986999995,71542.489925,29579.3744475,18134.8239225,24448.3474835,201504.22990799998,0.008586210474618815,0.008455931488498922,20.0
20220903,46.726692884277064,46.564601812499994,41.358237222433175,41.274430979166674,169297.6299205,35425.9949915,72050.69492400001,18677.266920000002,15721.958415500001,24454.0604935,189670.2849285,0.007910718359331199,0.007844428638119395,20.0
20220904,49.83918853967939,49.82219802083333,42.84930694555903,42.84426058333333,157005.7999175,17161.087947500004,72605.8949175,24536.1019305,15422.302418,24450.928478,184519.7449155,0.007825041663911462,0.007906543187400514,20.0
20220905,51.398428573988724,51.61842908333333,46.373812995986434,46.31438522916667,178226.48992199998,20523.443966,74240.13991900001,35862.645462,19936.956928,24941.590482,196120.934915,0.009160561512248637,0.009094875560346237,20.0
20220906,48.13473802906923,48.15237444188597,44.50060517714332,44.45796511842105,187471.7967684737,35332.12029621053,75615.1714993158,29497.26009005263,19276.020487473685,25127.54710426316,197156.31729023682,0.00902390582528939,0.008773575433912424,19.958333333333332
20220907,57.75599511587018,58.325806104166666,50.29621641446864,50.29689747916666,169032.259912,16643.792954,63927.489906999996,38505.674971,21675.1529245,25438.364998,194313.1449215,0.009762626377901972,0.00977321598914777,20.0
20220908,66.28901762419883,66.40557893750001,53.99489684745792,53.89740175,154012.1199095,3435.4620855,63601.719935,35708.863958500006,23234.5519595,24891.321999,196184.164904,0.010209312131021069,0.010592943747096155,20.0
20220909,52.89093814397845,52.963044000000004,47.4860280710577,47.330979541666665,177762.91491350002,21912.994963,79905.98491550001,27721.337435499998,21185.609428,24049.3174625,197602.5749215,0.009402047336983233,0.009383361419635632,20.0
20220910,48.191518791368466,48.2160333125,44.49773663381618,44.476020749999996,176260.6699135,22466.180949,82362.54492399999,26469.3234575,18038.209935,24061.640449500002,185654.3749195,0.00849426938631563,0.00826119948008368,20.0
20220911,52.11081670595719,52.146431187500006,47.87297611599904,47.87762914583334,170333.15991349999,10666.1084705,82346.45491500001,31027.1934575,19467.0174105,23939.2149485,177804.1899205,0.008876200075198893,0.008512015737388653,20.0
20220912,52.3222244199229,52.090893791666666,48.21441055897283,47.951068562500005,179805.674918,18045.5719625,83058.8749255,31210.7624565,21834.7019555,22980.540911,191594.88991650002,0.009407832875035297,0.009237634683435336,20.0
20220913,32.81713677138666,32.89883951535088,30.878455797925568,30.86240575109649,182562.04887234213,44404.20787523684,88529.08150578948,15992.925191789474,10322.359571736843,21298.152566289475,192290.37782068423,0.005991163727108227,0.005937629931902405,19.958333333333332
20220914,29.30496712492557,29.280050458333335,28.320854127341367,28.254727291666665,194720.4649065,53173.69498,92354.3749215,17439.8234085,10334.999421,19563.9554155,192986.6949145,0.005706276822635206,0.005465548035191286,20.0
20220915,33.63659811548947,33.68766204166667,31.3934418542635,31.25348364583333,180289.16491549998,32928.583974,94169.854925,19650.594911500004,11433.670922000001,19936.707907,191170.944916,0.006064314184839876,0.0060015139434450564,20.0
20220916,36.54530637271242,36.52701241666667,33.49038365383146,33.444712395833335,175112.8349135,26719.9069765,93351.334917,19358.1489255,11430.615420999999,22201.706418499998,193704.42491350003,0.006399552201708069,0.006487235505797905,20.0
20220917,41.58718102315861,41.49979529605263,37.33440610612362,37.25245114035088,164884.86123513157,25194.268525473686,86674.63228678948,15389.602384526315,13047.269268921053,22495.032254973685,180145.7612445263,0.006857096572163803,0.006725635008599931,19.958333333333332
20220918,43.38178431686201,43.32885004166667,38.20234985732971,38.1276413125,154582.0799135,17052.5199455,83403.934924,16821.9449095,12482.1429305,22556.2999075,176355.96493249998,0.006706046450059384,0.006737212271778333,20.0
20220919,36.28500081303519,36.52299296600878,34.53367892126385,34.41923705592105,193674.8022836842,49996.46603557895,83181.08808728948,22118.915380710525,13415.988284289473,22729.993721526313,191414.92465723684,0.0070274903583279116,0.006610261548850928,19.958333333333332
20220920,40.841565723957785,41.36942063377193,38.79887914980008,38.85187380921053,197269.38095907893,43207.72396842105,83471.96939397369,28086.32846186842,16741.730331842104,23422.16951673684,195691.8128210263,0.008056790387764688,0.007592622996248298,19.958333333333332
20220921,53.5919996138838,53.73019372916667,48.95395351317543,48.908506187499995,186889.514919,16132.716790999999,80430.8749215,40332.8524655,23451.651956499998,23916.1344465,196652.954926,0.01001578281137798,0.009626939613675988,20.0
20220922,52.43279831914611,52.47566875000001,47.877322353053,47.76636516666667,187699.5899175,28611.3974705,73457.944917,35974.547951500004,22319.05646,24647.629481000004,197879.80992600002,0.009841614742730709,0.00947395544698796,20.0
20220923,49.43944889233683,49.452330895833335,46.02939587860252,45.843868479166666,192211.5299195,34074.1499645,77832.85492700001,32106.4509515,21113.330446,24534.5184885,195739.344925,0.009502832109972992,0.009009763796571152,20.0
20220924,50.04719637405876,50.58827052083333,45.571332748803044,45.56538952083333,168862.5149155,16639.828466,78169.0249255,30943.0454645,19139.180422,21543.142437000002,180324.8949285,0.008451095444193455,0.008217645789679621,20.0
20220925,60.20467702606095,60.81585360416667,50.18882475378417,50.18266031250001,148275.464919,11082.024816,59839.839927,31789.869969,19979.6649275,23146.424438000002,180396.459921,0.008926876476337425,0.009053886313178118,20.0
20220926,48.17748470322648,48.19766666666667,44.19463323440143,44.03616666666667,187745.52990800003,28263.86796,89450.819923,22540.204446999996,18932.488422000002,26086.664998,198241.6449285,0.00904510739524182,0.008761216789399494,20.0
20220927,49.82836114467815,49.789928895833334,44.35422683256027,44.201345583333335,177935.474918,20653.052463,87091.4049265,23975.791957499998,18592.2934255,25146.0834895,198085.1099145,0.008866233104663923,0.008785911897300366,20.0
20220928,50.29149612503116,50.20137083333333,44.455335838328274,44.33991004166668,178151.5749145,18331.7704665,89611.82491350001,24450.278457,19860.108422,23541.2124385,202448.7199185,0.008959509239480775,0.008999925834016577,20.0
20220929,51.949972302484845,51.92336275,46.66548354972449,46.56209320833333,192316.064915,27638.170475500003,90271.21492150001,24681.4989555,22818.6534635,24845.989991000002,207228.6399155,0.009990814245657127,0.009670424687008546,20.0
20220930,60.00937614167863,59.98151664583333,52.05860796834491,51.99416,180302.7249225,2006.7257399999999,92632.634919,32413.949467000002,25622.135478000004,25324.207495000002,205567.159912,0.010819854039243916,0.010701540189024875,20.0
20221001,54.06637587772,54.17394377083334,49.530438863537874,49.48537470833333,183108.154925,18067.240174500002,86002.169925,29144.5429535,22532.035448,24988.704997499997,192267.24992099998,0.009899994330450837,0.009523081267672647,20.0
20221002,54.26962790702385,54.257208312500005,49.611820487481765,49.576412458333344,170251.52992,20938.015464999997,80234.439927,22350.061942499997,20852.283929999998,23662.9239465,185045.50491999998,0.00923948717935994,0.009180444372106463,20.0
20221003,60.66767588812958,60.61702895833333,50.69004231307492,50.56224766666667,166209.64491650002,8410.711969,80079.4899245,28828.816965500002,24546.480977,22240.818407,203546.4449155,0.010083552867275327,0.010317777905442669,20.0
20221004,57.49626798636124,57.56201229166667,49.0808327490876,48.94764560416667,174793.59992250003,14002.558276,80963.4549215,30068.2044595,23537.6364635,24002.290964,206478.744917,0.010049979663444873,0.010134148745512798,20.0
20221005,37.69279805950897,37.716981395833336,35.42643553601317,35.34774995833333,202305.254915,55272.2599855,90095.2599165,18053.3174155,16730.372925,20314.443408,206991.4099165,0.007625451119888579,0.007332967839915366,20.0
20221006,28.792040770056786,28.82465025,28.198755220511707,28.225075520833332,211201.8499275,72791.394984,90287.1099135,14786.1943985,11438.894927500001,19934.5439,197908.509911,0.006080932273823995,0.005580773627036504,20.0
20221007,28.176114665349058,28.190023770833335,27.827938407103844,27.87169860416667,219566.619921,78127.8049915,91517.099923,15943.163897,11522.5719305,20570.3949085,199607.824918,0.006186534259577211,0.005554674257394072,20.0
20221008,29.343719167159417,29.36525527083333,29.03209540156416,29.04063822916667,212206.5299185,70728.61498399999,92526.524917,14517.401903500002,11459.6519315,20982.8324035,189610.6899095,0.006226928819365877,0.005504795638609003,20.0
20221009,30.3537838716712,30.380402812499998,29.991569169022792,30.00220697916667,213110.089917,68086.5549825,92622.279916,15936.422902499999,11456.63193,22668.070917999998,190827.279912,0.0064686976102130336,0.005723209564817222,20.0
20221010,31.055938551448914,31.095969416666666,30.12835533861534,30.15249860416667,213308.42991900002,73260.47498500001,85268.489918,17545.861400499998,11617.6069405,23428.637908999997,204976.03992150002,0.006624493492070512,0.006175590966657156,20.0
20221011,31.884994594186637,31.961375208333333,30.668255456530524,30.653240333333333,207640.8349165,64648.3749855,87942.64492250001,18858.220421500002,11584.973934000001,22456.903904,203909.23991150002,0.006620626898845002,0.006253540659552852,20.0
20221012,51.36812853486788,52.14929370833334,46.88944628915783,46.6962435,195503.1699275,52098.8449865,67337.299924,26352.5919545,20007.882935,26481.318484,203970.82992,0.010042631961809937,0.009564079274088788,20.0
20221013,47.022979164340875,47.00714389583334,42.62510795825771,42.614633375,197614.41991599998,68555.719982,53313.439933500005,26643.025461499998,18318.5319325,28740.994999000002,211907.3399205,0.009292418750283376,0.009032573241258526,20.0
20221014,60.53966956700937,60.29269935416667,50.93259966064801,50.689114416666676,173046.104922,30484.0164695,53730.064917,34416.473479,21559.8109685,31084.5549985,205196.98992000002,0.010476154011835914,0.010451216139165387,20.0
20221015,43.078038978003704,43.386068583333326,37.821574299635216,37.88596010416667,167476.3899195,54435.754988500004,53747.1499205,18844.2879135,12093.381427,26764.4049975,193717.3699175,0.007214554452847568,0.007326695899464646,20.0
20221016,41.81263964758295,42.16490610416667,37.417770767618826,37.52163310416667,169866.579914,57868.798476,55503.324918,16954.365902999998,12152.3424325,25882.604998,190190.834914,0.007102570094111433,0.007116517062914087,20.0
20221017,51.02661037847788,51.309947875,44.157577884816874,44.161337374999995,177077.4499235,44255.8094835,62641.5299135,21720.368432999996,17523.949418,28825.479998000003,205333.86492000002,0.009035662044060864,0.009067046132595367,20.0
20221018,56.14821135994927,56.294813925438596,47.59308826373712,47.555124948464915,177098.74886821053,30633.681550342106,65602.14991578947,28644.034242473685,20103.141385842104,30095.86657844737,209381.64412926318,0.009943777983034863,0.009965119069850419,19.958333333333332
20221019,54.96245112190652,55.00759566666667,47.86560311650645,47.736822979166675,189582.2249175,40333.5214835,66421.97492549999,28677.172464,21439.961446,30561.649999,215907.13992050002,0.01041990377061038,0.010334525469454679,20.0
20221020,63.39315323292876,63.39472058333334,52.53624115285679,52.455229020833336,175701.0399095,13231.9771645,66405.27492200001,39238.778467,23993.508976999998,30632.814997999998,211811.0349235,0.011138242946167864,0.011127755609577168,20.0
20221021,64.45238777971494,64.31609114583334,53.43478191410536,53.30284983333334,172044.1949235,12670.947971000001,66281.51991900001,36642.13248099999,24012.666970500002,30445.3099985,209795.264916,0.011088659166458287,0.011210364227398418,20.0
20221022,46.15799584577399,46.47219116666667,41.24804282500926,41.30449547916667,183411.28991649998,52810.384989499995,66270.399926,19383.306408,16782.5984295,26194.639997500002,201331.78992150002,0.008465897558033855,0.008304542292717801,20.0
20221023,48.689742970017704,48.78448749999999,43.33162373509032,43.3450225625,183601.964928,49955.99999150001,66339.574915,20297.1404185,18101.4024185,26922.259997499998,201497.544923,0.008939532481134525,0.008731215800147895,20.0
20221024,66.70816940999661,66.72723271296297,54.53755934543249,54.43028884953704,170686.22435205555,13133.046856722223,66420.70825550001,33475.62747200001,25209.4269745,29840.418330333334,222748.3226938889,0.01138616557002961,0.012148149868013514,19.916666666666668
20221025,53.469272611048595,53.57559952083334,45.45411539596488,45.43252302083334,186808.2149215,40779.9409905,66416.449929,29056.223964999997,21865.147947999998,26561.889999500003,225003.0499205,0.00998849936962104,0.010227314595530453,20.0
20221026,58.44745979434942,58.49279985416666,48.11967891084646,48.072753958333344,164399.98491250002,15588.4239655,66450.9899285,33655.37647,20890.205428499998,26095.696497,211589.85491599998,0.009608761508364996,0.010181635879350505,20.0
20221027,59.36901889831653,59.502318624999994,48.969294224222736,48.93448514583334,170731.14492450003,19802.9424665,66432.9349205,32380.926966,21138.849931,29252.934997999997,214652.98492400002,0.01013614056955386,0.010511405174851003,20.0
20221028,52.73190666450499,52.82033372916667,44.74063494192526,44.75049143750001,177988.659926,40039.222985,66348.14492,21291.505924,17668.20292,31012.029996999998,212129.754928,0.009385681402558152,0.009490819925553718,20.0
20221029,40.35321656490093,40.677400187500005,38.54635292123534,38.62838129166667,201822.204919,76198.7649945,66419.2399255,13849.970911,13806.417426,29898.859997500003,195445.029924,0.008144175142702222,0.007533693100151906,20.0
20221030,49.74649638682844,50.29629340961098,45.280092334400145,45.14743270938215,186140.13229173684,49933.424133394736,63706.63913336843,22643.791863894734,17661.106542894737,30081.67210276316,196756.51834036846,0.009259819418494655,0.00890915331784698,19.956521739130434
20221031,55.9171225803142,56.34984339583334,47.44969512640876,47.506472583333334,183344.944912,36841.7864905,66481.57492300001,25919.083957000003,20349.294421000002,31727.134998,220768.289923,0.010252121759125259,0.01047538805042497,20.0
20221101,61.10338757623666,61.07936858333333,51.03177841988269,50.861414249999996,169556.44492049998,11290.950074,66454.5499235,37213.018473,19552.3984195,33043.4999975,213428.1549175,0.010360473170026134,0.010891618310314257,20.0
20221102,59.55364818206501,59.655039208333335,49.24691191748163,49.230451499999994,175326.3949175,21759.365978,66485.0399155,29997.452458,18906.024413500003,32383.0299975,216438.134916,0.010441326439946587,0.010658909765792259,20.0
20221103,53.203045799697954,53.187295750000004,44.89913659644219,44.87313158333333,180552.0349185,31096.279991,66435.21492,26435.413948,16305.9094225,31365.684996,216769.944912,0.00960591818299762,0.009732783366607137,20.0
20221104,51.739598084023164,51.64598941666667,44.09167607818026,44.042691354166664,185365.2449155,40335.834987,65786.74492150001,24179.144462,16899.238927,30877.3449965,220929.85491300002,0.009590723270674487,0.009741167598823357,20.0
20221105,46.546525473413105,46.58090703070175,39.83938621913795,39.82821091666667,178428.0396426316,43684.85524260526,66466.14177089473,23092.76047863158,14987.893616605263,28211.692629578945,215813.8401889737,0.008305205292396915,0.008597890930723839,19.958333333333332
20221106,42.95915336903454,43.10093527083333,37.97286788992184,37.998397833333335,181257.7749215,51733.70998,66489.3599185,20079.530428500002,13469.2704265,27608.9649975,208875.21491799998,0.007786680552182661,0.007931590941560243,20.0
20221107,58.63441890100802,58.55601654166667,48.66762874391948,48.6204911875,167346.05491300003,12447.6184505,66479.71991500001,33853.692477,20416.360939,24312.292464500002,211803.2899175,0.009812238685199934,0.010307963880445633,20.0
20221108,66.14387718741847,66.21781441666667,54.431641247467105,54.41596639583333,173902.3799285,8242.234465500002,66564.2499245,36690.443962000005,25224.753481,26249.360485999998,214882.664919,0.01150257766059049,0.011696416127170694,20.0
20221109,62.63083424402317,62.821499770833334,52.18350060985285,52.259424708333334,183954.359921,17848.4309585,66545.81992149999,36381.2144565,24595.6904715,27532.169998499998,222341.5199165,0.01152121502467753,0.011602558840158287,20.0
20221110,59.769354146311464,59.76648331250001,50.26364561864733,50.147264291666666,180423.75992450002,19346.1664525,65889.909919,35522.9054655,22086.5599555,27885.864997000004,214826.0299195,0.010783811603336519,0.010797939437534676,20.0
20221111,35.9266288654179,36.00061695833333,33.50262103939948,33.59505816666667,205302.0749185,82840.22498599999,63139.8899215,18411.662913500004,12424.714423,26836.1999995,220276.93992,0.007375811450897169,0.007379854841858328,20.0
20221112,35.12310547649243,35.27014796491228,33.57584542082654,33.686023923245614,205529.84544402632,85497.70972628947,63118.736239342106,17221.870047289474,12679.528078078947,25278.323419052635,205200.6941316842,0.007218846440097723,0.006889786786411736,19.916666666666668
20221113,61.4852613977577,61.4797374375,51.632723273947285,51.349418625,173639.21991450002,18233.971473,66346.429929,31066.735462999997,22602.238971,26771.514998,203901.594928,0.010676252825345768,0.010527994626033916,20.0
20221114,67.0964806864928,67.08347225,55.54743489824426,55.488835270833334,184888.379916,13970.058464,66495.6299285,36852.7029665,27042.7544845,28440.8149975,223486.71992550002,0.012405359612190837,0.012414114025683862,20.0
20221115,64.51235221263397,64.35430591666666,53.35452886760909,53.17795783333333,187926.42491350003,17546.1394575,66480.264915,40064.653954,26947.9894845,28048.6899955,228330.64992000003,0.012123575714080825,0.012182474252516586,20.0
20221116,74.47834457489567,74.51251222916666,60.88384956402065,60.84641447916667,184026.8799085,3071.770489,66536.5349185,43437.9864755,31242.4199995,30600.9599995,236434.769966,0.01370601737286821,0.014395058966313773,20.0
20221117,74.36978699296237,74.55055989583333,61.24027688933904,61.31902716666667,184354.644917,3145.184476,66360.18491150002,44106.16446,31207.394999999997,30946.424999000003,239312.50997150003,0.013710415673640505,0.014655564373737372,20.0
20221118,76.5332750145938,76.688158,66.62636141043815,66.68276641666667,181119.7449175,5297.824720500001,66516.3399185,42657.253458499996,33616.024999999994,30442.384999,243979.834975,0.013861687248344105,0.01625548866190341,20.0
20221119,74.98886559626567,75.04964966666667,61.01680687441347,61.02988302083333,183757.34492,10798.8094485,66556.69992350001,39522.6249915,32925.524999999994,31376.064999000002,236657.814953,0.013779754840532512,0.01444010419030788,20.0
20221120,75.87730477160123,75.95496672916667,62.99757683092865,63.02081450000001,180190.8549185,12508.57844,66583.67492,34135.6694795,32257.6499995,31730.544998999998,232522.9299365,0.013672396415706405,0.0146483811436273,20.0
20221121,78.44034065822484,78.48206595833334,66.1704123136518,66.15642856250001,200468.56991949998,17111.64343,66620.519925,36643.1369755,37691.59,31870.934997,247969.83997899998,0.015724822915752744,0.016408266552760686,20.0
20221122,83.87043014703244,83.91580777083333,68.90644652684635,68.89061641666666,197989.0499125,10030.295956000002,66637.7399165,36238.175474,40091.484999500004,31692.094998999997,249852.38498050004,0.016605426780563648,0.017216440005263855,20.0
20221123,85.33543802523083,85.48352241666667,69.55893423894909,69.57639710416667,197405.08993050002,7001.8334525,66651.3149235,37273.292965500004,40342.554999,32976.289999,249119.2749805,0.016845649817629305,0.017328471266023274,20.0
20221124,87.14184955858244,87.237241,70.7591442601064,70.78131152083334,196262.77992549998,6148.212472,66670.3299235,36585.4694695,41692.7249995,32272.129997999997,250885.484975,0.017102701642217093,0.017752442224112777,20.0
20221125,88.6589832843426,88.71167210416667,75.27766985077771,75.1216951875,189739.6749255,6361.205478,66678.9199175,31138.1549625,40984.734999,32216.259999,250854.2699815,0.016822126667596506,0.018883724916325215,20.0
20221126,87.08924520377136,87.19449766666666,69.98389374948809,70.00393058333333,182601.2649185,6288.206473,66710.9999195,27064.940960000004,37184.78999999999,33488.4399985,238465.949957,0.015902606335006057,0.01668877570466143,20.0
20221127,85.50994498749228,85.5980809375,69.61710048522787,69.62885591666668,182982.084922,9808.958469000001,66712.5449105,26382.1944515,36365.945,34650.8099985,233782.834948,0.01564678801537686,0.016275283112296358,20.0
20221128,84.63938317749593,84.7053975625,69.03700680224448,69.0519080625,191956.91991599998,9559.2204705,66732.66990850001,33128.2304785,38009.43,35835.804998499996,243470.25497299997,0.016247115298342222,0.0168084576487152,20.0
20221129,84.74153553877127,84.87330572916666,71.18331255560955,71.18517250000001,194930.124915,11476.426462,66724.87492500001,33525.281967,39092.7299995,35688.444999,236490.93996450002,0.016518678108061596,0.016834208496062895,20.0
20221130,89.61935945372288,89.5678081875,74.7279712899034,74.66564966666667,192691.699921,4409.884435,66736.469919,35373.6674735,41455.949998,36277.184999499994,234144.079954,0.017268906718969003,0.017497112084503358,20.0
20221201,89.30290961207807,89.47280414583334,75.19060081346193,75.20711585416667,195462.70492450002,5613.4474865,66712.834921,35879.644471499996,41747.55,36901.6199995,235263.139967,0.017455388270404913,0.017689576843380315,20.0
20221202,90.06705272558544,90.15520195833335,73.38771461558576,73.411463875,193637.0649175,3596.2276819999997,66721.544921,35950.073475,41795.124999,36702.8199975,240746.70497850003,0.017440319735552084,0.017667850479604782,20.0
20221203,92.18222507769836,92.23011391666667,73.3197952561495,73.32554127083334,183288.36991900002,2950.1962894999997,66731.7649095,29700.886477499997,41510.91499999999,33234.1749995,234519.234936,0.016895929769997698,0.01719490228913634,20.0
20221204,95.78694567748329,95.8191099375,78.60234795392276,78.56530560416667,185978.8199225,3359.835013,66764.40991850001,27960.290965,44141.3149995,34473.944999499996,232464.349949,0.017814343121078952,0.018272243721573763,20.0
20221205,70.62307474337241,71.21210591666666,65.9818653810522,66.06796810416667,237582.4199775,58528.0199885,66783.7199295,28360.885966499998,40424.97,34739.5099995,245342.889974,0.016778801003782276,0.01618818153846277,20.0
20221206,78.7208384508785,79.10542002083334,71.30361996711991,71.19742233333334,217601.0349165,33303.7624625,66803.87991650001,32811.3569605,42049.78999999999,34227.194999,231654.00993200002,0.01712973591640577,0.01651776948805075,20.0
20221207,88.71873932235121,88.81687854166667,78.1625568679785,78.127097375,212919.46991599997,19850.3464575,66806.82492099999,33957.18647,47062.0599715,35828.634999,241025.9699735,0.0188899469481308,0.01883920608471337,20.0
20221208,84.14308169800641,84.196962,75.64703552283362,75.70234733333335,227501.1899265,34824.1299925,66804.73491550001,32650.181466500002,48263.5249485,35387.374998,247940.26497800002,0.019142651210379162,0.01875594603233155,20.0
20221209,87.57616873884444,87.74297847916667,74.4733914123715,74.526332875,215542.779915,20745.1594455,66283.219918,34712.5979625,46785.3949815,35888.859998500004,256170.264986,0.01887641086427565,0.019077868412513306,20.0
20221210,82.7012015535254,83.06345383333333,73.72642667606473,73.7814890625,222928.3449275,32470.203984,66789.569923,30316.807474,44931.8499975,35607.124999,242407.054969,0.018436441985843006,0.01787180596393277,20.0
20221211,80.59109807951559,80.592534625,74.47408992786148,74.45644733333334,234477.31994300004,41967.369989,66798.82492849999,29791.7529645,45944.73999649999,36641.2899985,237271.854957,0.018896784688948273,0.017670605463418126,20.0
20221212,72.37695391264342,72.71997670833333,69.55114673139747,69.71699920833333,277480.55998849997,79944.029992,66812.724921,30354.228475,50365.1249355,35835.6499995,269187.36999100004,0.02008319770194215,0.018722290268483023,20.0
20221213,85.24273192359881,86.197516375,78.1807887173557,78.11104775,248631.6549775,42159.542467499996,66829.6699215,36826.169482,55492.7899305,33692.46499750001,266294.39999999997,0.02119404151296774,0.020819106223015003,20.0
20221214,96.93590337735996,97.09508777083333,86.35661250158324,86.35958081249998,225576.319944,15800.864962,66832.019916,35997.7549785,56608.3249155,35929.7349995,267330.9,0.021866444354312023,0.0230857909409995,20.0
20221215,80.71096527412881,81.58231622916666,74.59566351638286,74.707993125,258519.024983,50762.498995999995,66807.7049225,38314.0049865,53890.564915,34048.9399995,268836.19999999995,0.02086532004810455,0.020054014716223003,20.0
20221216,80.89357244984875,80.9440640625,75.35858197350684,75.24736016666667,262153.88499,53002.39499,66145.0099075,38235.557475,54079.104932,36373.569998499996,268458.15,0.02120656428844788,0.020230625503230997,20.0
20221217,68.18244637440071,68.42145152083333,64.32152612795095,64.35380422916667,258270.75499,75448.839977,65604.5849155,28436.741469500004,42881.0249985,34559.204998999994,255911.074997,0.01760953190218166,0.01646059089685155,20.0
20221218,70.6701359484019,71.29433908333334,62.55313071067566,62.6167018125,224467.4149325,52485.3449795,65653.50991250001,25511.1959455,37450.894996999996,33694.619999,241722.33997250002,0.015863142729266113,0.015120489127990173,20.0
20221219,70.17348025797916,70.89660199999999,64.20989383028716,64.18696018749999,237640.11996500002,55039.952474,65742.474923,31112.126463,39505.024997,34391.724999,254094.119987,0.016676034266867732,0.016315356467265518,20.0
20221220,72.61532483574109,73.30500022916665,63.66407646717423,63.838404308114036,224996.35416352632,45061.15313678948,65873.50991815791,30092.711437657894,38964.902892710525,32903.14289473684,251776.55734342104,0.01633818334444191,0.016029121999353434,19.916666666666668
20221221,85.4673517307814,85.4102375756579,82.09248007225561,81.72183334649124,199086.59202613158,10450.355646710526,65903.18280255263,35670.538234631575,40223.11210226316,34597.35052531579,237327.5002266579,0.017015403785579968,0.019482803082955153,19.958333333333332
20221222,82.63187250604966,82.8537969837963,71.3940513737418,71.44052563194445,202381.33824772222,21168.667736277777,65921.922158,29831.245466444445,39925.688330777775,33895.491109055554,231052.29438994444,0.016723148939689493,0.016495759375696608,19.916666666666668
20221223,72.02022185608887,72.914816375,66.26399968617217,66.42958483333334,219076.21994600003,42696.914487,65911.574926,30764.736470000003,38039.7149995,31828.1799985,229671.29994250002,0.015777917963904244,0.015218938947312575,20.0
20221224,62.00610968237533,62.08139962500001,58.0076315127519,57.97286027083334,221139.0799285,68902.2249925,65919.26491900001,20265.886423,33582.624997,29211.235,222988.944927,0.013711974045106136,0.012935060548742744,20.0
20221225,66.02634885566522,66.04556814583333,59.24975260439995,59.2416956875,212439.3749195,59639.25499100001,65940.769918,19200.855427500002,34505.9849985,29365.8399995,227042.7649385,0.014026596279114362,0.013452227653225056,20.0
20221226,55.44837032198981,55.49757920833334,53.186731688627184,53.17739720833333,235295.5199515,88181.1099775,65912.92492250001,17712.594914499998,31324.9949995,29048.08,231453.8599445,0.013046753125375916,0.012310274347165216,20.0
20221227,67.48149868554886,68.05215810416666,58.2434151895643,58.27208297916667,204614.46491450001,45954.88096150001,66300.1449255,25888.816940000004,33649.049997,30003.615,241253.68997399998,0.013807690745172114,0.014051438831170108,20.0
20221228,69.65421347901386,69.9526223125,61.32258295939465,61.43424120833333,204484.1199155,17616.4394645,91860.169919,26717.1069545,34800.684999000005,30951.8649995,245759.5349785,0.014243180541662506,0.01507060947178132,20.0
20221229,50.83885799269904,51.699810333333325,46.42879928519563,46.629806020833335,230736.909957,56040.92448650001,95560.18491550001,20659.38842,26513.8309925,29630.349999000002,250524.879977,0.011730400998978109,0.011631569368399859,20.0
20221230,47.141016262852,47.18224945833333,44.12591651252577,44.14312295833334,235447.30994950002,69197.53998500001,86593.95492050001,23785.660949,24357.1339655,29675.705,242716.90996999998,0.011099225467374135,0.010710106105514452,20.0
20221231,40.16365944832122,40.37280595833334,39.890477217820255,39.98050775000001,257114.16998150002,83613.059989,104804.18491800001,16181.793403,22164.0403995,28584.3599995,229337.819938,0.010326645962474741,0.009148395081421352,20.0
20230101,43.21617541697766,43.159560250000006,43.24791049808178,43.14882658333334,261997.84999999998,82265.829986,104694.579925,18469.344918000003,25439.700440499997,29021.75,226872.404937,0.011322545044471,0.009811757463199943,20.0
20230102,62.07722853753451,62.39573754166667,58.39395715214224,58.233195520833334,242271.61496049998,44446.86948,91468.53493000001,34575.962453500004,37249.1899965,31498.719999499997,252981.2499815,0.01503955041006052,0.014772576271715097,20.0
20230103,76.48047209910514,76.44481225,67.85215236533746,67.75896872916667,223455.8799295,11481.0814805,89973.4449265,36928.2044585,41347.214997999996,34463.5899985,257453.09998499998,0.017090011190329112,0.01746874696711068,20.0
20230104,70.90871223313978,71.14347227083333,64.38732889999991,64.4962685625,246263.5299805,47001.299996999995,86550.6599305,30185.6084585,42957.264997,35900.2049995,265457.3149885,0.017462229780904465,0.01709208744907542,20.0
20230105,71.64650737617293,71.72607660416668,66.91408135158274,66.94628891666667,260631.944993,46851.332982500004,92930.814928,34009.820967499996,46730.8449625,36101.949998,275185.15,0.018673368569407274,0.0184137615138475,20.0
20230106,76.10304789324552,76.45416002083334,68.95327641504187,69.03547041666667,247437.50997749998,22087.260982,104688.284926,33050.30997,46274.659991,37130.1549995,265751.5,0.018830748672403096,0.018324436637212,20.0
20230107,58.27013022156533,58.42778754166667,57.175924842481805,57.27644589583334,286728.05000000005,79216.21998699999,104961.80491450001,23070.862446499996,38730.3099985,36468.1149985,269759.3,0.016707680811675497,0.0154237374623605,20.0
20230108,49.28836072820261,49.323800020833325,49.02564117078622,49.04412260416666,294346.65,97977.12498950001,105075.099919,20623.8974275,34331.439998,32665.0649995,262748.65,0.014507863864338002,0.012881421033008501,20.0
20230109,52.26242450286952,52.35503314583334,50.944196538386336,50.96470408333334,287451.7,83576.099984,104088.0099205,27215.0189705,36413.619999500006,32921.7499995,272550.19999999995,0.0150229227694715,0.013884850955376503,20.0
20230110,63.56567531737447,63.68189914583334,56.3388510516846,56.320865000000005,238962.689961,42608.709988,82778.0349235,40853.395954,36449.0249995,33119.7249995,263286.084992,0.015189824763027346,0.014833235526345462,20.0
20230111,48.889586272928554,49.72811008333334,45.18714384843234,45.229012250000004,230544.2749665,80712.129992,65852.474921,27426.653462000002,24537.5194665,29955.774998,243955.709973,0.011271214220704465,0.011023661759196392,20.0
20230112,42.35755780425587,42.36750416666666,40.679005482368275,40.708754,240659.899965,93297.0999765,66551.9749185,28933.6494705,21558.8194235,28462.695,237951.46496100002,0.010193765623933922,0.009679628947686082,20.0
20230113,48.05506148912924,48.131791625000005,44.18107600635318,44.25583943750001,220254.3099345,62210.1049765,65177.219929,38332.954964000004,22013.0904275,30749.7449995,237671.1049625,0.010584334407148127,0.010500565152862155,20.0
20230114,60.62682413680007,60.90742672916667,53.09097011223827,53.05536812500001,174929.554924,21430.863460500004,66636.73992,32434.038962,22269.680936,30403.4699985,219451.7349245,0.010605423362706055,0.011650905499955464,20.0
20230115,46.649358689947675,47.9935521875,46.93932087098085,47.26414775,223347.964963,76204.05098649999,66720.794916,26570.785966,21498.648918,30559.039999499997,220950.49992099998,0.010419039330228854,0.010371266412395448,20.0
20230116,48.18577843947265,48.183612125,47.17463978515981,47.11008970833334,247309.184978,87028.05497600001,66847.08491050001,34239.62147299999,26500.6124825,30835.934999,232108.454967,0.011916785593396467,0.010949632754158212,20.0
20230117,53.269369267787795,53.40301132894737,49.57190161260911,49.62621483991228,229364.42546960525,68398.9136541579,66863.1999208158,34122.48158355263,28157.421315289474,29940.668157394735,236742.12602113158,0.012218098277234394,0.011735757378679441,19.958333333333332
20230118,51.65255593055558,51.6832209375,49.415198413899155,49.44626833333333,241185.0649685,77980.57997199999,66853.97991600001,36581.280979999996,30043.5199995,27778.124998,234958.2549625,0.012457825057900126,0.011610508787955444,20.0
20230119,93.13506319177127,92.41899074999999,81.49051998890057,80.80532477083334,216873.5249215,25872.4819805,66879.669922,47472.8999585,39664.1299975,27403.41,238443.5349735,0.020198529448186085,0.019430887652982117,20.0
20230120,74.50580029944364,74.5595351875,67.8701354916702,67.90120185416667,238822.814964,55027.3299825,66841.9899215,42364.59998,36524.919999000005,31118.369999500002,245874.159977,0.01779368495865876,0.016687512551539586,20.0
20230121,70.63893618148501,70.62428095833333,61.77667088042621,61.63579364583334,211775.1699265,25921.4894595,66837.9699225,46213.171451500006,35488.55,34693.8549995,238588.8549675,0.014959572713261177,0.01473922516906499,20.0
20230122,63.14006009055479,63.484985083333335,54.91442359839084,54.97363114583333,213520.019925,38055.5274715,66803.854922,41171.728470500006,30237.679999,34532.529999000006,238823.47497049998,0.013481666888600956,0.01311485346976973,20.0
20230123,52.5553581376866,52.576526729166666,49.055133647997174,49.09634775000001,252648.8099855,86984.739982,66792.209927,32092.457964499998,29499.2799995,34596.47,257446.9199815,0.013278048691848284,0.012629093066957716,20.0
20230124,62.919370506511235,63.0418285625,55.98071628856641,55.70202922916667,223194.574923,52736.525974,66759.06492,35434.0869445,32358.490486,33697.1499995,246014.4899825,0.01404326215462352,0.013772067366586696,20.0
20230125,42.648706292694875,42.82826435416666,39.97463043259131,40.07200414583334,234860.1999615,90906.97998450001,66800.05492550001,25877.3444705,20946.5694135,28430.4399995,240764.654972,0.010016483688001603,0.009624478103736058,20.0
20230126,62.988286096668965,62.890032937499996,54.89022871260202,54.77522941666666,212138.4499205,40747.2149895,61609.2549195,43869.7149605,30799.2189815,32783.465,235920.82496050003,0.013362237375696334,0.012949748040147594,20.0
20230127,63.0298762162083,63.514468666666666,56.832253052072474,56.86103516666666,233620.02996300004,66054.1949865,54772.2099485,40668.682977000004,34748.3039885,34313.409999,250328.43497650002,0.014725041570194766,0.014226728962713719,20.0
20230128,45.82181290404538,45.8432480625,42.65964940289399,42.68259360416668,230524.6949285,98673.334979,45298.6399975,31387.692468499998,21456.535910500003,31564.954998,238507.88496,0.010563059440775865,0.010174662752219371,20.0
20230129,49.10538158631593,49.263231437499996,45.036569415599686,45.04028752083334,213633.159911,80705.1399795,51061.979961,26435.274957,20788.537398,32358.969998,228797.11992949998,0.010490537836920106,0.010304237373794213,20.0
20230130,58.582630147070816,58.7171375,50.92120553397009,50.77527283333333,205947.79991950002,45760.224461499995,62154.09490950001,36966.9454485,26192.3414705,32917.0299985,239616.61497549998,0.01206496379228701,0.01220156690052161,20.0
20230131,65.87159954640856,65.8882225,56.25494816613369,56.131352166666666,204310.94991300002,28609.5704535,65318.444912499996,43217.794932,30373.30348,34351.599998499994,240176.14496900002,0.013458289075615472,0.013511096585972906,20.0
20230201,95.85643034919764,95.61046064583333,78.48089077657922,78.29289954166667,196619.034931,5267.483923,66073.6249275,46388.869947,35243.96499949999,35222.0899985,238522.66997500003,0.018847198827189857,0.01871947161004603,20.0
20230202,100.65058033894354,100.68614339583333,86.98072946393836,86.93527633333333,215937.5849155,14553.0649475,65589.179921,48297.934945500005,43268.2349965,34818.28999799999,237632.3399675,0.021734243238734977,0.020669434274595746,20.0
20230203,93.73186184650092,94.34246290502453,80.51667131274093,80.62219155208334,223974.28213460295,26797.864052029414,63904.81242639706,45662.93143864706,43464.19117238236,35969.808382352945,248236.37262605882,0.02099352647020982,0.019987166422599456,19.375
20230204,82.17657863749476,82.48666639583332,72.07975451977116,72.12818902083333,227272.984939,30993.9839685,65468.284929,44299.119976999995,46543.874969,35498.119999500006,249447.5749805,0.018676516319017896,0.01798011997014665,20.0
20230205,61.68757009476144,61.8191350625,55.85643154872681,55.863787333333335,231402.4149355,58004.3649875,65504.014925,38234.9054535,33055.584998,33374.059998,243968.329989,0.01427465269143073,0.013627200324087773,20.0
20230206,65.69422274207638,65.97155614583333,59.83810126548235,59.67336214583333,238987.71495,55128.4379795,65582.5049275,41418.695455500005,37063.5619985,36801.369999,251170.474979,0.015700112178545153,0.015029564316692702,20.0
20230207,50.1870259098367,50.45452247916666,46.20906280509778,46.28264566666667,239250.4249645,74577.9449835,65746.034925,38401.093961,26485.7309825,31895.849998499998,250595.2549715,0.012007267276632802,0.011579771875637536,20.0
20230208,47.88778373648172,49.034158125,43.74764152885623,43.941545895833336,228677.5799585,69977.402979,65801.769928,37034.316453,23196.8159465,30614.819999,245791.45997850003,0.010950862494434655,0.010752796681993632,20.0
20230209,40.43229551091024,40.5068935,38.60481410814832,38.67646641666667,247551.644982,104605.8649835,65717.0049135,24988.063959,20205.32441,29967.7399995,247159.67997250002,0.010009081264124163,0.009541553500367792,20.0
20230210,46.742739149555256,47.104853625,42.51182934717439,42.57918725,233406.259947,78644.66498150001,65577.189918,32859.500466,23218.855931,30500.8649985,252739.5449845,0.010910047924575908,0.01074442040566357,20.0
20230211,53.707397969942974,53.95426425,47.71861362888993,47.7329788125,222750.399944,58262.8599925,65623.734914,37357.830485,26031.6969805,32029.599998499998,246985.31998099998,0.011963344377756372,0.011785797056181086,20.0
20230212,42.4519425238547,42.76336237500001,40.06045151281792,40.121630833333334,240695.7799795,96561.3599905,66346.39491999999,23905.969441,20544.267906,30543.169998999998,243637.924965,0.010218003417424109,0.009760245279743954,20.0
20230213,38.62495362752357,38.684568541666664,37.451086111789806,37.53808102083333,252926.3049925,107850.47998799999,66579.13492099999,26829.103466500004,19541.509408,29885.544999,243975.089981,0.009769266801516194,0.009137132104010098,20.0
20230214,81.9846410985847,82.02937454166667,70.9502032680645,70.78989997916666,216300.5299155,31092.725976,66563.654923,44802.7749725,32840.949998,32168.639998,240983.6049685,0.01773332131455595,0.017097835756786032,20.0
20230215,80.71769781044256,80.88934552083334,69.26863485064932,69.12695195833334,218061.47493000003,33205.3999775,66533.25992750001,44455.38998200001,33162.135991,32576.1299985,246398.629982,0.017601420237499138,0.017067696727923413,20.0
20230216,45.99886377703828,46.1303869375,42.21198005583681,42.25114327083333,231271.5699515,70782.9149735,66498.034921,39063.554986999996,22075.7249055,30703.434997999997,245450.42498,0.010638229441700828,0.01036094844395243,20.0
20230217,51.08436752875119,51.03851252083333,44.841181715471585,44.79317291666667,209132.259915,44138.83499,66556.46992049999,44122.659962499994,23210.270458000003,28988.984997,238928.754969,0.010683389227616179,0.010713847718616314,20.0
20230218,54.27350976168674,54.29815425,46.97678351333624,46.82752022916667,199022.504908,36203.71647,66609.299929,40804.614979000005,23104.8644445,29932.5399975,233293.614946,0.010801649862919685,0.010959383644361866,20.0
20230219,63.79929780340559,63.64171239583334,53.39254542386493,53.270343729166676,186597.189923,16303.1734585,66580.449918,44798.744972500004,27763.5624685,28269.8399975,226814.454928,0.01190476968917611,0.012110201087532404,20.0
20230220,64.41348722441991,64.45069519627192,54.46452804823287,54.45072799451754,207729.0922766579,32076.44240244737,66579.77597634212,44882.26523213158,33148.531309263155,27585.154734342104,245864.63945260528,0.01338055523150285,0.013390901551535083,19.916666666666668
20230221,109.345037570143,108.55403217105264,90.51788950243252,89.99373831798248,208653.00044073683,12355.491042473685,66572.31992078948,45843.330735789474,40970.8249965,30417.406840105265,250949.14288173686,0.022815170172315432,0.022715386786099207,19.958333333333332
20230222,114.07512727978738,115.95553825,95.6520468785886,95.72141010416668,228106.4499375,22326.008141500002,66555.4849255,46488.51495,46084.3099585,31695.4249975,265932.0999955,0.02602127230996076,0.02543694969529108,20.0
20230223,57.92084782048593,58.08728529166666,53.15304222142804,53.23344356250001,242148.3599615,66510.959985,66558.89491900001,42359.638959,34440.0499955,28739.539997,253297.07498699997,0.014025438307310291,0.013463510121348233,20.0
20230224,69.85699837334414,69.87015391666667,59.36164218949417,59.22772677083333,207038.4699235,26501.146469500003,66524.01492350001,45442.844954500004,36735.0399965,28562.789998,239390.3649715,0.0144630860566656,0.014210605189050601,20.0
20230225,66.06989347089896,66.03533310416667,54.998566304270966,54.90566854166667,190306.649919,24197.196455999998,66557.6849245,39182.932969500005,31415.964996500003,25154.336498000004,229025.904929,0.012573540086951992,0.012596096417633266,20.0
20230226,73.1127634897958,73.28611633333334,60.79420260551608,60.80728291666667,190770.28492200002,17940.9759605,66584.3149185,40393.549979999996,34663.5999975,26481.269998999996,229534.6349185,0.013947742722383145,0.013954375100218455,20.0
20230227,54.34089402051832,55.10923704166667,50.68010573440203,50.38828531250001,236089.4249705,73628.61649100001,66640.93991750001,35580.14095850001,32458.701980499998,24358.5214485,239351.45995649998,0.012829310421687052,0.012130357298278912,20.0
20230228,43.07274053583274,43.086853583333344,40.40523626888639,40.40804145833334,224910.31990950002,84080.96498399999,66590.07991550001,25966.488957499998,22827.6964205,22538.721408,228247.4149305,0.009687503853293032,0.0092223907280294,20.0
20230301,52.44150467866861,52.79175652083334,47.41813342299333,47.27149116666667,207890.1849235,52720.3074815,66553.99991750001,36559.3019455,27743.483469500003,21326.278914000002,221249.624938,0.010902074105315008,0.010491244235097315,20.0
20230302,38.53276307178318,38.576,36.920075379555186,36.94592491666666,226922.029909,91585.719981,66560.9199265,25323.470462,20830.2899025,19768.2424065,222018.039918,0.008743932814251594,0.008196922769393652,20.0
20230303,56.269186525989085,56.431158187499996,49.45481431412183,49.287152125,202042.0799175,43890.701965,66567.9149315,36616.897449000004,28103.24097,24112.9249625,227062.4749205,0.0113687434809766,0.011229332534898273,20.0
20230304,62.43927070700771,62.3749603125,52.39958706171087,52.24655233333334,183113.1249185,25367.133961,66545.264914,36487.125957,28746.5494715,23150.2334145,224352.87492000003,0.01143344997679234,0.011755998001915671,20.0
20230305,75.33500539099367,75.1770555625,63.71258966324529,63.627085604166666,185742.479918,10757.400453,66576.76491550001,41948.129978,35563.634997,27593.2284985,223262.55991799998,0.013992910725959063,0.014224635867221247,20.0
20230306,128.0571641153986,127.49851620833333,108.80234116536853,108.35412685416667,219201.994926,4879.557027499999,66586.12992,49579.2699445,53327.8199435,29639.264999,254280.00998849998,0.028070385838661553,0.027666260398302094,20.0
20230307,86.56148792761455,87.03940693110023,74.49919661811762,74.54742326606754,221787.02017059477,21208.29422056536,66639.96825208172,48178.865667114376,50720.24491172223,29797.993398692808,267597.81045751635,0.019198214468998543,0.019935821895852284,17.958333333333332
20230308,102.14553921109851,103.24302072916667,93.21387380175754,95.05923502083333,226756.37851491178,49256.69998399999,58284.95972411765,47139.08495150001,42994.91347988235,28703.462450480394,224982.84444444443,0.02316215255296162,0.02097152246960489,20.0
20230309,98.76775016843906,100.04380587500002,90.72685124544245,90.64475733333335,262620.93998200004,55401.5144835,66529.989925,44597.28997,49715.389949,32283.72,274818.0,0.025938479389142812,0.024933371805570002,20.0
20230310,65.57882086383948,65.58800327083334,60.99449700928065,60.96011658333333,255344.7299935,66523.439978,65106.78992550001,44651.5749685,42715.4449895,31939.2449995,263801.75,0.0167452063067692,0.016090455051418002,20.0
20230311,72.02811696193848,72.53186620833333,62.6786362039809,62.628010270833336,218345.749936,34792.4124535,65623.64992600001,42587.3949815,38950.374998499996,32625.6649985,253725.84499950003,0.01572703321453238,0.01590318993427131,20.0
20230312,68.25717742471042,68.39266008333334,58.276938601298035,58.30703937500001,204804.49491850002,29480.7834795,65725.179931,39715.159987499996,32422.8949985,33136.3599995,245051.1999845,0.013979376747030259,0.014280833735671112,20.0
20230313,55.117242812013075,55.75142256249999,49.867443704941145,49.79029162500001,230691.084938,66049.53998100001,65812.97992400001,35303.553962499995,29014.1494885,30359.599997999998,256891.70999450004,0.012715056543094478,0.012810532886416797,20.0
20230314,59.27955290376673,59.9164061875,51.760349096185664,51.73713739583334,201472.4099125,36080.205948,65855.6899165,40377.080455999996,27429.44198,29231.504997,242571.3349725,0.011943194382057421,0.012555576978904389,20.0
20230315,57.01563859471126,57.880641375,51.6247400855347,51.75727489583334,222980.0999375,32231.966972000002,86424.28992099999,39844.276484,28914.069997500003,31819.179999,242411.9699745,0.012713352791849099,0.012514454943556004,20.0
20230316,53.81537748550561,54.079552041666666,48.86545528648122,48.83358108333334,231514.4849465,23123.819611,104918.299918,39326.4704635,27769.015994499998,32031.109999,247794.069985,0.012459039400758301,0.012108570047107216,20.0
20230317,46.37989761383581,47.2107393125,42.96207962506616,42.87453770833333,241571.889947,43150.780474,104904.72492050001,35329.722452500006,23833.885953999998,30835.1249995,252367.389987,0.011204079522122672,0.010842227903391618,20.0
20230318,34.72907852301906,34.93060014583333,34.72469480723013,34.71759579166667,275783.28499499994,92904.95996800001,104885.2149225,27066.0259665,19104.77142,29369.875,230190.7499285,0.009577699359927498,0.007993303538714594,20.0
20230319,47.133821484906655,47.564377,44.567110566022926,44.610687041666665,221085.5849375,26042.7857915,104664.0349185,35281.703978000005,21443.981422499997,30673.609999499997,219174.48991950002,0.010420608493330293,0.009767973725494034,20.0
20230320,50.78999855224487,51.15568295833333,48.38811416895979,48.20085375,238642.8999475,36376.3539595,103857.2099125,37022.1809795,26867.507486000002,31766.274999,234201.20495400002,0.012120672542837042,0.011332554643822103,20.0
20230321,43.691814863725895,43.81776443750001,42.70148329047631,42.7506914375,249319.04998399998,52478.5449835,104971.9299165,35059.294986,23903.228943000002,28850.619999000002,236063.4749435,0.01089320177390095,0.010080260530791639,20.0
20230322,46.95191757031173,47.09647483333333,44.01834203619825,44.05521452083334,225268.76493499998,31531.3479625,105060.7599145,33479.2744835,22120.11442,30276.4899985,239730.9099695,0.010576800482394049,0.0105525571916865,20.0
20230323,43.50866655118773,44.0267895625,41.956806024127964,41.916195520833334,236300.69494850002,44825.0119605,105114.929923,31605.8544615,21063.135428,30065.094999,235667.81495899998,0.010281128142328217,0.009887868798364844,20.0
20230324,46.06856456811551,46.097076989583336,43.674231979552424,43.67204240625,218313.83492549998,23295.825720499997,105092.0699225,37277.261483,21080.097679,28665.562498500003,238348.379964,0.010057405000378307,0.01040968243849824,19.5
20230325,41.466604118995726,41.449556333333334,41.49013502523756,41.42735591666667,231764.0099325,42433.1629865,105070.2349255,32851.065965,19811.454431500002,27930.049999,229701.919932,0.00961046644890197,0.009530363673534986,20.0
20230326,43.3969898382282,43.751039604166664,42.69129980245547,42.75849347916667,244679.19494100002,45119.748482,105058.699929,38401.934986,22554.315418,29327.149998499997,233949.80993450002,0.010618340536480433,0.009987621474641216,20.0
20230327,38.47065619922617,38.540135312500006,38.23490100871431,38.16421852083334,280060.6,82087.48498400001,105135.694923,36751.154985,23105.047945000002,29189.0149995,254598.6999845,0.010774115057549,0.009734556090854711,20.0
20230328,40.686565190121776,40.856973509868425,39.27062908342871,39.291908706140354,257386.7741995263,57912.24654831579,105140.50045513158,39279.97893436842,22313.37899576316,28973.302366421052,252136.74313889473,0.01047218376754418,0.009901568518111274,19.958333333333332
20230329,55.51832990056111,55.46788135416667,50.8910057721759,50.84271272916667,236410.804942,20668.850447,104833.509923,45121.929973,30048.7354855,31602.4899995,248866.54999,0.013125133060827158,0.012665069032042594,20.0
20230330,47.041782325628006,47.514922500000004,44.38592967058197,44.28541870833333,256882.539988,47620.3869745,105197.4849295,41890.6799765,26060.956968500002,30944.205,258016.7699985,0.012084212529369929,0.011452314206984145,20.0
20230331,43.70767558586656,43.85646877083334,41.46892228628832,41.48986045833333,255688.0749895,51244.8149845,105136.8599215,40313.159985000006,23865.416450999997,30010.749997500003,252136.6699935,0.011175531432815786,0.010455835973483974,20.0
20230401,40.558162771524586,40.825318395833335,38.75382962194546,38.728131062500005,239080.13495500002,54457.042476999995,96115.454921,34932.987987500004,19014.4754185,29186.074996,234477.044942,0.009696651028942956,0.009086883449939515,20.0
20230402,40.27602794409794,40.34871675,44.5296782508621,44.58246458333334,249104.6499675,54596.334978,105072.6899265,33538.5484675,19062.857921000003,31567.274997499997,226368.3949125,0.010032945843095767,0.010080111791617713,20.0
20230403,55.19529241264006,55.21175429166667,50.79395377947421,50.81893939583333,223631.18991000002,9647.209474,105061.5949195,43561.0199775,26074.076976,33555.994999,240269.4149535,0.012343388919669091,0.012204233557769388,20.0
20230404,59.11440676629836,59.068435333333326,53.680096339669085,53.66708506250001,222302.4899265,7562.4916324999995,105119.04492350001,43321.919974000004,30058.319999,30626.4249995,235475.219941,0.013141279814676065,0.012640332492037646,20.0
20230405,52.15356013796586,52.279604187500006,47.85926456844475,47.844039604166674,225322.814931,19476.4384785,105251.484921,40386.094992,26350.852477,29216.3199995,231625.909939,0.01175138697895966,0.011085445704677357,20.0
20230406,45.7686930349286,46.25479535416667,43.54234595601291,43.43691241666667,235619.804942,38379.308961500006,98970.064925,41197.654976499995,22704.1229445,29826.344998,224881.4699255,0.010784010525340152,0.009791866762592834,20.0
20230407,38.96042125232673,39.114793625000004,38.059908562695725,38.055802666666665,221934.064939,40647.834478000004,96802.209925,35936.694994499994,16402.552417500003,27424.0849995,209338.549917,0.008646644660264676,0.007967406068488335,20.0
20230408,42.49333246066254,42.50700204166667,40.11546880813698,40.1221395625,197632.629907,11325.6559675,102529.8349165,36757.124992,16105.099912499998,26320.965,205095.92991950002,0.00839806904771323,0.008227519379361552,20.0
20230409,39.40216886797108,39.53144120833334,39.07508139187409,39.10323316666666,208713.954923,22631.1574665,105008.03992499999,34737.989989,15479.904410000001,26328.849998,198405.874916,0.00822378249697815,0.007752725710968691,20.0
20230410,42.310069519411535,42.39652910416667,43.91520436260919,43.990062208333335,186731.1999195,12021.098767,104897.06992750001,24432.000443,14368.937415,26255.474999,201937.0499185,0.00790061005003718,0.00886810681555334,20.0
20230411,40.48301834771916,40.537341500000004,37.04192981589656,37.12436466666667,192183.06491249998,14525.044324,104802.61491600002,28830.097456000003,14250.396905500002,25629.785999,217328.6249165,0.00778015054297364,0.008050271671142301,20.0
20230412,36.853423216554354,37.661470875,34.42472427840134,34.36851860416667,205113.079938,34741.384968,99342.14491,27472.9304565,13321.0664105,25711.7999995,212201.13992150003,0.007559119142206059,0.007304965733360103,20.0
20230413,27.934035314165005,27.947435916666667,27.898876786579912,27.889431833333333,261945.94999999998,91665.4649725,104341.5799255,22815.586444500004,11733.4839145,27246.829998499998,220381.224919,0.007317207417702499,0.006148388640090736,20.0
20230414,31.101102234199324,31.154286083333336,30.746983827651615,30.737288250000002,246025.92995800002,69024.079978,104519.17493100002,26419.8639565,12274.76042,28503.1299985,221631.229918,0.007651677599887721,0.006814491841991283,20.0
20230415,37.718009956830656,37.812178833333334,36.26682971965578,36.261710208333334,206399.8399215,25594.8874665,104413.7899205,29663.9849805,12574.8344005,28793.239999499998,206468.3449265,0.007784991217247391,0.007487952307948531,20.0
20230416,44.86399891657923,44.976743229166665,41.221574442642556,41.19406466666667,184639.749912,5943.103568500001,93921.31991699999,36359.1949935,14698.267909999999,28175.725,198717.49491100002,0.008283677540009428,0.00819144800952923,20.0
20230417,44.20500763923234,44.44605907785088,39.796817408449606,39.760441383771926,186484.02729473682,15903.813491526314,83057.09808571053,40098.240508315794,15317.292725657895,26701.470787473685,207674.96255534212,0.008243527851158653,0.008264802565121559,19.958333333333332
20230418,41.17280327954125,41.230276469298246,39.31314778517438,39.307240599780705,199257.05570228945,34416.5164045,82772.36518097369,36135.52947739474,16239.136835368423,24547.511282289473,201882.62964871054,0.008203971556490957,0.007936641654639384,19.958333333333332
20230419,41.36202058959238,41.43975789583334,38.37155469460998,38.4305995625,184477.634922,27333.003973,82788.8199225,29823.951461000004,13625.6554135,25862.631991000002,206498.17992800003,0.007630367733963072,0.007923656205444666,20.0
20230420,40.043387205950324,40.067697708333334,38.536584442994595,38.54049972916667,191440.794921,32919.916462500005,82134.854922,30651.5299525,11951.595422,28987.164999499997,204738.619909,0.007665937878036532,0.007889927114865353,20.0
20230421,41.4406028998864,41.64276672916667,38.18916835115772,38.15046227083334,187557.7649205,26776.6649185,82620.8649245,31646.294960499996,12691.9179255,28630.745000000003,204410.494927,0.007772506856860684,0.007806266803510673,20.0
20230422,39.71811790010374,39.740787312500004,46.65365524797008,46.64971258333333,185859.17991150002,33186.000983499995,82552.249923,24715.995451000003,11076.7534195,29043.844999,193454.75992450002,0.0073819768205415515,0.009025371675596442,20.0
20230423,42.17726618068088,42.312299645833335,44.974794387197484,44.99657725,183458.3849135,27348.415454,82373.55991350001,27743.369942,12073.8734155,29499.704999,193788.7849255,0.0077377731335744986,0.008715610756569197,20.0
20230424,42.71208684264002,42.92352739583333,40.6381728159144,40.760712250000005,198285.544919,26796.921961,82168.9449235,40613.125964000006,14515.5169275,29673.759998,208086.814919,0.008469189414220526,0.008456267945391517,20.0
20230425,35.50407786315472,35.969152083333334,34.22326551517427,34.32038127083333,212745.01491900004,50704.893980500005,82093.23991999999,35745.095478999996,12513.9394135,27064.84,207057.679908,0.00755331557468219,0.007086189956447448,20.0
20230426,37.3648878564655,37.36938295833334,35.718610486051226,35.780051750000005,199587.8949135,34721.179985,84061.87991300001,37795.170964499994,12914.577919,25825.927497,197443.2099225,0.007457579310950949,0.0070523971083374225,20.0
20230427,39.08136987532096,39.083047875,37.332616263129445,37.322564479166665,205065.1299155,24844.920459,96726.079924,38584.09147,14604.820911,26255.349999,201337.8399125,0.008014226190758401,0.00751646831670075,20.0
20230428,41.047215955380075,41.04802908333334,39.19764432535259,39.2117494375,210028.6349155,11984.5694615,100790.5999175,48142.879945,15986.746421,27955.3049995,208945.28992150002,0.008621090734190208,0.008190163157800637,20.0
20230429,34.616256904395755,34.765330875,34.49007927962501,34.58814385416667,219369.85491,29783.394474999997,103001.32992250001,42615.029983500004,13576.0484155,25509.559496,198035.79992000002,0.007593763254644583,0.006830270439444756,20.0
20230430,31.697523355774017,31.738150145833334,31.198206142456247,31.216179416666666,212193.2949065,32254.850469499997,103295.769918,36579.95448099999,10851.453909000002,24749.4439895,200473.4649235,0.006726001921237428,0.0062544124847758245,20.0
20230501,37.58829206731822,37.86143285416667,36.572883328793864,36.565199625,200730.2849095,17679.805954,94105.139916,44564.3249735,13318.266919000002,25727.4399995,193323.9799185,0.0075451085759342855,0.007070415362217389,20.0
20230502,36.498319324571014,37.174833729166664,35.0735736038529,35.12241904166667,214838.1849245,43684.482471,83198.43492600002,44752.669966500005,14820.189914999999,24730.0534855,214575.37492149998,0.007841232676485638,0.00752592520588356,20.0
20230503,32.492798635521,32.571618979166665,31.722631458153284,31.715485666666666,225441.369918,54040.369975,82960.9649105,45892.499966,13756.279916000001,23219.676409,213176.77492349996,0.007325221036861576,0.0067625282663358825,20.0
20230504,36.007616481492434,36.143741312500005,34.92195506301143,34.96461864583333,228875.43492149998,46069.36497150001,83256.214917,53141.0449255,16240.061909499998,24531.481466,218012.569915,0.008241258882688151,0.007613425169743268,20.0
20230505,41.036851542499704,41.07629377083334,36.99140932379931,37.02105989583333,205070.5249195,21404.1269575,83217.83992500001,52700.02494,16212.9239215,26070.154999,219688.55991100002,0.008415448686864007,0.00812658944342381,20.0
20230506,39.194884852127146,39.227323229166664,37.38539178656149,37.39145008333333,205926.574922,24458.1829585,83149.2449225,51859.829946,15079.7274115,25930.514999,200438.15992150002,0.008071268392060724,0.007493459137642746,20.0
20230507,31.872141774103834,31.955943729166666,31.751203454066385,31.755469125,223219.99992550001,46397.702471,83147.049912,51065.199945,12167.895409,24995.341987,189202.844927,0.0071144994844409845,0.006007418023365348,20.0
20230508,31.604755866073113,31.792504645833333,30.944749895416756,30.846479895833337,225473.724951,47000.400472,83158.0149235,51808.7249325,11695.901416,25705.279999500002,199117.59491800002,0.007126042031290474,0.006161644174514417,20.0
20230509,27.610854627466587,27.735511000000002,27.511999580109258,27.4350883125,230017.089935,60115.0849785,83084.9199185,46849.3799555,9257.2929145,25306.8864885,196241.8249155,0.006350968432028193,0.005399005004675111,20.0
20230510,25.078550241652273,25.252646604166667,24.992312018030123,24.913875583333333,228080.1649375,63407.544978,82863.9499215,45479.8199685,8495.091915500001,22506.040913999997,192719.049914,0.005719919875509431,0.0048164946272690095,20.0
20230511,20.918396582883453,20.930400604166667,20.954578684575154,20.913061083333332,229284.489916,67604.1999735,81807.98992600001,47772.2899575,6681.200934500001,19501.190913,191082.65992250002,0.00479626389036703,0.004004056632603942,20.0
20230512,24.82875893394915,24.999500604166666,23.548469057741688,23.545869125,189341.699914,21985.143445,83054.049918,52946.844932,7077.0094205000005,18319.374905,187437.2699165,0.0047011194233088464,0.004413860750896277,20.0
20230513,26.070324909367702,26.092058729166666,24.5223158325259,24.562209145833332,173721.6199155,8879.4646645,83047.359914,51210.824927,6522.749908,18227.658907999998,174838.27491,0.004528979074978768,0.0042874393969570095,20.0
20230514,25.14845531173669,25.185977645833333,24.12260950636025,24.15453175,174663.21991249998,11951.6424415,82486.54993050001,50343.024938,6339.0269069999995,17632.768413,167632.64991500002,0.004392510180573544,0.004043736954415939,20.0
20230515,23.510738006443965,23.541787664473684,22.4858947989765,22.51921406688596,184685.1128130263,21859.299553657896,82323.67412584211,50797.80836389474,6059.471422342105,17845.663128263157,182224.64992928947,0.004342083301037609,0.004097484308090323,19.958333333333332
20230516,19.89771755881296,19.961435300438595,19.68688992864137,19.6793094002193,203353.87437789474,46969.84397989474,81617.88755892105,49157.92943047368,5527.043511315789,16591.349254473684,181979.64150484212,0.004046277956861681,0.003582613171559444,19.958333333333332
20230517,21.136564973659826,21.255238104166665,20.413722640215333,20.487327833333335,195227.1299135,55879.369974,68405.399924,44429.1199845,5552.811434499999,16920.848909,191299.619918,0.004126430916037821,0.0039051373821846654,20.0
20230518,20.51250983285185,20.672271374999998,19.96748741073442,20.015967125,192698.8799155,50608.178967,70871.254917,44723.949970500005,5364.550444,16267.606416,182846.6149165,0.003952737669046232,0.0036509874814406183,20.0
20230519,20.69104317915912,20.738614958333333,20.049529211820783,20.038729708333335,189520.60492249997,34845.4244665,77279.4549195,49501.439956,5252.553941,16339.8364115,180801.06491150003,0.003921379019791804,0.003624976232471425,20.0
20230520,20.794183838617798,20.86970691666667,20.527796772994645,20.535896458333333,191168.50991800003,41600.4004765,73945.03991400001,47105.98997,5088.663936000001,17133.4844155,170182.7849075,0.003975193139389523,0.00349347762284342,20.0
20230521,22.61081257199793,22.646215166666668,22.1284973956462,22.11674447916667,179292.2599135,19827.98944,85134.489925,45530.119983,4949.825439,17994.7734065,165380.56991800002,0.004053943684514086,0.0036596235107209476,20.0
20230522,19.536160568087585,19.5602634375,18.90695822006753,18.961642083333334,182936.5699105,11992.086865000001,96813.27992100001,48557.7399605,4365.729449500001,15824.814409499999,177415.04991399997,0.003573878203546708,0.003354378936335193,20.0
20230523,17.431416459092308,17.462248125000002,17.128925238307932,17.107931708333332,194150.314917,24021.6534495,100177.99491400001,45419.644984,4087.8084504999997,14850.261911999998,178933.82492249997,0.003384314994982149,0.0030649441097019827,20.0
20230524,17.127618112846584,17.216938604166668,16.843093063802534,16.888057479166665,194965.864908,46926.674978,83881.04991550001,38915.204995,3608.328948,15709.7409085,181448.62992500002,0.003339300879185061,0.0030561561601262404,20.0
20230525,16.957617438035616,17.129169875000002,16.709556542351006,16.791686041666665,199800.339922,44849.9319655,89176.8249145,40723.129994999996,3502.9294535,15898.253917500002,186554.569915,0.0033881377283867514,0.0031172441342286663,20.0
20230526,15.556670102859337,15.680773937500001,15.460489750565412,15.5172768125,210482.754916,50367.263973,94774.2049205,41263.6299875,3601.898948,14795.6884135,191495.404923,0.0032744107805692067,0.002960612745092415,20.0
20230527,15.66320189023467,15.719333104166665,15.582256289878726,15.596580708333335,204542.059918,40291.359969,99103.024932,40443.779983,3503.3274505,14800.681406,178042.7049275,0.003203783579540111,0.0027743070587235587,20.0
20230528,15.24855711598163,15.315601270833334,15.216891552106404,15.1975790625,208316.2399175,60606.184979,89791.13991950001,34995.455489,3433.0694675000004,14727.486916500002,177022.30992,0.0031765220825685308,0.00269372929235601,20.0
20230529,16.034471388145075,16.124849041666668,15.956543769077916,16.009361645833334,213699.124919,46500.067465,100012.4549215,42737.3949905,4495.1164475,14291.105411,186921.554925,0.003426552504185346,0.0029826219725448645,20.0
20230530,16.033005720869674,16.229328145833332,15.894868387266056,15.913190895833333,200443.73992199998,34932.560966,98693.989927,43365.496984,4286.0259465,13057.102416500002,185514.8199285,0.003213715628881939,0.0029487336466508694,20.0
20230531,13.660209343801602,13.710322875000001,13.65369163315509,13.701812437500001,222845.61492,74883.5499665,91197.214917,34216.5819835,3631.186454,13242.042908,190801.11492,0.0030441177511553977,0.0026051395863798668,20.0
20230601,15.406485208086293,15.437974541666668,15.226932989739566,15.243883124999998,203112.004916,58791.0549675,83232.694914,37930.069988,4251.4354415,12692.1249065,196031.19491299998,0.0031292420993231044,0.0029849538688388267,20.0
20230602,15.406785098852223,15.659571244791666,15.267746624111666,15.360427776041666,210470.952420875,58006.56170325,84908.97116712501,45032.456219499996,4743.7890747500005,12359.2382925,199272.502416625,0.003242680733499172,0.00304244207604971,19.833333333333332
20230603,17.70881514880377,17.72536739583333,16.993695744544063,17.0112901875,167996.7349205,15495.9905395,87051.2599245,43916.619974,3972.343455,12329.291913000001,181712.779916,0.002975023124309721,0.003087971694787801,20.0
20230604,15.869396995249751,15.996938645833334,15.75067647407833,15.779214229166667,183289.2149245,32644.576463999998,95674.549918,33217.079994,3727.1699465,12372.974415,173908.06992100002,0.0029086893165845462,0.002739169745557064,20.0
20230605,12.217798875775348,12.2368374375,12.162204858818157,12.2177249375,215761.7049305,65829.6499695,98537.31491700001,30224.558982000002,2946.8689839999997,12029.359921,187830.8949215,0.002636133115935235,0.00228443782285043,20.0
20230606,14.565050021287323,14.6005103125,14.437120959671619,14.449314125,176848.41992000001,13002.796454500001,103553.7899285,40596.6189815,3129.5849860000003,11265.9834245,188295.89991500002,0.0025758060823204256,0.0027184506832830762,20.0
20230607,16.36371054782889,16.391263729166667,16.161002609860702,16.1658175625,189148.979915,17541.9169655,103307.139929,44502.829977999994,3988.8794465,13071.8109085,189346.8999135,0.0030951791577461607,0.0030600357436711065,20.0
20230608,14.482223301894969,14.613455791666667,14.461969291638981,14.4710849375,213079.44991750002,48091.5879625,103519.39992699999,38280.32047599999,3661.5279450000003,13408.3774165,196342.1499275,0.0030858641747501807,0.0028394941429058817,20.0
20230609,16.641071977795214,16.780340854166667,16.55043534144325,16.588667770833332,201998.089922,32133.948966499996,102279.1899165,42270.43897,4361.330949499999,14131.696409,189496.98991150002,0.0033614647537691523,0.003136257678928405,20.0
20230610,17.593084912804333,17.657413333333334,17.624239853292185,17.62390725,175933.60492050002,16310.246254,102605.74992100001,32393.830968000002,3766.677451,13625.589918000001,175074.1099185,0.003095214850382127,0.003085548105305284,20.0
20230611,14.585157123061123,14.610510333333336,14.55046213732873,14.559222895833335,201762.0649185,61038.42997500001,97428.149923,18842.046411000003,2738.425498,14652.6334155,173359.53992100002,0.002942731418309581,0.0025224614217652388,20.0
20230612,14.635295178373974,14.674099854166668,14.60536549124144,14.619370708333333,216351.5949265,63849.209971000004,101737.0099145,25277.200933500004,3084.461981,15584.356419,186839.4699145,0.0031663694540613246,0.0027288587462910813,20.0
20230613,18.400979264259497,18.461350958333334,18.33566845631874,18.3483795625,193463.399914,29953.513465999997,101453.889922,34543.935974,3424.370961,17371.2259165,183174.2599165,0.0035599160102106567,0.0033586224995604996,20.0
20230614,19.59059356483963,19.660265092261906,19.23639745746739,19.34430490476191,180572.9913432143,9492.867588857142,102285.04920428572,40914.237063428576,3223.1230989285714,17871.95898957143,182667.83634542857,0.003537532082192216,0.0035138711026362715,19.041666666666668
20230615,18.32096911075463,18.367915208333333,17.989356702631763,18.092215125,182033.47992100002,11806.068459,102513.58993449999,40286.21098050001,2408.321846,18021.5964255,182490.6999285,0.0033350297627558144,0.0032828902959267233,20.0
20230616,17.29673434736056,17.3512984375,17.006839416057918,17.046599020833334,191923.5499195,24122.221948000002,101610.9399285,39155.8644615,2389.8490730000003,17988.19141,179736.9899265,0.003319650657959984,0.0030567581248056057,20.0
20230617,16.934594737068576,17.036836375000004,16.73148556591292,16.7095615625,184427.9799115,27483.758459,101584.699914,29698.07996,2400.523574,16737.680913,168348.96492250002,0.003123213097977477,0.0028167282766371894,20.0
20230618,17.14927887827195,17.26231525,16.839615485674795,16.8034195625,172817.14990850003,21073.883961,99705.45492700001,27625.960461,2461.0179904999995,15487.113916999999,161744.3049225,0.0029636894987289967,0.0027237119018926376,20.0
20230619,18.567860856294384,18.624512030701755,17.961843393962546,18.013328940789474,176699.17964573682,12409.851980289473,98401.0607118158,39006.96656818421,2531.1696142894734,17548.805388473687,174212.1193925,0.003280925781083406,0.0031291708058583906,19.958333333333332
20230620,18.279328978845918,18.334015520833333,17.64807197670923,17.720986104166666,174231.64990750002,12687.013467,97263.2549045,37910.619978,2231.836118,17339.0754065,174551.2949115,0.0031848376471863018,0.0030804938162259515,20.0
20230621,17.260717930606283,17.368888520833334,16.80564272164169,16.918201083333333,174305.634907,16789.9914375,95540.3049265,36599.1079675,2000.409805,16161.6204175,171431.3699085,0.0030086403978449674,0.0028810143539638473,20.0
20230622,17.85322444372415,17.891234291666667,17.214632673979168,17.283059625000003,163436.244917,17339.713953,97865.62491500001,25570.877451,1971.447894,15741.4884145,165246.4299185,0.0029178639627426717,0.002844656591733419,20.0
20230623,16.798423268025594,16.820477729166665,16.635435985086385,16.67470272916667,167316.62491850002,26982.7539705,97828.179914,18424.4578945,1634.317702,15998.071412000001,149469.809919,0.0028106554851584416,0.0024864954546105545,20.0
20230624,19.53658802406935,19.61349010416667,18.939943026227667,18.963225666666666,150663.53992349998,12330.040957,95558.4399155,18178.768913,1909.2294175,16369.6394125,144897.289917,0.0029434515097333438,0.002744346415682772,20.0
20230625,21.234830556420647,21.302212916666665,20.510805026325205,20.6081213125,150937.1449205,5347.645187,98286.00992750001,21050.793927,2336.649576,17369.9889015,146581.0149245,0.0032051246970567246,0.0030064946176772845,20.0
20230626,19.669938679478765,19.753294291666666,18.78114815665933,18.92245660416667,164372.22991199998,7129.521164000001,98365.609919,32078.099449999998,2704.832746,16876.286413499998,166510.3449195,0.003233191682978225,0.0031272554575495766,20.0
20230627,18.600219932034225,18.699873979166664,17.797327157191503,17.940392229166665,167548.0449225,6284.415255,101002.7149245,35058.701471,2860.3809395,15596.9684115,174001.73991499998,0.0031164304847408502,0.003096765891187802,20.0
20230628,21.148104751626377,21.213034166666663,19.874924981101902,19.9528901875,166530.23991200002,1793.0404315,99994.4699195,36755.8889815,2762.07943,18312.7419185,176852.6849235,0.0035217989579724484,0.0035149338455610136,20.0
20230629,21.11931007015805,21.2362753125,19.990188071255602,20.11696716666667,172669.679921,3912.1771015000004,101180.0249225,38335.205471,2745.122598,19565.113409999998,180737.089911,0.003646664509966543,0.0036129684187723235,20.0
20230630,18.35201530919492,18.443527687499998,17.759394355968883,17.815204979166666,178133.119913,18683.972717,101073.0849205,31855.694967,2630.3850475,17269.4689085,179519.194915,0.00326910174371803,0.0031881521769615293,20.0
20230701,17.21010963800656,17.215757125,16.8125493089469,16.830517395833333,174006.3649115,30975.2514785,101731.644921,18557.569915,2182.7233545,16113.074411500002,169109.7999105,0.002994668617837892,0.002843166849621425,20.0
20230702,18.451274457585015,18.498530300438595,17.740748738950927,17.728655570175437,160152.48229123687,23461.928426473685,96567.56649486841,16600.734680736845,1786.4748949210527,16524.86806426316,165367.85649423685,0.002955017405819135,0.0029337495915631503,19.958333333333332
20230703,17.05481264802627,17.080602770833334,16.80183912327277,16.851534249999997,187315.7499125,38971.4599885,102450.5649205,21223.2944305,2301.6571185000003,16981.1739105,180304.4549135,0.003194635020782231,0.0030294464446660153,20.0
20230704,18.19149877994419,18.2144424375,17.770181527546196,17.826050270833335,184571.82991949999,34340.114991500006,102726.6549245,22116.8919275,2679.522845,17455.389921500002,180098.16992050002,0.0033576382187926507,0.0032003771722661453,20.0
20230705,18.541092553965598,18.593709125,18.044046015525446,18.0700836875,188217.209925,33867.1099915,103078.7799225,24612.393448000003,2662.1056415,18216.970911,183162.4349235,0.003489752709468597,0.003304991404075319,20.0
20230706,19.23343484619539,19.250548375,18.351034896692642,18.39211308333333,178606.6349205,16754.0779645,103348.09492,33184.326473,2801.0335,17650.1069095,184189.409926,0.003435219075841643,0.003380066289153252,20.0
20230707,19.22275928040649,19.249467,18.437989224482006,18.487434104166667,177447.3749265,13199.3999615,103483.939916,33447.3584765,2656.340848,18007.2729135,184834.129917,0.003411028173152147,0.0034079696957261536,20.0
20230708,17.95894594189385,18.031553125,17.791618150573317,17.852821833333334,187144.56492,29164.170978000002,103470.3599175,28170.866962,2657.3995,17758.302910500002,170044.29991200002,0.0033609191247175245,0.003025363252715872,20.0
20230709,18.89106868057786,18.91329225,18.46888277667762,18.5036215625,175670.589913,15317.297958500001,103352.569925,30534.5884865,2622.459,17520.4769195,168584.8599165,0.0033186051792041113,0.0031135740157204558,20.0
20230710,19.168953162937328,19.20387972916667,18.313258049877252,18.372948583333333,169869.189924,8585.309483500001,102377.28492,32319.722982,2606.1125,17178.4604125,177605.13992,0.0032562145454792615,0.0032525287583395155,20.0
20230711,20.659995312804437,20.643315541666666,19.318837937334713,19.341227583333332,165447.05491,10488.992976,101843.35492000001,25990.246447999998,2545.7750954999997,17356.268905,180057.144915,0.003418135378957898,0.0034784948020720767,20.0
20230712,18.482541133584228,18.519711208333334,17.464165599867673,17.51481275,159636.199922,7659.771575000001,101602.3449195,25690.1714525,2547.991892,14991.855913500001,176410.3649165,0.0029504826314674403,0.0030808598264348425,20.0
20230713,18.30573900265096,18.327193093201753,17.425498210981445,17.46296611513158,162330.73228718422,13201.033297947368,102109.66729471053,23330.39936578947,2470.933975973684,15192.765563605262,173792.01017855265,0.0029715840173583996,0.0030284123624492384,19.958333333333332
20230714,17.678664303226945,17.706431458333334,16.809287207224113,16.872800875,157765.504916,6464.4528135,102694.1849185,24950.877960499998,1987.4674975,15109.8424185,174815.89991799998,0.0027890834000390647,0.002938530670111008,20.0
20230715,17.141042695405243,17.162356666666668,16.629145602293327,16.6697865,158454.15990700002,12529.4237115,100973.2899185,21370.249434999998,2042.3174479999998,14543.763415000001,164906.75991999998,0.002716069520230457,0.002742258521512109,20.0
20230716,16.277735328904907,16.4710616875,15.964820485402404,16.040107708333334,161555.19491000002,40709.225464999996,82644.284923,16378.524898000001,1659.7296935,14702.9684065,164274.42993050002,0.0026297527037546257,0.0026226117841822486,20.0
20230717,13.411932109117728,13.450661797149124,13.388392495692827,13.436840135964914,203889.09991436845,60761.33550881579,101191.55124710526,18751.014668026317,1839.6574509736843,15038.422797552632,175030.93780652632,0.002734546765840631,0.002343382894242975,19.958333333333332
20230718,15.319620414397262,15.401925711988305,15.152867387334966,15.15650762853314,178463.85810255847,33009.37828641813,102251.70182065206,20296.183762318717,1594.3893697719298,15453.72631654971,174994.69690217837,0.002733998563820051,0.002651671435645586,19.875
20230719,16.330016334668034,16.386924228070175,15.867931907091343,15.932627913377194,164841.9183314737,13657.525725868421,102031.06308776316,25906.50106926316,1654.8676304210526,15097.146771789474,172718.23150623683,0.002691871218990979,0.002740681136654205,19.958333333333332
20230720,18.765264731018764,18.783090104166664,17.773267314709244,17.818623708333334,161765.3849205,6157.9129665,102816.69991550001,27892.6304655,1808.852853,16836.110403500003,174050.14491650002,0.003035570272348333,0.0030934397517648374,20.0
20230721,20.07329429788907,20.093096562499998,19.03676253329331,19.066269479166667,168563.9449135,10435.761955,102653.794918,28137.512475000003,1697.4233565,19784.5634105,173975.77992,0.0033836336742618465,0.0033119356088815387,20.0
20230722,20.07861751187148,20.1034423125,19.031329954672252,19.061061291666665,161925.12491100002,11382.667448,102511.66491200001,21877.8804265,1713.5824089999999,18789.68291,165934.6849055,0.003251232648649982,0.003157957739361144,20.0
20230723,21.163088311348034,21.194427583333333,20.09006232184968,20.138784125,159535.7549215,8380.2624675,102571.384921,21180.7559135,1632.260006,19835.692907,163510.149914,0.003376269270221281,0.003284929102027244,20.0
20230724,19.874176066732733,19.906483666666666,18.87607994013715,18.909481958333334,169208.27491049998,12113.1724465,102669.5699305,27536.489966499998,1750.2700495000001,19505.83192,174591.6149255,0.0033628750475193916,0.00329560528021138,20.0
20230725,20.104285661615172,20.11244,18.921978298564163,18.9403984375,162138.0199125,6375.965677499999,102745.974928,26881.076453499998,1679.9666505,18952.940916,173401.2999125,0.003259669068929549,0.003281095633887141,20.0
20230726,20.645512371892124,20.6591614375,19.294180532923676,19.328565291666667,160969.8649125,3311.3057335,100368.13492350001,30934.834472000002,1805.690862,18915.708413,173017.64992450003,0.003323305337552823,0.003338233773025492,20.0
20230727,21.41946166594566,21.475475625,19.908844738764298,19.978207083333334,161639.36991900002,1635.8166569999999,99069.949914,33484.4919945,1953.2181565,19809.600420000002,174094.07992350002,0.0034622282876876314,0.0034660120071349845,20.0
20230728,18.57102427696223,18.773048708333334,18.059434685741003,18.088577687500003,184487.5399225,22098.355379499997,102310.2999145,33099.7584835,1154.2087580000002,21097.1179215,176875.184924,0.0034261225826977865,0.00319426584966334,20.0
20230729,16.440837480833498,16.459430583333333,16.313294545366258,16.278476104166668,195039.0799135,40418.2999885,102203.254927,27585.0784655,941.0498585,19966.6734135,170518.109915,0.0032066058152691503,0.002781712152362534,20.0
20230730,16.95775245805945,16.9778650625,16.62093966436493,16.625112979166666,170528.2999175,15019.0219445,101602.67992650002,29180.1264775,966.98302,17824.5889145,161504.89992350002,0.0028917766970946845,0.00268436319712779,20.0
20230731,16.705077248233774,16.813096770833333,16.24411753549436,16.26213452083333,172876.2899205,14802.322809500001,101429.50492050001,33562.4519915,1601.343514,16539.956415,174430.00991199998,0.0028879117775100108,0.002833461582727974,20.0
20230801,13.942095424499685,13.990427187499998,13.874572406597684,13.856605916666666,185496.0649185,29887.9914565,101794.974919,33296.204992,924.9240145000001,15425.876410500001,179153.864918,0.0025862038379629152,0.002485683270726612,20.0
20230802,11.019089534867465,11.045942000000002,10.969361879975212,11.0186723125,218017.4049105,65737.4249775,101718.39991800001,31228.4894875,623.11322,15094.113412,181124.3399115,0.002402353304868253,0.001986818429760881,20.0
20230803,13.801866342235156,13.8739975,13.769016705455815,13.780477083333333,198621.7149245,36374.7104735,101672.5299205,38794.1849835,903.556961,16699.3419135,179312.594912,0.0027413503620534827,0.0024689581148419596,20.0
20230804,16.19577849508595,16.239405020833335,15.805916224008676,15.881374145833332,178651.2649185,15219.536433,101645.814915,38097.609993,848.032757,18039.785415500002,182552.92991350003,0.002893396314486945,0.002885416316660109,20.0
20230805,16.721172608931337,16.747865145833334,16.46270884407533,16.488076020833333,181645.2399185,12843.154449000001,101750.2499215,41807.759992499996,1311.941053,18163.795916000003,170825.3299115,0.0030373214102679836,0.0028122476695261376,20.0
20230806,16.982866967660403,17.077990916666664,16.716012613141697,16.776090604166665,177194.804914,16227.705935,99238.9649135,37514.0399945,1117.6987570000001,18362.655402999997,167797.35492200003,0.0030092757992150002,0.0028049027013279664,20.0
20230807,15.254495104621904,15.312024895833334,15.176026322304752,15.243470375000001,214046.9349155,65894.389989,87103.49492900001,33706.295977,894.893746,20656.9299165,191827.7449205,0.0032651779208278183,0.00291118290626187,20.0
20230808,17.486380846385178,17.482123479166667,17.065252428981616,17.050986124999998,190465.70492649998,54538.494986499994,80695.1899215,28823.7134735,1191.97069,19910.4939185,190246.07491250001,0.0033305558545200006,0.0032465972920047593,20.0
20230809,19.10584047413438,19.1239298125,18.236376211883382,18.258352625,176442.4449235,18830.5004505,92602.44491600001,37453.6049815,1317.3161015,20444.2969215,185645.13992400002,0.0033710812055746326,0.003385494613561796,20.0
20230810,17.211075605157333,17.365227958333335,16.987686896778357,17.017856687500004,199617.41491350002,29065.010469,100853.384922,42736.869975,1476.4974069999998,20280.190419500002,188068.709918,0.0034356304201823102,0.003194852359168018,20.0
20230811,16.354212076188247,16.38796575,16.202725482947823,16.236645145833336,209038.624917,42553.2949755,100403.959921,39318.014481000006,1533.391956,20357.114402,187434.039911,0.003418662004007387,0.003036942294837819,20.0
20230812,17.318811772081833,17.336765291666666,17.231771880977572,17.2428113125,199248.794912,38730.1449825,97610.4349225,35248.4749915,1522.1347074999999,20596.475408000002,172235.9249215,0.0034507523748950647,0.0029679301679564683,20.0
20230813,19.18048178021577,19.234775663377196,18.93094237471399,18.91187689473684,189502.9535929737,26594.96873163158,97528.18860452632,37433.23814786842,1522.9376305,21898.973404789474,171092.14676794736,0.003634757948687107,0.0032389355712301197,19.958333333333332
20230814,18.74383041291506,18.77785589144737,18.38403187824569,18.412000414473685,198431.37360307894,30160.65783842105,97609.50019660527,41309.20421834211,1607.7354757105263,22331.800176973687,187224.67148876315,0.003719364015417902,0.0034419443290434988,19.958333333333332
20230815,18.527463034621217,18.56065925,18.15163702101512,18.187318336622806,198034.44912739474,28511.52118039474,99855.02676642107,40618.73881710526,1475.5948738421052,22187.470640526317,186709.56149628948,0.0036690759357893817,0.0033890841886335473,19.958333333333332
20230816,17.11955716472597,17.157065208333332,16.974280738728613,17.0298426875,214689.48491400003,50664.6049875,100686.67991800001,35219.072973,1152.4603545,22699.782423,192877.784913,0.0036753889096507964,0.003273961669377376,20.0
20230817,18.001763233245583,18.124111,17.58017169265262,17.680871770833335,200557.71491049998,33832.760481000005,99513.4149225,38534.452482,1217.4619440000001,22143.0519125,191804.1599155,0.003610392498419588,0.003371950062679489,20.0
20230818,26.90438844967399,26.879571874999996,25.082555316477016,25.041077354166664,172037.3099165,9713.299867,79433.80491100001,50471.77494250001,4305.5872070000005,23326.2354285,183034.67992650002,0.004628558613830468,0.004590977484090102,20.0
20230819,40.218635667962005,40.04586629166666,36.70631323049196,36.50766047916667,169950.82991600002,4685.9637785,79466.604921,47671.929963500006,2910.8619885,26147.148474,172789.74491850002,0.006835190509859382,0.006342474499995267,20.0
20230820,46.488071162399294,46.50764829166667,41.85636592267138,41.894195562499995,161876.44492449999,2108.6229395,70536.42493149999,48728.319957,3040.9709810000004,26237.916997,168137.5599155,0.007525323691166366,0.007037627233168251,20.0
20230821,54.537757032670086,54.54467089583333,70.83815176880636,69.79888685416667,163123.8999215,5161.943428,67581.49492550001,48629.419962500004,4085.620962,27141.9049975,181796.874923,0.008896411620140359,0.012878154616890179,20.0
20230822,59.962426574976774,59.951000145833326,73.49075956144384,72.395165875,163850.14492,6129.282633,68757.7799335,45423.7799775,5125.6239454999995,26672.42,185473.4249185,0.009824852284064803,0.013630582875722991,20.0
20230823,60.99096833649278,60.90322060416667,65.54186512979527,64.713674875,169478.8149075,12124.7817195,68383.124916,45403.9499715,4075.9669464999997,26694.729999000003,185288.3249165,0.010336677033729652,0.012144142401802928,20.0
20230824,57.80539358064769,57.69793114583334,60.55465421627897,59.838766666666665,169422.21491900002,10748.0469605,68714.0949295,46865.2199675,3446.144462,27584.329999,188097.01492050002,0.009793517814697877,0.011390149697625146,20.0
20230825,66.08042081932219,65.83731635416667,58.72171053559059,58.38292452083334,172449.5099115,9633.7744685,69052.3849185,47134.5399495,5530.4254405,27977.8049995,188525.60490699997,0.011395536185037792,0.01107054599989597,20.0
20230826,32.77679188070263,32.80962566666667,29.705210188020754,29.71953154166667,168915.614923,20665.577458,68489.50491049999,41715.349977000005,4898.4194315,28236.929999,177279.1599135,0.005536511955732079,0.0052661147071862615,20.0
20230827,31.637836098926982,31.681229208333335,28.644565212036987,28.66068195833334,165675.8999155,25719.763472,66700.6599145,38083.1824565,4543.4854365,27091.539999,174383.55991399998,0.005241626967068819,0.004995141253863731,20.0
20230828,49.963572816817845,50.120783499999995,46.48198082620519,45.5546771875,188667.604916,37660.734478,66810.37492150001,42355.872465,5113.133433,27648.109999999997,190665.74491200002,0.009426507616395187,0.008862521499213714,20.0
20230829,26.425646796296384,26.455254291666666,25.44402516478907,25.438473458333334,196434.279914,52020.629971,67063.134915,41346.2584665,4560.9819455,26647.6699995,186483.79990550003,0.005190902899692182,0.004744898497621032,20.0
20230830,64.6122341449595,64.28272675000001,56.68097867640143,56.084789687500006,173653.6649165,14213.208956499999,67051.424924,47670.8449405,6353.671425500001,27174.9949985,188859.289917,0.011220151257715237,0.010704729384625793,20.0
20230831,58.562759860806075,57.93192289583334,51.918502463657674,51.216399625,180035.5399205,24808.437464500003,66917.56492850001,46297.974942,5773.296429,25511.867996,190749.9999165,0.010543378090774809,0.009903454340607507,20.0
20230901,33.89153921444207,33.68710883333333,30.66274465184035,30.53930489583333,167591.7499165,21415.284948,66858.439922,44894.074972,5638.194431500001,23455.1039305,184931.849913,0.005679942364312029,0.005670518091874783,20.0
20230902,29.600366574299944,29.604463020833332,26.750246891129496,26.721967145833332,158979.45491049998,12530.6178645,66947.739929,47527.789957999994,4431.750934000001,23583.5419535,172787.45491150004,0.004705850143133189,0.0046221070785725325,20.0
20230903,24.245826746698967,24.290685874999998,22.445968271296948,22.48681241666667,162466.72491800002,28373.720959,66746.84492500001,39071.6594715,3564.4620895,19963.156911,170497.399912,0.0039391400644654285,0.0038269792287633792,20.0
20230904,19.839340735366065,20.004377708333333,19.27236731503597,19.303434458333335,195631.979903,65615.67496799999,69297.3149185,33072.5679555,3367.4488515000003,19868.3214055,186571.4749095,0.0038812095080299033,0.0035956739949639014,20.0
20230905,19.515344126501482,19.633154833333332,19.0066275150019,18.934450625,197702.889917,51321.824966,82103.7399255,37423.9109565,3272.0481499999996,19906.537410999998,188553.80491950002,0.003858239931534095,0.0035837719366412692,20.0
20230906,18.832017387056073,18.922798791666665,18.485117292035316,18.53060897916667,206056.134913,50487.693474,84605.79491950001,41756.503451,2655.781998,21210.263904,192130.47491000002,0.003880452715391188,0.0035515543640857986,20.0
20230907,18.618515997324383,18.781834479166665,18.139501287850173,18.2098381875,198694.1349085,37807.0464815,89033.739921,45432.034959000004,3298.9199540000004,18554.559905500002,191704.559908,0.0036993899293684364,0.003477425111337917,20.0
20230908,23.82522219049511,23.922308729166662,22.70722458503467,22.611244625,187796.19492150002,15848.236393500001,93616.004917,47040.909954500006,3798.1079624999998,23100.7569555,185747.5699075,0.004474286070534268,0.00421781178601403,20.0
20230909,18.19406772767253,18.226973458333333,18.06276752786486,18.064952625,203436.879922,56788.194985,86519.96493300001,33045.396489499995,2827.4095,19770.9319175,177138.34990849998,0.0037013443716072516,0.003199608834666817,20.0
20230910,19.59259051841208,19.759944229166667,19.086046222011248,19.118077729166668,185485.2699065,43828.473963,79343.729922,36561.17196,2885.5429934999997,19204.6934255,171788.80491250003,0.0036341369404751973,0.0032787690709840485,20.0
20230911,22.805639298223518,23.23734660416667,21.901435810800873,21.823759208333332,178632.684912,26614.733332999996,80260.41492800001,43214.511447,3183.890661,21461.103941499998,184132.77492350002,0.0040738325789762865,0.00403277215065168,20.0
20230912,16.22804518813638,16.35999540625,16.08443693824223,16.191113348958336,205694.09866299998,59491.90122874999,85058.158665125,37490.8774875,2264.2898635,18031.6051755,187722.44616212498,0.003338013128036147,0.0030194098471872715,19.833333333333332
20230913,49.42154597700907,48.6837294375,44.68852503438017,43.852871020833334,177985.354919,14268.9359595,86047.179912,44528.01495550001,3817.038456,18482.18091,184076.634923,0.008796311401363636,0.008226113308000944,20.0
20230914,20.48243382881366,20.592693916666665,19.658117070632635,19.709356583333335,186490.1599075,25055.4022975,89587.68492,45339.244949,4136.354451499999,17598.221404,187944.91491000002,0.0038197723600302473,0.0036946431401308696,20.0
20230915,20.936598367292177,21.445846708333335,20.252766716138748,20.257655083333333,190999.5199125,26647.833385500002,90438.59491449999,47185.8999545,4900.113954500001,17490.608414000002,193416.269921,0.003998880236753637,0.003917214593815737,20.0
20230916,16.768058916019445,16.789546458333334,16.574573968586957,16.60612772916667,196015.37491949997,43222.494983,85490.109929,44158.4299815,2585.4018479999995,17254.387912500002,185870.509916,0.0032867973550958158,0.0030807245151817176,20.0
20230917,15.524043049427195,15.826801875000001,15.504648757062139,15.608382645833332,204026.88492550002,52456.765479,85635.52993050001,42938.649991,2636.4413999999997,16257.321414,181280.799926,0.0031673221448239907,0.0028106951292518863,20.0
20230918,16.32516362422002,16.634705708333332,15.971118508553438,15.973034687499998,192428.15990949998,38860.426955999996,87479.9249105,43418.029981,3117.7716095,15087.0579055,198450.919912,0.0031414211964301626,0.0031694831600459997,20.0
20230919,13.558568620567561,13.615288482456142,13.56261901155193,13.588537880482455,203224.1864886579,74071.45497542105,73024.63912468421,36558.9531453421,1891.6224326842107,14806.698540894737,201809.25727868424,0.002755429077865487,0.0027370620694750574,19.958333333333332
20230920,12.920599074872271,13.0641625625,12.959338870526457,13.015804416666668,200914.7649,67469.2199705,73202.60991600002,40913.8299805,1768.5521990000002,13937.3663935,198985.3249125,0.0025959391254951197,0.0025787182558028978,20.0
20230921,13.14029834404936,13.203943562500001,13.193902159372948,13.24220625,201926.43992600002,67052.269983,72597.854915,42671.0299905,1661.9979935000001,14514.0099125,197944.19491949998,0.0026533736641794004,0.0026116563407837306,20.0
20230922,13.170708651096795,13.2205333125,13.157573080356379,13.193550104166667,226612.24993649998,86863.5049705,72904.79492,44431.9999945,1754.8259950000001,16894.8674095,187390.854918,0.00298464392068317,0.0024656088681740446,20.0
20230923,13.270386654966536,13.315791583333334,13.254766245283628,13.279829020833333,221255.2849025,75817.81497250001,75420.424927,49067.164959500005,1601.443161,16759.526411,177790.569921,0.002936143180110955,0.0023565724449186093,20.0
20230924,17.21839195300357,17.2621194375,16.81767928800552,16.8090085,175024.2949145,28443.260471,76294.614925,47972.404959,1926.533845,16621.858918500002,174447.0749295,0.003013636911135951,0.002933794958895,20.0
20230925,15.25155487986275,15.369274156798246,15.213460763407051,15.321672490131578,215086.1628122368,79443.8389228158,71244.59360652632,41662.72868021052,2688.303960157895,16951.287592526318,191048.2012381842,0.0032803984160299244,0.00290650431345661,19.958333333333332
20230926,17.019948523864695,17.055902854166664,16.847442794526394,16.8984720625,209276.48991,65845.10997250001,72524.774921,46768.319964,3343.6044465000004,17390.7659175,191076.1199075,0.0035618750855232893,0.003219143999541672,20.0
20230927,17.46742364030833,17.571522,17.224664141719757,17.244867666666668,208624.084918,55283.089979,81787.594928,47610.9699555,3280.47595,18155.0639105,189574.52492350002,0.0036441252728343656,0.003265357521633369,20.0
20230928,20.232525640184946,20.33720095833333,19.526835856616433,19.505156520833335,189729.009919,32207.888967500003,86689.41991950001,45081.8349635,3736.1129465000004,18702.443905499997,186175.03991649998,0.003838697057873071,0.003635409445048507,20.0
20230929,17.31188756279378,17.353117229166667,17.233267225223482,17.286219125,219495.2349145,65642.084969,82613.63492600001,46429.579943,3625.6524395000006,18808.111413,190417.809913,0.003799876827408831,0.0032815210026725383,20.0
20230930,20.050862735074332,20.072492083333334,19.506290615225065,19.533210916666665,183910.6049125,33398.747977,80162.564908,45677.629962000006,3646.833443,17997.345402500003,178752.2399195,0.003687566294625025,0.0034867931399922016,20.0
20231001,19.836388972953714,19.885263270833335,19.392976688660855,19.4336175,187740.314913,41168.470960499995,80310.5599295,41204.209963500005,3455.0284549999997,18534.788910000003,179262.5199175,0.003724089912519091,0.0034764338699106796,20.0
20231002,24.845306839241392,24.996263333333335,23.59433615121395,23.47442533333334,184601.38991849998,13126.4582805,91229.789922,52348.8949145,6854.6149305,17923.6584125,190468.68991850002,0.004586478175475574,0.004493982296218425,20.0
20231003,22.753708260746137,22.744354729166663,21.666906517987897,21.629815124999997,187499.149913,12104.8539505,96275.539917,52942.439931,5962.760925500001,17419.0174205,192785.36492050003,0.004266300956258307,0.004177062479768658,20.0
20231004,21.204425282447865,21.319934995614034,20.324572991275712,20.33518819407895,194238.29860552633,24853.349502815792,94088.37281913157,49376.37705260527,5334.551542710526,17322.098276236844,198019.23781505262,0.00411871148977068,0.00402465645264882,19.958333333333332
20231005,19.60077617810655,19.738535430555554,19.12646150015896,19.12220054166667,219405.7327033889,46872.07974872222,95429.66881105556,49407.884945666665,5144.033165277779,19037.308526666668,209768.95491894445,0.004300522658912598,0.0040121378401857715,19.916666666666668
20231006,19.51155396138098,19.63920029166667,18.736813270806312,18.757027729166666,207876.61491449998,44708.9024765,90403.314921,46803.229957999996,4765.340442500001,18142.886908,215999.994914,0.004055995789213481,0.004047151571198731,20.0
20231007,19.83562814025254,20.05969441666667,19.196691570931346,19.299882333333333,206402.5449385,64480.4299835,75676.1749225,40829.899989,5164.3004435,17576.702411500002,210413.99491449998,0.00409412412860185,0.004039252562581173,20.0
20231008,20.062684323295805,20.137340249999998,19.55571272835179,19.561225979166668,212261.8599195,51728.41547,84569.924922,48811.0099495,5180.6634455,18635.546421,207337.694919,0.004258542689440563,0.004054636399594609,20.0
20231009,29.168280435079197,29.138592250000002,26.486983308547032,26.43347964583333,203380.2249195,10461.5004645,102485.94492950001,56439.024923,10703.304914999999,19535.8159065,220420.01491099998,0.005932251435401458,0.005838261255817345,20.0
20231010,26.478720119170276,26.539925354166666,25.21851825897127,25.072579875000002,218181.4299245,34822.050475,102947.8049185,47914.499937,10169.338435000001,19339.962415,219401.619916,0.005777165018171198,0.00553298375789952,20.0
20231011,16.1306679006107,16.194520229166667,16.037366801608215,16.0854389375,232252.119943,73472.6949685,97940.20992200001,37712.7634785,4488.7229480000005,16551.29041,214801.24991999997,0.0037463818160133363,0.003444846434410957,20.0
20231012,17.21861366242935,17.219211375,17.09966731802723,17.113534187499997,239657.58497149998,83138.25497050001,92504.59991550002,37646.6549855,4704.8834365,18673.5859115,217963.3699165,0.004126571366895092,0.0037271011130882545,20.0
20231013,20.27828409427941,20.44363172916667,19.629780957751144,19.55628597916667,220369.4349295,44417.5649615,96471.08491050001,51071.9099425,5228.124439,20125.350903500002,219686.70491450003,0.004468714007196221,0.004312401896801747,20.0
20231014,18.223313773537043,18.2901734375,18.056315133687075,18.089246437499998,223091.34491749998,74228.46497300001,83698.304915,38753.3999875,4053.9339450000007,19621.657907499997,206458.23491400003,0.004065463578591981,0.00372787495155198,20.0
20231015,18.83907450668869,19.012709125,18.496763441518993,18.559169395833333,216686.019914,69033.42497749999,81421.52991800001,39542.9849885,3877.4224275,20018.758415,205390.06491800002,0.004082164073717675,0.003799051444026475,20.0
20231016,17.314897084106438,17.338766207236844,17.251410363178714,17.275644559210523,252581.39313739474,81765.00759902631,93247.0628231316,49346.33205310526,4444.005380263158,20776.51282531579,223110.48807623686,0.0043734208275342185,0.0038489705861322536,19.958333333333332
20231017,28.772062664665327,28.936583155579925,27.59882111433712,27.448238454434698,222609.36881347955,29390.60389871345,103857.00006709357,53161.96123513158,10947.364706245615,22088.245658929824,224311.943984,0.006404930709243029,0.0061907452158236256,19.875
20231018,24.267173640168604,24.30286322916667,23.62428046117325,23.590352624999998,245934.1249755,52855.909978,103667.2999155,54429.0849265,8945.6004135,22863.086916499997,236158.12995849998,0.005968126114823384,0.005579065895325804,20.0
20231019,22.423965732965613,22.499767229166668,21.681806482314922,21.68206764583333,244538.749968,57073.8499805,102993.689923,51248.524945,7200.614424,22872.678428,240867.2049755,0.005483528549664677,0.005222436126214873,20.0
20231020,28.446332062881687,28.46011108333333,25.958726104346184,25.930023375,224403.584916,29034.710975,102711.4699295,54979.049920000005,9826.936414,24201.830458000004,244216.26998100002,0.006383458892621604,0.006339543262661841,20.0
20231021,28.101259174932586,28.1355384375,25.992718964966755,25.99730902083333,224969.60992400002,28147.127482,103669.8399245,55244.754922,8959.1889275,25344.7659965,237765.85495100002,0.00632192931495781,0.006180181047206392,20.0
20231022,30.852164818363395,31.022925291666667,28.11954391955078,28.094346479166663,211970.7399135,15044.764680499999,104279.7399165,54962.7849235,9956.2899145,25072.8779625,225753.65991549997,0.006539756204481742,0.0063480899549932315,20.0
20231023,39.383567389509174,39.32396895833333,35.52114216106662,35.39028379166667,221970.65993650001,15671.4844755,103956.189924,55799.76492850001,16758.0354125,27259.1049995,235901.064954,0.008741996444102973,0.008379475264178045,20.0
20231024,46.040085809246236,45.93188758333333,39.69583018437217,39.57713933333333,216251.8649155,5463.8079225,103739.764929,54015.834929000004,19076.620918,30677.739998,243425.64997899998,0.009956254417119146,0.009662983264086801,20.0
20231025,42.063288335921534,42.27455839583334,37.547621142309595,37.49401054166667,229810.87494550002,25365.2684735,103677.1849205,49556.004954,18963.340924,28989.484996500003,248030.9299825,0.009666601095562975,0.009312971390557628,20.0
20231026,36.805633111276265,36.917088856250004,35.636461586121555,35.63420484375,216145.302493,44369.333745874996,86766.8811845,42596.393707875,14609.824431625002,25496.442499499997,205905.772479,0.007955364702283184,0.007337753151308569,18.9
20231027,44.40652010108755,44.37929979166666,39.795310745391035,39.7300540625,229262.169932,17371.664958,103793.7649205,55222.379929500006,20756.5199115,29354.859999,244209.43497499998,0.010180735157504306,0.009718390351786491,20.0
20231028,43.41509538473478,43.36806202083333,38.05362967317004,37.994376625,212978.69992,6917.885925,104471.809916,52478.799943499995,18197.704410000002,27759.2199995,234794.8249355,0.009246490571943605,0.008934795317272308,20.0
20231029,37.32721453580359,37.39022763386728,34.092491405285806,34.11518142448513,216676.9978296053,28239.244481499994,99461.95676689476,44699.50892436842,14942.996605526314,25947.725788973687,228275.8375808947,0.008087948782959525,0.00778249203076107,19.956521739130434
20231030,44.747064592281006,44.65811420833334,38.967286875879694,38.89955166666667,220609.4699185,10991.7489745,103891.40492950001,54110.47493350001,20227.189906,27866.569999,251200.149983,0.009871626200111993,0.009788588307651567,20.0
20231031,32.60403241065212,32.99961353728071,31.340756630650667,31.33369007346491,263420.1891960263,64425.03656894737,104165.97596644737,48839.46838642105,15872.691944105263,27291.442629578945,254978.52761807895,0.008588560386167355,0.007991219980119852,19.958333333333332
20231101,25.560137674825228,25.64092360416667,25.372360784919948,25.389442041666666,287136.714998,95424.499974,103963.134919,46652.59497399999,11953.8049045,26661.469998,262013.7499865,0.0073392539668459345,0.006647907395267293,20.0
20231102,36.81628646209188,36.86777664583333,33.02889076929389,32.96384404166667,229880.524925,32678.7104625,104503.39991800001,47085.904953000005,15636.4609155,27160.050000000003,251595.82498849998,0.008463347257694853,0.008309931021555547,20.0
20231103,30.035981495183588,30.283431833333328,28.1674100205464,28.208979520833335,246766.35497549997,54992.182487,104344.939928,46384.4804575,12717.9919145,25798.466494,256836.78498549998,0.007411869671678022,0.0072344270310454924,20.0
20231104,22.512097577914805,22.63125277083333,22.552983122867033,22.630929895833333,289463.60000000003,112212.7149805,100572.6699235,40074.794985,10334.754914000001,24367.028474,233851.5299495,0.0065164328084545,0.005274049608207708,20.0
20231105,25.284040115572775,25.545744291666665,24.8130763763445,24.760915208333333,245824.9749625,65828.134983,103267.3099185,41133.9994705,9362.891409999998,24211.4839755,218332.094911,0.006215448528361524,0.005417490946433939,20.0
20231106,35.43892329065794,35.4043250625,31.775788352809005,31.69658952083334,208879.0699215,16640.988461499997,104673.229919,48328.3499485,14116.858907,23180.328421500002,227322.17992850003,0.007402449335972015,0.0072233414773071845,20.0
20231107,44.12341170919925,43.9840476875,39.05923232917977,38.90632908333333,207099.9849135,9120.7474815,99867.3749235,50122.709949000004,17654.476911,28401.544994999997,225589.96991450002,0.009137957899307315,0.00881137104602313,20.0
20231108,44.813519180815604,44.700953812499996,39.50015583292144,39.40710216666667,213819.0299105,19976.8269375,92029.804925,51716.139941,18556.9134205,29357.394996999996,233332.87995,0.009581983198117577,0.00921668511896935,20.0
20231109,43.657807755500116,43.54364160416667,37.83115553641344,37.719427208333336,209462.5449225,13088.6704485,101757.22492149999,48548.0649435,19828.1044245,24058.74495,237693.2049655,0.009144675518204312,0.008992208606998429,20.0
20231110,36.13679092414926,36.02822295833334,32.467839960999086,32.393396083333336,219218.26992,25262.537468000002,104542.7749305,49032.4749565,16385.5819225,22032.331412500003,236674.84997550002,0.007921844786852759,0.007684321151798002,20.0
20231111,29.433197333135652,29.696463291666664,28.220012404082336,28.279236187499993,235469.349956,50360.475482,104587.5449205,43874.689977999995,13433.6424195,21154.8744075,227985.8849395,0.006930615843160124,0.006433764500948379,20.0
20231112,28.778207035282414,28.791439937499998,28.52186693230392,28.511842458333334,257082.5649955,71864.914967,104576.79491499999,41556.58499450001,14439.3884165,22296.977409,230354.0699385,0.007398375280601947,0.006570128130100528,20.0
20231113,39.18871679117937,39.210152020833334,35.68265144794291,35.56847468750001,235818.14494,42718.279983,104577.179924,42197.784973,20408.241408,23509.117438,248976.659979,0.009241410496274948,0.008884147376703653,20.0
20231114,49.104374253660694,48.9856059375,42.89924208293251,42.8012269375,225997.594931,24148.108469,104507.109917,41957.2799685,24638.8669715,27685.1599985,252787.8999865,0.011097470481919036,0.010844409317156994,20.0
20231115,54.978544631778625,54.92426112441149,46.99011309822347,46.942800969985875,220491.7885309294,11226.48984013277,104544.27011952261,45007.87165767515,27808.309916536724,28846.746099025426,255429.83540639546,0.012122317636688397,0.012002676854407129,48.291666666666664
20231116,59.407445246869464,59.39750963095238,50.98885006995609,50.91226788492063,225213.7625417381,9920.710228642858,104368.0875389762,46529.740431071434,32276.42404695238,28604.548808690473,256021.60355809523,0.013379374267039768,0.013054247158493454,35.041666666666664
20231117,53.603877890626784,53.59346478947369,49.9800733197105,49.92430264473685,259662.40578144736,42070.88182707895,103038.89228471053,45826.83180860526,31689.13347068421,33597.98157594737,259884.18262407894,0.013918911892295088,0.0129890305021845,19.958333333333332
20231118,51.84506306590118,51.8352730625,45.2750159948354,45.278304354166664,225894.58991799998,17552.9479485,104222.099925,43912.469976500004,24153.999953500002,33163.759997500005,248832.8649815,0.011711519260544595,0.01126591194207813,20.0
20231119,51.80161633385758,52.092045604166664,44.04258169334341,44.15873316666667,208397.264922,16986.332949000003,93570.5949125,41708.424978,21647.0564405,31709.429997,241263.3599555,0.01079531516251472,0.010625861240450625,20.0
20231120,80.23931939235128,79.95935164583334,65.9041671554524,65.6044664375,191538.309923,4566.688784,65648.83492600001,46539.899955500005,35781.625992,35920.514998,249678.19998049998,0.015368903625782762,0.016454833826587342,20.0
20231121,83.69370827899846,83.66574111842105,73.47921562404251,73.24378952192983,192877.05545194738,4550.847654078948,66149.54730118421,44218.52681460527,38070.54815739474,35986.108419552635,251768.12919552633,0.016142596012707493,0.018499724652419874,19.916666666666668
20231122,34.955186428019225,36.158891687499995,33.51688239441679,33.924506208333334,281160.389983,94892.986474,97205.449917,38687.2849915,20276.654448,26825.565000000002,275932.519992,0.009828013848030354,0.009248397821366924,20.0
20231123,44.90429762091135,45.051878708333334,39.126191208976444,38.993708250000005,224177.75493,28166.4249645,103833.82493150001,41853.114973,21847.079458,26103.4049995,259003.379999,0.010066544627364447,0.010133815769612059,20.0
20231124,37.130243007120555,37.14651691666667,33.50773787785734,33.494439375000006,257710.30498349998,62437.359981500005,104595.15492300001,41500.239984,19737.512913000002,26052.879997999997,281827.1049905,0.009568846249476506,0.009443388760897056,20.0
20231125,47.48536731560519,47.97076198135966,43.030491204375245,42.8763269747807,254747.7491928421,46662.767160184216,104739.73677402631,43851.041029947366,25945.55057776316,29414.40710273684,272034.22894736845,0.012096790443245773,0.011705766496008739,19.958333333333332
20231126,68.4639347254463,68.53272877083333,59.09520930419539,59.07623362500001,244145.37496749999,18064.7084875,104711.45493050001,43496.9099745,35595.475,37174.3649975,274892.55000000005,0.01671515301529453,0.016244832778414,20.0
20231127,52.47080895599701,52.927628875,50.46665381489145,50.49758727083333,312044.6,92372.509987,104705.959914,39415.7349935,33653.961496,36458.804998,304621.25,0.0163732325923505,0.015373215168409502,20.0
20231128,38.218054804888546,38.23871483333333,37.49609762163642,37.45693708333334,309433.4,108434.8949815,104434.474919,35596.4484915,23507.4399545,34272.4399995,291833.85,0.011825942639663,0.010942630528898,20.0
20231129,64.05841635425485,64.98080169298247,58.41484215321447,58.32550468092105,254435.2849815,57896.42340402632,76693.94755939473,42281.571715263155,39399.603062447364,35419.496312763156,262862.28315689473,0.016298721420558413,0.015355058778643573,19.958333333333332
20231130,93.64278601575077,93.00262102083332,80.4954603624623,80.14063260416667,242669.35995800002,37250.8499635,68694.55492200001,45288.504967500005,49335.159954999996,34514.135,266123.4299945,0.022724234947126196,0.021421728010644785,20.0
20231201,78.02890018829191,77.9822994375,72.13442295367916,72.11258704166666,269535.9349965,38150.5249895,101828.0249165,42776.844976,43116.9649985,36058.884995500004,272094.55,0.021031592568999835,0.019627383353091003,20.0
20231202,67.83046316123118,67.769307625,61.99212263694539,61.91399127083333,257735.5,27244.990483999998,104717.33992200001,44655.104966,41382.114999,35387.604996,266760.55,0.0174823183380915,0.016537052730299002,20.0
20231203,69.71585570533885,69.6922765,60.56497694768659,60.506025291666674,242278.37997,12098.1594735,104675.35993,46585.239967,39139.254998000004,35414.555,271344.35,0.01689064457851178,0.016433964302635,20.0
20231204,81.51599344997716,81.22836395833333,69.00923967096547,68.80739366666667,248831.624974,2406.0130449999997,104584.0299165,51409.189937,48722.9449525,36769.744997,292484.5,0.020283757111527755,0.0201841329605425,20.0
20231205,80.60806697262021,80.43264552083333,68.0449789951114,67.8923059375,247523.5899825,3772.5665384999998,103736.63493249999,50994.424941000005,50280.424957,34240.355,290134.65,0.019952398118612744,0.019742206165004002,20.0
20231206,72.44096299361428,72.46707883333333,62.378857424988524,62.33334760416667,249349.754983,12894.7399865,104752.1249205,47679.04496200001,43137.4749935,36640.8349985,277670.8,0.01806313637319029,0.0173207872442825,20.0
20231207,54.21314229810182,54.28309402083334,50.152878119610214,50.144935895833335,277426.35,55379.929988,105292.69492000001,45392.694974,35654.7199995,31749.4799995,283000.1,0.015040154189793,0.014193269523137502,20.0
20231208,49.17614852651711,49.24389575877192,45.948847088308874,45.93362549013159,284191.0184210526,67800.33681657894,105377.45123107896,43586.299973,32851.83815739474,30826.174734342105,286876.26578947366,0.013975419731775842,0.01318163367002558,19.958333333333332
20231209,62.794433919744755,62.73794727521929,53.59238184783388,53.53942754057018,247132.1405152105,26783.306755447367,104758.27860752631,42976.42339855264,35868.19657844737,32474.395524315787,280261.0394736842,0.015518522867027462,0.015019856644544527,19.958333333333332
20231210,62.20278701814278,62.2597138508772,52.94261453169193,52.98990681140352,238822.9094164737,23411.415939105264,105338.64545023684,39762.22287623685,35108.87368318421,31216.531841105265,273690.0578947368,0.014855450569486119,0.0144898672362775,19.958333333333332
20231211,71.22028038652442,70.983681,60.333682543398254,60.17482264583333,243152.3499795,11559.000958,105553.97492050001,45526.6299545,42840.094975,33779.554999,285852.6,0.017317378542182304,0.017246540022605002,20.0
20231212,69.25279267553489,69.24853752083334,59.21109422914598,59.13265629166667,251369.91998,21576.684983500003,105610.5049235,45260.869956999995,42375.2349985,32123.989999999998,290854.35,0.01740806895324074,0.017221804324807004,20.0
20231213,62.75619064804307,62.60194360416667,54.850111467675475,54.72888310416667,259573.394994,32315.3499965,105600.054919,45309.6699575,39504.369999,32916.224999,288466.7,0.01628983746340325,0.0158224306497125,20.0
20231214,57.9046010360475,57.813452625000004,49.480744622257006,49.397114666666674,227987.464928,12426.928515,104415.3299255,46996.884955,31024.273992,29760.404999500002,267083.05000000005,0.013201523197875712,0.013215468189983502,20.0
20231215,62.690537726599736,62.406090168859656,53.112055855202634,52.85679307456141,223076.23281702632,7870.291412605262,103438.39360499999,45813.18338105263,34869.90313936842,27947.413156394738,267450.9705208158,0.013984768989323534,0.014204870884829723,19.958333333333332
20231216,34.73534037160115,35.34408556907895,32.02419570712631,32.11001477741228,252171.8702216579,67660.25757721053,104403.20360013159,34072.960778973684,17020.925314500004,26594.744998000002,265318.3052631579,0.00875927574429252,0.008496605332430449,19.958333333333332
20231217,27.398234228875307,27.464669125,27.41176567289832,27.456835791666663,289194.15,113897.78497800001,99982.3499185,32814.4594855,14494.3464175,25916.52,252471.9599855,0.007923409059320501,0.006920702206099886,20.0
20231218,29.80963693376588,29.937568014254385,29.307448562569768,29.370383968201754,280925.9421052631,98052.6889213158,102701.85202165789,34481.823421842106,14457.74384444737,29060.607892210526,262789.50077547366,0.008374300339434027,0.0077016897767605815,19.958333333333332
20231219,28.380520782453825,28.634035052631578,28.194734413496036,28.29717699671053,285193.5236842105,103794.3670816579,103530.11017147369,33303.67932107895,13482.141557368423,29125.025522815788,258759.13682510523,0.008093940725940973,0.007295645139849324,19.958333333333332
20231220,41.427859898089736,42.44604427083333,39.15641732663417,38.95020829166666,248144.394956,51561.757569999994,102103.2799365,41379.1309695,20778.347434,29542.279999,258439.2999895,0.010280091228733412,0.010119557083992065,20.0
20231221,43.8552194487185,44.04611652083333,38.44128064630981,38.5510585,226718.05993299998,29474.075093500003,103449.90492999999,41492.1699765,19244.965909500002,29709.149998999997,267918.1699975,0.009942770271349427,0.01029911756311964,20.0
20231222,33.44179596021597,33.61276815241228,31.534043611859605,31.55627524780702,251432.28313989472,66794.66603505262,102748.4772958158,35589.78101176316,14189.391663105263,29594.262893236843,262566.3505203158,0.00840834711057561,0.008279778748314455,19.958333333333332
20231223,36.5685482478708,36.51370250438597,35.815092320373715,35.739130653508774,250097.18102863157,65508.87524760526,100172.83071289473,35465.663059263155,16658.34344163158,30124.46184160526,242081.9757583421,0.00914569083110199,0.008670188310883495,19.958333333333332
20231224,42.84812786547447,43.0299728125,41.302698120896395,41.245510145833336,215902.1799155,27633.018974,100799.7899235,37640.2749855,16603.083425,30886.389999500003,234182.349942,0.009251004211454018,0.009672362904896547,20.0
20231225,45.045325971235826,45.075591270833335,48.841920064412264,48.82982116666667,191350.2349165,7912.277476,100815.489921,35290.959996,14717.287423,29996.1049985,236148.734955,0.008619433706486294,0.011533957635984188,20.0
20231226,45.79092163760622,45.776841125000004,42.71199664230535,42.77900164583334,210937.7049245,22770.31297,101016.15491800001,35714.009997500005,18229.0984175,30241.989998999998,243591.724971,0.009659031916614283,0.01040428893905472,20.0
20231227,53.36698160113514,53.040424541666674,45.63695335362513,45.4810496875,214457.3549185,14307.951479,101503.07492350001,43135.554961500005,20729.179418,30280.149999,256945.14999,0.011444941714163699,0.011726193824533843,20.0
20231228,47.1694621352797,47.03669360416668,40.67511891081439,40.60089341666667,215924.61992750003,19367.552967,102962.39491,40221.9489765,20048.6954245,30394.109999,263628.6749995,0.010185048183744874,0.010723127703905102,20.0
20231229,37.313886483976006,37.52441143640351,37.6030614950595,37.87564349013158,234109.93125868423,45641.32946413158,104442.43096697368,36048.51161705263,15032.460759421054,30014.40342005263,270961.45789473684,0.008735551399757971,0.010188980364006766,19.958333333333332
20231230,40.069529319528435,39.93481413267544,39.77389917735706,39.770396098684216,260497.2555233158,65528.981044605265,104481.56228515791,35367.36079526316,18606.869492710528,32607.347367421055,272296.14473684214,0.010438002417848194,0.010830279407146183,19.958333333333332
20231231,52.22746623007026,52.30405406250001,47.54782614610968,47.53933095833333,256618.544987,52313.9899955,104394.5999275,36138.983965,24118.2814555,34297.219999,290994.4,0.013402536392318308,0.0138361511406915,20.0
20240101,52.80010717824982,52.81961016666668,54.020857912361095,54.01393279166666,268065.9,64616.3599965,104514.07992799999,35181.9029775,23907.98646,33436.484999,314321.6,0.014153908250834,0.016979922492385998,20.0
20240102,73.8395627661932,73.5361851875,82.64377217557055,82.52416610416667,270521.32499600004,37162.779997,104596.1649185,43927.564984,42807.269968500004,35343.0599985,335299.4,0.019975176356635895,0.0277104072242055,20.0
20240103,74.45794833561554,74.35541620833334,79.20291878608556,79.23304120833333,280722.4,43769.1999955,104604.1599185,45007.4999615,46915.839955,33722.279997499994,346599.8,0.02090201395585,0.0274517158106735,20.0
20240104,80.46415048345654,80.46301185416667,86.96130129768471,86.9043499375,280252.7,36611.264997,104375.39992299999,46994.0999715,52632.724942,32686.069999499996,346855.05000000005,0.022550295426195,0.030162966509673497,20.0
20240105,97.08005766989427,96.91923689583332,107.37772260957387,107.47867020833336,278184.8,30216.2804855,104366.414921,44955.2149835,52405.544934000005,34637.2599985,329504.95,0.027006196426888004,0.035381491119581505,20.0
20240106,107.01413292939972,107.06844795833332,115.502573932652,115.54480860416668,261303.134999,12786.437983,104652.35492350001,44981.529966,50587.624937,35056.25,319427.45,0.027963128423651867,0.0368946926597435,20.0
20240107,68.8140118776681,69.19521191666666,60.39245851845921,60.3420373125,287108.25,51469.594987000004,104652.1199205,45464.339974500006,45667.4799715,34061.089997,323402.5,0.0197570705256765,0.019531072066016005,20.0
20240108,53.39943889430558,53.638837270833335,49.75776975634281,49.613150104166664,291044.7,70185.0149865,104826.75992400001,42879.578473,38277.066494,31218.169999499998,300093.75,0.015541623673161501,0.0149319957178175,20.0
20240109,36.11384836140917,36.42105614583333,35.193166971289884,35.24456652083334,291796.83499650005,101305.9999825,104790.709923,33909.4569735,23936.0514465,25585.174998000002,279371.9,0.010537906651402733,0.0098319819237865,20.0
20240110,32.796109019625746,33.1415132037037,32.27135631540995,32.32156323263889,295642.1077732778,111098.73387877777,104726.73022625002,31255.21851875,20506.245282472224,25945.226944194445,275073.76666666666,0.009695910797324363,0.008877003537121937,30.666666666666668
20240111,46.87379960419407,47.53402794791666,46.92016228559866,46.525210468750004,280781.225,74781.60848725,104764.0049595,40449.74073925,31840.5227415,24958.874495750002,288776.475,0.013161282873270124,0.013549439071263124,40.0
20240112,53.43717401304024,53.988986541399576,57.92185226114611,57.64123294604701,283199.37051282055,69288.90358173077,103701.84560170514,43935.15318282052,36260.764484673084,24981.37067748718,304268.2551282052,0.01513337404247705,0.01762378092129261,39.916666666666664
20240113,44.55093040013128,45.278234156249994,41.86374533493922,41.925304041666664,293473.34499725,89420.237491,104792.379958,38200.77749575,29327.22499975,27284.444999500003,298289.2,0.0130745105672662,0.01248750310496275,40.0
20240114,56.15266318814899,56.19708946875,48.904466719940125,48.91388559375,248254.21997975,34397.849495,104349.58495774999,42998.884987,30852.79749975,31356.7874995,284226.9,0.013940135599559549,0.013899964971961751,40.0
20240115,81.82094905291027,81.6240574286859,76.11607049190829,75.75413601068375,257672.01294696797,31067.44403687179,100348.4654096282,45664.18299782051,36667.33115384616,33835.72961463462,310390.2602564102,0.0210829686436947,0.023625686929678678,39.916666666666664
20240116,80.91486343074503,80.69685663595085,79.49108694376794,79.32044742788462,263459.5456372757,18813.118366141025,103993.41624328206,48216.62933522436,48692.05798987821,37679.96397335257,320037.6192307692,0.0213177931547663,0.025440138215549572,39.75
20240117,62.18159665168527,62.98647315208334,62.73482677842923,62.685529614880956,293038.7714273214,60372.6579925,104047.85288567143,47788.85618842143,39786.09349975,35161.50885614286,320514.83499999996,0.018221618688199097,0.020107442653641824,38.333333333333336
20240118,51.76366218525142,51.92300826041666,49.54337172903115,49.59291457291666,305728.55000000005,81280.61999149999,104795.9449615,45127.959978,34266.47999950001,35558.79999925,305891.25,0.01582562938258675,0.015154883907408,40.0
20240119,58.236905171182585,58.371562374999996,53.247428109568695,53.28170410416667,279637.1,53489.28999475,104797.09996,45629.2499765,35040.20499975,35644.0999985,309368.94999999995,0.0162851992750445,0.01647310092445775,40.0
20240120,60.89896819890943,61.6019188388158,54.36187700434742,54.46915299945175,276093.75263032893,50972.700465907896,104743.75811881581,43962.12077371053,35020.64999975001,35770.10842055263,311170.8868421053,0.016813824661351968,0.016915833477844238,39.916666666666664
20240121,41.00863668676357,41.01366480208333,38.290738537689954,38.22671259375,286246.4,84370.20498425001,104785.63496175001,36282.42049625,21961.93895975,35449.634999999995,294178.55,0.011738574620494,0.011264313941446752,40.0
20240122,30.876569496800577,30.918379322916667,30.280602486940406,30.285981364583336,301593.14999999997,122888.32498675,103241.0399615,26869.5979825,18280.449957499997,28224.421498749998,285144.75,0.009312161855734,0.008634354825988,40.0
20240123,35.398026749504034,36.02371044791666,33.82336896593122,33.84222088541667,272970.72499649995,86861.61848524999,104802.92995875,32373.24998675,19679.17446275,27091.81348825,271088.35,0.009662625025257615,0.0091691212844155,40.0
20240124,54.587112466029694,54.597479177083336,47.79363824226784,47.75542480208333,219380.69996125,11907.16898375,104787.3599625,43507.23248475,26598.22349375,29783.539999,267056.9,0.01197535894166107,0.0127636208687015,40.0
20240125,56.85193028248394,56.83890410416666,50.57991692742123,50.45509152083333,237835.58998350002,23324.39098525,104456.92496100001,43296.999991000004,29439.23249625,33357.98499875,275161.05000000005,0.01352141238043538,0.013917623050662001,40.0
20240126,46.2720811163697,47.865759300438604,45.160315224138266,45.34511830701754,296942.0313082895,85703.45136111842,104810.19864510527,37865.865409197366,27420.367172368424,36493.22289473684,295096.5236842105,0.013740125759556764,0.01332665203112633,39.916666666666664
20240127,31.551754061286953,31.662402010416667,31.03760028739304,31.02639604166667,285888.75,101722.77998775,104792.304958,29956.34998,15740.095462000001,30732.96999975,278986.4,0.00902029152888875,0.00865906836881875,40.0
20240128,25.837303422778767,25.933137791666667,25.852868780131853,25.90171702083333,284015.8,113308.74498624999,104794.04496150001,26845.8824745,13853.44546375,23164.10096725,257534.8,0.00733820240146325,0.006658013390717501,40.0
20240129,24.886708460940238,24.973737895833334,24.90341463185993,24.957533760416666,302498.65,129871.65498925,104808.9299595,27263.6279815,13871.657462,24431.870990749998,268121.44999999995,0.007528195712378,0.0066771396410455,40.0
20240130,24.672038130743267,24.713327270833332,24.651027768599054,24.692708677083335,292581.8,114811.6649935,104802.69495800001,34590.4829865,14047.57496825,21820.06396775,271552.05000000005,0.0072185893259615,0.00669403712517,40.0
20240131,26.691485664609008,26.895391916666664,26.40237774739656,26.42261704166667,269934.65,92026.69498675,103438.32495499999,36139.7299965,13664.11746,22589.79847275,260548.949994,0.00720495684085625,0.006879111799429124,40.0
20240201,23.89687447975534,23.976563572368423,23.90907889139244,23.967336541118424,280933.9894736842,125348.70630876315,93561.4907479079,25765.137747657896,12544.542936328948,21350.572109592107,241766.85340780264,0.00671344428354954,0.0057804227714508645,39.916666666666664
20240202,26.33188595984554,26.442136347587716,26.291824365280853,26.31248003508772,273297.17789198685,100491.61050997369,100883.12232707895,32324.139824960526,12924.888750171052,23751.359974394738,242120.1110415921,0.007196430121399418,0.006365779434807837,39.916666666666664
20240203,24.683377468318753,24.931927159469186,24.700987353545816,24.927632322846378,265544.13157044735,116770.83482552395,90756.33522480263,22516.48553361842,12198.937095552632,20828.936492,243071.53840530262,0.00655452603405025,0.006004106996156306,39.875
20240204,27.349253115088953,27.500208552083336,26.205815371848743,26.167945916666667,240309.2449845,76439.04998575,101214.81496250001,26721.902478750002,12114.641965750001,21041.398961500003,251908.19499025,0.006572278366977011,0.006601459648570164,40.0
20240205,42.63180407796115,42.459635015899124,38.06367090994644,37.971745184210526,234264.58418527633,39212.71209649999,104766.2123308421,38920.617962171054,21059.456209842105,27080.489999999998,273564.85789473687,0.009987121855391736,0.010412882723431528,39.916666666666664
20240206,69.34241486224992,69.21353528125,66.06880282218596,65.72671634375,233549.28496874997,8208.70538775,104770.34495475,45718.194979,37065.139999750005,32647.954999,287036.1,0.01619487140908489,0.01896413149374925,40.0
20240207,73.85388420149766,73.93295183333333,73.32923945867012,73.41209798958333,250404.7799905,16760.5574935,103977.21495925,45660.76498025001,39949.274999999994,38022.59999975,305472.7,0.018493365624919888,0.022400080766386502,40.0
20240208,65.04793845365893,65.20656845833334,61.8965137408765,61.90068745833333,282772.35,50829.01499725,104696.18496025,43945.794989,37242.32999975,39367.4199995,322285.89999999997,0.0183937584191965,0.019948373637840747,40.0
20240209,97.49098099681227,97.40863359429825,95.13305092540998,95.10409427083334,268226.1657894737,20903.092358894737,104728.76627496054,46768.626297039475,42918.50815663158,39165.79710501316,324942.1368421053,0.026149632031829396,0.030912736852011544,39.916666666666664
20240210,73.80862024722045,73.88770178289474,71.54627835297983,71.6383104495614,249645.8352579079,13435.871121078948,104741.03680205264,47188.33603538158,37780.741578434216,40078.75815764474,310200.102631579,0.018426014650851082,0.02219366288800186,39.916666666666664
20240211,61.79440680030333,61.896377041666675,53.75264073531492,53.80018307291667,263698.2,36990.24849825,104739.94996375,44134.244987,30863.66999975,40662.88499975001,310605.35000000003,0.016295073843307747,0.01669585778901675,40.0
20240212,55.35344298549007,55.45349778125001,50.6572210730279,50.65239985416667,286893.1,65980.17499725,104384.644959,42147.83998475,31107.738998,36971.93999975,315879.95,0.0158805208537805,0.016001600459687,40.0
20240213,38.18586720351612,38.21884369791667,37.92693042172457,37.91691472916667,325029.05000000005,126508.009993,104276.69496175,34076.28499775,22783.29545975,31700.4399995,313440.95,0.012411516140585001,0.01188785310196925,40.0
20240214,38.98207416891873,39.313591583333334,37.837759141197644,37.91862707291667,277832.09999675,83146.1549835,101752.694961,36931.119998,21706.27045775,30143.224999500002,277209.3,0.010830471528579752,0.010488978725099999,40.0
20240215,50.88059901860192,50.838016645833335,45.76467123142899,45.74197504166667,229547.544955,26852.75998025,101154.704963,42020.35498525,23733.822480249997,32445.8149995,257452.56999649998,0.011679516590559854,0.011782232223576281,40.0
20240216,36.93699961024165,37.60212834252451,35.522663971629676,35.65392360232843,251195.13027285296,60368.676336147066,102072.64025888234,39082.59764097058,17309.351052808823,29791.737641558822,252525.97733888234,0.00927839442898297,0.008970395437116486,38.166666666666664
20240217,29.979189921019167,30.59503780208333,29.84699696978085,30.10988985416667,279575.50498975,101384.25148625,101009.59496275001,29667.850994250002,13261.132459249999,31367.909999249998,257853.68998925,0.008381447161352557,0.007696158303755956,40.0
20240218,38.63409167735707,39.15447285416666,37.42910152300938,37.343941739583336,265441.1849915,72758.70698575,104733.884962,31597.86899425,18423.737963749998,33415.009999,263163.35,0.010255079075907909,0.009849967744285251,40.0
20240219,51.98887908095124,51.99619854989035,45.621018671769214,45.59639599195907,238591.91734642108,29096.70813235965,104800.26574996492,41517.57492534649,25934.51454538158,33378.43921002632,278608.99912280706,0.012404126340615398,0.012710426351104512,39.5
20240220,54.375190670329545,54.34197501041667,46.54848979388698,46.50549352083333,224020.599958,13248.5919795,104748.62995475,44593.55497875,26724.36648975,31532.179999,268394.0,0.01218116283679787,0.012493335369740502,40.0
20240221,41.962108185804276,42.14261644791667,38.632984004702344,38.66132504166667,242803.20498600003,43679.76998825,104752.62996475,42239.33498825,21277.43096125,28213.86999875,265718.75,0.010188534355482545,0.010265508218499501,40.0
20240222,35.37990528718775,36.13784183333333,33.53156207854138,33.510647947916674,251688.15498300001,62158.89648550001,103931.759956,38943.334992749995,17541.380461250003,26699.185994,262775.5,0.008904703085205573,0.00881127299096975,40.0
20240223,23.311968618608084,23.370198900767544,23.23727974624122,23.282684482456137,286996.0131578947,122956.68603559211,94613.102594,31439.297409289473,10525.927014592105,25167.82903713158,268611.0992105263,0.006690442052402474,0.006241791255300354,39.916666666666664
20240224,26.788670885824413,27.186067549342102,26.550218085215867,26.522336031249996,272550.89657106576,96473.54340880264,103320.42337851315,30396.522751144737,10657.9644855,29158.84526138158,254643.69157619737,0.00730127626787865,0.006760845545372487,39.916666666666664
20240225,27.671877620142563,28.06396915625,27.45468835718126,27.540819020833336,272404.30499175005,95675.14998725,104805.57495899999,28130.48799375,10991.195465750001,30136.15499875,247758.14499,0.007537938590931697,0.00680212265865378,40.0
20240226,42.055330664099564,42.376902020833334,40.199556216126346,40.073114781250005,251434.65499325,50127.6774825,104790.20495975,41634.86499175,21468.13747825,30795.23999875,256569.60499125,0.010574167556154921,0.010313984259195086,40.0
20240227,51.19236611593532,51.33823301041667,47.64292975215161,47.622449885416664,235505.58996675,27446.300976500002,104725.814957,43138.874986250004,26752.105980250002,30578.5649985,258814.68999275,0.01205608838392721,0.012330690094149485,40.0
20240228,29.563561094638896,29.70395152362805,29.004554724284162,29.06357814354675,271877.6307297073,87053.66034762804,104648.4970337317,34491.26329118293,12499.863423439027,30354.380730957317,270945.04268292687,0.008037670946343375,0.007858640317770461,40.041666666666664
20240229,28.843161389974036,29.11739375,28.418510352368905,28.476337802083336,278162.75,98776.56998624999,103320.91995875,30239.634994500004,12086.4169595,30992.90499925,267218.4549995,0.008023093090928999,0.007593950429747315,40.0
20240301,26.99543009046529,27.0322348377193,27.481564956773436,27.50111689692983,285740.00789473683,104744.57866513157,101077.39995917105,34356.7577569079,12039.673145355264,29310.678683460526,267149.6,0.007713674407171369,0.0073416890855760395,39.916666666666664
20240302,42.245476864516526,43.187906166666664,44.254323594657514,44.160747864583335,208013.0849665,42414.642988,75409.00495775,39745.834994749996,16037.7034595,29051.66999975,249661.40999425,0.008787611968468986,0.011048596826984001,40.0
20240303,63.720550183720945,63.62994986458333,69.50173408182454,69.46678532291666,167700.29496225,4830.999887999999,65741.83496125,38486.764992,21353.091464750003,31931.3699995,236570.36996825002,0.010685955060966855,0.016442050945172162,40.0
20240304,67.93742510240894,67.953103875,69.83560326886388,69.9235663125,185855.7449605,11177.7694735,66256.11496075001,43026.8099905,28563.2704925,31406.83499975,249791.25999275,0.012626560753106385,0.01744432333288332,40.0
20240305,73.99824948233665,73.91761740922618,74.4529379006969,74.48565001488096,186236.86207339287,7081.635838642857,66711.35994057142,42784.156415071426,32118.487142357146,32182.773567071432,250466.87928296428,0.013781201782514445,0.018647995009435883,30.333333333333332
20240306,78.64648212960273,78.54752497916667,74.38569796924357,74.3014455,194533.714917,5724.8768254999995,67188.524918,45673.279973,35363.079998999994,36148.1149975,256543.279999,0.015299392333825074,0.0190831509420447,20.0
20240307,81.39000903921546,81.28680425,71.39800845038143,71.20018281249999,199120.1499135,3762.4208315,67136.599914,48376.474963,37862.0499985,37965.969998,262536.2499955,0.016206390801349703,0.018744565395710164,20.0
20240308,82.65676460498489,82.53956452173914,68.52855214213882,68.37851484782607,195060.70492050002,5668.620717999998,64307.734920999996,46220.48996300001,38707.38142807142,36401.22999949999,250881.49999999997,0.01612308677029619,0.017192545954248,19.304347826086957
20240309,68.45849314400043,68.6030451304348,57.96287937867055,57.99142815217392,183913.18991400002,16146.530467999997,64282.69991500001,39076.964988499996,28535.121068928573,32135.5849995,238144.77998499994,0.012590419850818818,0.013803557156930588,19.217391304347824
20240310,52.95796329772483,53.30453735416666,54.45472399569911,54.590185125000005,190295.14491099998,31339.913454,66884.449922,37042.454995,20581.195783516483,30151.419998999998,240131.574952,0.010077643299931965,0.013076298636663694,20.0
20240311,60.80436934275376,60.926778770833344,61.73121423486179,61.68162666666666,195817.0749155,23774.207962,66880.6299155,42909.3149775,26502.7784845,31292.254997999997,246472.344973,0.011906533746779746,0.015215037130497024,20.0
20240312,59.88356479586163,60.011686459249084,52.57915021597615,52.56758983333333,212982.22492399998,34908.906973000005,66878.2563750055,45955.53943352198,30064.116593406594,30019.826976565935,243886.214966,0.012754134866603128,0.012823329932303165,25.25
20240313,60.766460695803,60.77912986607143,50.04565242227317,49.96068961309524,196290.574914,26054.742462000002,66872.26780607144,43173.149985357144,27626.058203214285,28978.539284285715,244351.534982,0.011927883505468154,0.012228731988558096,28.0
20240314,29.758391602585082,30.01754982142857,29.453436604953023,29.5280203125,256209.569975,120242.22998,62903.56781071429,29684.67356214286,13180.679233571429,27304.17463785714,245571.149977,0.0076243847156459744,0.00723291429785298,28.0
20240315,36.430638049728636,36.82117063131313,34.36976849355441,34.34167274911817,218970.47970368585,70787.15455397745,67101.35032387085,37719.46176997114,15990.88948597042,24180.614225595236,230331.82191505178,0.007977234289660429,0.007916451395918933,27.208333333333332
20240316,39.764350549126405,40.51027583333333,35.68060466224139,35.769660044642855,194871.1899215,55800.9494835,66558.0035267857,30405.229637142857,15672.233883214285,23399.3188925,220971.2249285,0.007748926307963914,0.00788438691840503,28.0
20240317,40.08222048530848,40.48272375,37.127742103427906,37.02102575892857,213218.1199315,59335.924977999995,67152.09638392858,39448.753561071426,17625.456022857143,24391.20105535714,229105.684932,0.00854625569455733,0.008506176784584506,28.0
20240318,35.59357298862841,35.83562038084215,33.78967401442906,33.84155639219577,235665.01707005262,83452.65234942106,67148.0313016402,39024.034227063494,18047.326037063493,21810.46412162698,244169.82469884213,0.008388159985949278,0.008250418780734165,27.958333333333332
20240319,43.448154259246465,43.80622392857143,40.85630871307638,40.83094697916667,227362.1092177513,71333.374978,67113.80352178573,39236.945706071434,24254.12748821429,20867.352092499998,236753.19784924074,0.009878463994000502,0.00967286174013663,28.0
20240320,47.287943209859726,47.44066886904761,45.080691042814074,45.01364619047619,224568.42852750001,63766.60497500001,67093.24637821427,42259.546423214284,27006.811778928575,20696.6892275,228394.06066785715,0.010619379094935865,0.010296162084981403,28.0
20240321,64.18220813202402,64.10167296130953,53.41937809344205,53.178518199404756,173567.46781035716,8586.98522,67139.34280964287,44942.189269285715,29225.759989642855,20291.980662857146,221716.2535267857,0.011139943343952722,0.011843944376608819,28.0
20240322,43.63320032682568,44.01127139880953,37.50793880574351,37.5830318452381,188962.08923785714,41001.1989765,67149.9999517857,39006.01071107143,19218.8567375,19356.67565964286,227624.13925250003,0.008245020693890931,0.008537712285792809,28.0
20240323,43.420642007849416,43.40024916666667,40.566203570599,40.528595684523815,177965.87852142856,34173.769485,67164.48209892857,35534.18570714286,17409.082455,19699.162447857143,213525.37852571427,0.007727392700891367,0.008661913972763334,28.0
20240324,50.41163121966781,50.3527209077381,42.54287112105327,42.45961363095238,166543.2642321429,17735.6374605,67168.23566678571,37537.96784714286,19269.582097500002,20569.479588214286,211595.32495500002,0.00839571761859048,0.009001872639377951,28.0
20240325,67.58043657188107,67.45008379464286,53.718384618988644,53.631012782738104,172531.79281107144,3899.3629885,67175.182095,45227.48570535715,30829.658927142857,20272.587451428575,224481.6999517857,0.011659773880701538,0.01205879429793443,28.0
20240326,64.53293818636315,64.88842302083334,56.54153257383205,56.39803461309524,172713.23566964286,8491.1844855,67112.49281607143,42736.91784714286,29416.955707857145,19475.82208464286,226308.21067499998,0.011145692561435836,0.012795813065606159,28.0
20240327,36.926830211353646,37.06153334821428,36.047732037520774,35.989332261904764,205284.36780928573,60663.099977499995,67004.9249575,37302.48928357143,17689.37816714286,17765.466735,226798.0678214286,0.007580500995138566,0.00817555597545432,28.0
20240328,37.138445738945634,37.327607961309525,41.20979496747107,41.17895138392857,187947.17495142858,44352.796963500004,67032.65709964285,37455.52571214286,15348.72245392857,18484.150663214285,207074.41781285714,0.006980065958721752,0.008533494301076281,28.0
20240329,30.032788407125697,30.204903958333333,29.12481965634042,29.21487123511905,195964.7499542857,65413.419983,67031.22138714287,30755.142497499997,12339.719596785715,16750.006378214286,195156.9178157143,0.005885367870632358,0.005683910036069928,28.0
20240330,33.79132696705665,33.96462556547619,36.65009695044525,36.44223126488095,192708.01066464288,50419.4049815,67028.928525,38651.63928321429,14103.176382142858,17695.614233214284,187937.0356717857,0.006511859397539986,0.006887910577950233,28.0
20240331,38.405905408722575,38.89076538690476,44.60013734852374,44.29270313988095,178436.1142307143,34573.5974655,66982.14281714286,37214.21427892857,13956.921383214285,20446.770300714285,186997.86423535715,0.006853000524644829,0.008340130428777523,28.0
20240401,33.582230554935,33.93738599702381,34.95435036551325,35.063524315476194,190834.7535257143,54130.107469,67011.06066785715,33499.77499392857,12831.790308214284,19542.941375357143,185769.43566464286,0.006408656690794733,0.006493449941425599,28.0
20240402,33.90243557920558,34.049336964285715,32.818353903382715,32.745531875000005,213834.91423535714,74685.2899655,67006.66781750001,32311.25855857143,15687.845669642857,19467.363165714283,217970.03209928572,0.007249524404449145,0.007153417653766049,28.0
20240403,30.182374879244815,30.32628044642857,30.135692895474495,30.14280583333333,249116.04998607142,84568.892835,66948.02495250001,35431.1778475,17989.33067357143,16430.85494642857,232499.38568214286,0.007518914009116298,0.007006530085303537,28.0
20240404,52.785254216373886,53.006074806547616,48.594557711199556,48.55037110119048,181044.62138178572,24191.783899642858,66896.17852678572,40415.62141642857,24143.262129285715,18148.691376071427,229089.69639178572,0.009556486364144719,0.011132512472351816,28.0
20240405,37.233793350770185,37.58568991071429,33.93213370145512,34.07965669642857,207176.19994999998,59854.65391107143,66864.824955,40924.29284642857,19338.992448214285,15009.020663928572,236846.1071232143,0.007713955816136144,0.00803669377357407,28.0
20240406,42.908620758999845,43.08872821428571,41.00460450686024,40.952262544642856,160277.54638285714,15887.807864999999,66685.49638321428,40762.06427785715,17501.624239285717,13168.090307499999,214959.50710464286,0.006877288453925024,0.008814329573815494,28.0
20240407,24.250002469507262,24.41782263392857,22.519079644309766,22.53813626488095,192546.54994964285,76345.87856357143,64943.55710321428,24683.629614285717,10035.543172142858,12453.402803928571,219342.24281678573,0.004669254311773943,0.00493938543535273,28.0
20240408,29.007030725642522,29.233661770833333,27.156073914466578,27.187660223214284,197964.92851785713,61079.87498785715,66567.91781321428,37383.20856285714,13209.623523571428,14005.18388,216266.19995035714,0.005742374764117108,0.0058729409110527065,28.0
20240409,34.08623300269922,34.381862261904764,36.07280096848734,35.87167918154762,167032.44638571428,26317.889255,66617.07852821428,40086.135708928574,12101.831381071428,15767.34852142857,211000.92138428573,0.005693506886514322,0.0076113942412627845,28.0
20240410,19.289717427277225,19.41763912202381,18.85984247017174,18.95189075892857,216293.8428192857,99691.18927071427,64684.674946071435,24733.11211214286,7044.8796007142855,15074.602092857143,223668.26422964287,0.0041722471092439355,0.004218348228947812,28.0
20240411,19.4925551421532,19.955323720238095,19.28084779043046,19.371858020833333,224641.86068678572,102915.4249825,65787.79994642857,26820.09248035714,7068.847450357143,16601.50672857143,224675.21424107143,0.004378843856673067,0.004331928608064453,28.0
20240412,29.59370544775073,29.715423497023806,33.18802712018172,33.07914653273809,176164.90352607143,37609.874978214284,66813.66066857142,37487.24426892857,9118.638166428571,18351.80566785714,219835.66066785716,0.005213372265181982,0.00729591186822791,28.0
20240413,29.894469121077403,30.02409305059524,26.656100517657077,26.6810081547619,171397.72494607142,39506.028555714285,66844.13209607144,31171.1757,6985.986382142857,22207.883879285713,211596.65353107144,0.005123843995823251,0.005640341665724098,28.0
20240414,31.96952400936257,32.3291628125,39.50062073709492,39.512400967261904,162800.0570992857,31754.100686428566,66848.03923964287,29417.048914285715,6880.953527857142,22978.335662142854,210542.38566678573,0.005204640334161212,0.008316554925306873,28.0
20240415,29.66825081508517,29.71986794367284,28.07072082773582,28.01292280643739,204214.8764056614,61630.37008718254,66833.2700575,38003.30494353175,10446.600788994709,21900.855604179895,218384.04571857143,0.006058698173374781,0.006130197580597514,27.958333333333332
20240416,36.42722749795768,36.403109269515916,31.902747827084657,31.86369418567233,183865.71232864386,32684.41670701212,66826.45675702138,44376.55450322115,12270.901698088668,22625.491358367042,221691.1464700347,0.006697718132069552,0.0070725567413308064,34.083333333333336
20240417,41.38464674147767,41.36856665625,36.25434676825875,36.24279772916667,193841.41496,33835.5909915,66661.89496075001,47463.89998325,15956.624459999999,24752.99099225,228330.49495799997,0.008022058481987783,0.008277972941975487,40.0
20240418,50.590088836173,50.99904605208334,45.369939375477415,45.25731226041666,193755.4099645,25617.386477,66451.47996375,47647.17998225,21856.091962,25333.66649825,227786.30996375,0.009802103402593175,0.010334651073619045,40.0
20240419,34.456405305939874,34.81462303125,32.42422044743559,32.40211488541667,225465.9749725,65454.874986999996,66570.85995925,46715.374989,14609.541956500001,25319.75199125,240711.25998899998,0.0077687470163513555,0.007804874958063318,40.0
20240420,30.98971329026908,31.279779208333338,28.713236823945984,28.785858291666667,216508.16995675,61700.54498575,66637.15996075,45791.4699825,10779.48695825,25526.2249995,238967.74497975002,0.006709526111960532,0.006861537454887891,40.0
20240421,39.59471956561176,39.58404791666667,36.105371294767,36.118879166666666,189875.305,31226.617000000002,66615.5,45892.675,13670.274000000001,25579.0015,227874.165,0.00751805945391,0.008227481335809998,20.0
20240422,37.52826204489875,37.7034,36.51079494429214,36.49384583333333,240610.885,72683.795,66629.225,50726.1,18999.415999999997,25652.2705,240893.27000000002,0.009029708343134999,0.008795204784430001,20.0
20240423,45.84200575379571,45.90246249999999,40.71277657488161,40.65208333333334,206815.65000000002,38937.285,66573.94,50787.56,21263.0135,24222.0975,237166.955,0.009480844217275,0.00965572524986,20.0
20240424,47.49478416124249,47.49433541666667,42.12123818285954,42.12991875,198649.61000000002,29499.686,66679.785,51157.61,22398.431,21926.7095,225667.75,0.009434820350664999,0.00950540504794,20.0
20240425,46.639307243559564,46.762643749999995,42.12347093259772,42.07037083333333,200797.065,33852.4555,66671.075,50723.115000000005,21713.76,22410.992,224124.34499999997,0.009365036008140001,0.009440895331895,20.0
20240426,45.515164684307166,45.55359166666667,46.882845971714666,46.51779375,196612.08500000002,30559.7255,66633.76999999999,50854.25,20068.3715,23216.2575,220086.135,0.0089488314277,0.010318264367715001,20.0
20240427,38.904083980073395,38.98491666666667,44.185515595498174,43.979908333333334,180578.72999999998,20166.1215,66585.305,50925.405,13221.9275,23236.157,205593.785,0.0070252500769349985,0.009084267393455,20.0
20240428,40.179491428789824,40.3795875,58.10554984635047,58.06579166666666,155814.345,13458.2705,56658.495,45420.4,10591.6585,23075.1495,199232.64,0.006260541139410001,0.01157652209454,20.0
20240429,30.903243341886736,31.245141666666665,33.44600341806794,33.44565,187089.225,60758.395,45031.744999999995,43854.7,9409.360999999999,22007.1535,205762.44,0.00578166384682,0.0068819312715499995,20.0
20240430,35.09659982090053,35.6808875,42.838522609803825,42.67522708333333,163920.08000000002,34848.2815,45083.4,45104.020000000004,9536.3,21650.124,200203.86,0.005753037450370001,0.008576437583179998,20.0
20240501,37.47499264417468,37.53392708333333,54.94097245020266,54.91165208333333,137172.235,9827.377,45027.735,45540.15,7832.651,20687.908,192657.86,0.00514052849761,0.010584810178575,20.0
20240502,40.38309968347017,40.258270833333334,57.924156350537444,57.7966875,140460.7,9395.283750000002,44955.765,48131.32000000001,9398.858,21277.724499999997,195320.59499999997,0.00567223844971,0.011313780683260001,20.0
20240503,35.80662080423696,36.100720833333334,46.73816155562978,46.387043750000004,151561.675,18717.3479,44859.240000000005,51138.91,8647.372000000001,21092.703,198830.985,0.005426911425179999,0.009292994699195001,20.0
20240504,26.31438169077792,26.592070833333334,28.064267801538563,28.041162500000002,187752.925,55752.2655,44851.30499999999,51164.89,7062.4175,20825.504,189552.08499999996,0.00494060213201,0.00531964047578,20.0
20240505,29.233500951310248,29.26615,35.9453533835961,35.69181875,172916.77500000002,40725.948000000004,44828.545,51287.935,7337.692999999999,20992.827500000003,194465.365,0.005054962706460001,0.006990126265795,20.0
20240506,33.877452730037525,33.9544235745614,30.318330710828025,30.268150000000002,173845.54499999998,36393.10128947368,44665.509999999995,53617.1,9899.676,21690.468263157894,208624.935,0.00588944423306511,0.006325159773855,19.958333333333332
20240507,30.79649627625606,31.143922916666668,29.455443918117254,29.452314583333333,193710.28499999997,55342.195,44688.295,53116.825,9369.278999999999,23114.8795,212996.99499999997,0.005965598070675,0.00627392104095,20.0
20240508,44.81216103120634,45.32193750000001,52.46599690213232,52.26300624999999,166850.02000000002,18329.329999999998,44712.825,56601.20999999999,14485.2425,23908.8245,210018.65500000003,0.0074769099642999996,0.011018838102619999,20.0
20240509,37.985189194028514,38.3263125,31.776499679400175,31.90550833333333,164809.8,14153.736,53602.240000000005,55544.20999999999,10178.671999999999,23889.4415,211236.85499999998,0.00626033143403,0.006712367855185,20.0
20240510,20.857170656381253,21.303162500000003,20.67413920887179,20.783960416666666,225125.335,83513.264,60793.085,45122.744999999995,5692.608,21721.318,214374.73500000002,0.0046954775311699995,0.004432013114255,20.0
20240511,24.251437101986543,24.48923958333333,26.497593443310333,26.458572916666668,196473.415,47778.424,63595.6,48511.384999999995,6057.8099999999995,21539.834000000003,198566.97,0.004764762666084999,0.00526154684233,20.0
20240512,32.87586243366462,33.6962375,36.4702429532325,36.302483333333335,158479.725,19156.978000000003,55137.92,47917.4,7307.7395,22274.318,191861.02000000002,0.0052101576376250005,0.006997218012655,20.0
20240513,46.451264372107175,46.25915625000001,48.65038002123069,47.926618749999996,149682.46999999997,4137.63075,44262.155,56903.455,12530.901000000002,24315.455500000004,189268.465,0.00695293998584,0.009207982748285,20.0
20240514,25.658060497662547,26.324359375,24.74286369976872,24.72690607638889,172584.9875,41705.910416666666,44166.917916666665,51980.67375,4526.137375,22189.769458333332,190323.55208333334,0.004428196050263334,0.00470914970805375,19.083333333333332
20240515,22.54495587085838,22.74828958333333,21.912033124270494,21.927850000000003,190461.44,63418.21,44488.994999999995,47807.240000000005,4100.907999999999,22013.255,190762.46000000002,0.004293944759900141,0.004179993342387326,20.0
20240516,28.696811782857512,28.73408541666667,30.837426154830233,30.499722916666666,155238.065,14681.402499999998,53289.630000000005,51384.865,4322.091,22853.7035,190972.985,0.00445483753284,0.005889115322505001,20.0
20240517,23.62117484713848,23.9128125,23.512998910125816,23.39971875,169582.415,23590.1395,61417.51,50252.405,2959.1049,22475.5815,192416.70500000002,0.0040057358757149995,0.004524293774955001,20.0
20240518,17.26086548342205,17.332954166666667,17.23172249563828,17.299045833333334,198958.86,63105.81,70816.985,33412.61,1748.6113500000001,20888.3695,181267.29499999998,0.003434202119195,0.003123547724975,20.0
20240519,16.872563859539326,16.952827083333332,16.76564565294066,16.804100000000002,186570.09000000003,51601.1755,70887.465,34987.25,1803.00225,18709.8335,178152.445,0.003147915757805,0.002986840765075,20.0
20240520,17.41408082976787,17.514463486842104,17.003543845070844,17.01214254385965,187990.24210526317,33231.796973684206,78429.88289473685,46214.119736842105,2157.685834210526,18760.454526315792,194928.85236842107,0.003273677271228684,0.003314481287915789,19.958333333333332
20240521,19.047968940076906,19.08574366471735,17.95883858323096,17.99578382066277,170668.64350877196,9566.886776023392,81550.7331871345,49820.69959064327,2219.1554014619883,18316.05682163743,197464.74538011695,0.0032508910206001463,0.0035462374881603215,19.875
20240522,20.087334904734025,20.105752083333332,18.97498682845851,19.008110416666664,169155.88,11497.239000000001,80231.34,46155.895000000004,1793.1150499999999,20327.148,193013.85499999998,0.003397890812665,0.003662435356335,20.0
20240523,17.757124752797893,17.8446125,17.357834853709342,17.358,185010.56,43666.6275,72898.405,37838.92,1695.2146000000002,19747.631,192416.765,0.003285255594505,0.003339938429955,20.0
20240524,14.777751711992092,14.866379166666666,14.703034127703635,14.74185,200491.58000000002,51524.19499999999,76217.935,45610.5,1734.7199500000002,17548.6165,192370.40000000002,0.002962814789585,0.0028284285563599998,20.0
20240525,15.370969797412915,15.398310416666666,15.129350022690497,15.125441666666669,173607.81,23733.157,76633.215,47544.91,1419.20515,16029.661,179381.28499999997,0.0026685204041049996,0.0027139222482850003,20.0
20240526,17.607177660868008,17.760658333333335,17.057238688026292,17.014208333333332,161050.125,20471.755599999997,76436.90500000001,36462.75,1126.8057,17830.344,173922.235,0.00283563816318,0.00296663307555,20.0
20240527,14.731013674476197,14.783164583333333,14.636168930261917,14.611075,189268.31,43015.4925,77457.345,41048.435,970.2595999999999,17783.654000000002,188561.38999999998,0.002788114062755,0.002759816357765,20.0
20240528,13.815800284235284,13.904120833333332,13.780889318836957,13.881572916666668,193311.68,44109.758,79041.43,43038.520000000004,859.3683699999999,17231.3915,184356.89,0.0026707555634900002,0.002540601896255,20.0
20240529,18.56577427447566,18.5862,17.953692749357835,17.961022916666668,170290.29,11556.9579,79238.485,49323.409999999996,1221.433,19851.890999999996,185168.83999999997,0.003161571085275,0.003324464460115,20.0
20240530,17.047578056227476,17.083187499999998,16.599317578105172,16.623068749999998,170155.61,10164.52085,79581.91,52409.225,1344.9855,17868.233500000002,184689.27499999997,0.00290074104318,0.0030657159289949995,20.0
20240531,15.965724111691413,15.980039583333332,15.870450626747836,15.866043750000001,166601.16999999998,4298.541934,79813.715,56253.47,1474.799,15910.093499999999,188517.205,0.002659908316905,0.0029918529942450003,20.0
20240601,16.792262318948556,16.835283333333333,16.275919108001034,16.298685416666668,162477.645,7503.402405500001,76790.585,51564.31,1403.05845,16616.7645,179580.925,0.0027283672358050003,0.0029228446086400003,20.0
20240602,18.0564318402728,18.1114,17.71530138255811,17.760516666666664,159716.565,10746.699999999999,76096.245,45659.125,1394.32325,17713.477,173068.675,0.0028839112696850003,0.003065963737505,20.0
20240603,27.525518240584237,27.76172083333334,33.60521860210379,33.02504166666666,155520.37499999997,10169.699349499999,57468.505000000005,54351.345,3537.9853000000003,20706.7785,184622.72,0.004280778918845,0.006204286864515,20.0
20240604,20.699711641351907,20.815754166666668,19.49626289838578,19.539712499999997,166174.815,16105.0995,70787.5,47603.835,1822.33115,20763.754,189628.38,0.0034397707525549996,0.003697044749475,20.0
20240605,16.451531917890588,16.593329166666667,16.142748971312958,16.218335416666665,183696.115,29999.223999999995,80742.01500000001,43347.115000000005,1186.2605,19097.804500000002,192263.285,0.003022082499115,0.003103657946155,20.0
20240606,16.391398978399316,16.44836875,16.249307392049236,16.273702083333333,185172.155,28817.4765,80499.79000000001,47561.93,1154.0162,19091.297000000002,190387.26,0.003035230672295,0.0030936611112700003,20.0
20240607,17.68833924802813,17.74802083333333,17.29277032239445,17.335002083333332,179885.585,19140.933,81010.90000000001,49416.105,1445.418,19636.8105,187592.56,0.00318187725331,0.0032439950542700003,20.0
20240608,19.395779961393394,19.41003333333333,20.40603138239427,20.325595833333335,172361.685,11806.455,81012.28,48148.21,1074.28215,21544.413,182303.49,0.0033430893160350003,0.00372009073806,20.0
20240609,17.398875111038965,17.483425,17.75480464675927,17.753754166666667,183184.565,39972.412,76337.57500000001,37924.854999999996,1047.00695,20449.2925,183848.34499999997,0.003187205368705,0.003264191450105,20.0
20240610,16.405981846814825,16.416985416666666,16.255862582213673,16.25878333333333,197219.935,38837.8895,81011.255,47158.145000000004,1032.56585,20832.858999999997,194392.085,0.00323558667344,0.00316001102083,20.0
20240611,19.748871305224494,19.790883333333337,19.075727815227175,19.079118750000003,182896.43,24438.944,80934.235,44704.005000000005,1688.6338999999998,22137.41,194590.735,0.003611998058255,0.003711959896225,20.0
20240612,22.25783776476043,22.30287916666667,24.015986979844783,23.827125,168826.915,6453.72515,80703.735,48006.29,2341.1919,21958.8865,191725.825,0.003757722084395,0.004604484916899999,20.0
20240613,21.364682974611533,21.417027083333334,26.32459332933364,25.9584625,165887.14,5206.84465,80492.71,48111.83,2157.27555,20727.862,191039.53499999997,0.003544126155665,0.0050290380687,20.0
20240614,19.921112699290784,19.9450125,19.153593472101534,19.17025625,174695.345,11661.316499999999,80484.83,51918.15,2604.86065,19399.362999999998,188583.30000000002,0.003480125655786485,0.0036120478638273653,20.0
20240615,19.443318813205522,19.468316666666666,20.07233782543042,20.03850208333333,170524.555,16867.9795,80239.81,42885.395000000004,2425.6429,18604.6705,185122.52000000002,0.003315563288345,0.003715841760535,20.0
20240616,19.030635462746783,19.059904166666666,18.62126636755389,18.63966458333333,174086.515,30064.6045,77374.26499999998,38290.635,2285.56685,18917.144,179156.505,0.003312977005945,0.003336121001085,20.0
20240617,18.023956638623066,18.03972697368421,17.63218946957089,17.641256030701754,180243.2505263158,21972.251368421053,80257.1605263158,50768.97763157895,2558.4954078947367,17957.956763157894,185742.04342105263,0.00324869653189079,0.0032750389020652633,19.958333333333332
20240618,17.84048699217032,17.867083333333333,18.03868866326162,17.991897916666666,179432.7,22021.136,79349.005,49420.034999999996,2454.21625,17496.39,184182.825,0.00320116675032,0.0033224166372949992,20.0
20240619,15.5729360413426,15.614320833333332,15.547312748835932,15.581825,192453.305,42960.955,80847.375,41347.295,1601.55825,17782.0125,181361.97,0.00299706300971,0.0028196912683349997,20.0
20240620,14.349541439334873,14.438660416666666,14.336075381538203,14.438658333333334,201198.21000000002,48563.45,90364.14499999999,34569.615,1215.3406,17940.0395,177070.08,0.0028871020519150004,0.002538490014695,20.0
20240621,15.389523320718812,15.440937500000002,15.392811596975449,15.440939583333334,197879.085,48564.675,85390.655,34315.95,1116.50725,19330.7495,163507.46000000002,0.00304526479329,0.0025168395264799997,20.0
20240622,16.939089203083014,16.955650000000002,16.939319258186245,16.951060416666667,187975.78999999998,19918.119,95194.83499999999,42485.145000000004,1321.5165,19983.42,156347.33000000002,0.00318413867483,0.0026484173380350003,20.0
20240623,15.83522815784365,15.841435416666668,15.808808703960732,15.80844375,176427.75,12314.7752,95173.835,42292.55,1452.9714999999999,16914.459000000003,156339.515,0.002793773674625,0.0024715414855049998,20.0
20240624,15.042819841354635,15.063760416666668,15.016922638294485,15.049150000000003,196880.005,27635.555500000002,93932.26999999999,46707.310000000005,1260.9565499999999,18463.963499999998,176175.86000000002,0.0029616304455800002,0.002645619260355,20.0
20240625,15.009463121098573,15.0853375,15.007564236796988,15.0853375,214976.64500000002,48342.81999999999,94311.57500000001,41300.78999999999,1359.21495,20111.099500000004,183083.07,0.0032266840250250004,0.002747630933695,20.0
20240626,15.266132142318934,15.292622916666668,15.158624166494924,15.205691666666667,193167.83000000002,20829.034,96954.14,46449.905,1256.9252000000001,18225.2275,185813.95500000002,0.002948925618425,0.0028166839087350004,20.0
20240627,15.864082805307843,15.875333333333336,15.606230017835555,15.621256250000002,182966.23,9385.41885,97004.25,47738.895000000004,1337.0839999999998,17911.9215,189354.925,0.002902591423295,0.00295511651456,20.0
20240628,15.744744693201579,15.760925,15.678098501793553,15.681608333333335,205711.13,41446.0255,93892.83499999999,39372.455,1207.45885,20749.061999999998,191489.96500000003,0.0032388692224000004,0.003002198533375,20.0
20240629,16.24227205544598,16.27727708333333,16.19332527022039,16.235325,205922.95,65824.29000000001,86639.41500000001,22157.0805,1163.5326,21517.13,178433.98,0.0033446565763599998,0.0028894394774000003,20.0
20240630,17.419617743449535,17.45786875,17.387529633440696,17.40986458333333,203166.695,34992.1795,96688.30500000001,40177.561499999996,1407.40825,22392.4985,171790.21000000002,0.0035390861651,0.0029870073671100002,20.0
20240701,17.386294732771034,17.420135416666668,17.21958260520004,17.282925000000002,201925.34,25335.513,101077.285,45731.89,1182.0014999999999,22582.275,188782.97,0.0035107334752550005,0.0032507639463700004,20.0
20240702,15.366231994719662,15.457022916666666,15.3445940855709,15.427810416666665,223137.32,50323.34,100687.785,40536.04,1481.95715,21224.8505,188813.49,0.0034287798258,0.00289726636193,20.0
20240703,17.49488220149548,17.5166625,17.203657687909377,17.22028333333333,187300.68,11736.4944,100598.69,45300.54,1513.10835,20010.8345,186824.29500000004,0.00327680333286,0.0032140612189650005,20.0
20240704,15.932070339059017,15.968397916666666,15.857983549745162,15.894208333333333,202264.78999999998,36646.24,99980.035,36933.3695,994.1161999999999,20064.177,188781.27000000002,0.0032224968613950005,0.00299369027416,20.0
20240705,15.249031599905399,15.261820833333333,15.117001712875908,15.1488875,200566.26499999998,33071.228,99769.35500000001,38821.375,911.0255999999999,19853.5175,192281.88,0.00305844131286,0.002906725509315,20.0
20240706,16.370786571740087,16.41858333333333,16.439516889438796,16.394791666666666,206656.56,49648.652,97236.0,27565.044,725.625475,22583.025,181348.24,0.00338313043741,0.00298127745435,20.0
20240707,14.919900477465394,14.952616666666666,14.919803768200222,14.9502875,219465.12,80421.53,88898.83,20470.4795,832.549065,21576.862,181230.285,0.003274397748675,0.0027039202890550003,20.0
20240708,15.609993650470493,15.625968749999998,15.60465527648183,15.622208333333333,222407.03,67917.22,97294.6,24331.1045,1005.9232999999999,22713.7545,189392.01,0.0034717723261200005,0.00295539702817,20.0
20240709,16.611007110209975,16.624254166666663,16.578041226987057,16.59561041666667,207585.29000000004,32962.577999999994,101561.64500000002,40783.2155,1180.04995,21963.480499999998,185506.765,0.0034482007281650003,0.0030753387980549996,20.0
20240710,17.8623647302612,17.893464583333337,17.67125130162709,17.668133333333333,192575.37,13945.39875,101265.355,45046.828499999996,1209.5608,21888.7075,185448.66,0.0034398514970050004,0.00327710987441,20.0
20240711,15.392621283329769,15.472827083333334,15.373663223719737,15.456720833333334,221700.46,63858.814999999995,98744.00499999999,30314.125,945.05795,22217.0445,192882.245,0.00341255121912,0.002965306676465,20.0
20240712,17.000588290719435,17.016076388888887,16.91606407582855,16.936780555555554,151855.1025,13446.4855,75681.0975,37679.600000000006,915.73195,16555.088499999998,143816.01,0.0025816260774474994,0.0024328008402899996,19.333333333333332
20240713,15.946859527430588,15.970291666666668,15.965114090198213,15.949974999999998,130677.30999999998,20264.306,62507.9325,28121.322500000002,517.46465,13849.623249999999,114859.75749999999,0.0020838927059925,0.0018337491328599999,19.2
20240714,16.765843281099148,16.817487500000002,16.673484255840442,16.66603125,195348.135,32156.660999999996,95172.28499999999,38596.81,868.4902,21602.659,177503.6,0.0032751762166649996,0.0029596034799549997,20.0
20240715,16.658379164313356,16.691425,16.563000351442867,16.596864583333332,193264.905,15158.768499999998,99594.94,48201.505,838.15905,21239.5355,184382.745,0.003219480066645,0.0030539314702350004,20.0
20240716,17.272887159803062,17.29262697368421,17.016043347028333,17.062009978070176,186571.1402631579,6013.101044736842,100535.73368421051,49346.07868421052,855.5641131578948,21239.171973684213,186709.29631578948,0.003222622253041316,0.0031770534794026317,19.916666666666668
20240717,15.492588073665159,15.556737500000002,15.496896130365911,15.552360416666668,209728.725,37975.430499999995,99816.705,43134.33,530.9096,21865.913500000002,186792.08000000002,0.00324924074364,0.002894697461735,20.0
20240718,18.07288811454483,18.106962499999998,17.811358212362144,17.84516041666667,188794.2,14374.332,99924.415,44040.015,686.3159,22048.908499999998,188159.475,0.0034120564532749997,0.0033513758102749996,20.0
20240719,18.005854700594345,18.060372916666665,17.81030463128946,17.880339583333335,186135.345,13900.905999999999,95964.51,45966.854999999996,778.31585,22301.0785,184646.2,0.003351525976715,0.00328860507101,20.0
20240720,17.575866850434778,17.62114791666667,17.47278445329112,17.510208333333335,186031.55,20356.5625,95910.95,39504.695,844.3814,21608.6985,178136.03,0.00326966575278,0.0031125324555550003,20.0
20240721,17.89484768809544,17.935254166666667,17.59477028622455,17.61777916666667,175573.965,13998.3106,95696.48999999999,36285.200000000004,961.40995,20448.4055,174946.735,0.0031418693616699998,0.00307814761465,20.0
20240722,16.40629123930871,16.418785416666665,16.154433122687717,16.17200625,182553.34499999997,15147.497650000001,96346.81000000001,42205.183999999994,1106.85095,19059.025500000003,185535.15500000003,0.00299502334478,0.0029972152533550003,20.0
20240723,15.495328012474525,15.520241666666665,15.432708511570576,15.412814583333331,194184.505,31278.252999999997,96697.46,37718.739499999996,782.3989,19445.9625,186559.635,0.0030089525999149997,0.00287912046698,20.0
20240724,13.525043078163517,13.539872916666667,13.463677141968615,13.487360416666666,177877.36,14519.3276,99460.35500000001,39851.1045,742.14105,15598.4105,185539.59999999998,0.00240579895663,0.00249804527145,20.0
20240725,13.87422164165967,13.890579166666667,13.757832422948493,13.786764583333332,172059.16999999998,8626.6398,99865.03,39399.59,786.40725,15312.184,188227.175,0.00238718706006,0.002589597931095,20.0
20240726,16.900656930083027,16.995345833333335,16.390548049357747,16.490456249999998,173195.075,8075.280500000001,99263.565,37393.55,973.8993,18929.2535,189828.76,0.002927110544555,0.00311139741193,20.0
20240727,17.707159610009736,17.754041666666666,17.13056704052002,17.177447916666665,165721.06,8694.74625,99278.965,29910.8905,719.38355,19480.641499999998,179703.26,0.00293444926016,0.00307841874283,20.0
20240728,18.478291662866948,18.534122916666664,17.76211344795058,17.759164583333334,162566.975,10098.173,97951.18,26567.599,915.840735,19570.345,177806.87,0.0030039599788,0.003158225796765,20.0
20240729,16.95271994028018,17.131264583333333,16.559601075793758,16.660416666666666,179458.01,34342.0885,94504.315,22903.931,727.165855,20205.6905,189974.14500000002,0.0030423013845700003,0.003145896055915,20.0
20240730,16.96608972272276,17.025014583333334,16.764292597676558,16.817899999999998,188621.505,34829.479999999996,97405.9,28102.462999999996,1139.3416000000002,20219.136000000002,188453.73500000002,0.003200169377465,0.003159293554665,20.0
20240731,17.522990586730128,17.547462499999998,16.958735407093027,17.008870833333333,175043.85,18471.995000000003,98593.03,30483.116,698.7288550000001,20355.610500000003,192194.39999999997,0.0030672917358150003,0.003259373976325,20.0
20240801,17.266810164161782,17.333468749999998,16.751260545449664,16.80475208333333,174009.135,22301.8695,94449.39000000001,30778.015,458.8306,20314.375,189350.745,0.003004582700875,0.00317186366397,20.0
20240802,15.229779285147659,15.333545833333332,15.029596314873247,15.060422916666667,180391.1,25374.0905,99315.68,30198.608,564.00895,18335.466,188415.5,0.002747316638005,0.002831808904465,20.0
20240803,17.379151828127615,17.40131666666667,17.102458592796488,17.06884375,177151.19999999998,23664.286,98562.79999999999,26537.8415,600.7666,20670.109,179402.47999999998,0.0030787376013350003,0.003068223485645,20.0
20240804,21.000498594145153,21.00886875,19.919104448847488,19.93150208333333,160971.45500000002,10656.270349999999,91926.29000000001,27801.057500000003,571.7774000000001,22928.392,177369.64500000002,0.003380480814425,0.00353304448481,20.0
20240805,20.599900179975958,20.624433333333332,19.099571647500696,19.17586041666667,161182.64,8130.722100000001,89019.955,33230.270000000004,154.40040199999999,23346.964500000002,191490.41999999998,0.003320346294745,0.0036573849966,20.0
20240806,21.29721123389981,21.35906041666667,19.573695808549083,19.657222916666665,159821.08,5776.4675835,89279.43,33423.9455,213.067545,23365.746,192552.535,0.00340374330039,0.003768964747255,20.0
20240807,22.547170667009123,22.592466666666667,20.492211424146085,20.5351375,160252.53000000003,8366.80785,89227.29000000001,29857.58,764.893025,24247.444,194302.925,0.0036132411437300002,0.00398169661943,20.0
20240808,21.77229530029204,21.861427083333336,20.07444303072265,20.0824,168722.505,18497.77,88569.45000000001,28794.834499999997,1056.7175,24046.2785,196671.18,0.0036734762026650004,0.003948064398695,20.0
20240809,19.343576229965894,19.405191666666667,18.481166192093667,18.501335416666667,183140.545,49164.245500000005,80601.61,21721.7485,655.949335,23975.581,197628.53499999997,0.0035425930930049997,0.0036524057996349998,20.0
20240810,18.557657472686138,18.652135416666667,18.032399549905843,18.0430125,183274.625,57949.8,76090.36499999999,19026.6205,275.752305,23659.402499999997,188109.53000000003,0.0034011477141849995,0.003392066204105,20.0
20240811,20.064083897693273,20.131041666666665,19.30615913432439,19.35502083333333,168316.78499999997,40332.4825,76556.485,21027.913,307.990045,23418.546000000002,182521.025,0.00337712209563,0.00352377995401,20.0
20240812,18.607669183481132,18.616829166666665,17.54254836724609,17.58443958333333,165026.07,26868.4355,84097.715,25926.7555,400.85119999999995,20948.599000000002,195670.485,0.0030707505172100002,0.0034325589471550007,20.0
20240813,20.833931359455633,20.835887500000002,18.924120430080023,18.937785416666667,154497.245,3416.8256894999995,86095.39,36022.4635,459.77485,20668.095,196260.685,0.0032187849975549997,0.00371406083863,20.0
20240814,19.87333721114122,19.981390460526317,19.130125730120074,19.140504234544697,163635.72096491227,7144.403228067669,87573.27660401003,38520.544588972436,172.17124839598998,22699.951309523807,195326.26104010025,0.0032519878625239126,0.003736615932091372,20.0
20240815,15.872196933181957,15.913964583333334,15.696509433093416,15.704443750000001,204942.71000000002,63275.99,88931.54000000001,23604.177499999998,267.5159,22535.181000000004,201416.695,0.0032528910531399997,0.00316153905305,20.0
20240816,15.587787778316475,15.742720833333335,15.437742400136928,15.547991666666666,204927.905,73168.68,85431.415,19117.006,430.80001500000003,21839.038999999997,200513.81,0.0031943726929949995,0.0030954805464499997,20.0
20240817,19.767062239923202,19.789475,18.350236226941405,18.35501875,152486.21,12081.025,86715.855,26286.8075,806.43455,19778.231,183017.99,0.0030142044037999994,0.00335842335028,20.0
20240818,18.608225530460125,18.896841666666667,17.709926612578247,17.742377083333334,160864.59,24100.544650000003,86684.16500000001,22251.247499999998,458.05653,20334.46,181984.11500000002,0.0029934045705850005,0.003222925321305,20.0
20240819,13.82123808259852,13.857255372807018,13.778024924127193,13.810493969298244,206684.5997368421,75794.49842105263,85120.37184210526,18925.223526315793,467.43531368421054,19199.70692105263,197460.74973684212,0.002856637060969474,0.0027206191314110527,19.958333333333332
20240820,15.537594145942684,15.62594177631579,15.280902057159778,15.320985745614033,190156.4644736842,54277.54402631579,86207.85052631579,22171.830789473686,310.7859010526316,20170.965973684208,199049.50315789474,0.0029545739692194736,0.0030416559622821054,19.916666666666668
20240821,16.263191716928787,16.344624999999997,15.962077732915576,15.963004166666666,197135.695,66143.31999999999,82548.19,19174.762,304.441915,22072.991,201414.28999999998,0.003206055602035,0.0032149905534999998,20.0
20240822,15.487314327243197,15.530808333333335,15.20678163501273,15.220929166666666,193176.94,57316.628421052636,89515.39499999999,20244.047,391.79356,20087.1405,201749.00999999998,0.0029917919905549997,0.0030679531401499992,20.0
20240823,17.84854354003348,17.862979166666666,17.01160981530585,17.027770833333335,174906.90500000003,38907.372,82040.70999999999,26979.596,728.88195,20600.7025,199988.47,0.0031218335093450003,0.0034021258191999997,20.0
20240824,15.30415446300167,15.3550125,15.267551617186836,15.32329375,205182.76,83309.73999999999,75886.37,17691.6715,534.30745,21166.627500000002,190132.02000000002,0.0031401486521850006,0.00290285042943,20.0
20240825,16.271158688600266,16.339802083333336,16.298306980252143,16.302345833333334,206058.90999999997,85668.345,75797.435,15230.700499999999,440.6847,22916.879999999997,187898.585,0.0033528172238099997,0.0030624288194850005,20.0
20240826,15.907948934304923,15.958220833333334,15.823348272609305,15.870570833333332,218413.555,96089.63,75687.58499999999,15728.230499999998,503.40885000000003,23657.455,203333.70500000002,0.0034745116794999997,0.003217420029775,20.0
20240827,16.565850613910914,16.59635833333333,16.353134696176166,16.390189583333335,205946.82,80226.425,77020.91500000001,18406.239,528.4829,23115.408499999998,203529.46000000002,0.0034116842545300007,0.00332834467402,20.0
20240828,16.391357950155243,16.448654166666667,16.21919887652062,16.27626875,204147.46000000002,72351.16999999998,83318.065,19565.013,648.30025,22314.326999999997,201693.065,0.0033462540914749998,0.00327129993325,20.0
20240829,18.43499104312493,18.504382785087717,17.6718088994413,17.686979057017542,182251.00131578947,32020.403289473685,94666.37815789474,26128.0975,887.0109131578947,21816.608078947367,202164.10894736843,0.003359795576857129,0.0035726054996437252,19.958333333333332
20240830,15.895634369822494,16.01421875,15.868151769551138,15.974504166666668,227906.065,89619.69,87539.20499999999,20133.393,688.28395,24390.491,204991.25,0.0036227114799049997,0.00325283226643,20.0
20240831,20.45639018037263,20.606572916666664,19.637094438762354,19.652245833333335,179706.31,38500.61,85841.85,25357.944499999998,898.3326,24287.070999999996,191317.575,0.0036761423952349995,0.0037569212880699996,20.0
20240901,17.5231891297338,17.54845625,17.02162716311957,17.02155625,179655.49000000002,41697.115000000005,87767.965,23613.485999999997,1146.8560499999999,19940.4915,189712.12,0.0031481371294650004,0.0032292089749649997,20.0
20240902,16.789369234569648,16.814879166666667,16.41979664589339,16.439747916666665,196051.28,52984.265,89564.39,26626.1295,1870.5733,19473.8825,206318.725,0.00329157732883,0.0033877115087400005,20.0
20240903,20.725954821438776,20.822033333333334,19.332865563991724,19.366910416666666,172996.545,18633.875,90052.56,36202.686499999996,2212.53425,20985.6475,199686.53,0.0035855185759350004,0.0038605128394300007,20.0
20240904,22.13732106408815,22.1761125,24.059644847884588,23.890406249999998,179324.805,19814.0425,90555.47,37833.3155,2725.5834,22590.1145,199671.09,0.00396977078304,0.00480401551179,20.0
20240905,19.81765170250051,19.85492916666667,22.54006499027061,22.321577083333334,185032.25,29919.336000000003,90448.345,35623.5995,2684.8795,20590.8595,197769.29499999998,0.00366690468423,0.00445773276238,20.0
20240906,19.480310449494176,19.534872916666668,21.57132473869775,21.39425,191878.57,42061.2825,89928.20499999999,29985.9895,2611.63005,21147.393000000004,196474.105,0.0037378541122049997,0.0042382067217,20.0
20240907,19.86390877124576,19.923970833333332,19.656237096203586,19.633354166666667,189066.815,51187.775,85687.315,22019.858999999997,2446.92695,21758.889499999997,184891.13,0.00375560596483,0.0036342638882649997,20.0
20240908,20.195296375970493,20.451452083333333,23.012059675684696,22.911722916666665,178276.97,45432.6075,84945.005,18791.248,2235.4524,21047.988999999998,180429.34999999998,0.0036003562461600002,0.004152050969445,20.0
20240909,16.748216084404273,16.777160416666664,17.15236011949701,17.129956250000003,201086.03000000003,91799.275,60114.785,21712.277000000002,2166.70045,19487.0735,195102.78000000003,0.003367832281995,0.003346473142875,20.0
20240910,15.224170242533964,15.323910416666669,15.010911449706839,15.092666666666668,204732.15,107868.845,56099.56999999999,15707.2065,1699.0499,18635.622000000003,197547.285,0.0031168771057199997,0.002965364802265,20.0
20240911,15.755049599797765,15.822204166666666,15.478400791852243,15.481564583333332,194212.01,81376.18,65491.740000000005,23876.5155,2635.3009,16080.3215,191996.495,0.0030598198504264195,0.002971798700240855,20.0
20240912,25.501099349954774,26.122477083333333,24.690060530070365,24.768670833333335,169238.225,36985.7645,69459.42,33870.6765,5839.195600000001,18321.545,186856.135,0.004315760789535,0.004613489283565,20.0
20240913,32.40624303136845,32.28852708333333,49.17788403573977,48.01210625000001,156781.13999999998,10131.669,69321.955,45296.44,7268.205,21330.500999999997,187469.57,0.005080687725575,0.00921935677369,20.0
20240914,19.55530895966582,19.617956250000002,18.719518146952627,18.71087916666667,169675.19,41120.872,69045.67499999999,36431.087,3845.5145,15666.5705,179329.14500000002,0.00331805076324,0.0033569551841049995,20.0
20240915,22.414585606696317,22.49307916666667,21.948103233216894,21.896041666666665,163846.47,31095.584000000003,69598.89,36400.912,3812.2055,18242.6005,175641.47999999998,0.00367255072817,0.0038549973350749996,20.0
20240916,29.92499645695009,29.93606316721133,44.99196533757282,44.15131090686274,170640.6944771242,24476.778225490194,69694.32833333334,44158.047810457516,8355.956058823529,19380.111826797387,185863.54614379085,0.005106422177639444,0.008362366225619804,19.041666666666668
20240917,30.452625845990823,30.43457686403509,48.11042976098238,46.7140990131579,169519.07157894736,25619.032289473682,69159.5442105263,43382.96184210526,9117.437921052631,18140.09615789474,186827.14315789475,0.005162300860553421,0.008988334148342894,19.958333333333332
20240918,19.628566551834975,19.729841666666665,18.851156579746856,18.93381875,190666.005,59602.435,68441.61499999999,36706.306,5131.755,16099.7485,194467.36,0.003742500368315,0.00366593465301,20.0
20240919,17.942768997577687,18.177614583333334,18.329626095142594,18.36124375,199670.785,72006.095,69563.43,32373.12,4597.144,15924.478500000001,193255.08500000002,0.0035826467708200004,0.003542293449035,20.0
20240920,18.81489091672979,18.865864583333334,23.433671921514154,23.199474999999996,194566.82,61927.835,69971.95500000002,37252.920000000006,5275.338,15233.082,192213.0,0.003660753494315,0.00450425638105,20.0
20240921,19.98949679124353,20.2224875,19.543367124772058,19.58429375,200919.735,71472.135,70076.115,30909.193,4843.218,18620.756,189202.46,0.00401628439808,0.00369765313669,20.0
20240922,32.68533767998075,32.733497916666664,39.742833971916525,39.50038958333332,169375.75,19249.3145,69938.78,46133.735,9166.515,20767.5115,183343.38,0.005536103583549999,0.007286585511190001,20.0
20240923,21.290732225772803,21.338364583333334,20.78435391247732,20.70938958333333,199101.83500000002,60052.695,69499.82,41730.9735,5843.935,18145.896,197311.495,0.0042390238546449995,0.0041009919430799995,20.0
20240924,18.4810704360799,18.549862118838764,18.201070553583047,18.187157607560568,211162.1149122807,78878.74738095238,69393.14357142858,36570.770271929825,4938.820164160401,17461.533946115287,199853.0019047619,0.0039025019191254572,0.0036375385880139392,20.0
20240925,17.12405037543582,17.231820833333334,16.969355358570297,17.082139583333333,216885.27000000002,98070.2,68412.09,24536.3035,3997.1519999999996,18149.57,200552.515,0.00371395428917,0.0034032468950900003,20.0
20240926,18.20485777807189,18.685185416666666,19.784598317173135,20.128589583333333,214959.925,87875.525,69668.54,30882.434,5007.482,17527.525500000003,200829.335,0.00391331486261,0.00397332772328,20.0
20240927,19.39245345544342,19.594677083333334,20.739195297960602,20.90786875,192927.555,66670.065,69949.45,31634.194,4624.0935,17091.292,202647.175,0.0037413386306100003,0.004202739338904999,20.0
20240928,23.331412848306037,23.339428618421056,42.22177448185316,41.559263486842106,174307.1805263158,43741.99881578947,69774.73552631578,34682.666342105265,6160.467184210527,16245.75997368421,190185.9005263158,0.004066832791283685,0.008029986201650264,19.958333333333332
20240929,17.61196535845218,17.712647916666665,17.269514506049767,17.3041625,199147.135,82970.78,65886.9,25025.3795,3713.434,17165.758,195221.135,0.003507372442855,0.00337137422277,20.0
20240930,23.678593484722533,24.006539583333332,26.99333972082737,26.92956458333333,203422.035,71059.56,67217.66,34320.79,7708.6605,18502.6315,205109.65,0.004816747672599999,0.0055365944624699995,20.0
20241001,25.89317927033748,27.01412291666667,24.731340513060314,25.102783333333335,211840.4,72606.965,67291.985,38326.538499999995,9081.483,20404.389,210539.575,0.0054852214539,0.005206925920800001,20.0
20241002,55.06282503204391,54.860479166666664,50.658117386871076,50.41610208333333,172372.82,7534.1641500000005,69551.82,46799.965,22192.595,22739.196,202740.475,0.00949133442794,0.010270450781620002,20.0
20241003,55.726169551200776,56.17114375,49.75712519725043,49.700958333333325,183031.29,17333.264499999997,63843.939999999995,47442.69,22230.864,27872.78,206092.70500000002,0.010199632699715,0.010254580524925,20.0
20241004,29.41867741396175,29.334220833333337,27.341456641698553,27.25406666666667,206612.635,60969.4,67175.055,42470.015,10961.9505,20970.461000000003,215288.665,0.006078270458713623,0.005886305699546665,20.0
20241005,36.198769694908194,36.77333541666667,33.1509537331684,33.101764583333335,181024.2,31439.052999999996,68293.26,44170.30500000001,13088.833999999999,20173.9875,197472.675,0.006552853325005,0.00654640751249,20.0
20241006,22.714531119718405,22.864668750000003,21.59449896568705,21.650677083333335,198594.55000000002,54899.965,79782.01999999999,36250.03,7198.1494999999995,17340.888,199405.915,0.004510982086181473,0.004306070825219379,20.0
20241007,31.393133213123043,31.425,29.163860435785097,29.010247916666668,199273.00999999998,33474.357,86755.52,42946.885,11407.658,21345.411999999997,208814.16499999998,0.006255804148709999,0.0060898271650750005,20.0
20241008,16.829293666861037,16.945097916666665,16.660086630353224,16.700708333333335,238655.03500000003,89722.945,87406.95500000002,36649.0505,6129.9385,15712.700499999999,224175.93,0.00401639566909,0.0037347904142400004,20.0
20241009,15.361338541736698,15.380940460526313,15.297650733105598,15.328615570175439,252783.7336842105,122881.42184210526,76347.60763157895,28393.78397368421,4540.183710526316,17838.18413157895,228543.2044736842,0.003883096510967368,0.003496174119463158,19.958333333333332
20241010,15.728030369748067,15.760297916666667,15.66777862255231,15.694920833333335,244040.22000000003,101092.03,87356.535,31413.549,4975.077499999999,16831.26,220308.62,0.0038382719916000003,0.0034517466868000004,20.0
20241011,17.43396443987656,17.776345200294124,17.248234642240558,17.33312896911701,206843.75730918196,68157.77069833674,90120.40340852128,25641.473452950562,4564.737100820233,15911.26371371611,191518.65249031674,0.003606106709538736,0.0033033586565187124,19.318181818181817
20241012,16.63671619802453,16.765129579156227,16.386436262870564,16.443744277360068,209311.36763157893,63745.42036340853,94520.95359649122,27077.92567669173,3996.4389423558896,16344.641890977442,206703.0618045113,0.0034822538203069567,0.0033871265475998195,20.0
20241013,17.622030682201075,17.8056375,17.225058624614018,17.24519375,207628.52000000002,56155.317500000005,94157.715,33087.2105,4480.776,16651.713499999998,204983.695,0.00365883614994,0.003530856163465,20.0
20241014,44.0090629236203,43.60797708333334,39.13425641882065,38.79993541666666,192561.15499999997,3056.5062505,99883.37,44612.83,17688.5065,24561.5915,206329.18,0.00847443598704,0.008074539036805,20.0
20241015,21.842558043534133,22.115074780701757,21.11908552728986,21.13633859649123,223500.20157894737,53269.61239473684,99587.67684210525,40052.67815789474,7047.587789473684,20119.40797368421,216860.54552631578,0.004881816125729737,0.004579896408465,19.958333333333332
20241016,16.268722517280743,16.297267857142856,16.143983887969934,16.176964285714284,140759.27000000002,45281.695,57712.91,21518.369999999995,2497.9255000000003,11068.9335,130585.65500000001,0.002289973505365,0.0021081727103200005,20.0
20241017,13.996864338599545,14.009421052631577,14.012976513329718,14.009421052631577,206325.38,96873.54750000002,67927.62999999999,21640.531000000003,2954.044,14080.4135,178602.4775,0.00288790835347,0.00250275232243,19.36842105263158
20241018,15.541165262877714,15.570422916666667,15.533600878406636,15.556297916666665,244691.34,103081.515,86676.995,29948.861,4556.0064999999995,17615.579,218619.70500000002,0.003802788553335,0.003395951241625,20.0
20241019,18.1540674579793,18.253285416666667,18.008902541647515,18.013435416666667,222914.84500000003,71640.26000000001,94078.125,30963.415,5048.737,18386.902499999997,207493.76,0.004046811133515,0.00373673490184,20.0
20241020,15.066051127926357,15.157645833333333,15.095466786773455,15.1435625,248632.81,110039.375,86913.255,26964.5205,4002.0135,18279.910499999998,206860.36,0.00374591462754,0.0031226536938800003,20.0
20241021,14.710597983710175,14.813108333333334,14.621425882609325,14.703977083333333,234686.995,102667.74,85350.81,23868.987500000003,3798.233,16591.841,221085.36000000002,0.0034523860354499997,0.0032325832049700004,20.0
20241022,17.91055540805822,17.990516666666664,17.753360744215005,17.71699375,236670.945,97209.83499999999,86740.75,27226.2255,6924.535,15794.668,219266.20500000002,0.004238908073899999,0.0038927120363800006,20.0
20241023,17.201697124865632,17.417575,17.060236397697583,17.151645833333333,242204.68,97887.98000000001,94075.81999999999,23402.8365,5321.636,18481.843,224723.72,0.0041663315475850005,0.00383383978737,20.0
20241024,27.427331348747742,27.686768750000002,26.091362697240815,26.0359625,217468.575,47197.8685,99294.48999999999,36925.476500000004,10942.880000000001,20076.0665,218193.94,0.005964582664465,0.005692977226880001,20.0
20241025,19.269442731415033,19.392702083333333,18.95077506512424,18.995391666666666,238122.65500000003,75773.195,100300.005,32708.661,5273.8645,21670.0995,224829.875,0.004588490863575,0.004260700389045,20.0
20241026,24.95896584102261,25.075935416666667,22.96778967877627,22.940485416666665,198250.08000000002,32733.96435,99245.03,35114.2535,6240.233,22414.961499999998,211518.62,0.0049481169747,0.004858115177305,20.0
20241027,18.43295574829648,18.76561567982456,18.2759801312357,18.37991798245614,239943.94736842104,103058.20052631579,85033.18052631579,23395.645157894738,4728.126052631578,21707.606736842106,216526.1665789474,0.004422876163913684,0.003957227918289474,19.958333333333332
20241028,17.22003606994222,17.369108333333333,16.9872748131875,17.093389583333334,245005.66,101357.62500000001,85270.835,30179.8735,4245.0689999999995,21176.0945,231517.565,0.004219006302540001,0.003932852500735,20.0
20241029,18.831446266088015,18.944779057017545,18.71793611904787,18.746634649122807,254843.4257894737,97390.01342105264,94316.98894736843,33281.78450000001,6516.290157894737,20550.62055263158,231521.17184210528,0.0047990702790202625,0.004333598504747631,19.958333333333332
20241030,17.0231393457064,17.15249375,17.06484153200035,17.14486041666667,283089.885,125148.73999999999,100233.43,27516.8785,6426.7365,21059.339500000002,232626.84,0.004819078559715001,0.003969740160690001,20.0
20241031,28.737082358258252,29.028993749999998,26.327942314405405,26.266214583333333,221627.805,46586.664000000004,99804.375,37778.5095,9854.426499999998,25053.7545,239271.175,0.006368936485165,0.0062995176929000005,20.0
20241101,27.310069896672747,27.41704791666667,24.81066044708039,24.840672916666666,222818.25999999998,50184.369999999995,99841.375,36503.428,8901.552500000002,25110.243000000002,252446.32,0.0060851822548550006,0.006263359926635,20.0
20241102,22.560464761511987,22.696285416666665,22.197494503525935,22.250610416666664,260831.14,104301.365,90083.05,30541.884,8344.742999999999,24807.025,244641.38,0.005884471742675,0.005430425687885,20.0
20241103,26.861013735488477,27.407906249999996,24.938569657875146,24.96319375,223781.63,65105.5675,92988.745,29608.6945,8506.014000000001,25385.85,240377.595,0.006011001437180001,0.0059946733971,20.0
20241104,34.02798769549379,34.408141666666666,31.875432748404013,31.702027083333334,247473.97,64569.299999999996,99511.78,37173.0395,16008.4105,27584.39,248765.95500000002,0.008421041206115,0.007929522468694999,20.0
20241105,26.648339207915985,26.847687499999996,25.938815313579525,25.899156249999994,257123.23,84596.01000000001,100754.18500000001,32719.801,11405.491,25436.8605,245091.815,0.006851907051275,0.006357391324155,20.0
20241106,29.76150657264268,29.95861875,28.231845151457115,28.162975,233723.34,55728.792,100736.095,39009.4235,13043.938,22896.774999999998,231089.84,0.0069559587195899995,0.006524092578955001,20.0
20241107,27.360225190099428,27.366091666666666,26.856853053844063,26.83790833333333,253905.945,81700.87,100482.665,33035.639500000005,12551.73,23885.42,234660.885,0.006946923832305,0.006302252905930001,20.0
20241108,22.317088566825067,22.333979166666666,22.254371829826763,22.257889583333327,275318.1,120478.45,95677.86,22859.410499999998,9359.016,24687.8635,238785.255,0.00614429842175,0.005314015852250001,20.0
20241109,28.601784168254582,29.417883333333332,27.81258290800444,27.708662500000003,237613.03,67671.3075,99777.99,32487.0215,12520.5375,23014.500500000002,217352.385,0.006796156599625001,0.0060451312280650005,20.0
20241110,39.885181849549056,40.02037083333334,36.01823169670949,36.023004166666674,209091.94,23150.5085,100721.94,42011.04,17842.379500000003,23277.995,217987.16999999998,0.008339670050175002,0.00785151239597,20.0
20241111,44.19182464630393,44.071825,39.150097653527766,39.01971458333333,215561.125,23289.1235,100421.20999999999,43827.3155,21389.106,24653.4205,230917.92500000002,0.009526039436560002,0.009040459313700002,20.0
20241112,46.405792453270614,46.25834583333333,40.989400043038145,40.69048958333334,212702.87,24280.8515,100193.875,42270.36,20261.372,21845.0085,228239.405,0.009870645239435,0.00935539627713,20.0
20241113,18.28980748552392,18.342072916666666,18.257969334752342,18.282814583333334,275688.385,129226.405,94692.26,23095.709000000003,8396.9655,18287.4625,239749.735,0.005042287487645,0.004377343309645,20.0
20241114,18.074401292452514,18.093697916666667,17.989874218781583,18.02650625,273975.25,122080.65,100417.75,22383.096999999998,7794.502,19031.758,243134.63,0.0049519386127000005,0.00437396141193,20.0
20241115,20.764561220558083,20.877702083333332,20.552765262513308,20.611847916666665,262387.35,113935.82500000001,92295.58,23717.004,7899.2535,22622.596,240578.66000000003,0.005448358192575001,0.0049445567261500005,20.0
20241116,23.010039733571865,23.257902083333335,22.670359658885157,22.725406250000002,247822.925,109995.74,84424.235,20005.1835,8726.2975,22807.9825,224605.29499999998,0.00570241535114,0.00509188281894,20.0
20241117,33.14992701753765,34.31450833333333,31.444495763253336,31.400856249999993,202953.89500000002,57092.4745,80334.01999999999,28110.6665,12224.669,23096.503,220602.05,0.006727906807175,0.00693672022659,20.0
20241118,64.99800196244105,64.95615046296297,54.87986342094749,54.55521851851852,190194.24777777778,27217.565888888887,59142.571111111116,43747.30411111111,29738.935277777775,28207.032222222224,229610.07222222222,0.012362246090305,0.012600969403629444,19.916666666666668
20241119,77.2474224415442,77.2253105263158,73.3936590654017,72.83214934210527,186176.43210526317,22944.331473684208,49194.049736842106,46831.08605263158,36885.03194736842,28137.882684210526,234647.61394736843,0.014381649499494737,0.017221646978563154,19.916666666666668
20241120,33.12886172585357,34.08186666666666,32.20114022479287,32.53361458333333,256376.56,129035.10999999999,49250.51,34328.1265,18265.474000000002,23399.3415,252805.615,0.00849346360599,0.008140629058229999,20.0
20241121,28.950111132066226,28.96913125,28.450381175894968,28.409985416666668,263473.10000000003,128125.705,60654.399999999994,34007.2945,15214.521499999999,23436.722999999998,255437.27000000002,0.00762757552531,0.007267287698030001,20.0
20241122,49.290444206762416,49.30221458333333,44.53786724570342,44.26176458333334,232077.095,49761.805,86390.625,39321.635,26413.8905,28037.4995,251664.51,0.011439183102765002,0.011208600536835,20.0
20241123,32.22027933400417,32.790497916666666,31.057386807766097,31.135552083333334,256391.39500000002,87173.41500000001,96812.335,29045.138,17204.55,23845.2,251151.02000000002,0.008261002365735,0.007800094375304999,20.0
20241124,21.07050009174322,21.078283333333335,20.949112564254772,20.95175,280129.7,124757.19,97779.3,23388.668999999998,9498.377,22555.105000000003,251332.495,0.005902472869550001,0.0052651927288099995,20.0
20241125,19.192630808486964,19.27574375,19.21709760785648,19.269391666666667,296944.8,140911.235,97275.185,26114.712,8916.2235,21928.909,252445.765,0.0056991519169,0.0048512749066949995,20.0
20241126,21.10748256350915,21.883462499999997,20.863059669251562,21.00349791666667,269545.205,106737.5585,99769.945,30384.1925,9130.1245,21754.928999999996,240044.07,0.005689420714615001,0.005008053755659999,20.0
20241127,50.95328881220129,50.58184791666667,43.88981185592469,43.610766666666656,207841.825,15468.827999999998,100516.70999999999,39309.505000000005,24134.642999999996,26679.373,229449.58500000002,0.01059022453648,0.010070499116070001,20.0
20241128,59.371648045370065,59.05142291666667,52.056620306089904,51.74454166666667,214199.37,8521.3115,100761.025,43434.295,30444.517499999998,29264.135,234750.31499999997,0.01271736960718,0.01222030801469,20.0
20241129,27.651471455271928,27.96971041666667,26.632971699615034,26.879579166666662,261833.025,85293.925,100959.535,34721.085,12187.5375,26788.554999999997,255286.81,0.007240068416835001,0.006799046386015,20.0
20241130,27.364918120698558,27.8282375,26.201444387839572,26.363177083333337,248143.055,77214.22050000001,100880.605,31213.835,10908.8825,26181.379999999997,244894.505,0.0067904143822949984,0.006416589753645,20.0
20241201,21.892957638562223,22.245829166666667,21.960090734686208,22.058727083333334,282495.015,119584.78,98866.07500000001,27987.7675,9265.7555,25185.655000000002,235533.685,0.0061846513965,0.005172341093675,20.0
20241202,24.71758149310624,25.489433333333334,24.48236276234081,24.501341666666665,275804.955,105056.095,98889.16,33555.175,11524.23,25021.3845,245027.405,0.006817231451415001,0.005998849815925,20.0
20241203,41.27366667569515,41.1442875,39.24991760464745,39.03195625,260287.44,69209.61,100846.095,37144.450000000004,24784.4875,26170.3245,256901.13999999998,0.01074301703843,0.010083348577539999,20.0
20241204,50.33110763796173,51.60212916666668,49.70396098315296,49.60311875,269171.485,63573.5915,100907.155,39410.5,33056.57,29335.379999999997,273513.9,0.013547698984604999,0.01359472421395,20.0
20241205,28.930950176896374,28.891772916666667,28.397285284397043,28.319764583333335,304500.30000000005,120543.25,101164.225,35911.03,17551.304,26881.23,286187.05,0.00880948300815,0.008126935303550001,20.0
20241206,25.311443659887615,25.28385208333333,24.780408327835055,24.758402083333333,278586.15,103546.07,100990.28499999999,34017.33500000001,11627.7265,26581.96,264703.85,0.0070514176401500015,0.00655946948895,20.0
20241207,35.915070947671346,35.98344791666667,33.1249644469864,33.00250208333333,246115.125,61130.005,101137.93,36579.955,17201.992,28178.515,253951.89,0.008839242175670002,0.008412147327495002,20.0
20241208,37.90613106717679,37.8543625,34.55452207149278,34.492752083333336,236846.98,52301.895000000004,101126.48,35353.125,17384.274999999998,28793.53,246674.865,0.008977952666745,0.008523732067125001,20.0
20241209,32.65866468795273,33.37965,31.64217110607559,31.7547375,276374.80000000005,92981.67,100367.17000000001,34954.514500000005,17812.2345,28239.615,269022.3,0.0090260319214,0.00851244964795,20.0
20241210,21.590980353526362,21.612997916666668,21.581281367060875,21.596264583333333,311371.4,143180.22,99706.14000000001,28599.665,9463.042000000001,28499.03,273655.69999999995,0.00672281378005,0.005905840659399999,20.0
20241211,21.86834277299062,21.898758333333333,21.80232727330167,21.85240625,309218.5,138988.495,97763.11,32366.994999999995,9397.2015,28701.58,275072.545,0.00676209614975,0.005997221649990001,20.0
20241212,27.44387986788884,27.611597916666668,27.358359258857636,27.34361875,301200.9,123155.175,98207.13500000001,34988.89,15867.039,26555.5665,278032.94999999995,0.0082661213157,0.007606525331900001,20.0
20241213,54.602250532414146,54.31596875,49.69496177152136,49.43940416666667,252155.67500000002,43251.494999999995,100443.70000000001,42019.96,33377.831999999995,30743.79,273468.9,0.01376826733952,0.013590026531199999,20.0
20241214,27.56413931993427,28.020750000000003,26.68567816242862,26.784020833333333,284898.78500000003,107619.17,100697.765,32323.33,13140.6335,29233.78,276868.69999999995,0.00785298980182,0.00738842902145,20.0
20241215,26.641936808794544,26.84079166666667,26.288889644350544,26.331170833333335,305544.1,128451.685,100127.145,30984.039,14176.2825,28707.125,284226.5,0.0081402866045,0.0074719990925,20.0
20241216,31.342604570242006,31.60690010964912,29.159919431381702,29.135701315789476,271975.9236842105,92818.72552631579,99413.93236842105,33349.904710526316,15964.022315789474,28351.481052631578,289319.41842105263,0.008524433828660527,0.008436530931092106,19.958333333333332
20241217,64.0516214082706,63.84371831140351,56.8908545897469,56.61128256578947,240087.07184210524,29068.418315789473,98965.03763157895,38462.75297368421,37815.24518421053,33345.154473684204,281835.51578947366,0.01537796623065079,0.016033863347005264,19.958333333333332
20241218,53.08052771486826,55.65865,49.17013647616766,49.61612916666667,266582.18,61653.4945,97912.47,36853.384999999995,32516.017,35016.665,291575.44999999995,0.014150322793779998,0.014336804669599999,20.0
20241219,35.06007170118378,36.50190416666667,33.129767469013316,33.40812708333333,261871.06,82124.113,96837.97,33925.498,17869.311999999998,29331.63,270792.555,0.009181218140065,0.00897129437949,20.0
20241220,50.594625000442285,50.50811458333334,43.81811364916207,43.68383333333333,224686.465,33024.4295,95986.1,38262.165,25133.787,30242.82,260605.485,0.011367927439349999,0.011419240759325001,20.0
20241221,40.38060190297564,40.44584583333333,35.132623449456204,35.0311,220455.265,43885.255000000005,95184.89000000001,32524.634500000004,16450.411,29811.29,262226.55,0.008902116293379999,0.009212706639599999,20.0
20241222,36.69296440335492,36.79037916666667,32.79436846593544,32.834225,219501.725,48281.268,94318.07500000001,32291.987,14262.643,28402.835,247891.165,0.008054168981900001,0.008129434204459999,20.0
20241223,49.80183216275545,49.588093750000006,42.01733053313907,41.901860416666665,202742.455,13191.1615,93304.44,45308.729999999996,22364.8235,26828.435,233273.09999999998,0.010096945716174999,0.009801512947190002,20.0
20241224,40.53217035136456,41.27103333333333,35.74563528347443,35.7965,208883.47499999998,31615.12325,93189.02500000001,39650.375,17243.094,25386.595,229165.555,0.008466500592285,0.008191668348565,20.0
20241225,26.660699369659177,26.790364583333332,26.413184155241805,26.4506875,243395.31,89128.345,92463.29500000001,23576.688499999997,9311.797999999999,27285.41,223477.945,0.006489089187895,0.00590276411592,20.0
20241226,24.862313669905404,25.202139583333334,24.943107392484766,25.06260208333333,258885.51499999998,104705.73000000001,91706.59,23723.6935,8462.1365,28643.190000000002,222181.655,0.006436492878525,0.005541900881305,20.0
20241227,23.42238554541641,23.454116666666668,23.388349425633223,23.44047708333333,283236.80000000005,125395.145,93400.965,23989.893,8336.6525,30280.42,238814.735,0.00663408153025,0.005585482470169999,20.0
20241228,25.662578882018778,25.669675,25.473933161174486,25.50095416666667,252254.41499999998,93231.095,92215.485,27484.092500000002,8266.620499999999,29246.5,239389.38,0.006473498823275,0.006098189065615,20.0
20241229,23.240511288428635,23.32203541666667,23.25246571714151,23.318408333333334,263650.07,119444.16500000001,84780.07,22691.2675,8209.736499999999,26915.195,231844.65499999997,0.00612736242803,0.00539095989209,20.0
20241230,21.701842598474116,21.834833333333336,21.733443535672794,21.831400000000002,287639.81,140926.98,84852.88,24081.760000000002,8272.509,27535.760000000002,254241.22999999998,0.0062423138816750014,0.005525537416644999,20.0
20241231,25.22515594905155,25.502010416666668,24.80032995062691,24.755702083333336,272605.345,111562.28,89536.16,29901.7875,9009.155499999999,30430.21,265702.435,0.006876512340169999,0.006589508056685,20.0
20250101,45.045188420610984,45.300125,44.90861433727906,44.69162083333333,209013.70500000002,22682.254999999997,98229.325,36189.63,16948.822,32648.379999999997,256695.15,0.009415061724215001,0.011527823493599999,20.0
20250102,63.4578975251096,63.1745625,55.60071335253173,55.4015,234679.685,18481.459,98872.14,43612.57,34419.3165,36617.825,271429.05,0.014892279401955002,0.0150916488046,20.0
20250103,65.63099938565335,65.374275,56.673240986604974,56.48187291666667,235664.995,17173.5175,99025.53,44543.8355,37567.09,34083.134999999995,282171.69999999995,0.015466929142065,0.015991584753699998,20.0
20250104,63.958436887107176,63.467331249999994,66.03254377349455,65.95139791666666,242467.45500000002,22946.735500000003,100029.47,44169.165,37344.57000000001,34972.36,275422.94999999995,0.015507839417795,0.018186878002099997,20.0
20250105,53.75823161136029,53.912704166666664,47.27302150812743,47.392485416666666,241230.935,29607.7805,100125.08499999999,44441.284999999996,27701.8325,36110.725000000006,278873.64999999997,0.012968148475554999,0.013183200054499999,20.0
20250106,51.976757513744886,51.98497083333333,44.42648630989016,44.42137708333333,228777.73,24140.375,100046.73,42918.09,25124.1785,33726.244999999995,276374.7,0.011891124596754999,0.01227835682595,20.0
20250107,34.60357026173699,34.88218749999999,32.89150244244966,32.833758333333336,273788.385,90232.17499999999,100437.735,31270.067,16895.456,32808.29,293230.2,0.009474055617194999,0.0096447818395,20.0
20250108,42.67738918461244,42.91549583333333,40.43537668711138,40.36072708333333,259437.12,62550.785,100610.45,38601.655,22662.245,32707.815000000002,271855.19999999995,0.011072098939174999,0.01099256741635,20.0
20250109,65.36597878811877,64.77146875,61.39436738673869,61.0463125,243202.38,19422.99,100670.60500000001,47067.33,38139.636999999995,35589.53,273664.75,0.015897161612300002,0.016801474202299996,20.0
20250110,60.13321970081386,59.89690208333334,55.83060279457882,55.61057708333334,236023.29499999998,18976.557999999997,100786.1,46568.2,33207.3955,34117.305,281588.05,0.014192840652745,0.01572123057125,20.0
20250111,39.137338667513276,39.303875,34.57499623391002,34.63017708333333,243024.86,49914.375,100741.0,41034.01,18286.9925,30512.260000000002,285375.55,0.009511346250445,0.0098668585665,20.0
20250112,35.43007508235207,35.45178125,34.22368020939083,34.20112916666667,272845.275,83350.79999999999,99666.83,38466.350000000006,19806.2275,28297.695,276841.15,0.009666928579114999,0.009474522986399999,20.0
20250113,24.402264806787827,24.674814583333333,24.273515041064115,24.320008333333334,301840.45,127101.54,98890.75999999998,33777.265499999994,12158.445,27614.35,287306.8,0.007365590590300002,0.0069739459311999995,20.0
20250114,22.920340754523735,22.979489583333333,22.864600889055676,22.900647916666667,284819.535,116301.115,97986.14,31814.410499999998,9202.659,27585.82,269938.1,0.006528160795744999,0.00617202692125,20.0
20250115,27.791281495932,29.076654166666668,27.41519785157023,27.715929166666665,277711.42,103381.4965,99094.77,31996.694499999998,13261.803,27750.7,268135.82999999996,0.007717956247855,0.007350996830545,20.0
20250116,19.715334795249078,19.763366666666666,19.707346391485622,19.745639583333332,300211.1,143465.005,98169.29000000001,23140.2955,8080.748,25367.590000000004,263104.605,0.00591876234575,0.00518509358793,20.0
20250117,21.220342107494137,21.250127083333332,21.111011581190006,21.133208333333332,281914.9,128627.56,90473.71,26500.972999999998,7916.0795,26400.644999999997,265097.11,0.0059823306231999995,0.0055964681593500005,20.0
20250118,21.869371837019088,22.081568750000002,21.697870898123217,21.668175,277909.71499999997,128027.595,87650.565,25512.733,8287.898000000001,26385.095,251756.10000000003,0.006077710894455001,0.0054625713556149995,20.0
20250119,22.85920676179269,23.010166666666667,22.728555654790814,22.79051875,269047.29,114854.315,92180.13,24773.1175,8193.198,27062.769999999997,256013.405,0.006150207630809999,0.005818814923915,20.0
20250120,50.95549414455517,50.5807806547619,49.76822602467198,49.413423809523806,270008.94785714283,57528.52142857143,100150.5942857143,44227.13,31996.21878571428,33518.33714285714,267537.8635714286,0.013758439361512144,0.013314884864380714,19.75
20250121,38.860226823124464,38.86568914473684,38.21257985180889,38.15525164473684,296037.4736842105,91935.94631578948,99242.44210526315,43908.77710526316,22231.601921052636,35846.54368421053,289559.9631578948,0.011504083375513159,0.011064833214057894,19.916666666666668
20250122,61.07012130735746,61.66135,57.279000088885326,57.091429166666664,250829.18,27354.197399999997,99479.31,49498.6,36114.116500000004,36281.16,271135.89999999997,0.015318168450025,0.0155303932402,20.0
20250123,52.99615359059721,53.07334166666667,46.415494360958675,46.38753750000001,235309.88,24426.646,100234.545,47429.520000000004,27103.5095,33963.53,271539.94999999995,0.012470518541864999,0.012603661018,20.0
20250124,30.166666636685854,30.21224166666667,28.058624706904723,28.028668749999998,250493.53499999997,67631.845,100591.955,38747.016500000005,11931.83,29567.19,276808.44999999995,0.007556554964989999,0.00776686441425,20.0
20250125,19.937961952563292,19.99070625,19.939165511079263,19.97932708333333,292440.2,142375.59500000003,88160.505,26691.752500000002,7868.791,25414.66,264295.6,0.005830661581,0.00526983371225,20.0
20250126,23.798418193159097,24.0585,23.584859015343618,23.583008333333336,259134.10499999998,101433.9,91307.12000000001,29574.8645,8860.6365,25859.385000000002,247988.44,0.0061669817989,0.005848772394835,20.0
20250127,41.52700927658189,41.70120624999999,36.994416355227585,36.87478958333333,219593.275,27950.8265,99315.605,43771.634999999995,18022.0355,28554.35,254631.125,0.009119051968,0.00941992985525,20.0
20250128,34.44559072940198,34.65208333333334,33.54334520839441,33.615566666666666,252851.11000000002,64147.591,101093.82,40012.0275,15616.6365,30053.485,253862.97499999998,0.008709605850535,0.008515413406055,20.0
20250129,37.45761243471103,38.32271458333333,36.00317087232905,36.14127083333333,248582.375,59161.3495,101088.60500000001,37293.501000000004,16670.129,32596.16,253891.635,0.009311302260850002,0.009140903917959999,20.0
20250130,28.053615367202763,28.06459583333334,27.932066361454734,27.882443750000004,275883.0,97392.31,100491.255,33306.095,11925.767,30905.629999999997,259136.875,0.0077395155683500005,0.0072382283892,20.0
20250131,39.490390180554044,39.53842708333334,37.682113344801806,37.57576666666666,249393.195,51611.34,101133.235,42898.9415,18247.975,33390.54000000001,258290.76,0.009848634578925,0.009732941694235001,20.0
20250201,30.707222531936367,30.823770833333338,28.83517403235963,28.89559791666667,239947.065,61161.950000000004,101103.17000000001,33344.4545,10188.938000000002,31799.155,259331.11000000002,0.00736810792084,0.007477857688855,20.0
20250202,27.86653536086653,27.957933333333333,27.221500801774575,27.277552083333333,258423.38999999998,82522.65999999999,101217.08000000002,32156.0205,10631.7085,29643.045,259433.895,0.007201364535510001,0.00706217998075,20.0
20250203,49.242875830686565,49.03045625000001,47.68753419271135,47.356883333333336,275555.19999999995,60291.69,101163.285,46543.225000000006,31598.2745,32730.905,274702.55000000005,0.0135691304981,0.013099887245950001,20.0
20250204,38.66614636991012,40.39635625,36.7644903387765,36.99726666666666,280807.51,80582.18549999999,101141.635,42436.1875,23327.898,29691.17,293523.9,0.01085774428343,0.010791256585749998,20.0
20250205,20.906772762244255,21.070502083333334,20.68022720840273,20.760566666666666,289651.25,127523.255,101184.155,25304.786,8764.154999999999,24748.045000000002,285307.44999999995,0.006055672864050001,0.0059002228902500006,20.0
20250206,33.72607091052289,34.203716666666665,32.91844899534319,32.95999166666667,263074.495,79330.9,101204.45999999999,35192.239,17947.3465,26769.7895,262432.9,0.00887246907312,0.00863888403335,20.0
20250207,24.167868617253642,24.30870625,23.30750850567471,23.317700000000002,268089.045,100104.26500000001,101192.73499999999,27084.897999999997,8606.1405,28545.809999999998,275560.15,0.006479140817285,0.00642262053995,20.0
20250208,35.58007769736293,35.43723958333333,31.9598723897762,31.86717916666667,224067.96500000003,41742.07,100937.195,36266.16,13966.648,28471.31,263248.5,0.007972355604189999,0.0084133884668,20.0
20250209,29.135230719603488,29.340510416666664,26.339405510640248,26.391827083333336,227813.585,63734.55,94815.16500000001,29724.7745,9753.4895,27348.385000000002,270026.69999999995,0.006637401360035,0.00711234275,20.0
20250210,44.260566689605916,44.79235416666668,39.79850691982314,39.7175375,243854.305,44264.501000000004,101208.19,41593.583,22645.477,31153.1,274378.39999999997,0.010793129729,0.010919850651049999,20.0
20250211,32.55744466826646,32.58943541666667,30.496965939558955,30.42872916666667,263180.35,80146.17499999999,101235.765,33390.000499999995,14541.714999999998,31016.089999999997,284277.0,0.0085684796829,0.0086695859864,20.0
20250212,44.83347693964028,45.0434875,41.66688460784564,41.64352291666666,255420.235,58819.54549999999,98395.745,38762.164000000004,24172.201,32610.725,272685.35,0.01145137721579,0.011361949012699999,20.0
20250213,49.8925474779879,49.83782083333333,46.10242694281423,46.0264125,263615.11,54167.077999999994,101119.25,40526.283500000005,28751.920000000002,35418.675,283843.4,0.01315242939159,0.013085869611699998,20.0
20250214,70.58472436038043,70.34949407894737,63.2826238811787,63.13289320175439,255709.37842105262,24112.745710526317,101253.215,43494.30315789474,44849.172184210525,38159.366842105264,283292.4394736842,0.01804917599221421,0.01792748889559474,19.958333333333332
20250215,51.44195177393939,51.419106250000006,45.90164573958314,45.91872291666667,256006.915,48761.1575,101336.72,37314.365000000005,28408.408499999998,36246.130000000005,289888.30000000005,0.013169495375225,0.013306350050650001,20.0
20250216,75.24904839892925,75.22693541666666,65.17238543881174,65.15143125000002,237086.96000000002,8606.5307,101335.98000000001,41395.865000000005,44237.18000000001,37808.765,276326.35000000003,0.017840568127795005,0.0180088473891,20.0
20250217,77.85639403299761,77.6624611476608,67.08987408926656,66.92719098440546,244435.90461988305,6348.3928347953215,101300.60941520467,46368.60853801169,48285.61388011696,38335.57725146199,285279.20116959064,0.019030898105897837,0.019139345686754385,19.875
20250218,35.17173555678938,35.307808991228065,33.0492117420478,33.09007697368421,277272.2368421053,87438.85684210526,100232.26421052631,34060.16760526315,16376.015947368422,35489.67315789474,296051.4710526316,0.009752145791450001,0.00978426775336316,19.958333333333332
20250219,46.25888749490014,46.67368333333334,43.18372524245345,43.23429375,275619.95,68597.28,101098.905,38488.7755,27025.189,36110.39,293829.6,0.0127498722584,0.012688656714499999,20.0
20250220,30.677093615233268,30.71745416666667,29.432552324512113,29.386554166666667,286780.25,106787.54,101235.41500000001,27596.423500000004,14464.174500000001,32810.735,297145.14999999997,0.00879758457625,0.008745740175349999,20.0
20250221,24.13965502484045,24.16274375,23.628372923456194,23.67204375,292245.10000000003,125642.84999999999,99712.17499999999,23944.684500000003,9534.038,30871.145,292300.6,0.0070546958967,0.006906587582549999,20.0
20250222,22.640416826898463,22.76096875,22.456883271055155,22.508295833333335,279251.69999999995,130120.51499999998,88856.615,20466.5285,7106.1375,30537.855,270881.4,0.0063223748876200005,0.0060831519801000005,20.0
20250223,23.723905903904186,23.869931249999997,23.1816810438757,23.187262500000003,263667.05,112420.64,86879.445,24372.283,7046.8144999999995,30192.104999999996,259182.19999999998,0.006255212284159999,0.00600827909265,20.0
20250224,22.733256622958677,22.866395833333332,22.232708905599498,22.28763958333333,266402.83999999997,121839.025,87810.98500000002,18966.789999999997,7401.7155,28019.214999999997,267553.24,0.006056204126805,0.00594843330167,20.0
20250225,22.25803971034938,22.54586041666667,21.58670465233593,21.6262,264233.51,110900.92,91789.08000000002,25396.7445,7868.2305,25646.375,270531.41000000003,0.005881319958385,0.005839881646849999,20.0
20250226,31.359447874540592,31.45340208333333,28.317052841801964,28.294812499999995,226817.905,51674.744999999995,101218.48999999999,33809.2245,12431.727,25322.4125,262240.3,0.00711288426886,0.00742587243235,20.0
20250227,31.805355949603978,31.828589583333336,29.332486007025228,29.293343750000002,235780.10499999998,59751.725,100508.845,31613.0345,11526.203000000001,29997.76,261909.10499999998,0.00749907016536,0.007682445157525,20.0
20250228,41.946237868891345,41.78234583333333,36.92104936295459,36.840639583333335,218380.7,36502.0625,89070.62,41946.81,17019.3305,30919.339999999997,255529.27500000002,0.009160248788175,0.009434408975955001,20.0
20250301,48.46708638906675,48.92743958333333,40.65278865138541,40.852527083333335,198797.61,42281.055,62140.009999999995,40870.751,17753.0275,32798.884999999995,246001.305,0.00963514093781,0.01000063906013,20.0
20250302,30.036670725693217,30.286658333333335,27.70347786169432,27.75412083333333,226936.185,97325.01500000001,62227.545,25109.436999999998,8925.159,30408.69,255658.115,0.00681640746459,0.007082618929065,20.0
20250303,29.2782843156235,29.645737500000006,26.851233828886123,26.96077708333333,228541.345,101612.055,62628.735,23024.7705,8786.6615,29763.82,265619.535,0.0066912984767849995,0.007132212243805,20.0
20250304,30.067603037269087,30.162829166666665,27.20535885821927,27.25095416666667,225522.33,92602.35,62778.64,27330.178,9048.052,29888.920000000002,263140.18999999994,0.0067809158944800016,0.00715882329897,20.0
20250305,27.55796770737388,27.81652916666667,25.98381481068724,26.056610416666672,243373.47500000003,116032.935,62970.2,23222.013,9073.6335,29189.885,264870.79,0.006706878364881366,0.006882353556120429,20.0
20250306,30.574751243657865,31.03300416666666,30.14874205802394,30.36487083333333,207314.855,72084.19200000001,63034.445,30984.6455,8286.488,29924.53,253627.37,0.00633860012074,0.007646546156984999,20.0
20250307,32.29305956505353,32.85529583333334,30.361069648069027,30.35172291666667,201069.575,60970.362,62963.28,34574.25199999999,11628.1655,27294.9,249618.55,0.006493151762195,0.007578686182,20.0
20250308,21.72277327591961,21.830077083333332,21.03934350120741,21.062358333333336,237528.585,116203.075,61374.595,21588.544,5978.742499999999,28165.77,246283.21000000002,0.005159779598505,0.00518163705377,20.0
20250309,42.15839665641915,43.79345625,37.994115222965256,38.05133333333333,187804.94,36813.1795,62676.935,38999.225999999995,16306.421,29153.205,234054.86,0.007917555154554999,0.008892707319335,20.0
20250310,50.788910853322534,50.83005416666666,44.42800813593696,44.27508125,192857.44,32713.438000000002,62994.645000000004,40734.409999999996,23046.284999999996,30324.45,247575.05,0.00979501932756,0.010999266335655001,20.0
20250311,60.02396780977869,59.90156666666667,50.91496217662687,50.73139791666667,208317.14500000002,36621.138000000006,62953.825,39698.780000000006,33081.545,31292.64,253846.08,0.012504021605705,0.012924563561884999,20.0
20250312,80.3768374239442,80.33898541666666,66.31360275227529,66.21170416666666,206676.34499999997,9688.8841,62941.08,47091.869999999995,47367.509999999995,34870.965000000004,256403.495,0.01661199098144,0.017003039511725,20.0
20250313,84.79266818643137,84.64190208333333,69.20207609883921,69.06170833333334,206138.27000000002,5496.838250000001,62983.82000000001,46248.665,49118.075,38072.43,258482.655,0.017479013928635,0.017887536361540002,20.0
20250314,59.75692563408424,60.94550208333333,53.29114528392689,53.392477083333326,240179.05,55491.9825,63004.634999999995,42162.5305,37589.918,36541.725000000006,269298.2,0.014352361629715,0.0143512095009,20.0
20250315,22.545731422462712,22.596247916666666,21.75221894002665,21.76924166666667,257818.95500000002,128805.825,63022.185,23997.274,7905.898999999999,29362.705,271137.95,0.00581271691505,0.005897852051349999,20.0
20250316,26.79290525579446,26.909806250000003,24.979788054762242,24.970314583333334,235166.255,97166.88500000001,63032.475,29848.707000000002,9400.907500000001,30190.345,261263.94999999998,0.006300787189574999,0.006526318097349999,20.0
20250317,38.89134541849376,39.33675548245614,35.67074269079374,35.728204166666664,226029.22736842104,70222.4705263158,63080.34842105264,37471.97460526315,18229.155578947368,32042.54605263158,267453.6210526315,0.008790580756260527,0.009540269298289474,19.958333333333332
20250318,29.00405535413735,30.201938157894734,27.35955360024359,27.50270416666667,245873.0252631579,108348.42789473684,63102.86236842105,26691.26710526316,12317.637789473683,30698.323947368423,262697.0018421053,0.0071313148348218424,0.007187272702522369,19.916666666666668
20250319,25.726561124484064,25.82239583333333,25.3986494368305,25.389408333333336,261863.56,123072.56,63107.315,28331.667,10765.071,30912.51,256409.47999999998,0.006736848882615,0.0065124544948000004,20.0
20250320,52.20676477692528,52.522483333333334,46.13393755526778,46.07088958333333,193623.58500000002,26679.021999999997,63083.21500000001,42851.97,22007.5815,34541.145000000004,247137.66,0.01010846095736,0.011401433373994999,20.0
20250321,54.075178026671686,54.48867083333334,47.66444002887762,47.700547916666665,188348.435,22875.0245,63089.825,39595.873,22817.87,33820.235,246820.83500000002,0.01018497515367,0.011764576887735,20.0
20250322,25.52263107442509,25.681166666666666,26.47554777168396,26.50476875,240032.695,109571.62,63048.965,22018.8445,8580.3635,30425.735,251001.2,0.006126265920285,0.0066453942613500004,20.0
20250323,28.423938387914458,28.607045833333334,29.159482588270944,29.309254166666665,216628.765,85877.78,63037.08500000001,22212.807500000003,8653.4735,30556.219999999998,242412.025,0.0061574426694100005,0.007068609222175001,20.0
20250324,24.40870939940279,24.56107916666667,23.500096225004228,23.537547916666664,246541.35499999998,115744.5,63094.475,24193.9425,8834.343499999999,29125.65,256291.54499999998,0.00601775628913,0.006022875969155001,20.0
20250325,28.744063890013145,29.148254166666664,26.51055772028322,26.59502708333333,225544.405,91560.39499999999,63099.82,27129.214,10943.913,28185.395,249775.325,0.006483062787355,0.006621683170515001,20.0
20250326,38.124479107510524,39.70699375,33.34554087676033,33.62281875,202095.83000000002,54928.7103,63095.520000000004,34570.9725,16518.815000000002,26845.980000000003,237553.745,0.00770479824855,0.007921358114325,20.0
20250327,20.112760557411388,20.20518125,19.88475820914201,19.908252083333334,254960.345,132622.21,63094.875,21886.748,7023.8150000000005,24959.4815,252899.45,0.00512795637062,0.005028844414475,20.0
20250328,19.596627099732054,19.70051875,19.07842476729696,19.11295,245576.27000000002,125513.025,63169.645000000004,21949.086000000003,5902.91,25557.126,253456.47999999998,0.004812466587733116,0.004835550385463906,20.0
20250329,18.449815788180054,18.468552083333332,21.10759412487032,21.1483375,234143.58000000002,114446.64499999999,63217.22,21449.914,4375.7655,24787.527499999997,230953.2,0.004319905918985,0.00487486640744,20.0
20250330,34.42495293038777,35.051320833333335,29.105155411709024,29.194033333333334,168913.22500000003,27484.900650000003,63196.97,36182.989499999996,8848.3265,27579.565,213197.9,0.0058148298199450004,0.006205158012949999,20.0
20250331,49.17320657747253,48.985627083333334,39.31185763080528,39.19391458333333,168278.785,8658.70835,63196.07,44964.845,17777.727000000003,28986.995000000003,221416.235,0.008274807457411085,0.008704283507468925,20.0
20250401,27.83690902542913,28.21920690789474,25.20187132120469,25.244818750000004,187488.9797368421,50611.76773684211,62828.7647368421,33602.28673684211,6234.192421052631,27956.703157894735,232520.16105263156,0.005219113672204999,0.005859943178434211,19.958333333333332
20250402,21.828213069077886,21.938477083333336,21.898292709456808,21.920810416666665,211228.445,86694.82500000001,61509.785,25852.767,4562.102500000001,26546.725,232135.03499999997,0.00461073950371,0.00508336094455,20.0
20250403,21.24986595296101,21.320672916666666,20.530645231736848,20.561504166666666,208931.135,88242.95000000001,61385.619999999995,23004.3735,4202.749,25825.46,229471.71,0.00443975861215,0.00471120226873,20.0
20250404,21.133831202210537,21.228508333333334,19.93679720557963,19.9761125,217970.39,93777.295,61248.604999999996,25726.3265,4839.415,25998.255,247582.65000000002,0.00460654942934,0.0049360050846699996,20.0
20250405,26.715452987503543,26.794222916666666,27.846651600361735,27.8070625,190495.255,54868.704,61941.435,34484.6175,7346.449,24765.229,245482.0,0.005089167029294999,0.00683585172816,20.0
20250406,34.58652141891107,34.69829791666667,35.02576430318325,35.01995833333333,178635.015,31782.870499999997,62955.83,41568.54,11496.1605,25028.1675,232477.62,0.006178363772465,0.008142706323885,20.0
20250407,37.12683117294777,37.42025208333334,33.37597924592922,33.45730416666667,195597.41499999998,43496.56,63007.81,39100.065,13989.092,28605.775,235818.315,0.00726191220457,0.00787066718725,20.0
20250408,29.961819633367337,30.31261458333334,28.493165115923457,28.577437500000002,204809.085,61695.38450000001,62561.52,35649.8775,9996.569500000001,27701.665,243405.87,0.006136452864044999,0.006935403644095,20.0
20250409,19.469712512640545,19.531433333333336,19.376733296898532,19.42233333333333,266182.225,136887.055,61302.225000000006,27719.3105,6377.4259999999995,27077.35,256723.43,0.005182491396725,0.004974461434174999,20.0
20250410,30.39943324399004,31.319885416666665,30.02250045075877,30.207070833333336,213073.25,68062.18895,62914.165,36618.423500000004,11063.814,27764.365,257687.72,0.006477306039455,0.007736429689855,20.0
20250411,36.40940205063581,37.278558333333336,34.03796748439496,34.07199791666667,205972.565,51707.6685,62897.09,39691.0195,13714.8185,30881.52,254945.05000000002,0.007499337930485718,0.008677811322207449,20.0
20250412,21.593537552802243,21.80332291666667,20.40775385113042,20.45254375,223198.39,95683.08499999999,62901.425,26967.846999999998,5736.3635,25948.865,247204.04000000004,0.004819642816190001,0.005044879199324999,20.0
20250413,22.081391124276887,22.27619791666667,23.746191166503632,23.8174375,203225.47000000003,76611.56999999999,62918.16500000001,26165.9245,4889.7455,25099.147,224292.615,0.004487501089485,0.0053260953130249995,20.0
20250414,18.666777123136857,18.709820833333335,18.44151223962003,18.480885416666666,235492.12,108635.79000000001,64787.065,27070.98,4281.778,25575.248,233838.55,0.004395878918295,0.00431233648192,20.0
20250415,26.97129314438092,27.926245833333336,28.558383771231806,28.77801875,182006.32,46837.266,58716.93,36460.893,5430.7425,26713.644500000002,223675.325,0.00490894581085,0.006387805771505,19.208333333333332
20250416,29.894713710706746,30.181647916666666,30.30496708795852,30.280083333333334,170425.095,48796.075,44730.07000000001,35125.93949999999,5088.268,29249.66,225011.87,0.005094809424145,0.006818977314750001,20.0
20250417,36.470954521278266,36.545366666666666,33.9780773643551,33.74553541666666,162819.22,37764.9405,44815.725000000006,37030.205,8216.747,29635.765,215999.28,0.005938172367810001,0.007339240246484999,20.0
20250418,29.492882582923134,29.807904166666663,25.275271957337868,25.382293750000002,163569.095,42710.497,44813.34,37432.149000000005,4033.2435,29470.905,212232.24000000002,0.004824124113029999,0.005364227584115,20.0
20250419,34.56431988128551,34.82780416666667,33.399399088145785,33.3008375,149489.755,22399.116,44879.704999999994,43055.785,5366.217000000001,29520.78,205904.625,0.005167011710795,0.00687709074447,20.0
20250420,27.5662199358401,27.79992916666667,27.569188227912704,27.498793749999994,172459.75,49111.759999999995,44838.245,41405.91,3701.1935,29563.6,219717.28000000003,0.00475406339858,0.006057427049245,20.0
20250421,27.314893336145126,27.36616458333333,29.04108931487259,29.027395833333333,189772.065,67109.76000000001,43914.100000000006,38941.825,5694.808499999999,28928.665,223365.09499999997,0.005183603713655,0.00648676567372,20.0
20250422,55.53907006428997,55.95514375,55.629923036822625,55.3387375,184174.91999999998,33043.8305,43878.02500000001,44667.085,22916.3875,34018.875,223179.91,0.010228903785964999,0.012415481216665,20.0
20250423,40.332108453498726,41.63672916666666,39.5589524187318,40.0426,191417.43,54239.351500000004,43492.105,43710.105,14521.157500000001,31034.659999999996,226685.53,0.00772026854665,0.008967442095285,20.0
20250424,62.639114235290535,62.819470833333334,61.69277052049909,61.58665833333333,175665.505,17250.832,44165.35999999999,46322.79,26328.0185,33072.994999999995,221937.95,0.011003531634895,0.013691967019140001,20.0
20250425,44.17348588517466,44.87298958333333,41.84956626523944,42.22270625,187927.405,42638.261,44150.025,44819.415,16396.521500000003,31732.769999999997,231613.175,0.008301408572205,0.009692910915064998,20.0
20250426,30.853550072786135,31.7980125,33.38447196270711,33.4806,182297.775,52397.79,44118.465,40581.825,7614.290500000001,28535.745,230310.93,0.00562453352912,0.00768880878529,20.0
20250427,34.599664390482154,34.750289583333334,33.924350454022694,33.86381875,166735.34,36597.549,44076.509999999995,41835.33499999999,8022.125,28825.405000000002,223447.21500000003,0.005768986806032935,0.007580301629635357,20.0
20250428,34.391519401023835,34.45832291666667,31.927152061659037,31.775547916666667,168732.59,36699.826,44001.655,43856.315,8270.346500000001,28587.775,223941.855,0.00580297014257,0.007149825657554999,20.0
20250429,31.374860511455665,31.595802083333336,29.984719396278145,30.051220833333332,177512.355,47921.3615,49085.195,38475.78,8680.940999999999,25897.266499999998,228342.57,0.0055694253771850005,0.006846787887675,20.0
20250430,50.2489762502494,50.19263125,42.809925186697896,42.62814166666667,169579.465,12810.029999999999,60188.765,42431.625,18955.559,28527.015,222378.635,0.008521194509315,0.009520012727469999,20.0
20250501,21.095143616690944,21.31844166666667,20.196076994595444,20.178760416666666,184853.34,42671.22,72508.225,34362.925,2976.75555,24252.5175,225025.08000000002,0.003899507755325001,0.004544623841395,20.0
20250502,15.590669257484292,15.766808333333335,17.790509786357873,17.789104166666664,238265.195,103023.83499999999,72199.11,30072.5815,1916.6239,24973.133,231962.445,0.003714713850815,0.00412673014784,20.0
20250503,17.635303050961742,17.685870833333333,18.508663703107086,18.500775,213300.61,71950.11,74344.475,32519.035,2041.88175,25074.190000000002,221011.81,0.003761620898305,0.0040906332657049994,20.0
20250504,16.059719147461138,16.10937291666667,16.04892981064876,16.066179166666668,240917.815,96715.345,78347.17,30336.085,2371.6474,25220.29,226154.32,0.00386907244652,0.003629534808055,20.0
20250505,21.103890708234907,21.519645833333332,19.71402729198213,19.768185416666668,204369.83499999996,49700.87700000001,76114.48,40660.77,3757.8969500000003,25813.175,232279.025,0.0043129986619,0.004579155038205,20.0
20250506,20.53005672456338,20.611352083333333,19.68614388961833,19.721331250000002,223242.96999999997,73002.185,75285.61000000002,36820.89,4202.9985,27009.464999999997,238504.45500000002,0.00458319083746,0.004695233019445,20.0
20250507,24.692680730556294,24.8236375,25.765430713644857,25.82908541666667,222412.155,54453.845,81793.39499999999,43389.75,7778.8765,26984.025,233459.82,0.00549195233401,0.0060151928166300005,20.0
20250508,36.35487876096052,36.366427083333335,33.44592466432484,33.350372916666664,198322.01,14274.289499999999,91099.9,42650.935,13450.336,29079.1,228877.15499999997,0.007209972629179999,0.007655008083514999,20.0
20250509,28.879636779607615,28.92947083333333,25.45201289410918,25.46984791666667,191538.58500000002,9757.025599999999,99115.95499999999,39584.125,7713.381,27622.105000000003,232007.885,0.00553156476408,0.005905067680555,20.0
20250510,25.220982395320384,25.27575625,25.273236548459998,25.246714583333333,192812.37,11670.9923,100368.6,39429.185,5520.9715,26775.135000000002,217786.495,0.00486291738937,0.005504169605195001,20.0
20250511,25.295806678405974,25.393727083333335,27.878942553552275,27.824575,181901.64,16160.593499999999,88575.18,35718.895,4534.1005000000005,26731.715,206139.46499999997,0.004601348719925,0.005746950302754999,20.0
20250512,27.066798099435946,27.1344625,23.785097297650243,23.8085,169095.59,10321.3447,78824.88500000001,38905.84,4975.2275,25649.2805,209435.325,0.004576876194035,0.00498143958269,20.0
20250513,23.113860854481334,23.159833333333335,22.611524912505423,22.582718749999998,185103.985,34185.252,76880.285,36340.47,3267.0103500000005,26185.175000000003,213573.26,0.0042784677528999995,0.004829217089134998,20.0
20250514,21.120075749788963,21.140145833333335,19.57088389006265,19.611266666666666,194054.27,59325.420000000006,63118.845,34556.855,2530.9701,26683.55,225209.535,0.00409844088197,0.00440754966042,20.0
20250515,19.48779995017939,19.69645208333333,18.445599467704273,18.501275,199455.61500000002,66780.78,63991.61,32024.574999999997,1615.0261,26780.059999999998,223208.63,0.00388695112406,0.0041172169867150004,20.0
20250516,22.46399335328733,22.58345,20.92119995955895,20.90642708333333,177800.675,28985.5793,72914.79000000001,36836.66,1876.732,27285.555,213397.02500000002,0.00399411318141,0.004464521830800001,20.0
20250517,18.637414899742435,18.769316666666665,18.716163026214854,18.708972916666667,203155.995,63104.865,72232.89499999999,30995.1375,1108.509,27196.19,205448.40000000002,0.0037863025681849996,0.003845205747875,20.0
20250518,18.904633720009873,19.02290833333333,18.42252121135083,18.433777083333336,192133.45500000002,54159.0,72512.60500000001,29050.612999999998,742.4662000000001,26732.225,196164.31,0.003632212592135,0.0036138411618849998,20.0
20250519,21.633403380992643,21.695292872807016,19.761406379797215,19.793325,173541.10815789475,23539.40921052632,78393.28578947368,33668.405394736845,1470.7627736842105,26245.999736842103,206179.91578947369,0.0037542847959642104,0.004074405103268158,19.958333333333332
20250520,16.640387716290707,16.774346710526316,16.550341553719566,16.621245833333333,220685.43131578946,79367.38684210526,70592.76447368422,33551.994473684215,1199.3539105263158,25959.647894736845,210265.4115789474,0.0036722911404315794,0.0034799643785650004,19.958333333333332
20250521,19.30464581127695,19.402372916666668,18.683387367245846,18.672237499999998,189089.25,38589.313500000004,72382.7,43062.665,1610.7576,24950.501,214439.62,0.00365030099797,0.0040064584873449995,20.0
20250522,15.59186037912224,15.613075,15.53112080923426,15.572272916666668,231389.75,90318.29000000001,70236.9,37922.08,1413.90005,25066.454,223005.635,0.0036077966751600003,0.003463527458325,20.0
20250523,14.987365773792451,15.128245833333333,14.93316935257516,14.999437499999999,227713.485,81814.905,76531.86499999999,38664.115000000005,992.8673,24468.716500000002,217507.41,0.00341282529132,0.0032480749889699997,20.0
20250524,17.789877178230824,17.8369375,17.356188268830934,17.35949375,194905.595,37891.3935,83559.475,39854.665,975.4775999999999,24969.895500000002,201490.575,0.0034673465964,0.003497108354095,20.0
20250525,20.259802339800085,20.469639583333333,23.93778395303575,23.891370833333337,181618.935,32681.914200000003,76623.505,37383.18000000001,1199.9164,26182.559999999998,198434.355,0.003679563724265,0.00475007871885,20.0
20250526,15.957897609783403,16.186425,15.868980151599411,15.928354166666667,224537.81,81396.235,70808.15,36669.335,749.44975,26376.74,210147.91499999998,0.003583151381505,0.0033348330920349996,20.0
20250527,15.782441607975754,15.963447916666667,15.727035995559802,15.787483333333332,217209.245,66879.46,76875.64499999999,37020.9,601.7817120000001,25438.32,205639.53,0.0034280922259249994,0.00323410029042,20.0
20250528,15.348759313939832,15.472645833333333,15.176779362597017,15.226289583333333,209875.47000000003,71167.95999999999,69700.74,38344.615,867.5273,23085.389,207471.26,0.00322132807493,0.0031487455371000004,20.0
20250529,21.278045762169914,21.320514583333335,19.046033212515326,19.037233333333333,152134.285,7455.9439999999995,76521.43000000001,38733.575,1443.47575,22247.517499999998,191953.995,0.003237120278225,0.0036559621640450003,20.0
20250530,19.391878286084605,19.45973125,18.95458510919881,18.943908333333333,159908.01,15101.124200000002,76500.625,36998.33,1102.6,21846.940000000002,198365.485,0.00310091666689,0.0037599354681599998,20.0
20250531,16.97785348174698,17.154754166666667,19.564368056134537,19.4564375,180393.565,43903.4845,69279.885,36858.575,1158.4846,21399.1375,195626.44999999998,0.00306269551562,0.0038273078693149996,20.0
20250601,15.898829361941885,16.061525,19.392675943157418,19.2988,181111.79499999998,45744.241500000004,68680.685,35811.685,954.77765,20400.574500000002,189255.65500000003,0.0028794655241399995,0.003670173587825,20.0
20250602,13.359758670571068,13.562824999999998,13.314376067586442,13.373710416666666,215614.835,84206.51500000001,68476.685,35894.725,942.6487999999999,20406.048499999997,208472.58000000002,0.0028805621613950004,0.0027756823299000003,20.0
20250603,17.70393789098245,17.790527083333334,21.309348402316147,21.104020833333333,187304.60499999998,29280.576999999997,81783.08,42166.805,1985.19085,21362.567,202776.35,0.003316029093615,0.0043210318898999995,20.0
20250604,13.72399694286144,13.830327083333335,13.660403849200122,13.685447916666666,205074.12,56587.1155,76618.055,40380.455,577.0012535,20191.197500000002,205736.77000000002,0.00281443659594,0.00281044736483,20.0
20250605,11.621952938343414,11.666308958333332,11.616217577131454,11.649230208333334,215730.315,83121.04000000001,68769.98,37686.49,63.783465500000005,19031.7285,212258.895,0.0025072075683040002,0.0024656455070014996,20.0
20250606,14.117829383902182,14.1777,13.87212776449598,13.902952083333334,190428.69,44242.232,74561.62999999999,41835.31,314.210105,20137.765,205421.035,0.0026884397552199998,0.0028496268430350004,20.0
20250607,13.720253498922352,13.783974999999998,14.389551910699353,14.402529166666667,198726.545,64283.16499999999,68284.68,37680.89,232.3414115,20654.338000000003,197927.78999999998,0.0027265785743650003,0.0028480922087750003,20.0
20250608,14.695040367302694,14.703935416666667,17.44049922423912,17.347483333333333,185949.63,47139.524999999994,70140.86,38676.284999999996,302.690795,20536.407,198321.41999999998,0.002732537319135,0.00345882457166,20.0
20250609,16.957771413475573,17.064275,21.08062685930901,20.979077083333333,179528.88999999998,26815.387,77382.97499999999,45323.175,1234.348775,21147.226,205127.28,0.0030444098787350002,0.004324211648345,20.0
20250610,19.046211193394708,19.130925,22.95307334646027,22.72413333333333,174980.875,13699.119999999999,82519.51000000001,45062.255000000005,1908.8881945,21821.730499999998,201567.805,0.003332722700055,0.004626600612450001,20.0
20250611,26.393461516744004,26.297012499999997,24.71179700974694,24.570168750000004,172494.435,6625.4109499999995,82590.85500000001,46893.265,5643.01275,24160.351000000002,200322.845,0.004552725232025,0.004950337482055,20.0
20250612,14.800515533338421,14.988158333333333,14.86554685116229,14.87690625,197853.315,46941.778,82412.98000000001,39126.655,1072.94317,20563.949500000002,209797.57,0.00292833106198,0.003118755606095,20.0
20250613,16.713777131556924,16.86452083333333,19.072377920212784,18.95370625,180876.415,23527.9945,81682.37,42010.485,1422.9584115,20605.2255,203452.64,0.003023128088665,0.003880325638945,20.0
20250614,15.030217618840346,15.100783333333334,17.663752399764025,17.567791666666665,175486.805,41058.443499999994,68930.48999999999,34755.955,329.618538,19821.2705,192036.59,0.002637604868385,0.003392086777455,20.0
20250615,16.199323688973273,16.251414583333332,19.05757297154423,18.95820833333333,164389.86,27516.0425,69094.945,36967.69,399.140215,19906.6875,180370.27500000002,0.0026630045533249996,0.0034374196777100002,20.0
20250616,16.52638817015799,16.55477028508772,16.572440012253267,16.5654875,170110.86289473687,21168.474657894738,78237.5752631579,42565.65010526316,1124.9059000000002,19576.048736842105,188351.90842105262,0.002811318152158947,0.003121450703501316,19.958333333333332
20250617,15.719972497264179,15.749729824561404,17.239428101006173,17.107483333333334,175167.6931578947,33530.444605263154,73415.56578947368,40504.1602631579,1260.9234421052631,18654.98434210526,190799.9689473684,0.0027536313188513155,0.003289282346342368,19.958333333333332
20250618,16.204732830687924,16.289543749999996,15.794331069706361,15.8424,170316.885,30434.07,75569.325,36845.435,1186.2680799999998,18824.618000000002,190283.85499999998,0.0027599396179799995,0.00300540620309,20.0
20250619,15.9744001855663,16.040391666666668,15.728451480861779,15.772233333333332,173749.22,44681.075,68952.215,33191.185,1230.9166999999998,18659.7805,190652.5,0.00277553957221,0.002998668595955,20.0
20250620,16.40895697265124,16.5569125,15.791709923344044,15.851877083333335,169686.495,28846.8785,74377.45000000001,35825.630000000005,1522.62325,18528.374499999998,175411.03000000003,0.0027843783952949995,0.002770040103115,20.0
20250621,17.698875251424425,17.846208333333333,17.653550372420913,17.65451875,163694.815,35172.9615,69408.58,32047.66,1471.52605,19476.086,176089.065,0.0028972141099899997,0.0031085971790100002,20.0
20250622,19.378647053641565,19.44585208333333,23.30385509161,23.11609375,153416.67,14565.213649999998,71847.05500000001,35265.149000000005,1669.33355,19718.447,171994.32,0.0029730075000750002,0.00400813070986,20.0
20250623,14.853403007921552,14.938927083333335,14.688283733885182,14.745375000000001,198315.345,69137.61,69940.20999999999,32319.964999999997,1536.3822499999999,19740.998,194222.255,0.0029456577419400003,0.002852791588875,20.0
20250624,17.46342845573875,17.692704166666665,25.03683437585871,24.56634375,181970.57,45018.881499999996,71673.715,39330.118,2168.3993499999997,19935.342,200101.445,0.0031778300302450005,0.005009906736835001,20.0
20250625,13.769850932597002,13.815062275480367,13.670055999246491,13.692218238304093,216626.3489724311,73037.22813283207,86038.82224310777,29863.012639097746,1367.9790695488723,19453.4925,207515.96073934837,0.002982912533423114,0.0028367548040443284,20.0
20250626,17.329464886286043,17.32111026524645,16.663950351536645,16.65213092105263,187620.70721804514,15936.138784461153,99537.24486215538,39848.74389724311,2561.0067334586465,19477.405203007518,199619.19619047618,0.0032513664576752674,0.0033264443745317476,20.0
20250627,17.240096083709883,17.29476875,16.41197756330707,16.45128125,180619.53499999997,10985.7765,99086.295,41064.09,2158.71685,19704.989999999998,195612.83,0.003113898137995,0.0032103933770549994,20.0
20250628,17.375820800725656,17.429235416666668,18.923558949119155,18.83469583333333,165775.755,14302.246200000001,91125.06,32941.49,1531.3339,19325.548,191372.41,0.002880489811985,0.0036214470818700002,20.0
20250629,16.317462850186473,16.431591666666666,21.422305033605266,21.20223125,173000.33,34589.2185,86419.67,24417.128000000004,1417.9337,19067.966,189650.34999999998,0.002822926457845,0.00406274764743,20.0
20250630,14.220561165406412,14.307195833333333,14.0410504454241,14.085120833333335,198858.52500000002,55473.66,87605.48,26502.896,1511.86485,18917.6595,201905.33000000002,0.0028278798180250003,0.00283496292373,20.0
20250701,15.98550428663266,16.044754166666667,15.513947568684156,15.545475000000001,185638.72,20838.314,97638.985,35750.578499999996,1925.74505,19243.2565,192996.11000000002,0.002967528554325,0.0029941315315,20.0
20250702,16.524982949999192,16.553191666666667,15.973582931402566,16.0000625,184654.83000000002,14319.857499999998,97888.215,42516.479999999996,2123.8336,19525.494,188344.005,0.003051417917385,0.0030085285834999995,20.0
20250703,14.229696097491804,14.480720833333335,17.114124247505774,16.956160416666666,192591.78,45252.568,94295.215,28306.859500000002,1162.68365,18832.048000000003,197819.625,0.002740522500275,0.003385509640845,20.0
20250704,12.413817505703417,12.556302083333335,12.368056050055426,12.440170833333335,213448.83500000002,72682.095,87332.975,25001.7095,816.65825,18907.425499999998,204022.635,0.0026497148844950003,0.00252336338516,20.0
20250705,16.944580064329127,16.964081250000003,19.18600276130849,19.113966666666666,166213.97,10471.499,95879.03,30863.593,1180.8555999999999,19503.121,191114.10499999998,0.002816425922475,0.003666715746255,20.0
20250706,16.587307286511294,16.569783333333334,15.971316124712182,15.972679166666666,183172.57,27362.7155,99698.965,27829.891499999998,1021.0507999999999,21580.5455,192671.15999999997,0.00303833970505,0.0030772120044750004,20.0
20250707,15.676715413024908,15.725722916666667,15.486824057414866,15.51554375,214435.13,45452.025,99572.365,38884.888999999996,1518.0151500000002,23127.9375,198802.865,0.003361638507565,0.003078824992365,20.0
20250708,14.525437686491978,14.5831,14.439084257194548,14.462852083333331,223132.92,57646.41499999999,99599.83499999999,36131.958,1775.9071,21634.676,200579.37,0.0032411033252649998,0.0028961824236850005,20.0
20250709,17.595898381910555,17.614677083333333,17.043019492143355,17.038420833333333,194372.135,15959.705199999999,99373.255,44063.827,1953.2648000000002,22756.8545,192304.65999999997,0.0034201523357350002,0.00327745206881,20.0
20250710,18.22493270449879,18.228825,17.641327436266035,17.655927083333335,196206.355,15135.10495,99857.17,46182.06,2255.08245,23259.908499999998,195362.08,0.00357584761607,0.00344644642191,20.0
20250711,16.304319949441883,16.32836875,16.038249954700138,16.077039583333335,211771.56,50057.25,99255.01500000001,29668.653,1712.2993999999999,23486.188000000002,201268.72,0.0034527912704324284,0.0032279980394225548,20.0
20250712,18.235606396522844,18.300383834586466,20.017309017315416,19.8966992481203,152920.5267857143,33902.849500000004,74123.10607142856,17310.79442857143,1383.4243571428572,19017.217642857144,147773.49107142855,0.002788598536413214,0.002958027635344286,19.05263157894737
20250713,18.891945450559657,19.005125,18.8337182817748,18.7947625,181827.53000000003,26708.0075,93999.25,27374.398500000003,1840.58325,23184.042,184792.89,0.00343507577817,0.003480337230735,20.0
20250714,16.809536771026924,16.820788815789474,16.165082485872528,16.21318125,193284.34394736844,25557.062342105262,99673.72947368422,35019.984421052635,1864.5216684210527,21676.90444736842,196520.62868421053,0.003249020286847105,0.0031767721728557896,19.958333333333332
20250715,17.40349039397298,17.466325,16.5951241743907,16.656510416666666,189536.475,16179.755509999999,98984.41,40265.771499999995,1939.00025,21909.653,195463.97500000003,0.0032985962219699997,0.003243748936745,20.0
20250716,16.019556578574075,16.075089583333334,15.594740441291815,15.6321,200314.61,44862.6745,98172.26500000001,23509.77,1640.9839000000002,21804.3695,196439.85499999998,0.00320895122841,0.00306342855105,20.0
20250717,17.02407670557026,17.07834791666667,16.231042030131416,16.239264583333334,188908.445,31093.135000000002,98701.69,25535.016499999998,1655.4157,21825.2575,197172.95,0.0032159918580100004,0.003200322438655,20.0
20250718,18.73664249359488,18.757725,17.324154578813605,17.364820833333333,173997.47,14387.25135,98937.76000000001,26031.1505,1531.77515,22403.753,195789.8,0.00326012839018,0.003391892760155,20.0
20250719,20.01674692598966,20.04314375,19.394018551011804,19.327077083333332,170917.61000000002,17761.789500000003,94887.235,23052.576500000003,1659.38395,23417.4295,185853.20500000002,0.003421214544565,0.003604440505535,20.0
20250720,19.868916302094263,19.992404166666663,18.570081416449945,18.600833333333334,170447.395,20284.45585,95061.27,20178.9575,1356.03435,23764.2085,182228.96,0.003386605025165,0.003384006623635,20.0
20250721,18.551115625231514,18.613789583333332,17.406916919885635,17.431506249999998,179662.16999999998,17106.92535,97891.325,30351.4545,1169.12675,23725.1195,192312.14500000002,0.00333293368915,0.0033475615307,20.0
20250722,21.51599115030641,21.538410416666665,19.369026539450996,19.390947916666665,159015.11,5450.6565,97241.9,23276.263,1201.80015,24352.861500000003,193414.325,0.0034213676995250002,0.003746247194035,19.25
20250723,20.677713670727975,20.74398125,18.490453372959518,18.548527083333337,164544.89500000002,6920.722400000001,97195.55,25448.190499999997,1205.701,24198.141499999998,196099.3,0.00340241222479,0.00362596496312,20.0
20250724,17.48495013636671,17.635647916666667,16.091925041073562,16.197847916666664,167342.9,11945.224300000002,96990.11,26662.6145,1324.1517,20129.472999999998,196820.65499999997,0.002925982262175,0.003167223226795,20.0
20250725,15.915153099056058,15.9425375,15.205735704397494,15.215564583333332,186692.16999999998,41965.917499999996,94815.605,17615.8975,697.1583999999999,21834.472500000003,200462.16999999998,0.002971234467945,0.00304817477575,20.0
20250726,17.474636273745993,17.74461666666667,16.7711980393394,16.80615625,186975.23,34845.793,98206.585,20157.739499999996,1185.4687000000001,23182.032,189881.91999999998,0.00326732413645,0.00318454728441,20.0
20250727,18.935073524579575,19.052841666666666,17.28857647881146,17.34191875,161478.38,14175.588699999997,97794.17000000001,17730.1405,1260.6837,21368.202,188826.81,0.00305760499793,0.0032645467459350005,20.0
20250728,17.00923618412386,17.029666666666667,16.043647743889544,16.067210416666665,180020.88499999998,31139.513499999997,95261.225,23110.0275,1246.4651,21438.739499999996,200030.1,0.00306201775104,0.003209212462575,20.0
20250729,16.62863921473277,16.79377291666667,15.921104927475698,15.947383333333335,190669.87,58083.7,89167.29000000001,14009.129,917.45825,22238.7415,204367.015,0.00317058047735,0.0032537486895300003,20.0
20250730,18.636546273481883,18.748997916666667,17.2053706021808,17.137902083333334,173422.275,23515.549,95913.92499999999,22233.696,1460.0328,21875.775500000003,201962.60000000003,0.00323199225289,0.00347484138078,20.0
20250731,18.371997569018585,18.360666666666663,16.945109387023884,16.9341125,177346.07,24764.9485,96328.45000000001,24423.206,1135.5028,21946.7795,205443.975,0.003258201566915,0.00348127062928,20.0
20250801,17.65013754021752,17.687412499999997,16.438782638970213,16.47230625,181696.31,34914.0985,96021.245,19205.771,932.36875,23207.665999999997,204253.84,0.00320696486205,0.0033576844789349994,20.0
20250802,18.77507114983886,18.816002083333334,17.353307225866523,17.367177083333335,167487.72999999998,30552.3845,91245.11499999999,14795.301500000001,496.549985,23561.9615,190612.71000000002,0.0031445940474749997,0.003307760917785,20.0
20250803,18.274669008700723,18.297325,19.342570903961747,19.22920625,167619.965,27358.122499999998,91884.13500000001,17242.531,745.9235,22425.9375,188192.975,0.0030631993796250002,0.003640135962565,20.0
20250804,14.744174024593903,14.848503260869565,14.267023631511375,14.272766666666667,183587.765,46968.50225,88374.395,19786.545,455.72238500000003,20219.030874999997,195932.50624999998,0.00270684995594625,0.00279537369685,19.82608695652174
20250805,14.689510774060949,14.701620833333335,14.30559343424557,14.308747916666666,194526.93,65856.505,86091.63500000001,14532.3165,279.09826,21656.9315,204620.05,0.00285750543408,0.002927211243795,20.0
20250806,13.268046668780395,13.337525,13.231266819516833,13.288741666666667,218807.625,77664.755,96421.445,14938.043,278.7826695,22043.3855,202062.805,0.002903149779985,0.002673546887255,20.0
20250807,13.508027163731082,13.58455625,13.333890947256485,13.374447916666668,205150.205,67336.62,91330.855,17185.968500000003,134.1585335,21237.093,203558.015,0.002771174541785,0.00271422037345,20.0
20250808,15.290694370763076,15.28665,14.6772491765851,14.667158333333333,180109.22499999998,34827.085,92207.955,24956.4145,566.940235,20208.275,201678.4,0.00275399511283,0.002960084130335,20.0
20250809,15.46530663776482,15.496725,15.134691790945595,15.113852083333333,174609.38,30500.213499999998,98320.84000000001,16879.0475,121.833236,20770.233,193449.93,0.00270038760353,0.00292780506753,20.0
20250810,16.162488763632183,16.19155,15.389471648912725,15.38071875,168568.485,25487.805,98665.285,16243.451,99.2000895,20997.105,193137.39,0.002724486244715,0.00297228238775,20.0
20250811,15.539377386356055,15.559089583333332,21.9478881979245,21.440091666666664,188388.16999999998,36988.780999999995,98638.805,21487.18,374.94599,22041.799499999997,204426.84,0.002927434868755,0.004486737428975,20.0
20250812,19.293424651689488,19.293252083333332,20.521988927006,20.384097916666665,186034.79499999998,28245.713000000003,97884.295,25516.358500000002,1267.62545,25259.051,199628.935,0.003589248299925,0.0040967827935800005,20.0
20250813,21.40590237687867,21.432370833333334,20.195895012053075,20.238441666666663,186603.13,19889.87,98134.39499999999,30666.4515,2103.0759,26848.170000000002,196785.875,0.003994408384,0.003974266871355,20.0
20250814,16.83010058610715,16.902275171998625,19.7947893139905,19.63755833333333,192324.25684210527,37220.726398348816,98016.26897832818,24130.926541623667,535.7375042242862,24036.36055108359,206384.56409184728,0.0032368365878009376,0.004085338963857886,19.75
20250815,12.28366950650557,12.377154166666665,12.21646181287617,12.286756250000002,215375.47999999998,79853.91500000001,92232.185,16737.550499999998,119.91627700000001,20370.355000000003,214790.07,0.002645601216125,0.0026239746879399995,20.0
20250816,14.163823558884719,14.190864583333331,14.622411830898214,14.585243749999998,192699.10499999998,54560.240000000005,93260.535,18146.368000000002,268.3082355,20661.430500000002,198659.05000000002,0.0027293561231749998,0.002904874443035,20.0
20250817,13.543211474063186,13.615437499999999,13.367126511798869,13.4016625,199469.09500000003,75226.63500000001,83843.5,13811.162,175.26671000000002,20626.347499999996,199173.32,0.002701452136125,0.002662374966215,20.0
20250818,16.508187613036373,16.638242653508772,15.667281997801485,15.664170833333335,178023.5944736842,37956.85630789474,87048.17605263158,23356.340236842105,1236.169207736842,20375.230605263157,203258.21210526314,0.0029388468971186838,0.003184503727422105,19.916666666666668
20250819,12.744593992523157,12.789327546296297,12.629424950527552,12.644881250000003,211576.01333333337,81670.11,87268.08277777777,14631.715277777777,315.272515,20272.2735,216513.04388888887,0.0026964503884899997,0.0027344352386050002,19.916666666666668
20250820,14.813963373741277,14.883891666666665,14.260892005137654,14.285845833333333,191018.14499999996,54818.055,85491.685,21798.006,735.0806425,20342.949,214677.805,0.00282973580375,0.003061496993005,20.0
20250821,22.24587310216611,22.263172916666665,21.754580682126655,21.67045416666667,175317.965,22747.328,84180.44,32871.165,2310.6573,25722.5075,207604.995,0.00390010120192,0.004516359613740001,20.0
20250822,27.476346283903258,27.455327083333334,24.88723698561371,24.83969375,166617.635,6165.1798,85134.93,36418.676,4325.3245,27004.065000000002,203488.84999999998,0.0045780438362649995,0.0050642752338800005,20.0
20250823,23.929795837491206,23.96258333333333,23.012428426399584,22.971147916666666,160874.615,11696.9085,87452.31999999999,26357.1655,2875.6506,24199.423499999997,197856.995,0.003849696692385,0.004553169936100001,20.0
20250824,18.306575668699047,18.52675208333333,17.55221307318508,17.63253333333333,166245.50166666665,27071.909716666665,87342.28166666666,22299.493,1339.59386,20937.3615,200565.125,0.0030433858558416666,0.00352036180905,19.791666666666668
20250825,15.671820621828042,15.718566666666668,14.998918443060623,15.034472916666667,192937.745,54461.38,87112.66,21230.190499999997,988.4671000000001,21446.872,216706.575,0.0030236857308200004,0.0032503642445,20.0
20250826,22.888525442828684,22.871287500000005,21.734850673849483,21.687489583333335,192143.435,42819.703499999996,85878.47,25588.6325,3543.8364999999994,27009.035,204343.11000000002,0.004397879900669999,0.004441366982079999,20.0
20250827,20.99749992031992,21.031066666666668,20.13371374151826,20.134777083333333,200301.01,54139.67999999999,86150.28,24944.904499999997,4496.853000000001,23560.255,204493.015,0.004205820441515,0.00411720382615,20.0
20250828,27.81217323918004,27.757695833333333,24.517347277671288,24.469372916666668,171488.43,11160.520649999999,87150.48499999999,34480.4445,5600.9965,25491.735500000003,203632.83,0.004769465923675,0.004992536810245,20.0
20250829,26.93405045829353,27.0139375,23.99387220459447,23.93256041666667,172102.035,17633.267,87549.055,30800.639499999997,5543.930050000001,25010.434999999998,205280.815,0.004635404894664999,0.004925481641164999,20.0
20250830,19.25020122712349,19.315914583333335,17.89839368248098,17.875277083333334,178237.15500000003,39846.545,87772.465,22171.408,2284.10285,22117.2125,197368.46,0.0034311010999000004,0.003532578397585,20.0
20250831,28.823505436488784,28.818872916666667,25.069038716871166,25.037750000000003,158933.925,6347.30775,87698.84,29426.031000000003,4650.5386,26418.455,187282.05,0.00458103285128,0.004694980962425001,20.0
20250901,28.162337588574484,28.20510416666667,24.709771685636685,24.72317708333333,166751.615,7924.692,87585.155,32903.61,5612.6569,25377.864999999998,199842.53,0.0046961152750700005,0.00493806328938,20.0
20250902,20.48408464768155,20.516383333333334,18.77294664278915,18.7956,175763.28999999998,31872.774999999998,86971.815,24977.001,2738.7349999999997,22393.441,203993.89,0.0036003501103149997,0.003829566412425,20.0
20250903,16.627115053213423,16.785218750000002,16.068473121664407,16.13167291666667,203179.94,77578.14,81970.075,14706.265000000001,2036.83305,21931.595999999998,211458.685,0.0033782962388849997,0.0033978181962650003,20.0
20250904,17.980468431393675,18.0476875,17.06943752435488,17.07715208333333,191940.925,63103.705,82247.82999999999,16146.921499999999,2670.64105,21326.082000000002,206401.15,0.0034511877426550005,0.00352315153488,20.0
20250905,19.27592890996872,19.3680375,18.101792505469497,18.090197916666664,183828.165,46870.0475,86826.075,18793.875500000002,2692.66835,22050.2515,202296.995,0.00354345864019,0.00366193822797,20.0
20250906,23.025517321469394,23.159797916666665,21.030288596260135,20.991454166666667,157684.51499999998,31678.587,78027.1,16537.948000000004,2856.8126500000003,22602.684,189241.29499999998,0.00363076753146,0.00397979904818,20.0
20250907,22.46682468517899,22.544758333333334,21.085118141590236,21.062860416666663,159354.03999999998,36501.7255,75856.725,16939.728000000003,2971.5604999999996,21963.529,186182.19,0.003580179279555,0.00392567347201,20.0
20250908,30.433213464057648,30.462885416666666,30.830569330039165,30.463216666666664,153460.87,12419.341,74721.815,30686.923499999997,5830.9145,24808.5395,193429.07,0.00467030741509,0.0059635283530799985,20.0
20250909,27.869533694848688,28.031914583333332,26.611945564054842,26.469677083333334,160401.66999999998,22754.775,74113.745,28977.2685,6466.3395,21842.604999999996,193923.61,0.004470319746775,0.005160684552905001,20.0
20250910,20.32524581627451,20.640294736842105,19.413777056476334,19.3461875,172168.615,43586.77539473684,73624.715,24516.864,3191.1172500000002,20756.31,198662.51,0.0034993694217225267,0.0038567896786200003,19.958333333333332
20250911,12.462652367487,12.522375000000002,12.439098094706464,12.49510208333333,224245.265,112706.67499999999,69475.12,15749.7495,1847.593,17955.525500000003,206920.08500000002,0.0027946907827499996,0.00257389923508,20.0
20250912,12.87013946528308,12.908777083333334,12.846089684476699,12.879879166666667,231071.94,123686.29000000001,64778.225000000006,17247.9715,1850.1163000000001,19230.046499999997,209989.7,0.002973928094313524,0.0026975465190163567,20.0
20250913,15.807814317192031,15.859904166666666,15.275557268685015,15.260164583333333,185139.865,68862.38500000001,70429.5,19867.8065,1745.33455,19230.4545,195555.695,0.00292665660863,0.00298722221819,20.0
20250914,18.79771974630689,18.870514583333335,17.77966021270946,17.746604166666668,168848.89,38712.643500000006,75469.065,28164.373,2543.2592,19582.625500000002,189555.27999999997,0.0031739741136950004,0.0033702284699250002,20.0
20250915,12.79335725793935,12.963125,12.763731433370683,12.865241666666668,230173.97499999998,116200.795,69797.47,19566.2535,1497.70145,19848.2625,216331.27,0.0029446978936550003,0.00276119423092,20.0
20250916,14.69506382097828,14.796912061403509,14.440610115212579,14.453736184210527,209806.39236842107,90675.89315789474,69771.8447368421,23027.39789473684,1943.029694736842,19912.664894736845,213274.0202631579,0.0030831183259031583,0.0030798069743242108,19.958333333333332
20250917,22.88788112128728,22.96591666666667,23.70370483680172,23.491052083333333,168347.04499999998,32424.5655,74737.805,32538.002999999997,5980.269200000001,17782.071500000002,199947.72499999998,0.0038531071530799998,0.00473950185619,20.0
20250918,23.60475793841661,23.641506250000003,23.755461549179742,23.810720833333335,160981.41000000003,24468.4097,75801.565,32345.349000000002,6058.8085,17214.715,197830.17500000002,0.0037999272156349997,0.00469954711548,20.0
20250919,24.30929933800915,24.399389583333335,27.429629153900084,27.158270833333333,154844.285,7945.40445,79895.935,36721.678,4758.148499999999,19732.525,196711.52000000002,0.0037641560748450003,0.0053957240439,20.0
20250920,15.351445255368228,15.5830875,15.028179590357242,15.075506249999998,194807.32,61034.969999999994,86012.44,24048.155,3351.9965,16500.8295,192785.29499999998,0.002990573908325,0.0028972120356399998,20.0
20250921,14.759472296165601,15.437177083333333,14.685236663279369,14.811514583333334,190446.02000000002,69912.9945,76022.735,21885.5405,2676.1334500000003,16450.8735,187676.665,0.002810882756105,0.0027560762417,20.0
20250922,11.79116377323714,11.859879999999999,11.780197553105253,11.845473124999998,238924.66,113527.625,80771.9,20662.646999999997,2946.82145,15917.3045,206447.785,0.0028171997955250003,0.0024319956917009996,20.0
20250923,11.438271600731744,11.467943749999998,11.42474181915503,11.452131249999999,244050.35499999998,112580.09999999999,85970.41500000001,21863.9675,2806.8161,15700.998499999998,216284.81,0.0027915142447450005,0.002470998113655,20.0
20250924,13.448116234335028,13.645306249999999,13.289419145123766,13.321660416666665,212199.17500000002,75364.06,84431.73999999999,27878.7045,3984.6972,13979.5255,211624.435,0.00285367917023,0.0028123658180649997,20.0
20250925,14.614583308188221,14.664031249999999,14.329749434704738,14.328931250000002,209616.61000000002,71541.145,84282.88999999998,29614.847,5482.6185,12361.558500000001,208747.10499999998,0.0030634594096250003,0.0029912937098700004,20.0
20250926,19.940659562284893,20.01684583333333,18.686307135256953,18.657385416666667,188348.08,37910.589,85999.04999999999,35301.441000000006,5819.406000000001,17521.111,203848.3,0.00375578494249,0.0038091719428,20.0
20250927,28.79621096388016,28.63757083333333,25.877886827855168,25.8015625,161144.41,6671.695949999999,86503.23999999999,34674.9035,8709.4835,18682.3545,188701.425,0.00464034842601,0.004883194120405,20.0
20250928,17.939014060901,18.250683333333335,17.141256987443327,17.18865625,184397.145,47277.434,85410.465,24586.2805,4403.681500000001,16813.506999999998,193937.52999999997,0.003307902976945,0.0033243330412399998,20.0
20250929,15.824159399786385,15.938125,15.479345149129031,15.491027083333334,218177.99,77515.325,86476.34,26937.446500000002,5263.379,16055.9515,215745.38,0.0034524832912849997,0.0033395972013499997,20.0
20250930,19.504852612909193,19.776820833333332,18.62542445141542,18.667033333333332,212553.215,64391.615000000005,86888.995,31650.936999999998,8416.393499999998,15315.036999999998,217178.225,0.004145819130974999,0.00404503662223,20.0
20251001,25.723215295314066,25.762318750000002,24.73700359555876,24.622195833333336,209246.635,50449.905,86964.87,37191.782,12268.239,17211.87,214464.58000000002,0.0053824962419250005,0.00530521108658,20.0
20251002,18.086284645444554,18.377402083333333,17.699939525337932,17.748458333333332,223871.965,78294.19,87663.755,29585.6935,7818.316999999999,15619.117000000002,221049.685,0.004049012083125,0.003912566056595,20.0
20251003,12.638260090308997,12.687008333333333,12.590029461058041,12.595275,243840.94999999998,103841.18,92284.99,23158.6875,4085.998210526316,15532.9075,233587.65,0.0030817253467680314,0.0029408753952393143,20.0
20251004,11.922859464409056,11.945139583333335,11.908426447825066,11.926847916666667,233925.72499999998,109565.065,82812.39,19209.4625,3718.1605,14070.269,223102.92,0.002789063544285,0.0026568047131150002,20.0
20251005,12.232866849510913,12.428072916666666,12.235774502737161,12.2907875,239639.3,108550.44999999998,87427.31000000001,21816.2935,3784.5024999999996,15094.3125,214064.86,0.0029314756488100003,0.00261924935592,20.0
20251006,36.28566265015435,35.97348541666667,32.23105010488572,31.9257625,192933.555,16575.3425,99527.32,36914.5405,17761.360999999997,19005.46,207878.63,0.007000721890625,0.0067001465392649995,20.0
20251007,18.6271252773112,19.434187500000004,18.516483712500577,18.608875,228939.54,75114.9735,99654.96,26944.639499999997,9067.198,14977.621,209026.715,0.004264485492509999,0.0038704397637749997,20.0
20251008,13.954484962753108,14.190339583333333,13.94170413825429,14.034812500000001,236010.28999999998,89717.29999999999,100516.09,23347.35944736842,4908.9375,15208.4195,212290.84500000003,0.00329340204286,0.0029596961522500003,20.0
20251009,15.868905924207318,16.136287499999998,15.57117426227643,15.667435416666669,225111.04499999998,76025.125,100277.98,23169.419,5881.8225,15867.762499999999,216717.185,0.0035722659956049997,0.0033745410532649996,20.0
20251010,15.078714293613622,15.126972916666666,14.92864236687995,14.958154166666665,241069.025,94574.655,99136.93,20142.652000000002,5337.85,17419.8315,226257.61,0.0036350109530149995,0.0033777189424750004,20.0
20251011,15.140393620418111,15.199399999999999,15.069639361496332,15.10634375,241730.10499999998,107978.98999999999,87587.06,19681.000500000002,5742.565447368421,16879.188000000002,217240.72499999998,0.003659888939605,0.00327373938038,20.0
20251012,13.41667533567115,13.570972916666667,13.426631622927248,13.498377083333333,263104.605,125728.565,90142.84,20979.076,4902.674999999999,17502.738999999998,220704.995,0.003529989064605,0.002963324665205,20.0
20251013,23.6368193413373,24.372175,23.60497890780217,23.889012499999996,242615.07499999998,68224.59,99152.37,40182.595,13207.206999999999,18081.148499999996,222071.21499999997,0.00573464869726,0.005241986346105,20.0
20251014,45.22575631335257,45.04778541666667,41.728170155387566,41.52500833333334,207148.26,14755.067500000001,99505.815,43143.53,26983.9295,19127.8525,212990.66999999998,0.009368436727494999,0.008887710919270002,20.0
20251015,28.668562809588284,29.56073333333333,27.994356562946134,28.14287916666667,239578.79499999998,68033.9665,99544.005,32318.0205,17664.792,18115.4305,222918.135,0.006868379732302975,0.006240449755536962,20.0
20251016,15.116264038775359,15.198489583333334,15.041023170138786,15.081052083333333,264684.58999999997,110159.12999999999,98733.07,27050.690499999997,6305.3060000000005,18369.522,237939.015,0.004001042149435,0.003578846237695,20.0
20251017,42.93772035928908,42.7912375,41.66763539975781,41.48058541666666,223558.14999999997,23991.8255,100814.08499999999,46188.635,27022.642210526315,20551.151,227441.89500000002,0.009599077328740001,0.00947696595549,20.0
20251018,20.453610170519482,21.0291375,19.986905424770903,20.23671875,246168.35,82506.8535,100819.94999999998,29165.801,9739.348,19574.3765,236729.905,0.00503503146722,0.00473149822245,20.0
20251019,13.445980528250844,13.480147916666667,13.429942719122757,13.448670833333333,265291.01,113617.34,100428.25,24360.5905,4478.165,18641.405,234821.91000000003,0.00356709775478,0.0031536448004949994,20.0
20251020,22.982826152992434,23.051368749999998,22.112420355691683,21.983364583333337,229285.655,57754.5955,99769.82,38286.647,11068.7895,18809.7615,234869.98500000002,0.00526963234824,0.005193543837255,20.0
20251021,13.793989699903136,13.8328875,13.812157296317118,13.804347916666666,270125.615,117180.845,99205.285,26697.5375,5362.269499999999,17719.036500000002,241152.69,0.00372610995099,0.00333083888671,20.0
20251022,12.431750161806498,12.440252083333334,12.420087126471424,12.434497916666666,273397.55,133629.345,86589.47,28905.5845,5083.4545,16099.5115,247674.325,0.00339881003645,0.00307613669549,20.0
20251023,19.32986456384627,19.612452083333334,18.71029300864274,18.70943541666667,237508.0,83080.64000000001,93652.275,31134.428,8124.889,18987.5185,238144.46,0.00459099747283,0.004455752624985,20.0
20251024,26.93171033654933,26.814956250000005,23.466658385277665,23.396152083333334,188574.585,22716.239,97302.845,36753.9535,10319.7615,18816.962499999998,226569.48,0.005078636100055,0.005316828587690001,20.0
20251025,16.62996996337134,16.939345833333334,16.20792166769694,16.255477083333332,228676.13,77364.14,99366.565,25057.387499999997,5003.085999999999,19468.856,227722.91,0.00380287717324,0.0036909150872200002,20.0
20251026,15.440938095467777,15.47494572368421,15.38432565709853,15.385751973684208,248376.16,99366.16394736842,92800.02157894737,29046.105736842102,4830.967710526315,20071.06952631579,223603.43315789473,0.00383516091095,0.0034399880337463162,19.166666666666668
20251027,19.52395494758437,19.518158333333336,19.1201721995434,19.090914583333333,241800.02000000002,78401.555,98558.58,33064.524999999994,7730.818499999999,21072.557,233659.04,0.004720892696805,0.00446760108078,20.0
20251028,27.58301994233456,27.588875,24.477950106944306,24.406183333333335,200752.825,25139.0585,98003.615,42216.43,10586.622,21684.2005,229820.56,0.005537369175455001,0.00562553620123,20.0
20251029,37.79617121365156,37.63715416666667,32.64910104099498,32.46466458333334,197068.135,7043.99385,100426.66500000001,46372.045,17530.3485,22638.889000000003,225916.075,0.007448420971215001,0.00737595675946,20.0
20251030,23.575359794171284,23.829626315789472,21.689164250071205,21.807305153508775,217021.37578947368,41870.57018421052,100345.40789473684,41476.26210526316,9382.876973684211,20849.01981578947,237962.78236842106,0.0051163570172628944,0.005161213872192633,19.916666666666668
20251031,31.183605148156506,31.29484791666667,27.55973550390443,27.469541666666668,207462.03,25202.502,100436.89,42633.534999999996,13566.678,23129.256,232134.14500000002,0.006469414026755,0.006397555637625,20.0
20251101,29.12113123783537,29.358758333333338,25.372088052558283,25.432302083333337,193360.245,14478.0789,100509.855,41948.325,10167.4645,23468.3365,223044.57,0.0056308690708250005,0.005659106469685,20.0
20251102,18.347873296686977,18.510560416666667,18.025322311647724,18.06244583333333,248471.285,83659.88,100428.1,32377.109999999997,5713.04,23984.445,230433.9,0.004558919655045,0.0041536453190299995,20.0
20251103,21.04184964307024,21.139170833333335,19.758374569124584,19.778947916666667,223417.205,55434.255000000005,99904.89,35308.823000000004,6458.969,23612.3315,234206.33000000002,0.004701111235285,0.0046275363946,20.0
20251104,14.897503234661691,15.12995,14.701109792687982,14.813004166666667,251773.625,110862.68000000001,88950.395,24936.3825,4877.7455,19310.013000000003,243026.43,0.0037507983928399997,0.0035727582299550005,20.0
20251105,13.58392049027622,13.687493750000002,13.479869648637633,13.53975,244408.345,98035.20999999999,94451.88,28690.4265,4608.87,16130.461500000001,235291.135,0.0033200235256399995,0.0031716938292800003,20.0
20251106,17.20430610207655,17.329910416666667,16.500876970157183,16.486329166666668,226666.85499999998,66702.4,100512.34000000001,32193.654499999997,5846.026,18414.7575,236542.04,0.003899645956615,0.0039031511003099996,20.0
20251107,27.18275268164077,27.08379375,23.797541065719415,23.712395833333332,197083.16499999998,20430.956,101056.225,42825.805,11243.553,19159.7895,229509.19,0.0053572629319099995,0.005461754373985,20.0
20251108,25.786802178295098,25.742402083333335,22.719853833990133,22.681235416666667,194161.47999999998,23911.249499999998,101030.31,37471.858,9640.051,19607.488,223774.05,0.005006803675404999,0.00508411370784,20.0
20251109,19.63375191325788,19.618314583333333,18.44668760103635,18.429135416666668,217225.03,52568.835,101002.885,34537.425,6549.1105,19954.823,229911.07,0.004264942348369999,0.00424109768431,20.0
20251110,42.39401815618985,41.93554583333333,36.872645607928376,36.606397916666666,217029.01499999998,20130.5705,101065.58,45178.07,24152.356,23441.2825,239503.665,0.00920073200233,0.008831133761344999,20.0
20251111,28.482715842182238,29.39214791666667,26.372602247551992,26.454222916666666,236614.94,50457.620500000005,100818.84,43568.229999999996,13551.4755,25341.368,245492.43000000002,0.006739436100035,0.006474274211175001,20.0
20251112,14.291071289148665,14.3284875,14.294573305049802,14.326600000000001,295811.5,141105.125,94927.565,28875.9795,4254.8555,24071.7915,253617.555,0.00422746323465,0.0036253547313949996,20.0
20251113,15.980594386869088,16.104116666666666,15.762809359387784,15.77675625,272386.485,121166.52000000002,94925.23000000001,25056.4035,4632.812,24237.6575,253060.035,0.00435289793325,0.003988937088185001,20.0
20251114,23.195310976150687,23.707575000000002,21.777047927274044,21.676441666666665,254754.52000000002,78405.005,100037.63,38399.6785,11217.4255,23489.656000000003,264328.72,0.00590911031398,0.005756299203995001,20.0
20251115,14.615875337811566,14.655825,14.452091505626466,14.491245833333332,279686.25,128109.32,94918.54000000001,26329.4885,4355.796,22892.445,269503.1,0.0040878593637,0.00389488346225,20.0
20251116,30.28622458936233,31.01907083333333,26.38921427325864,26.325400000000002,212279.6,33403.424,101128.69,36387.79550000001,11451.091,27178.065000000002,244524.82,0.00642914764134,0.00645281787011,20.0
20251117,54.27937413582962,53.85776096491228,43.51449108201331,43.24361217105263,212755.01052631577,6680.537763157895,101187.47157894736,42184.33157894737,30246.197157894734,29686.888421052634,259096.995,0.011548208815630262,0.011274473878303947,19.958333333333332
20251118,58.97321011286216,58.796073355263154,47.71281474987057,47.590796271929825,220267.5452631579,5393.100052631578,101191.61868421052,44948.545,35803.600526315786,29547.094736842104,270025.0621052631,0.012989884227848587,0.012883655766050715,19.958333333333332
20251119,52.376669449724496,52.642179166666665,46.51073391359004,46.45354583333333,254732.4,37056.959,101271.96,44881.47,35825.455,32269.175,279054.65,0.013342034712935,0.0129790365735,20.0
20251120,45.53468848518698,45.49778333333333,43.32223891683004,43.27998125,275770.305,61267.67999999999,101289.165,45092.299999999996,32854.56,32150.35,272643.45499999996,0.01255711493164,0.011811524896619997,20.0
20251121,54.39943271848482,54.303431249999996,47.10389551684251,47.0,237634.13999999998,25691.1145,101290.32,41459.655,34899.63,30956.115,263503.235,0.012927162410545001,0.012412028849789999,20.0
20251122,19.505910338444057,19.76545625,18.802979638440256,18.886979166666666,279420.48,114452.23000000001,100797.64000000001,26405.4145,7948.246999999999,26318.537,282539.75,0.005450350829605,0.005312589166300001,20.0
20251123,28.003028379309804,27.913745833333337,26.40942564941141,26.35490625,245271.64500000002,67329.155,101341.905,34789.33,14551.123,24408.395,248167.605,0.0068683488355750005,0.006553963912839999,20.0
20251124,51.69114015656399,51.44535833333333,45.357869388787215,45.09599791666667,230858.97,26958.3545,101188.55,38562.155,31980.5415,29244.275999999998,249931.375,0.01193336337467,0.011336354663409999,20.0
20251125,51.07981618462893,51.12342083333334,47.46711865311899,47.36872708333333,263551.98,51794.345,100480.695,39960.18,37007.698000000004,30897.44,265589.015,0.013462186693495,0.01260674528797,20.0
20251126,21.546552425859243,21.630768749999998,20.260615828714425,20.347972916666667,279711.2,110267.955,98319.515,31199.068,9801.4515,26735.395,297274.30000000005,0.006026812034900001,0.006022960388050001,20.0
20251127,14.770832916442057,14.887533333333332,14.584192580701759,14.644514583333333,303116.6,148281.61,94790.61,26901.4655,4047.166,26165.260000000002,298362.45,0.0044772846528000005,0.004351375429649999,20.0
20251128,14.750512832303647,14.819727083333333,14.624739636226527,14.65005625,288251.05,141090.21,92307.38,22915.9175,3430.899,26120.98,275560.225,0.00425185081195,0.004029996544725,20.0
20251129,14.904099561661708,14.949320833333333,14.879719249913862,14.915347916666667,279943.6,139286.80000000002,86938.45499999999,22522.3385,3310.6324999999997,25746.4,253224.25,0.004172307286050001,0.00376790574727,20.0
20251130,18.479485599604157,18.675841666666667,17.973567316620088,17.9221625,255779.08,91420.275,98754.32999999999,32032.767,5622.33,25456.510000000002,248812.7,0.00472666582554,0.004472051812679999,20.0
20251201,22.285558573944574,22.412222916666668,21.5142162243777,21.477616666666666,263974.20499999996,87212.28499999999,101381.19,37464.435,10251.748499999998,25256.774,259534.035,0.005882812607537952,0.00558367134657521,20.0
20251202,20.306710519487375,21.334770833333334,19.65873666703124,19.90634375,270656.82,101010.1,101330.69499999999,31627.190000000002,8517.331999999999,25534.5975,265880.02,0.0054961496938650016,0.0052268652982049996,20.0
20251203,15.292862510580887,15.406985648148149,15.19945891917184,15.227040277777776,286024.1111111111,118041.93,101333.60222222222,35926.136666666665,5659.285777777777,22609.75077777778,265334.7055555555,0.004374127405933333,0.004032943956922223,19.916666666666668
20251204,39.382977127947235,39.17144375,37.577354939891045,37.30474375,259091.305,55201.74500000001,101405.47,46215.020000000004,25713.5685,28165.559,252601.32,0.010203786938865,0.009492089459925,20.0
20251205,51.14082493111246,50.81383958333333,44.56299100266939,44.25762083333333,223763.26,11404.057,101049.875,48215.119999999995,28570.5135,32259.370000000003,244834.83999999997,0.011443437705675,0.01091057277206,20.0
20251206,20.9283509554426,21.52546458333333,19.98939386287611,20.140195833333333,253210.135,74859.4315,101480.98999999999,40266.815,6795.5855,27578.67,254303.975,0.005299270570755001,0.0050833823171699995,20.0
20251207,18.043674258334608,18.066970833333333,18.010508917205442,17.96924375,290048.25,111588.55000000002,101502.62,40762.145000000004,6726.434,27210.795000000002,256274.515,0.0052335361422000005,0.004615634437660001,20.0
20251208,25.26348543221649,25.24705416666667,23.402255751927964,23.32487708333333,250455.74,66833.44,101502.56,41216.46,10867.2575,27488.1,267063.71499999997,0.006327384938905001,0.00624989336049,20.0
20251209,44.374047240602295,44.19821666666667,37.373542163094356,37.14874583333333,214178.26,13915.295600000001,101452.48000000001,47892.565,17830.909,28575.239999999998,252619.03,0.009503956227150001,0.009441267968904998,20.0
20251210,30.82096521323351,30.923761951754386,26.38593824143745,26.355382565789473,219507.2855263158,31666.515913157895,100729.56631578947,44278.115526315785,12210.781868421052,28063.92131578947,266016.93342105264,0.006765426411257895,0.007019106376424473,19.958333333333332
20251211,31.822113458867978,31.7602875,27.475858726198858,27.37121666666667,220426.005,29613.982999999997,101455.53,45459.255,13306.29,28012.935,261871.09499999997,0.007014421340395001,0.007195133210694999,20.0
20251212,44.32857073527202,44.198697916666674,39.9182828938356,39.72623333333333,265297.66500000004,55598.027500000004,101430.675,42182.675,29165.070999999996,33299.655,282508.10000000003,0.011760266308855,0.0112772382556,20.0
20251213,31.793814196628503,32.879993750000004,28.45576489505002,28.77778125,261950.575,72126.863,101438.16999999998,38149.13,17772.552499999998,29022.760000000002,289192.55000000005,0.00832840791025,0.008229195212199999,20.0
20251214,16.783001173772654,16.928814583333335,16.312036617722626,16.3516875,286354.43000000005,117638.455,101430.79999999999,32063.685,4823.2835,27546.405,289568.80000000005,0.004805886734805,0.00472345686895,20.0
20251215,19.77562600592845,20.02055,18.226789797384935,18.30162291666667,244424.69,72334.715,99753.34,37867.83,5498.6435,26517.43,279912.55,0.0048336512560550006,0.0051019072105,20.0
20251216,27.06987284845178,27.18579067982456,23.891475474422833,23.857038815789476,222802.7713157895,40264.74015789474,101419.82131578948,42496.299999999996,10519.753710526315,25774.526052631576,257406.9644736842,0.006031242689801101,0.006149832178668655,19.916666666666668
20251217,20.283951722177125,20.32174375,18.8322790015599,18.843231250000002,239749.72999999998,64245.58,101458.75,39877.259999999995,5659.4285,26332.925000000003,265760.36,0.004863071948725,0.005004873247075,20.0
20251218,16.034655911485913,16.3358625,15.445549960298859,15.51056875,256114.71,91214.56499999999,101312.45,33447.655,3999.637,23824.099000000002,273606.75,0.00410671124872,0.0042260067266,20.0
20251219,15.889815755089971,15.903739583333333,15.667040881809816,15.678739583333334,274456.69999999995,115030.27500000001,96814.85,30302.338499999998,3742.1745,26351.684999999998,265425.26,0.004361066395750001,0.004158428399485,20.0
20251220,17.603870650772652,17.718439583333332,17.08237456819834,17.069545833333333,251097.90500000003,92792.965,95823.07,29805.525,3817.9105,26643.04,251183.02999999997,0.004420295040300001,0.004290802603635,20.0
20251221,19.27646007181318,19.29211666666667,18.065731975168443,18.086141666666666,227676.88,57885.42,99640.43,37286.97,3628.9925,26722.25,250238.885,0.004388804286595001,0.004520748626175,20.0
20251222,47.60494071486137,46.787395833333335,41.05851501153441,40.579914583333334,233304.67500000002,34512.370500000005,98434.13500000001,47224.94,20273.639,25812.480499999998,261288.07999999996,0.011106455221875,0.010728100555015002,20.0
20251223,22.802667024323732,22.967472916666665,21.08564670604774,21.1756375,257089.845,72217.745,97028.265,48566.05,9447.192,25501.987,278805.65,0.005862334130869999,0.0058787974355499996,20.0
20251224,20.18922476772382,20.592077083333333,19.116309296515077,19.180035416666666,247765.4,80021.575,94601.79999999999,38509.1,7419.8955000000005,23667.0655,258155.285,0.005002191350265,0.00493497627459,20.0
20251225,15.071474714097052,15.091185416666667,15.064294336033306,15.074272916666667,277554.85,130370.97,87894.43,29533.8445,5037.025,22319.224000000002,236244.945,0.00418316090355,0.00355886338688,20.0
20251226,16.635195020357518,16.70874375,16.150017993720056,16.151077083333334,238494.22999999998,87551.71,90605.58499999999,32027.6515,5127.005,20375.341999999997,239908.145,0.00396739802728,0.00387452085859,20.0
20251227,14.600271127783895,14.673014583333332,14.582804041921678,14.603577083333334,266235.625,116376.905,88239.655,34124.985,5156.371,19714.0405,242315.68,0.003887112308875,0.0035336420777249996,20.0
20251228,14.761857681295714,14.78088125,14.482916188319846,14.484552083333332,256011.43,101429.365,94427.70999999999,32214.99,4388.4884999999995,20219.35,262331.455,0.003779204294445,0.0037993244763249996,20.0
20251229,14.123873708719296,14.109618750000001,13.972788217158476,13.952933333333334,292011.45000000007,137325.11,95084.275,28977.1,4523.1535,22578.574,289063.55,0.004124332841300001,0.0040390237654499995,20.0
20251230,24.78545314943208,25.893952083333335,23.397206655275074,23.449404166666667,286428.70499999996,106421.285,100488.42499999999,35930.42,12525.9195,26384.175,299870.4,0.007099265248430001,0.007016129718599999,20.0
20251231,50.23297594353029,50.326637500000004,42.993819133073394,42.97754583333333,265910.38,58728.575,100688.06,39204.715000000004,29920.292,30872.739999999998,306518.45,0.013357469721675,0.01317839880025,20.0
20260101,40.55542975739963,40.73702291666667,34.16206167091239,34.28823333333333,251791.86,63041.135,100531.95000000001,34059.04000000001,18041.228499999997,29787.515,315199.65,0.010211527091715,0.01076786988195,20.0
20260102,36.427216350296774,36.371941666666665,32.109160729445186,32.090414583333335,272940.0,88886.535,90078.33000000002,39668.090000000004,18691.084000000003,29666.785,316692.75,0.009942444430650002,0.0101687384116,20.0
20260103,41.368070294317086,41.286737499999994,36.378419493492046,36.318427083333326,274977.065,81314.45,95456.36499999999,38328.255000000005,23280.608500000002,30697.385000000002,308322.9,0.011375270554244999,0.01121629979565,20.0
20260104,53.89171811592952,54.52078333333333,47.975745401444456,47.869981249999995,286854.45,68666.29000000001,101454.045,41222.055,34951.7715,33815.380000000005,314563.44999999995,0.015459079159699999,0.015091415989800001,20.0
20260105,69.98652108269457,69.96477499999999,59.02929779944272,59.009591666666665,273338.4,36114.748999999996,100087.11,46140.265,49834.880000000005,34184.24,323799.80000000005,0.01913000369431,0.019113674821599997,20.0
20260106,62.205201437266766,62.53224375,53.99891629588521,53.99258749999999,277825.94999999995,45539.1675,101465.13999999998,46739.854999999996,43850.0155,33836.64,311908.8,0.017282219184250002,0.016842737183150002,20.0
20260107,48.195045160437715,48.15466041666667,42.01298038530223,41.949783333333336,288677.45,69755.60500000001,101598.97,46765.850000000006,33694.445999999996,30915.769999999997,323525.25,0.013912822739550001,0.0135922599824,20.0
20260108,41.11559929985018,41.280679166666665,36.20005827732796,36.26031458333333,315589.6,113640.955,101569.62,38620.42,28118.725000000002,26648.58,353909.5,0.0129756555368,0.012811544524900001,20.0
20260109,50.36446729833677,50.64057225877193,44.099385664841435,44.06309166666667,310090.80000000005,98148.98499999999,101566.105,37883.07950000001,35578.343,29522.775,354410.44999999995,0.015617557956115089,0.0156292831182,19.958333333333332
20260110,38.811857046980826,38.774935416666665,37.84321396029938,37.81208333333333,349557.5,147621.78999999998,101177.0,31732.576500000003,28572.2065,34040.215,338951.9,0.013566975719700001,0.01282702927395,20.0
20260111,44.253794096777355,44.63244375,42.59577573591728,42.56186041666667,320828.15,108650.68,101608.60500000001,36038.46,33512.064999999995,35556.875,310620.85,0.01419786289055,0.0132311360655,20.0
20260112,54.38796490922966,54.36938125,50.475409346004085,50.40742083333333,308782.05,78678.33,101380.69,43546.06,44395.619999999995,34942.7,314214.5,0.016794027299999997,0.01586010550995,20.0
20260113,60.941977819300824,60.774795833333336,50.760825495898,50.658029166666665,262817.91,31434.871,101616.85,48052.065,43655.099,32756.045,306020.6,0.016016643241734997,0.015533858274750002,20.0
20260114,37.01429319412177,37.38885208333333,32.75561761190995,32.746270833333334,281328.645,73695.355,101619.4,45215.675,22111.675000000003,33839.435,314251.55000000005,0.010413180949935,0.010293503605750001,20.0
20260115,35.72708763520715,35.829987499999994,32.647776657990164,32.5483375,289337.60000000003,84883.13,101613.33499999999,43631.025,24041.841999999997,30714.019999999997,306310.55,0.010337189791360512,0.01000035842438613,20.0
20260116,23.16629219589879,23.411744627192984,22.050839047682288,22.12947456140351,298878.07368421054,115501.94842105264,101591.205,38075.68105263158,13199.019184210527,27255.39131578947,305428.0342105263,0.0069238967859157905,0.006734944423026316,19.958333333333332
20260117,22.10321077757918,22.190741666666668,21.222783330746065,21.218064583333334,286530.94999999995,107441.79500000001,101590.995,36310.145,10791.4575,27547.16,290203.14999999997,0.00633325398215,0.006158918574349999,20.0
20260118,50.11470877030963,50.29434166666667,43.555900381389826,43.492129166666665,232407.245,25326.4265,101521.92000000001,41504.19,29774.459000000003,31328.41,255305.71000000002,0.011647021399285,0.01112007007156,20.0
20260119,67.01377534765379,66.7779331140351,55.937835095728474,55.76510679824562,233619.14105263154,6822.356447368422,101466.64605263158,44303.49105263158,44554.896578947366,33078.225526315786,266545.95684210525,0.015655700635412894,0.014910003779266842,19.958333333333332
20260120,69.93684395183736,69.71801469298246,59.38691191914293,59.22405844298245,242810.60605263157,6411.283736842106,101210.85052631579,47825.69210526315,49184.96263157895,33790.938421052626,271931.4210526316,0.01698140746535395,0.0161491673501,19.916666666666668
20260121,70.19924129680338,69.90029221491228,57.31562254299827,57.10395109649122,239094.88552631577,2187.753894736842,101638.51789473684,47300.04473684211,47228.37657894737,35887.01026315789,284235.7631578947,0.016784279561893423,0.016291149714378946,19.916666666666668
20260122,74.94875432818134,74.68746666666668,60.4377051136798,60.25404791666667,242542.98,1142.5439999999999,101663.905,46129.08,50879.06,37682.92,297667.25,0.018178294222045,0.017990325477500003,20.0
20260123,77.33278879263106,77.19306458333334,62.45436456506246,62.34622708333333,246698.045,876.8030185,101643.95999999999,47857.1,52196.725,38508.925,308579.35,0.019077847809539996,0.019272127222150007,20.0
20260124,75.54683515669446,75.49443333333333,60.88596919973672,60.84305625,241264.60499999998,5622.833699999999,101605.39,42532.115,49815.975,36152.455,300057.5,0.018226777343079998,0.01826929170315,20.0
20260125,59.4889838859557,59.50453541666666,50.98762978483263,50.96839583333334,261446.47,38409.441999999995,101620.165,40173.425,39813.595,35829.350000000006,294596.25,0.01555318484087,0.015020764531,20.0
20260126,68.70086995750654,68.58323958333334,57.0801235911796,56.99304791666666,258139.775,21807.7365,101532.9,43393.625,47926.17,37851.759999999995,300637.15,0.017734427113135,0.0171604056781,20.0
20260127,76.19436404290684,76.14663541666667,62.49252197714445,62.373631249999995,251710.91999999998,9197.021280500001,101620.71,44214.625,52250.72,38459.825,299288.19999999995,0.019178953472054998,0.018703274416,20.0
20260128,81.46492313529377,81.39399583333334,66.0253697689487,65.97088541666666,250165.07499999998,3814.982435,101608.43,45081.295,54308.955,38713.825,311370.25,0.02037967860601,0.0205583358913,20.0
20260129,81.72889648314094,81.72542916666667,68.8791224294737,68.83670833333333,255486.355,7439.2129,101606.6,43588.035,55863.05,40387.305,320311.35,0.02088061786065,0.022062764692199997,20.0
20260130,85.44355986845042,85.46521458333335,70.88823707982372,70.87831249999999,256750.34,3800.0420685000004,101579.97,44801.355,57628.73,41663.600000000006,331030.69999999995,0.021937663047035,0.0234661827423,20.0
20260131,63.565311645832715,64.19866041666667,53.63806240258237,53.79797291666667,290747.35000000003,60939.533500000005,101567.6,37390.939999999995,45051.39,38248.755000000005,341763.10000000003,0.018481445912950003,0.0183315104847,20.0
20260201,47.441839938544256,47.47041875,42.642535917278984,42.623472916666664,322573.6,109159.435,101538.025,33913.545,33550.745,37181.615,346862.30000000005,0.015303485099599999,0.014791088086100001,20.0
20260202,79.26047594001699,79.37688333333334,67.06812717613873,67.02675833333333,273820.85,24270.9355,100839.425,43233.354999999996,55262.995,42493.22,341881.35000000003,0.0217031708933,0.02292934186095,20.0
20260203,76.78863289274511,77.00746875,63.130457017009995,63.19839791666667,273600.15,27837.64,101131.385,40005.405,54741.56,42967.335,336008.5,0.02100938147775,0.021212370166600002,20.0
20260204,77.03279326510823,77.19530416666667,62.431309681995145,62.47525208333334,263723.02,19011.207000000002,101583.12,41446.36,52757.67,42212.365,329856.6,0.02031532087891,0.02059337954525,20.0
20260205,64.52316401923177,64.94734583333333,55.26200139465244,55.37253333333333,291351.19999999995,53583.576,101574.84,42015.745,48161.51,39118.69499999999,336212.8,0.018798901264799998,0.0185797922225,20.0
20260206,75.07293076937177,75.14105625,62.59417015613334,62.590425,278230.9,30024.3615,101147.235,43867.08,54441.575,41527.665,330329.85,0.0208876090936,0.020676722838550002,20.0
20260207,76.24161074346507,76.33035416666665,61.884950176109584,61.906575000000004,260519.3,15885.772,101604.67000000001,42792.729999999996,52733.925,41121.020000000004,317316.64999999997,0.01986241106176,0.0196371250753,20.0
20260208,67.40652394607689,67.50323125,55.55405397603565,55.586918749999995,256416.94999999998,26793.749000000003,101613.74,38790.91,43912.215,38995.74,313352.95,0.017284175280355,0.01740802669785,20.0
20260209,72.4454985395607,72.58983333333333,61.19863171219187,61.20006458333334,264661.805,16206.665,101628.23500000002,47177.71,52891.225000000006,41320.0,304703.0,0.019173556407605,0.018647406678599997,20.0
20260210,79.56986366981877,79.58364375000001,65.5660571768058,65.56521666666667,254669.47,2406.3084,101587.755,47543.685000000005,56311.365000000005,40974.21000000001,298896.55000000005,0.020264015008765002,0.019597468287249998,20.0
20260211,76.46775845832632,76.506275,62.86127478681134,62.904670833333334,255579.15999999997,9326.9575,100804.59,45633.52,53093.49,40283.51,300869.65,0.01954356547386193,0.018913049743661755,20.0
20260212,80.03522621286322,80.02772499999999,65.58053197827657,65.53563125,259660.875,7133.789479499999,101510.17499999999,47585.755000000005,53991.35999999999,41692.93,312252.6,0.020782016869254998,0.020477691619600003,20.0
20260213,78.14479629588561,78.37646041666666,65.15916205709209,65.18393541666667,265819.275,19616.875,101583.5,42885.135,54330.085,39502.035,329959.94999999995,0.020772393096395,0.0214999138544,20.0
20260214,59.14763529857713,59.22651666666667,52.03215381015553,52.06547291666667,296394.1,67331.495,101588.48999999999,39629.515,45395.22,34921.365000000005,329716.19999999995,0.017531010131449996,0.0171558440321,20.0
20260215,54.14051562572726,54.54701875000001,45.66975370670177,45.78385208333333,269633.85,53322.8875,101600.215,37364.365000000005,36272.0695,34441.145000000004,314615.95,0.01459811566915,0.0143684329487,20.0
20260216,40.091510986006284,40.2768264254386,34.050533383929405,34.06733914473684,270411.8289473684,65660.29736842104,101596.40763157894,35538.255526315785,26280.08557894737,35229.51947368421,318667.70789473684,0.010841218810989473,0.01085080542605,19.958333333333332
20260217,37.812397482591685,37.73869046052632,34.40877428790068,34.34872905701754,298283.7947368421,90014.2002631579,101368.89368421052,35818.31578947369,29109.835236842104,35494.38868421053,317871.83157894737,0.011278825409205263,0.01093758010528158,19.916666666666668
20260218,47.751170578141895,47.85469791666666,45.85171374862426,45.839493749999995,316485.45,87766.4,99571.11,41826.61,44348.259999999995,36118.015,308288.3,0.015112550708449999,0.014135546883650001,20.0
20260219,67.39205269707784,67.51616458333334,55.90356134045195,55.85371041666667,259586.5,16574.89105,101396.22,44854.535,52645.615,36589.715,308730.2,0.017494067087449997,0.017259117673349998,20.0
20260220,44.87074873022984,46.40425416666667,38.50779783024573,38.708677083333335,282610.19999999995,66672.9425,101621.32,39314.64,32899.2285,34558.255,328640.89999999997,0.0126809312728,0.012655237335950002,20.0
20260221,26.480156649616564,27.335572916666667,24.975069878581373,25.004920833333333,277813.575,91136.07500000001,101618.79499999998,33303.549999999996,14709.753999999999,32557.989999999998,297635.55,0.00735654698539,0.0074334686596,20.0
20260222,32.9290647768642,32.900866666666666,28.855316445831992,28.76725,254359.565,61550.869999999995,101616.945,35221.145,19191.7295,30548.629999999997,286869.94999999995,0.0083758225925,0.008277723186049999,20.0
20260223,63.698621786496105,63.60708333333333,51.915122336406846,51.897118750000004,245570.925,14796.179,101529.84368421053,39558.380000000005,46076.995,36662.415,299398.19999999995,0.015642529473335,0.015543294180300002,20.0
20260224,63.79764331877151,63.83257291666666,52.93203813550095,52.91400625,255613.62,19670.3385,101610.165,40856.399999999994,48568.94,37886.625,298502.7,0.01630754655618,0.01580035629995,20.0
20260225,43.78333067332902,46.507660416666674,38.62872361807373,39.153656250000004,281718.215,68205.56700000001,101556.73000000001,36165.104999999996,32078.886,36485.86,315613.8,0.012334561764045,0.012191758250249998,20.0
20260226,25.916188257322432,26.142950000000003,24.03365711318199,24.040852083333334,285141.1,98150.405,101595.35,34472.525,15660.9995,31225.4,297603.44999999995,0.0073897704275,0.007152499273,20.0
20260227,36.8283802596166,36.850370833333336,30.394109486970155,30.353314583333333,227724.655,34298.6235,101609.76,36180.745,19685.613,32362.17,276580.4,0.00838673018883,0.008406414959550001,20.0
20260228,45.52199041755627,45.35949166666666,38.53400862277846,38.46248958333334,213757.06,9783.873,101627.16500000001,39264.175,25037.984,33687.75,252763.655,0.009730646837005,0.009739996861295,20.0
20260301,40.337399753550756,40.34715416666666,34.49986743364204,34.55854166666666,210534.215,16903.510000000002,101609.87421052632,35645.100000000006,19832.788,32944.63,254165.05,0.008492402792255,0.008768660531265,20.0
20260302,47.667786040294416,47.53167500000001,38.56591827712975,38.47056875,220759.885,9745.2518,101590.13,41416.3,27533.9225,35522.485,269813.69999999995,0.01052313496446,0.01040561310425,20.0
20260303,18.99487678784363,19.283283956552705,17.690686556100435,17.7923625,282023.05000000005,111739.0815,101557.9185,28500.8226,8294.5125,27746.949,304652.38,0.005356993086081865,0.005389509763150001,19.625
20260304,18.96324110475197,19.019118012044,17.434081961450115,17.43737786306043,260798.6725921053,90991.29260260946,101344.02280555556,30031.896307017545,7077.7949421052635,26831.680090170277,291663.2081871345,0.004945588108163362,0.005084880276673991,19.583333333333332
20260305,29.851193012342765,29.963668483939628,25.969629856167284,25.97727667824074,221686.5757638889,34673.60925369136,101608.34620175438,38104.85348830409,14441.164882539682,27130.686411592706,270806.2387301588,0.006617608761373195,0.007032737782563096,19.291666666666668
20260306,17.448467838061173,17.703264583333333,16.453979201510343,16.495502083333335,267491.2665,102448.51550000001,101595.87599999999,25836.290399999998,6723.30975,25062.9398,285450.53500000003,0.004667312760487501,0.00469679716595,20.0
20260307,15.939488057112763,16.0064525462963,15.42637772133688,15.452230774853803,266320.7635263158,99673.98410526317,101577.57370760234,29067.98877631579,5669.0506078947365,23843.826866959065,267702.70842105267,0.004245016629588863,0.00412968309712807,19.833333333333332
20260308,18.244274436768066,18.374235416666668,17.536046901158077,17.54841041666667,256384.1445,88474.651,101584.6265,27793.2082,6223.6844,26394.954299999998,257876.255,0.004677542693494,0.004522130102375,20.0
20260309,31.201134093519936,31.459136622807012,28.6199399186847,28.51128399122807,228157.95815789475,44472.65488157894,101603.85981578947,32851.1234,15977.701915789474,28682.91134210526,264672.9278947369,0.007118787046988186,0.007574923294449737,19.833333333333332
20260310,19.50776050482338,19.691649993550055,18.548468898040777,18.575185952729047,257990.1219122807,95520.13449999999,100543.56057585138,21034.541056501548,7407.154507309941,27165.271877708976,268551.988128655,0.005032809510874959,0.004981228199311374,19.833333333333332
20260311,20.70971995773548,20.869853860294118,19.395766939621783,19.384063922930284,248776.21057026144,82351.73072222223,101348.46336764705,23893.008076470585,7160.988825,28430.606544117647,266546.1255147059,0.005152085653056747,0.005169866529142411,19.583333333333332
20260312,15.71391803388243,15.766017737358103,15.533996592357841,15.559577276831783,289991.7734829722,137669.64456965943,96768.15785139319,19317.15780619195,5014.502446130031,27271.23648916409,276576.63756965945,0.004556906959011626,0.004296340545532879,19.833333333333332
20260313,14.369429573100707,14.393360416666667,16.73733709150113,16.6862875,304954.36000000004,156371.17950000003,94889.35399999999,17265.16725,4337.0383999999995,27133.553999999996,273251.06,0.0043820201990299994,0.00457349510183,20.0
20260314,18.32478870367498,18.572397916666667,26.315695709240686,26.284327083333334,251971.21150000003,95868.606,99321.562,19167.201650000003,5139.8691,27813.552,249763.485,0.0046173192101465,0.0065726998705395,20.0
20260315,23.721529428468077,23.841616666666667,29.550005972166712,29.736502083333335,210980.6985,44550.22215,101544.2045,25442.3929,7188.6396,27243.281000000003,233650.2925,0.0050047848483065005,0.0069043675387735,20.0
20260316,17.69917011693261,17.754724999999997,16.605489495298887,16.617622916666665,250129.801,92410.371,100440.011,21334.695349999998,5639.6368999999995,25191.1974,268520.015,0.0044270898992135,0.004458906288359999,20.0
20260317,16.981462388544443,17.039831250000002,16.406456629631673,16.40263333333333,267654.89,106255.37449999999,100148.05350000001,23635.677499999998,4663.58315,28033.4896,272812.70499999996,0.004545171447645,0.004475889812594999,20.0
20260318,14.924261205189277,14.941872916666668,14.89492837098045,14.912214583333332,304611.655,151420.6045,94753.10250000001,20709.287949999998,4223.33585,28765.218,278753.99,0.004546103905365,0.004152020714175001,20.0
20260319,15.426674652747458,15.449797916666666,15.17632748674817,15.191218749999999,286182.93,134812.4125,94967.1005,18644.69865,4232.010549999999,27384.165,274326.23,0.00441485095228,0.0041632647046849994,20.0
20260320,19.543390299680777,19.867508333333333,19.108786757956093,19.174339583333335,258066.3525,88070.191,101482.67550000001,26142.8776,7378.3853,27217.931,264004.87899999996,0.0050434914501225,0.005044812935871,20.0
20260321,14.899180141153273,14.93653125,15.17953376592463,15.197391666666666,284798.91500000004,125953.9905,99084.7305,22741.0132,4201.5216,26426.691,253127.60849999997,0.00424327033859,0.0038423590803135,20.0
20260322,16.633767061232902,16.950950000000002,22.095836668164363,22.203608333333335,257408.70549999998,106108.795,94774.958,18843.424849999996,3969.6871,27169.904499999997,246621.09100000001,0.004281676446820501,0.0054492993456605006,20.0
20260323,15.258126058899137,15.303943750000002,15.205450893905503,15.199916666666667,288930.375,135256.7965,95006.673,20311.95345,4167.45025,27821.817,265870.105,0.0044085360839949995,0.004042674825735,20.0
20260324,14.007689700622597,14.085637499999999,15.505280995081414,15.561662500000002,296425.345,135696.963,101261.1805,22201.735399999998,4177.041749999999,25463.7345,265653.43999999994,0.00415223425216,0.0041190312345099995,20.0
20260325,16.12055947942892,16.288999999999998,19.145046198304364,19.04371458333333,277130.64499999996,125587.9385,92896.2285,23340.27,5320.9195500000005,25999.428,260651.5475263158,0.004467501046295,0.004990185919050842,20.0
20260326,13.077223338701495,13.083575000000002,13.07091704974848,13.080914583333334,312636.545,158308.261,94913.0105,23757.72745,3883.87945,25564.038650000002,264761.54799999995,0.004088417922805,0.003460676231871,20.0
20260327,17.48327953189392,17.548754166666665,18.857978143269463,18.853681249999998,230470.70799999998,62075.84999999999,101484.7605,31408.019500000002,5209.626749999999,22799.3308,255388.9975,0.0040293838118775,0.004816120132886499,20.0
20260328,13.582627220902568,13.628816666666665,13.512018043939706,13.516220833333334,281625.085,116833.53450000001,100324.4395,29462.416950000003,3560.3392999999996,24195.1289,255334.20500000002,0.00382520854561,0.003450080385195,20.0
20260329,16.009301635350035,16.09904375,15.777178425078873,15.797579166666665,239451.12199999997,75857.3395,101353.72949999999,28437.823149999997,3281.9915499999997,24768.689,251090.73950000003,0.003833445239021,0.0039615033979765,20.0
20260330,17.46270758653799,17.509241203703706,16.639185444116464,16.66639074074074,257449.06633333332,87378.94788888888,101262.66777777778,29523.793466666666,4729.489711111111,27539.93833333333,267071.5355555556,0.004495757763806222,0.0044438528069538335,19.833333333333332
20260331,31.30186258017143,31.37527916666667,26.551251995126137,26.505554166666666,209520.4695,23339.20235,98304.4755,38557.936,13225.537499999999,28777.891499999998,245546.5685,0.006558380944022,0.006519568816782001,20.0
20260401,13.664867576755787,14.086956771729158,13.48981623871892,13.549557904770095,282579.23124613,118390.70596594427,101021.01576883384,27602.04589387685,2889.6451199690405,25372.840120399036,266012.5099638803,0.003861407774919818,0.0035884598766131306,19.583333333333332
20260402,25.888354697302223,26.15910247319688,26.96712579343502,26.803543019005847,207232.97002923978,29921.44872105263,100993.55381871345,33949.991463157894,8683.917721052632,27481.023573099417,251397.95944736843,0.00536492063309236,0.00677948039663006,19.875
20260403,26.493887375444462,26.478983141268202,25.117632893815784,25.05591338364293,186305.27038055926,12231.670795665636,100904.26186622807,30381.150249019607,6170.394275851393,28544.366153250776,241017.17243402623,0.004935950850914266,0.006053780858303368,18.75
20260404,20.667738401717866,20.70717395510836,19.18965690061449,19.18531002859477,199442.98298214286,33361.63400196079,100640.45444736842,28783.333428947368,3025.309554761905,27558.79639473684,253587.8834761905,0.004122035398333197,0.004866264478061102,19.833333333333332
20260405,17.998398964451265,18.692844627192983,18.523770452453135,18.548952521929824,216820.29218421053,61377.17527631579,93286.79284210526,26975.622486842105,2866.448397368421,26075.778315789474,249039.72489473684,0.0039024181223203157,0.004613154697492184,19.958333333333332
20260406,19.228710405214553,19.385835416666666,18.607011491576305,18.61680625,203172.87449999998,61184.5175,82167.659,26121.94235,3140.26155,25632.816,253047.443,0.0039067523659555,0.004708456679815,20.0
20260407,16.837550714511313,16.909283333333335,15.994216308352737,16.0028,244202.432,96157.802,82713.2425,28835.4905,3769.0465,25847.546,260924.2005,0.004111770833407,0.004173278102881,20.0
20260408,24.233967872714263,24.468518749999998,28.94746046520741,28.937702083333335,225572.99300000002,62607.6195,82631.01750000002,33623.118500000004,9591.24195,26468.334000000003,252145.59999999998,0.005466528665314,0.007298974787476,20.0
20260409,28.735931095414077,29.51885833333333,33.37768086760673,33.63816666666667,219264.4045,50425.58685,82425.32949999999,35350.544499999996,13223.133000000002,26811.462850000004,253892.38199999998,0.006300766819389,0.008474338901112499,20.0
20260410,31.677038956081564,32.24284166666666,36.49843335751802,36.76490416666667,207428.524,38627.407699999996,82246.71549999999,34236.657999999996,14341.822499999998,27127.0784,243858.137,0.0065707214353505,0.008900439961983,20.0
20260411,32.58131113132028,32.55043125,38.03740862716883,37.94600833333333,184591.16700000002,16755.39155,82162.68885964912,35050.115552631585,10707.78005,29177.11,227712.50199999998,0.0060142222441205,0.008661593488088998,20.0
20260412,30.30370988976607,30.30270075321064,30.0985994153672,30.079601167850182,184410.97198092658,21595.36872997076,81942.87740919701,32738.780904024767,9373.68754165561,28112.821310629515,217745.35649284977,0.005588336595399778,0.00655383025963461,18.416666666666668
20260413,33.65602388524218,33.62857748538011,34.817443225265464,34.69041394675926,184285.30476388888,14096.523228465772,80668.98393567251,38543.514973684214,12046.236747953217,28310.951649122806,220500.86186122784,0.006202310618832579,0.007677276238975403,19.791666666666668
20260414,29.28371221383219,29.2802125,34.13639752543467,33.941892982456146,181632.69397368422,21394.109113157894,80587.71878947369,34186.49731578947,9076.02519736842,26275.536500000002,222479.21065789476,0.00531887953894842,0.007594638776162816,19.916666666666668
20260415,33.21572099141342,33.06120625,36.86039219750329,36.600233333333335,179301.78999999998,13433.72535,80255.35450000002,38606.2285,12292.626349999999,25657.3423,214703.724,0.005955638229901,0.0079140634729045,20.0
20260416,28.773001286162764,29.436488291910333,27.408192507985984,27.392986208577,206878.70289766084,42789.92787748538,81107.70158771929,35190.505365497076,11827.418542690059,26425.026388888888,220761.84369883043,0.005952521184554079,0.0060506831105154564,19.875
20260417,25.334503863308505,25.47956458333333,25.828064325694534,25.747712500000002,211768.2935,43155.265799999994,90186.1635,32114.3545,9320.65865,26443.002099999998,221356.3585,0.005365044649801999,0.0057172062662395,20.0
20260418,23.358784598324608,23.564802083333333,29.506160055919104,29.45336875,210940.915,38602.1394,98819.818,30490.947500000002,7122.9401,26790.767,218358.2975,0.0049273233964585,0.006442914875573,20.0
20260419,26.729793803397627,26.991383333333335,31.206219844946343,31.11305,192648.766,25451.44905,88500.3705,32807.011,8091.5951000000005,26862.507,213936.653,0.005149461791659,0.006676154226409999,20.0
20260420,31.03559553416936,31.13938541666667,41.09496848871605,40.582481249999994,177241.04750000002,17444.0766,79292.1495,32748.364500000003,9966.681550000001,26359.08,220781.007,0.0055007814622625,0.009072988525571998,20.0
20260421,24.019355860872754,24.60304375,28.750225807076255,28.70784375,196693.3635,45942.53405,77444.2685,30119.6155,6515.8064,25880.012499999997,220487.6385,0.0047244478933785,0.006339069394544,20.0
20260422,15.35635759714938,15.418275,14.991242215536845,15.019645833333334,239784.68550000002,108839.2345,68504.5995,27411.185550000002,3337.15075,23284.829700000002,236139.887,0.003682219376858,0.0035400302427665,20.0
20260423,18.771181816279835,18.958910416666665,24.16245765085727,23.870514583333335,207367.4455,61386.27095,76824.7735,31374.2155,4119.23395,23227.2516,242542.9085,0.003892532022258,0.005860432755147,20.0
20260424,19.078567966483188,19.5771375,17.71800075193686,17.76040625,214064.033,64494.450450000004,78543.2675,30959.224499999997,4463.00515,24692.3476,241600.7375,0.00408403520277,0.0042806820486935,20.0
20260425,15.930622016588284,16.11370416666667,16.815405395135457,16.824306250000003,226844.6335,93089.0595,71875.8285,28447.667,2990.44445,23480.01545,245227.374,0.00361377611278,0.004123597707794501,20.0
20260426,15.94341907015756,15.984320833333333,16.07930419124074,16.074466666666666,230490.3505,93239.77350000001,72291.6865,28184.165999999997,3076.5960999999998,23815.37375,244910.055,0.0036748042496490005,0.0039379832738385,20.0
20260427,14.74215137191777,14.867872916666665,15.590209663158786,15.584095833333334,250034.6105,109391.51,77980.13199999998,25770.13955,4012.8142499999994,21967.960099999997,253439.13450000001,0.0036860480762095004,0.003951169243704499,20.0
20260428,13.43386724865189,13.76083322368421,14.2732417298518,14.370941666666667,264208.478,124058.99494736842,79977.4625,25544.751534210525,4790.32235,19696.46055,251271.525,0.0035493416194203632,0.0035864592161535002,19.958333333333332
20260429,24.706564820637244,24.75128958333333,21.35114531146832,21.38838125,191828.398,39155.106850000004,79961.8745,29979.34145,8505.1734,21678.41505,233363.68349999998,0.0047394207496259996,0.0049825819168280005,20.0
20260430,24.14663375543618,24.19192083333333,20.727696668639503,20.7146125,188480.287,38860.17635,79919.48849999999,29421.146050000003,6782.79365,24042.305549999997,226021.23100000003,0.0045511644603084996,0.004684899516840499,20.0
20260501,18.838697120165502,18.89408333333333,22.614701890560085,22.5815875,199088.64549999998,57690.8055,79518.7135,22495.1221,2879.1485000000002,24940.441749999998,213733.1965,0.0037505706926385003,0.004833512522964,20.0
20260502,20.735518887298237,20.767937500000002,28.191648432814304,28.041447916666666,189052.8865,51181.688500000004,74773.9275,22540.218049999996,2809.9981,26428.8735,206971.293,0.003920109698719,0.005834861927941,20.0
20260503,23.646826032900616,23.81256666666667,29.187630758215295,29.044756250000002,179377.10700000002,32147.831349999997,78635.26699999999,27185.16145,4121.1288,26660.322500000002,196480.90899999999,0.004241699243514,0.0057348122229305,20.0
20260504,25.425236670347182,25.544214583333332,22.783465292319303,22.730933333333336,175805.254,30364.6132,79373.7885,26447.76975,5962.05015,25182.72145,213862.38150000002,0.0044698901908405,0.004872526146238,20.0
20260505,18.56048583707874,18.628527083333335,20.74400060555385,20.575410416666667,223840.4205,80928.677,79840.964,23887.2571,4620.57425,23941.314150000002,226756.0515,0.0041545869544559995,0.0047038276696290005,20.0
20260506,24.388136963656734,25.139274999999998,24.24819251629481,24.393185416666665,213000.0775,59326.44015,79615.913,27565.453849999998,9259.59895,25047.8039,221135.88900000002,0.0051946750633395,0.005362145608734,20.0
20260507,31.456102771173935,31.553291666666667,27.86177272532774,27.92809791666667,190174.674,29315.9494,79775.223,31685.6351,13947.263599999998,22755.2852,213439.023,0.0059821540898185,0.005946789549542,20.0
20260508,30.7828735812168,30.817722916666664,36.75543795127342,36.27913125,173697.0365,16192.2032,79516.58850000001,28683.745499999997,9869.97385,25297.675949999997,214396.90600000002,0.0053468939160115,0.007880252175428001,20.0
20260509,18.958838170373607,19.083814583333332,21.108224045542386,21.00915,198443.4755,54220.788349999995,79815.35399999999,25218.4485,4667.8668,21760.2829,212592.4555,0.003762257737971,0.0044874491810860005,20.0
20260510,17.054325425463762,17.258289583333333,17.24086584472213,17.269949999999998,228887.5005,83670.1715,79787.8805,26032.89995,5468.189899999999,21508.100899999998,204887.3845,0.0039035219193479997,0.0035324359094405,20.0
20260511,25.447765598957623,25.875745833333337,31.288308061425663,30.877733333333335,191166.77999999997,40526.76145,79735.4505,27978.76755,7918.23845,24938.1538,211983.509,0.0048647674077475,0.006632605333534,20.0
20260512,25.122843587734476,25.208004166666665,24.522544431172026,24.39560416666667,181171.038,32609.7243,79705.793,32743.24995,8750.73595,20514.6653,210705.4985,0.0045515316503014994,0.0051670349488585005,20.0
20260513,19.94829080125404,20.343654166666667,18.688898899074246,18.659654166666666,212344.227,65261.5205,79690.5495,31624.786500000002,6497.218650000001,21999.7333,216009.9805,0.0042359043901635,0.0040369886867555,20.0
20260514,16.211272909391422,16.549245833333334,16.266957940108007,16.29216875,228998.00799999997,84153.7875,78747.7935,30652.9855,3715.0848,22977.08065,224204.30849999998,0.003712349203395,0.0036471220563605,20.0
20260515,22.672112414609575,23.018205482456143,24.127626962494084,24.00687127192982,186018.67207894736,30398.340115789473,79767.69149999999,34057.234473684206,5305.711692105264,24400.554942105264,205012.3261842105,0.00421743624459029,0.004946460928885789,19.958333333333332
20260516,22.85037579063504,22.9563,26.9251161022939,26.607752083333335,183745.72850000003,32721.33965,79808.47899999999,33532.125499999995,5025.1403,24740.5325,197876.1765,0.004198658946149,0.0053278390261404995,20.0
20260517,19.47766169483503,19.506362499999998,19.640805045549264,19.6159125,203628.20799999998,51677.5745,79738.087,31689.613000000005,3870.00785,24931.67805,199049.01299999998,0.0039662013469495,0.003909482858842001,20.0
20260518,23.89849973560776,24.191570833333333,22.165768455348978,22.12505625,191754.87199999997,31246.18185,79775.5275,35115.186499999996,6456.0756,25334.42465,201699.112,0.004582653757793499,0.004470815814241501,20.0
20260519,17.821632587065384,17.99135,17.6473458128019,17.646375,231105.775,80845.001,79721.7245,32448.178,4525.3658,24664.2638,206761.796,0.004118682210799,0.003648796914888,20.0
20260520,15.816787218999936,15.802670833333332,15.14392245860866,15.166310635964912,206759.7665,57895.099111111114,79605.91088235294,33724.939441176466,3231.6809444444443,20138.77378235294,202248.2832222222,0.003270275232180611,0.003062832318504056,19.916666666666668
20260521,17.377350398042296,17.62246875,15.800659407283074,15.821797916666668,177194.0465,26826.361200000003,79631.981,36557.9605,3873.821,17771.7864,203166.3085,0.0030791630344775,0.0032101616436435005,20.0
20260522,18.8690988096998,18.89456862745098,17.219005212691666,17.152457475490195,158870.7452647059,12827.594170588234,79645.40075,35634.9755,3119.4399470588237,18482.332875,209094.32302941175,0.0029977477903703822,0.0036003962381876762,19.875
20260523,15.472727393275305,15.50479095645568,21.52710715502112,21.121109210526313,180958.09718421052,32871.91137894737,78516.5612412465,34396.60552579365,2012.0730722222222,18925.055715277776,198491.94886842105,0.002799915307337109,0.004272957452699473,19.708333333333332
20260524,15.048818469186015,15.229116026688454,17.159349598106267,17.006295901416124,206002.22693464052,78703.92123284313,64033.689578431375,29820.79440849673,1175.1056751633987,22824.91980130719,202626.9040294118,0.003100090117387467,0.0034769458842226044,19.625
20260525,12.802748145408446,12.826173574561404,14.57523525268341,14.51690975877193,230237.4840263158,98041.00242105263,68243.09060526316,29714.779499999997,870.9841578947369,22054.301310526316,215263.53181578947,0.002947672521621421,0.0031375166175386313,19.958333333333332
20260526,16.73562786931173,16.7885076754386,19.974663334409357,19.670934210526315,192119.99939473683,45569.525026315794,79563.69552631579,30099.546921052628,1422.832657894737,23017.272184210527,213835.2960263158,0.0032152488161227106,0.0042712880471394215,19.958333333333332
20260527,13.920830364433561,13.990244846491228,15.796275591816913,15.731065789473684,229533.08192105262,85468.99628947368,79461.27002631579,29863.34657894737,944.9695894736842,23607.969315789473,226691.51405263157,0.0031952910964486055,0.003580881630301605,19.958333333333332
20260528,11.306360906389617,11.372401425438596,13.363006965545672,13.305366885964913,246659.14321052632,102402.95897368422,79449.95565789474,32618.547526315793,857.8352500000001,20614.704539473685,228216.39331578946,0.0027888172939990524,0.0030496572535306053,19.958333333333332
20260529,14.226716040647855,14.775525328947367,20.52973147512308,20.168286293859648,212424.5748947368,60454.78971842106,79352.0042368421,36178.610499999995,1717.9516184210524,21106.455907894735,216042.02089473684,0.003022104107082754,0.004435284676311877,19.916666666666668
20260530,18.72834025977191,18.886254714912283,25.5670736791339,25.059369956140348,173515.47894736842,21421.520205263158,79348.06234210526,33193.3012631579,2059.7954789473683,22406.93027368421,198887.09094736842,0.003249656930063605,0.0050849609080799735,19.958333333333332
20260531,18.48229834856131,18.516653399122806,18.604043995451242,18.559886513157895,174726.5527368421,26573.242586842105,79258.45297368421,33487.114,2345.953368421053,21703.373478947367,192658.97765789472,0.0032293482770979474,0.0035842360964661317,19.958333333333332
20260601,23.74699338604907,23.743529166666665,21.290587380591973,21.2298625,181292.54549999998,20834.254050000003,79203.777,39923.6935,6420.88145,23112.9315,202707.3215,0.004305152878928499,0.0043157579410815,20.0
20260602,20.19450869992721,20.203182017543856,24.038699014445974,23.67304923245614,174350.4575263158,19630.58571873065,79127.22221052632,38822.32160526316,3359.2686973684213,22120.428668421053,200334.85357894737,0.0035209218313514735,0.004815789247287421,19.916666666666668
20260603,19.403460729292497,19.415111430921055,29.24827168347671,28.566670942982455,165462.29706656345,16397.48027708978,79147.07898026315,34899.894932894735,2884.2160266253873,20330.84601973684,202944.50424458203,0.003210541183309593,0.005935775996814027,19.791666666666668
20260604,14.615099579446916,14.721129166666666,18.734041924965585,18.36346875,187950.828,46770.8425,79115.75649999999,29058.48015,2199.5766999999996,17900.968549999998,208509.068,0.0027469200672595,0.0039062176216475,20.0
20260605,12.875989060851342,13.12089583333333,12.699233123148282,12.811429166666668,217457.6445,74264.05163157894,78882.43039473685,33195.23239473684,2502.9237000000003,17724.929134210528,205872.6315,0.0027999822517805,0.0026144245410945,20.0
20260606,15.868586149646227,16.317389473684212,21.157697783208917,20.825428728070175,177255.16492105264,41949.61778157894,78827.59981578948,28501.206707894737,2139.1491631578947,18739.17287105263,190985.0085263158,0.0028127888550194733,0.004040803091523368,19.958333333333332
20260607,12.028923676544405,12.060184531948744,21.822817543815283,21.29768653107442,215235.90322144824,79382.11013132095,78796.14330336258,24524.353433479533,1302.5067991916064,18447.10951001462,198607.05745411938,0.0025890562523028992,0.004334165577735286,19.416666666666668
20260608,18.563499915059328,18.886510229618164,17.361581185852106,17.343573761609907,180756.49051702785,25149.741752631577,78781.18029308566,36071.30298280013,2383.79217244582,22743.374962366703,200343.14905263158,0.003355473096359269,0.0034782738473065327,19.75
20260609,19.28818696030586,19.466294517543858,21.249014138277257,20.910962609649122,160669.69892105262,18422.367386842106,78766.51728947369,30139.81853157895,2138.9131210526316,20453.34061578947,202215.41707894736,0.003099027191645316,0.0042968782564881845,19.916666666666668
20260610,11.848482423494389,11.979185416666667,12.733149150578376,12.696929166666665,209497.44400000002,78051.85399999999,78657.5405,22420.12485,1322.5478,17376.57865,211283.23700000002,0.002482226783001,0.002690300969738,20.0
20260611,12.948934989584542,13.131863236010778,13.9498609651782,13.945031438481825,180984.52473563812,37580.232980804954,78757.27380753354,33927.79699312865,1425.305157739938,16176.087649552805,202040.63917303062,0.0023435568449226333,0.0028184388257795133,19.708333333333332
20260612,10.147085617764585,10.186990623029182,10.110495988911525,10.138055101909185,201883.6035116099,71875.18382791537,78671.24617831956,26019.322686592706,576.4948417956657,15311.339545472136,210839.74379527866,0.0020485302096551446,0.0021316943839452982,19.208333333333332
20260613,11.786891569144768,12.072883174951267,12.868202569843005,12.74104387183236,173086.85520467834,40318.15646578947,78334.92263450293,27311.442551461987,477.54318684210523,15454.764561988304,198774.89411403507,0.0020401559943418043,0.0025578756032584972,19.75
20260614,12.01945281626307,12.376552083333332,13.795853196459554,13.647839583333331,190532.6355,68815.12305,72106.244,21328.484900000003,479.50609999999995,17471.80775,199701.8935,0.0022900980223505003,0.0027550580057810006,20.0
20260615,13.630667286086245,13.66652175925926,13.209694336239934,13.193708479532162,175240.84693859649,36502.28187836257,77946.30551754386,29946.653311695907,673.504319005848,17931.46370116959,204946.26533333334,0.002388649679551974,0.0027072775204072604,19.875
20260616,14.112661974077948,14.161950219298246,13.544756470680113,13.52684177631579,190431.36965789474,34566.89417631579,91327.59434210527,32079.671415789475,793.9811500000001,19811.338923684212,201072.9985263158,0.0026874935492425525,0.0027234847978683686,19.958333333333332
20260617,10.140828693762945,10.212790423976609,10.114558722239472,10.17570315545809,249424.6012982456,93428.23288596491,96562.67030409357,31982.665315789476,565.3257377192983,18735.90044239766,205466.69428947367,0.0025293721537756313,0.002078204944855307,19.875
20260618,12.394914134074947,12.455984375,19.059857514384422,18.629471875,141180.573,25764.938349999997,65160.985499999995,24960.265,754.5105,12717.374749999999,134143.38999999998,0.0017499210797344998,0.0025567538998965,19.0
