region,sector,subclass,unit,year,value
Central Finland,Electricity,Housing,GWh,1990,389.5
Central Finland,Electricity,Housing,GWh,2005,586.4
Central Finland,Electricity,Housing,GWh,2006,605.1
Central Finland,Electricity,Housing,GWh,2007,612.4
Central Finland,Electricity,Housing,GWh,2008,539.9
Central Finland,Electricity,Housing,GWh,2009,573.0
Central Finland,Electricity,Housing,GWh,2010,606.7
Central Finland,Electricity,Housing,GWh,2011,576.0
Central Finland,Electricity,Housing,GWh,2012,587.2
Central Finland,Electricity,Housing,GWh,2013,569.3
Central Finland,Electricity,Housing,GWh,2014,566.6
Central Finland,Electricity,Housing,GWh,2015,564.5
Central Finland,Electricity,Housing,GWh,2016,610.1
Central Finland,Electricity,Housing,GWh,2017,611.6
Central Finland,Electricity,Housing,GWh,2018,598.6
Central Finland,Electricity,Housing,GWh,2019,637.0
Central Finland,Electricity,Housing,GWh,2020,613.2
Central Finland,Electricity,Housing,GWh,2021,701.6
Central Finland,Electricity,Housing,GWh,2022,628.5
Central Finland,Electricity,Housing,GWh,2023,666.1
Central Finland,Electricity,Housing,GWh,2024,606.4
Central Finland,Electricity,Agriculture,GWh,1990,23.3
Central Finland,Electricity,Agriculture,GWh,2005,34.0
Central Finland,Electricity,Agriculture,GWh,2006,35.6
Central Finland,Electricity,Agriculture,GWh,2007,37.0
Central Finland,Electricity,Agriculture,GWh,2008,38.6
Central Finland,Electricity,Agriculture,GWh,2009,39.2
Central Finland,Electricity,Agriculture,GWh,2010,39.6
Central Finland,Electricity,Agriculture,GWh,2011,41.2
Central Finland,Electricity,Agriculture,GWh,2012,41.7
Central Finland,Electricity,Agriculture,GWh,2013,31.1
Central Finland,Electricity,Agriculture,GWh,2014,29.1
Central Finland,Electricity,Agriculture,GWh,2015,27.4
Central Finland,Electricity,Agriculture,GWh,2016,34.9
Central Finland,Electricity,Agriculture,GWh,2017,34.8
Central Finland,Electricity,Agriculture,GWh,2018,36.6
Central Finland,Electricity,Agriculture,GWh,2019,38.5
Central Finland,Electricity,Agriculture,GWh,2020,27.6
Central Finland,Electricity,Agriculture,GWh,2021,27.7
Central Finland,Electricity,Agriculture,GWh,2022,26.8
Central Finland,Electricity,Agriculture,GWh,2023,25.3
Central Finland,Electricity,Agriculture,GWh,2024,21.9
Central Finland,Electricity,Services,GWh,1990,385.2
Central Finland,Electricity,Services,GWh,2005,650.9
Central Finland,Electricity,Services,GWh,2006,684.3
Central Finland,Electricity,Services,GWh,2007,694.2
Central Finland,Electricity,Services,GWh,2008,664.9
Central Finland,Electricity,Services,GWh,2009,682.0
Central Finland,Electricity,Services,GWh,2010,726.2
Central Finland,Electricity,Services,GWh,2011,658.0
Central Finland,Electricity,Services,GWh,2012,749.8
Central Finland,Electricity,Services,GWh,2013,731.6
Central Finland,Electricity,Services,GWh,2014,732.6
Central Finland,Electricity,Services,GWh,2015,701.4
Central Finland,Electricity,Services,GWh,2016,744.3
Central Finland,Electricity,Services,GWh,2017,730.1
Central Finland,Electricity,Services,GWh,2018,812.2
Central Finland,Electricity,Services,GWh,2019,751.0
Central Finland,Electricity,Services,GWh,2020,728.1
Central Finland,Electricity,Services,GWh,2021,736.8
Central Finland,Electricity,Services,GWh,2022,742.4
Central Finland,Electricity,Services,GWh,2023,720.1
Central Finland,Electricity,Services,GWh,2024,880.9
Central Finland,Electricity,Industry,GWh,1990,3313.7
Central Finland,Electricity,Industry,GWh,2005,4344.4
Central Finland,Electricity,Industry,GWh,2006,4756.9
Central Finland,Electricity,Industry,GWh,2007,4717.8
Central Finland,Electricity,Industry,GWh,2008,4592.3
Central Finland,Electricity,Industry,GWh,2009,3860.1
Central Finland,Electricity,Industry,GWh,2010,4117.9
Central Finland,Electricity,Industry,GWh,2011,4068.3
Central Finland,Electricity,Industry,GWh,2012,3754.8
Central Finland,Electricity,Industry,GWh,2013,3810.9
Central Finland,Electricity,Industry,GWh,2014,3723.2
Central Finland,Electricity,Industry,GWh,2015,3565.3
Central Finland,Electricity,Industry,GWh,2016,3594.9
Central Finland,Electricity,Industry,GWh,2017,3748.7
Central Finland,Electricity,Industry,GWh,2018,4172.3
Central Finland,Electricity,Industry,GWh,2019,3810.4
Central Finland,Electricity,Industry,GWh,2020,3226.8
Central Finland,Electricity,Industry,GWh,2021,2589.7
Central Finland,Electricity,Industry,GWh,2022,2257.9
Central Finland,Electricity,Industry,GWh,2023,2365.4
Central Finland,Electricity,Industry,GWh,2024,2281.3
Central Finland,Electric heating,Housing,GWh,1990,349.1
Central Finland,Electric heating,Housing,GWh,2005,534.9
Central Finland,Electric heating,Housing,GWh,2006,553.5
Central Finland,Electric heating,Housing,GWh,2007,552.1
Central Finland,Electric heating,Housing,GWh,2008,485.3
Central Finland,Electric heating,Housing,GWh,2009,510.2
Central Finland,Electric heating,Housing,GWh,2010,538.4
Central Finland,Electric heating,Housing,GWh,2011,511.4
Central Finland,Electric heating,Housing,GWh,2012,524.8
Central Finland,Electric heating,Housing,GWh,2013,495.5
Central Finland,Electric heating,Housing,GWh,2014,494.9
Central Finland,Electric heating,Housing,GWh,2015,490.8
Central Finland,Electric heating,Housing,GWh,2016,530.1
Central Finland,Electric heating,Housing,GWh,2017,520.9
Central Finland,Electric heating,Housing,GWh,2018,510.0
Central Finland,Electric heating,Housing,GWh,2019,508.6
Central Finland,Electric heating,Housing,GWh,2020,496.9
Central Finland,Electric heating,Housing,GWh,2021,548.0
Central Finland,Electric heating,Housing,GWh,2022,488.1
Central Finland,Electric heating,Housing,GWh,2023,505.1
Central Finland,Electric heating,Housing,GWh,2024,476.4
Central Finland,Electric heating,Agriculture,GWh,1990,9.1
Central Finland,Electric heating,Agriculture,GWh,2005,12.4
Central Finland,Electric heating,Agriculture,GWh,2006,12.6
Central Finland,Electric heating,Agriculture,GWh,2007,12.9
Central Finland,Electric heating,Agriculture,GWh,2008,12.2
Central Finland,Electric heating,Agriculture,GWh,2009,13.1
Central Finland,Electric heating,Agriculture,GWh,2010,13.5
Central Finland,Electric heating,Agriculture,GWh,2011,13.9
Central Finland,Electric heating,Agriculture,GWh,2012,14.0
Central Finland,Electric heating,Agriculture,GWh,2013,13.9
Central Finland,Electric heating,Agriculture,GWh,2014,13.9
Central Finland,Electric heating,Agriculture,GWh,2015,13.6
Central Finland,Electric heating,Agriculture,GWh,2016,13.6
Central Finland,Electric heating,Agriculture,GWh,2017,13.3
Central Finland,Electric heating,Agriculture,GWh,2018,13.3
Central Finland,Electric heating,Agriculture,GWh,2019,13.1
Central Finland,Electric heating,Agriculture,GWh,2020,13.2
Central Finland,Electric heating,Agriculture,GWh,2021,12.6
Central Finland,Electric heating,Agriculture,GWh,2022,11.9
Central Finland,Electric heating,Agriculture,GWh,2023,12.4
Central Finland,Electric heating,Agriculture,GWh,2024,11.2
Central Finland,Electric heating,Services,GWh,1990,58.7
Central Finland,Electric heating,Services,GWh,2005,69.3
Central Finland,Electric heating,Services,GWh,2006,56.9
Central Finland,Electric heating,Services,GWh,2007,61.7
Central Finland,Electric heating,Services,GWh,2008,62.7
Central Finland,Electric heating,Services,GWh,2009,63.0
Central Finland,Electric heating,Services,GWh,2010,64.6
Central Finland,Electric heating,Services,GWh,2011,66.1
Central Finland,Electric heating,Services,GWh,2012,65.0
Central Finland,Electric heating,Services,GWh,2013,63.9
Central Finland,Electric heating,Services,GWh,2014,63.1
Central Finland,Electric heating,Services,GWh,2015,63.2
Central Finland,Electric heating,Services,GWh,2016,64.0
Central Finland,Electric heating,Services,GWh,2017,63.6
Central Finland,Electric heating,Services,GWh,2018,63.2
Central Finland,Electric heating,Services,GWh,2019,61.1
Central Finland,Electric heating,Services,GWh,2020,56.5
Central Finland,Electric heating,Services,GWh,2021,58.1
Central Finland,Electric heating,Services,GWh,2022,58.9
Central Finland,Electric heating,Services,GWh,2023,60.9
Central Finland,Electric heating,Services,GWh,2024,58.4
Central Finland,District heating,Housing,GWh,1990,494.4
Central Finland,District heating,Housing,GWh,2005,779.4
Central Finland,District heating,Housing,GWh,2006,855.1
Central Finland,District heating,Housing,GWh,2007,878.0
Central Finland,District heating,Housing,GWh,2008,891.2
Central Finland,District heating,Housing,GWh,2009,944.9
Central Finland,District heating,Housing,GWh,2010,1040.3
Central Finland,District heating,Housing,GWh,2011,916.9
Central Finland,District heating,Housing,GWh,2012,1013.9
Central Finland,District heating,Housing,GWh,2013,939.1
Central Finland,District heating,Housing,GWh,2014,955.0
Central Finland,District heating,Housing,GWh,2015,906.5
Central Finland,District heating,Housing,GWh,2016,991.8
Central Finland,District heating,Housing,GWh,2017,970.1
Central Finland,District heating,Housing,GWh,2018,974.5
Central Finland,District heating,Housing,GWh,2019,973.7
Central Finland,District heating,Housing,GWh,2020,915.1
Central Finland,District heating,Housing,GWh,2021,1047.2
Central Finland,District heating,Housing,GWh,2022,978.2
Central Finland,District heating,Housing,GWh,2023,1024.8
Central Finland,District heating,Housing,GWh,2024,1010.4
Central Finland,District heating,Agriculture,GWh,1990,1.3
Central Finland,District heating,Agriculture,GWh,2005,1.9
Central Finland,District heating,Agriculture,GWh,2006,2.0
Central Finland,District heating,Agriculture,GWh,2007,2.0
Central Finland,District heating,Agriculture,GWh,2008,1.9
Central Finland,District heating,Agriculture,GWh,2009,2.1
Central Finland,District heating,Agriculture,GWh,2010,2.4
Central Finland,District heating,Agriculture,GWh,2011,2.0
Central Finland,District heating,Agriculture,GWh,2012,2.4
Central Finland,District heating,Agriculture,GWh,2013,2.2
Central Finland,District heating,Agriculture,GWh,2014,2.6
Central Finland,District heating,Agriculture,GWh,2015,2.3
Central Finland,District heating,Agriculture,GWh,2016,2.5
Central Finland,District heating,Agriculture,GWh,2017,2.3
Central Finland,District heating,Agriculture,GWh,2018,2.1
Central Finland,District heating,Agriculture,GWh,2019,2.2
Central Finland,District heating,Agriculture,GWh,2020,1.6
Central Finland,District heating,Agriculture,GWh,2021,2.2
Central Finland,District heating,Agriculture,GWh,2022,2.0
Central Finland,District heating,Agriculture,GWh,2023,1.8
Central Finland,District heating,Agriculture,GWh,2024,1.8
Central Finland,District heating,Services,GWh,1990,385.3
Central Finland,District heating,Services,GWh,2005,475.0
Central Finland,District heating,Services,GWh,2006,466.9
Central Finland,District heating,Services,GWh,2007,473.4
Central Finland,District heating,Services,GWh,2008,481.2
Central Finland,District heating,Services,GWh,2009,541.7
Central Finland,District heating,Services,GWh,2010,595.9
Central Finland,District heating,Services,GWh,2011,519.5
Central Finland,District heating,Services,GWh,2012,576.5
Central Finland,District heating,Services,GWh,2013,535.3
Central Finland,District heating,Services,GWh,2014,531.5
Central Finland,District heating,Services,GWh,2015,513.3
Central Finland,District heating,Services,GWh,2016,565.9
Central Finland,District heating,Services,GWh,2017,575.8
Central Finland,District heating,Services,GWh,2018,569.2
Central Finland,District heating,Services,GWh,2019,560.9
Central Finland,District heating,Services,GWh,2020,537.4
Central Finland,District heating,Services,GWh,2021,618.3
Central Finland,District heating,Services,GWh,2022,561.4
Central Finland,District heating,Services,GWh,2023,586.1
Central Finland,District heating,Services,GWh,2024,578.5
Central Finland,District heating,Industry,GWh,1990,142.7
Central Finland,District heating,Industry,GWh,2005,157.6
Central Finland,District heating,Industry,GWh,2006,137.8
Central Finland,District heating,Industry,GWh,2007,146.9
Central Finland,District heating,Industry,GWh,2008,156.2
Central Finland,District heating,Industry,GWh,2009,182.4
Central Finland,District heating,Industry,GWh,2010,184.7
Central Finland,District heating,Industry,GWh,2011,155.1
Central Finland,District heating,Industry,GWh,2012,168.0
Central Finland,District heating,Industry,GWh,2013,156.5
Central Finland,District heating,Industry,GWh,2014,151.5
Central Finland,District heating,Industry,GWh,2015,160.0
Central Finland,District heating,Industry,GWh,2016,175.0
Central Finland,District heating,Industry,GWh,2017,196.7
Central Finland,District heating,Industry,GWh,2018,181.8
Central Finland,District heating,Industry,GWh,2019,174.1
Central Finland,District heating,Industry,GWh,2020,163.3
Central Finland,District heating,Industry,GWh,2021,194.5
Central Finland,District heating,Industry,GWh,2022,182.8
Central Finland,District heating,Industry,GWh,2023,176.2
Central Finland,District heating,Industry,GWh,2024,172.2
Central Finland,Oil heating,Housing,GWh,1990,566.7
Central Finland,Oil heating,Housing,GWh,2005,465.3
Central Finland,Oil heating,Housing,GWh,2006,466.2
Central Finland,Oil heating,Housing,GWh,2007,447.9
Central Finland,Oil heating,Housing,GWh,2008,331.2
Central Finland,Oil heating,Housing,GWh,2009,332.2
Central Finland,Oil heating,Housing,GWh,2010,364.4
Central Finland,Oil heating,Housing,GWh,2011,280.5
Central Finland,Oil heating,Housing,GWh,2012,297.2
Central Finland,Oil heating,Housing,GWh,2013,249.6
Central Finland,Oil heating,Housing,GWh,2014,242.0
Central Finland,Oil heating,Housing,GWh,2015,213.2
Central Finland,Oil heating,Housing,GWh,2016,217.3
Central Finland,Oil heating,Housing,GWh,2017,200.5
Central Finland,Oil heating,Housing,GWh,2018,181.9
Central Finland,Oil heating,Housing,GWh,2019,162.8
Central Finland,Oil heating,Housing,GWh,2020,145.8
Central Finland,Oil heating,Housing,GWh,2021,129.3
Central Finland,Oil heating,Housing,GWh,2022,87.8
Central Finland,Oil heating,Housing,GWh,2023,43.7
Central Finland,Oil heating,Housing,GWh,2024,37.0
Central Finland,Oil heating,Agriculture,GWh,1990,30.2
Central Finland,Oil heating,Agriculture,GWh,2005,11.1
Central Finland,Oil heating,Agriculture,GWh,2006,9.1
Central Finland,Oil heating,Agriculture,GWh,2007,7.9
Central Finland,Oil heating,Agriculture,GWh,2008,7.0
Central Finland,Oil heating,Agriculture,GWh,2009,7.8
Central Finland,Oil heating,Agriculture,GWh,2010,9.4
Central Finland,Oil heating,Agriculture,GWh,2011,6.6
Central Finland,Oil heating,Agriculture,GWh,2012,7.8
Central Finland,Oil heating,Agriculture,GWh,2013,5.4
Central Finland,Oil heating,Agriculture,GWh,2014,5.6
Central Finland,Oil heating,Agriculture,GWh,2015,5.1
Central Finland,Oil heating,Agriculture,GWh,2016,4.1
Central Finland,Oil heating,Agriculture,GWh,2017,3.7
Central Finland,Oil heating,Agriculture,GWh,2018,4.1
Central Finland,Oil heating,Agriculture,GWh,2019,4.1
Central Finland,Oil heating,Agriculture,GWh,2020,3.7
Central Finland,Oil heating,Agriculture,GWh,2021,4.4
Central Finland,Oil heating,Agriculture,GWh,2022,4.1
Central Finland,Oil heating,Agriculture,GWh,2023,4.3
Central Finland,Oil heating,Agriculture,GWh,2024,3.0
Central Finland,Oil heating,Services,GWh,1990,219.9
Central Finland,Oil heating,Services,GWh,2005,170.6
Central Finland,Oil heating,Services,GWh,2006,168.4
Central Finland,Oil heating,Services,GWh,2007,159.5
Central Finland,Oil heating,Services,GWh,2008,129.8
Central Finland,Oil heating,Services,GWh,2009,139.4
Central Finland,Oil heating,Services,GWh,2010,154.0
Central Finland,Oil heating,Services,GWh,2011,131.6
Central Finland,Oil heating,Services,GWh,2012,146.7
Central Finland,Oil heating,Services,GWh,2013,128.8
Central Finland,Oil heating,Services,GWh,2014,130.9
Central Finland,Oil heating,Services,GWh,2015,116.9
Central Finland,Oil heating,Services,GWh,2016,131.9
Central Finland,Oil heating,Services,GWh,2017,124.1
Central Finland,Oil heating,Services,GWh,2018,123.2
Central Finland,Oil heating,Services,GWh,2019,122.3
Central Finland,Oil heating,Services,GWh,2020,111.1
Central Finland,Oil heating,Services,GWh,2021,128.0
Central Finland,Oil heating,Services,GWh,2022,114.7
Central Finland,Oil heating,Services,GWh,2023,116.6
Central Finland,Oil heating,Services,GWh,2024,114.4
Central Finland,Other heating,Housing,GWh,1990,714.5
Central Finland,Other heating,Housing,GWh,2005,1020.2
Central Finland,Other heating,Housing,GWh,2006,979.2
Central Finland,Other heating,Housing,GWh,2007,1027.2
Central Finland,Other heating,Housing,GWh,2008,1024.9
Central Finland,Other heating,Housing,GWh,2009,1073.1
Central Finland,Other heating,Housing,GWh,2010,1200.8
Central Finland,Other heating,Housing,GWh,2011,1036.7
Central Finland,Other heating,Housing,GWh,2012,1135.5
Central Finland,Other heating,Housing,GWh,2013,1052.2
Central Finland,Other heating,Housing,GWh,2014,1072.8
Central Finland,Other heating,Housing,GWh,2015,1013.5
Central Finland,Other heating,Housing,GWh,2016,1105.3
Central Finland,Other heating,Housing,GWh,2017,1065.5
Central Finland,Other heating,Housing,GWh,2018,1051.6
Central Finland,Other heating,Housing,GWh,2019,1031.4
Central Finland,Other heating,Housing,GWh,2020,953.7
Central Finland,Other heating,Housing,GWh,2021,1060.5
Central Finland,Other heating,Housing,GWh,2022,968.6
Central Finland,Other heating,Housing,GWh,2023,934.6
Central Finland,Other heating,Housing,GWh,2024,892.7
Central Finland,Other heating,Agriculture,GWh,1990,116.8
Central Finland,Other heating,Agriculture,GWh,2005,124.3
Central Finland,Other heating,Agriculture,GWh,2006,120.4
Central Finland,Other heating,Agriculture,GWh,2007,122.9
Central Finland,Other heating,Agriculture,GWh,2008,119.3
Central Finland,Other heating,Agriculture,GWh,2009,133.3
Central Finland,Other heating,Agriculture,GWh,2010,150.1
Central Finland,Other heating,Agriculture,GWh,2011,120.6
Central Finland,Other heating,Agriculture,GWh,2012,131.7
Central Finland,Other heating,Agriculture,GWh,2013,135.6
Central Finland,Other heating,Agriculture,GWh,2014,124.9
Central Finland,Other heating,Agriculture,GWh,2015,118.3
Central Finland,Other heating,Agriculture,GWh,2016,127.1
Central Finland,Other heating,Agriculture,GWh,2017,126.5
Central Finland,Other heating,Agriculture,GWh,2018,107.8
Central Finland,Other heating,Agriculture,GWh,2019,105.3
Central Finland,Other heating,Agriculture,GWh,2020,108.6
Central Finland,Other heating,Agriculture,GWh,2021,99.7
Central Finland,Other heating,Agriculture,GWh,2022,101.7
Central Finland,Other heating,Agriculture,GWh,2023,97.5
Central Finland,Other heating,Agriculture,GWh,2024,56.7
Central Finland,Other heating,Services,GWh,1990,172.6
Central Finland,Other heating,Services,GWh,2005,72.3
Central Finland,Other heating,Services,GWh,2006,71.1
Central Finland,Other heating,Services,GWh,2007,70.5
Central Finland,Other heating,Services,GWh,2008,69.9
Central Finland,Other heating,Services,GWh,2009,79.4
Central Finland,Other heating,Services,GWh,2010,88.9
Central Finland,Other heating,Services,GWh,2011,79.9
Central Finland,Other heating,Services,GWh,2012,86.5
Central Finland,Other heating,Services,GWh,2013,81.0
Central Finland,Other heating,Services,GWh,2014,82.7
Central Finland,Other heating,Services,GWh,2015,73.3
Central Finland,Other heating,Services,GWh,2016,78.0
Central Finland,Other heating,Services,GWh,2017,75.8
Central Finland,Other heating,Services,GWh,2018,78.4
Central Finland,Other heating,Services,GWh,2019,78.6
Central Finland,Other heating,Services,GWh,2020,69.4
Central Finland,Other heating,Services,GWh,2021,81.5
Central Finland,Other heating,Services,GWh,2022,78.5
Central Finland,Other heating,Services,GWh,2023,77.7
Central Finland,Other heating,Services,GWh,2024,77.2
Central Finland,Industry,Industrial fuels,GWh,1990,3297.3
Central Finland,Industry,Industrial fuels,GWh,2005,3265.9
Central Finland,Industry,Industrial fuels,GWh,2006,3613.3
Central Finland,Industry,Industrial fuels,GWh,2007,3741.5
Central Finland,Industry,Industrial fuels,GWh,2008,3884.4
Central Finland,Industry,Industrial fuels,GWh,2009,3249.7
Central Finland,Industry,Industrial fuels,GWh,2010,3519.9
Central Finland,Industry,Industrial fuels,GWh,2011,3282.3
Central Finland,Industry,Industrial fuels,GWh,2012,3093.0
Central Finland,Industry,Industrial fuels,GWh,2013,3153.0
Central Finland,Industry,Industrial fuels,GWh,2014,2990.9
Central Finland,Industry,Industrial fuels,GWh,2015,2796.9
Central Finland,Industry,Industrial fuels,GWh,2016,2909.7
Central Finland,Industry,Industrial fuels,GWh,2017,6796.7
Central Finland,Industry,Industrial fuels,GWh,2018,10795.1
Central Finland,Industry,Industrial fuels,GWh,2019,10582.8
Central Finland,Industry,Industrial fuels,GWh,2020,5243.2
Central Finland,Industry,Industrial fuels,GWh,2021,1478.7
Central Finland,Industry,Industrial fuels,GWh,2022,6560.6
Central Finland,Industry,Industrial fuels,GWh,2023,6957.2
Central Finland,Industry,Industrial fuels,GWh,2024,7385.2
Central Finland,Machinery,Mining and industrial machinery,GWh,1990,93.4
Central Finland,Machinery,Mining and industrial machinery,GWh,2005,95.5
Central Finland,Machinery,Mining and industrial machinery,GWh,2006,96.3
Central Finland,Machinery,Mining and industrial machinery,GWh,2007,99.0
Central Finland,Machinery,Mining and industrial machinery,GWh,2008,101.2
Central Finland,Machinery,Mining and industrial machinery,GWh,2009,88.2
Central Finland,Machinery,Mining and industrial machinery,GWh,2010,91.8
Central Finland,Machinery,Mining and industrial machinery,GWh,2011,90.0
Central Finland,Machinery,Mining and industrial machinery,GWh,2012,85.5
Central Finland,Machinery,Mining and industrial machinery,GWh,2013,82.2
Central Finland,Machinery,Mining and industrial machinery,GWh,2014,79.5
Central Finland,Machinery,Mining and industrial machinery,GWh,2015,78.7
Central Finland,Machinery,Mining and industrial machinery,GWh,2016,75.3
Central Finland,Machinery,Mining and industrial machinery,GWh,2017,78.4
Central Finland,Machinery,Mining and industrial machinery,GWh,2018,76.9
Central Finland,Machinery,Mining and industrial machinery,GWh,2019,79.2
Central Finland,Machinery,Mining and industrial machinery,GWh,2020,78.6
Central Finland,Machinery,Mining and industrial machinery,GWh,2021,73.4
Central Finland,Machinery,Mining and industrial machinery,GWh,2022,74.4
Central Finland,Machinery,Mining and industrial machinery,GWh,2023,72.1
Central Finland,Machinery,Mining and industrial machinery,GWh,2024,73.3
Central Finland,Machinery,Agricultural and forestry machinery,GWh,1990,218.2
Central Finland,Machinery,Agricultural and forestry machinery,GWh,2005,231.6
Central Finland,Machinery,Agricultural and forestry machinery,GWh,2006,237.3
Central Finland,Machinery,Agricultural and forestry machinery,GWh,2007,228.9
Central Finland,Machinery,Agricultural and forestry machinery,GWh,2008,234.6
Central Finland,Machinery,Agricultural and forestry machinery,GWh,2009,216.4
Central Finland,Machinery,Agricultural and forestry machinery,GWh,2010,228.4
Central Finland,Machinery,Agricultural and forestry machinery,GWh,2011,217.2
Central Finland,Machinery,Agricultural and forestry machinery,GWh,2012,208.9
Central Finland,Machinery,Agricultural and forestry machinery,GWh,2013,225.9
Central Finland,Machinery,Agricultural and forestry machinery,GWh,2014,230.6
Central Finland,Machinery,Agricultural and forestry machinery,GWh,2015,230.4
Central Finland,Machinery,Agricultural and forestry machinery,GWh,2016,231.3
Central Finland,Machinery,Agricultural and forestry machinery,GWh,2017,230.3
Central Finland,Machinery,Agricultural and forestry machinery,GWh,2018,206.2
Central Finland,Machinery,Agricultural and forestry machinery,GWh,2019,243.7
Central Finland,Machinery,Agricultural and forestry machinery,GWh,2020,229.4
Central Finland,Machinery,Agricultural and forestry machinery,GWh,2021,207.1
Central Finland,Machinery,Agricultural and forestry machinery,GWh,2022,220.7
Central Finland,Machinery,Agricultural and forestry machinery,GWh,2023,216.3
Central Finland,Machinery,Agricultural and forestry machinery,GWh,2024,212.5
Central Finland,Machinery,Other machinery,GWh,1990,22.4
Central Finland,Machinery,Other machinery,GWh,2005,25.5
Central Finland,Machinery,Other machinery,GWh,2006,25.9
Central Finland,Machinery,Other machinery,GWh,2007,26.1
Central Finland,Machinery,Other machinery,GWh,2008,25.0
Central Finland,Machinery,Other machinery,GWh,2009,23.6
Central Finland,Machinery,Other machinery,GWh,2010,23.2
Central Finland,Machinery,Other machinery,GWh,2011,24.5
Central Finland,Machinery,Other machinery,GWh,2012,25.5
Central Finland,Machinery,Other machinery,GWh,2013,26.1
Central Finland,Machinery,Other machinery,GWh,2014,25.6
Central Finland,Machinery,Other machinery,GWh,2015,26.4
Central Finland,Machinery,Other machinery,GWh,2016,26.4
Central Finland,Machinery,Other machinery,GWh,2017,25.9
Central Finland,Machinery,Other machinery,GWh,2018,24.4
Central Finland,Machinery,Other machinery,GWh,2019,24.9
Central Finland,Machinery,Other machinery,GWh,2020,24.8
Central Finland,Machinery,Other machinery,GWh,2021,23.4
Central Finland,Machinery,Other machinery,GWh,2022,23.7
Central Finland,Machinery,Other machinery,GWh,2023,23.0
Central Finland,Machinery,Other machinery,GWh,2024,21.8
Central Finland,Machinery,Construction machinery,GWh,1990,69.5
Central Finland,Machinery,Construction machinery,GWh,2005,68.9
Central Finland,Machinery,Construction machinery,GWh,2006,76.1
Central Finland,Machinery,Construction machinery,GWh,2007,76.6
Central Finland,Machinery,Construction machinery,GWh,2008,74.1
Central Finland,Machinery,Construction machinery,GWh,2009,80.8
Central Finland,Machinery,Construction machinery,GWh,2010,75.5
Central Finland,Machinery,Construction machinery,GWh,2011,91.6
Central Finland,Machinery,Construction machinery,GWh,2012,77.8
Central Finland,Machinery,Construction machinery,GWh,2013,83.1
Central Finland,Machinery,Construction machinery,GWh,2014,81.2
Central Finland,Machinery,Construction machinery,GWh,2015,94.0
Central Finland,Machinery,Construction machinery,GWh,2016,79.1
Central Finland,Machinery,Construction machinery,GWh,2017,128.8
Central Finland,Machinery,Construction machinery,GWh,2018,85.5
Central Finland,Machinery,Construction machinery,GWh,2019,93.5
Central Finland,Machinery,Construction machinery,GWh,2020,116.0
Central Finland,Machinery,Construction machinery,GWh,2021,79.5
Central Finland,Machinery,Construction machinery,GWh,2022,80.2
Central Finland,Machinery,Construction machinery,GWh,2023,69.1
Central Finland,Machinery,Construction machinery,GWh,2024,73.3
Central Finland,Machinery,Road construction machinery,GWh,1990,103.6
Central Finland,Machinery,Road construction machinery,GWh,2005,111.9
Central Finland,Machinery,Road construction machinery,GWh,2006,113.0
Central Finland,Machinery,Road construction machinery,GWh,2007,116.5
Central Finland,Machinery,Road construction machinery,GWh,2008,123.7
Central Finland,Machinery,Road construction machinery,GWh,2009,122.7
Central Finland,Machinery,Road construction machinery,GWh,2010,120.5
Central Finland,Machinery,Road construction machinery,GWh,2011,110.8
Central Finland,Machinery,Road construction machinery,GWh,2012,120.8
Central Finland,Machinery,Road construction machinery,GWh,2013,119.2
Central Finland,Machinery,Road construction machinery,GWh,2014,116.4
Central Finland,Machinery,Road construction machinery,GWh,2015,116.8
Central Finland,Machinery,Road construction machinery,GWh,2016,110.9
Central Finland,Machinery,Road construction machinery,GWh,2017,127.4
Central Finland,Machinery,Road construction machinery,GWh,2018,131.4
Central Finland,Machinery,Road construction machinery,GWh,2019,136.5
Central Finland,Machinery,Road construction machinery,GWh,2020,140.4
Central Finland,Machinery,Road construction machinery,GWh,2021,135.9
Central Finland,Machinery,Road construction machinery,GWh,2022,141.9
Central Finland,Machinery,Road construction machinery,GWh,2023,141.3
Central Finland,Machinery,Road construction machinery,GWh,2024,139.8
Central Finland,Road transport,Passenger cars,GWh,1990,1305.4
Central Finland,Road transport,Passenger cars,GWh,2005,1319.2
Central Finland,Road transport,Passenger cars,GWh,2006,1327.3
Central Finland,Road transport,Passenger cars,GWh,2007,1352.1
Central Finland,Road transport,Passenger cars,GWh,2008,1319.2
Central Finland,Road transport,Passenger cars,GWh,2009,1330.1
Central Finland,Road transport,Passenger cars,GWh,2010,1330.6
Central Finland,Road transport,Passenger cars,GWh,2011,1301.8
Central Finland,Road transport,Passenger cars,GWh,2012,1296.6
Central Finland,Road transport,Passenger cars,GWh,2013,1310.1
Central Finland,Road transport,Passenger cars,GWh,2014,1303.0
Central Finland,Road transport,Passenger cars,GWh,2015,1297.4
Central Finland,Road transport,Passenger cars,GWh,2016,1294.0
Central Finland,Road transport,Passenger cars,GWh,2017,1309.8
Central Finland,Road transport,Passenger cars,GWh,2018,1299.1
Central Finland,Road transport,Passenger cars,GWh,2019,1272.4
Central Finland,Road transport,Passenger cars,GWh,2020,1183.6
Central Finland,Road transport,Passenger cars,GWh,2021,1207.7
Central Finland,Road transport,Passenger cars,GWh,2022,1133.0
Central Finland,Road transport,Passenger cars,GWh,2023,1122.6
Central Finland,Road transport,Passenger cars,GWh,2024,1122.5
Central Finland,Road transport,Trucks,GWh,1990,360.7
Central Finland,Road transport,Trucks,GWh,2005,591.9
Central Finland,Road transport,Trucks,GWh,2006,607.0
Central Finland,Road transport,Trucks,GWh,2007,643.7
Central Finland,Road transport,Trucks,GWh,2008,624.7
Central Finland,Road transport,Trucks,GWh,2009,556.9
Central Finland,Road transport,Trucks,GWh,2010,635.5
Central Finland,Road transport,Trucks,GWh,2011,658.9
Central Finland,Road transport,Trucks,GWh,2012,632.3
Central Finland,Road transport,Trucks,GWh,2013,637.7
Central Finland,Road transport,Trucks,GWh,2014,593.4
Central Finland,Road transport,Trucks,GWh,2015,585.3
Central Finland,Road transport,Trucks,GWh,2016,626.8
Central Finland,Road transport,Trucks,GWh,2017,603.7
Central Finland,Road transport,Trucks,GWh,2018,619.6
Central Finland,Road transport,Trucks,GWh,2019,578.3
Central Finland,Road transport,Trucks,GWh,2020,562.8
Central Finland,Road transport,Trucks,GWh,2021,587.8
Central Finland,Road transport,Trucks,GWh,2022,558.0
Central Finland,Road transport,Trucks,GWh,2023,508.0
Central Finland,Road transport,Trucks,GWh,2024,509.5
Central Finland,Road transport,Buses,GWh,1990,29.3
Central Finland,Road transport,Buses,GWh,2005,81.0
Central Finland,Road transport,Buses,GWh,2006,79.2
Central Finland,Road transport,Buses,GWh,2007,79.4
Central Finland,Road transport,Buses,GWh,2008,79.3
Central Finland,Road transport,Buses,GWh,2009,78.6
Central Finland,Road transport,Buses,GWh,2010,55.3
Central Finland,Road transport,Buses,GWh,2011,59.9
Central Finland,Road transport,Buses,GWh,2012,59.1
Central Finland,Road transport,Buses,GWh,2013,55.8
Central Finland,Road transport,Buses,GWh,2014,59.1
Central Finland,Road transport,Buses,GWh,2015,58.1
Central Finland,Road transport,Buses,GWh,2016,63.3
Central Finland,Road transport,Buses,GWh,2017,59.0
Central Finland,Road transport,Buses,GWh,2018,59.0
Central Finland,Road transport,Buses,GWh,2019,53.3
Central Finland,Road transport,Buses,GWh,2020,47.9
Central Finland,Road transport,Buses,GWh,2021,34.7
Central Finland,Road transport,Buses,GWh,2022,33.4
Central Finland,Road transport,Buses,GWh,2023,33.5
Central Finland,Road transport,Buses,GWh,2024,31.4
Central Finland,Road transport,Vancouver vans,GWh,1990,145.1
Central Finland,Road transport,Vancouver vans,GWh,2005,168.2
Central Finland,Road transport,Vancouver vans,GWh,2006,170.0
Central Finland,Road transport,Vancouver vans,GWh,2007,173.1
Central Finland,Road transport,Vancouver vans,GWh,2008,174.7
Central Finland,Road transport,Vancouver vans,GWh,2009,179.8
Central Finland,Road transport,Vancouver vans,GWh,2010,183.1
Central Finland,Road transport,Vancouver vans,GWh,2011,181.5
Central Finland,Road transport,Vancouver vans,GWh,2012,178.0
Central Finland,Road transport,Vancouver vans,GWh,2013,178.2
Central Finland,Road transport,Vancouver vans,GWh,2014,181.0
Central Finland,Road transport,Vancouver vans,GWh,2015,185.7
Central Finland,Road transport,Vancouver vans,GWh,2016,184.5
Central Finland,Road transport,Vancouver vans,GWh,2017,219.6
Central Finland,Road transport,Vancouver vans,GWh,2018,221.7
Central Finland,Road transport,Vancouver vans,GWh,2019,217.0
Central Finland,Road transport,Vancouver vans,GWh,2020,211.6
Central Finland,Road transport,Vancouver vans,GWh,2021,223.7
Central Finland,Road transport,Vancouver vans,GWh,2022,208.3
Central Finland,Road transport,Vancouver vans,GWh,2023,204.3
Central Finland,Road transport,Vancouver vans,GWh,2024,208.4
Central Finland,Road transport,Drive-through traffic,GWh,1990,223.4
Central Finland,Road transport,Drive-through traffic,GWh,2005,365.5
Central Finland,Road transport,Drive-through traffic,GWh,2006,374.4
Central Finland,Road transport,Drive-through traffic,GWh,2007,399.1
Central Finland,Road transport,Drive-through traffic,GWh,2008,377.4
Central Finland,Road transport,Drive-through traffic,GWh,2009,333.3
Central Finland,Road transport,Drive-through traffic,GWh,2010,389.0
Central Finland,Road transport,Drive-through traffic,GWh,2011,400.0
Central Finland,Road transport,Drive-through traffic,GWh,2012,380.8
Central Finland,Road transport,Drive-through traffic,GWh,2013,375.1
Central Finland,Road transport,Drive-through traffic,GWh,2014,362.9
Central Finland,Road transport,Drive-through traffic,GWh,2015,383.1
Central Finland,Road transport,Drive-through traffic,GWh,2016,417.8
Central Finland,Road transport,Drive-through traffic,GWh,2017,397.1
Central Finland,Road transport,Drive-through traffic,GWh,2018,408.2
Central Finland,Road transport,Drive-through traffic,GWh,2019,415.4
Central Finland,Road transport,Drive-through traffic,GWh,2020,388.8
Central Finland,Road transport,Drive-through traffic,GWh,2021,425.9
Central Finland,Road transport,Drive-through traffic,GWh,2022,457.1
Central Finland,Road transport,Drive-through traffic,GWh,2023,408.3
Central Finland,Road transport,Drive-through traffic,GWh,2024,403.7
Central Finland,Road transport,Motorcycles and mopeds,GWh,1990,7.7
Central Finland,Road transport,Motorcycles and mopeds,GWh,2005,17.4
Central Finland,Road transport,Motorcycles and mopeds,GWh,2006,18.9
Central Finland,Road transport,Motorcycles and mopeds,GWh,2007,20.6
Central Finland,Road transport,Motorcycles and mopeds,GWh,2008,21.6
Central Finland,Road transport,Motorcycles and mopeds,GWh,2009,22.2
Central Finland,Road transport,Motorcycles and mopeds,GWh,2010,23.5
Central Finland,Road transport,Motorcycles and mopeds,GWh,2011,25.6
Central Finland,Road transport,Motorcycles and mopeds,GWh,2012,26.2
Central Finland,Road transport,Motorcycles and mopeds,GWh,2013,27.1
Central Finland,Road transport,Motorcycles and mopeds,GWh,2014,26.9
Central Finland,Road transport,Motorcycles and mopeds,GWh,2015,26.9
Central Finland,Road transport,Motorcycles and mopeds,GWh,2016,27.1
Central Finland,Road transport,Motorcycles and mopeds,GWh,2017,21.8
Central Finland,Road transport,Motorcycles and mopeds,GWh,2018,21.4
Central Finland,Road transport,Motorcycles and mopeds,GWh,2019,20.6
Central Finland,Road transport,Motorcycles and mopeds,GWh,2020,20.2
Central Finland,Road transport,Motorcycles and mopeds,GWh,2021,21.5
Central Finland,Road transport,Motorcycles and mopeds,GWh,2022,20.8
Central Finland,Road transport,Motorcycles and mopeds,GWh,2023,21.1
Central Finland,Road transport,Motorcycles and mopeds,GWh,2024,21.7
Central Finland,Rail transport,Diesel,GWh,1990,36.9
Central Finland,Rail transport,Diesel,GWh,2005,24.5
Central Finland,Rail transport,Diesel,GWh,2006,25.2
Central Finland,Rail transport,Diesel,GWh,2007,20.9
Central Finland,Rail transport,Diesel,GWh,2008,22.4
Central Finland,Rail transport,Diesel,GWh,2009,18.2
Central Finland,Rail transport,Diesel,GWh,2010,19.2
Central Finland,Rail transport,Diesel,GWh,2011,20.2
Central Finland,Rail transport,Diesel,GWh,2012,21.4
Central Finland,Rail transport,Diesel,GWh,2013,19.6
Central Finland,Rail transport,Diesel,GWh,2014,17.5
Central Finland,Rail transport,Diesel,GWh,2015,14.6
Central Finland,Rail transport,Diesel,GWh,2016,12.1
Central Finland,Rail transport,Diesel,GWh,2017,11.0
Central Finland,Rail transport,Diesel,GWh,2018,14.7
Central Finland,Rail transport,Diesel,GWh,2019,17.5
Central Finland,Rail transport,Diesel,GWh,2020,15.0
Central Finland,Rail transport,Diesel,GWh,2021,15.9
Central Finland,Rail transport,Diesel,GWh,2022,16.5
Central Finland,Rail transport,Diesel,GWh,2023,17.9
Central Finland,Rail transport,Diesel,GWh,2024,14.3
Central Finland,Rail transport,Electricity,GWh,1990,16.7
Central Finland,Rail transport,Electricity,GWh,2005,24.7
Central Finland,Rail transport,Electricity,GWh,2006,24.8
Central Finland,Rail transport,Electricity,GWh,2007,26.0
Central Finland,Rail transport,Electricity,GWh,2008,25.5
Central Finland,Rail transport,Electricity,GWh,2009,24.2
Central Finland,Rail transport,Electricity,GWh,2010,25.3
Central Finland,Rail transport,Electricity,GWh,2011,25.4
Central Finland,Rail transport,Electricity,GWh,2012,25.4
Central Finland,Rail transport,Electricity,GWh,2013,24.2
Central Finland,Rail transport,Electricity,GWh,2014,23.0
Central Finland,Rail transport,Electricity,GWh,2015,20.3
Central Finland,Rail transport,Electricity,GWh,2016,18.6
Central Finland,Rail transport,Electricity,GWh,2017,18.1
Central Finland,Rail transport,Electricity,GWh,2018,20.6
Central Finland,Rail transport,Electricity,GWh,2019,20.5
Central Finland,Rail transport,Electricity,GWh,2020,18.0
Central Finland,Rail transport,Electricity,GWh,2021,17.5
Central Finland,Rail transport,Electricity,GWh,2022,16.7
Central Finland,Rail transport,Electricity,GWh,2023,17.6
Central Finland,Rail transport,Electricity,GWh,2024,19.1
Central Finland,Rail transport,Community trains,GWh,1990,0.0
Central Finland,Rail transport,Community trains,GWh,2005,0.0
Central Finland,Rail transport,Community trains,GWh,2006,0.0
Central Finland,Rail transport,Community trains,GWh,2007,0.0
Central Finland,Rail transport,Community trains,GWh,2008,0.0
Central Finland,Rail transport,Community trains,GWh,2009,0.0
Central Finland,Rail transport,Community trains,GWh,2010,0.0
Central Finland,Rail transport,Community trains,GWh,2011,0.0
Central Finland,Rail transport,Community trains,GWh,2012,0.0
Central Finland,Rail transport,Community trains,GWh,2013,0.0
Central Finland,Rail transport,Community trains,GWh,2014,0.0
Central Finland,Rail transport,Community trains,GWh,2015,0.0
Central Finland,Rail transport,Community trains,GWh,2016,0.0
Central Finland,Rail transport,Community trains,GWh,2017,0.0
Central Finland,Rail transport,Community trains,GWh,2018,0.0
Central Finland,Rail transport,Community trains,GWh,2019,0.0
Central Finland,Rail transport,Community trains,GWh,2020,0.0
Central Finland,Rail transport,Community trains,GWh,2021,0.0
Central Finland,Rail transport,Community trains,GWh,2022,0.0
Central Finland,Rail transport,Community trains,GWh,2023,0.0
Central Finland,Rail transport,Community trains,GWh,2024,0.0
Central Finland,Rail transport,Metros and trams,GWh,1990,0.0
Central Finland,Rail transport,Metros and trams,GWh,2005,0.0
Central Finland,Rail transport,Metros and trams,GWh,2006,0.0
Central Finland,Rail transport,Metros and trams,GWh,2007,0.0
Central Finland,Rail transport,Metros and trams,GWh,2008,0.0
Central Finland,Rail transport,Metros and trams,GWh,2009,0.0
Central Finland,Rail transport,Metros and trams,GWh,2010,0.0
Central Finland,Rail transport,Metros and trams,GWh,2011,0.0
Central Finland,Rail transport,Metros and trams,GWh,2012,0.0
Central Finland,Rail transport,Metros and trams,GWh,2013,0.0
Central Finland,Rail transport,Metros and trams,GWh,2014,0.0
Central Finland,Rail transport,Metros and trams,GWh,2015,0.0
Central Finland,Rail transport,Metros and trams,GWh,2016,0.0
Central Finland,Rail transport,Metros and trams,GWh,2017,0.0
Central Finland,Rail transport,Metros and trams,GWh,2018,0.0
Central Finland,Rail transport,Metros and trams,GWh,2019,0.0
Central Finland,Rail transport,Metros and trams,GWh,2020,0.0
Central Finland,Rail transport,Metros and trams,GWh,2021,0.0
Central Finland,Rail transport,Metros and trams,GWh,2022,0.0
Central Finland,Rail transport,Metros and trams,GWh,2023,0.0
Central Finland,Rail transport,Metros and trams,GWh,2024,0.0
Central Finland,Water transport,Pleasure boats,GWh,1990,27.4
Central Finland,Water transport,Pleasure boats,GWh,2005,29.2
Central Finland,Water transport,Pleasure boats,GWh,2006,30.1
Central Finland,Water transport,Pleasure boats,GWh,2007,30.2
Central Finland,Water transport,Pleasure boats,GWh,2008,24.8
Central Finland,Water transport,Pleasure boats,GWh,2009,25.6
Central Finland,Water transport,Pleasure boats,GWh,2010,27.3
Central Finland,Water transport,Pleasure boats,GWh,2011,21.7
Central Finland,Water transport,Pleasure boats,GWh,2012,22.9
Central Finland,Water transport,Pleasure boats,GWh,2013,24.4
Central Finland,Water transport,Pleasure boats,GWh,2014,22.5
Central Finland,Water transport,Pleasure boats,GWh,2015,23.4
Central Finland,Water transport,Pleasure boats,GWh,2016,22.3
Central Finland,Water transport,Pleasure boats,GWh,2017,22.1
Central Finland,Water transport,Pleasure boats,GWh,2018,22.2
Central Finland,Water transport,Pleasure boats,GWh,2019,22.5
Central Finland,Water transport,Pleasure boats,GWh,2020,26.1
Central Finland,Water transport,Pleasure boats,GWh,2021,29.2
Central Finland,Water transport,Pleasure boats,GWh,2022,23.1
Central Finland,Water transport,Pleasure boats,GWh,2023,23.1
Central Finland,Water transport,Pleasure boats,GWh,2024,24.2
Central Finland,Water transport,Passenger traffic,GWh,1990,0.5
Central Finland,Water transport,Passenger traffic,GWh,2005,0.6
Central Finland,Water transport,Passenger traffic,GWh,2006,0.6
Central Finland,Water transport,Passenger traffic,GWh,2007,1.2
Central Finland,Water transport,Passenger traffic,GWh,2008,0.6
Central Finland,Water transport,Passenger traffic,GWh,2009,0.6
Central Finland,Water transport,Passenger traffic,GWh,2010,0.5
Central Finland,Water transport,Passenger traffic,GWh,2011,0.5
Central Finland,Water transport,Passenger traffic,GWh,2012,0.5
Central Finland,Water transport,Passenger traffic,GWh,2013,0.6
Central Finland,Water transport,Passenger traffic,GWh,2014,0.7
Central Finland,Water transport,Passenger traffic,GWh,2015,0.4
Central Finland,Water transport,Passenger traffic,GWh,2016,0.5
Central Finland,Water transport,Passenger traffic,GWh,2017,0.4
Central Finland,Water transport,Passenger traffic,GWh,2018,0.3
Central Finland,Water transport,Passenger traffic,GWh,2019,0.3
Central Finland,Water transport,Passenger traffic,GWh,2020,0.3
Central Finland,Water transport,Passenger traffic,GWh,2021,0.3
Central Finland,Water transport,Passenger traffic,GWh,2022,0.3
Central Finland,Water transport,Passenger traffic,GWh,2023,0.3
Central Finland,Water transport,Passenger traffic,GWh,2024,0.3
Central Finland,Water transport,Goods traffic,GWh,1990,0.0
Central Finland,Water transport,Goods traffic,GWh,2005,0.0
Central Finland,Water transport,Goods traffic,GWh,2006,0.0
Central Finland,Water transport,Goods traffic,GWh,2007,0.0
Central Finland,Water transport,Goods traffic,GWh,2008,0.0
Central Finland,Water transport,Goods traffic,GWh,2009,0.0
Central Finland,Water transport,Goods traffic,GWh,2010,0.0
Central Finland,Water transport,Goods traffic,GWh,2011,0.0
Central Finland,Water transport,Goods traffic,GWh,2012,0.0
Central Finland,Water transport,Goods traffic,GWh,2013,0.0
Central Finland,Water transport,Goods traffic,GWh,2014,0.0
Central Finland,Water transport,Goods traffic,GWh,2015,0.0
Central Finland,Water transport,Goods traffic,GWh,2016,0.0
Central Finland,Water transport,Goods traffic,GWh,2017,0.0
Central Finland,Water transport,Goods traffic,GWh,2018,0.0
Central Finland,Water transport,Goods traffic,GWh,2019,0.0
Central Finland,Water transport,Goods traffic,GWh,2020,0.0
Central Finland,Water transport,Goods traffic,GWh,2021,0.0
Central Finland,Water transport,Goods traffic,GWh,2022,0.0
Central Finland,Water transport,Goods traffic,GWh,2023,0.0
Central Finland,Water transport,Goods traffic,GWh,2024,0.0
Central Finland,Water transport,Fishing vessels,GWh,1990,0.0
Central Finland,Water transport,Fishing vessels,GWh,2005,0.0
Central Finland,Water transport,Fishing vessels,GWh,2006,0.0
Central Finland,Water transport,Fishing vessels,GWh,2007,0.0
Central Finland,Water transport,Fishing vessels,GWh,2008,0.0
Central Finland,Water transport,Fishing vessels,GWh,2009,0.0
Central Finland,Water transport,Fishing vessels,GWh,2010,0.0
Central Finland,Water transport,Fishing vessels,GWh,2011,0.0
Central Finland,Water transport,Fishing vessels,GWh,2012,0.0
Central Finland,Water transport,Fishing vessels,GWh,2013,0.0
Central Finland,Water transport,Fishing vessels,GWh,2014,0.0
Central Finland,Water transport,Fishing vessels,GWh,2015,0.0
Central Finland,Water transport,Fishing vessels,GWh,2016,0.0
Central Finland,Water transport,Fishing vessels,GWh,2017,0.0
Central Finland,Water transport,Fishing vessels,GWh,2018,0.0
Central Finland,Water transport,Fishing vessels,GWh,2019,0.0
Central Finland,Water transport,Fishing vessels,GWh,2020,0.0
Central Finland,Water transport,Fishing vessels,GWh,2021,0.0
Central Finland,Water transport,Fishing vessels,GWh,2022,0.0
Central Finland,Water transport,Fishing vessels,GWh,2023,0.0
Central Finland,Water transport,Fishing vessels,GWh,2024,0.0
Central Finland,Water transport,,GWh,1990,0.0
Central Finland,Water transport,,GWh,2005,0.0
Central Finland,Water transport,,GWh,2006,0.0
Central Finland,Water transport,,GWh,2007,0.0
Central Finland,Water transport,,GWh,2008,0.0
Central Finland,Water transport,,GWh,2009,0.0
Central Finland,Water transport,,GWh,2010,0.0
Central Finland,Water transport,,GWh,2011,0.0
Central Finland,Water transport,,GWh,2012,0.0
Central Finland,Water transport,,GWh,2013,0.0
Central Finland,Water transport,,GWh,2014,0.0
Central Finland,Water transport,,GWh,2015,0.0
Central Finland,Water transport,,GWh,2016,0.0
Central Finland,Water transport,,GWh,2017,0.0
Central Finland,Water transport,,GWh,2018,0.0
Central Finland,Water transport,,GWh,2019,0.0
Central Finland,Water transport,,GWh,2020,0.0
Central Finland,Water transport,,GWh,2021,0.0
Central Finland,Water transport,,GWh,2022,0.0
Central Finland,Water transport,,GWh,2023,0.0
Central Finland,Water transport,,GWh,2024,0.0
Central Finland,Water transport,Workboats and ships,GWh,1990,14.2
Central Finland,Water transport,Workboats and ships,GWh,2005,12.9
Central Finland,Water transport,Workboats and ships,GWh,2006,12.9
Central Finland,Water transport,Workboats and ships,GWh,2007,12.9
Central Finland,Water transport,Workboats and ships,GWh,2008,12.9
Central Finland,Water transport,Workboats and ships,GWh,2009,12.9
Central Finland,Water transport,Workboats and ships,GWh,2010,12.9
Central Finland,Water transport,Workboats and ships,GWh,2011,12.9
Central Finland,Water transport,Workboats and ships,GWh,2012,12.9
Central Finland,Water transport,Workboats and ships,GWh,2013,12.9
Central Finland,Water transport,Workboats and ships,GWh,2014,12.9
Central Finland,Water transport,Workboats and ships,GWh,2015,13.0
Central Finland,Water transport,Workboats and ships,GWh,2016,12.9
Central Finland,Water transport,Workboats and ships,GWh,2017,12.9
Central Finland,Water transport,Workboats and ships,GWh,2018,12.8
Central Finland,Water transport,Workboats and ships,GWh,2019,12.8
Central Finland,Water transport,Workboats and ships,GWh,2020,12.8
Central Finland,Water transport,Workboats and ships,GWh,2021,12.7
Central Finland,Water transport,Workboats and ships,GWh,2022,12.7
Central Finland,Water transport,Workboats and ships,GWh,2023,12.6
Central Finland,Water transport,Workboats and ships,GWh,2024,6.3
Central Finland,Emission credits,Wind power,GWh,1990,0.0
Central Finland,Emission credits,Wind power,GWh,2005,0.0
Central Finland,Emission credits,Wind power,GWh,2006,0.0
Central Finland,Emission credits,Wind power,GWh,2007,0.0
Central Finland,Emission credits,Wind power,GWh,2008,0.0
Central Finland,Emission credits,Wind power,GWh,2009,0.0
Central Finland,Emission credits,Wind power,GWh,2010,0.0
Central Finland,Emission credits,Wind power,GWh,2011,0.0
Central Finland,Emission credits,Wind power,GWh,2012,0.0
Central Finland,Emission credits,Wind power,GWh,2013,0.0
Central Finland,Emission credits,Wind power,GWh,2014,30.4
Central Finland,Emission credits,Wind power,GWh,2015,40.1
Central Finland,Emission credits,Wind power,GWh,2016,34.9
Central Finland,Emission credits,Wind power,GWh,2017,41.2
Central Finland,Emission credits,Wind power,GWh,2018,50.2
Central Finland,Emission credits,Wind power,GWh,2019,46.4
Central Finland,Emission credits,Wind power,GWh,2020,54.1
Central Finland,Emission credits,Wind power,GWh,2021,118.9
Central Finland,Emission credits,Wind power,GWh,2022,262.2
Central Finland,Emission credits,Wind power,GWh,2023,517.4
Central Finland,Emission credits,Wind power,GWh,2024,833.3
Central Ostrobothnia,Electricity,Housing,GWh,1990,102.6
Central Ostrobothnia,Electricity,Housing,GWh,2005,129.4
Central Ostrobothnia,Electricity,Housing,GWh,2006,134.4
Central Ostrobothnia,Electricity,Housing,GWh,2007,134.4
Central Ostrobothnia,Electricity,Housing,GWh,2008,135.7
Central Ostrobothnia,Electricity,Housing,GWh,2009,141.0
Central Ostrobothnia,Electricity,Housing,GWh,2010,154.6
Central Ostrobothnia,Electricity,Housing,GWh,2011,138.4
Central Ostrobothnia,Electricity,Housing,GWh,2012,147.4
Central Ostrobothnia,Electricity,Housing,GWh,2013,145.7
Central Ostrobothnia,Electricity,Housing,GWh,2014,144.5
Central Ostrobothnia,Electricity,Housing,GWh,2015,143.6
Central Ostrobothnia,Electricity,Housing,GWh,2016,156.2
Central Ostrobothnia,Electricity,Housing,GWh,2017,155.8
Central Ostrobothnia,Electricity,Housing,GWh,2018,157.8
Central Ostrobothnia,Electricity,Housing,GWh,2019,141.3
Central Ostrobothnia,Electricity,Housing,GWh,2020,141.2
Central Ostrobothnia,Electricity,Housing,GWh,2021,163.6
Central Ostrobothnia,Electricity,Housing,GWh,2022,164.0
Central Ostrobothnia,Electricity,Housing,GWh,2023,157.6
Central Ostrobothnia,Electricity,Housing,GWh,2024,162.8
Central Ostrobothnia,Electricity,Agriculture,GWh,1990,22.5
Central Ostrobothnia,Electricity,Agriculture,GWh,2005,32.5
Central Ostrobothnia,Electricity,Agriculture,GWh,2006,33.8
Central Ostrobothnia,Electricity,Agriculture,GWh,2007,35.2
Central Ostrobothnia,Electricity,Agriculture,GWh,2008,36.5
Central Ostrobothnia,Electricity,Agriculture,GWh,2009,36.9
Central Ostrobothnia,Electricity,Agriculture,GWh,2010,37.5
Central Ostrobothnia,Electricity,Agriculture,GWh,2011,38.9
Central Ostrobothnia,Electricity,Agriculture,GWh,2012,38.9
Central Ostrobothnia,Electricity,Agriculture,GWh,2013,29.3
Central Ostrobothnia,Electricity,Agriculture,GWh,2014,27.9
Central Ostrobothnia,Electricity,Agriculture,GWh,2015,26.1
Central Ostrobothnia,Electricity,Agriculture,GWh,2016,32.0
Central Ostrobothnia,Electricity,Agriculture,GWh,2017,31.3
Central Ostrobothnia,Electricity,Agriculture,GWh,2018,32.7
Central Ostrobothnia,Electricity,Agriculture,GWh,2019,33.9
Central Ostrobothnia,Electricity,Agriculture,GWh,2020,23.6
Central Ostrobothnia,Electricity,Agriculture,GWh,2021,23.7
Central Ostrobothnia,Electricity,Agriculture,GWh,2022,23.6
Central Ostrobothnia,Electricity,Agriculture,GWh,2023,21.5
Central Ostrobothnia,Electricity,Agriculture,GWh,2024,18.5
Central Ostrobothnia,Electricity,Services,GWh,1990,97.2
Central Ostrobothnia,Electricity,Services,GWh,2005,166.6
Central Ostrobothnia,Electricity,Services,GWh,2006,174.7
Central Ostrobothnia,Electricity,Services,GWh,2007,176.3
Central Ostrobothnia,Electricity,Services,GWh,2008,174.9
Central Ostrobothnia,Electricity,Services,GWh,2009,177.2
Central Ostrobothnia,Electricity,Services,GWh,2010,188.4
Central Ostrobothnia,Electricity,Services,GWh,2011,190.4
Central Ostrobothnia,Electricity,Services,GWh,2012,195.1
Central Ostrobothnia,Electricity,Services,GWh,2013,193.9
Central Ostrobothnia,Electricity,Services,GWh,2014,193.4
Central Ostrobothnia,Electricity,Services,GWh,2015,191.2
Central Ostrobothnia,Electricity,Services,GWh,2016,192.1
Central Ostrobothnia,Electricity,Services,GWh,2017,184.2
Central Ostrobothnia,Electricity,Services,GWh,2018,209.4
Central Ostrobothnia,Electricity,Services,GWh,2019,197.1
Central Ostrobothnia,Electricity,Services,GWh,2020,187.4
Central Ostrobothnia,Electricity,Services,GWh,2021,180.3
Central Ostrobothnia,Electricity,Services,GWh,2022,147.9
Central Ostrobothnia,Electricity,Services,GWh,2023,142.4
Central Ostrobothnia,Electricity,Services,GWh,2024,150.6
Central Ostrobothnia,Electricity,Industry,GWh,1990,879.8
Central Ostrobothnia,Electricity,Industry,GWh,2005,1383.2
Central Ostrobothnia,Electricity,Industry,GWh,2006,1514.6
Central Ostrobothnia,Electricity,Industry,GWh,2007,1502.1
Central Ostrobothnia,Electricity,Industry,GWh,2008,1493.1
Central Ostrobothnia,Electricity,Industry,GWh,2009,1456.7
Central Ostrobothnia,Electricity,Industry,GWh,2010,1507.5
Central Ostrobothnia,Electricity,Industry,GWh,2011,1561.8
Central Ostrobothnia,Electricity,Industry,GWh,2012,1532.1
Central Ostrobothnia,Electricity,Industry,GWh,2013,1537.8
Central Ostrobothnia,Electricity,Industry,GWh,2014,1550.7
Central Ostrobothnia,Electricity,Industry,GWh,2015,1596.1
Central Ostrobothnia,Electricity,Industry,GWh,2016,1551.5
Central Ostrobothnia,Electricity,Industry,GWh,2017,1512.1
Central Ostrobothnia,Electricity,Industry,GWh,2018,1545.5
Central Ostrobothnia,Electricity,Industry,GWh,2019,1502.9
Central Ostrobothnia,Electricity,Industry,GWh,2020,1519.4
Central Ostrobothnia,Electricity,Industry,GWh,2021,1584.6
Central Ostrobothnia,Electricity,Industry,GWh,2022,1553.2
Central Ostrobothnia,Electricity,Industry,GWh,2023,1524.9
Central Ostrobothnia,Electricity,Industry,GWh,2024,1538.4
Central Ostrobothnia,Electric heating,Housing,GWh,1990,100.6
Central Ostrobothnia,Electric heating,Housing,GWh,2005,131.3
Central Ostrobothnia,Electric heating,Housing,GWh,2006,135.2
Central Ostrobothnia,Electric heating,Housing,GWh,2007,135.2
Central Ostrobothnia,Electric heating,Housing,GWh,2008,134.6
Central Ostrobothnia,Electric heating,Housing,GWh,2009,137.8
Central Ostrobothnia,Electric heating,Housing,GWh,2010,152.6
Central Ostrobothnia,Electric heating,Housing,GWh,2011,131.6
Central Ostrobothnia,Electric heating,Housing,GWh,2012,141.2
Central Ostrobothnia,Electric heating,Housing,GWh,2013,136.9
Central Ostrobothnia,Electric heating,Housing,GWh,2014,135.4
Central Ostrobothnia,Electric heating,Housing,GWh,2015,133.1
Central Ostrobothnia,Electric heating,Housing,GWh,2016,145.3
Central Ostrobothnia,Electric heating,Housing,GWh,2017,143.3
Central Ostrobothnia,Electric heating,Housing,GWh,2018,142.7
Central Ostrobothnia,Electric heating,Housing,GWh,2019,138.3
Central Ostrobothnia,Electric heating,Housing,GWh,2020,138.0
Central Ostrobothnia,Electric heating,Housing,GWh,2021,155.4
Central Ostrobothnia,Electric heating,Housing,GWh,2022,153.1
Central Ostrobothnia,Electric heating,Housing,GWh,2023,149.7
Central Ostrobothnia,Electric heating,Housing,GWh,2024,154.1
Central Ostrobothnia,Electric heating,Agriculture,GWh,1990,7.1
Central Ostrobothnia,Electric heating,Agriculture,GWh,2005,9.8
Central Ostrobothnia,Electric heating,Agriculture,GWh,2006,9.7
Central Ostrobothnia,Electric heating,Agriculture,GWh,2007,10.4
Central Ostrobothnia,Electric heating,Agriculture,GWh,2008,10.1
Central Ostrobothnia,Electric heating,Agriculture,GWh,2009,11.0
Central Ostrobothnia,Electric heating,Agriculture,GWh,2010,11.4
Central Ostrobothnia,Electric heating,Agriculture,GWh,2011,11.2
Central Ostrobothnia,Electric heating,Agriculture,GWh,2012,11.7
Central Ostrobothnia,Electric heating,Agriculture,GWh,2013,11.6
Central Ostrobothnia,Electric heating,Agriculture,GWh,2014,11.4
Central Ostrobothnia,Electric heating,Agriculture,GWh,2015,11.3
Central Ostrobothnia,Electric heating,Agriculture,GWh,2016,11.6
Central Ostrobothnia,Electric heating,Agriculture,GWh,2017,11.5
Central Ostrobothnia,Electric heating,Agriculture,GWh,2018,11.7
Central Ostrobothnia,Electric heating,Agriculture,GWh,2019,11.7
Central Ostrobothnia,Electric heating,Agriculture,GWh,2020,12.2
Central Ostrobothnia,Electric heating,Agriculture,GWh,2021,12.5
Central Ostrobothnia,Electric heating,Agriculture,GWh,2022,12.4
Central Ostrobothnia,Electric heating,Agriculture,GWh,2023,12.5
Central Ostrobothnia,Electric heating,Agriculture,GWh,2024,11.6
Central Ostrobothnia,Electric heating,Services,GWh,1990,15.1
Central Ostrobothnia,Electric heating,Services,GWh,2005,18.4
Central Ostrobothnia,Electric heating,Services,GWh,2006,15.7
Central Ostrobothnia,Electric heating,Services,GWh,2007,16.8
Central Ostrobothnia,Electric heating,Services,GWh,2008,17.2
Central Ostrobothnia,Electric heating,Services,GWh,2009,17.1
Central Ostrobothnia,Electric heating,Services,GWh,2010,17.8
Central Ostrobothnia,Electric heating,Services,GWh,2011,16.9
Central Ostrobothnia,Electric heating,Services,GWh,2012,17.4
Central Ostrobothnia,Electric heating,Services,GWh,2013,17.2
Central Ostrobothnia,Electric heating,Services,GWh,2014,17.4
Central Ostrobothnia,Electric heating,Services,GWh,2015,17.4
Central Ostrobothnia,Electric heating,Services,GWh,2016,18.3
Central Ostrobothnia,Electric heating,Services,GWh,2017,18.7
Central Ostrobothnia,Electric heating,Services,GWh,2018,17.9
Central Ostrobothnia,Electric heating,Services,GWh,2019,20.7
Central Ostrobothnia,Electric heating,Services,GWh,2020,19.8
Central Ostrobothnia,Electric heating,Services,GWh,2021,20.0
Central Ostrobothnia,Electric heating,Services,GWh,2022,18.4
Central Ostrobothnia,Electric heating,Services,GWh,2023,20.6
Central Ostrobothnia,Electric heating,Services,GWh,2024,19.3
Central Ostrobothnia,District heating,Housing,GWh,1990,131.4
Central Ostrobothnia,District heating,Housing,GWh,2005,138.2
Central Ostrobothnia,District heating,Housing,GWh,2006,150.2
Central Ostrobothnia,District heating,Housing,GWh,2007,156.0
Central Ostrobothnia,District heating,Housing,GWh,2008,158.8
Central Ostrobothnia,District heating,Housing,GWh,2009,166.7
Central Ostrobothnia,District heating,Housing,GWh,2010,190.6
Central Ostrobothnia,District heating,Housing,GWh,2011,164.4
Central Ostrobothnia,District heating,Housing,GWh,2012,188.8
Central Ostrobothnia,District heating,Housing,GWh,2013,176.8
Central Ostrobothnia,District heating,Housing,GWh,2014,180.8
Central Ostrobothnia,District heating,Housing,GWh,2015,177.5
Central Ostrobothnia,District heating,Housing,GWh,2016,196.0
Central Ostrobothnia,District heating,Housing,GWh,2017,200.1
Central Ostrobothnia,District heating,Housing,GWh,2018,204.0
Central Ostrobothnia,District heating,Housing,GWh,2019,204.8
Central Ostrobothnia,District heating,Housing,GWh,2020,189.3
Central Ostrobothnia,District heating,Housing,GWh,2021,219.1
Central Ostrobothnia,District heating,Housing,GWh,2022,210.2
Central Ostrobothnia,District heating,Housing,GWh,2023,212.7
Central Ostrobothnia,District heating,Housing,GWh,2024,295.8
Central Ostrobothnia,District heating,Agriculture,GWh,1990,0.8
Central Ostrobothnia,District heating,Agriculture,GWh,2005,1.1
Central Ostrobothnia,District heating,Agriculture,GWh,2006,1.1
Central Ostrobothnia,District heating,Agriculture,GWh,2007,1.1
Central Ostrobothnia,District heating,Agriculture,GWh,2008,1.1
Central Ostrobothnia,District heating,Agriculture,GWh,2009,1.2
Central Ostrobothnia,District heating,Agriculture,GWh,2010,1.3
Central Ostrobothnia,District heating,Agriculture,GWh,2011,1.3
Central Ostrobothnia,District heating,Agriculture,GWh,2012,1.5
Central Ostrobothnia,District heating,Agriculture,GWh,2013,1.3
Central Ostrobothnia,District heating,Agriculture,GWh,2014,1.3
Central Ostrobothnia,District heating,Agriculture,GWh,2015,1.2
Central Ostrobothnia,District heating,Agriculture,GWh,2016,1.7
Central Ostrobothnia,District heating,Agriculture,GWh,2017,1.7
Central Ostrobothnia,District heating,Agriculture,GWh,2018,1.7
Central Ostrobothnia,District heating,Agriculture,GWh,2019,2.3
Central Ostrobothnia,District heating,Agriculture,GWh,2020,2.2
Central Ostrobothnia,District heating,Agriculture,GWh,2021,2.6
Central Ostrobothnia,District heating,Agriculture,GWh,2022,3.3
Central Ostrobothnia,District heating,Agriculture,GWh,2023,2.7
Central Ostrobothnia,District heating,Agriculture,GWh,2024,3.1
Central Ostrobothnia,District heating,Services,GWh,1990,136.8
Central Ostrobothnia,District heating,Services,GWh,2005,128.2
Central Ostrobothnia,District heating,Services,GWh,2006,126.2
Central Ostrobothnia,District heating,Services,GWh,2007,130.4
Central Ostrobothnia,District heating,Services,GWh,2008,126.7
Central Ostrobothnia,District heating,Services,GWh,2009,145.8
Central Ostrobothnia,District heating,Services,GWh,2010,169.6
Central Ostrobothnia,District heating,Services,GWh,2011,140.4
Central Ostrobothnia,District heating,Services,GWh,2012,158.1
Central Ostrobothnia,District heating,Services,GWh,2013,141.9
Central Ostrobothnia,District heating,Services,GWh,2014,141.4
Central Ostrobothnia,District heating,Services,GWh,2015,141.7
Central Ostrobothnia,District heating,Services,GWh,2016,155.7
Central Ostrobothnia,District heating,Services,GWh,2017,160.1
Central Ostrobothnia,District heating,Services,GWh,2018,158.4
Central Ostrobothnia,District heating,Services,GWh,2019,161.3
Central Ostrobothnia,District heating,Services,GWh,2020,142.7
Central Ostrobothnia,District heating,Services,GWh,2021,165.8
Central Ostrobothnia,District heating,Services,GWh,2022,160.4
Central Ostrobothnia,District heating,Services,GWh,2023,163.9
Central Ostrobothnia,District heating,Services,GWh,2024,225.5
Central Ostrobothnia,District heating,Industry,GWh,1990,37.8
Central Ostrobothnia,District heating,Industry,GWh,2005,35.9
Central Ostrobothnia,District heating,Industry,GWh,2006,33.4
Central Ostrobothnia,District heating,Industry,GWh,2007,33.8
Central Ostrobothnia,District heating,Industry,GWh,2008,33.0
Central Ostrobothnia,District heating,Industry,GWh,2009,37.3
Central Ostrobothnia,District heating,Industry,GWh,2010,47.0
Central Ostrobothnia,District heating,Industry,GWh,2011,37.3
Central Ostrobothnia,District heating,Industry,GWh,2012,41.8
Central Ostrobothnia,District heating,Industry,GWh,2013,38.0
Central Ostrobothnia,District heating,Industry,GWh,2014,39.1
Central Ostrobothnia,District heating,Industry,GWh,2015,38.3
Central Ostrobothnia,District heating,Industry,GWh,2016,44.7
Central Ostrobothnia,District heating,Industry,GWh,2017,45.0
Central Ostrobothnia,District heating,Industry,GWh,2018,43.9
Central Ostrobothnia,District heating,Industry,GWh,2019,44.5
Central Ostrobothnia,District heating,Industry,GWh,2020,43.0
Central Ostrobothnia,District heating,Industry,GWh,2021,47.6
Central Ostrobothnia,District heating,Industry,GWh,2022,48.0
Central Ostrobothnia,District heating,Industry,GWh,2023,51.9
Central Ostrobothnia,District heating,Industry,GWh,2024,68.0
Central Ostrobothnia,Oil heating,Housing,GWh,1990,172.6
Central Ostrobothnia,Oil heating,Housing,GWh,2005,163.9
Central Ostrobothnia,Oil heating,Housing,GWh,2006,163.2
Central Ostrobothnia,Oil heating,Housing,GWh,2007,157.8
Central Ostrobothnia,Oil heating,Housing,GWh,2008,115.0
Central Ostrobothnia,Oil heating,Housing,GWh,2009,113.0
Central Ostrobothnia,Oil heating,Housing,GWh,2010,126.8
Central Ostrobothnia,Oil heating,Housing,GWh,2011,91.4
Central Ostrobothnia,Oil heating,Housing,GWh,2012,96.2
Central Ostrobothnia,Oil heating,Housing,GWh,2013,81.3
Central Ostrobothnia,Oil heating,Housing,GWh,2014,79.1
Central Ostrobothnia,Oil heating,Housing,GWh,2015,69.8
Central Ostrobothnia,Oil heating,Housing,GWh,2016,73.1
Central Ostrobothnia,Oil heating,Housing,GWh,2017,71.0
Central Ostrobothnia,Oil heating,Housing,GWh,2018,64.5
Central Ostrobothnia,Oil heating,Housing,GWh,2019,61.7
Central Ostrobothnia,Oil heating,Housing,GWh,2020,54.4
Central Ostrobothnia,Oil heating,Housing,GWh,2021,48.4
Central Ostrobothnia,Oil heating,Housing,GWh,2022,35.5
Central Ostrobothnia,Oil heating,Housing,GWh,2023,18.0
Central Ostrobothnia,Oil heating,Housing,GWh,2024,14.8
Central Ostrobothnia,Oil heating,Agriculture,GWh,1990,17.7
Central Ostrobothnia,Oil heating,Agriculture,GWh,2005,6.7
Central Ostrobothnia,Oil heating,Agriculture,GWh,2006,7.1
Central Ostrobothnia,Oil heating,Agriculture,GWh,2007,6.3
Central Ostrobothnia,Oil heating,Agriculture,GWh,2008,5.9
Central Ostrobothnia,Oil heating,Agriculture,GWh,2009,5.5
Central Ostrobothnia,Oil heating,Agriculture,GWh,2010,6.6
Central Ostrobothnia,Oil heating,Agriculture,GWh,2011,5.9
Central Ostrobothnia,Oil heating,Agriculture,GWh,2012,6.7
Central Ostrobothnia,Oil heating,Agriculture,GWh,2013,4.7
Central Ostrobothnia,Oil heating,Agriculture,GWh,2014,4.7
Central Ostrobothnia,Oil heating,Agriculture,GWh,2015,4.4
Central Ostrobothnia,Oil heating,Agriculture,GWh,2016,3.3
Central Ostrobothnia,Oil heating,Agriculture,GWh,2017,3.0
Central Ostrobothnia,Oil heating,Agriculture,GWh,2018,3.2
Central Ostrobothnia,Oil heating,Agriculture,GWh,2019,3.4
Central Ostrobothnia,Oil heating,Agriculture,GWh,2020,2.9
Central Ostrobothnia,Oil heating,Agriculture,GWh,2021,3.4
Central Ostrobothnia,Oil heating,Agriculture,GWh,2022,3.2
Central Ostrobothnia,Oil heating,Agriculture,GWh,2023,3.3
Central Ostrobothnia,Oil heating,Agriculture,GWh,2024,2.3
Central Ostrobothnia,Oil heating,Services,GWh,1990,79.1
Central Ostrobothnia,Oil heating,Services,GWh,2005,65.6
Central Ostrobothnia,Oil heating,Services,GWh,2006,63.1
Central Ostrobothnia,Oil heating,Services,GWh,2007,61.0
Central Ostrobothnia,Oil heating,Services,GWh,2008,49.2
Central Ostrobothnia,Oil heating,Services,GWh,2009,53.5
Central Ostrobothnia,Oil heating,Services,GWh,2010,62.1
Central Ostrobothnia,Oil heating,Services,GWh,2011,50.1
Central Ostrobothnia,Oil heating,Services,GWh,2012,56.7
Central Ostrobothnia,Oil heating,Services,GWh,2013,49.5
Central Ostrobothnia,Oil heating,Services,GWh,2014,49.8
Central Ostrobothnia,Oil heating,Services,GWh,2015,45.8
Central Ostrobothnia,Oil heating,Services,GWh,2016,48.0
Central Ostrobothnia,Oil heating,Services,GWh,2017,46.6
Central Ostrobothnia,Oil heating,Services,GWh,2018,45.8
Central Ostrobothnia,Oil heating,Services,GWh,2019,43.0
Central Ostrobothnia,Oil heating,Services,GWh,2020,38.5
Central Ostrobothnia,Oil heating,Services,GWh,2021,45.6
Central Ostrobothnia,Oil heating,Services,GWh,2022,44.2
Central Ostrobothnia,Oil heating,Services,GWh,2023,46.7
Central Ostrobothnia,Oil heating,Services,GWh,2024,45.1
Central Ostrobothnia,Other heating,Housing,GWh,1990,154.3
Central Ostrobothnia,Other heating,Housing,GWh,2005,246.0
Central Ostrobothnia,Other heating,Housing,GWh,2006,235.8
Central Ostrobothnia,Other heating,Housing,GWh,2007,250.6
Central Ostrobothnia,Other heating,Housing,GWh,2008,245.3
Central Ostrobothnia,Other heating,Housing,GWh,2009,255.5
Central Ostrobothnia,Other heating,Housing,GWh,2010,290.6
Central Ostrobothnia,Other heating,Housing,GWh,2011,243.4
Central Ostrobothnia,Other heating,Housing,GWh,2012,267.7
Central Ostrobothnia,Other heating,Housing,GWh,2013,249.0
Central Ostrobothnia,Other heating,Housing,GWh,2014,253.2
Central Ostrobothnia,Other heating,Housing,GWh,2015,238.1
Central Ostrobothnia,Other heating,Housing,GWh,2016,260.5
Central Ostrobothnia,Other heating,Housing,GWh,2017,253.0
Central Ostrobothnia,Other heating,Housing,GWh,2018,247.2
Central Ostrobothnia,Other heating,Housing,GWh,2019,248.5
Central Ostrobothnia,Other heating,Housing,GWh,2020,225.6
Central Ostrobothnia,Other heating,Housing,GWh,2021,251.6
Central Ostrobothnia,Other heating,Housing,GWh,2022,230.0
Central Ostrobothnia,Other heating,Housing,GWh,2023,225.3
Central Ostrobothnia,Other heating,Housing,GWh,2024,212.4
Central Ostrobothnia,Other heating,Agriculture,GWh,1990,50.0
Central Ostrobothnia,Other heating,Agriculture,GWh,2005,85.5
Central Ostrobothnia,Other heating,Agriculture,GWh,2006,96.8
Central Ostrobothnia,Other heating,Agriculture,GWh,2007,101.0
Central Ostrobothnia,Other heating,Agriculture,GWh,2008,93.8
Central Ostrobothnia,Other heating,Agriculture,GWh,2009,87.3
Central Ostrobothnia,Other heating,Agriculture,GWh,2010,97.3
Central Ostrobothnia,Other heating,Agriculture,GWh,2011,94.6
Central Ostrobothnia,Other heating,Agriculture,GWh,2012,107.9
Central Ostrobothnia,Other heating,Agriculture,GWh,2013,113.1
Central Ostrobothnia,Other heating,Agriculture,GWh,2014,104.6
Central Ostrobothnia,Other heating,Agriculture,GWh,2015,97.1
Central Ostrobothnia,Other heating,Agriculture,GWh,2016,103.3
Central Ostrobothnia,Other heating,Agriculture,GWh,2017,100.6
Central Ostrobothnia,Other heating,Agriculture,GWh,2018,91.9
Central Ostrobothnia,Other heating,Agriculture,GWh,2019,92.2
Central Ostrobothnia,Other heating,Agriculture,GWh,2020,88.1
Central Ostrobothnia,Other heating,Agriculture,GWh,2021,85.9
Central Ostrobothnia,Other heating,Agriculture,GWh,2022,86.2
Central Ostrobothnia,Other heating,Agriculture,GWh,2023,84.4
Central Ostrobothnia,Other heating,Agriculture,GWh,2024,57.2
Central Ostrobothnia,Other heating,Services,GWh,1990,23.8
Central Ostrobothnia,Other heating,Services,GWh,2005,10.3
Central Ostrobothnia,Other heating,Services,GWh,2006,10.5
Central Ostrobothnia,Other heating,Services,GWh,2007,10.5
Central Ostrobothnia,Other heating,Services,GWh,2008,10.2
Central Ostrobothnia,Other heating,Services,GWh,2009,12.2
Central Ostrobothnia,Other heating,Services,GWh,2010,14.2
Central Ostrobothnia,Other heating,Services,GWh,2011,12.1
Central Ostrobothnia,Other heating,Services,GWh,2012,13.5
Central Ostrobothnia,Other heating,Services,GWh,2013,12.7
Central Ostrobothnia,Other heating,Services,GWh,2014,12.9
Central Ostrobothnia,Other heating,Services,GWh,2015,12.0
Central Ostrobothnia,Other heating,Services,GWh,2016,13.3
Central Ostrobothnia,Other heating,Services,GWh,2017,12.9
Central Ostrobothnia,Other heating,Services,GWh,2018,13.1
Central Ostrobothnia,Other heating,Services,GWh,2019,14.1
Central Ostrobothnia,Other heating,Services,GWh,2020,17.9
Central Ostrobothnia,Other heating,Services,GWh,2021,20.9
Central Ostrobothnia,Other heating,Services,GWh,2022,18.2
Central Ostrobothnia,Other heating,Services,GWh,2023,19.3
Central Ostrobothnia,Other heating,Services,GWh,2024,18.7
Central Ostrobothnia,Industry,Industrial fuels,GWh,1990,584.8
Central Ostrobothnia,Industry,Industrial fuels,GWh,2005,921.3
Central Ostrobothnia,Industry,Industrial fuels,GWh,2006,804.7
Central Ostrobothnia,Industry,Industrial fuels,GWh,2007,735.0
Central Ostrobothnia,Industry,Industrial fuels,GWh,2008,713.7
Central Ostrobothnia,Industry,Industrial fuels,GWh,2009,561.7
Central Ostrobothnia,Industry,Industrial fuels,GWh,2010,632.2
Central Ostrobothnia,Industry,Industrial fuels,GWh,2011,447.6
Central Ostrobothnia,Industry,Industrial fuels,GWh,2012,494.7
Central Ostrobothnia,Industry,Industrial fuels,GWh,2013,702.5
Central Ostrobothnia,Industry,Industrial fuels,GWh,2014,685.6
Central Ostrobothnia,Industry,Industrial fuels,GWh,2015,693.7
Central Ostrobothnia,Industry,Industrial fuels,GWh,2016,711.2
Central Ostrobothnia,Industry,Industrial fuels,GWh,2017,759.9
Central Ostrobothnia,Industry,Industrial fuels,GWh,2018,831.7
Central Ostrobothnia,Industry,Industrial fuels,GWh,2019,808.2
Central Ostrobothnia,Industry,Industrial fuels,GWh,2020,714.1
Central Ostrobothnia,Industry,Industrial fuels,GWh,2021,399.0
Central Ostrobothnia,Industry,Industrial fuels,GWh,2022,808.1
Central Ostrobothnia,Industry,Industrial fuels,GWh,2023,927.3
Central Ostrobothnia,Industry,Industrial fuels,GWh,2024,678.6
Central Ostrobothnia,Machinery,Mining and industrial machinery,GWh,1990,24.0
Central Ostrobothnia,Machinery,Mining and industrial machinery,GWh,2005,24.6
Central Ostrobothnia,Machinery,Mining and industrial machinery,GWh,2006,24.8
Central Ostrobothnia,Machinery,Mining and industrial machinery,GWh,2007,25.5
Central Ostrobothnia,Machinery,Mining and industrial machinery,GWh,2008,26.0
Central Ostrobothnia,Machinery,Mining and industrial machinery,GWh,2009,22.7
Central Ostrobothnia,Machinery,Mining and industrial machinery,GWh,2010,23.6
Central Ostrobothnia,Machinery,Mining and industrial machinery,GWh,2011,23.2
Central Ostrobothnia,Machinery,Mining and industrial machinery,GWh,2012,22.0
Central Ostrobothnia,Machinery,Mining and industrial machinery,GWh,2013,21.1
Central Ostrobothnia,Machinery,Mining and industrial machinery,GWh,2014,20.4
Central Ostrobothnia,Machinery,Mining and industrial machinery,GWh,2015,20.2
Central Ostrobothnia,Machinery,Mining and industrial machinery,GWh,2016,19.4
Central Ostrobothnia,Machinery,Mining and industrial machinery,GWh,2017,20.2
Central Ostrobothnia,Machinery,Mining and industrial machinery,GWh,2018,19.8
Central Ostrobothnia,Machinery,Mining and industrial machinery,GWh,2019,20.4
Central Ostrobothnia,Machinery,Mining and industrial machinery,GWh,2020,20.2
Central Ostrobothnia,Machinery,Mining and industrial machinery,GWh,2021,18.9
Central Ostrobothnia,Machinery,Mining and industrial machinery,GWh,2022,19.1
Central Ostrobothnia,Machinery,Mining and industrial machinery,GWh,2023,20.8
Central Ostrobothnia,Machinery,Mining and industrial machinery,GWh,2024,18.8
Central Ostrobothnia,Machinery,Agricultural and forestry machinery,GWh,1990,70.1
Central Ostrobothnia,Machinery,Agricultural and forestry machinery,GWh,2005,78.4
Central Ostrobothnia,Machinery,Agricultural and forestry machinery,GWh,2006,87.3
Central Ostrobothnia,Machinery,Agricultural and forestry machinery,GWh,2007,88.0
Central Ostrobothnia,Machinery,Agricultural and forestry machinery,GWh,2008,85.3
Central Ostrobothnia,Machinery,Agricultural and forestry machinery,GWh,2009,81.4
Central Ostrobothnia,Machinery,Agricultural and forestry machinery,GWh,2010,82.5
Central Ostrobothnia,Machinery,Agricultural and forestry machinery,GWh,2011,83.6
Central Ostrobothnia,Machinery,Agricultural and forestry machinery,GWh,2012,83.5
Central Ostrobothnia,Machinery,Agricultural and forestry machinery,GWh,2013,87.0
Central Ostrobothnia,Machinery,Agricultural and forestry machinery,GWh,2014,84.4
Central Ostrobothnia,Machinery,Agricultural and forestry machinery,GWh,2015,88.0
Central Ostrobothnia,Machinery,Agricultural and forestry machinery,GWh,2016,86.2
Central Ostrobothnia,Machinery,Agricultural and forestry machinery,GWh,2017,83.1
Central Ostrobothnia,Machinery,Agricultural and forestry machinery,GWh,2018,78.1
Central Ostrobothnia,Machinery,Agricultural and forestry machinery,GWh,2019,79.2
Central Ostrobothnia,Machinery,Agricultural and forestry machinery,GWh,2020,75.8
Central Ostrobothnia,Machinery,Agricultural and forestry machinery,GWh,2021,74.7
Central Ostrobothnia,Machinery,Agricultural and forestry machinery,GWh,2022,79.3
Central Ostrobothnia,Machinery,Agricultural and forestry machinery,GWh,2023,75.2
Central Ostrobothnia,Machinery,Agricultural and forestry machinery,GWh,2024,75.3
Central Ostrobothnia,Machinery,Other machinery,GWh,1990,6.4
Central Ostrobothnia,Machinery,Other machinery,GWh,2005,7.2
Central Ostrobothnia,Machinery,Other machinery,GWh,2006,7.4
Central Ostrobothnia,Machinery,Other machinery,GWh,2007,7.4
Central Ostrobothnia,Machinery,Other machinery,GWh,2008,7.1
Central Ostrobothnia,Machinery,Other machinery,GWh,2009,6.7
Central Ostrobothnia,Machinery,Other machinery,GWh,2010,6.6
Central Ostrobothnia,Machinery,Other machinery,GWh,2011,6.9
Central Ostrobothnia,Machinery,Other machinery,GWh,2012,7.2
Central Ostrobothnia,Machinery,Other machinery,GWh,2013,7.4
Central Ostrobothnia,Machinery,Other machinery,GWh,2014,7.3
Central Ostrobothnia,Machinery,Other machinery,GWh,2015,7.5
Central Ostrobothnia,Machinery,Other machinery,GWh,2016,7.5
Central Ostrobothnia,Machinery,Other machinery,GWh,2017,7.4
Central Ostrobothnia,Machinery,Other machinery,GWh,2018,6.9
Central Ostrobothnia,Machinery,Other machinery,GWh,2019,7.1
Central Ostrobothnia,Machinery,Other machinery,GWh,2020,7.1
Central Ostrobothnia,Machinery,Other machinery,GWh,2021,6.6
Central Ostrobothnia,Machinery,Other machinery,GWh,2022,6.7
Central Ostrobothnia,Machinery,Other machinery,GWh,2023,6.5
Central Ostrobothnia,Machinery,Other machinery,GWh,2024,6.2
Central Ostrobothnia,Machinery,Construction machinery,GWh,1990,25.5
Central Ostrobothnia,Machinery,Construction machinery,GWh,2005,22.0
Central Ostrobothnia,Machinery,Construction machinery,GWh,2006,21.0
Central Ostrobothnia,Machinery,Construction machinery,GWh,2007,24.9
Central Ostrobothnia,Machinery,Construction machinery,GWh,2008,21.7
Central Ostrobothnia,Machinery,Construction machinery,GWh,2009,31.4
Central Ostrobothnia,Machinery,Construction machinery,GWh,2010,49.2
Central Ostrobothnia,Machinery,Construction machinery,GWh,2011,32.9
Central Ostrobothnia,Machinery,Construction machinery,GWh,2012,17.8
Central Ostrobothnia,Machinery,Construction machinery,GWh,2013,27.2
Central Ostrobothnia,Machinery,Construction machinery,GWh,2014,18.2
Central Ostrobothnia,Machinery,Construction machinery,GWh,2015,29.7
Central Ostrobothnia,Machinery,Construction machinery,GWh,2016,21.4
Central Ostrobothnia,Machinery,Construction machinery,GWh,2017,20.4
Central Ostrobothnia,Machinery,Construction machinery,GWh,2018,21.3
Central Ostrobothnia,Machinery,Construction machinery,GWh,2019,19.0
Central Ostrobothnia,Machinery,Construction machinery,GWh,2020,17.6
Central Ostrobothnia,Machinery,Construction machinery,GWh,2021,17.7
Central Ostrobothnia,Machinery,Construction machinery,GWh,2022,15.0
Central Ostrobothnia,Machinery,Construction machinery,GWh,2023,12.1
Central Ostrobothnia,Machinery,Construction machinery,GWh,2024,18.0
Central Ostrobothnia,Machinery,Road construction machinery,GWh,1990,21.5
Central Ostrobothnia,Machinery,Road construction machinery,GWh,2005,23.0
Central Ostrobothnia,Machinery,Road construction machinery,GWh,2006,23.2
Central Ostrobothnia,Machinery,Road construction machinery,GWh,2007,23.9
Central Ostrobothnia,Machinery,Road construction machinery,GWh,2008,25.4
Central Ostrobothnia,Machinery,Road construction machinery,GWh,2009,25.1
Central Ostrobothnia,Machinery,Road construction machinery,GWh,2010,24.7
Central Ostrobothnia,Machinery,Road construction machinery,GWh,2011,22.8
Central Ostrobothnia,Machinery,Road construction machinery,GWh,2012,24.8
Central Ostrobothnia,Machinery,Road construction machinery,GWh,2013,24.4
Central Ostrobothnia,Machinery,Road construction machinery,GWh,2014,23.9
Central Ostrobothnia,Machinery,Road construction machinery,GWh,2015,24.0
Central Ostrobothnia,Machinery,Road construction machinery,GWh,2016,22.9
Central Ostrobothnia,Machinery,Road construction machinery,GWh,2017,26.2
Central Ostrobothnia,Machinery,Road construction machinery,GWh,2018,27.0
Central Ostrobothnia,Machinery,Road construction machinery,GWh,2019,28.0
Central Ostrobothnia,Machinery,Road construction machinery,GWh,2020,28.8
Central Ostrobothnia,Machinery,Road construction machinery,GWh,2021,27.9
Central Ostrobothnia,Machinery,Road construction machinery,GWh,2022,29.1
Central Ostrobothnia,Machinery,Road construction machinery,GWh,2023,29.0
Central Ostrobothnia,Machinery,Road construction machinery,GWh,2024,28.7
Central Ostrobothnia,Road transport,Passenger cars,GWh,1990,374.9
Central Ostrobothnia,Road transport,Passenger cars,GWh,2005,371.7
Central Ostrobothnia,Road transport,Passenger cars,GWh,2006,375.2
Central Ostrobothnia,Road transport,Passenger cars,GWh,2007,379.8
Central Ostrobothnia,Road transport,Passenger cars,GWh,2008,367.8
Central Ostrobothnia,Road transport,Passenger cars,GWh,2009,367.8
Central Ostrobothnia,Road transport,Passenger cars,GWh,2010,368.0
Central Ostrobothnia,Road transport,Passenger cars,GWh,2011,360.9
Central Ostrobothnia,Road transport,Passenger cars,GWh,2012,359.0
Central Ostrobothnia,Road transport,Passenger cars,GWh,2013,364.8
Central Ostrobothnia,Road transport,Passenger cars,GWh,2014,361.2
Central Ostrobothnia,Road transport,Passenger cars,GWh,2015,357.3
Central Ostrobothnia,Road transport,Passenger cars,GWh,2016,355.1
Central Ostrobothnia,Road transport,Passenger cars,GWh,2017,357.1
Central Ostrobothnia,Road transport,Passenger cars,GWh,2018,356.1
Central Ostrobothnia,Road transport,Passenger cars,GWh,2019,351.9
Central Ostrobothnia,Road transport,Passenger cars,GWh,2020,327.9
Central Ostrobothnia,Road transport,Passenger cars,GWh,2021,337.2
Central Ostrobothnia,Road transport,Passenger cars,GWh,2022,314.8
Central Ostrobothnia,Road transport,Passenger cars,GWh,2023,309.8
Central Ostrobothnia,Road transport,Passenger cars,GWh,2024,312.7
Central Ostrobothnia,Road transport,Trucks,GWh,1990,167.4
Central Ostrobothnia,Road transport,Trucks,GWh,2005,187.2
Central Ostrobothnia,Road transport,Trucks,GWh,2006,191.5
Central Ostrobothnia,Road transport,Trucks,GWh,2007,203.5
Central Ostrobothnia,Road transport,Trucks,GWh,2008,196.8
Central Ostrobothnia,Road transport,Trucks,GWh,2009,174.2
Central Ostrobothnia,Road transport,Trucks,GWh,2010,198.4
Central Ostrobothnia,Road transport,Trucks,GWh,2011,206.9
Central Ostrobothnia,Road transport,Trucks,GWh,2012,197.1
Central Ostrobothnia,Road transport,Trucks,GWh,2013,196.8
Central Ostrobothnia,Road transport,Trucks,GWh,2014,184.6
Central Ostrobothnia,Road transport,Trucks,GWh,2015,188.5
Central Ostrobothnia,Road transport,Trucks,GWh,2016,195.6
Central Ostrobothnia,Road transport,Trucks,GWh,2017,176.7
Central Ostrobothnia,Road transport,Trucks,GWh,2018,176.5
Central Ostrobothnia,Road transport,Trucks,GWh,2019,166.3
Central Ostrobothnia,Road transport,Trucks,GWh,2020,160.1
Central Ostrobothnia,Road transport,Trucks,GWh,2021,169.4
Central Ostrobothnia,Road transport,Trucks,GWh,2022,161.1
Central Ostrobothnia,Road transport,Trucks,GWh,2023,150.2
Central Ostrobothnia,Road transport,Trucks,GWh,2024,151.8
Central Ostrobothnia,Road transport,Buses,GWh,1990,2.8
Central Ostrobothnia,Road transport,Buses,GWh,2005,14.0
Central Ostrobothnia,Road transport,Buses,GWh,2006,13.8
Central Ostrobothnia,Road transport,Buses,GWh,2007,13.6
Central Ostrobothnia,Road transport,Buses,GWh,2008,12.3
Central Ostrobothnia,Road transport,Buses,GWh,2009,11.9
Central Ostrobothnia,Road transport,Buses,GWh,2010,9.5
Central Ostrobothnia,Road transport,Buses,GWh,2011,10.3
Central Ostrobothnia,Road transport,Buses,GWh,2012,10.8
Central Ostrobothnia,Road transport,Buses,GWh,2013,11.3
Central Ostrobothnia,Road transport,Buses,GWh,2014,10.4
Central Ostrobothnia,Road transport,Buses,GWh,2015,9.2
Central Ostrobothnia,Road transport,Buses,GWh,2016,10.4
Central Ostrobothnia,Road transport,Buses,GWh,2017,10.8
Central Ostrobothnia,Road transport,Buses,GWh,2018,11.7
Central Ostrobothnia,Road transport,Buses,GWh,2019,10.6
Central Ostrobothnia,Road transport,Buses,GWh,2020,8.3
Central Ostrobothnia,Road transport,Buses,GWh,2021,7.2
Central Ostrobothnia,Road transport,Buses,GWh,2022,8.3
Central Ostrobothnia,Road transport,Buses,GWh,2023,7.9
Central Ostrobothnia,Road transport,Buses,GWh,2024,7.7
Central Ostrobothnia,Road transport,Vancouver vans,GWh,1990,48.3
Central Ostrobothnia,Road transport,Vancouver vans,GWh,2005,43.4
Central Ostrobothnia,Road transport,Vancouver vans,GWh,2006,43.9
Central Ostrobothnia,Road transport,Vancouver vans,GWh,2007,44.5
Central Ostrobothnia,Road transport,Vancouver vans,GWh,2008,44.5
Central Ostrobothnia,Road transport,Vancouver vans,GWh,2009,45.2
Central Ostrobothnia,Road transport,Vancouver vans,GWh,2010,45.7
Central Ostrobothnia,Road transport,Vancouver vans,GWh,2011,45.5
Central Ostrobothnia,Road transport,Vancouver vans,GWh,2012,45.0
Central Ostrobothnia,Road transport,Vancouver vans,GWh,2013,44.9
Central Ostrobothnia,Road transport,Vancouver vans,GWh,2014,45.8
Central Ostrobothnia,Road transport,Vancouver vans,GWh,2015,46.6
Central Ostrobothnia,Road transport,Vancouver vans,GWh,2016,46.3
Central Ostrobothnia,Road transport,Vancouver vans,GWh,2017,54.5
Central Ostrobothnia,Road transport,Vancouver vans,GWh,2018,55.0
Central Ostrobothnia,Road transport,Vancouver vans,GWh,2019,54.5
Central Ostrobothnia,Road transport,Vancouver vans,GWh,2020,53.8
Central Ostrobothnia,Road transport,Vancouver vans,GWh,2021,57.3
Central Ostrobothnia,Road transport,Vancouver vans,GWh,2022,53.4
Central Ostrobothnia,Road transport,Vancouver vans,GWh,2023,52.4
Central Ostrobothnia,Road transport,Vancouver vans,GWh,2024,53.1
Central Ostrobothnia,Road transport,Drive-through traffic,GWh,1990,7.3
Central Ostrobothnia,Road transport,Drive-through traffic,GWh,2005,17.8
Central Ostrobothnia,Road transport,Drive-through traffic,GWh,2006,18.2
Central Ostrobothnia,Road transport,Drive-through traffic,GWh,2007,19.5
Central Ostrobothnia,Road transport,Drive-through traffic,GWh,2008,19.2
Central Ostrobothnia,Road transport,Drive-through traffic,GWh,2009,18.7
Central Ostrobothnia,Road transport,Drive-through traffic,GWh,2010,21.0
Central Ostrobothnia,Road transport,Drive-through traffic,GWh,2011,19.9
Central Ostrobothnia,Road transport,Drive-through traffic,GWh,2012,19.1
Central Ostrobothnia,Road transport,Drive-through traffic,GWh,2013,18.3
Central Ostrobothnia,Road transport,Drive-through traffic,GWh,2014,19.7
Central Ostrobothnia,Road transport,Drive-through traffic,GWh,2015,18.8
Central Ostrobothnia,Road transport,Drive-through traffic,GWh,2016,21.3
Central Ostrobothnia,Road transport,Drive-through traffic,GWh,2017,23.3
Central Ostrobothnia,Road transport,Drive-through traffic,GWh,2018,24.3
Central Ostrobothnia,Road transport,Drive-through traffic,GWh,2019,25.6
Central Ostrobothnia,Road transport,Drive-through traffic,GWh,2020,22.9
Central Ostrobothnia,Road transport,Drive-through traffic,GWh,2021,25.9
Central Ostrobothnia,Road transport,Drive-through traffic,GWh,2022,28.7
Central Ostrobothnia,Road transport,Drive-through traffic,GWh,2023,28.3
Central Ostrobothnia,Road transport,Drive-through traffic,GWh,2024,24.7
Central Ostrobothnia,Road transport,Motorcycles and mopeds,GWh,1990,1.5
Central Ostrobothnia,Road transport,Motorcycles and mopeds,GWh,2005,5.5
Central Ostrobothnia,Road transport,Motorcycles and mopeds,GWh,2006,6.0
Central Ostrobothnia,Road transport,Motorcycles and mopeds,GWh,2007,6.5
Central Ostrobothnia,Road transport,Motorcycles and mopeds,GWh,2008,6.7
Central Ostrobothnia,Road transport,Motorcycles and mopeds,GWh,2009,6.8
Central Ostrobothnia,Road transport,Motorcycles and mopeds,GWh,2010,7.1
Central Ostrobothnia,Road transport,Motorcycles and mopeds,GWh,2011,7.5
Central Ostrobothnia,Road transport,Motorcycles and mopeds,GWh,2012,7.5
Central Ostrobothnia,Road transport,Motorcycles and mopeds,GWh,2013,7.9
Central Ostrobothnia,Road transport,Motorcycles and mopeds,GWh,2014,7.8
Central Ostrobothnia,Road transport,Motorcycles and mopeds,GWh,2015,7.8
Central Ostrobothnia,Road transport,Motorcycles and mopeds,GWh,2016,7.5
Central Ostrobothnia,Road transport,Motorcycles and mopeds,GWh,2017,5.8
Central Ostrobothnia,Road transport,Motorcycles and mopeds,GWh,2018,5.8
Central Ostrobothnia,Road transport,Motorcycles and mopeds,GWh,2019,5.8
Central Ostrobothnia,Road transport,Motorcycles and mopeds,GWh,2020,5.5
Central Ostrobothnia,Road transport,Motorcycles and mopeds,GWh,2021,5.8
Central Ostrobothnia,Road transport,Motorcycles and mopeds,GWh,2022,5.3
Central Ostrobothnia,Road transport,Motorcycles and mopeds,GWh,2023,5.5
Central Ostrobothnia,Road transport,Motorcycles and mopeds,GWh,2024,5.6
Central Ostrobothnia,Rail transport,Diesel,GWh,1990,13.1
Central Ostrobothnia,Rail transport,Diesel,GWh,2005,8.7
Central Ostrobothnia,Rail transport,Diesel,GWh,2006,9.3
Central Ostrobothnia,Rail transport,Diesel,GWh,2007,8.2
Central Ostrobothnia,Rail transport,Diesel,GWh,2008,9.2
Central Ostrobothnia,Rail transport,Diesel,GWh,2009,7.7
Central Ostrobothnia,Rail transport,Diesel,GWh,2010,8.4
Central Ostrobothnia,Rail transport,Diesel,GWh,2011,9.1
Central Ostrobothnia,Rail transport,Diesel,GWh,2012,9.4
Central Ostrobothnia,Rail transport,Diesel,GWh,2013,8.3
Central Ostrobothnia,Rail transport,Diesel,GWh,2014,7.7
Central Ostrobothnia,Rail transport,Diesel,GWh,2015,6.5
Central Ostrobothnia,Rail transport,Diesel,GWh,2016,6.2
Central Ostrobothnia,Rail transport,Diesel,GWh,2017,6.1
Central Ostrobothnia,Rail transport,Diesel,GWh,2018,5.4
Central Ostrobothnia,Rail transport,Diesel,GWh,2019,5.8
Central Ostrobothnia,Rail transport,Diesel,GWh,2020,5.8
Central Ostrobothnia,Rail transport,Diesel,GWh,2021,6.3
Central Ostrobothnia,Rail transport,Diesel,GWh,2022,4.4
Central Ostrobothnia,Rail transport,Diesel,GWh,2023,4.5
Central Ostrobothnia,Rail transport,Diesel,GWh,2024,3.4
Central Ostrobothnia,Rail transport,Electricity,GWh,1990,13.0
Central Ostrobothnia,Rail transport,Electricity,GWh,2005,19.1
Central Ostrobothnia,Rail transport,Electricity,GWh,2006,19.9
Central Ostrobothnia,Rail transport,Electricity,GWh,2007,22.0
Central Ostrobothnia,Rail transport,Electricity,GWh,2008,22.9
Central Ostrobothnia,Rail transport,Electricity,GWh,2009,21.9
Central Ostrobothnia,Rail transport,Electricity,GWh,2010,23.0
Central Ostrobothnia,Rail transport,Electricity,GWh,2011,22.2
Central Ostrobothnia,Rail transport,Electricity,GWh,2012,22.7
Central Ostrobothnia,Rail transport,Electricity,GWh,2013,23.0
Central Ostrobothnia,Rail transport,Electricity,GWh,2014,22.2
Central Ostrobothnia,Rail transport,Electricity,GWh,2015,20.9
Central Ostrobothnia,Rail transport,Electricity,GWh,2016,21.0
Central Ostrobothnia,Rail transport,Electricity,GWh,2017,22.1
Central Ostrobothnia,Rail transport,Electricity,GWh,2018,22.3
Central Ostrobothnia,Rail transport,Electricity,GWh,2019,21.9
Central Ostrobothnia,Rail transport,Electricity,GWh,2020,21.1
Central Ostrobothnia,Rail transport,Electricity,GWh,2021,20.1
Central Ostrobothnia,Rail transport,Electricity,GWh,2022,16.4
Central Ostrobothnia,Rail transport,Electricity,GWh,2023,17.3
Central Ostrobothnia,Rail transport,Electricity,GWh,2024,18.8
Central Ostrobothnia,Rail transport,Community trains,GWh,1990,0.0
Central Ostrobothnia,Rail transport,Community trains,GWh,2005,0.0
Central Ostrobothnia,Rail transport,Community trains,GWh,2006,0.0
Central Ostrobothnia,Rail transport,Community trains,GWh,2007,0.0
Central Ostrobothnia,Rail transport,Community trains,GWh,2008,0.0
Central Ostrobothnia,Rail transport,Community trains,GWh,2009,0.0
Central Ostrobothnia,Rail transport,Community trains,GWh,2010,0.0
Central Ostrobothnia,Rail transport,Community trains,GWh,2011,0.0
Central Ostrobothnia,Rail transport,Community trains,GWh,2012,0.0
Central Ostrobothnia,Rail transport,Community trains,GWh,2013,0.0
Central Ostrobothnia,Rail transport,Community trains,GWh,2014,0.0
Central Ostrobothnia,Rail transport,Community trains,GWh,2015,0.0
Central Ostrobothnia,Rail transport,Community trains,GWh,2016,0.0
Central Ostrobothnia,Rail transport,Community trains,GWh,2017,0.0
Central Ostrobothnia,Rail transport,Community trains,GWh,2018,0.0
Central Ostrobothnia,Rail transport,Community trains,GWh,2019,0.0
Central Ostrobothnia,Rail transport,Community trains,GWh,2020,0.0
Central Ostrobothnia,Rail transport,Community trains,GWh,2021,0.0
Central Ostrobothnia,Rail transport,Community trains,GWh,2022,0.0
Central Ostrobothnia,Rail transport,Community trains,GWh,2023,0.0
Central Ostrobothnia,Rail transport,Community trains,GWh,2024,0.0
Central Ostrobothnia,Rail transport,Metros and trams,GWh,1990,0.0
Central Ostrobothnia,Rail transport,Metros and trams,GWh,2005,0.0
Central Ostrobothnia,Rail transport,Metros and trams,GWh,2006,0.0
Central Ostrobothnia,Rail transport,Metros and trams,GWh,2007,0.0
Central Ostrobothnia,Rail transport,Metros and trams,GWh,2008,0.0
Central Ostrobothnia,Rail transport,Metros and trams,GWh,2009,0.0
Central Ostrobothnia,Rail transport,Metros and trams,GWh,2010,0.0
Central Ostrobothnia,Rail transport,Metros and trams,GWh,2011,0.0
Central Ostrobothnia,Rail transport,Metros and trams,GWh,2012,0.0
Central Ostrobothnia,Rail transport,Metros and trams,GWh,2013,0.0
Central Ostrobothnia,Rail transport,Metros and trams,GWh,2014,0.0
Central Ostrobothnia,Rail transport,Metros and trams,GWh,2015,0.0
Central Ostrobothnia,Rail transport,Metros and trams,GWh,2016,0.0
Central Ostrobothnia,Rail transport,Metros and trams,GWh,2017,0.0
Central Ostrobothnia,Rail transport,Metros and trams,GWh,2018,0.0
Central Ostrobothnia,Rail transport,Metros and trams,GWh,2019,0.0
Central Ostrobothnia,Rail transport,Metros and trams,GWh,2020,0.0
Central Ostrobothnia,Rail transport,Metros and trams,GWh,2021,0.0
Central Ostrobothnia,Rail transport,Metros and trams,GWh,2022,0.0
Central Ostrobothnia,Rail transport,Metros and trams,GWh,2023,0.0
Central Ostrobothnia,Rail transport,Metros and trams,GWh,2024,0.0
Central Ostrobothnia,Water transport,Pleasure boats,GWh,1990,6.3
Central Ostrobothnia,Water transport,Pleasure boats,GWh,2005,6.7
Central Ostrobothnia,Water transport,Pleasure boats,GWh,2006,6.9
Central Ostrobothnia,Water transport,Pleasure boats,GWh,2007,7.0
Central Ostrobothnia,Water transport,Pleasure boats,GWh,2008,5.7
Central Ostrobothnia,Water transport,Pleasure boats,GWh,2009,5.9
Central Ostrobothnia,Water transport,Pleasure boats,GWh,2010,6.3
Central Ostrobothnia,Water transport,Pleasure boats,GWh,2011,5.0
Central Ostrobothnia,Water transport,Pleasure boats,GWh,2012,5.3
Central Ostrobothnia,Water transport,Pleasure boats,GWh,2013,5.6
Central Ostrobothnia,Water transport,Pleasure boats,GWh,2014,5.2
Central Ostrobothnia,Water transport,Pleasure boats,GWh,2015,5.4
Central Ostrobothnia,Water transport,Pleasure boats,GWh,2016,5.1
Central Ostrobothnia,Water transport,Pleasure boats,GWh,2017,5.1
Central Ostrobothnia,Water transport,Pleasure boats,GWh,2018,5.1
Central Ostrobothnia,Water transport,Pleasure boats,GWh,2019,5.1
Central Ostrobothnia,Water transport,Pleasure boats,GWh,2020,5.9
Central Ostrobothnia,Water transport,Pleasure boats,GWh,2021,6.6
Central Ostrobothnia,Water transport,Pleasure boats,GWh,2022,5.3
Central Ostrobothnia,Water transport,Pleasure boats,GWh,2023,5.3
Central Ostrobothnia,Water transport,Pleasure boats,GWh,2024,5.5
Central Ostrobothnia,Water transport,Passenger traffic,GWh,1990,0.4
Central Ostrobothnia,Water transport,Passenger traffic,GWh,2005,0.5
Central Ostrobothnia,Water transport,Passenger traffic,GWh,2006,0.5
Central Ostrobothnia,Water transport,Passenger traffic,GWh,2007,0.4
Central Ostrobothnia,Water transport,Passenger traffic,GWh,2008,0.6
Central Ostrobothnia,Water transport,Passenger traffic,GWh,2009,0.6
Central Ostrobothnia,Water transport,Passenger traffic,GWh,2010,0.5
Central Ostrobothnia,Water transport,Passenger traffic,GWh,2011,0.5
Central Ostrobothnia,Water transport,Passenger traffic,GWh,2012,0.1
Central Ostrobothnia,Water transport,Passenger traffic,GWh,2013,0.1
Central Ostrobothnia,Water transport,Passenger traffic,GWh,2014,0.1
Central Ostrobothnia,Water transport,Passenger traffic,GWh,2015,0.1
Central Ostrobothnia,Water transport,Passenger traffic,GWh,2016,0.1
Central Ostrobothnia,Water transport,Passenger traffic,GWh,2017,0.1
Central Ostrobothnia,Water transport,Passenger traffic,GWh,2018,0.1
Central Ostrobothnia,Water transport,Passenger traffic,GWh,2019,0.1
Central Ostrobothnia,Water transport,Passenger traffic,GWh,2020,0.0
Central Ostrobothnia,Water transport,Passenger traffic,GWh,2021,0.0
Central Ostrobothnia,Water transport,Passenger traffic,GWh,2022,0.0
Central Ostrobothnia,Water transport,Passenger traffic,GWh,2023,0.0
Central Ostrobothnia,Water transport,Passenger traffic,GWh,2024,0.0
Central Ostrobothnia,Water transport,Goods traffic,GWh,1990,6.7
Central Ostrobothnia,Water transport,Goods traffic,GWh,2005,6.9
Central Ostrobothnia,Water transport,Goods traffic,GWh,2006,9.8
Central Ostrobothnia,Water transport,Goods traffic,GWh,2007,12.4
Central Ostrobothnia,Water transport,Goods traffic,GWh,2008,13.1
Central Ostrobothnia,Water transport,Goods traffic,GWh,2009,13.7
Central Ostrobothnia,Water transport,Goods traffic,GWh,2010,10.7
Central Ostrobothnia,Water transport,Goods traffic,GWh,2011,7.5
Central Ostrobothnia,Water transport,Goods traffic,GWh,2012,13.3
Central Ostrobothnia,Water transport,Goods traffic,GWh,2013,10.7
Central Ostrobothnia,Water transport,Goods traffic,GWh,2014,11.2
Central Ostrobothnia,Water transport,Goods traffic,GWh,2015,12.1
Central Ostrobothnia,Water transport,Goods traffic,GWh,2016,8.0
Central Ostrobothnia,Water transport,Goods traffic,GWh,2017,9.1
Central Ostrobothnia,Water transport,Goods traffic,GWh,2018,9.5
Central Ostrobothnia,Water transport,Goods traffic,GWh,2019,5.7
Central Ostrobothnia,Water transport,Goods traffic,GWh,2020,5.4
Central Ostrobothnia,Water transport,Goods traffic,GWh,2021,3.8
Central Ostrobothnia,Water transport,Goods traffic,GWh,2022,4.6
Central Ostrobothnia,Water transport,Goods traffic,GWh,2023,4.0
Central Ostrobothnia,Water transport,Goods traffic,GWh,2024,4.6
Central Ostrobothnia,Water transport,Fishing vessels,GWh,1990,13.3
Central Ostrobothnia,Water transport,Fishing vessels,GWh,2005,9.8
Central Ostrobothnia,Water transport,Fishing vessels,GWh,2006,11.5
Central Ostrobothnia,Water transport,Fishing vessels,GWh,2007,11.2
Central Ostrobothnia,Water transport,Fishing vessels,GWh,2008,16.4
Central Ostrobothnia,Water transport,Fishing vessels,GWh,2009,12.3
Central Ostrobothnia,Water transport,Fishing vessels,GWh,2010,17.8
Central Ostrobothnia,Water transport,Fishing vessels,GWh,2011,17.0
Central Ostrobothnia,Water transport,Fishing vessels,GWh,2012,22.2
Central Ostrobothnia,Water transport,Fishing vessels,GWh,2013,14.9
Central Ostrobothnia,Water transport,Fishing vessels,GWh,2014,9.8
Central Ostrobothnia,Water transport,Fishing vessels,GWh,2015,13.5
Central Ostrobothnia,Water transport,Fishing vessels,GWh,2016,13.3
Central Ostrobothnia,Water transport,Fishing vessels,GWh,2017,11.6
Central Ostrobothnia,Water transport,Fishing vessels,GWh,2018,10.9
Central Ostrobothnia,Water transport,Fishing vessels,GWh,2019,12.6
Central Ostrobothnia,Water transport,Fishing vessels,GWh,2020,11.9
Central Ostrobothnia,Water transport,Fishing vessels,GWh,2021,12.4
Central Ostrobothnia,Water transport,Fishing vessels,GWh,2022,12.6
Central Ostrobothnia,Water transport,Fishing vessels,GWh,2023,12.7
Central Ostrobothnia,Water transport,Fishing vessels,GWh,2024,12.8
Central Ostrobothnia,Water transport,,GWh,1990,0.0
Central Ostrobothnia,Water transport,,GWh,2005,0.0
Central Ostrobothnia,Water transport,,GWh,2006,0.0
Central Ostrobothnia,Water transport,,GWh,2007,0.0
Central Ostrobothnia,Water transport,,GWh,2008,0.0
Central Ostrobothnia,Water transport,,GWh,2009,0.0
Central Ostrobothnia,Water transport,,GWh,2010,0.0
Central Ostrobothnia,Water transport,,GWh,2011,0.0
Central Ostrobothnia,Water transport,,GWh,2012,0.0
Central Ostrobothnia,Water transport,,GWh,2013,0.0
Central Ostrobothnia,Water transport,,GWh,2014,0.0
Central Ostrobothnia,Water transport,,GWh,2015,0.0
Central Ostrobothnia,Water transport,,GWh,2016,0.0
Central Ostrobothnia,Water transport,,GWh,2017,0.0
Central Ostrobothnia,Water transport,,GWh,2018,0.0
Central Ostrobothnia,Water transport,,GWh,2019,0.0
Central Ostrobothnia,Water transport,,GWh,2020,0.0
Central Ostrobothnia,Water transport,,GWh,2021,0.0
Central Ostrobothnia,Water transport,,GWh,2022,0.0
Central Ostrobothnia,Water transport,,GWh,2023,0.0
Central Ostrobothnia,Water transport,,GWh,2024,0.0
Central Ostrobothnia,Water transport,Workboats and ships,GWh,1990,7.8
Central Ostrobothnia,Water transport,Workboats and ships,GWh,2005,6.7
Central Ostrobothnia,Water transport,Workboats and ships,GWh,2006,6.8
Central Ostrobothnia,Water transport,Workboats and ships,GWh,2007,6.8
Central Ostrobothnia,Water transport,Workboats and ships,GWh,2008,6.8
Central Ostrobothnia,Water transport,Workboats and ships,GWh,2009,6.8
Central Ostrobothnia,Water transport,Workboats and ships,GWh,2010,6.8
Central Ostrobothnia,Water transport,Workboats and ships,GWh,2011,6.8
Central Ostrobothnia,Water transport,Workboats and ships,GWh,2012,6.8
Central Ostrobothnia,Water transport,Workboats and ships,GWh,2013,6.8
Central Ostrobothnia,Water transport,Workboats and ships,GWh,2014,6.8
Central Ostrobothnia,Water transport,Workboats and ships,GWh,2015,6.9
Central Ostrobothnia,Water transport,Workboats and ships,GWh,2016,6.8
Central Ostrobothnia,Water transport,Workboats and ships,GWh,2017,6.7
Central Ostrobothnia,Water transport,Workboats and ships,GWh,2018,6.7
Central Ostrobothnia,Water transport,Workboats and ships,GWh,2019,6.7
Central Ostrobothnia,Water transport,Workboats and ships,GWh,2020,6.7
Central Ostrobothnia,Water transport,Workboats and ships,GWh,2021,6.7
Central Ostrobothnia,Water transport,Workboats and ships,GWh,2022,6.7
Central Ostrobothnia,Water transport,Workboats and ships,GWh,2023,6.7
Central Ostrobothnia,Water transport,Workboats and ships,GWh,2024,3.3
Central Ostrobothnia,Emission credits,Wind power,GWh,1990,0.0
Central Ostrobothnia,Emission credits,Wind power,GWh,2005,4.5
Central Ostrobothnia,Emission credits,Wind power,GWh,2006,3.9
Central Ostrobothnia,Emission credits,Wind power,GWh,2007,3.6
Central Ostrobothnia,Emission credits,Wind power,GWh,2008,3.8
Central Ostrobothnia,Emission credits,Wind power,GWh,2009,3.9
Central Ostrobothnia,Emission credits,Wind power,GWh,2010,3.0
Central Ostrobothnia,Emission credits,Wind power,GWh,2011,4.8
Central Ostrobothnia,Emission credits,Wind power,GWh,2012,3.9
Central Ostrobothnia,Emission credits,Wind power,GWh,2013,43.2
Central Ostrobothnia,Emission credits,Wind power,GWh,2014,39.9
Central Ostrobothnia,Emission credits,Wind power,GWh,2015,52.6
Central Ostrobothnia,Emission credits,Wind power,GWh,2016,146.7
Central Ostrobothnia,Emission credits,Wind power,GWh,2017,211.1
Central Ostrobothnia,Emission credits,Wind power,GWh,2018,257.5
Central Ostrobothnia,Emission credits,Wind power,GWh,2019,393.3
Central Ostrobothnia,Emission credits,Wind power,GWh,2020,458.9
Central Ostrobothnia,Emission credits,Wind power,GWh,2021,260.7
Central Ostrobothnia,Emission credits,Wind power,GWh,2022,784.1
Central Ostrobothnia,Emission credits,Wind power,GWh,2023,802.7
Central Ostrobothnia,Emission credits,Wind power,GWh,2024,1031.6
Kainuu,Electricity,Housing,GWh,1990,137.8
Kainuu,Electricity,Housing,GWh,2005,160.7
Kainuu,Electricity,Housing,GWh,2006,164.1
Kainuu,Electricity,Housing,GWh,2007,167.0
Kainuu,Electricity,Housing,GWh,2008,161.8
Kainuu,Electricity,Housing,GWh,2009,169.3
Kainuu,Electricity,Housing,GWh,2010,184.4
Kainuu,Electricity,Housing,GWh,2011,162.1
Kainuu,Electricity,Housing,GWh,2012,173.4
Kainuu,Electricity,Housing,GWh,2013,165.7
Kainuu,Electricity,Housing,GWh,2014,159.0
Kainuu,Electricity,Housing,GWh,2015,157.4
Kainuu,Electricity,Housing,GWh,2016,167.6
Kainuu,Electricity,Housing,GWh,2017,164.8
Kainuu,Electricity,Housing,GWh,2018,157.7
Kainuu,Electricity,Housing,GWh,2019,150.8
Kainuu,Electricity,Housing,GWh,2020,164.2
Kainuu,Electricity,Housing,GWh,2021,189.6
Kainuu,Electricity,Housing,GWh,2022,158.9
Kainuu,Electricity,Housing,GWh,2023,151.6
Kainuu,Electricity,Housing,GWh,2024,156.8
Kainuu,Electricity,Agriculture,GWh,1990,8.8
Kainuu,Electricity,Agriculture,GWh,2005,13.0
Kainuu,Electricity,Agriculture,GWh,2006,13.9
Kainuu,Electricity,Agriculture,GWh,2007,14.7
Kainuu,Electricity,Agriculture,GWh,2008,15.0
Kainuu,Electricity,Agriculture,GWh,2009,15.1
Kainuu,Electricity,Agriculture,GWh,2010,15.9
Kainuu,Electricity,Agriculture,GWh,2011,16.7
Kainuu,Electricity,Agriculture,GWh,2012,16.8
Kainuu,Electricity,Agriculture,GWh,2013,11.9
Kainuu,Electricity,Agriculture,GWh,2014,11.1
Kainuu,Electricity,Agriculture,GWh,2015,10.4
Kainuu,Electricity,Agriculture,GWh,2016,13.5
Kainuu,Electricity,Agriculture,GWh,2017,13.1
Kainuu,Electricity,Agriculture,GWh,2018,13.7
Kainuu,Electricity,Agriculture,GWh,2019,13.6
Kainuu,Electricity,Agriculture,GWh,2020,8.7
Kainuu,Electricity,Agriculture,GWh,2021,8.8
Kainuu,Electricity,Agriculture,GWh,2022,8.2
Kainuu,Electricity,Agriculture,GWh,2023,7.4
Kainuu,Electricity,Agriculture,GWh,2024,6.3
Kainuu,Electricity,Services,GWh,1990,147.8
Kainuu,Electricity,Services,GWh,2005,226.1
Kainuu,Electricity,Services,GWh,2006,239.1
Kainuu,Electricity,Services,GWh,2007,243.2
Kainuu,Electricity,Services,GWh,2008,231.3
Kainuu,Electricity,Services,GWh,2009,251.0
Kainuu,Electricity,Services,GWh,2010,244.4
Kainuu,Electricity,Services,GWh,2011,262.6
Kainuu,Electricity,Services,GWh,2012,257.4
Kainuu,Electricity,Services,GWh,2013,243.5
Kainuu,Electricity,Services,GWh,2014,253.6
Kainuu,Electricity,Services,GWh,2015,260.2
Kainuu,Electricity,Services,GWh,2016,259.0
Kainuu,Electricity,Services,GWh,2017,267.5
Kainuu,Electricity,Services,GWh,2018,262.4
Kainuu,Electricity,Services,GWh,2019,242.4
Kainuu,Electricity,Services,GWh,2020,250.3
Kainuu,Electricity,Services,GWh,2021,269.9
Kainuu,Electricity,Services,GWh,2022,261.2
Kainuu,Electricity,Services,GWh,2023,218.8
Kainuu,Electricity,Services,GWh,2024,236.5
Kainuu,Electricity,Industry,GWh,1990,1355.8
Kainuu,Electricity,Industry,GWh,2005,1630.4
Kainuu,Electricity,Industry,GWh,2006,1785.3
Kainuu,Electricity,Industry,GWh,2007,1770.6
Kainuu,Electricity,Industry,GWh,2008,1251.5
Kainuu,Electricity,Industry,GWh,2009,333.5
Kainuu,Electricity,Industry,GWh,2010,453.9
Kainuu,Electricity,Industry,GWh,2011,497.0
Kainuu,Electricity,Industry,GWh,2012,530.9
Kainuu,Electricity,Industry,GWh,2013,474.9
Kainuu,Electricity,Industry,GWh,2014,399.1
Kainuu,Electricity,Industry,GWh,2015,401.1
Kainuu,Electricity,Industry,GWh,2016,500.9
Kainuu,Electricity,Industry,GWh,2017,590.5
Kainuu,Electricity,Industry,GWh,2018,619.2
Kainuu,Electricity,Industry,GWh,2019,602.6
Kainuu,Electricity,Industry,GWh,2020,633.0
Kainuu,Electricity,Industry,GWh,2021,681.3
Kainuu,Electricity,Industry,GWh,2022,713.5
Kainuu,Electricity,Industry,GWh,2023,713.0
Kainuu,Electricity,Industry,GWh,2024,746.8
Kainuu,Electric heating,Housing,GWh,1990,129.2
Kainuu,Electric heating,Housing,GWh,2005,154.4
Kainuu,Electric heating,Housing,GWh,2006,161.2
Kainuu,Electric heating,Housing,GWh,2007,159.8
Kainuu,Electric heating,Housing,GWh,2008,158.8
Kainuu,Electric heating,Housing,GWh,2009,162.1
Kainuu,Electric heating,Housing,GWh,2010,171.9
Kainuu,Electric heating,Housing,GWh,2011,154.2
Kainuu,Electric heating,Housing,GWh,2012,165.7
Kainuu,Electric heating,Housing,GWh,2013,155.0
Kainuu,Electric heating,Housing,GWh,2014,149.9
Kainuu,Electric heating,Housing,GWh,2015,147.5
Kainuu,Electric heating,Housing,GWh,2016,154.3
Kainuu,Electric heating,Housing,GWh,2017,158.3
Kainuu,Electric heating,Housing,GWh,2018,149.7
Kainuu,Electric heating,Housing,GWh,2019,147.3
Kainuu,Electric heating,Housing,GWh,2020,164.4
Kainuu,Electric heating,Housing,GWh,2021,182.6
Kainuu,Electric heating,Housing,GWh,2022,149.3
Kainuu,Electric heating,Housing,GWh,2023,144.2
Kainuu,Electric heating,Housing,GWh,2024,148.2
Kainuu,Electric heating,Agriculture,GWh,1990,5.5
Kainuu,Electric heating,Agriculture,GWh,2005,7.5
Kainuu,Electric heating,Agriculture,GWh,2006,7.8
Kainuu,Electric heating,Agriculture,GWh,2007,7.7
Kainuu,Electric heating,Agriculture,GWh,2008,8.0
Kainuu,Electric heating,Agriculture,GWh,2009,8.3
Kainuu,Electric heating,Agriculture,GWh,2010,8.0
Kainuu,Electric heating,Agriculture,GWh,2011,8.3
Kainuu,Electric heating,Agriculture,GWh,2012,8.6
Kainuu,Electric heating,Agriculture,GWh,2013,8.4
Kainuu,Electric heating,Agriculture,GWh,2014,8.1
Kainuu,Electric heating,Agriculture,GWh,2015,8.0
Kainuu,Electric heating,Agriculture,GWh,2016,7.7
Kainuu,Electric heating,Agriculture,GWh,2017,7.8
Kainuu,Electric heating,Agriculture,GWh,2018,7.6
Kainuu,Electric heating,Agriculture,GWh,2019,7.2
Kainuu,Electric heating,Agriculture,GWh,2020,7.6
Kainuu,Electric heating,Agriculture,GWh,2021,7.4
Kainuu,Electric heating,Agriculture,GWh,2022,6.8
Kainuu,Electric heating,Agriculture,GWh,2023,7.1
Kainuu,Electric heating,Agriculture,GWh,2024,6.3
Kainuu,Electric heating,Services,GWh,1990,29.7
Kainuu,Electric heating,Services,GWh,2005,32.0
Kainuu,Electric heating,Services,GWh,2006,26.4
Kainuu,Electric heating,Services,GWh,2007,27.6
Kainuu,Electric heating,Services,GWh,2008,28.5
Kainuu,Electric heating,Services,GWh,2009,27.9
Kainuu,Electric heating,Services,GWh,2010,27.9
Kainuu,Electric heating,Services,GWh,2011,28.6
Kainuu,Electric heating,Services,GWh,2012,30.3
Kainuu,Electric heating,Services,GWh,2013,30.0
Kainuu,Electric heating,Services,GWh,2014,30.1
Kainuu,Electric heating,Services,GWh,2015,29.9
Kainuu,Electric heating,Services,GWh,2016,29.3
Kainuu,Electric heating,Services,GWh,2017,30.3
Kainuu,Electric heating,Services,GWh,2018,30.0
Kainuu,Electric heating,Services,GWh,2019,31.4
Kainuu,Electric heating,Services,GWh,2020,29.8
Kainuu,Electric heating,Services,GWh,2021,30.2
Kainuu,Electric heating,Services,GWh,2022,29.2
Kainuu,Electric heating,Services,GWh,2023,28.9
Kainuu,Electric heating,Services,GWh,2024,28.4
Kainuu,District heating,Housing,GWh,1990,217.9
Kainuu,District heating,Housing,GWh,2005,327.6
Kainuu,District heating,Housing,GWh,2006,361.3
Kainuu,District heating,Housing,GWh,2007,354.8
Kainuu,District heating,Housing,GWh,2008,362.4
Kainuu,District heating,Housing,GWh,2009,378.6
Kainuu,District heating,Housing,GWh,2010,398.9
Kainuu,District heating,Housing,GWh,2011,375.5
Kainuu,District heating,Housing,GWh,2012,412.3
Kainuu,District heating,Housing,GWh,2013,374.7
Kainuu,District heating,Housing,GWh,2014,373.1
Kainuu,District heating,Housing,GWh,2015,348.9
Kainuu,District heating,Housing,GWh,2016,376.4
Kainuu,District heating,Housing,GWh,2017,345.6
Kainuu,District heating,Housing,GWh,2018,335.2
Kainuu,District heating,Housing,GWh,2019,340.0
Kainuu,District heating,Housing,GWh,2020,331.3
Kainuu,District heating,Housing,GWh,2021,378.1
Kainuu,District heating,Housing,GWh,2022,335.2
Kainuu,District heating,Housing,GWh,2023,352.2
Kainuu,District heating,Housing,GWh,2024,345.4
Kainuu,District heating,Agriculture,GWh,1990,0.5
Kainuu,District heating,Agriculture,GWh,2005,0.6
Kainuu,District heating,Agriculture,GWh,2006,2.1
Kainuu,District heating,Agriculture,GWh,2007,2.1
Kainuu,District heating,Agriculture,GWh,2008,2.1
Kainuu,District heating,Agriculture,GWh,2009,2.2
Kainuu,District heating,Agriculture,GWh,2010,2.3
Kainuu,District heating,Agriculture,GWh,2011,2.0
Kainuu,District heating,Agriculture,GWh,2012,2.1
Kainuu,District heating,Agriculture,GWh,2013,2.2
Kainuu,District heating,Agriculture,GWh,2014,2.2
Kainuu,District heating,Agriculture,GWh,2015,2.5
Kainuu,District heating,Agriculture,GWh,2016,2.5
Kainuu,District heating,Agriculture,GWh,2017,2.5
Kainuu,District heating,Agriculture,GWh,2018,2.4
Kainuu,District heating,Agriculture,GWh,2019,2.4
Kainuu,District heating,Agriculture,GWh,2020,2.2
Kainuu,District heating,Agriculture,GWh,2021,2.5
Kainuu,District heating,Agriculture,GWh,2022,2.3
Kainuu,District heating,Agriculture,GWh,2023,2.4
Kainuu,District heating,Agriculture,GWh,2024,2.3
Kainuu,District heating,Services,GWh,1990,165.2
Kainuu,District heating,Services,GWh,2005,221.9
Kainuu,District heating,Services,GWh,2006,223.1
Kainuu,District heating,Services,GWh,2007,217.2
Kainuu,District heating,Services,GWh,2008,223.3
Kainuu,District heating,Services,GWh,2009,242.7
Kainuu,District heating,Services,GWh,2010,263.0
Kainuu,District heating,Services,GWh,2011,230.5
Kainuu,District heating,Services,GWh,2012,253.4
Kainuu,District heating,Services,GWh,2013,231.1
Kainuu,District heating,Services,GWh,2014,230.1
Kainuu,District heating,Services,GWh,2015,216.4
Kainuu,District heating,Services,GWh,2016,233.9
Kainuu,District heating,Services,GWh,2017,251.8
Kainuu,District heating,Services,GWh,2018,243.2
Kainuu,District heating,Services,GWh,2019,251.1
Kainuu,District heating,Services,GWh,2020,244.2
Kainuu,District heating,Services,GWh,2021,283.5
Kainuu,District heating,Services,GWh,2022,250.3
Kainuu,District heating,Services,GWh,2023,259.7
Kainuu,District heating,Services,GWh,2024,256.9
Kainuu,District heating,Industry,GWh,1990,75.8
Kainuu,District heating,Industry,GWh,2005,99.6
Kainuu,District heating,Industry,GWh,2006,101.1
Kainuu,District heating,Industry,GWh,2007,96.2
Kainuu,District heating,Industry,GWh,2008,99.2
Kainuu,District heating,Industry,GWh,2009,102.3
Kainuu,District heating,Industry,GWh,2010,110.4
Kainuu,District heating,Industry,GWh,2011,117.5
Kainuu,District heating,Industry,GWh,2012,125.4
Kainuu,District heating,Industry,GWh,2013,107.9
Kainuu,District heating,Industry,GWh,2014,108.4
Kainuu,District heating,Industry,GWh,2015,103.7
Kainuu,District heating,Industry,GWh,2016,109.4
Kainuu,District heating,Industry,GWh,2017,111.3
Kainuu,District heating,Industry,GWh,2018,107.9
Kainuu,District heating,Industry,GWh,2019,110.0
Kainuu,District heating,Industry,GWh,2020,112.2
Kainuu,District heating,Industry,GWh,2021,137.3
Kainuu,District heating,Industry,GWh,2022,123.6
Kainuu,District heating,Industry,GWh,2023,130.9
Kainuu,District heating,Industry,GWh,2024,128.6
Kainuu,Oil heating,Housing,GWh,1990,111.8
Kainuu,Oil heating,Housing,GWh,2005,103.8
Kainuu,Oil heating,Housing,GWh,2006,105.4
Kainuu,Oil heating,Housing,GWh,2007,100.0
Kainuu,Oil heating,Housing,GWh,2008,74.5
Kainuu,Oil heating,Housing,GWh,2009,73.4
Kainuu,Oil heating,Housing,GWh,2010,78.8
Kainuu,Oil heating,Housing,GWh,2011,56.7
Kainuu,Oil heating,Housing,GWh,2012,58.8
Kainuu,Oil heating,Housing,GWh,2013,48.0
Kainuu,Oil heating,Housing,GWh,2014,46.2
Kainuu,Oil heating,Housing,GWh,2015,40.4
Kainuu,Oil heating,Housing,GWh,2016,39.6
Kainuu,Oil heating,Housing,GWh,2017,35.6
Kainuu,Oil heating,Housing,GWh,2018,31.4
Kainuu,Oil heating,Housing,GWh,2019,29.6
Kainuu,Oil heating,Housing,GWh,2020,26.7
Kainuu,Oil heating,Housing,GWh,2021,23.4
Kainuu,Oil heating,Housing,GWh,2022,17.5
Kainuu,Oil heating,Housing,GWh,2023,8.6
Kainuu,Oil heating,Housing,GWh,2024,7.5
Kainuu,Oil heating,Agriculture,GWh,1990,9.0
Kainuu,Oil heating,Agriculture,GWh,2005,3.9
Kainuu,Oil heating,Agriculture,GWh,2006,3.6
Kainuu,Oil heating,Agriculture,GWh,2007,3.2
Kainuu,Oil heating,Agriculture,GWh,2008,2.5
Kainuu,Oil heating,Agriculture,GWh,2009,2.8
Kainuu,Oil heating,Agriculture,GWh,2010,3.2
Kainuu,Oil heating,Agriculture,GWh,2011,2.4
Kainuu,Oil heating,Agriculture,GWh,2012,2.7
Kainuu,Oil heating,Agriculture,GWh,2013,1.9
Kainuu,Oil heating,Agriculture,GWh,2014,2.0
Kainuu,Oil heating,Agriculture,GWh,2015,1.5
Kainuu,Oil heating,Agriculture,GWh,2016,1.2
Kainuu,Oil heating,Agriculture,GWh,2017,1.1
Kainuu,Oil heating,Agriculture,GWh,2018,1.3
Kainuu,Oil heating,Agriculture,GWh,2019,1.3
Kainuu,Oil heating,Agriculture,GWh,2020,1.2
Kainuu,Oil heating,Agriculture,GWh,2021,1.4
Kainuu,Oil heating,Agriculture,GWh,2022,1.2
Kainuu,Oil heating,Agriculture,GWh,2023,1.3
Kainuu,Oil heating,Agriculture,GWh,2024,0.9
Kainuu,Oil heating,Services,GWh,1990,58.0
Kainuu,Oil heating,Services,GWh,2005,52.6
Kainuu,Oil heating,Services,GWh,2006,53.4
Kainuu,Oil heating,Services,GWh,2007,50.7
Kainuu,Oil heating,Services,GWh,2008,41.0
Kainuu,Oil heating,Services,GWh,2009,44.7
Kainuu,Oil heating,Services,GWh,2010,48.1
Kainuu,Oil heating,Services,GWh,2011,43.0
Kainuu,Oil heating,Services,GWh,2012,47.5
Kainuu,Oil heating,Services,GWh,2013,41.8
Kainuu,Oil heating,Services,GWh,2014,42.0
Kainuu,Oil heating,Services,GWh,2015,38.7
Kainuu,Oil heating,Services,GWh,2016,41.5
Kainuu,Oil heating,Services,GWh,2017,43.3
Kainuu,Oil heating,Services,GWh,2018,43.1
Kainuu,Oil heating,Services,GWh,2019,44.6
Kainuu,Oil heating,Services,GWh,2020,40.1
Kainuu,Oil heating,Services,GWh,2021,46.7
Kainuu,Oil heating,Services,GWh,2022,43.3
Kainuu,Oil heating,Services,GWh,2023,44.8
Kainuu,Oil heating,Services,GWh,2024,43.7
Kainuu,Other heating,Housing,GWh,1990,293.0
Kainuu,Other heating,Housing,GWh,2005,486.8
Kainuu,Other heating,Housing,GWh,2006,478.9
Kainuu,Other heating,Housing,GWh,2007,496.5
Kainuu,Other heating,Housing,GWh,2008,498.7
Kainuu,Other heating,Housing,GWh,2009,513.2
Kainuu,Other heating,Housing,GWh,2010,555.9
Kainuu,Other heating,Housing,GWh,2011,484.1
Kainuu,Other heating,Housing,GWh,2012,524.7
Kainuu,Other heating,Housing,GWh,2013,484.1
Kainuu,Other heating,Housing,GWh,2014,489.1
Kainuu,Other heating,Housing,GWh,2015,457.3
Kainuu,Other heating,Housing,GWh,2016,475.5
Kainuu,Other heating,Housing,GWh,2017,462.1
Kainuu,Other heating,Housing,GWh,2018,448.7
Kainuu,Other heating,Housing,GWh,2019,447.7
Kainuu,Other heating,Housing,GWh,2020,410.7
Kainuu,Other heating,Housing,GWh,2021,456.6
Kainuu,Other heating,Housing,GWh,2022,412.6
Kainuu,Other heating,Housing,GWh,2023,404.4
Kainuu,Other heating,Housing,GWh,2024,383.5
Kainuu,Other heating,Agriculture,GWh,1990,38.3
Kainuu,Other heating,Agriculture,GWh,2005,50.5
Kainuu,Other heating,Agriculture,GWh,2006,52.3
Kainuu,Other heating,Agriculture,GWh,2007,51.9
Kainuu,Other heating,Agriculture,GWh,2008,49.4
Kainuu,Other heating,Agriculture,GWh,2009,51.0
Kainuu,Other heating,Agriculture,GWh,2010,57.5
Kainuu,Other heating,Agriculture,GWh,2011,50.5
Kainuu,Other heating,Agriculture,GWh,2012,59.4
Kainuu,Other heating,Agriculture,GWh,2013,62.2
Kainuu,Other heating,Agriculture,GWh,2014,58.5
Kainuu,Other heating,Agriculture,GWh,2015,54.4
Kainuu,Other heating,Agriculture,GWh,2016,57.1
Kainuu,Other heating,Agriculture,GWh,2017,59.3
Kainuu,Other heating,Agriculture,GWh,2018,54.2
Kainuu,Other heating,Agriculture,GWh,2019,49.1
Kainuu,Other heating,Agriculture,GWh,2020,47.1
Kainuu,Other heating,Agriculture,GWh,2021,44.9
Kainuu,Other heating,Agriculture,GWh,2022,42.3
Kainuu,Other heating,Agriculture,GWh,2023,42.4
Kainuu,Other heating,Agriculture,GWh,2024,28.1
Kainuu,Other heating,Services,GWh,1990,39.9
Kainuu,Other heating,Services,GWh,2005,33.4
Kainuu,Other heating,Services,GWh,2006,34.3
Kainuu,Other heating,Services,GWh,2007,35.9
Kainuu,Other heating,Services,GWh,2008,36.8
Kainuu,Other heating,Services,GWh,2009,39.0
Kainuu,Other heating,Services,GWh,2010,42.6
Kainuu,Other heating,Services,GWh,2011,38.7
Kainuu,Other heating,Services,GWh,2012,42.3
Kainuu,Other heating,Services,GWh,2013,39.5
Kainuu,Other heating,Services,GWh,2014,39.8
Kainuu,Other heating,Services,GWh,2015,35.8
Kainuu,Other heating,Services,GWh,2016,41.2
Kainuu,Other heating,Services,GWh,2017,41.2
Kainuu,Other heating,Services,GWh,2018,41.2
Kainuu,Other heating,Services,GWh,2019,41.1
Kainuu,Other heating,Services,GWh,2020,37.2
Kainuu,Other heating,Services,GWh,2021,42.9
Kainuu,Other heating,Services,GWh,2022,38.5
Kainuu,Other heating,Services,GWh,2023,39.2
Kainuu,Other heating,Services,GWh,2024,38.0
Kainuu,Industry,Industrial fuels,GWh,1990,955.5
Kainuu,Industry,Industrial fuels,GWh,2005,370.9
Kainuu,Industry,Industrial fuels,GWh,2006,384.7
Kainuu,Industry,Industrial fuels,GWh,2007,418.6
Kainuu,Industry,Industrial fuels,GWh,2008,429.6
Kainuu,Industry,Industrial fuels,GWh,2009,178.0
Kainuu,Industry,Industrial fuels,GWh,2010,115.0
Kainuu,Industry,Industrial fuels,GWh,2011,322.5
Kainuu,Industry,Industrial fuels,GWh,2012,329.1
Kainuu,Industry,Industrial fuels,GWh,2013,304.1
Kainuu,Industry,Industrial fuels,GWh,2014,253.6
Kainuu,Industry,Industrial fuels,GWh,2015,236.0
Kainuu,Industry,Industrial fuels,GWh,2016,216.1
Kainuu,Industry,Industrial fuels,GWh,2017,280.7
Kainuu,Industry,Industrial fuels,GWh,2018,272.1
Kainuu,Industry,Industrial fuels,GWh,2019,251.9
Kainuu,Industry,Industrial fuels,GWh,2020,262.0
Kainuu,Industry,Industrial fuels,GWh,2021,160.5
Kainuu,Industry,Industrial fuels,GWh,2022,118.8
Kainuu,Industry,Industrial fuels,GWh,2023,320.2
Kainuu,Industry,Industrial fuels,GWh,2024,240.1
Kainuu,Machinery,Mining and industrial machinery,GWh,1990,39.9
Kainuu,Machinery,Mining and industrial machinery,GWh,2005,40.6
Kainuu,Machinery,Mining and industrial machinery,GWh,2006,43.4
Kainuu,Machinery,Mining and industrial machinery,GWh,2007,44.6
Kainuu,Machinery,Mining and industrial machinery,GWh,2008,45.2
Kainuu,Machinery,Mining and industrial machinery,GWh,2009,61.3
Kainuu,Machinery,Mining and industrial machinery,GWh,2010,78.8
Kainuu,Machinery,Mining and industrial machinery,GWh,2011,128.9
Kainuu,Machinery,Mining and industrial machinery,GWh,2012,173.8
Kainuu,Machinery,Mining and industrial machinery,GWh,2013,117.9
Kainuu,Machinery,Mining and industrial machinery,GWh,2014,80.9
Kainuu,Machinery,Mining and industrial machinery,GWh,2015,31.9
Kainuu,Machinery,Mining and industrial machinery,GWh,2016,65.1
Kainuu,Machinery,Mining and industrial machinery,GWh,2017,125.2
Kainuu,Machinery,Mining and industrial machinery,GWh,2018,146.6
Kainuu,Machinery,Mining and industrial machinery,GWh,2019,167.2
Kainuu,Machinery,Mining and industrial machinery,GWh,2020,155.9
Kainuu,Machinery,Mining and industrial machinery,GWh,2021,162.4
Kainuu,Machinery,Mining and industrial machinery,GWh,2022,188.8
Kainuu,Machinery,Mining and industrial machinery,GWh,2023,200.5
Kainuu,Machinery,Mining and industrial machinery,GWh,2024,214.3
Kainuu,Machinery,Agricultural and forestry machinery,GWh,1990,127.6
Kainuu,Machinery,Agricultural and forestry machinery,GWh,2005,146.7
Kainuu,Machinery,Agricultural and forestry machinery,GWh,2006,160.7
Kainuu,Machinery,Agricultural and forestry machinery,GWh,2007,153.5
Kainuu,Machinery,Agricultural and forestry machinery,GWh,2008,148.7
Kainuu,Machinery,Agricultural and forestry machinery,GWh,2009,158.0
Kainuu,Machinery,Agricultural and forestry machinery,GWh,2010,145.7
Kainuu,Machinery,Agricultural and forestry machinery,GWh,2011,165.4
Kainuu,Machinery,Agricultural and forestry machinery,GWh,2012,144.3
Kainuu,Machinery,Agricultural and forestry machinery,GWh,2013,157.1
Kainuu,Machinery,Agricultural and forestry machinery,GWh,2014,157.3
Kainuu,Machinery,Agricultural and forestry machinery,GWh,2015,177.4
Kainuu,Machinery,Agricultural and forestry machinery,GWh,2016,172.5
Kainuu,Machinery,Agricultural and forestry machinery,GWh,2017,161.6
Kainuu,Machinery,Agricultural and forestry machinery,GWh,2018,199.4
Kainuu,Machinery,Agricultural and forestry machinery,GWh,2019,191.9
Kainuu,Machinery,Agricultural and forestry machinery,GWh,2020,199.1
Kainuu,Machinery,Agricultural and forestry machinery,GWh,2021,161.3
Kainuu,Machinery,Agricultural and forestry machinery,GWh,2022,177.2
Kainuu,Machinery,Agricultural and forestry machinery,GWh,2023,166.0
Kainuu,Machinery,Agricultural and forestry machinery,GWh,2024,155.8
Kainuu,Machinery,Other machinery,GWh,1990,8.6
Kainuu,Machinery,Other machinery,GWh,2005,9.9
Kainuu,Machinery,Other machinery,GWh,2006,10.0
Kainuu,Machinery,Other machinery,GWh,2007,10.1
Kainuu,Machinery,Other machinery,GWh,2008,9.7
Kainuu,Machinery,Other machinery,GWh,2009,9.1
Kainuu,Machinery,Other machinery,GWh,2010,9.0
Kainuu,Machinery,Other machinery,GWh,2011,9.5
Kainuu,Machinery,Other machinery,GWh,2012,9.9
Kainuu,Machinery,Other machinery,GWh,2013,10.1
Kainuu,Machinery,Other machinery,GWh,2014,9.9
Kainuu,Machinery,Other machinery,GWh,2015,10.2
Kainuu,Machinery,Other machinery,GWh,2016,10.2
Kainuu,Machinery,Other machinery,GWh,2017,10.0
Kainuu,Machinery,Other machinery,GWh,2018,9.4
Kainuu,Machinery,Other machinery,GWh,2019,9.6
Kainuu,Machinery,Other machinery,GWh,2020,9.6
Kainuu,Machinery,Other machinery,GWh,2021,9.0
Kainuu,Machinery,Other machinery,GWh,2022,9.2
Kainuu,Machinery,Other machinery,GWh,2023,8.9
Kainuu,Machinery,Other machinery,GWh,2024,8.4
Kainuu,Machinery,Construction machinery,GWh,1990,22.0
Kainuu,Machinery,Construction machinery,GWh,2005,16.7
Kainuu,Machinery,Construction machinery,GWh,2006,17.3
Kainuu,Machinery,Construction machinery,GWh,2007,19.2
Kainuu,Machinery,Construction machinery,GWh,2008,23.7
Kainuu,Machinery,Construction machinery,GWh,2009,24.1
Kainuu,Machinery,Construction machinery,GWh,2010,18.3
Kainuu,Machinery,Construction machinery,GWh,2011,17.0
Kainuu,Machinery,Construction machinery,GWh,2012,21.8
Kainuu,Machinery,Construction machinery,GWh,2013,18.1
Kainuu,Machinery,Construction machinery,GWh,2014,16.9
Kainuu,Machinery,Construction machinery,GWh,2015,17.5
Kainuu,Machinery,Construction machinery,GWh,2016,10.5
Kainuu,Machinery,Construction machinery,GWh,2017,17.7
Kainuu,Machinery,Construction machinery,GWh,2018,13.1
Kainuu,Machinery,Construction machinery,GWh,2019,26.8
Kainuu,Machinery,Construction machinery,GWh,2020,18.5
Kainuu,Machinery,Construction machinery,GWh,2021,26.5
Kainuu,Machinery,Construction machinery,GWh,2022,13.9
Kainuu,Machinery,Construction machinery,GWh,2023,12.8
Kainuu,Machinery,Construction machinery,GWh,2024,20.8
Kainuu,Machinery,Road construction machinery,GWh,1990,30.9
Kainuu,Machinery,Road construction machinery,GWh,2005,33.4
Kainuu,Machinery,Road construction machinery,GWh,2006,33.7
Kainuu,Machinery,Road construction machinery,GWh,2007,34.8
Kainuu,Machinery,Road construction machinery,GWh,2008,36.9
Kainuu,Machinery,Road construction machinery,GWh,2009,36.6
Kainuu,Machinery,Road construction machinery,GWh,2010,36.0
Kainuu,Machinery,Road construction machinery,GWh,2011,33.1
Kainuu,Machinery,Road construction machinery,GWh,2012,36.1
Kainuu,Machinery,Road construction machinery,GWh,2013,35.6
Kainuu,Machinery,Road construction machinery,GWh,2014,34.8
Kainuu,Machinery,Road construction machinery,GWh,2015,34.9
Kainuu,Machinery,Road construction machinery,GWh,2016,33.1
Kainuu,Machinery,Road construction machinery,GWh,2017,38.1
Kainuu,Machinery,Road construction machinery,GWh,2018,39.2
Kainuu,Machinery,Road construction machinery,GWh,2019,40.8
Kainuu,Machinery,Road construction machinery,GWh,2020,41.9
Kainuu,Machinery,Road construction machinery,GWh,2021,40.6
Kainuu,Machinery,Road construction machinery,GWh,2022,42.4
Kainuu,Machinery,Road construction machinery,GWh,2023,42.2
Kainuu,Machinery,Road construction machinery,GWh,2024,41.7
Kainuu,Road transport,Passenger cars,GWh,1990,479.5
Kainuu,Road transport,Passenger cars,GWh,2005,418.4
Kainuu,Road transport,Passenger cars,GWh,2006,416.7
Kainuu,Road transport,Passenger cars,GWh,2007,420.6
Kainuu,Road transport,Passenger cars,GWh,2008,408.5
Kainuu,Road transport,Passenger cars,GWh,2009,412.0
Kainuu,Road transport,Passenger cars,GWh,2010,411.1
Kainuu,Road transport,Passenger cars,GWh,2011,398.8
Kainuu,Road transport,Passenger cars,GWh,2012,393.3
Kainuu,Road transport,Passenger cars,GWh,2013,395.9
Kainuu,Road transport,Passenger cars,GWh,2014,388.9
Kainuu,Road transport,Passenger cars,GWh,2015,382.7
Kainuu,Road transport,Passenger cars,GWh,2016,372.5
Kainuu,Road transport,Passenger cars,GWh,2017,379.9
Kainuu,Road transport,Passenger cars,GWh,2018,377.1
Kainuu,Road transport,Passenger cars,GWh,2019,369.0
Kainuu,Road transport,Passenger cars,GWh,2020,342.5
Kainuu,Road transport,Passenger cars,GWh,2021,348.9
Kainuu,Road transport,Passenger cars,GWh,2022,326.5
Kainuu,Road transport,Passenger cars,GWh,2023,320.8
Kainuu,Road transport,Passenger cars,GWh,2024,318.6
Kainuu,Road transport,Trucks,GWh,1990,165.5
Kainuu,Road transport,Trucks,GWh,2005,183.8
Kainuu,Road transport,Trucks,GWh,2006,186.0
Kainuu,Road transport,Trucks,GWh,2007,195.8
Kainuu,Road transport,Trucks,GWh,2008,187.2
Kainuu,Road transport,Trucks,GWh,2009,165.5
Kainuu,Road transport,Trucks,GWh,2010,187.9
Kainuu,Road transport,Trucks,GWh,2011,193.5
Kainuu,Road transport,Trucks,GWh,2012,183.9
Kainuu,Road transport,Trucks,GWh,2013,183.4
Kainuu,Road transport,Trucks,GWh,2014,171.1
Kainuu,Road transport,Trucks,GWh,2015,172.0
Kainuu,Road transport,Trucks,GWh,2016,187.9
Kainuu,Road transport,Trucks,GWh,2017,176.0
Kainuu,Road transport,Trucks,GWh,2018,172.6
Kainuu,Road transport,Trucks,GWh,2019,170.6
Kainuu,Road transport,Trucks,GWh,2020,173.4
Kainuu,Road transport,Trucks,GWh,2021,181.8
Kainuu,Road transport,Trucks,GWh,2022,175.5
Kainuu,Road transport,Trucks,GWh,2023,163.5
Kainuu,Road transport,Trucks,GWh,2024,162.0
Kainuu,Road transport,Buses,GWh,1990,3.6
Kainuu,Road transport,Buses,GWh,2005,11.2
Kainuu,Road transport,Buses,GWh,2006,11.9
Kainuu,Road transport,Buses,GWh,2007,11.8
Kainuu,Road transport,Buses,GWh,2008,11.3
Kainuu,Road transport,Buses,GWh,2009,10.5
Kainuu,Road transport,Buses,GWh,2010,10.9
Kainuu,Road transport,Buses,GWh,2011,10.6
Kainuu,Road transport,Buses,GWh,2012,11.4
Kainuu,Road transport,Buses,GWh,2013,12.0
Kainuu,Road transport,Buses,GWh,2014,12.1
Kainuu,Road transport,Buses,GWh,2015,10.6
Kainuu,Road transport,Buses,GWh,2016,11.4
Kainuu,Road transport,Buses,GWh,2017,14.3
Kainuu,Road transport,Buses,GWh,2018,13.1
Kainuu,Road transport,Buses,GWh,2019,14.3
Kainuu,Road transport,Buses,GWh,2020,9.5
Kainuu,Road transport,Buses,GWh,2021,10.3
Kainuu,Road transport,Buses,GWh,2022,10.2
Kainuu,Road transport,Buses,GWh,2023,9.3
Kainuu,Road transport,Buses,GWh,2024,8.2
Kainuu,Road transport,Vancouver vans,GWh,1990,50.6
Kainuu,Road transport,Vancouver vans,GWh,2005,54.6
Kainuu,Road transport,Vancouver vans,GWh,2006,55.6
Kainuu,Road transport,Vancouver vans,GWh,2007,56.8
Kainuu,Road transport,Vancouver vans,GWh,2008,57.0
Kainuu,Road transport,Vancouver vans,GWh,2009,58.3
Kainuu,Road transport,Vancouver vans,GWh,2010,59.2
Kainuu,Road transport,Vancouver vans,GWh,2011,58.8
Kainuu,Road transport,Vancouver vans,GWh,2012,58.4
Kainuu,Road transport,Vancouver vans,GWh,2013,58.2
Kainuu,Road transport,Vancouver vans,GWh,2014,59.1
Kainuu,Road transport,Vancouver vans,GWh,2015,60.1
Kainuu,Road transport,Vancouver vans,GWh,2016,60.5
Kainuu,Road transport,Vancouver vans,GWh,2017,70.3
Kainuu,Road transport,Vancouver vans,GWh,2018,70.7
Kainuu,Road transport,Vancouver vans,GWh,2019,69.8
Kainuu,Road transport,Vancouver vans,GWh,2020,68.9
Kainuu,Road transport,Vancouver vans,GWh,2021,73.6
Kainuu,Road transport,Vancouver vans,GWh,2022,68.4
Kainuu,Road transport,Vancouver vans,GWh,2023,68.4
Kainuu,Road transport,Vancouver vans,GWh,2024,68.8
Kainuu,Road transport,Drive-through traffic,GWh,1990,53.6
Kainuu,Road transport,Drive-through traffic,GWh,2005,65.8
Kainuu,Road transport,Drive-through traffic,GWh,2006,67.7
Kainuu,Road transport,Drive-through traffic,GWh,2007,73.0
Kainuu,Road transport,Drive-through traffic,GWh,2008,72.2
Kainuu,Road transport,Drive-through traffic,GWh,2009,67.1
Kainuu,Road transport,Drive-through traffic,GWh,2010,71.9
Kainuu,Road transport,Drive-through traffic,GWh,2011,76.3
Kainuu,Road transport,Drive-through traffic,GWh,2012,73.0
Kainuu,Road transport,Drive-through traffic,GWh,2013,72.4
Kainuu,Road transport,Drive-through traffic,GWh,2014,71.6
Kainuu,Road transport,Drive-through traffic,GWh,2015,75.2
Kainuu,Road transport,Drive-through traffic,GWh,2016,74.4
Kainuu,Road transport,Drive-through traffic,GWh,2017,74.6
Kainuu,Road transport,Drive-through traffic,GWh,2018,78.5
Kainuu,Road transport,Drive-through traffic,GWh,2019,76.8
Kainuu,Road transport,Drive-through traffic,GWh,2020,78.1
Kainuu,Road transport,Drive-through traffic,GWh,2021,83.4
Kainuu,Road transport,Drive-through traffic,GWh,2022,78.2
Kainuu,Road transport,Drive-through traffic,GWh,2023,84.2
Kainuu,Road transport,Drive-through traffic,GWh,2024,84.7
Kainuu,Road transport,Motorcycles and mopeds,GWh,1990,1.9
Kainuu,Road transport,Motorcycles and mopeds,GWh,2005,4.3
Kainuu,Road transport,Motorcycles and mopeds,GWh,2006,4.7
Kainuu,Road transport,Motorcycles and mopeds,GWh,2007,5.2
Kainuu,Road transport,Motorcycles and mopeds,GWh,2008,5.5
Kainuu,Road transport,Motorcycles and mopeds,GWh,2009,5.6
Kainuu,Road transport,Motorcycles and mopeds,GWh,2010,5.9
Kainuu,Road transport,Motorcycles and mopeds,GWh,2011,6.5
Kainuu,Road transport,Motorcycles and mopeds,GWh,2012,6.8
Kainuu,Road transport,Motorcycles and mopeds,GWh,2013,7.0
Kainuu,Road transport,Motorcycles and mopeds,GWh,2014,6.9
Kainuu,Road transport,Motorcycles and mopeds,GWh,2015,6.9
Kainuu,Road transport,Motorcycles and mopeds,GWh,2016,6.4
Kainuu,Road transport,Motorcycles and mopeds,GWh,2017,5.2
Kainuu,Road transport,Motorcycles and mopeds,GWh,2018,5.3
Kainuu,Road transport,Motorcycles and mopeds,GWh,2019,5.2
Kainuu,Road transport,Motorcycles and mopeds,GWh,2020,5.0
Kainuu,Road transport,Motorcycles and mopeds,GWh,2021,5.0
Kainuu,Road transport,Motorcycles and mopeds,GWh,2022,4.9
Kainuu,Road transport,Motorcycles and mopeds,GWh,2023,5.0
Kainuu,Road transport,Motorcycles and mopeds,GWh,2024,5.1
Kainuu,Rail transport,Diesel,GWh,1990,63.2
Kainuu,Rail transport,Diesel,GWh,2005,42.0
Kainuu,Rail transport,Diesel,GWh,2006,43.5
Kainuu,Rail transport,Diesel,GWh,2007,37.2
Kainuu,Rail transport,Diesel,GWh,2008,40.1
Kainuu,Rail transport,Diesel,GWh,2009,32.9
Kainuu,Rail transport,Diesel,GWh,2010,34.9
Kainuu,Rail transport,Diesel,GWh,2011,36.7
Kainuu,Rail transport,Diesel,GWh,2012,37.1
Kainuu,Rail transport,Diesel,GWh,2013,39.6
Kainuu,Rail transport,Diesel,GWh,2014,40.7
Kainuu,Rail transport,Diesel,GWh,2015,35.6
Kainuu,Rail transport,Diesel,GWh,2016,37.9
Kainuu,Rail transport,Diesel,GWh,2017,41.5
Kainuu,Rail transport,Diesel,GWh,2018,36.9
Kainuu,Rail transport,Diesel,GWh,2019,34.0
Kainuu,Rail transport,Diesel,GWh,2020,32.9
Kainuu,Rail transport,Diesel,GWh,2021,35.4
Kainuu,Rail transport,Diesel,GWh,2022,13.3
Kainuu,Rail transport,Diesel,GWh,2023,9.8
Kainuu,Rail transport,Diesel,GWh,2024,8.9
Kainuu,Rail transport,Electricity,GWh,1990,7.1
Kainuu,Rail transport,Electricity,GWh,2005,10.7
Kainuu,Rail transport,Electricity,GWh,2006,10.9
Kainuu,Rail transport,Electricity,GWh,2007,11.5
Kainuu,Rail transport,Electricity,GWh,2008,11.6
Kainuu,Rail transport,Electricity,GWh,2009,10.9
Kainuu,Rail transport,Electricity,GWh,2010,11.2
Kainuu,Rail transport,Electricity,GWh,2011,11.1
Kainuu,Rail transport,Electricity,GWh,2012,11.1
Kainuu,Rail transport,Electricity,GWh,2013,12.2
Kainuu,Rail transport,Electricity,GWh,2014,13.5
Kainuu,Rail transport,Electricity,GWh,2015,13.5
Kainuu,Rail transport,Electricity,GWh,2016,15.5
Kainuu,Rail transport,Electricity,GWh,2017,17.5
Kainuu,Rail transport,Electricity,GWh,2018,16.1
Kainuu,Rail transport,Electricity,GWh,2019,14.3
Kainuu,Rail transport,Electricity,GWh,2020,13.7
Kainuu,Rail transport,Electricity,GWh,2021,12.2
Kainuu,Rail transport,Electricity,GWh,2022,5.8
Kainuu,Rail transport,Electricity,GWh,2023,5.6
Kainuu,Rail transport,Electricity,GWh,2024,5.8
Kainuu,Rail transport,Community trains,GWh,1990,0.0
Kainuu,Rail transport,Community trains,GWh,2005,0.0
Kainuu,Rail transport,Community trains,GWh,2006,0.0
Kainuu,Rail transport,Community trains,GWh,2007,0.0
Kainuu,Rail transport,Community trains,GWh,2008,0.0
Kainuu,Rail transport,Community trains,GWh,2009,0.0
Kainuu,Rail transport,Community trains,GWh,2010,0.0
Kainuu,Rail transport,Community trains,GWh,2011,0.0
Kainuu,Rail transport,Community trains,GWh,2012,0.0
Kainuu,Rail transport,Community trains,GWh,2013,0.0
Kainuu,Rail transport,Community trains,GWh,2014,0.0
Kainuu,Rail transport,Community trains,GWh,2015,0.0
Kainuu,Rail transport,Community trains,GWh,2016,0.0
Kainuu,Rail transport,Community trains,GWh,2017,0.0
Kainuu,Rail transport,Community trains,GWh,2018,0.0
Kainuu,Rail transport,Community trains,GWh,2019,0.0
Kainuu,Rail transport,Community trains,GWh,2020,0.0
Kainuu,Rail transport,Community trains,GWh,2021,0.0
Kainuu,Rail transport,Community trains,GWh,2022,0.0
Kainuu,Rail transport,Community trains,GWh,2023,0.0
Kainuu,Rail transport,Community trains,GWh,2024,0.0
Kainuu,Rail transport,Metros and trams,GWh,1990,0.0
Kainuu,Rail transport,Metros and trams,GWh,2005,0.0
Kainuu,Rail transport,Metros and trams,GWh,2006,0.0
Kainuu,Rail transport,Metros and trams,GWh,2007,0.0
Kainuu,Rail transport,Metros and trams,GWh,2008,0.0
Kainuu,Rail transport,Metros and trams,GWh,2009,0.0
Kainuu,Rail transport,Metros and trams,GWh,2010,0.0
Kainuu,Rail transport,Metros and trams,GWh,2011,0.0
Kainuu,Rail transport,Metros and trams,GWh,2012,0.0
Kainuu,Rail transport,Metros and trams,GWh,2013,0.0
Kainuu,Rail transport,Metros and trams,GWh,2014,0.0
Kainuu,Rail transport,Metros and trams,GWh,2015,0.0
Kainuu,Rail transport,Metros and trams,GWh,2016,0.0
Kainuu,Rail transport,Metros and trams,GWh,2017,0.0
Kainuu,Rail transport,Metros and trams,GWh,2018,0.0
Kainuu,Rail transport,Metros and trams,GWh,2019,0.0
Kainuu,Rail transport,Metros and trams,GWh,2020,0.0
Kainuu,Rail transport,Metros and trams,GWh,2021,0.0
Kainuu,Rail transport,Metros and trams,GWh,2022,0.0
Kainuu,Rail transport,Metros and trams,GWh,2023,0.0
Kainuu,Rail transport,Metros and trams,GWh,2024,0.0
Kainuu,Water transport,Pleasure boats,GWh,1990,7.1
Kainuu,Water transport,Pleasure boats,GWh,2005,7.5
Kainuu,Water transport,Pleasure boats,GWh,2006,7.8
Kainuu,Water transport,Pleasure boats,GWh,2007,7.8
Kainuu,Water transport,Pleasure boats,GWh,2008,6.4
Kainuu,Water transport,Pleasure boats,GWh,2009,6.6
Kainuu,Water transport,Pleasure boats,GWh,2010,7.0
Kainuu,Water transport,Pleasure boats,GWh,2011,5.6
Kainuu,Water transport,Pleasure boats,GWh,2012,5.9
Kainuu,Water transport,Pleasure boats,GWh,2013,6.3
Kainuu,Water transport,Pleasure boats,GWh,2014,5.8
Kainuu,Water transport,Pleasure boats,GWh,2015,6.0
Kainuu,Water transport,Pleasure boats,GWh,2016,5.7
Kainuu,Water transport,Pleasure boats,GWh,2017,5.6
Kainuu,Water transport,Pleasure boats,GWh,2018,5.6
Kainuu,Water transport,Pleasure boats,GWh,2019,5.7
Kainuu,Water transport,Pleasure boats,GWh,2020,6.6
Kainuu,Water transport,Pleasure boats,GWh,2021,7.3
Kainuu,Water transport,Pleasure boats,GWh,2022,5.9
Kainuu,Water transport,Pleasure boats,GWh,2023,5.9
Kainuu,Water transport,Pleasure boats,GWh,2024,6.2
Kainuu,Water transport,Passenger traffic,GWh,1990,0.0
Kainuu,Water transport,Passenger traffic,GWh,2005,0.0
Kainuu,Water transport,Passenger traffic,GWh,2006,0.0
Kainuu,Water transport,Passenger traffic,GWh,2007,0.0
Kainuu,Water transport,Passenger traffic,GWh,2008,0.0
Kainuu,Water transport,Passenger traffic,GWh,2009,0.0
Kainuu,Water transport,Passenger traffic,GWh,2010,0.1
Kainuu,Water transport,Passenger traffic,GWh,2011,0.2
Kainuu,Water transport,Passenger traffic,GWh,2012,0.2
Kainuu,Water transport,Passenger traffic,GWh,2013,0.2
Kainuu,Water transport,Passenger traffic,GWh,2014,0.2
Kainuu,Water transport,Passenger traffic,GWh,2015,0.2
Kainuu,Water transport,Passenger traffic,GWh,2016,0.1
Kainuu,Water transport,Passenger traffic,GWh,2017,0.1
Kainuu,Water transport,Passenger traffic,GWh,2018,0.1
Kainuu,Water transport,Passenger traffic,GWh,2019,0.1
Kainuu,Water transport,Passenger traffic,GWh,2020,0.1
Kainuu,Water transport,Passenger traffic,GWh,2021,0.1
Kainuu,Water transport,Passenger traffic,GWh,2022,0.0
Kainuu,Water transport,Passenger traffic,GWh,2023,0.0
Kainuu,Water transport,Passenger traffic,GWh,2024,0.0
Kainuu,Water transport,Goods traffic,GWh,1990,0.0
Kainuu,Water transport,Goods traffic,GWh,2005,0.0
Kainuu,Water transport,Goods traffic,GWh,2006,0.0
Kainuu,Water transport,Goods traffic,GWh,2007,0.0
Kainuu,Water transport,Goods traffic,GWh,2008,0.0
Kainuu,Water transport,Goods traffic,GWh,2009,0.0
Kainuu,Water transport,Goods traffic,GWh,2010,0.0
Kainuu,Water transport,Goods traffic,GWh,2011,0.0
Kainuu,Water transport,Goods traffic,GWh,2012,0.0
Kainuu,Water transport,Goods traffic,GWh,2013,0.0
Kainuu,Water transport,Goods traffic,GWh,2014,0.0
Kainuu,Water transport,Goods traffic,GWh,2015,0.0
Kainuu,Water transport,Goods traffic,GWh,2016,0.0
Kainuu,Water transport,Goods traffic,GWh,2017,0.0
Kainuu,Water transport,Goods traffic,GWh,2018,0.0
Kainuu,Water transport,Goods traffic,GWh,2019,0.0
Kainuu,Water transport,Goods traffic,GWh,2020,0.0
Kainuu,Water transport,Goods traffic,GWh,2021,0.0
Kainuu,Water transport,Goods traffic,GWh,2022,0.0
Kainuu,Water transport,Goods traffic,GWh,2023,0.0
Kainuu,Water transport,Goods traffic,GWh,2024,0.0
Kainuu,Water transport,Fishing vessels,GWh,1990,0.0
Kainuu,Water transport,Fishing vessels,GWh,2005,0.0
Kainuu,Water transport,Fishing vessels,GWh,2006,0.0
Kainuu,Water transport,Fishing vessels,GWh,2007,0.0
Kainuu,Water transport,Fishing vessels,GWh,2008,0.0
Kainuu,Water transport,Fishing vessels,GWh,2009,0.0
Kainuu,Water transport,Fishing vessels,GWh,2010,0.0
Kainuu,Water transport,Fishing vessels,GWh,2011,0.0
Kainuu,Water transport,Fishing vessels,GWh,2012,0.0
Kainuu,Water transport,Fishing vessels,GWh,2013,0.0
Kainuu,Water transport,Fishing vessels,GWh,2014,0.0
Kainuu,Water transport,Fishing vessels,GWh,2015,0.0
Kainuu,Water transport,Fishing vessels,GWh,2016,0.0
Kainuu,Water transport,Fishing vessels,GWh,2017,0.0
Kainuu,Water transport,Fishing vessels,GWh,2018,0.0
Kainuu,Water transport,Fishing vessels,GWh,2019,0.0
Kainuu,Water transport,Fishing vessels,GWh,2020,0.0
Kainuu,Water transport,Fishing vessels,GWh,2021,0.0
Kainuu,Water transport,Fishing vessels,GWh,2022,0.0
Kainuu,Water transport,Fishing vessels,GWh,2023,0.0
Kainuu,Water transport,Fishing vessels,GWh,2024,0.0
Kainuu,Water transport,,GWh,1990,0.0
Kainuu,Water transport,,GWh,2005,0.0
Kainuu,Water transport,,GWh,2006,0.0
Kainuu,Water transport,,GWh,2007,0.0
Kainuu,Water transport,,GWh,2008,0.0
Kainuu,Water transport,,GWh,2009,0.0
Kainuu,Water transport,,GWh,2010,0.0
Kainuu,Water transport,,GWh,2011,0.0
Kainuu,Water transport,,GWh,2012,0.0
Kainuu,Water transport,,GWh,2013,0.0
Kainuu,Water transport,,GWh,2014,0.0
Kainuu,Water transport,,GWh,2015,0.0
Kainuu,Water transport,,GWh,2016,0.0
Kainuu,Water transport,,GWh,2017,0.0
Kainuu,Water transport,,GWh,2018,0.0
Kainuu,Water transport,,GWh,2019,0.0
Kainuu,Water transport,,GWh,2020,0.0
Kainuu,Water transport,,GWh,2021,0.0
Kainuu,Water transport,,GWh,2022,0.0
Kainuu,Water transport,,GWh,2023,0.0
Kainuu,Water transport,,GWh,2024,0.0
Kainuu,Water transport,Workboats and ships,GWh,1990,8.6
Kainuu,Water transport,Workboats and ships,GWh,2005,6.2
Kainuu,Water transport,Workboats and ships,GWh,2006,6.2
Kainuu,Water transport,Workboats and ships,GWh,2007,6.1
Kainuu,Water transport,Workboats and ships,GWh,2008,6.0
Kainuu,Water transport,Workboats and ships,GWh,2009,5.9
Kainuu,Water transport,Workboats and ships,GWh,2010,5.9
Kainuu,Water transport,Workboats and ships,GWh,2011,5.8
Kainuu,Water transport,Workboats and ships,GWh,2012,5.7
Kainuu,Water transport,Workboats and ships,GWh,2013,5.6
Kainuu,Water transport,Workboats and ships,GWh,2014,5.5
Kainuu,Water transport,Workboats and ships,GWh,2015,5.5
Kainuu,Water transport,Workboats and ships,GWh,2016,5.3
Kainuu,Water transport,Workboats and ships,GWh,2017,5.3
Kainuu,Water transport,Workboats and ships,GWh,2018,5.2
Kainuu,Water transport,Workboats and ships,GWh,2019,5.1
Kainuu,Water transport,Workboats and ships,GWh,2020,5.0
Kainuu,Water transport,Workboats and ships,GWh,2021,5.0
Kainuu,Water transport,Workboats and ships,GWh,2022,4.9
Kainuu,Water transport,Workboats and ships,GWh,2023,4.8
Kainuu,Water transport,Workboats and ships,GWh,2024,2.4
Kainuu,Emission credits,Wind power,GWh,1990,0.0
Kainuu,Emission credits,Wind power,GWh,2005,0.0
Kainuu,Emission credits,Wind power,GWh,2006,0.0
Kainuu,Emission credits,Wind power,GWh,2007,0.0
Kainuu,Emission credits,Wind power,GWh,2008,0.0
Kainuu,Emission credits,Wind power,GWh,2009,0.0
Kainuu,Emission credits,Wind power,GWh,2010,0.0
Kainuu,Emission credits,Wind power,GWh,2011,0.0
Kainuu,Emission credits,Wind power,GWh,2012,0.0
Kainuu,Emission credits,Wind power,GWh,2013,0.0
Kainuu,Emission credits,Wind power,GWh,2014,0.0
Kainuu,Emission credits,Wind power,GWh,2015,0.0
Kainuu,Emission credits,Wind power,GWh,2016,46.6
Kainuu,Emission credits,Wind power,GWh,2017,205.8
Kainuu,Emission credits,Wind power,GWh,2018,250.9
Kainuu,Emission credits,Wind power,GWh,2019,232.0
Kainuu,Emission credits,Wind power,GWh,2020,270.7
Kainuu,Emission credits,Wind power,GWh,2021,352.2
Kainuu,Emission credits,Wind power,GWh,2022,285.2
Kainuu,Emission credits,Wind power,GWh,2023,449.1
Kainuu,Emission credits,Wind power,GWh,2024,647.5
Kanta-Häme,Electricity,Housing,GWh,1990,257.6
Kanta-Häme,Electricity,Housing,GWh,2005,333.8
Kanta-Häme,Electricity,Housing,GWh,2006,345.3
Kanta-Häme,Electricity,Housing,GWh,2007,347.7
Kanta-Häme,Electricity,Housing,GWh,2008,363.3
Kanta-Häme,Electricity,Housing,GWh,2009,383.7
Kanta-Häme,Electricity,Housing,GWh,2010,406.0
Kanta-Häme,Electricity,Housing,GWh,2011,367.4
Kanta-Häme,Electricity,Housing,GWh,2012,395.3
Kanta-Häme,Electricity,Housing,GWh,2013,385.9
Kanta-Häme,Electricity,Housing,GWh,2014,377.0
Kanta-Häme,Electricity,Housing,GWh,2015,367.2
Kanta-Häme,Electricity,Housing,GWh,2016,394.5
Kanta-Häme,Electricity,Housing,GWh,2017,393.3
Kanta-Häme,Electricity,Housing,GWh,2018,398.6
Kanta-Häme,Electricity,Housing,GWh,2019,401.6
Kanta-Häme,Electricity,Housing,GWh,2020,386.9
Kanta-Häme,Electricity,Housing,GWh,2021,447.1
Kanta-Häme,Electricity,Housing,GWh,2022,404.9
Kanta-Häme,Electricity,Housing,GWh,2023,390.8
Kanta-Häme,Electricity,Housing,GWh,2024,399.7
Kanta-Häme,Electricity,Agriculture,GWh,1990,20.9
Kanta-Häme,Electricity,Agriculture,GWh,2005,30.1
Kanta-Häme,Electricity,Agriculture,GWh,2006,31.1
Kanta-Häme,Electricity,Agriculture,GWh,2007,32.1
Kanta-Häme,Electricity,Agriculture,GWh,2008,33.1
Kanta-Häme,Electricity,Agriculture,GWh,2009,33.7
Kanta-Häme,Electricity,Agriculture,GWh,2010,33.8
Kanta-Häme,Electricity,Agriculture,GWh,2011,35.0
Kanta-Häme,Electricity,Agriculture,GWh,2012,35.0
Kanta-Häme,Electricity,Agriculture,GWh,2013,26.6
Kanta-Häme,Electricity,Agriculture,GWh,2014,25.0
Kanta-Häme,Electricity,Agriculture,GWh,2015,23.2
Kanta-Häme,Electricity,Agriculture,GWh,2016,28.8
Kanta-Häme,Electricity,Agriculture,GWh,2017,28.5
Kanta-Häme,Electricity,Agriculture,GWh,2018,30.1
Kanta-Häme,Electricity,Agriculture,GWh,2019,31.5
Kanta-Häme,Electricity,Agriculture,GWh,2020,22.2
Kanta-Häme,Electricity,Agriculture,GWh,2021,22.6
Kanta-Häme,Electricity,Agriculture,GWh,2022,22.6
Kanta-Häme,Electricity,Agriculture,GWh,2023,22.1
Kanta-Häme,Electricity,Agriculture,GWh,2024,19.3
Kanta-Häme,Electricity,Services,GWh,1990,280.8
Kanta-Häme,Electricity,Services,GWh,2005,451.6
Kanta-Häme,Electricity,Services,GWh,2006,475.7
Kanta-Häme,Electricity,Services,GWh,2007,459.9
Kanta-Häme,Electricity,Services,GWh,2008,482.8
Kanta-Häme,Electricity,Services,GWh,2009,465.9
Kanta-Häme,Electricity,Services,GWh,2010,478.0
Kanta-Häme,Electricity,Services,GWh,2011,477.1
Kanta-Häme,Electricity,Services,GWh,2012,509.8
Kanta-Häme,Electricity,Services,GWh,2013,504.9
Kanta-Häme,Electricity,Services,GWh,2014,490.2
Kanta-Häme,Electricity,Services,GWh,2015,465.9
Kanta-Häme,Electricity,Services,GWh,2016,480.1
Kanta-Häme,Electricity,Services,GWh,2017,479.1
Kanta-Häme,Electricity,Services,GWh,2018,483.3
Kanta-Häme,Electricity,Services,GWh,2019,474.1
Kanta-Häme,Electricity,Services,GWh,2020,476.1
Kanta-Häme,Electricity,Services,GWh,2021,497.8
Kanta-Häme,Electricity,Services,GWh,2022,490.3
Kanta-Häme,Electricity,Services,GWh,2023,482.6
Kanta-Häme,Electricity,Services,GWh,2024,529.0
Kanta-Häme,Electricity,Industry,GWh,1990,600.4
Kanta-Häme,Electricity,Industry,GWh,2005,739.8
Kanta-Häme,Electricity,Industry,GWh,2006,810.1
Kanta-Häme,Electricity,Industry,GWh,2007,803.4
Kanta-Häme,Electricity,Industry,GWh,2008,745.0
Kanta-Häme,Electricity,Industry,GWh,2009,686.6
Kanta-Häme,Electricity,Industry,GWh,2010,710.8
Kanta-Häme,Electricity,Industry,GWh,2011,704.3
Kanta-Häme,Electricity,Industry,GWh,2012,723.3
Kanta-Häme,Electricity,Industry,GWh,2013,728.0
Kanta-Häme,Electricity,Industry,GWh,2014,716.8
Kanta-Häme,Electricity,Industry,GWh,2015,732.2
Kanta-Häme,Electricity,Industry,GWh,2016,756.6
Kanta-Häme,Electricity,Industry,GWh,2017,774.6
Kanta-Häme,Electricity,Industry,GWh,2018,719.9
Kanta-Häme,Electricity,Industry,GWh,2019,764.0
Kanta-Häme,Electricity,Industry,GWh,2020,748.3
Kanta-Häme,Electricity,Industry,GWh,2021,802.5
Kanta-Häme,Electricity,Industry,GWh,2022,765.9
Kanta-Häme,Electricity,Industry,GWh,2023,752.6
Kanta-Häme,Electricity,Industry,GWh,2024,881.0
Kanta-Häme,Electric heating,Housing,GWh,1990,271.9
Kanta-Häme,Electric heating,Housing,GWh,2005,363.2
Kanta-Häme,Electric heating,Housing,GWh,2006,375.2
Kanta-Häme,Electric heating,Housing,GWh,2007,376.5
Kanta-Häme,Electric heating,Housing,GWh,2008,380.5
Kanta-Häme,Electric heating,Housing,GWh,2009,412.9
Kanta-Häme,Electric heating,Housing,GWh,2010,431.2
Kanta-Häme,Electric heating,Housing,GWh,2011,387.0
Kanta-Häme,Electric heating,Housing,GWh,2012,419.1
Kanta-Häme,Electric heating,Housing,GWh,2013,412.7
Kanta-Häme,Electric heating,Housing,GWh,2014,406.0
Kanta-Häme,Electric heating,Housing,GWh,2015,390.0
Kanta-Häme,Electric heating,Housing,GWh,2016,417.4
Kanta-Häme,Electric heating,Housing,GWh,2017,412.9
Kanta-Häme,Electric heating,Housing,GWh,2018,417.0
Kanta-Häme,Electric heating,Housing,GWh,2019,399.3
Kanta-Häme,Electric heating,Housing,GWh,2020,385.4
Kanta-Häme,Electric heating,Housing,GWh,2021,442.4
Kanta-Häme,Electric heating,Housing,GWh,2022,397.5
Kanta-Häme,Electric heating,Housing,GWh,2023,376.8
Kanta-Häme,Electric heating,Housing,GWh,2024,383.8
Kanta-Häme,Electric heating,Agriculture,GWh,1990,6.7
Kanta-Häme,Electric heating,Agriculture,GWh,2005,9.6
Kanta-Häme,Electric heating,Agriculture,GWh,2006,9.8
Kanta-Häme,Electric heating,Agriculture,GWh,2007,10.0
Kanta-Häme,Electric heating,Agriculture,GWh,2008,9.4
Kanta-Häme,Electric heating,Agriculture,GWh,2009,10.9
Kanta-Häme,Electric heating,Agriculture,GWh,2010,11.1
Kanta-Häme,Electric heating,Agriculture,GWh,2011,11.1
Kanta-Häme,Electric heating,Agriculture,GWh,2012,11.0
Kanta-Häme,Electric heating,Agriculture,GWh,2013,11.8
Kanta-Häme,Electric heating,Agriculture,GWh,2014,11.9
Kanta-Häme,Electric heating,Agriculture,GWh,2015,11.7
Kanta-Häme,Electric heating,Agriculture,GWh,2016,11.6
Kanta-Häme,Electric heating,Agriculture,GWh,2017,11.4
Kanta-Häme,Electric heating,Agriculture,GWh,2018,11.4
Kanta-Häme,Electric heating,Agriculture,GWh,2019,11.0
Kanta-Häme,Electric heating,Agriculture,GWh,2020,10.8
Kanta-Häme,Electric heating,Agriculture,GWh,2021,10.4
Kanta-Häme,Electric heating,Agriculture,GWh,2022,10.4
Kanta-Häme,Electric heating,Agriculture,GWh,2023,10.0
Kanta-Häme,Electric heating,Agriculture,GWh,2024,10.2
Kanta-Häme,Electric heating,Services,GWh,1990,54.2
Kanta-Häme,Electric heating,Services,GWh,2005,50.7
Kanta-Häme,Electric heating,Services,GWh,2006,41.2
Kanta-Häme,Electric heating,Services,GWh,2007,43.4
Kanta-Häme,Electric heating,Services,GWh,2008,42.7
Kanta-Häme,Electric heating,Services,GWh,2009,47.0
Kanta-Häme,Electric heating,Services,GWh,2010,47.3
Kanta-Häme,Electric heating,Services,GWh,2011,46.0
Kanta-Häme,Electric heating,Services,GWh,2012,46.6
Kanta-Häme,Electric heating,Services,GWh,2013,48.5
Kanta-Häme,Electric heating,Services,GWh,2014,49.3
Kanta-Häme,Electric heating,Services,GWh,2015,48.1
Kanta-Häme,Electric heating,Services,GWh,2016,48.2
Kanta-Häme,Electric heating,Services,GWh,2017,49.1
Kanta-Häme,Electric heating,Services,GWh,2018,49.5
Kanta-Häme,Electric heating,Services,GWh,2019,48.3
Kanta-Häme,Electric heating,Services,GWh,2020,48.4
Kanta-Häme,Electric heating,Services,GWh,2021,52.3
Kanta-Häme,Electric heating,Services,GWh,2022,53.1
Kanta-Häme,Electric heating,Services,GWh,2023,52.3
Kanta-Häme,Electric heating,Services,GWh,2024,51.9
Kanta-Häme,District heating,Housing,GWh,1990,364.8
Kanta-Häme,District heating,Housing,GWh,2005,468.2
Kanta-Häme,District heating,Housing,GWh,2006,491.6
Kanta-Häme,District heating,Housing,GWh,2007,496.4
Kanta-Häme,District heating,Housing,GWh,2008,501.8
Kanta-Häme,District heating,Housing,GWh,2009,548.1
Kanta-Häme,District heating,Housing,GWh,2010,591.0
Kanta-Häme,District heating,Housing,GWh,2011,505.1
Kanta-Häme,District heating,Housing,GWh,2012,557.2
Kanta-Häme,District heating,Housing,GWh,2013,514.5
Kanta-Häme,District heating,Housing,GWh,2014,506.4
Kanta-Häme,District heating,Housing,GWh,2015,477.3
Kanta-Häme,District heating,Housing,GWh,2016,511.4
Kanta-Häme,District heating,Housing,GWh,2017,501.3
Kanta-Häme,District heating,Housing,GWh,2018,500.7
Kanta-Häme,District heating,Housing,GWh,2019,484.1
Kanta-Häme,District heating,Housing,GWh,2020,441.7
Kanta-Häme,District heating,Housing,GWh,2021,518.2
Kanta-Häme,District heating,Housing,GWh,2022,477.7
Kanta-Häme,District heating,Housing,GWh,2023,464.1
Kanta-Häme,District heating,Housing,GWh,2024,471.1
Kanta-Häme,District heating,Agriculture,GWh,1990,4.7
Kanta-Häme,District heating,Agriculture,GWh,2005,6.7
Kanta-Häme,District heating,Agriculture,GWh,2006,5.7
Kanta-Häme,District heating,Agriculture,GWh,2007,5.7
Kanta-Häme,District heating,Agriculture,GWh,2008,6.0
Kanta-Häme,District heating,Agriculture,GWh,2009,8.1
Kanta-Häme,District heating,Agriculture,GWh,2010,8.7
Kanta-Häme,District heating,Agriculture,GWh,2011,6.0
Kanta-Häme,District heating,Agriculture,GWh,2012,6.4
Kanta-Häme,District heating,Agriculture,GWh,2013,6.6
Kanta-Häme,District heating,Agriculture,GWh,2014,5.8
Kanta-Häme,District heating,Agriculture,GWh,2015,6.0
Kanta-Häme,District heating,Agriculture,GWh,2016,6.4
Kanta-Häme,District heating,Agriculture,GWh,2017,6.1
Kanta-Häme,District heating,Agriculture,GWh,2018,6.1
Kanta-Häme,District heating,Agriculture,GWh,2019,5.7
Kanta-Häme,District heating,Agriculture,GWh,2020,5.1
Kanta-Häme,District heating,Agriculture,GWh,2021,5.9
Kanta-Häme,District heating,Agriculture,GWh,2022,5.4
Kanta-Häme,District heating,Agriculture,GWh,2023,5.5
Kanta-Häme,District heating,Agriculture,GWh,2024,5.7
Kanta-Häme,District heating,Services,GWh,1990,249.6
Kanta-Häme,District heating,Services,GWh,2005,293.1
Kanta-Häme,District heating,Services,GWh,2006,287.1
Kanta-Häme,District heating,Services,GWh,2007,299.4
Kanta-Häme,District heating,Services,GWh,2008,308.0
Kanta-Häme,District heating,Services,GWh,2009,341.7
Kanta-Häme,District heating,Services,GWh,2010,382.0
Kanta-Häme,District heating,Services,GWh,2011,332.2
Kanta-Häme,District heating,Services,GWh,2012,366.1
Kanta-Häme,District heating,Services,GWh,2013,340.5
Kanta-Häme,District heating,Services,GWh,2014,337.2
Kanta-Häme,District heating,Services,GWh,2015,314.3
Kanta-Häme,District heating,Services,GWh,2016,338.4
Kanta-Häme,District heating,Services,GWh,2017,340.0
Kanta-Häme,District heating,Services,GWh,2018,337.1
Kanta-Häme,District heating,Services,GWh,2019,320.4
Kanta-Häme,District heating,Services,GWh,2020,290.5
Kanta-Häme,District heating,Services,GWh,2021,340.5
Kanta-Häme,District heating,Services,GWh,2022,322.3
Kanta-Häme,District heating,Services,GWh,2023,327.4
Kanta-Häme,District heating,Services,GWh,2024,333.9
Kanta-Häme,District heating,Industry,GWh,1990,112.8
Kanta-Häme,District heating,Industry,GWh,2005,128.9
Kanta-Häme,District heating,Industry,GWh,2006,121.4
Kanta-Häme,District heating,Industry,GWh,2007,122.2
Kanta-Häme,District heating,Industry,GWh,2008,122.2
Kanta-Häme,District heating,Industry,GWh,2009,131.4
Kanta-Häme,District heating,Industry,GWh,2010,148.4
Kanta-Häme,District heating,Industry,GWh,2011,129.5
Kanta-Häme,District heating,Industry,GWh,2012,143.9
Kanta-Häme,District heating,Industry,GWh,2013,138.4
Kanta-Häme,District heating,Industry,GWh,2014,135.7
Kanta-Häme,District heating,Industry,GWh,2015,128.6
Kanta-Häme,District heating,Industry,GWh,2016,143.4
Kanta-Häme,District heating,Industry,GWh,2017,142.7
Kanta-Häme,District heating,Industry,GWh,2018,138.1
Kanta-Häme,District heating,Industry,GWh,2019,134.0
Kanta-Häme,District heating,Industry,GWh,2020,121.8
Kanta-Häme,District heating,Industry,GWh,2021,143.1
Kanta-Häme,District heating,Industry,GWh,2022,135.2
Kanta-Häme,District heating,Industry,GWh,2023,144.9
Kanta-Häme,District heating,Industry,GWh,2024,148.6
Kanta-Häme,Oil heating,Housing,GWh,1990,326.0
Kanta-Häme,Oil heating,Housing,GWh,2005,261.4
Kanta-Häme,Oil heating,Housing,GWh,2006,258.7
Kanta-Häme,Oil heating,Housing,GWh,2007,247.5
Kanta-Häme,Oil heating,Housing,GWh,2008,184.2
Kanta-Häme,Oil heating,Housing,GWh,2009,190.3
Kanta-Häme,Oil heating,Housing,GWh,2010,211.6
Kanta-Häme,Oil heating,Housing,GWh,2011,157.6
Kanta-Häme,Oil heating,Housing,GWh,2012,167.0
Kanta-Häme,Oil heating,Housing,GWh,2013,144.4
Kanta-Häme,Oil heating,Housing,GWh,2014,141.8
Kanta-Häme,Oil heating,Housing,GWh,2015,125.3
Kanta-Häme,Oil heating,Housing,GWh,2016,129.4
Kanta-Häme,Oil heating,Housing,GWh,2017,123.2
Kanta-Häme,Oil heating,Housing,GWh,2018,114.0
Kanta-Häme,Oil heating,Housing,GWh,2019,101.6
Kanta-Häme,Oil heating,Housing,GWh,2020,88.1
Kanta-Häme,Oil heating,Housing,GWh,2021,80.7
Kanta-Häme,Oil heating,Housing,GWh,2022,59.7
Kanta-Häme,Oil heating,Housing,GWh,2023,29.3
Kanta-Häme,Oil heating,Housing,GWh,2024,25.6
Kanta-Häme,Oil heating,Agriculture,GWh,1990,35.4
Kanta-Häme,Oil heating,Agriculture,GWh,2005,15.0
Kanta-Häme,Oil heating,Agriculture,GWh,2006,11.7
Kanta-Häme,Oil heating,Agriculture,GWh,2007,10.3
Kanta-Häme,Oil heating,Agriculture,GWh,2008,8.8
Kanta-Häme,Oil heating,Agriculture,GWh,2009,11.0
Kanta-Häme,Oil heating,Agriculture,GWh,2010,13.1
Kanta-Häme,Oil heating,Agriculture,GWh,2011,8.9
Kanta-Häme,Oil heating,Agriculture,GWh,2012,10.1
Kanta-Häme,Oil heating,Agriculture,GWh,2013,7.0
Kanta-Häme,Oil heating,Agriculture,GWh,2014,7.3
Kanta-Häme,Oil heating,Agriculture,GWh,2015,6.6
Kanta-Häme,Oil heating,Agriculture,GWh,2016,5.3
Kanta-Häme,Oil heating,Agriculture,GWh,2017,5.0
Kanta-Häme,Oil heating,Agriculture,GWh,2018,5.4
Kanta-Häme,Oil heating,Agriculture,GWh,2019,5.4
Kanta-Häme,Oil heating,Agriculture,GWh,2020,4.7
Kanta-Häme,Oil heating,Agriculture,GWh,2021,5.8
Kanta-Häme,Oil heating,Agriculture,GWh,2022,5.4
Kanta-Häme,Oil heating,Agriculture,GWh,2023,5.8
Kanta-Häme,Oil heating,Agriculture,GWh,2024,4.0
Kanta-Häme,Oil heating,Services,GWh,1990,135.3
Kanta-Häme,Oil heating,Services,GWh,2005,108.1
Kanta-Häme,Oil heating,Services,GWh,2006,106.0
Kanta-Häme,Oil heating,Services,GWh,2007,100.8
Kanta-Häme,Oil heating,Services,GWh,2008,81.7
Kanta-Häme,Oil heating,Services,GWh,2009,91.8
Kanta-Häme,Oil heating,Services,GWh,2010,101.0
Kanta-Häme,Oil heating,Services,GWh,2011,85.7
Kanta-Häme,Oil heating,Services,GWh,2012,94.7
Kanta-Häme,Oil heating,Services,GWh,2013,84.5
Kanta-Häme,Oil heating,Services,GWh,2014,86.4
Kanta-Häme,Oil heating,Services,GWh,2015,79.3
Kanta-Häme,Oil heating,Services,GWh,2016,92.7
Kanta-Häme,Oil heating,Services,GWh,2017,93.3
Kanta-Häme,Oil heating,Services,GWh,2018,92.6
Kanta-Häme,Oil heating,Services,GWh,2019,90.1
Kanta-Häme,Oil heating,Services,GWh,2020,81.2
Kanta-Häme,Oil heating,Services,GWh,2021,100.3
Kanta-Häme,Oil heating,Services,GWh,2022,96.5
Kanta-Häme,Oil heating,Services,GWh,2023,98.5
Kanta-Häme,Oil heating,Services,GWh,2024,97.4
Kanta-Häme,Other heating,Housing,GWh,1990,373.4
Kanta-Häme,Other heating,Housing,GWh,2005,485.7
Kanta-Häme,Other heating,Housing,GWh,2006,461.5
Kanta-Häme,Other heating,Housing,GWh,2007,482.9
Kanta-Häme,Other heating,Housing,GWh,2008,469.5
Kanta-Häme,Other heating,Housing,GWh,2009,507.7
Kanta-Häme,Other heating,Housing,GWh,2010,570.0
Kanta-Häme,Other heating,Housing,GWh,2011,479.3
Kanta-Häme,Other heating,Housing,GWh,2012,522.8
Kanta-Häme,Other heating,Housing,GWh,2013,499.0
Kanta-Häme,Other heating,Housing,GWh,2014,511.7
Kanta-Häme,Other heating,Housing,GWh,2015,478.6
Kanta-Häme,Other heating,Housing,GWh,2016,526.1
Kanta-Häme,Other heating,Housing,GWh,2017,517.1
Kanta-Häme,Other heating,Housing,GWh,2018,508.8
Kanta-Häme,Other heating,Housing,GWh,2019,487.7
Kanta-Häme,Other heating,Housing,GWh,2020,453.1
Kanta-Häme,Other heating,Housing,GWh,2021,515.0
Kanta-Häme,Other heating,Housing,GWh,2022,470.7
Kanta-Häme,Other heating,Housing,GWh,2023,439.9
Kanta-Häme,Other heating,Housing,GWh,2024,423.3
Kanta-Häme,Other heating,Agriculture,GWh,1990,69.3
Kanta-Häme,Other heating,Agriculture,GWh,2005,76.2
Kanta-Häme,Other heating,Agriculture,GWh,2006,78.2
Kanta-Häme,Other heating,Agriculture,GWh,2007,84.3
Kanta-Häme,Other heating,Agriculture,GWh,2008,81.6
Kanta-Häme,Other heating,Agriculture,GWh,2009,79.8
Kanta-Häme,Other heating,Agriculture,GWh,2010,87.3
Kanta-Häme,Other heating,Agriculture,GWh,2011,83.1
Kanta-Häme,Other heating,Agriculture,GWh,2012,94.0
Kanta-Häme,Other heating,Agriculture,GWh,2013,100.2
Kanta-Häme,Other heating,Agriculture,GWh,2014,93.9
Kanta-Häme,Other heating,Agriculture,GWh,2015,88.6
Kanta-Häme,Other heating,Agriculture,GWh,2016,92.4
Kanta-Häme,Other heating,Agriculture,GWh,2017,93.4
Kanta-Häme,Other heating,Agriculture,GWh,2018,82.6
Kanta-Häme,Other heating,Agriculture,GWh,2019,84.0
Kanta-Häme,Other heating,Agriculture,GWh,2020,93.3
Kanta-Häme,Other heating,Agriculture,GWh,2021,86.4
Kanta-Häme,Other heating,Agriculture,GWh,2022,95.4
Kanta-Häme,Other heating,Agriculture,GWh,2023,90.2
Kanta-Häme,Other heating,Agriculture,GWh,2024,46.6
Kanta-Häme,Other heating,Services,GWh,1990,100.7
Kanta-Häme,Other heating,Services,GWh,2005,37.6
Kanta-Häme,Other heating,Services,GWh,2006,40.4
Kanta-Häme,Other heating,Services,GWh,2007,39.7
Kanta-Häme,Other heating,Services,GWh,2008,37.6
Kanta-Häme,Other heating,Services,GWh,2009,43.6
Kanta-Häme,Other heating,Services,GWh,2010,56.9
Kanta-Häme,Other heating,Services,GWh,2011,54.3
Kanta-Häme,Other heating,Services,GWh,2012,55.1
Kanta-Häme,Other heating,Services,GWh,2013,60.8
Kanta-Häme,Other heating,Services,GWh,2014,59.4
Kanta-Häme,Other heating,Services,GWh,2015,54.3
Kanta-Häme,Other heating,Services,GWh,2016,59.1
Kanta-Häme,Other heating,Services,GWh,2017,55.1
Kanta-Häme,Other heating,Services,GWh,2018,55.0
Kanta-Häme,Other heating,Services,GWh,2019,57.1
Kanta-Häme,Other heating,Services,GWh,2020,54.3
Kanta-Häme,Other heating,Services,GWh,2021,67.3
Kanta-Häme,Other heating,Services,GWh,2022,60.9
Kanta-Häme,Other heating,Services,GWh,2023,53.2
Kanta-Häme,Other heating,Services,GWh,2024,50.4
Kanta-Häme,Industry,Industrial fuels,GWh,1990,1404.2
Kanta-Häme,Industry,Industrial fuels,GWh,2005,1011.4
Kanta-Häme,Industry,Industrial fuels,GWh,2006,1090.4
Kanta-Häme,Industry,Industrial fuels,GWh,2007,983.1
Kanta-Häme,Industry,Industrial fuels,GWh,2008,905.1
Kanta-Häme,Industry,Industrial fuels,GWh,2009,736.5
Kanta-Häme,Industry,Industrial fuels,GWh,2010,831.2
Kanta-Häme,Industry,Industrial fuels,GWh,2011,719.6
Kanta-Häme,Industry,Industrial fuels,GWh,2012,732.6
Kanta-Häme,Industry,Industrial fuels,GWh,2013,748.5
Kanta-Häme,Industry,Industrial fuels,GWh,2014,673.6
Kanta-Häme,Industry,Industrial fuels,GWh,2015,750.5
Kanta-Häme,Industry,Industrial fuels,GWh,2016,670.3
Kanta-Häme,Industry,Industrial fuels,GWh,2017,774.9
Kanta-Häme,Industry,Industrial fuels,GWh,2018,791.2
Kanta-Häme,Industry,Industrial fuels,GWh,2019,669.1
Kanta-Häme,Industry,Industrial fuels,GWh,2020,542.7
Kanta-Häme,Industry,Industrial fuels,GWh,2021,494.0
Kanta-Häme,Industry,Industrial fuels,GWh,2022,5254.9
Kanta-Häme,Industry,Industrial fuels,GWh,2023,6180.0
Kanta-Häme,Industry,Industrial fuels,GWh,2024,564.5
Kanta-Häme,Machinery,Mining and industrial machinery,GWh,1990,58.9
Kanta-Häme,Machinery,Mining and industrial machinery,GWh,2005,60.2
Kanta-Häme,Machinery,Mining and industrial machinery,GWh,2006,60.7
Kanta-Häme,Machinery,Mining and industrial machinery,GWh,2007,62.4
Kanta-Häme,Machinery,Mining and industrial machinery,GWh,2008,63.8
Kanta-Häme,Machinery,Mining and industrial machinery,GWh,2009,55.6
Kanta-Häme,Machinery,Mining and industrial machinery,GWh,2010,57.8
Kanta-Häme,Machinery,Mining and industrial machinery,GWh,2011,56.7
Kanta-Häme,Machinery,Mining and industrial machinery,GWh,2012,53.9
Kanta-Häme,Machinery,Mining and industrial machinery,GWh,2013,51.8
Kanta-Häme,Machinery,Mining and industrial machinery,GWh,2014,50.1
Kanta-Häme,Machinery,Mining and industrial machinery,GWh,2015,49.6
Kanta-Häme,Machinery,Mining and industrial machinery,GWh,2016,47.4
Kanta-Häme,Machinery,Mining and industrial machinery,GWh,2017,49.4
Kanta-Häme,Machinery,Mining and industrial machinery,GWh,2018,48.4
Kanta-Häme,Machinery,Mining and industrial machinery,GWh,2019,49.9
Kanta-Häme,Machinery,Mining and industrial machinery,GWh,2020,49.5
Kanta-Häme,Machinery,Mining and industrial machinery,GWh,2021,46.2
Kanta-Häme,Machinery,Mining and industrial machinery,GWh,2022,46.9
Kanta-Häme,Machinery,Mining and industrial machinery,GWh,2023,45.4
Kanta-Häme,Machinery,Mining and industrial machinery,GWh,2024,46.2
Kanta-Häme,Machinery,Agricultural and forestry machinery,GWh,1990,154.6
Kanta-Häme,Machinery,Agricultural and forestry machinery,GWh,2005,149.1
Kanta-Häme,Machinery,Agricultural and forestry machinery,GWh,2006,145.7
Kanta-Häme,Machinery,Agricultural and forestry machinery,GWh,2007,142.5
Kanta-Häme,Machinery,Agricultural and forestry machinery,GWh,2008,140.3
Kanta-Häme,Machinery,Agricultural and forestry machinery,GWh,2009,139.9
Kanta-Häme,Machinery,Agricultural and forestry machinery,GWh,2010,130.7
Kanta-Häme,Machinery,Agricultural and forestry machinery,GWh,2011,129.5
Kanta-Häme,Machinery,Agricultural and forestry machinery,GWh,2012,150.5
Kanta-Häme,Machinery,Agricultural and forestry machinery,GWh,2013,140.0
Kanta-Häme,Machinery,Agricultural and forestry machinery,GWh,2014,138.2
Kanta-Häme,Machinery,Agricultural and forestry machinery,GWh,2015,141.2
Kanta-Häme,Machinery,Agricultural and forestry machinery,GWh,2016,136.6
Kanta-Häme,Machinery,Agricultural and forestry machinery,GWh,2017,136.9
Kanta-Häme,Machinery,Agricultural and forestry machinery,GWh,2018,124.5
Kanta-Häme,Machinery,Agricultural and forestry machinery,GWh,2019,123.0
Kanta-Häme,Machinery,Agricultural and forestry machinery,GWh,2020,124.4
Kanta-Häme,Machinery,Agricultural and forestry machinery,GWh,2021,112.6
Kanta-Häme,Machinery,Agricultural and forestry machinery,GWh,2022,116.6
Kanta-Häme,Machinery,Agricultural and forestry machinery,GWh,2023,118.7
Kanta-Häme,Machinery,Agricultural and forestry machinery,GWh,2024,116.8
Kanta-Häme,Machinery,Other machinery,GWh,1990,13.0
Kanta-Häme,Machinery,Other machinery,GWh,2005,14.8
Kanta-Häme,Machinery,Other machinery,GWh,2006,15.0
Kanta-Häme,Machinery,Other machinery,GWh,2007,15.1
Kanta-Häme,Machinery,Other machinery,GWh,2008,14.5
Kanta-Häme,Machinery,Other machinery,GWh,2009,13.7
Kanta-Häme,Machinery,Other machinery,GWh,2010,13.5
Kanta-Häme,Machinery,Other machinery,GWh,2011,14.2
Kanta-Häme,Machinery,Other machinery,GWh,2012,14.8
Kanta-Häme,Machinery,Other machinery,GWh,2013,15.1
Kanta-Häme,Machinery,Other machinery,GWh,2014,14.8
Kanta-Häme,Machinery,Other machinery,GWh,2015,15.3
Kanta-Häme,Machinery,Other machinery,GWh,2016,15.3
Kanta-Häme,Machinery,Other machinery,GWh,2017,15.1
Kanta-Häme,Machinery,Other machinery,GWh,2018,14.1
Kanta-Häme,Machinery,Other machinery,GWh,2019,14.4
Kanta-Häme,Machinery,Other machinery,GWh,2020,14.4
Kanta-Häme,Machinery,Other machinery,GWh,2021,13.6
Kanta-Häme,Machinery,Other machinery,GWh,2022,13.8
Kanta-Häme,Machinery,Other machinery,GWh,2023,13.3
Kanta-Häme,Machinery,Other machinery,GWh,2024,12.6
Kanta-Häme,Machinery,Construction machinery,GWh,1990,45.9
Kanta-Häme,Machinery,Construction machinery,GWh,2005,55.3
Kanta-Häme,Machinery,Construction machinery,GWh,2006,59.1
Kanta-Häme,Machinery,Construction machinery,GWh,2007,61.5
Kanta-Häme,Machinery,Construction machinery,GWh,2008,63.8
Kanta-Häme,Machinery,Construction machinery,GWh,2009,54.1
Kanta-Häme,Machinery,Construction machinery,GWh,2010,61.1
Kanta-Häme,Machinery,Construction machinery,GWh,2011,45.3
Kanta-Häme,Machinery,Construction machinery,GWh,2012,54.9
Kanta-Häme,Machinery,Construction machinery,GWh,2013,54.4
Kanta-Häme,Machinery,Construction machinery,GWh,2014,58.1
Kanta-Häme,Machinery,Construction machinery,GWh,2015,30.6
Kanta-Häme,Machinery,Construction machinery,GWh,2016,36.6
Kanta-Häme,Machinery,Construction machinery,GWh,2017,37.1
Kanta-Häme,Machinery,Construction machinery,GWh,2018,40.3
Kanta-Häme,Machinery,Construction machinery,GWh,2019,35.0
Kanta-Häme,Machinery,Construction machinery,GWh,2020,40.1
Kanta-Häme,Machinery,Construction machinery,GWh,2021,37.4
Kanta-Häme,Machinery,Construction machinery,GWh,2022,25.8
Kanta-Häme,Machinery,Construction machinery,GWh,2023,32.9
Kanta-Häme,Machinery,Construction machinery,GWh,2024,33.0
Kanta-Häme,Machinery,Road construction machinery,GWh,1990,71.3
Kanta-Häme,Machinery,Road construction machinery,GWh,2005,77.3
Kanta-Häme,Machinery,Road construction machinery,GWh,2006,78.0
Kanta-Häme,Machinery,Road construction machinery,GWh,2007,80.5
Kanta-Häme,Machinery,Road construction machinery,GWh,2008,85.5
Kanta-Häme,Machinery,Road construction machinery,GWh,2009,84.9
Kanta-Häme,Machinery,Road construction machinery,GWh,2010,83.3
Kanta-Häme,Machinery,Road construction machinery,GWh,2011,76.5
Kanta-Häme,Machinery,Road construction machinery,GWh,2012,83.5
Kanta-Häme,Machinery,Road construction machinery,GWh,2013,82.4
Kanta-Häme,Machinery,Road construction machinery,GWh,2014,80.4
Kanta-Häme,Machinery,Road construction machinery,GWh,2015,80.6
Kanta-Häme,Machinery,Road construction machinery,GWh,2016,76.5
Kanta-Häme,Machinery,Road construction machinery,GWh,2017,88.0
Kanta-Häme,Machinery,Road construction machinery,GWh,2018,90.8
Kanta-Häme,Machinery,Road construction machinery,GWh,2019,94.3
Kanta-Häme,Machinery,Road construction machinery,GWh,2020,97.0
Kanta-Häme,Machinery,Road construction machinery,GWh,2021,93.9
Kanta-Häme,Machinery,Road construction machinery,GWh,2022,98.1
Kanta-Häme,Machinery,Road construction machinery,GWh,2023,97.6
Kanta-Häme,Machinery,Road construction machinery,GWh,2024,96.6
Kanta-Häme,Road transport,Passenger cars,GWh,1990,841.6
Kanta-Häme,Road transport,Passenger cars,GWh,2005,858.4
Kanta-Häme,Road transport,Passenger cars,GWh,2006,870.5
Kanta-Häme,Road transport,Passenger cars,GWh,2007,899.1
Kanta-Häme,Road transport,Passenger cars,GWh,2008,874.9
Kanta-Häme,Road transport,Passenger cars,GWh,2009,885.0
Kanta-Häme,Road transport,Passenger cars,GWh,2010,884.2
Kanta-Häme,Road transport,Passenger cars,GWh,2011,865.5
Kanta-Häme,Road transport,Passenger cars,GWh,2012,862.0
Kanta-Häme,Road transport,Passenger cars,GWh,2013,872.5
Kanta-Häme,Road transport,Passenger cars,GWh,2014,865.7
Kanta-Häme,Road transport,Passenger cars,GWh,2015,856.2
Kanta-Häme,Road transport,Passenger cars,GWh,2016,850.9
Kanta-Häme,Road transport,Passenger cars,GWh,2017,860.9
Kanta-Häme,Road transport,Passenger cars,GWh,2018,855.6
Kanta-Häme,Road transport,Passenger cars,GWh,2019,845.4
Kanta-Häme,Road transport,Passenger cars,GWh,2020,789.4
Kanta-Häme,Road transport,Passenger cars,GWh,2021,802.8
Kanta-Häme,Road transport,Passenger cars,GWh,2022,750.1
Kanta-Häme,Road transport,Passenger cars,GWh,2023,738.2
Kanta-Häme,Road transport,Passenger cars,GWh,2024,736.1
Kanta-Häme,Road transport,Trucks,GWh,1990,286.7
Kanta-Häme,Road transport,Trucks,GWh,2005,410.6
Kanta-Häme,Road transport,Trucks,GWh,2006,420.6
Kanta-Häme,Road transport,Trucks,GWh,2007,459.9
Kanta-Häme,Road transport,Trucks,GWh,2008,440.4
Kanta-Häme,Road transport,Trucks,GWh,2009,391.4
Kanta-Häme,Road transport,Trucks,GWh,2010,444.3
Kanta-Häme,Road transport,Trucks,GWh,2011,466.9
Kanta-Häme,Road transport,Trucks,GWh,2012,438.1
Kanta-Häme,Road transport,Trucks,GWh,2013,437.6
Kanta-Häme,Road transport,Trucks,GWh,2014,401.5
Kanta-Häme,Road transport,Trucks,GWh,2015,410.3
Kanta-Häme,Road transport,Trucks,GWh,2016,446.2
Kanta-Häme,Road transport,Trucks,GWh,2017,408.1
Kanta-Häme,Road transport,Trucks,GWh,2018,417.7
Kanta-Häme,Road transport,Trucks,GWh,2019,398.3
Kanta-Häme,Road transport,Trucks,GWh,2020,382.2
Kanta-Häme,Road transport,Trucks,GWh,2021,417.7
Kanta-Häme,Road transport,Trucks,GWh,2022,407.2
Kanta-Häme,Road transport,Trucks,GWh,2023,370.5
Kanta-Häme,Road transport,Trucks,GWh,2024,374.6
Kanta-Häme,Road transport,Buses,GWh,1990,17.5
Kanta-Häme,Road transport,Buses,GWh,2005,46.6
Kanta-Häme,Road transport,Buses,GWh,2006,48.0
Kanta-Häme,Road transport,Buses,GWh,2007,49.2
Kanta-Häme,Road transport,Buses,GWh,2008,49.2
Kanta-Häme,Road transport,Buses,GWh,2009,50.1
Kanta-Häme,Road transport,Buses,GWh,2010,49.4
Kanta-Häme,Road transport,Buses,GWh,2011,48.9
Kanta-Häme,Road transport,Buses,GWh,2012,47.2
Kanta-Häme,Road transport,Buses,GWh,2013,44.5
Kanta-Häme,Road transport,Buses,GWh,2014,42.2
Kanta-Häme,Road transport,Buses,GWh,2015,41.7
Kanta-Häme,Road transport,Buses,GWh,2016,38.6
Kanta-Häme,Road transport,Buses,GWh,2017,38.9
Kanta-Häme,Road transport,Buses,GWh,2018,40.1
Kanta-Häme,Road transport,Buses,GWh,2019,42.8
Kanta-Häme,Road transport,Buses,GWh,2020,35.8
Kanta-Häme,Road transport,Buses,GWh,2021,32.4
Kanta-Häme,Road transport,Buses,GWh,2022,25.8
Kanta-Häme,Road transport,Buses,GWh,2023,26.6
Kanta-Häme,Road transport,Buses,GWh,2024,22.8
Kanta-Häme,Road transport,Vancouver vans,GWh,1990,126.0
Kanta-Häme,Road transport,Vancouver vans,GWh,2005,117.5
Kanta-Häme,Road transport,Vancouver vans,GWh,2006,119.0
Kanta-Häme,Road transport,Vancouver vans,GWh,2007,120.1
Kanta-Häme,Road transport,Vancouver vans,GWh,2008,119.1
Kanta-Häme,Road transport,Vancouver vans,GWh,2009,121.3
Kanta-Häme,Road transport,Vancouver vans,GWh,2010,122.2
Kanta-Häme,Road transport,Vancouver vans,GWh,2011,120.5
Kanta-Häme,Road transport,Vancouver vans,GWh,2012,118.8
Kanta-Häme,Road transport,Vancouver vans,GWh,2013,119.3
Kanta-Häme,Road transport,Vancouver vans,GWh,2014,120.3
Kanta-Häme,Road transport,Vancouver vans,GWh,2015,121.7
Kanta-Häme,Road transport,Vancouver vans,GWh,2016,121.0
Kanta-Häme,Road transport,Vancouver vans,GWh,2017,142.3
Kanta-Häme,Road transport,Vancouver vans,GWh,2018,143.3
Kanta-Häme,Road transport,Vancouver vans,GWh,2019,142.0
Kanta-Häme,Road transport,Vancouver vans,GWh,2020,139.7
Kanta-Häme,Road transport,Vancouver vans,GWh,2021,146.4
Kanta-Häme,Road transport,Vancouver vans,GWh,2022,138.0
Kanta-Häme,Road transport,Vancouver vans,GWh,2023,138.0
Kanta-Häme,Road transport,Vancouver vans,GWh,2024,140.4
Kanta-Häme,Road transport,Drive-through traffic,GWh,1990,148.1
Kanta-Häme,Road transport,Drive-through traffic,GWh,2005,210.2
Kanta-Häme,Road transport,Drive-through traffic,GWh,2006,213.1
Kanta-Häme,Road transport,Drive-through traffic,GWh,2007,213.7
Kanta-Häme,Road transport,Drive-through traffic,GWh,2008,208.9
Kanta-Häme,Road transport,Drive-through traffic,GWh,2009,185.1
Kanta-Häme,Road transport,Drive-through traffic,GWh,2010,206.1
Kanta-Häme,Road transport,Drive-through traffic,GWh,2011,210.0
Kanta-Häme,Road transport,Drive-through traffic,GWh,2012,209.8
Kanta-Häme,Road transport,Drive-through traffic,GWh,2013,210.3
Kanta-Häme,Road transport,Drive-through traffic,GWh,2014,215.3
Kanta-Häme,Road transport,Drive-through traffic,GWh,2015,216.1
Kanta-Häme,Road transport,Drive-through traffic,GWh,2016,224.1
Kanta-Häme,Road transport,Drive-through traffic,GWh,2017,243.5
Kanta-Häme,Road transport,Drive-through traffic,GWh,2018,248.5
Kanta-Häme,Road transport,Drive-through traffic,GWh,2019,235.6
Kanta-Häme,Road transport,Drive-through traffic,GWh,2020,217.7
Kanta-Häme,Road transport,Drive-through traffic,GWh,2021,231.4
Kanta-Häme,Road transport,Drive-through traffic,GWh,2022,226.9
Kanta-Häme,Road transport,Drive-through traffic,GWh,2023,241.0
Kanta-Häme,Road transport,Drive-through traffic,GWh,2024,237.0
Kanta-Häme,Road transport,Motorcycles and mopeds,GWh,1990,6.2
Kanta-Häme,Road transport,Motorcycles and mopeds,GWh,2005,13.8
Kanta-Häme,Road transport,Motorcycles and mopeds,GWh,2006,15.0
Kanta-Häme,Road transport,Motorcycles and mopeds,GWh,2007,16.8
Kanta-Häme,Road transport,Motorcycles and mopeds,GWh,2008,17.9
Kanta-Häme,Road transport,Motorcycles and mopeds,GWh,2009,18.2
Kanta-Häme,Road transport,Motorcycles and mopeds,GWh,2010,19.2
Kanta-Häme,Road transport,Motorcycles and mopeds,GWh,2011,20.9
Kanta-Häme,Road transport,Motorcycles and mopeds,GWh,2012,21.1
Kanta-Häme,Road transport,Motorcycles and mopeds,GWh,2013,21.8
Kanta-Häme,Road transport,Motorcycles and mopeds,GWh,2014,21.7
Kanta-Häme,Road transport,Motorcycles and mopeds,GWh,2015,21.2
Kanta-Häme,Road transport,Motorcycles and mopeds,GWh,2016,21.4
Kanta-Häme,Road transport,Motorcycles and mopeds,GWh,2017,17.4
Kanta-Häme,Road transport,Motorcycles and mopeds,GWh,2018,17.5
Kanta-Häme,Road transport,Motorcycles and mopeds,GWh,2019,17.1
Kanta-Häme,Road transport,Motorcycles and mopeds,GWh,2020,16.6
Kanta-Häme,Road transport,Motorcycles and mopeds,GWh,2021,17.5
Kanta-Häme,Road transport,Motorcycles and mopeds,GWh,2022,16.8
Kanta-Häme,Road transport,Motorcycles and mopeds,GWh,2023,17.0
Kanta-Häme,Road transport,Motorcycles and mopeds,GWh,2024,17.4
Kanta-Häme,Rail transport,Diesel,GWh,1990,18.8
Kanta-Häme,Rail transport,Diesel,GWh,2005,12.5
Kanta-Häme,Rail transport,Diesel,GWh,2006,12.2
Kanta-Häme,Rail transport,Diesel,GWh,2007,9.8
Kanta-Häme,Rail transport,Diesel,GWh,2008,9.9
Kanta-Häme,Rail transport,Diesel,GWh,2009,7.6
Kanta-Häme,Rail transport,Diesel,GWh,2010,7.5
Kanta-Häme,Rail transport,Diesel,GWh,2011,7.3
Kanta-Häme,Rail transport,Diesel,GWh,2012,6.8
Kanta-Häme,Rail transport,Diesel,GWh,2013,6.2
Kanta-Häme,Rail transport,Diesel,GWh,2014,5.8
Kanta-Häme,Rail transport,Diesel,GWh,2015,4.8
Kanta-Häme,Rail transport,Diesel,GWh,2016,4.7
Kanta-Häme,Rail transport,Diesel,GWh,2017,4.7
Kanta-Häme,Rail transport,Diesel,GWh,2018,5.6
Kanta-Häme,Rail transport,Diesel,GWh,2019,6.2
Kanta-Häme,Rail transport,Diesel,GWh,2020,5.0
Kanta-Häme,Rail transport,Diesel,GWh,2021,7.8
Kanta-Häme,Rail transport,Diesel,GWh,2022,6.8
Kanta-Häme,Rail transport,Diesel,GWh,2023,6.0
Kanta-Häme,Rail transport,Diesel,GWh,2024,5.1
Kanta-Häme,Rail transport,Electricity,GWh,1990,28.3
Kanta-Häme,Rail transport,Electricity,GWh,2005,41.7
Kanta-Häme,Rail transport,Electricity,GWh,2006,42.4
Kanta-Häme,Rail transport,Electricity,GWh,2007,67.2
Kanta-Häme,Rail transport,Electricity,GWh,2008,66.9
Kanta-Häme,Rail transport,Electricity,GWh,2009,63.3
Kanta-Häme,Rail transport,Electricity,GWh,2010,66.1
Kanta-Häme,Rail transport,Electricity,GWh,2011,66.6
Kanta-Häme,Rail transport,Electricity,GWh,2012,65.3
Kanta-Häme,Rail transport,Electricity,GWh,2013,65.3
Kanta-Häme,Rail transport,Electricity,GWh,2014,63.4
Kanta-Häme,Rail transport,Electricity,GWh,2015,60.5
Kanta-Häme,Rail transport,Electricity,GWh,2016,56.3
Kanta-Häme,Rail transport,Electricity,GWh,2017,55.5
Kanta-Häme,Rail transport,Electricity,GWh,2018,59.7
Kanta-Häme,Rail transport,Electricity,GWh,2019,57.7
Kanta-Häme,Rail transport,Electricity,GWh,2020,44.3
Kanta-Häme,Rail transport,Electricity,GWh,2021,42.0
Kanta-Häme,Rail transport,Electricity,GWh,2022,43.1
Kanta-Häme,Rail transport,Electricity,GWh,2023,43.4
Kanta-Häme,Rail transport,Electricity,GWh,2024,49.1
Kanta-Häme,Rail transport,Community trains,GWh,1990,1.3
Kanta-Häme,Rail transport,Community trains,GWh,2005,3.7
Kanta-Häme,Rail transport,Community trains,GWh,2006,3.8
Kanta-Häme,Rail transport,Community trains,GWh,2007,4.0
Kanta-Häme,Rail transport,Community trains,GWh,2008,4.1
Kanta-Häme,Rail transport,Community trains,GWh,2009,4.1
Kanta-Häme,Rail transport,Community trains,GWh,2010,4.3
Kanta-Häme,Rail transport,Community trains,GWh,2011,4.1
Kanta-Häme,Rail transport,Community trains,GWh,2012,4.3
Kanta-Häme,Rail transport,Community trains,GWh,2013,4.2
Kanta-Häme,Rail transport,Community trains,GWh,2014,4.1
Kanta-Häme,Rail transport,Community trains,GWh,2015,4.1
Kanta-Häme,Rail transport,Community trains,GWh,2016,3.9
Kanta-Häme,Rail transport,Community trains,GWh,2017,3.5
Kanta-Häme,Rail transport,Community trains,GWh,2018,3.7
Kanta-Häme,Rail transport,Community trains,GWh,2019,6.6
Kanta-Häme,Rail transport,Community trains,GWh,2020,7.5
Kanta-Häme,Rail transport,Community trains,GWh,2021,7.3
Kanta-Häme,Rail transport,Community trains,GWh,2022,6.3
Kanta-Häme,Rail transport,Community trains,GWh,2023,6.2
Kanta-Häme,Rail transport,Community trains,GWh,2024,6.8
Kanta-Häme,Rail transport,Metros and trams,GWh,1990,0.0
Kanta-Häme,Rail transport,Metros and trams,GWh,2005,0.0
Kanta-Häme,Rail transport,Metros and trams,GWh,2006,0.0
Kanta-Häme,Rail transport,Metros and trams,GWh,2007,0.0
Kanta-Häme,Rail transport,Metros and trams,GWh,2008,0.0
Kanta-Häme,Rail transport,Metros and trams,GWh,2009,0.0
Kanta-Häme,Rail transport,Metros and trams,GWh,2010,0.0
Kanta-Häme,Rail transport,Metros and trams,GWh,2011,0.0
Kanta-Häme,Rail transport,Metros and trams,GWh,2012,0.0
Kanta-Häme,Rail transport,Metros and trams,GWh,2013,0.0
Kanta-Häme,Rail transport,Metros and trams,GWh,2014,0.0
Kanta-Häme,Rail transport,Metros and trams,GWh,2015,0.0
Kanta-Häme,Rail transport,Metros and trams,GWh,2016,0.0
Kanta-Häme,Rail transport,Metros and trams,GWh,2017,0.0
Kanta-Häme,Rail transport,Metros and trams,GWh,2018,0.0
Kanta-Häme,Rail transport,Metros and trams,GWh,2019,0.0
Kanta-Häme,Rail transport,Metros and trams,GWh,2020,0.0
Kanta-Häme,Rail transport,Metros and trams,GWh,2021,0.0
Kanta-Häme,Rail transport,Metros and trams,GWh,2022,0.0
Kanta-Häme,Rail transport,Metros and trams,GWh,2023,0.0
Kanta-Häme,Rail transport,Metros and trams,GWh,2024,0.0
Kanta-Häme,Water transport,Pleasure boats,GWh,1990,9.8
Kanta-Häme,Water transport,Pleasure boats,GWh,2005,10.4
Kanta-Häme,Water transport,Pleasure boats,GWh,2006,10.8
Kanta-Häme,Water transport,Pleasure boats,GWh,2007,10.8
Kanta-Häme,Water transport,Pleasure boats,GWh,2008,8.8
Kanta-Häme,Water transport,Pleasure boats,GWh,2009,9.1
Kanta-Häme,Water transport,Pleasure boats,GWh,2010,9.7
Kanta-Häme,Water transport,Pleasure boats,GWh,2011,7.7
Kanta-Häme,Water transport,Pleasure boats,GWh,2012,8.2
Kanta-Häme,Water transport,Pleasure boats,GWh,2013,8.7
Kanta-Häme,Water transport,Pleasure boats,GWh,2014,8.0
Kanta-Häme,Water transport,Pleasure boats,GWh,2015,8.3
Kanta-Häme,Water transport,Pleasure boats,GWh,2016,8.0
Kanta-Häme,Water transport,Pleasure boats,GWh,2017,8.0
Kanta-Häme,Water transport,Pleasure boats,GWh,2018,8.0
Kanta-Häme,Water transport,Pleasure boats,GWh,2019,8.1
Kanta-Häme,Water transport,Pleasure boats,GWh,2020,9.5
Kanta-Häme,Water transport,Pleasure boats,GWh,2021,10.6
Kanta-Häme,Water transport,Pleasure boats,GWh,2022,8.4
Kanta-Häme,Water transport,Pleasure boats,GWh,2023,8.5
Kanta-Häme,Water transport,Pleasure boats,GWh,2024,8.8
Kanta-Häme,Water transport,Passenger traffic,GWh,1990,0.0
Kanta-Häme,Water transport,Passenger traffic,GWh,2005,0.0
Kanta-Häme,Water transport,Passenger traffic,GWh,2006,0.0
Kanta-Häme,Water transport,Passenger traffic,GWh,2007,0.0
Kanta-Häme,Water transport,Passenger traffic,GWh,2008,0.0
Kanta-Häme,Water transport,Passenger traffic,GWh,2009,0.0
Kanta-Häme,Water transport,Passenger traffic,GWh,2010,0.0
Kanta-Häme,Water transport,Passenger traffic,GWh,2011,0.0
Kanta-Häme,Water transport,Passenger traffic,GWh,2012,0.0
Kanta-Häme,Water transport,Passenger traffic,GWh,2013,0.0
Kanta-Häme,Water transport,Passenger traffic,GWh,2014,0.0
Kanta-Häme,Water transport,Passenger traffic,GWh,2015,0.0
Kanta-Häme,Water transport,Passenger traffic,GWh,2016,0.0
Kanta-Häme,Water transport,Passenger traffic,GWh,2017,0.0
Kanta-Häme,Water transport,Passenger traffic,GWh,2018,0.0
Kanta-Häme,Water transport,Passenger traffic,GWh,2019,0.0
Kanta-Häme,Water transport,Passenger traffic,GWh,2020,0.0
Kanta-Häme,Water transport,Passenger traffic,GWh,2021,0.0
Kanta-Häme,Water transport,Passenger traffic,GWh,2022,0.0
Kanta-Häme,Water transport,Passenger traffic,GWh,2023,0.0
Kanta-Häme,Water transport,Passenger traffic,GWh,2024,0.0
Kanta-Häme,Water transport,Goods traffic,GWh,1990,0.0
Kanta-Häme,Water transport,Goods traffic,GWh,2005,0.0
Kanta-Häme,Water transport,Goods traffic,GWh,2006,0.0
Kanta-Häme,Water transport,Goods traffic,GWh,2007,0.0
Kanta-Häme,Water transport,Goods traffic,GWh,2008,0.0
Kanta-Häme,Water transport,Goods traffic,GWh,2009,0.0
Kanta-Häme,Water transport,Goods traffic,GWh,2010,0.0
Kanta-Häme,Water transport,Goods traffic,GWh,2011,0.0
Kanta-Häme,Water transport,Goods traffic,GWh,2012,0.0
Kanta-Häme,Water transport,Goods traffic,GWh,2013,0.0
Kanta-Häme,Water transport,Goods traffic,GWh,2014,0.0
Kanta-Häme,Water transport,Goods traffic,GWh,2015,0.0
Kanta-Häme,Water transport,Goods traffic,GWh,2016,0.0
Kanta-Häme,Water transport,Goods traffic,GWh,2017,0.0
Kanta-Häme,Water transport,Goods traffic,GWh,2018,0.0
Kanta-Häme,Water transport,Goods traffic,GWh,2019,0.0
Kanta-Häme,Water transport,Goods traffic,GWh,2020,0.0
Kanta-Häme,Water transport,Goods traffic,GWh,2021,0.0
Kanta-Häme,Water transport,Goods traffic,GWh,2022,0.0
Kanta-Häme,Water transport,Goods traffic,GWh,2023,0.0
Kanta-Häme,Water transport,Goods traffic,GWh,2024,0.0
Kanta-Häme,Water transport,Fishing vessels,GWh,1990,0.0
Kanta-Häme,Water transport,Fishing vessels,GWh,2005,0.0
Kanta-Häme,Water transport,Fishing vessels,GWh,2006,0.0
Kanta-Häme,Water transport,Fishing vessels,GWh,2007,0.0
Kanta-Häme,Water transport,Fishing vessels,GWh,2008,0.0
Kanta-Häme,Water transport,Fishing vessels,GWh,2009,0.0
Kanta-Häme,Water transport,Fishing vessels,GWh,2010,0.0
Kanta-Häme,Water transport,Fishing vessels,GWh,2011,0.0
Kanta-Häme,Water transport,Fishing vessels,GWh,2012,0.0
Kanta-Häme,Water transport,Fishing vessels,GWh,2013,0.0
Kanta-Häme,Water transport,Fishing vessels,GWh,2014,0.0
Kanta-Häme,Water transport,Fishing vessels,GWh,2015,0.0
Kanta-Häme,Water transport,Fishing vessels,GWh,2016,0.0
Kanta-Häme,Water transport,Fishing vessels,GWh,2017,0.0
Kanta-Häme,Water transport,Fishing vessels,GWh,2018,0.0
Kanta-Häme,Water transport,Fishing vessels,GWh,2019,0.0
Kanta-Häme,Water transport,Fishing vessels,GWh,2020,0.0
Kanta-Häme,Water transport,Fishing vessels,GWh,2021,0.0
Kanta-Häme,Water transport,Fishing vessels,GWh,2022,0.0
Kanta-Häme,Water transport,Fishing vessels,GWh,2023,0.0
Kanta-Häme,Water transport,Fishing vessels,GWh,2024,0.0
Kanta-Häme,Water transport,,GWh,1990,0.0
Kanta-Häme,Water transport,,GWh,2005,0.0
Kanta-Häme,Water transport,,GWh,2006,0.0
Kanta-Häme,Water transport,,GWh,2007,0.0
Kanta-Häme,Water transport,,GWh,2008,0.0
Kanta-Häme,Water transport,,GWh,2009,0.0
Kanta-Häme,Water transport,,GWh,2010,0.0
Kanta-Häme,Water transport,,GWh,2011,0.0
Kanta-Häme,Water transport,,GWh,2012,0.0
Kanta-Häme,Water transport,,GWh,2013,0.0
Kanta-Häme,Water transport,,GWh,2014,0.0
Kanta-Häme,Water transport,,GWh,2015,0.0
Kanta-Häme,Water transport,,GWh,2016,0.0
Kanta-Häme,Water transport,,GWh,2017,0.0
Kanta-Häme,Water transport,,GWh,2018,0.0
Kanta-Häme,Water transport,,GWh,2019,0.0
Kanta-Häme,Water transport,,GWh,2020,0.0
Kanta-Häme,Water transport,,GWh,2021,0.0
Kanta-Häme,Water transport,,GWh,2022,0.0
Kanta-Häme,Water transport,,GWh,2023,0.0
Kanta-Häme,Water transport,,GWh,2024,0.0
Kanta-Häme,Water transport,Workboats and ships,GWh,1990,5.1
Kanta-Häme,Water transport,Workboats and ships,GWh,2005,4.5
Kanta-Häme,Water transport,Workboats and ships,GWh,2006,4.5
Kanta-Häme,Water transport,Workboats and ships,GWh,2007,4.6
Kanta-Häme,Water transport,Workboats and ships,GWh,2008,4.6
Kanta-Häme,Water transport,Workboats and ships,GWh,2009,4.6
Kanta-Häme,Water transport,Workboats and ships,GWh,2010,4.6
Kanta-Häme,Water transport,Workboats and ships,GWh,2011,4.6
Kanta-Häme,Water transport,Workboats and ships,GWh,2012,4.6
Kanta-Häme,Water transport,Workboats and ships,GWh,2013,4.6
Kanta-Häme,Water transport,Workboats and ships,GWh,2014,4.6
Kanta-Häme,Water transport,Workboats and ships,GWh,2015,4.6
Kanta-Häme,Water transport,Workboats and ships,GWh,2016,4.5
Kanta-Häme,Water transport,Workboats and ships,GWh,2017,4.5
Kanta-Häme,Water transport,Workboats and ships,GWh,2018,4.5
Kanta-Häme,Water transport,Workboats and ships,GWh,2019,4.5
Kanta-Häme,Water transport,Workboats and ships,GWh,2020,4.5
Kanta-Häme,Water transport,Workboats and ships,GWh,2021,4.5
Kanta-Häme,Water transport,Workboats and ships,GWh,2022,4.4
Kanta-Häme,Water transport,Workboats and ships,GWh,2023,4.4
Kanta-Häme,Water transport,Workboats and ships,GWh,2024,2.2
Kanta-Häme,Emission credits,Wind power,GWh,1990,0.0
Kanta-Häme,Emission credits,Wind power,GWh,2005,0.0
Kanta-Häme,Emission credits,Wind power,GWh,2006,0.0
Kanta-Häme,Emission credits,Wind power,GWh,2007,0.0
Kanta-Häme,Emission credits,Wind power,GWh,2008,0.0
Kanta-Häme,Emission credits,Wind power,GWh,2009,0.0
Kanta-Häme,Emission credits,Wind power,GWh,2010,0.0
Kanta-Häme,Emission credits,Wind power,GWh,2011,0.0
Kanta-Häme,Emission credits,Wind power,GWh,2012,0.0
Kanta-Häme,Emission credits,Wind power,GWh,2013,0.0
Kanta-Häme,Emission credits,Wind power,GWh,2014,0.0
Kanta-Häme,Emission credits,Wind power,GWh,2015,0.0
Kanta-Häme,Emission credits,Wind power,GWh,2016,23.3
Kanta-Häme,Emission credits,Wind power,GWh,2017,27.4
Kanta-Häme,Emission credits,Wind power,GWh,2018,33.5
Kanta-Häme,Emission credits,Wind power,GWh,2019,30.9
Kanta-Häme,Emission credits,Wind power,GWh,2020,36.1
Kanta-Häme,Emission credits,Wind power,GWh,2021,73.2
Kanta-Häme,Emission credits,Wind power,GWh,2022,85.5
Kanta-Häme,Emission credits,Wind power,GWh,2023,87.5
Kanta-Häme,Emission credits,Wind power,GWh,2024,100.3
Kymenlaakso,Electricity,Housing,GWh,1990,319.7
Kymenlaakso,Electricity,Housing,GWh,2005,384.8
Kymenlaakso,Electricity,Housing,GWh,2006,399.5
Kymenlaakso,Electricity,Housing,GWh,2007,405.6
Kymenlaakso,Electricity,Housing,GWh,2008,403.8
Kymenlaakso,Electricity,Housing,GWh,2009,417.8
Kymenlaakso,Electricity,Housing,GWh,2010,444.7
Kymenlaakso,Electricity,Housing,GWh,2011,395.3
Kymenlaakso,Electricity,Housing,GWh,2012,420.6
Kymenlaakso,Electricity,Housing,GWh,2013,399.3
Kymenlaakso,Electricity,Housing,GWh,2014,400.3
Kymenlaakso,Electricity,Housing,GWh,2015,393.5
Kymenlaakso,Electricity,Housing,GWh,2016,412.0
Kymenlaakso,Electricity,Housing,GWh,2017,407.0
Kymenlaakso,Electricity,Housing,GWh,2018,408.9
Kymenlaakso,Electricity,Housing,GWh,2019,408.0
Kymenlaakso,Electricity,Housing,GWh,2020,384.8
Kymenlaakso,Electricity,Housing,GWh,2021,418.2
Kymenlaakso,Electricity,Housing,GWh,2022,402.9
Kymenlaakso,Electricity,Housing,GWh,2023,391.2
Kymenlaakso,Electricity,Housing,GWh,2024,395.6
Kymenlaakso,Electricity,Agriculture,GWh,1990,14.1
Kymenlaakso,Electricity,Agriculture,GWh,2005,20.3
Kymenlaakso,Electricity,Agriculture,GWh,2006,20.8
Kymenlaakso,Electricity,Agriculture,GWh,2007,21.6
Kymenlaakso,Electricity,Agriculture,GWh,2008,22.3
Kymenlaakso,Electricity,Agriculture,GWh,2009,23.0
Kymenlaakso,Electricity,Agriculture,GWh,2010,23.3
Kymenlaakso,Electricity,Agriculture,GWh,2011,23.9
Kymenlaakso,Electricity,Agriculture,GWh,2012,24.3
Kymenlaakso,Electricity,Agriculture,GWh,2013,19.0
Kymenlaakso,Electricity,Agriculture,GWh,2014,17.5
Kymenlaakso,Electricity,Agriculture,GWh,2015,16.6
Kymenlaakso,Electricity,Agriculture,GWh,2016,20.3
Kymenlaakso,Electricity,Agriculture,GWh,2017,19.9
Kymenlaakso,Electricity,Agriculture,GWh,2018,20.4
Kymenlaakso,Electricity,Agriculture,GWh,2019,21.4
Kymenlaakso,Electricity,Agriculture,GWh,2020,15.4
Kymenlaakso,Electricity,Agriculture,GWh,2021,15.3
Kymenlaakso,Electricity,Agriculture,GWh,2022,15.0
Kymenlaakso,Electricity,Agriculture,GWh,2023,14.6
Kymenlaakso,Electricity,Agriculture,GWh,2024,12.5
Kymenlaakso,Electricity,Services,GWh,1990,347.3
Kymenlaakso,Electricity,Services,GWh,2005,543.9
Kymenlaakso,Electricity,Services,GWh,2006,572.2
Kymenlaakso,Electricity,Services,GWh,2007,580.2
Kymenlaakso,Electricity,Services,GWh,2008,585.3
Kymenlaakso,Electricity,Services,GWh,2009,583.1
Kymenlaakso,Electricity,Services,GWh,2010,625.8
Kymenlaakso,Electricity,Services,GWh,2011,632.7
Kymenlaakso,Electricity,Services,GWh,2012,745.0
Kymenlaakso,Electricity,Services,GWh,2013,750.1
Kymenlaakso,Electricity,Services,GWh,2014,809.0
Kymenlaakso,Electricity,Services,GWh,2015,890.5
Kymenlaakso,Electricity,Services,GWh,2016,903.2
Kymenlaakso,Electricity,Services,GWh,2017,789.7
Kymenlaakso,Electricity,Services,GWh,2018,910.3
Kymenlaakso,Electricity,Services,GWh,2019,928.4
Kymenlaakso,Electricity,Services,GWh,2020,953.1
Kymenlaakso,Electricity,Services,GWh,2021,935.3
Kymenlaakso,Electricity,Services,GWh,2022,922.5
Kymenlaakso,Electricity,Services,GWh,2023,871.7
Kymenlaakso,Electricity,Services,GWh,2024,1085.3
Kymenlaakso,Electricity,Industry,GWh,1990,5236.0
Kymenlaakso,Electricity,Industry,GWh,2005,4806.1
Kymenlaakso,Electricity,Industry,GWh,2006,5262.8
Kymenlaakso,Electricity,Industry,GWh,2007,5219.5
Kymenlaakso,Electricity,Industry,GWh,2008,4011.4
Kymenlaakso,Electricity,Industry,GWh,2009,3565.2
Kymenlaakso,Electricity,Industry,GWh,2010,3732.0
Kymenlaakso,Electricity,Industry,GWh,2011,3662.2
Kymenlaakso,Electricity,Industry,GWh,2012,2979.3
Kymenlaakso,Electricity,Industry,GWh,2013,2810.1
Kymenlaakso,Electricity,Industry,GWh,2014,2803.9
Kymenlaakso,Electricity,Industry,GWh,2015,2850.3
Kymenlaakso,Electricity,Industry,GWh,2016,2777.0
Kymenlaakso,Electricity,Industry,GWh,2017,2931.2
Kymenlaakso,Electricity,Industry,GWh,2018,2732.3
Kymenlaakso,Electricity,Industry,GWh,2019,2454.5
Kymenlaakso,Electricity,Industry,GWh,2020,2214.2
Kymenlaakso,Electricity,Industry,GWh,2021,2736.4
Kymenlaakso,Electricity,Industry,GWh,2022,2463.1
Kymenlaakso,Electricity,Industry,GWh,2023,2023.0
Kymenlaakso,Electricity,Industry,GWh,2024,2062.6
Kymenlaakso,Electric heating,Housing,GWh,1990,246.2
Kymenlaakso,Electric heating,Housing,GWh,2005,309.4
Kymenlaakso,Electric heating,Housing,GWh,2006,318.3
Kymenlaakso,Electric heating,Housing,GWh,2007,315.9
Kymenlaakso,Electric heating,Housing,GWh,2008,304.2
Kymenlaakso,Electric heating,Housing,GWh,2009,323.1
Kymenlaakso,Electric heating,Housing,GWh,2010,344.3
Kymenlaakso,Electric heating,Housing,GWh,2011,308.0
Kymenlaakso,Electric heating,Housing,GWh,2012,318.3
Kymenlaakso,Electric heating,Housing,GWh,2013,312.8
Kymenlaakso,Electric heating,Housing,GWh,2014,313.2
Kymenlaakso,Electric heating,Housing,GWh,2015,304.1
Kymenlaakso,Electric heating,Housing,GWh,2016,322.7
Kymenlaakso,Electric heating,Housing,GWh,2017,316.2
Kymenlaakso,Electric heating,Housing,GWh,2018,318.7
Kymenlaakso,Electric heating,Housing,GWh,2019,313.4
Kymenlaakso,Electric heating,Housing,GWh,2020,296.6
Kymenlaakso,Electric heating,Housing,GWh,2021,328.3
Kymenlaakso,Electric heating,Housing,GWh,2022,318.7
Kymenlaakso,Electric heating,Housing,GWh,2023,301.7
Kymenlaakso,Electric heating,Housing,GWh,2024,304.2
Kymenlaakso,Electric heating,Agriculture,GWh,1990,3.7
Kymenlaakso,Electric heating,Agriculture,GWh,2005,5.2
Kymenlaakso,Electric heating,Agriculture,GWh,2006,5.2
Kymenlaakso,Electric heating,Agriculture,GWh,2007,5.4
Kymenlaakso,Electric heating,Agriculture,GWh,2008,5.1
Kymenlaakso,Electric heating,Agriculture,GWh,2009,5.9
Kymenlaakso,Electric heating,Agriculture,GWh,2010,6.1
Kymenlaakso,Electric heating,Agriculture,GWh,2011,6.0
Kymenlaakso,Electric heating,Agriculture,GWh,2012,6.2
Kymenlaakso,Electric heating,Agriculture,GWh,2013,6.4
Kymenlaakso,Electric heating,Agriculture,GWh,2014,6.2
Kymenlaakso,Electric heating,Agriculture,GWh,2015,6.1
Kymenlaakso,Electric heating,Agriculture,GWh,2016,6.2
Kymenlaakso,Electric heating,Agriculture,GWh,2017,6.0
Kymenlaakso,Electric heating,Agriculture,GWh,2018,6.2
Kymenlaakso,Electric heating,Agriculture,GWh,2019,5.8
Kymenlaakso,Electric heating,Agriculture,GWh,2020,5.9
Kymenlaakso,Electric heating,Agriculture,GWh,2021,5.8
Kymenlaakso,Electric heating,Agriculture,GWh,2022,5.8
Kymenlaakso,Electric heating,Agriculture,GWh,2023,5.6
Kymenlaakso,Electric heating,Agriculture,GWh,2024,5.6
Kymenlaakso,Electric heating,Services,GWh,1990,60.1
Kymenlaakso,Electric heating,Services,GWh,2005,61.8
Kymenlaakso,Electric heating,Services,GWh,2006,49.9
Kymenlaakso,Electric heating,Services,GWh,2007,52.1
Kymenlaakso,Electric heating,Services,GWh,2008,50.6
Kymenlaakso,Electric heating,Services,GWh,2009,52.3
Kymenlaakso,Electric heating,Services,GWh,2010,55.9
Kymenlaakso,Electric heating,Services,GWh,2011,52.7
Kymenlaakso,Electric heating,Services,GWh,2012,53.0
Kymenlaakso,Electric heating,Services,GWh,2013,54.8
Kymenlaakso,Electric heating,Services,GWh,2014,52.8
Kymenlaakso,Electric heating,Services,GWh,2015,51.9
Kymenlaakso,Electric heating,Services,GWh,2016,53.5
Kymenlaakso,Electric heating,Services,GWh,2017,54.8
Kymenlaakso,Electric heating,Services,GWh,2018,55.4
Kymenlaakso,Electric heating,Services,GWh,2019,57.0
Kymenlaakso,Electric heating,Services,GWh,2020,52.9
Kymenlaakso,Electric heating,Services,GWh,2021,57.0
Kymenlaakso,Electric heating,Services,GWh,2022,59.1
Kymenlaakso,Electric heating,Services,GWh,2023,58.3
Kymenlaakso,Electric heating,Services,GWh,2024,58.5
Kymenlaakso,District heating,Housing,GWh,1990,340.8
Kymenlaakso,District heating,Housing,GWh,2005,514.5
Kymenlaakso,District heating,Housing,GWh,2006,544.1
Kymenlaakso,District heating,Housing,GWh,2007,544.7
Kymenlaakso,District heating,Housing,GWh,2008,527.0
Kymenlaakso,District heating,Housing,GWh,2009,583.7
Kymenlaakso,District heating,Housing,GWh,2010,632.2
Kymenlaakso,District heating,Housing,GWh,2011,538.9
Kymenlaakso,District heating,Housing,GWh,2012,577.2
Kymenlaakso,District heating,Housing,GWh,2013,547.3
Kymenlaakso,District heating,Housing,GWh,2014,541.3
Kymenlaakso,District heating,Housing,GWh,2015,505.8
Kymenlaakso,District heating,Housing,GWh,2016,554.4
Kymenlaakso,District heating,Housing,GWh,2017,537.8
Kymenlaakso,District heating,Housing,GWh,2018,535.0
Kymenlaakso,District heating,Housing,GWh,2019,513.0
Kymenlaakso,District heating,Housing,GWh,2020,462.5
Kymenlaakso,District heating,Housing,GWh,2021,544.5
Kymenlaakso,District heating,Housing,GWh,2022,513.4
Kymenlaakso,District heating,Housing,GWh,2023,506.4
Kymenlaakso,District heating,Housing,GWh,2024,501.6
Kymenlaakso,District heating,Agriculture,GWh,1990,1.2
Kymenlaakso,District heating,Agriculture,GWh,2005,1.8
Kymenlaakso,District heating,Agriculture,GWh,2006,1.8
Kymenlaakso,District heating,Agriculture,GWh,2007,1.7
Kymenlaakso,District heating,Agriculture,GWh,2008,1.6
Kymenlaakso,District heating,Agriculture,GWh,2009,1.9
Kymenlaakso,District heating,Agriculture,GWh,2010,1.9
Kymenlaakso,District heating,Agriculture,GWh,2011,1.5
Kymenlaakso,District heating,Agriculture,GWh,2012,1.6
Kymenlaakso,District heating,Agriculture,GWh,2013,1.5
Kymenlaakso,District heating,Agriculture,GWh,2014,1.3
Kymenlaakso,District heating,Agriculture,GWh,2015,1.4
Kymenlaakso,District heating,Agriculture,GWh,2016,1.5
Kymenlaakso,District heating,Agriculture,GWh,2017,1.6
Kymenlaakso,District heating,Agriculture,GWh,2018,1.6
Kymenlaakso,District heating,Agriculture,GWh,2019,2.7
Kymenlaakso,District heating,Agriculture,GWh,2020,2.4
Kymenlaakso,District heating,Agriculture,GWh,2021,2.9
Kymenlaakso,District heating,Agriculture,GWh,2022,2.2
Kymenlaakso,District heating,Agriculture,GWh,2023,2.3
Kymenlaakso,District heating,Agriculture,GWh,2024,2.3
Kymenlaakso,District heating,Services,GWh,1990,203.2
Kymenlaakso,District heating,Services,GWh,2005,249.0
Kymenlaakso,District heating,Services,GWh,2006,245.2
Kymenlaakso,District heating,Services,GWh,2007,239.7
Kymenlaakso,District heating,Services,GWh,2008,230.1
Kymenlaakso,District heating,Services,GWh,2009,262.8
Kymenlaakso,District heating,Services,GWh,2010,300.4
Kymenlaakso,District heating,Services,GWh,2011,258.9
Kymenlaakso,District heating,Services,GWh,2012,288.6
Kymenlaakso,District heating,Services,GWh,2013,277.4
Kymenlaakso,District heating,Services,GWh,2014,273.8
Kymenlaakso,District heating,Services,GWh,2015,259.6
Kymenlaakso,District heating,Services,GWh,2016,290.8
Kymenlaakso,District heating,Services,GWh,2017,294.3
Kymenlaakso,District heating,Services,GWh,2018,299.4
Kymenlaakso,District heating,Services,GWh,2019,289.0
Kymenlaakso,District heating,Services,GWh,2020,260.4
Kymenlaakso,District heating,Services,GWh,2021,307.9
Kymenlaakso,District heating,Services,GWh,2022,299.0
Kymenlaakso,District heating,Services,GWh,2023,295.4
Kymenlaakso,District heating,Services,GWh,2024,294.4
Kymenlaakso,District heating,Industry,GWh,1990,66.3
Kymenlaakso,District heating,Industry,GWh,2005,72.0
Kymenlaakso,District heating,Industry,GWh,2006,74.0
Kymenlaakso,District heating,Industry,GWh,2007,70.9
Kymenlaakso,District heating,Industry,GWh,2008,68.9
Kymenlaakso,District heating,Industry,GWh,2009,76.7
Kymenlaakso,District heating,Industry,GWh,2010,88.2
Kymenlaakso,District heating,Industry,GWh,2011,76.0
Kymenlaakso,District heating,Industry,GWh,2012,78.2
Kymenlaakso,District heating,Industry,GWh,2013,70.0
Kymenlaakso,District heating,Industry,GWh,2014,68.4
Kymenlaakso,District heating,Industry,GWh,2015,63.5
Kymenlaakso,District heating,Industry,GWh,2016,70.8
Kymenlaakso,District heating,Industry,GWh,2017,77.3
Kymenlaakso,District heating,Industry,GWh,2018,77.1
Kymenlaakso,District heating,Industry,GWh,2019,80.4
Kymenlaakso,District heating,Industry,GWh,2020,72.5
Kymenlaakso,District heating,Industry,GWh,2021,86.6
Kymenlaakso,District heating,Industry,GWh,2022,82.0
Kymenlaakso,District heating,Industry,GWh,2023,84.1
Kymenlaakso,District heating,Industry,GWh,2024,83.5
Kymenlaakso,Oil heating,Housing,GWh,1990,472.6
Kymenlaakso,Oil heating,Housing,GWh,2005,370.1
Kymenlaakso,Oil heating,Housing,GWh,2006,363.0
Kymenlaakso,Oil heating,Housing,GWh,2007,343.8
Kymenlaakso,Oil heating,Housing,GWh,2008,253.3
Kymenlaakso,Oil heating,Housing,GWh,2009,259.3
Kymenlaakso,Oil heating,Housing,GWh,2010,287.1
Kymenlaakso,Oil heating,Housing,GWh,2011,214.2
Kymenlaakso,Oil heating,Housing,GWh,2012,223.3
Kymenlaakso,Oil heating,Housing,GWh,2013,194.8
Kymenlaakso,Oil heating,Housing,GWh,2014,188.0
Kymenlaakso,Oil heating,Housing,GWh,2015,165.0
Kymenlaakso,Oil heating,Housing,GWh,2016,168.4
Kymenlaakso,Oil heating,Housing,GWh,2017,158.8
Kymenlaakso,Oil heating,Housing,GWh,2018,145.5
Kymenlaakso,Oil heating,Housing,GWh,2019,128.6
Kymenlaakso,Oil heating,Housing,GWh,2020,112.4
Kymenlaakso,Oil heating,Housing,GWh,2021,103.9
Kymenlaakso,Oil heating,Housing,GWh,2022,73.0
Kymenlaakso,Oil heating,Housing,GWh,2023,35.0
Kymenlaakso,Oil heating,Housing,GWh,2024,29.9
Kymenlaakso,Oil heating,Agriculture,GWh,1990,26.2
Kymenlaakso,Oil heating,Agriculture,GWh,2005,9.8
Kymenlaakso,Oil heating,Agriculture,GWh,2006,7.9
Kymenlaakso,Oil heating,Agriculture,GWh,2007,6.9
Kymenlaakso,Oil heating,Agriculture,GWh,2008,6.0
Kymenlaakso,Oil heating,Agriculture,GWh,2009,6.9
Kymenlaakso,Oil heating,Agriculture,GWh,2010,8.0
Kymenlaakso,Oil heating,Agriculture,GWh,2011,5.8
Kymenlaakso,Oil heating,Agriculture,GWh,2012,6.4
Kymenlaakso,Oil heating,Agriculture,GWh,2013,4.6
Kymenlaakso,Oil heating,Agriculture,GWh,2014,3.9
Kymenlaakso,Oil heating,Agriculture,GWh,2015,4.3
Kymenlaakso,Oil heating,Agriculture,GWh,2016,3.4
Kymenlaakso,Oil heating,Agriculture,GWh,2017,3.1
Kymenlaakso,Oil heating,Agriculture,GWh,2018,3.3
Kymenlaakso,Oil heating,Agriculture,GWh,2019,3.4
Kymenlaakso,Oil heating,Agriculture,GWh,2020,2.9
Kymenlaakso,Oil heating,Agriculture,GWh,2021,3.6
Kymenlaakso,Oil heating,Agriculture,GWh,2022,3.4
Kymenlaakso,Oil heating,Agriculture,GWh,2023,3.5
Kymenlaakso,Oil heating,Agriculture,GWh,2024,2.4
Kymenlaakso,Oil heating,Services,GWh,1990,162.6
Kymenlaakso,Oil heating,Services,GWh,2005,127.5
Kymenlaakso,Oil heating,Services,GWh,2006,125.3
Kymenlaakso,Oil heating,Services,GWh,2007,121.1
Kymenlaakso,Oil heating,Services,GWh,2008,93.2
Kymenlaakso,Oil heating,Services,GWh,2009,104.3
Kymenlaakso,Oil heating,Services,GWh,2010,111.0
Kymenlaakso,Oil heating,Services,GWh,2011,95.0
Kymenlaakso,Oil heating,Services,GWh,2012,103.4
Kymenlaakso,Oil heating,Services,GWh,2013,94.2
Kymenlaakso,Oil heating,Services,GWh,2014,92.9
Kymenlaakso,Oil heating,Services,GWh,2015,83.9
Kymenlaakso,Oil heating,Services,GWh,2016,92.7
Kymenlaakso,Oil heating,Services,GWh,2017,92.6
Kymenlaakso,Oil heating,Services,GWh,2018,92.2
Kymenlaakso,Oil heating,Services,GWh,2019,88.7
Kymenlaakso,Oil heating,Services,GWh,2020,79.2
Kymenlaakso,Oil heating,Services,GWh,2021,92.8
Kymenlaakso,Oil heating,Services,GWh,2022,89.3
Kymenlaakso,Oil heating,Services,GWh,2023,89.3
Kymenlaakso,Oil heating,Services,GWh,2024,88.1
Kymenlaakso,Other heating,Housing,GWh,1990,402.3
Kymenlaakso,Other heating,Housing,GWh,2005,607.6
Kymenlaakso,Other heating,Housing,GWh,2006,611.0
Kymenlaakso,Other heating,Housing,GWh,2007,640.4
Kymenlaakso,Other heating,Housing,GWh,2008,663.8
Kymenlaakso,Other heating,Housing,GWh,2009,716.2
Kymenlaakso,Other heating,Housing,GWh,2010,799.1
Kymenlaakso,Other heating,Housing,GWh,2011,609.4
Kymenlaakso,Other heating,Housing,GWh,2012,657.5
Kymenlaakso,Other heating,Housing,GWh,2013,619.2
Kymenlaakso,Other heating,Housing,GWh,2014,614.5
Kymenlaakso,Other heating,Housing,GWh,2015,570.4
Kymenlaakso,Other heating,Housing,GWh,2016,618.1
Kymenlaakso,Other heating,Housing,GWh,2017,601.1
Kymenlaakso,Other heating,Housing,GWh,2018,583.6
Kymenlaakso,Other heating,Housing,GWh,2019,575.7
Kymenlaakso,Other heating,Housing,GWh,2020,522.4
Kymenlaakso,Other heating,Housing,GWh,2021,605.3
Kymenlaakso,Other heating,Housing,GWh,2022,508.9
Kymenlaakso,Other heating,Housing,GWh,2023,426.3
Kymenlaakso,Other heating,Housing,GWh,2024,399.2
Kymenlaakso,Other heating,Agriculture,GWh,1990,122.3
Kymenlaakso,Other heating,Agriculture,GWh,2005,109.6
Kymenlaakso,Other heating,Agriculture,GWh,2006,97.2
Kymenlaakso,Other heating,Agriculture,GWh,2007,91.3
Kymenlaakso,Other heating,Agriculture,GWh,2008,70.4
Kymenlaakso,Other heating,Agriculture,GWh,2009,78.1
Kymenlaakso,Other heating,Agriculture,GWh,2010,76.5
Kymenlaakso,Other heating,Agriculture,GWh,2011,67.0
Kymenlaakso,Other heating,Agriculture,GWh,2012,65.4
Kymenlaakso,Other heating,Agriculture,GWh,2013,63.3
Kymenlaakso,Other heating,Agriculture,GWh,2014,55.6
Kymenlaakso,Other heating,Agriculture,GWh,2015,53.5
Kymenlaakso,Other heating,Agriculture,GWh,2016,53.8
Kymenlaakso,Other heating,Agriculture,GWh,2017,49.7
Kymenlaakso,Other heating,Agriculture,GWh,2018,41.0
Kymenlaakso,Other heating,Agriculture,GWh,2019,41.3
Kymenlaakso,Other heating,Agriculture,GWh,2020,53.0
Kymenlaakso,Other heating,Agriculture,GWh,2021,52.6
Kymenlaakso,Other heating,Agriculture,GWh,2022,54.0
Kymenlaakso,Other heating,Agriculture,GWh,2023,49.0
Kymenlaakso,Other heating,Agriculture,GWh,2024,26.2
Kymenlaakso,Other heating,Services,GWh,1990,250.2
Kymenlaakso,Other heating,Services,GWh,2005,266.2
Kymenlaakso,Other heating,Services,GWh,2006,261.5
Kymenlaakso,Other heating,Services,GWh,2007,238.9
Kymenlaakso,Other heating,Services,GWh,2008,223.5
Kymenlaakso,Other heating,Services,GWh,2009,212.0
Kymenlaakso,Other heating,Services,GWh,2010,232.8
Kymenlaakso,Other heating,Services,GWh,2011,282.4
Kymenlaakso,Other heating,Services,GWh,2012,256.5
Kymenlaakso,Other heating,Services,GWh,2013,269.3
Kymenlaakso,Other heating,Services,GWh,2014,232.2
Kymenlaakso,Other heating,Services,GWh,2015,216.5
Kymenlaakso,Other heating,Services,GWh,2016,223.4
Kymenlaakso,Other heating,Services,GWh,2017,234.2
Kymenlaakso,Other heating,Services,GWh,2018,204.1
Kymenlaakso,Other heating,Services,GWh,2019,207.6
Kymenlaakso,Other heating,Services,GWh,2020,166.9
Kymenlaakso,Other heating,Services,GWh,2021,212.9
Kymenlaakso,Other heating,Services,GWh,2022,180.2
Kymenlaakso,Other heating,Services,GWh,2023,112.2
Kymenlaakso,Other heating,Services,GWh,2024,98.9
Kymenlaakso,Industry,Industrial fuels,GWh,1990,8245.2
Kymenlaakso,Industry,Industrial fuels,GWh,2005,6546.4
Kymenlaakso,Industry,Industrial fuels,GWh,2006,7061.1
Kymenlaakso,Industry,Industrial fuels,GWh,2007,8273.4
Kymenlaakso,Industry,Industrial fuels,GWh,2008,7919.1
Kymenlaakso,Industry,Industrial fuels,GWh,2009,5480.1
Kymenlaakso,Industry,Industrial fuels,GWh,2010,7836.8
Kymenlaakso,Industry,Industrial fuels,GWh,2011,7500.3
Kymenlaakso,Industry,Industrial fuels,GWh,2012,6918.2
Kymenlaakso,Industry,Industrial fuels,GWh,2013,6882.1
Kymenlaakso,Industry,Industrial fuels,GWh,2014,7328.3
Kymenlaakso,Industry,Industrial fuels,GWh,2015,7113.9
Kymenlaakso,Industry,Industrial fuels,GWh,2016,7747.9
Kymenlaakso,Industry,Industrial fuels,GWh,2017,7960.0
Kymenlaakso,Industry,Industrial fuels,GWh,2018,7404.9
Kymenlaakso,Industry,Industrial fuels,GWh,2019,7371.2
Kymenlaakso,Industry,Industrial fuels,GWh,2020,6416.3
Kymenlaakso,Industry,Industrial fuels,GWh,2021,4199.9
Kymenlaakso,Industry,Industrial fuels,GWh,2022,6305.1
Kymenlaakso,Industry,Industrial fuels,GWh,2023,7504.3
Kymenlaakso,Industry,Industrial fuels,GWh,2024,5635.0
Kymenlaakso,Machinery,Mining and industrial machinery,GWh,1990,58.4
Kymenlaakso,Machinery,Mining and industrial machinery,GWh,2005,59.7
Kymenlaakso,Machinery,Mining and industrial machinery,GWh,2006,60.2
Kymenlaakso,Machinery,Mining and industrial machinery,GWh,2007,61.9
Kymenlaakso,Machinery,Mining and industrial machinery,GWh,2008,63.3
Kymenlaakso,Machinery,Mining and industrial machinery,GWh,2009,55.1
Kymenlaakso,Machinery,Mining and industrial machinery,GWh,2010,57.4
Kymenlaakso,Machinery,Mining and industrial machinery,GWh,2011,56.3
Kymenlaakso,Machinery,Mining and industrial machinery,GWh,2012,53.4
Kymenlaakso,Machinery,Mining and industrial machinery,GWh,2013,51.4
Kymenlaakso,Machinery,Mining and industrial machinery,GWh,2014,49.7
Kymenlaakso,Machinery,Mining and industrial machinery,GWh,2015,49.2
Kymenlaakso,Machinery,Mining and industrial machinery,GWh,2016,47.1
Kymenlaakso,Machinery,Mining and industrial machinery,GWh,2017,49.0
Kymenlaakso,Machinery,Mining and industrial machinery,GWh,2018,48.1
Kymenlaakso,Machinery,Mining and industrial machinery,GWh,2019,49.5
Kymenlaakso,Machinery,Mining and industrial machinery,GWh,2020,49.1
Kymenlaakso,Machinery,Mining and industrial machinery,GWh,2021,45.8
Kymenlaakso,Machinery,Mining and industrial machinery,GWh,2022,46.5
Kymenlaakso,Machinery,Mining and industrial machinery,GWh,2023,45.1
Kymenlaakso,Machinery,Mining and industrial machinery,GWh,2024,45.8
Kymenlaakso,Machinery,Agricultural and forestry machinery,GWh,1990,111.6
Kymenlaakso,Machinery,Agricultural and forestry machinery,GWh,2005,106.9
Kymenlaakso,Machinery,Agricultural and forestry machinery,GWh,2006,106.7
Kymenlaakso,Machinery,Agricultural and forestry machinery,GWh,2007,106.0
Kymenlaakso,Machinery,Agricultural and forestry machinery,GWh,2008,105.8
Kymenlaakso,Machinery,Agricultural and forestry machinery,GWh,2009,98.6
Kymenlaakso,Machinery,Agricultural and forestry machinery,GWh,2010,95.0
Kymenlaakso,Machinery,Agricultural and forestry machinery,GWh,2011,95.7
Kymenlaakso,Machinery,Agricultural and forestry machinery,GWh,2012,98.1
Kymenlaakso,Machinery,Agricultural and forestry machinery,GWh,2013,100.4
Kymenlaakso,Machinery,Agricultural and forestry machinery,GWh,2014,101.0
Kymenlaakso,Machinery,Agricultural and forestry machinery,GWh,2015,103.0
Kymenlaakso,Machinery,Agricultural and forestry machinery,GWh,2016,101.4
Kymenlaakso,Machinery,Agricultural and forestry machinery,GWh,2017,98.2
Kymenlaakso,Machinery,Agricultural and forestry machinery,GWh,2018,88.1
Kymenlaakso,Machinery,Agricultural and forestry machinery,GWh,2019,89.5
Kymenlaakso,Machinery,Agricultural and forestry machinery,GWh,2020,91.7
Kymenlaakso,Machinery,Agricultural and forestry machinery,GWh,2021,84.4
Kymenlaakso,Machinery,Agricultural and forestry machinery,GWh,2022,85.7
Kymenlaakso,Machinery,Agricultural and forestry machinery,GWh,2023,85.4
Kymenlaakso,Machinery,Agricultural and forestry machinery,GWh,2024,84.5
Kymenlaakso,Machinery,Other machinery,GWh,1990,12.1
Kymenlaakso,Machinery,Other machinery,GWh,2005,13.8
Kymenlaakso,Machinery,Other machinery,GWh,2006,14.0
Kymenlaakso,Machinery,Other machinery,GWh,2007,14.1
Kymenlaakso,Machinery,Other machinery,GWh,2008,13.5
Kymenlaakso,Machinery,Other machinery,GWh,2009,12.8
Kymenlaakso,Machinery,Other machinery,GWh,2010,12.6
Kymenlaakso,Machinery,Other machinery,GWh,2011,13.2
Kymenlaakso,Machinery,Other machinery,GWh,2012,13.8
Kymenlaakso,Machinery,Other machinery,GWh,2013,14.1
Kymenlaakso,Machinery,Other machinery,GWh,2014,13.8
Kymenlaakso,Machinery,Other machinery,GWh,2015,14.3
Kymenlaakso,Machinery,Other machinery,GWh,2016,14.3
Kymenlaakso,Machinery,Other machinery,GWh,2017,14.0
Kymenlaakso,Machinery,Other machinery,GWh,2018,13.2
Kymenlaakso,Machinery,Other machinery,GWh,2019,13.5
Kymenlaakso,Machinery,Other machinery,GWh,2020,13.4
Kymenlaakso,Machinery,Other machinery,GWh,2021,12.6
Kymenlaakso,Machinery,Other machinery,GWh,2022,12.8
Kymenlaakso,Machinery,Other machinery,GWh,2023,12.5
Kymenlaakso,Machinery,Other machinery,GWh,2024,11.8
Kymenlaakso,Machinery,Construction machinery,GWh,1990,40.8
Kymenlaakso,Machinery,Construction machinery,GWh,2005,45.4
Kymenlaakso,Machinery,Construction machinery,GWh,2006,36.4
Kymenlaakso,Machinery,Construction machinery,GWh,2007,45.0
Kymenlaakso,Machinery,Construction machinery,GWh,2008,46.1
Kymenlaakso,Machinery,Construction machinery,GWh,2009,58.0
Kymenlaakso,Machinery,Construction machinery,GWh,2010,50.2
Kymenlaakso,Machinery,Construction machinery,GWh,2011,32.9
Kymenlaakso,Machinery,Construction machinery,GWh,2012,52.3
Kymenlaakso,Machinery,Construction machinery,GWh,2013,35.1
Kymenlaakso,Machinery,Construction machinery,GWh,2014,37.0
Kymenlaakso,Machinery,Construction machinery,GWh,2015,48.0
Kymenlaakso,Machinery,Construction machinery,GWh,2016,21.0
Kymenlaakso,Machinery,Construction machinery,GWh,2017,24.9
Kymenlaakso,Machinery,Construction machinery,GWh,2018,25.9
Kymenlaakso,Machinery,Construction machinery,GWh,2019,26.9
Kymenlaakso,Machinery,Construction machinery,GWh,2020,21.2
Kymenlaakso,Machinery,Construction machinery,GWh,2021,16.2
Kymenlaakso,Machinery,Construction machinery,GWh,2022,45.2
Kymenlaakso,Machinery,Construction machinery,GWh,2023,21.4
Kymenlaakso,Machinery,Construction machinery,GWh,2024,31.2
Kymenlaakso,Machinery,Road construction machinery,GWh,1990,50.0
Kymenlaakso,Machinery,Road construction machinery,GWh,2005,53.6
Kymenlaakso,Machinery,Road construction machinery,GWh,2006,54.1
Kymenlaakso,Machinery,Road construction machinery,GWh,2007,55.8
Kymenlaakso,Machinery,Road construction machinery,GWh,2008,59.1
Kymenlaakso,Machinery,Road construction machinery,GWh,2009,58.5
Kymenlaakso,Machinery,Road construction machinery,GWh,2010,57.6
Kymenlaakso,Machinery,Road construction machinery,GWh,2011,53.1
Kymenlaakso,Machinery,Road construction machinery,GWh,2012,57.8
Kymenlaakso,Machinery,Road construction machinery,GWh,2013,57.0
Kymenlaakso,Machinery,Road construction machinery,GWh,2014,55.8
Kymenlaakso,Machinery,Road construction machinery,GWh,2015,56.0
Kymenlaakso,Machinery,Road construction machinery,GWh,2016,53.3
Kymenlaakso,Machinery,Road construction machinery,GWh,2017,61.1
Kymenlaakso,Machinery,Road construction machinery,GWh,2018,62.8
Kymenlaakso,Machinery,Road construction machinery,GWh,2019,65.3
Kymenlaakso,Machinery,Road construction machinery,GWh,2020,67.2
Kymenlaakso,Machinery,Road construction machinery,GWh,2021,65.0
Kymenlaakso,Machinery,Road construction machinery,GWh,2022,67.9
Kymenlaakso,Machinery,Road construction machinery,GWh,2023,67.6
Kymenlaakso,Machinery,Road construction machinery,GWh,2024,66.9
Kymenlaakso,Road transport,Passenger cars,GWh,1990,878.6
Kymenlaakso,Road transport,Passenger cars,GWh,2005,876.2
Kymenlaakso,Road transport,Passenger cars,GWh,2006,881.9
Kymenlaakso,Road transport,Passenger cars,GWh,2007,899.0
Kymenlaakso,Road transport,Passenger cars,GWh,2008,871.6
Kymenlaakso,Road transport,Passenger cars,GWh,2009,871.8
Kymenlaakso,Road transport,Passenger cars,GWh,2010,868.8
Kymenlaakso,Road transport,Passenger cars,GWh,2011,844.3
Kymenlaakso,Road transport,Passenger cars,GWh,2012,833.8
Kymenlaakso,Road transport,Passenger cars,GWh,2013,842.6
Kymenlaakso,Road transport,Passenger cars,GWh,2014,834.5
Kymenlaakso,Road transport,Passenger cars,GWh,2015,821.6
Kymenlaakso,Road transport,Passenger cars,GWh,2016,817.1
Kymenlaakso,Road transport,Passenger cars,GWh,2017,822.8
Kymenlaakso,Road transport,Passenger cars,GWh,2018,815.4
Kymenlaakso,Road transport,Passenger cars,GWh,2019,801.2
Kymenlaakso,Road transport,Passenger cars,GWh,2020,744.4
Kymenlaakso,Road transport,Passenger cars,GWh,2021,753.5
Kymenlaakso,Road transport,Passenger cars,GWh,2022,706.1
Kymenlaakso,Road transport,Passenger cars,GWh,2023,694.2
Kymenlaakso,Road transport,Passenger cars,GWh,2024,691.1
Kymenlaakso,Road transport,Trucks,GWh,1990,325.4
Kymenlaakso,Road transport,Trucks,GWh,2005,446.0
Kymenlaakso,Road transport,Trucks,GWh,2006,456.7
Kymenlaakso,Road transport,Trucks,GWh,2007,486.3
Kymenlaakso,Road transport,Trucks,GWh,2008,462.0
Kymenlaakso,Road transport,Trucks,GWh,2009,407.5
Kymenlaakso,Road transport,Trucks,GWh,2010,466.6
Kymenlaakso,Road transport,Trucks,GWh,2011,470.3
Kymenlaakso,Road transport,Trucks,GWh,2012,438.0
Kymenlaakso,Road transport,Trucks,GWh,2013,430.4
Kymenlaakso,Road transport,Trucks,GWh,2014,400.0
Kymenlaakso,Road transport,Trucks,GWh,2015,398.4
Kymenlaakso,Road transport,Trucks,GWh,2016,390.7
Kymenlaakso,Road transport,Trucks,GWh,2017,364.0
Kymenlaakso,Road transport,Trucks,GWh,2018,374.7
Kymenlaakso,Road transport,Trucks,GWh,2019,354.3
Kymenlaakso,Road transport,Trucks,GWh,2020,329.7
Kymenlaakso,Road transport,Trucks,GWh,2021,357.0
Kymenlaakso,Road transport,Trucks,GWh,2022,344.2
Kymenlaakso,Road transport,Trucks,GWh,2023,316.7
Kymenlaakso,Road transport,Trucks,GWh,2024,327.4
Kymenlaakso,Road transport,Buses,GWh,1990,35.4
Kymenlaakso,Road transport,Buses,GWh,2005,55.6
Kymenlaakso,Road transport,Buses,GWh,2006,53.3
Kymenlaakso,Road transport,Buses,GWh,2007,51.8
Kymenlaakso,Road transport,Buses,GWh,2008,55.4
Kymenlaakso,Road transport,Buses,GWh,2009,53.5
Kymenlaakso,Road transport,Buses,GWh,2010,37.2
Kymenlaakso,Road transport,Buses,GWh,2011,38.4
Kymenlaakso,Road transport,Buses,GWh,2012,35.6
Kymenlaakso,Road transport,Buses,GWh,2013,35.4
Kymenlaakso,Road transport,Buses,GWh,2014,36.5
Kymenlaakso,Road transport,Buses,GWh,2015,35.1
Kymenlaakso,Road transport,Buses,GWh,2016,32.7
Kymenlaakso,Road transport,Buses,GWh,2017,36.7
Kymenlaakso,Road transport,Buses,GWh,2018,39.4
Kymenlaakso,Road transport,Buses,GWh,2019,40.9
Kymenlaakso,Road transport,Buses,GWh,2020,33.9
Kymenlaakso,Road transport,Buses,GWh,2021,31.9
Kymenlaakso,Road transport,Buses,GWh,2022,34.5
Kymenlaakso,Road transport,Buses,GWh,2023,31.4
Kymenlaakso,Road transport,Buses,GWh,2024,29.4
Kymenlaakso,Road transport,Vancouver vans,GWh,1990,107.6
Kymenlaakso,Road transport,Vancouver vans,GWh,2005,97.4
Kymenlaakso,Road transport,Vancouver vans,GWh,2006,98.1
Kymenlaakso,Road transport,Vancouver vans,GWh,2007,99.5
Kymenlaakso,Road transport,Vancouver vans,GWh,2008,99.2
Kymenlaakso,Road transport,Vancouver vans,GWh,2009,100.7
Kymenlaakso,Road transport,Vancouver vans,GWh,2010,101.7
Kymenlaakso,Road transport,Vancouver vans,GWh,2011,101.2
Kymenlaakso,Road transport,Vancouver vans,GWh,2012,99.5
Kymenlaakso,Road transport,Vancouver vans,GWh,2013,99.1
Kymenlaakso,Road transport,Vancouver vans,GWh,2014,100.5
Kymenlaakso,Road transport,Vancouver vans,GWh,2015,102.2
Kymenlaakso,Road transport,Vancouver vans,GWh,2016,99.6
Kymenlaakso,Road transport,Vancouver vans,GWh,2017,117.4
Kymenlaakso,Road transport,Vancouver vans,GWh,2018,119.4
Kymenlaakso,Road transport,Vancouver vans,GWh,2019,117.4
Kymenlaakso,Road transport,Vancouver vans,GWh,2020,116.0
Kymenlaakso,Road transport,Vancouver vans,GWh,2021,122.2
Kymenlaakso,Road transport,Vancouver vans,GWh,2022,113.6
Kymenlaakso,Road transport,Vancouver vans,GWh,2023,113.5
Kymenlaakso,Road transport,Vancouver vans,GWh,2024,115.5
Kymenlaakso,Road transport,Drive-through traffic,GWh,1990,29.6
Kymenlaakso,Road transport,Drive-through traffic,GWh,2005,56.7
Kymenlaakso,Road transport,Drive-through traffic,GWh,2006,60.4
Kymenlaakso,Road transport,Drive-through traffic,GWh,2007,65.9
Kymenlaakso,Road transport,Drive-through traffic,GWh,2008,65.5
Kymenlaakso,Road transport,Drive-through traffic,GWh,2009,61.6
Kymenlaakso,Road transport,Drive-through traffic,GWh,2010,81.0
Kymenlaakso,Road transport,Drive-through traffic,GWh,2011,97.1
Kymenlaakso,Road transport,Drive-through traffic,GWh,2012,106.7
Kymenlaakso,Road transport,Drive-through traffic,GWh,2013,113.0
Kymenlaakso,Road transport,Drive-through traffic,GWh,2014,112.8
Kymenlaakso,Road transport,Drive-through traffic,GWh,2015,122.6
Kymenlaakso,Road transport,Drive-through traffic,GWh,2016,147.1
Kymenlaakso,Road transport,Drive-through traffic,GWh,2017,126.8
Kymenlaakso,Road transport,Drive-through traffic,GWh,2018,121.8
Kymenlaakso,Road transport,Drive-through traffic,GWh,2019,116.4
Kymenlaakso,Road transport,Drive-through traffic,GWh,2020,104.7
Kymenlaakso,Road transport,Drive-through traffic,GWh,2021,96.3
Kymenlaakso,Road transport,Drive-through traffic,GWh,2022,75.1
Kymenlaakso,Road transport,Drive-through traffic,GWh,2023,61.7
Kymenlaakso,Road transport,Drive-through traffic,GWh,2024,51.2
Kymenlaakso,Road transport,Motorcycles and mopeds,GWh,1990,5.7
Kymenlaakso,Road transport,Motorcycles and mopeds,GWh,2005,13.2
Kymenlaakso,Road transport,Motorcycles and mopeds,GWh,2006,14.0
Kymenlaakso,Road transport,Motorcycles and mopeds,GWh,2007,15.2
Kymenlaakso,Road transport,Motorcycles and mopeds,GWh,2008,16.0
Kymenlaakso,Road transport,Motorcycles and mopeds,GWh,2009,16.2
Kymenlaakso,Road transport,Motorcycles and mopeds,GWh,2010,17.1
Kymenlaakso,Road transport,Motorcycles and mopeds,GWh,2011,18.2
Kymenlaakso,Road transport,Motorcycles and mopeds,GWh,2012,18.5
Kymenlaakso,Road transport,Motorcycles and mopeds,GWh,2013,19.2
Kymenlaakso,Road transport,Motorcycles and mopeds,GWh,2014,19.0
Kymenlaakso,Road transport,Motorcycles and mopeds,GWh,2015,18.8
Kymenlaakso,Road transport,Motorcycles and mopeds,GWh,2016,19.3
Kymenlaakso,Road transport,Motorcycles and mopeds,GWh,2017,15.5
Kymenlaakso,Road transport,Motorcycles and mopeds,GWh,2018,15.5
Kymenlaakso,Road transport,Motorcycles and mopeds,GWh,2019,15.2
Kymenlaakso,Road transport,Motorcycles and mopeds,GWh,2020,14.3
Kymenlaakso,Road transport,Motorcycles and mopeds,GWh,2021,15.2
Kymenlaakso,Road transport,Motorcycles and mopeds,GWh,2022,14.5
Kymenlaakso,Road transport,Motorcycles and mopeds,GWh,2023,15.0
Kymenlaakso,Road transport,Motorcycles and mopeds,GWh,2024,15.4
Kymenlaakso,Rail transport,Diesel,GWh,1990,52.2
Kymenlaakso,Rail transport,Diesel,GWh,2005,34.7
Kymenlaakso,Rail transport,Diesel,GWh,2006,36.0
Kymenlaakso,Rail transport,Diesel,GWh,2007,31.0
Kymenlaakso,Rail transport,Diesel,GWh,2008,33.6
Kymenlaakso,Rail transport,Diesel,GWh,2009,27.6
Kymenlaakso,Rail transport,Diesel,GWh,2010,29.4
Kymenlaakso,Rail transport,Diesel,GWh,2011,31.1
Kymenlaakso,Rail transport,Diesel,GWh,2012,31.6
Kymenlaakso,Rail transport,Diesel,GWh,2013,28.2
Kymenlaakso,Rail transport,Diesel,GWh,2014,26.6
Kymenlaakso,Rail transport,Diesel,GWh,2015,22.5
Kymenlaakso,Rail transport,Diesel,GWh,2016,21.7
Kymenlaakso,Rail transport,Diesel,GWh,2017,21.5
Kymenlaakso,Rail transport,Diesel,GWh,2018,20.8
Kymenlaakso,Rail transport,Diesel,GWh,2019,26.2
Kymenlaakso,Rail transport,Diesel,GWh,2020,24.9
Kymenlaakso,Rail transport,Diesel,GWh,2021,26.7
Kymenlaakso,Rail transport,Diesel,GWh,2022,27.4
Kymenlaakso,Rail transport,Diesel,GWh,2023,24.0
Kymenlaakso,Rail transport,Diesel,GWh,2024,19.1
Kymenlaakso,Rail transport,Electricity,GWh,1990,25.7
Kymenlaakso,Rail transport,Electricity,GWh,2005,38.3
Kymenlaakso,Rail transport,Electricity,GWh,2006,40.8
Kymenlaakso,Rail transport,Electricity,GWh,2007,45.1
Kymenlaakso,Rail transport,Electricity,GWh,2008,45.4
Kymenlaakso,Rail transport,Electricity,GWh,2009,42.4
Kymenlaakso,Rail transport,Electricity,GWh,2010,44.3
Kymenlaakso,Rail transport,Electricity,GWh,2011,46.7
Kymenlaakso,Rail transport,Electricity,GWh,2012,48.1
Kymenlaakso,Rail transport,Electricity,GWh,2013,49.3
Kymenlaakso,Rail transport,Electricity,GWh,2014,49.1
Kymenlaakso,Rail transport,Electricity,GWh,2015,44.3
Kymenlaakso,Rail transport,Electricity,GWh,2016,44.4
Kymenlaakso,Rail transport,Electricity,GWh,2017,46.6
Kymenlaakso,Rail transport,Electricity,GWh,2018,46.3
Kymenlaakso,Rail transport,Electricity,GWh,2019,48.6
Kymenlaakso,Rail transport,Electricity,GWh,2020,40.7
Kymenlaakso,Rail transport,Electricity,GWh,2021,36.6
Kymenlaakso,Rail transport,Electricity,GWh,2022,32.7
Kymenlaakso,Rail transport,Electricity,GWh,2023,30.4
Kymenlaakso,Rail transport,Electricity,GWh,2024,32.7
Kymenlaakso,Rail transport,Community trains,GWh,1990,0.0
Kymenlaakso,Rail transport,Community trains,GWh,2005,0.0
Kymenlaakso,Rail transport,Community trains,GWh,2006,0.0
Kymenlaakso,Rail transport,Community trains,GWh,2007,0.0
Kymenlaakso,Rail transport,Community trains,GWh,2008,0.0
Kymenlaakso,Rail transport,Community trains,GWh,2009,0.0
Kymenlaakso,Rail transport,Community trains,GWh,2010,0.0
Kymenlaakso,Rail transport,Community trains,GWh,2011,0.0
Kymenlaakso,Rail transport,Community trains,GWh,2012,0.0
Kymenlaakso,Rail transport,Community trains,GWh,2013,0.0
Kymenlaakso,Rail transport,Community trains,GWh,2014,0.0
Kymenlaakso,Rail transport,Community trains,GWh,2015,0.0
Kymenlaakso,Rail transport,Community trains,GWh,2016,0.0
Kymenlaakso,Rail transport,Community trains,GWh,2017,0.0
Kymenlaakso,Rail transport,Community trains,GWh,2018,0.0
Kymenlaakso,Rail transport,Community trains,GWh,2019,0.0
Kymenlaakso,Rail transport,Community trains,GWh,2020,0.0
Kymenlaakso,Rail transport,Community trains,GWh,2021,0.0
Kymenlaakso,Rail transport,Community trains,GWh,2022,4.9
Kymenlaakso,Rail transport,Community trains,GWh,2023,4.8
Kymenlaakso,Rail transport,Community trains,GWh,2024,5.3
Kymenlaakso,Rail transport,Metros and trams,GWh,1990,0.0
Kymenlaakso,Rail transport,Metros and trams,GWh,2005,0.0
Kymenlaakso,Rail transport,Metros and trams,GWh,2006,0.0
Kymenlaakso,Rail transport,Metros and trams,GWh,2007,0.0
Kymenlaakso,Rail transport,Metros and trams,GWh,2008,0.0
Kymenlaakso,Rail transport,Metros and trams,GWh,2009,0.0
Kymenlaakso,Rail transport,Metros and trams,GWh,2010,0.0
Kymenlaakso,Rail transport,Metros and trams,GWh,2011,0.0
Kymenlaakso,Rail transport,Metros and trams,GWh,2012,0.0
Kymenlaakso,Rail transport,Metros and trams,GWh,2013,0.0
Kymenlaakso,Rail transport,Metros and trams,GWh,2014,0.0
Kymenlaakso,Rail transport,Metros and trams,GWh,2015,0.0
Kymenlaakso,Rail transport,Metros and trams,GWh,2016,0.0
Kymenlaakso,Rail transport,Metros and trams,GWh,2017,0.0
Kymenlaakso,Rail transport,Metros and trams,GWh,2018,0.0
Kymenlaakso,Rail transport,Metros and trams,GWh,2019,0.0
Kymenlaakso,Rail transport,Metros and trams,GWh,2020,0.0
Kymenlaakso,Rail transport,Metros and trams,GWh,2021,0.0
Kymenlaakso,Rail transport,Metros and trams,GWh,2022,0.0
Kymenlaakso,Rail transport,Metros and trams,GWh,2023,0.0
Kymenlaakso,Rail transport,Metros and trams,GWh,2024,0.0
Kymenlaakso,Water transport,Pleasure boats,GWh,1990,27.4
Kymenlaakso,Water transport,Pleasure boats,GWh,2005,29.1
Kymenlaakso,Water transport,Pleasure boats,GWh,2006,30.0
Kymenlaakso,Water transport,Pleasure boats,GWh,2007,30.1
Kymenlaakso,Water transport,Pleasure boats,GWh,2008,24.7
Kymenlaakso,Water transport,Pleasure boats,GWh,2009,25.5
Kymenlaakso,Water transport,Pleasure boats,GWh,2010,27.2
Kymenlaakso,Water transport,Pleasure boats,GWh,2011,21.6
Kymenlaakso,Water transport,Pleasure boats,GWh,2012,22.8
Kymenlaakso,Water transport,Pleasure boats,GWh,2013,24.3
Kymenlaakso,Water transport,Pleasure boats,GWh,2014,22.4
Kymenlaakso,Water transport,Pleasure boats,GWh,2015,23.2
Kymenlaakso,Water transport,Pleasure boats,GWh,2016,22.1
Kymenlaakso,Water transport,Pleasure boats,GWh,2017,21.8
Kymenlaakso,Water transport,Pleasure boats,GWh,2018,21.8
Kymenlaakso,Water transport,Pleasure boats,GWh,2019,21.7
Kymenlaakso,Water transport,Pleasure boats,GWh,2020,25.0
Kymenlaakso,Water transport,Pleasure boats,GWh,2021,27.3
Kymenlaakso,Water transport,Pleasure boats,GWh,2022,21.1
Kymenlaakso,Water transport,Pleasure boats,GWh,2023,21.1
Kymenlaakso,Water transport,Pleasure boats,GWh,2024,22.0
Kymenlaakso,Water transport,Passenger traffic,GWh,1990,2.6
Kymenlaakso,Water transport,Passenger traffic,GWh,2005,3.2
Kymenlaakso,Water transport,Passenger traffic,GWh,2006,3.1
Kymenlaakso,Water transport,Passenger traffic,GWh,2007,2.8
Kymenlaakso,Water transport,Passenger traffic,GWh,2008,3.2
Kymenlaakso,Water transport,Passenger traffic,GWh,2009,2.9
Kymenlaakso,Water transport,Passenger traffic,GWh,2010,3.5
Kymenlaakso,Water transport,Passenger traffic,GWh,2011,3.4
Kymenlaakso,Water transport,Passenger traffic,GWh,2012,3.6
Kymenlaakso,Water transport,Passenger traffic,GWh,2013,2.2
Kymenlaakso,Water transport,Passenger traffic,GWh,2014,2.3
Kymenlaakso,Water transport,Passenger traffic,GWh,2015,1.7
Kymenlaakso,Water transport,Passenger traffic,GWh,2016,1.8
Kymenlaakso,Water transport,Passenger traffic,GWh,2017,1.6
Kymenlaakso,Water transport,Passenger traffic,GWh,2018,1.8
Kymenlaakso,Water transport,Passenger traffic,GWh,2019,1.6
Kymenlaakso,Water transport,Passenger traffic,GWh,2020,1.4
Kymenlaakso,Water transport,Passenger traffic,GWh,2021,1.5
Kymenlaakso,Water transport,Passenger traffic,GWh,2022,1.4
Kymenlaakso,Water transport,Passenger traffic,GWh,2023,1.4
Kymenlaakso,Water transport,Passenger traffic,GWh,2024,1.4
Kymenlaakso,Water transport,Goods traffic,GWh,1990,18.9
Kymenlaakso,Water transport,Goods traffic,GWh,2005,19.5
Kymenlaakso,Water transport,Goods traffic,GWh,2006,21.8
Kymenlaakso,Water transport,Goods traffic,GWh,2007,28.9
Kymenlaakso,Water transport,Goods traffic,GWh,2008,29.3
Kymenlaakso,Water transport,Goods traffic,GWh,2009,26.2
Kymenlaakso,Water transport,Goods traffic,GWh,2010,96.1
Kymenlaakso,Water transport,Goods traffic,GWh,2011,111.1
Kymenlaakso,Water transport,Goods traffic,GWh,2012,39.1
Kymenlaakso,Water transport,Goods traffic,GWh,2013,24.9
Kymenlaakso,Water transport,Goods traffic,GWh,2014,18.8
Kymenlaakso,Water transport,Goods traffic,GWh,2015,22.6
Kymenlaakso,Water transport,Goods traffic,GWh,2016,27.3
Kymenlaakso,Water transport,Goods traffic,GWh,2017,24.4
Kymenlaakso,Water transport,Goods traffic,GWh,2018,25.7
Kymenlaakso,Water transport,Goods traffic,GWh,2019,107.8
Kymenlaakso,Water transport,Goods traffic,GWh,2020,14.8
Kymenlaakso,Water transport,Goods traffic,GWh,2021,5.8
Kymenlaakso,Water transport,Goods traffic,GWh,2022,7.6
Kymenlaakso,Water transport,Goods traffic,GWh,2023,4.5
Kymenlaakso,Water transport,Goods traffic,GWh,2024,3.0
Kymenlaakso,Water transport,Fishing vessels,GWh,1990,71.0
Kymenlaakso,Water transport,Fishing vessels,GWh,2005,28.6
Kymenlaakso,Water transport,Fishing vessels,GWh,2006,30.4
Kymenlaakso,Water transport,Fishing vessels,GWh,2007,28.1
Kymenlaakso,Water transport,Fishing vessels,GWh,2008,29.2
Kymenlaakso,Water transport,Fishing vessels,GWh,2009,29.3
Kymenlaakso,Water transport,Fishing vessels,GWh,2010,34.5
Kymenlaakso,Water transport,Fishing vessels,GWh,2011,33.9
Kymenlaakso,Water transport,Fishing vessels,GWh,2012,22.5
Kymenlaakso,Water transport,Fishing vessels,GWh,2013,23.6
Kymenlaakso,Water transport,Fishing vessels,GWh,2014,23.6
Kymenlaakso,Water transport,Fishing vessels,GWh,2015,22.4
Kymenlaakso,Water transport,Fishing vessels,GWh,2016,18.9
Kymenlaakso,Water transport,Fishing vessels,GWh,2017,18.0
Kymenlaakso,Water transport,Fishing vessels,GWh,2018,18.9
Kymenlaakso,Water transport,Fishing vessels,GWh,2019,21.6
Kymenlaakso,Water transport,Fishing vessels,GWh,2020,21.3
Kymenlaakso,Water transport,Fishing vessels,GWh,2021,18.1
Kymenlaakso,Water transport,Fishing vessels,GWh,2022,19.1
Kymenlaakso,Water transport,Fishing vessels,GWh,2023,19.2
Kymenlaakso,Water transport,Fishing vessels,GWh,2024,16.5
Kymenlaakso,Water transport,,GWh,1990,1.3
Kymenlaakso,Water transport,,GWh,2005,1.2
Kymenlaakso,Water transport,,GWh,2006,1.2
Kymenlaakso,Water transport,,GWh,2007,1.1
Kymenlaakso,Water transport,,GWh,2008,1.1
Kymenlaakso,Water transport,,GWh,2009,1.1
Kymenlaakso,Water transport,,GWh,2010,1.2
Kymenlaakso,Water transport,,GWh,2011,1.1
Kymenlaakso,Water transport,,GWh,2012,1.5
Kymenlaakso,Water transport,,GWh,2013,1.3
Kymenlaakso,Water transport,,GWh,2014,1.2
Kymenlaakso,Water transport,,GWh,2015,1.4
Kymenlaakso,Water transport,,GWh,2016,1.2
Kymenlaakso,Water transport,,GWh,2017,1.1
Kymenlaakso,Water transport,,GWh,2018,1.1
Kymenlaakso,Water transport,,GWh,2019,1.1
Kymenlaakso,Water transport,,GWh,2020,1.1
Kymenlaakso,Water transport,,GWh,2021,1.0
Kymenlaakso,Water transport,,GWh,2022,1.1
Kymenlaakso,Water transport,,GWh,2023,1.1
Kymenlaakso,Water transport,,GWh,2024,1.1
Kymenlaakso,Water transport,Workboats and ships,GWh,1990,20.8
Kymenlaakso,Water transport,Workboats and ships,GWh,2005,16.8
Kymenlaakso,Water transport,Workboats and ships,GWh,2006,16.8
Kymenlaakso,Water transport,Workboats and ships,GWh,2007,16.7
Kymenlaakso,Water transport,Workboats and ships,GWh,2008,16.6
Kymenlaakso,Water transport,Workboats and ships,GWh,2009,16.5
Kymenlaakso,Water transport,Workboats and ships,GWh,2010,16.4
Kymenlaakso,Water transport,Workboats and ships,GWh,2011,16.2
Kymenlaakso,Water transport,Workboats and ships,GWh,2012,16.1
Kymenlaakso,Water transport,Workboats and ships,GWh,2013,16.0
Kymenlaakso,Water transport,Workboats and ships,GWh,2014,15.8
Kymenlaakso,Water transport,Workboats and ships,GWh,2015,15.8
Kymenlaakso,Water transport,Workboats and ships,GWh,2016,15.5
Kymenlaakso,Water transport,Workboats and ships,GWh,2017,15.2
Kymenlaakso,Water transport,Workboats and ships,GWh,2018,15.0
Kymenlaakso,Water transport,Workboats and ships,GWh,2019,14.8
Kymenlaakso,Water transport,Workboats and ships,GWh,2020,14.6
Kymenlaakso,Water transport,Workboats and ships,GWh,2021,14.4
Kymenlaakso,Water transport,Workboats and ships,GWh,2022,14.2
Kymenlaakso,Water transport,Workboats and ships,GWh,2023,14.1
Kymenlaakso,Water transport,Workboats and ships,GWh,2024,6.9
Kymenlaakso,Emission credits,Wind power,GWh,1990,0.0
Kymenlaakso,Emission credits,Wind power,GWh,2005,2.2
Kymenlaakso,Emission credits,Wind power,GWh,2006,1.9
Kymenlaakso,Emission credits,Wind power,GWh,2007,1.8
Kymenlaakso,Emission credits,Wind power,GWh,2008,1.9
Kymenlaakso,Emission credits,Wind power,GWh,2009,2.0
Kymenlaakso,Emission credits,Wind power,GWh,2010,19.7
Kymenlaakso,Emission credits,Wind power,GWh,2011,31.0
Kymenlaakso,Emission credits,Wind power,GWh,2012,40.6
Kymenlaakso,Emission credits,Wind power,GWh,2013,38.4
Kymenlaakso,Emission credits,Wind power,GWh,2014,43.4
Kymenlaakso,Emission credits,Wind power,GWh,2015,68.4
Kymenlaakso,Emission credits,Wind power,GWh,2016,64.1
Kymenlaakso,Emission credits,Wind power,GWh,2017,68.7
Kymenlaakso,Emission credits,Wind power,GWh,2018,83.8
Kymenlaakso,Emission credits,Wind power,GWh,2019,77.5
Kymenlaakso,Emission credits,Wind power,GWh,2020,90.4
Kymenlaakso,Emission credits,Wind power,GWh,2021,75.4
Kymenlaakso,Emission credits,Wind power,GWh,2022,61.0
Kymenlaakso,Emission credits,Wind power,GWh,2023,62.5
Kymenlaakso,Emission credits,Wind power,GWh,2024,71.6
Lapland,Electricity,Housing,GWh,1990,341.1
Lapland,Electricity,Housing,GWh,2005,429.5
Lapland,Electricity,Housing,GWh,2006,438.2
Lapland,Electricity,Housing,GWh,2007,442.2
Lapland,Electricity,Housing,GWh,2008,427.1
Lapland,Electricity,Housing,GWh,2009,445.6
Lapland,Electricity,Housing,GWh,2010,477.8
Lapland,Electricity,Housing,GWh,2011,462.1
Lapland,Electricity,Housing,GWh,2012,457.1
Lapland,Electricity,Housing,GWh,2013,438.2
Lapland,Electricity,Housing,GWh,2014,426.9
Lapland,Electricity,Housing,GWh,2015,416.2
Lapland,Electricity,Housing,GWh,2016,449.6
Lapland,Electricity,Housing,GWh,2017,458.3
Lapland,Electricity,Housing,GWh,2018,463.8
Lapland,Electricity,Housing,GWh,2019,462.8
Lapland,Electricity,Housing,GWh,2020,444.5
Lapland,Electricity,Housing,GWh,2021,518.7
Lapland,Electricity,Housing,GWh,2022,494.6
Lapland,Electricity,Housing,GWh,2023,486.6
Lapland,Electricity,Housing,GWh,2024,488.7
Lapland,Electricity,Agriculture,GWh,1990,14.3
Lapland,Electricity,Agriculture,GWh,2005,22.4
Lapland,Electricity,Agriculture,GWh,2006,23.4
Lapland,Electricity,Agriculture,GWh,2007,24.2
Lapland,Electricity,Agriculture,GWh,2008,25.7
Lapland,Electricity,Agriculture,GWh,2009,25.7
Lapland,Electricity,Agriculture,GWh,2010,25.7
Lapland,Electricity,Agriculture,GWh,2011,26.8
Lapland,Electricity,Agriculture,GWh,2012,26.7
Lapland,Electricity,Agriculture,GWh,2013,18.1
Lapland,Electricity,Agriculture,GWh,2014,16.7
Lapland,Electricity,Agriculture,GWh,2015,15.0
Lapland,Electricity,Agriculture,GWh,2016,20.5
Lapland,Electricity,Agriculture,GWh,2017,19.9
Lapland,Electricity,Agriculture,GWh,2018,21.0
Lapland,Electricity,Agriculture,GWh,2019,21.6
Lapland,Electricity,Agriculture,GWh,2020,12.6
Lapland,Electricity,Agriculture,GWh,2021,13.1
Lapland,Electricity,Agriculture,GWh,2022,12.7
Lapland,Electricity,Agriculture,GWh,2023,10.9
Lapland,Electricity,Agriculture,GWh,2024,9.0
Lapland,Electricity,Services,GWh,1990,383.3
Lapland,Electricity,Services,GWh,2005,544.4
Lapland,Electricity,Services,GWh,2006,584.8
Lapland,Electricity,Services,GWh,2007,585.7
Lapland,Electricity,Services,GWh,2008,626.4
Lapland,Electricity,Services,GWh,2009,631.8
Lapland,Electricity,Services,GWh,2010,685.8
Lapland,Electricity,Services,GWh,2011,571.5
Lapland,Electricity,Services,GWh,2012,649.2
Lapland,Electricity,Services,GWh,2013,613.7
Lapland,Electricity,Services,GWh,2014,611.4
Lapland,Electricity,Services,GWh,2015,601.5
Lapland,Electricity,Services,GWh,2016,625.9
Lapland,Electricity,Services,GWh,2017,610.7
Lapland,Electricity,Services,GWh,2018,619.3
Lapland,Electricity,Services,GWh,2019,612.6
Lapland,Electricity,Services,GWh,2020,600.9
Lapland,Electricity,Services,GWh,2021,579.9
Lapland,Electricity,Services,GWh,2022,547.5
Lapland,Electricity,Services,GWh,2023,546.2
Lapland,Electricity,Services,GWh,2024,625.3
Lapland,Electricity,Industry,GWh,1990,2307.3
Lapland,Electricity,Industry,GWh,2005,3715.8
Lapland,Electricity,Industry,GWh,2006,4068.8
Lapland,Electricity,Industry,GWh,2007,4035.3
Lapland,Electricity,Industry,GWh,2008,3862.5
Lapland,Electricity,Industry,GWh,2009,3084.4
Lapland,Electricity,Industry,GWh,2010,3968.6
Lapland,Electricity,Industry,GWh,2011,3930.8
Lapland,Electricity,Industry,GWh,2012,4122.3
Lapland,Electricity,Industry,GWh,2013,4868.2
Lapland,Electricity,Industry,GWh,2014,4945.4
Lapland,Electricity,Industry,GWh,2015,5195.7
Lapland,Electricity,Industry,GWh,2016,5354.0
Lapland,Electricity,Industry,GWh,2017,5062.9
Lapland,Electricity,Industry,GWh,2018,5242.1
Lapland,Electricity,Industry,GWh,2019,5707.2
Lapland,Electricity,Industry,GWh,2020,5246.7
Lapland,Electricity,Industry,GWh,2021,5353.5
Lapland,Electricity,Industry,GWh,2022,4538.8
Lapland,Electricity,Industry,GWh,2023,4357.1
Lapland,Electricity,Industry,GWh,2024,4554.5
Lapland,Electric heating,Housing,GWh,1990,468.1
Lapland,Electric heating,Housing,GWh,2005,611.5
Lapland,Electric heating,Housing,GWh,2006,637.5
Lapland,Electric heating,Housing,GWh,2007,639.8
Lapland,Electric heating,Housing,GWh,2008,642.8
Lapland,Electric heating,Housing,GWh,2009,635.2
Lapland,Electric heating,Housing,GWh,2010,658.1
Lapland,Electric heating,Housing,GWh,2011,652.0
Lapland,Electric heating,Housing,GWh,2012,656.3
Lapland,Electric heating,Housing,GWh,2013,637.6
Lapland,Electric heating,Housing,GWh,2014,623.8
Lapland,Electric heating,Housing,GWh,2015,620.9
Lapland,Electric heating,Housing,GWh,2016,629.0
Lapland,Electric heating,Housing,GWh,2017,670.3
Lapland,Electric heating,Housing,GWh,2018,653.1
Lapland,Electric heating,Housing,GWh,2019,688.5
Lapland,Electric heating,Housing,GWh,2020,662.4
Lapland,Electric heating,Housing,GWh,2021,720.1
Lapland,Electric heating,Housing,GWh,2022,678.8
Lapland,Electric heating,Housing,GWh,2023,676.4
Lapland,Electric heating,Housing,GWh,2024,673.4
Lapland,Electric heating,Agriculture,GWh,1990,11.5
Lapland,Electric heating,Agriculture,GWh,2005,14.7
Lapland,Electric heating,Agriculture,GWh,2006,15.2
Lapland,Electric heating,Agriculture,GWh,2007,15.2
Lapland,Electric heating,Agriculture,GWh,2008,14.9
Lapland,Electric heating,Agriculture,GWh,2009,15.8
Lapland,Electric heating,Agriculture,GWh,2010,15.6
Lapland,Electric heating,Agriculture,GWh,2011,16.2
Lapland,Electric heating,Agriculture,GWh,2012,16.4
Lapland,Electric heating,Agriculture,GWh,2013,17.4
Lapland,Electric heating,Agriculture,GWh,2014,17.1
Lapland,Electric heating,Agriculture,GWh,2015,17.1
Lapland,Electric heating,Agriculture,GWh,2016,16.0
Lapland,Electric heating,Agriculture,GWh,2017,17.0
Lapland,Electric heating,Agriculture,GWh,2018,16.5
Lapland,Electric heating,Agriculture,GWh,2019,17.3
Lapland,Electric heating,Agriculture,GWh,2020,17.1
Lapland,Electric heating,Agriculture,GWh,2021,16.0
Lapland,Electric heating,Agriculture,GWh,2022,15.5
Lapland,Electric heating,Agriculture,GWh,2023,15.6
Lapland,Electric heating,Agriculture,GWh,2024,13.9
Lapland,Electric heating,Services,GWh,1990,127.3
Lapland,Electric heating,Services,GWh,2005,139.9
Lapland,Electric heating,Services,GWh,2006,119.3
Lapland,Electric heating,Services,GWh,2007,132.6
Lapland,Electric heating,Services,GWh,2008,139.9
Lapland,Electric heating,Services,GWh,2009,132.9
Lapland,Electric heating,Services,GWh,2010,131.4
Lapland,Electric heating,Services,GWh,2011,134.4
Lapland,Electric heating,Services,GWh,2012,138.2
Lapland,Electric heating,Services,GWh,2013,138.9
Lapland,Electric heating,Services,GWh,2014,138.7
Lapland,Electric heating,Services,GWh,2015,141.3
Lapland,Electric heating,Services,GWh,2016,135.7
Lapland,Electric heating,Services,GWh,2017,147.4
Lapland,Electric heating,Services,GWh,2018,141.8
Lapland,Electric heating,Services,GWh,2019,155.5
Lapland,Electric heating,Services,GWh,2020,137.0
Lapland,Electric heating,Services,GWh,2021,126.6
Lapland,Electric heating,Services,GWh,2022,122.7
Lapland,Electric heating,Services,GWh,2023,125.3
Lapland,Electric heating,Services,GWh,2024,121.3
Lapland,District heating,Housing,GWh,1990,363.7
Lapland,District heating,Housing,GWh,2005,492.2
Lapland,District heating,Housing,GWh,2006,557.3
Lapland,District heating,Housing,GWh,2007,565.1
Lapland,District heating,Housing,GWh,2008,590.7
Lapland,District heating,Housing,GWh,2009,612.5
Lapland,District heating,Housing,GWh,2010,656.2
Lapland,District heating,Housing,GWh,2011,579.8
Lapland,District heating,Housing,GWh,2012,651.0
Lapland,District heating,Housing,GWh,2013,612.2
Lapland,District heating,Housing,GWh,2014,611.4
Lapland,District heating,Housing,GWh,2015,601.0
Lapland,District heating,Housing,GWh,2016,618.7
Lapland,District heating,Housing,GWh,2017,648.9
Lapland,District heating,Housing,GWh,2018,630.2
Lapland,District heating,Housing,GWh,2019,662.7
Lapland,District heating,Housing,GWh,2020,608.3
Lapland,District heating,Housing,GWh,2021,675.7
Lapland,District heating,Housing,GWh,2022,620.7
Lapland,District heating,Housing,GWh,2023,659.2
Lapland,District heating,Housing,GWh,2024,671.6
Lapland,District heating,Agriculture,GWh,1990,1.2
Lapland,District heating,Agriculture,GWh,2005,2.2
Lapland,District heating,Agriculture,GWh,2006,2.3
Lapland,District heating,Agriculture,GWh,2007,2.3
Lapland,District heating,Agriculture,GWh,2008,2.5
Lapland,District heating,Agriculture,GWh,2009,2.8
Lapland,District heating,Agriculture,GWh,2010,5.0
Lapland,District heating,Agriculture,GWh,2011,4.1
Lapland,District heating,Agriculture,GWh,2012,4.0
Lapland,District heating,Agriculture,GWh,2013,3.7
Lapland,District heating,Agriculture,GWh,2014,3.5
Lapland,District heating,Agriculture,GWh,2015,3.4
Lapland,District heating,Agriculture,GWh,2016,3.4
Lapland,District heating,Agriculture,GWh,2017,3.3
Lapland,District heating,Agriculture,GWh,2018,3.1
Lapland,District heating,Agriculture,GWh,2019,3.1
Lapland,District heating,Agriculture,GWh,2020,2.7
Lapland,District heating,Agriculture,GWh,2021,2.9
Lapland,District heating,Agriculture,GWh,2022,2.7
Lapland,District heating,Agriculture,GWh,2023,2.7
Lapland,District heating,Agriculture,GWh,2024,2.3
Lapland,District heating,Services,GWh,1990,304.4
Lapland,District heating,Services,GWh,2005,346.8
Lapland,District heating,Services,GWh,2006,361.2
Lapland,District heating,Services,GWh,2007,375.6
Lapland,District heating,Services,GWh,2008,391.1
Lapland,District heating,Services,GWh,2009,415.0
Lapland,District heating,Services,GWh,2010,458.9
Lapland,District heating,Services,GWh,2011,422.0
Lapland,District heating,Services,GWh,2012,473.8
Lapland,District heating,Services,GWh,2013,453.0
Lapland,District heating,Services,GWh,2014,453.8
Lapland,District heating,Services,GWh,2015,435.3
Lapland,District heating,Services,GWh,2016,456.2
Lapland,District heating,Services,GWh,2017,485.6
Lapland,District heating,Services,GWh,2018,473.8
Lapland,District heating,Services,GWh,2019,494.0
Lapland,District heating,Services,GWh,2020,452.0
Lapland,District heating,Services,GWh,2021,501.5
Lapland,District heating,Services,GWh,2022,461.1
Lapland,District heating,Services,GWh,2023,475.0
Lapland,District heating,Services,GWh,2024,488.0
Lapland,District heating,Industry,GWh,1990,128.3
Lapland,District heating,Industry,GWh,2005,150.5
Lapland,District heating,Industry,GWh,2006,154.8
Lapland,District heating,Industry,GWh,2007,150.6
Lapland,District heating,Industry,GWh,2008,145.0
Lapland,District heating,Industry,GWh,2009,128.5
Lapland,District heating,Industry,GWh,2010,143.4
Lapland,District heating,Industry,GWh,2011,139.6
Lapland,District heating,Industry,GWh,2012,153.2
Lapland,District heating,Industry,GWh,2013,139.7
Lapland,District heating,Industry,GWh,2014,138.2
Lapland,District heating,Industry,GWh,2015,127.6
Lapland,District heating,Industry,GWh,2016,146.9
Lapland,District heating,Industry,GWh,2017,148.5
Lapland,District heating,Industry,GWh,2018,143.7
Lapland,District heating,Industry,GWh,2019,152.0
Lapland,District heating,Industry,GWh,2020,137.4
Lapland,District heating,Industry,GWh,2021,149.0
Lapland,District heating,Industry,GWh,2022,140.6
Lapland,District heating,Industry,GWh,2023,123.4
Lapland,District heating,Industry,GWh,2024,126.9
Lapland,Oil heating,Housing,GWh,1990,457.6
Lapland,Oil heating,Housing,GWh,2005,359.8
Lapland,Oil heating,Housing,GWh,2006,364.9
Lapland,Oil heating,Housing,GWh,2007,352.0
Lapland,Oil heating,Housing,GWh,2008,274.6
Lapland,Oil heating,Housing,GWh,2009,259.6
Lapland,Oil heating,Housing,GWh,2010,274.1
Lapland,Oil heating,Housing,GWh,2011,213.7
Lapland,Oil heating,Housing,GWh,2012,227.3
Lapland,Oil heating,Housing,GWh,2013,194.8
Lapland,Oil heating,Housing,GWh,2014,188.3
Lapland,Oil heating,Housing,GWh,2015,173.6
Lapland,Oil heating,Housing,GWh,2016,170.1
Lapland,Oil heating,Housing,GWh,2017,159.3
Lapland,Oil heating,Housing,GWh,2018,140.4
Lapland,Oil heating,Housing,GWh,2019,136.1
Lapland,Oil heating,Housing,GWh,2020,120.3
Lapland,Oil heating,Housing,GWh,2021,106.0
Lapland,Oil heating,Housing,GWh,2022,75.6
Lapland,Oil heating,Housing,GWh,2023,39.9
Lapland,Oil heating,Housing,GWh,2024,35.0
Lapland,Oil heating,Agriculture,GWh,1990,9.4
Lapland,Oil heating,Agriculture,GWh,2005,4.9
Lapland,Oil heating,Agriculture,GWh,2006,4.9
Lapland,Oil heating,Agriculture,GWh,2007,4.2
Lapland,Oil heating,Agriculture,GWh,2008,4.2
Lapland,Oil heating,Agriculture,GWh,2009,3.4
Lapland,Oil heating,Agriculture,GWh,2010,3.9
Lapland,Oil heating,Agriculture,GWh,2011,3.8
Lapland,Oil heating,Agriculture,GWh,2012,4.8
Lapland,Oil heating,Agriculture,GWh,2013,3.4
Lapland,Oil heating,Agriculture,GWh,2014,3.4
Lapland,Oil heating,Agriculture,GWh,2015,3.3
Lapland,Oil heating,Agriculture,GWh,2016,2.9
Lapland,Oil heating,Agriculture,GWh,2017,2.7
Lapland,Oil heating,Agriculture,GWh,2018,2.8
Lapland,Oil heating,Agriculture,GWh,2019,2.9
Lapland,Oil heating,Agriculture,GWh,2020,2.5
Lapland,Oil heating,Agriculture,GWh,2021,2.8
Lapland,Oil heating,Agriculture,GWh,2022,2.6
Lapland,Oil heating,Agriculture,GWh,2023,2.8
Lapland,Oil heating,Agriculture,GWh,2024,1.9
Lapland,Oil heating,Services,GWh,1990,253.7
Lapland,Oil heating,Services,GWh,2005,222.0
Lapland,Oil heating,Services,GWh,2006,227.2
Lapland,Oil heating,Services,GWh,2007,211.4
Lapland,Oil heating,Services,GWh,2008,177.8
Lapland,Oil heating,Services,GWh,2009,180.9
Lapland,Oil heating,Services,GWh,2010,194.4
Lapland,Oil heating,Services,GWh,2011,169.8
Lapland,Oil heating,Services,GWh,2012,191.9
Lapland,Oil heating,Services,GWh,2013,172.5
Lapland,Oil heating,Services,GWh,2014,172.7
Lapland,Oil heating,Services,GWh,2015,166.8
Lapland,Oil heating,Services,GWh,2016,172.8
Lapland,Oil heating,Services,GWh,2017,180.3
Lapland,Oil heating,Services,GWh,2018,172.3
Lapland,Oil heating,Services,GWh,2019,184.1
Lapland,Oil heating,Services,GWh,2020,164.8
Lapland,Oil heating,Services,GWh,2021,186.0
Lapland,Oil heating,Services,GWh,2022,175.9
Lapland,Oil heating,Services,GWh,2023,178.1
Lapland,Oil heating,Services,GWh,2024,171.5
Lapland,Other heating,Housing,GWh,1990,627.1
Lapland,Other heating,Housing,GWh,2005,959.6
Lapland,Other heating,Housing,GWh,2006,934.6
Lapland,Other heating,Housing,GWh,2007,981.0
Lapland,Other heating,Housing,GWh,2008,1019.4
Lapland,Other heating,Housing,GWh,2009,999.7
Lapland,Other heating,Housing,GWh,2010,1072.3
Lapland,Other heating,Housing,GWh,2011,944.0
Lapland,Other heating,Housing,GWh,2012,1037.5
Lapland,Other heating,Housing,GWh,2013,987.3
Lapland,Other heating,Housing,GWh,2014,997.2
Lapland,Other heating,Housing,GWh,2015,975.7
Lapland,Other heating,Housing,GWh,2016,973.1
Lapland,Other heating,Housing,GWh,2017,990.6
Lapland,Other heating,Housing,GWh,2018,943.4
Lapland,Other heating,Housing,GWh,2019,988.9
Lapland,Other heating,Housing,GWh,2020,877.1
Lapland,Other heating,Housing,GWh,2021,932.4
Lapland,Other heating,Housing,GWh,2022,848.3
Lapland,Other heating,Housing,GWh,2023,842.3
Lapland,Other heating,Housing,GWh,2024,789.1
Lapland,Other heating,Agriculture,GWh,1990,86.8
Lapland,Other heating,Agriculture,GWh,2005,110.5
Lapland,Other heating,Agriculture,GWh,2006,142.9
Lapland,Other heating,Agriculture,GWh,2007,142.4
Lapland,Other heating,Agriculture,GWh,2008,139.0
Lapland,Other heating,Agriculture,GWh,2009,116.5
Lapland,Other heating,Agriculture,GWh,2010,127.8
Lapland,Other heating,Agriculture,GWh,2011,134.3
Lapland,Other heating,Agriculture,GWh,2012,159.3
Lapland,Other heating,Agriculture,GWh,2013,174.8
Lapland,Other heating,Agriculture,GWh,2014,159.7
Lapland,Other heating,Agriculture,GWh,2015,149.4
Lapland,Other heating,Agriculture,GWh,2016,151.2
Lapland,Other heating,Agriculture,GWh,2017,157.0
Lapland,Other heating,Agriculture,GWh,2018,143.9
Lapland,Other heating,Agriculture,GWh,2019,148.0
Lapland,Other heating,Agriculture,GWh,2020,131.5
Lapland,Other heating,Agriculture,GWh,2021,127.5
Lapland,Other heating,Agriculture,GWh,2022,115.1
Lapland,Other heating,Agriculture,GWh,2023,106.3
Lapland,Other heating,Agriculture,GWh,2024,74.7
Lapland,Other heating,Services,GWh,1990,171.2
Lapland,Other heating,Services,GWh,2005,112.6
Lapland,Other heating,Services,GWh,2006,122.5
Lapland,Other heating,Services,GWh,2007,121.3
Lapland,Other heating,Services,GWh,2008,133.3
Lapland,Other heating,Services,GWh,2009,135.4
Lapland,Other heating,Services,GWh,2010,140.4
Lapland,Other heating,Services,GWh,2011,124.2
Lapland,Other heating,Services,GWh,2012,141.6
Lapland,Other heating,Services,GWh,2013,131.5
Lapland,Other heating,Services,GWh,2014,131.9
Lapland,Other heating,Services,GWh,2015,120.1
Lapland,Other heating,Services,GWh,2016,126.8
Lapland,Other heating,Services,GWh,2017,132.3
Lapland,Other heating,Services,GWh,2018,132.8
Lapland,Other heating,Services,GWh,2019,138.0
Lapland,Other heating,Services,GWh,2020,116.2
Lapland,Other heating,Services,GWh,2021,128.7
Lapland,Other heating,Services,GWh,2022,119.6
Lapland,Other heating,Services,GWh,2023,120.0
Lapland,Other heating,Services,GWh,2024,116.2
Lapland,Industry,Industrial fuels,GWh,1990,4367.2
Lapland,Industry,Industrial fuels,GWh,2005,6644.9
Lapland,Industry,Industrial fuels,GWh,2006,7471.3
Lapland,Industry,Industrial fuels,GWh,2007,8046.2
Lapland,Industry,Industrial fuels,GWh,2008,7302.2
Lapland,Industry,Industrial fuels,GWh,2009,5853.4
Lapland,Industry,Industrial fuels,GWh,2010,6625.9
Lapland,Industry,Industrial fuels,GWh,2011,6399.0
Lapland,Industry,Industrial fuels,GWh,2012,6310.3
Lapland,Industry,Industrial fuels,GWh,2013,6358.4
Lapland,Industry,Industrial fuels,GWh,2014,6388.1
Lapland,Industry,Industrial fuels,GWh,2015,6304.2
Lapland,Industry,Industrial fuels,GWh,2016,6685.5
Lapland,Industry,Industrial fuels,GWh,2017,6810.3
Lapland,Industry,Industrial fuels,GWh,2018,6872.7
Lapland,Industry,Industrial fuels,GWh,2019,6676.5
Lapland,Industry,Industrial fuels,GWh,2020,6428.3
Lapland,Industry,Industrial fuels,GWh,2021,2984.6
Lapland,Industry,Industrial fuels,GWh,2022,5616.4
Lapland,Industry,Industrial fuels,GWh,2023,7024.8
Lapland,Industry,Industrial fuels,GWh,2024,1826.4
Lapland,Machinery,Mining and industrial machinery,GWh,1990,145.4
Lapland,Machinery,Mining and industrial machinery,GWh,2005,147.4
Lapland,Machinery,Mining and industrial machinery,GWh,2006,117.2
Lapland,Machinery,Mining and industrial machinery,GWh,2007,128.2
Lapland,Machinery,Mining and industrial machinery,GWh,2008,153.9
Lapland,Machinery,Mining and industrial machinery,GWh,2009,200.7
Lapland,Machinery,Mining and industrial machinery,GWh,2010,269.8
Lapland,Machinery,Mining and industrial machinery,GWh,2011,225.8
Lapland,Machinery,Mining and industrial machinery,GWh,2012,131.1
Lapland,Machinery,Mining and industrial machinery,GWh,2013,153.7
Lapland,Machinery,Mining and industrial machinery,GWh,2014,196.6
Lapland,Machinery,Mining and industrial machinery,GWh,2015,231.9
Lapland,Machinery,Mining and industrial machinery,GWh,2016,238.5
Lapland,Machinery,Mining and industrial machinery,GWh,2017,201.3
Lapland,Machinery,Mining and industrial machinery,GWh,2018,227.8
Lapland,Machinery,Mining and industrial machinery,GWh,2019,226.3
Lapland,Machinery,Mining and industrial machinery,GWh,2020,245.7
Lapland,Machinery,Mining and industrial machinery,GWh,2021,243.7
Lapland,Machinery,Mining and industrial machinery,GWh,2022,218.3
Lapland,Machinery,Mining and industrial machinery,GWh,2023,227.4
Lapland,Machinery,Mining and industrial machinery,GWh,2024,219.2
Lapland,Machinery,Agricultural and forestry machinery,GWh,1990,286.6
Lapland,Machinery,Agricultural and forestry machinery,GWh,2005,353.0
Lapland,Machinery,Agricultural and forestry machinery,GWh,2006,287.1
Lapland,Machinery,Agricultural and forestry machinery,GWh,2007,330.9
Lapland,Machinery,Agricultural and forestry machinery,GWh,2008,288.4
Lapland,Machinery,Agricultural and forestry machinery,GWh,2009,293.3
Lapland,Machinery,Agricultural and forestry machinery,GWh,2010,270.1
Lapland,Machinery,Agricultural and forestry machinery,GWh,2011,313.7
Lapland,Machinery,Agricultural and forestry machinery,GWh,2012,288.7
Lapland,Machinery,Agricultural and forestry machinery,GWh,2013,280.6
Lapland,Machinery,Agricultural and forestry machinery,GWh,2014,290.4
Lapland,Machinery,Agricultural and forestry machinery,GWh,2015,294.5
Lapland,Machinery,Agricultural and forestry machinery,GWh,2016,307.2
Lapland,Machinery,Agricultural and forestry machinery,GWh,2017,300.5
Lapland,Machinery,Agricultural and forestry machinery,GWh,2018,258.9
Lapland,Machinery,Agricultural and forestry machinery,GWh,2019,302.4
Lapland,Machinery,Agricultural and forestry machinery,GWh,2020,303.0
Lapland,Machinery,Agricultural and forestry machinery,GWh,2021,268.0
Lapland,Machinery,Agricultural and forestry machinery,GWh,2022,289.8
Lapland,Machinery,Agricultural and forestry machinery,GWh,2023,310.6
Lapland,Machinery,Agricultural and forestry machinery,GWh,2024,288.4
Lapland,Machinery,Other machinery,GWh,1990,20.2
Lapland,Machinery,Other machinery,GWh,2005,23.0
Lapland,Machinery,Other machinery,GWh,2006,23.4
Lapland,Machinery,Other machinery,GWh,2007,23.5
Lapland,Machinery,Other machinery,GWh,2008,22.6
Lapland,Machinery,Other machinery,GWh,2009,21.3
Lapland,Machinery,Other machinery,GWh,2010,21.0
Lapland,Machinery,Other machinery,GWh,2011,22.1
Lapland,Machinery,Other machinery,GWh,2012,23.0
Lapland,Machinery,Other machinery,GWh,2013,23.5
Lapland,Machinery,Other machinery,GWh,2014,23.1
Lapland,Machinery,Other machinery,GWh,2015,23.8
Lapland,Machinery,Other machinery,GWh,2016,23.8
Lapland,Machinery,Other machinery,GWh,2017,23.4
Lapland,Machinery,Other machinery,GWh,2018,22.0
Lapland,Machinery,Other machinery,GWh,2019,22.5
Lapland,Machinery,Other machinery,GWh,2020,22.4
Lapland,Machinery,Other machinery,GWh,2021,21.1
Lapland,Machinery,Other machinery,GWh,2022,21.4
Lapland,Machinery,Other machinery,GWh,2023,20.8
Lapland,Machinery,Other machinery,GWh,2024,19.7
Lapland,Machinery,Construction machinery,GWh,1990,63.1
Lapland,Machinery,Construction machinery,GWh,2005,56.6
Lapland,Machinery,Construction machinery,GWh,2006,56.5
Lapland,Machinery,Construction machinery,GWh,2007,61.8
Lapland,Machinery,Construction machinery,GWh,2008,71.6
Lapland,Machinery,Construction machinery,GWh,2009,66.3
Lapland,Machinery,Construction machinery,GWh,2010,52.5
Lapland,Machinery,Construction machinery,GWh,2011,59.7
Lapland,Machinery,Construction machinery,GWh,2012,62.5
Lapland,Machinery,Construction machinery,GWh,2013,60.4
Lapland,Machinery,Construction machinery,GWh,2014,52.8
Lapland,Machinery,Construction machinery,GWh,2015,44.5
Lapland,Machinery,Construction machinery,GWh,2016,45.0
Lapland,Machinery,Construction machinery,GWh,2017,57.6
Lapland,Machinery,Construction machinery,GWh,2018,53.7
Lapland,Machinery,Construction machinery,GWh,2019,59.1
Lapland,Machinery,Construction machinery,GWh,2020,60.3
Lapland,Machinery,Construction machinery,GWh,2021,48.4
Lapland,Machinery,Construction machinery,GWh,2022,67.3
Lapland,Machinery,Construction machinery,GWh,2023,78.5
Lapland,Machinery,Construction machinery,GWh,2024,71.1
Lapland,Machinery,Road construction machinery,GWh,1990,77.4
Lapland,Machinery,Road construction machinery,GWh,2005,83.5
Lapland,Machinery,Road construction machinery,GWh,2006,84.3
Lapland,Machinery,Road construction machinery,GWh,2007,87.0
Lapland,Machinery,Road construction machinery,GWh,2008,92.3
Lapland,Machinery,Road construction machinery,GWh,2009,91.5
Lapland,Machinery,Road construction machinery,GWh,2010,90.0
Lapland,Machinery,Road construction machinery,GWh,2011,82.7
Lapland,Machinery,Road construction machinery,GWh,2012,90.2
Lapland,Machinery,Road construction machinery,GWh,2013,88.9
Lapland,Machinery,Road construction machinery,GWh,2014,86.9
Lapland,Machinery,Road construction machinery,GWh,2015,87.2
Lapland,Machinery,Road construction machinery,GWh,2016,82.9
Lapland,Machinery,Road construction machinery,GWh,2017,95.2
Lapland,Machinery,Road construction machinery,GWh,2018,98.1
Lapland,Machinery,Road construction machinery,GWh,2019,101.9
Lapland,Machinery,Road construction machinery,GWh,2020,104.8
Lapland,Machinery,Road construction machinery,GWh,2021,101.4
Lapland,Machinery,Road construction machinery,GWh,2022,105.9
Lapland,Machinery,Road construction machinery,GWh,2023,105.5
Lapland,Machinery,Road construction machinery,GWh,2024,104.4
Lapland,Road transport,Passenger cars,GWh,1990,1062.4
Lapland,Road transport,Passenger cars,GWh,2005,957.1
Lapland,Road transport,Passenger cars,GWh,2006,962.5
Lapland,Road transport,Passenger cars,GWh,2007,977.2
Lapland,Road transport,Passenger cars,GWh,2008,948.0
Lapland,Road transport,Passenger cars,GWh,2009,954.7
Lapland,Road transport,Passenger cars,GWh,2010,955.6
Lapland,Road transport,Passenger cars,GWh,2011,931.0
Lapland,Road transport,Passenger cars,GWh,2012,927.0
Lapland,Road transport,Passenger cars,GWh,2013,937.6
Lapland,Road transport,Passenger cars,GWh,2014,931.7
Lapland,Road transport,Passenger cars,GWh,2015,919.0
Lapland,Road transport,Passenger cars,GWh,2016,922.7
Lapland,Road transport,Passenger cars,GWh,2017,918.9
Lapland,Road transport,Passenger cars,GWh,2018,919.3
Lapland,Road transport,Passenger cars,GWh,2019,898.4
Lapland,Road transport,Passenger cars,GWh,2020,830.1
Lapland,Road transport,Passenger cars,GWh,2021,850.1
Lapland,Road transport,Passenger cars,GWh,2022,799.4
Lapland,Road transport,Passenger cars,GWh,2023,796.9
Lapland,Road transport,Passenger cars,GWh,2024,805.8
Lapland,Road transport,Trucks,GWh,1990,388.1
Lapland,Road transport,Trucks,GWh,2005,459.3
Lapland,Road transport,Trucks,GWh,2006,470.9
Lapland,Road transport,Trucks,GWh,2007,507.8
Lapland,Road transport,Trucks,GWh,2008,483.0
Lapland,Road transport,Trucks,GWh,2009,430.6
Lapland,Road transport,Trucks,GWh,2010,490.8
Lapland,Road transport,Trucks,GWh,2011,508.3
Lapland,Road transport,Trucks,GWh,2012,485.6
Lapland,Road transport,Trucks,GWh,2013,487.6
Lapland,Road transport,Trucks,GWh,2014,466.8
Lapland,Road transport,Trucks,GWh,2015,478.8
Lapland,Road transport,Trucks,GWh,2016,517.8
Lapland,Road transport,Trucks,GWh,2017,482.1
Lapland,Road transport,Trucks,GWh,2018,512.3
Lapland,Road transport,Trucks,GWh,2019,502.2
Lapland,Road transport,Trucks,GWh,2020,486.0
Lapland,Road transport,Trucks,GWh,2021,520.9
Lapland,Road transport,Trucks,GWh,2022,496.6
Lapland,Road transport,Trucks,GWh,2023,471.0
Lapland,Road transport,Trucks,GWh,2024,476.2
Lapland,Road transport,Buses,GWh,1990,33.7
Lapland,Road transport,Buses,GWh,2005,77.5
Lapland,Road transport,Buses,GWh,2006,77.6
Lapland,Road transport,Buses,GWh,2007,76.2
Lapland,Road transport,Buses,GWh,2008,74.3
Lapland,Road transport,Buses,GWh,2009,75.8
Lapland,Road transport,Buses,GWh,2010,76.3
Lapland,Road transport,Buses,GWh,2011,76.4
Lapland,Road transport,Buses,GWh,2012,74.1
Lapland,Road transport,Buses,GWh,2013,74.5
Lapland,Road transport,Buses,GWh,2014,75.0
Lapland,Road transport,Buses,GWh,2015,73.5
Lapland,Road transport,Buses,GWh,2016,80.5
Lapland,Road transport,Buses,GWh,2017,81.8
Lapland,Road transport,Buses,GWh,2018,78.4
Lapland,Road transport,Buses,GWh,2019,77.6
Lapland,Road transport,Buses,GWh,2020,56.5
Lapland,Road transport,Buses,GWh,2021,61.9
Lapland,Road transport,Buses,GWh,2022,62.7
Lapland,Road transport,Buses,GWh,2023,68.5
Lapland,Road transport,Buses,GWh,2024,65.9
Lapland,Road transport,Vancouver vans,GWh,1990,147.1
Lapland,Road transport,Vancouver vans,GWh,2005,146.5
Lapland,Road transport,Vancouver vans,GWh,2006,148.4
Lapland,Road transport,Vancouver vans,GWh,2007,150.6
Lapland,Road transport,Vancouver vans,GWh,2008,151.1
Lapland,Road transport,Vancouver vans,GWh,2009,154.0
Lapland,Road transport,Vancouver vans,GWh,2010,155.9
Lapland,Road transport,Vancouver vans,GWh,2011,155.2
Lapland,Road transport,Vancouver vans,GWh,2012,153.4
Lapland,Road transport,Vancouver vans,GWh,2013,153.0
Lapland,Road transport,Vancouver vans,GWh,2014,155.9
Lapland,Road transport,Vancouver vans,GWh,2015,158.2
Lapland,Road transport,Vancouver vans,GWh,2016,157.7
Lapland,Road transport,Vancouver vans,GWh,2017,187.5
Lapland,Road transport,Vancouver vans,GWh,2018,192.4
Lapland,Road transport,Vancouver vans,GWh,2019,191.7
Lapland,Road transport,Vancouver vans,GWh,2020,187.3
Lapland,Road transport,Vancouver vans,GWh,2021,202.7
Lapland,Road transport,Vancouver vans,GWh,2022,190.3
Lapland,Road transport,Vancouver vans,GWh,2023,191.4
Lapland,Road transport,Vancouver vans,GWh,2024,195.5
Lapland,Road transport,Drive-through traffic,GWh,1990,86.2
Lapland,Road transport,Drive-through traffic,GWh,2005,247.2
Lapland,Road transport,Drive-through traffic,GWh,2006,252.3
Lapland,Road transport,Drive-through traffic,GWh,2007,264.9
Lapland,Road transport,Drive-through traffic,GWh,2008,260.7
Lapland,Road transport,Drive-through traffic,GWh,2009,224.8
Lapland,Road transport,Drive-through traffic,GWh,2010,249.5
Lapland,Road transport,Drive-through traffic,GWh,2011,261.7
Lapland,Road transport,Drive-through traffic,GWh,2012,249.5
Lapland,Road transport,Drive-through traffic,GWh,2013,244.8
Lapland,Road transport,Drive-through traffic,GWh,2014,223.5
Lapland,Road transport,Drive-through traffic,GWh,2015,222.4
Lapland,Road transport,Drive-through traffic,GWh,2016,235.1
Lapland,Road transport,Drive-through traffic,GWh,2017,273.1
Lapland,Road transport,Drive-through traffic,GWh,2018,298.9
Lapland,Road transport,Drive-through traffic,GWh,2019,326.8
Lapland,Road transport,Drive-through traffic,GWh,2020,307.0
Lapland,Road transport,Drive-through traffic,GWh,2021,331.7
Lapland,Road transport,Drive-through traffic,GWh,2022,337.9
Lapland,Road transport,Drive-through traffic,GWh,2023,352.5
Lapland,Road transport,Drive-through traffic,GWh,2024,345.7
Lapland,Road transport,Motorcycles and mopeds,GWh,1990,4.5
Lapland,Road transport,Motorcycles and mopeds,GWh,2005,10.8
Lapland,Road transport,Motorcycles and mopeds,GWh,2006,11.8
Lapland,Road transport,Motorcycles and mopeds,GWh,2007,13.1
Lapland,Road transport,Motorcycles and mopeds,GWh,2008,13.7
Lapland,Road transport,Motorcycles and mopeds,GWh,2009,14.0
Lapland,Road transport,Motorcycles and mopeds,GWh,2010,15.0
Lapland,Road transport,Motorcycles and mopeds,GWh,2011,16.3
Lapland,Road transport,Motorcycles and mopeds,GWh,2012,16.7
Lapland,Road transport,Motorcycles and mopeds,GWh,2013,17.2
Lapland,Road transport,Motorcycles and mopeds,GWh,2014,17.1
Lapland,Road transport,Motorcycles and mopeds,GWh,2015,17.1
Lapland,Road transport,Motorcycles and mopeds,GWh,2016,14.7
Lapland,Road transport,Motorcycles and mopeds,GWh,2017,11.5
Lapland,Road transport,Motorcycles and mopeds,GWh,2018,11.2
Lapland,Road transport,Motorcycles and mopeds,GWh,2019,10.8
Lapland,Road transport,Motorcycles and mopeds,GWh,2020,10.3
Lapland,Road transport,Motorcycles and mopeds,GWh,2021,10.7
Lapland,Road transport,Motorcycles and mopeds,GWh,2022,10.2
Lapland,Road transport,Motorcycles and mopeds,GWh,2023,10.4
Lapland,Road transport,Motorcycles and mopeds,GWh,2024,10.5
Lapland,Rail transport,Diesel,GWh,1990,45.8
Lapland,Rail transport,Diesel,GWh,2005,30.5
Lapland,Rail transport,Diesel,GWh,2006,31.2
Lapland,Rail transport,Diesel,GWh,2007,26.3
Lapland,Rail transport,Diesel,GWh,2008,29.0
Lapland,Rail transport,Diesel,GWh,2009,23.6
Lapland,Rail transport,Diesel,GWh,2010,24.3
Lapland,Rail transport,Diesel,GWh,2011,25.1
Lapland,Rail transport,Diesel,GWh,2012,27.0
Lapland,Rail transport,Diesel,GWh,2013,24.4
Lapland,Rail transport,Diesel,GWh,2014,21.7
Lapland,Rail transport,Diesel,GWh,2015,19.2
Lapland,Rail transport,Diesel,GWh,2016,16.1
Lapland,Rail transport,Diesel,GWh,2017,16.5
Lapland,Rail transport,Diesel,GWh,2018,16.5
Lapland,Rail transport,Diesel,GWh,2019,18.6
Lapland,Rail transport,Diesel,GWh,2020,17.6
Lapland,Rail transport,Diesel,GWh,2021,20.6
Lapland,Rail transport,Diesel,GWh,2022,19.5
Lapland,Rail transport,Diesel,GWh,2023,21.2
Lapland,Rail transport,Diesel,GWh,2024,18.4
Lapland,Rail transport,Electricity,GWh,1990,8.0
Lapland,Rail transport,Electricity,GWh,2005,11.8
Lapland,Rail transport,Electricity,GWh,2006,12.3
Lapland,Rail transport,Electricity,GWh,2007,13.2
Lapland,Rail transport,Electricity,GWh,2008,13.9
Lapland,Rail transport,Electricity,GWh,2009,13.3
Lapland,Rail transport,Electricity,GWh,2010,13.9
Lapland,Rail transport,Electricity,GWh,2011,13.8
Lapland,Rail transport,Electricity,GWh,2012,14.2
Lapland,Rail transport,Electricity,GWh,2013,13.8
Lapland,Rail transport,Electricity,GWh,2014,13.7
Lapland,Rail transport,Electricity,GWh,2015,13.0
Lapland,Rail transport,Electricity,GWh,2016,12.7
Lapland,Rail transport,Electricity,GWh,2017,12.4
Lapland,Rail transport,Electricity,GWh,2018,12.2
Lapland,Rail transport,Electricity,GWh,2019,12.4
Lapland,Rail transport,Electricity,GWh,2020,12.6
Lapland,Rail transport,Electricity,GWh,2021,11.7
Lapland,Rail transport,Electricity,GWh,2022,10.3
Lapland,Rail transport,Electricity,GWh,2023,11.2
Lapland,Rail transport,Electricity,GWh,2024,13.4
Lapland,Rail transport,Community trains,GWh,1990,0.0
Lapland,Rail transport,Community trains,GWh,2005,0.0
Lapland,Rail transport,Community trains,GWh,2006,0.0
Lapland,Rail transport,Community trains,GWh,2007,0.0
Lapland,Rail transport,Community trains,GWh,2008,0.0
Lapland,Rail transport,Community trains,GWh,2009,0.0
Lapland,Rail transport,Community trains,GWh,2010,0.0
Lapland,Rail transport,Community trains,GWh,2011,0.0
Lapland,Rail transport,Community trains,GWh,2012,0.0
Lapland,Rail transport,Community trains,GWh,2013,0.0
Lapland,Rail transport,Community trains,GWh,2014,0.0
Lapland,Rail transport,Community trains,GWh,2015,0.0
Lapland,Rail transport,Community trains,GWh,2016,0.0
Lapland,Rail transport,Community trains,GWh,2017,0.0
Lapland,Rail transport,Community trains,GWh,2018,0.0
Lapland,Rail transport,Community trains,GWh,2019,0.0
Lapland,Rail transport,Community trains,GWh,2020,0.0
Lapland,Rail transport,Community trains,GWh,2021,0.0
Lapland,Rail transport,Community trains,GWh,2022,0.0
Lapland,Rail transport,Community trains,GWh,2023,0.0
Lapland,Rail transport,Community trains,GWh,2024,0.0
Lapland,Rail transport,Metros and trams,GWh,1990,0.0
Lapland,Rail transport,Metros and trams,GWh,2005,0.0
Lapland,Rail transport,Metros and trams,GWh,2006,0.0
Lapland,Rail transport,Metros and trams,GWh,2007,0.0
Lapland,Rail transport,Metros and trams,GWh,2008,0.0
Lapland,Rail transport,Metros and trams,GWh,2009,0.0
Lapland,Rail transport,Metros and trams,GWh,2010,0.0
Lapland,Rail transport,Metros and trams,GWh,2011,0.0
Lapland,Rail transport,Metros and trams,GWh,2012,0.0
Lapland,Rail transport,Metros and trams,GWh,2013,0.0
Lapland,Rail transport,Metros and trams,GWh,2014,0.0
Lapland,Rail transport,Metros and trams,GWh,2015,0.0
Lapland,Rail transport,Metros and trams,GWh,2016,0.0
Lapland,Rail transport,Metros and trams,GWh,2017,0.0
Lapland,Rail transport,Metros and trams,GWh,2018,0.0
Lapland,Rail transport,Metros and trams,GWh,2019,0.0
Lapland,Rail transport,Metros and trams,GWh,2020,0.0
Lapland,Rail transport,Metros and trams,GWh,2021,0.0
Lapland,Rail transport,Metros and trams,GWh,2022,0.0
Lapland,Rail transport,Metros and trams,GWh,2023,0.0
Lapland,Rail transport,Metros and trams,GWh,2024,0.0
Lapland,Water transport,Pleasure boats,GWh,1990,24.3
Lapland,Water transport,Pleasure boats,GWh,2005,25.9
Lapland,Water transport,Pleasure boats,GWh,2006,26.7
Lapland,Water transport,Pleasure boats,GWh,2007,26.7
Lapland,Water transport,Pleasure boats,GWh,2008,21.9
Lapland,Water transport,Pleasure boats,GWh,2009,22.6
Lapland,Water transport,Pleasure boats,GWh,2010,24.1
Lapland,Water transport,Pleasure boats,GWh,2011,19.2
Lapland,Water transport,Pleasure boats,GWh,2012,20.2
Lapland,Water transport,Pleasure boats,GWh,2013,21.6
Lapland,Water transport,Pleasure boats,GWh,2014,19.9
Lapland,Water transport,Pleasure boats,GWh,2015,20.7
Lapland,Water transport,Pleasure boats,GWh,2016,19.8
Lapland,Water transport,Pleasure boats,GWh,2017,19.7
Lapland,Water transport,Pleasure boats,GWh,2018,19.9
Lapland,Water transport,Pleasure boats,GWh,2019,20.0
Lapland,Water transport,Pleasure boats,GWh,2020,23.1
Lapland,Water transport,Pleasure boats,GWh,2021,25.1
Lapland,Water transport,Pleasure boats,GWh,2022,19.8
Lapland,Water transport,Pleasure boats,GWh,2023,19.8
Lapland,Water transport,Pleasure boats,GWh,2024,20.7
Lapland,Water transport,Passenger traffic,GWh,1990,0.2
Lapland,Water transport,Passenger traffic,GWh,2005,0.3
Lapland,Water transport,Passenger traffic,GWh,2006,0.3
Lapland,Water transport,Passenger traffic,GWh,2007,0.5
Lapland,Water transport,Passenger traffic,GWh,2008,0.3
Lapland,Water transport,Passenger traffic,GWh,2009,0.3
Lapland,Water transport,Passenger traffic,GWh,2010,0.2
Lapland,Water transport,Passenger traffic,GWh,2011,0.3
Lapland,Water transport,Passenger traffic,GWh,2012,0.3
Lapland,Water transport,Passenger traffic,GWh,2013,0.3
Lapland,Water transport,Passenger traffic,GWh,2014,0.3
Lapland,Water transport,Passenger traffic,GWh,2015,0.3
Lapland,Water transport,Passenger traffic,GWh,2016,0.2
Lapland,Water transport,Passenger traffic,GWh,2017,0.6
Lapland,Water transport,Passenger traffic,GWh,2018,1.0
Lapland,Water transport,Passenger traffic,GWh,2019,0.9
Lapland,Water transport,Passenger traffic,GWh,2020,0.8
Lapland,Water transport,Passenger traffic,GWh,2021,0.9
Lapland,Water transport,Passenger traffic,GWh,2022,0.9
Lapland,Water transport,Passenger traffic,GWh,2023,0.9
Lapland,Water transport,Passenger traffic,GWh,2024,0.9
Lapland,Water transport,Goods traffic,GWh,1990,6.9
Lapland,Water transport,Goods traffic,GWh,2005,7.1
Lapland,Water transport,Goods traffic,GWh,2006,10.1
Lapland,Water transport,Goods traffic,GWh,2007,10.5
Lapland,Water transport,Goods traffic,GWh,2008,9.7
Lapland,Water transport,Goods traffic,GWh,2009,8.8
Lapland,Water transport,Goods traffic,GWh,2010,8.6
Lapland,Water transport,Goods traffic,GWh,2011,9.8
Lapland,Water transport,Goods traffic,GWh,2012,15.5
Lapland,Water transport,Goods traffic,GWh,2013,6.2
Lapland,Water transport,Goods traffic,GWh,2014,8.5
Lapland,Water transport,Goods traffic,GWh,2015,9.6
Lapland,Water transport,Goods traffic,GWh,2016,8.9
Lapland,Water transport,Goods traffic,GWh,2017,11.5
Lapland,Water transport,Goods traffic,GWh,2018,12.0
Lapland,Water transport,Goods traffic,GWh,2019,6.1
Lapland,Water transport,Goods traffic,GWh,2020,4.7
Lapland,Water transport,Goods traffic,GWh,2021,3.0
Lapland,Water transport,Goods traffic,GWh,2022,3.4
Lapland,Water transport,Goods traffic,GWh,2023,3.8
Lapland,Water transport,Goods traffic,GWh,2024,3.9
Lapland,Water transport,Fishing vessels,GWh,1990,18.7
Lapland,Water transport,Fishing vessels,GWh,2005,11.0
Lapland,Water transport,Fishing vessels,GWh,2006,12.6
Lapland,Water transport,Fishing vessels,GWh,2007,11.9
Lapland,Water transport,Fishing vessels,GWh,2008,12.2
Lapland,Water transport,Fishing vessels,GWh,2009,12.3
Lapland,Water transport,Fishing vessels,GWh,2010,12.2
Lapland,Water transport,Fishing vessels,GWh,2011,10.4
Lapland,Water transport,Fishing vessels,GWh,2012,12.3
Lapland,Water transport,Fishing vessels,GWh,2013,12.4
Lapland,Water transport,Fishing vessels,GWh,2014,11.6
Lapland,Water transport,Fishing vessels,GWh,2015,11.6
Lapland,Water transport,Fishing vessels,GWh,2016,11.3
Lapland,Water transport,Fishing vessels,GWh,2017,10.8
Lapland,Water transport,Fishing vessels,GWh,2018,10.6
Lapland,Water transport,Fishing vessels,GWh,2019,13.2
Lapland,Water transport,Fishing vessels,GWh,2020,11.6
Lapland,Water transport,Fishing vessels,GWh,2021,12.2
Lapland,Water transport,Fishing vessels,GWh,2022,11.8
Lapland,Water transport,Fishing vessels,GWh,2023,11.9
Lapland,Water transport,Fishing vessels,GWh,2024,11.3
Lapland,Water transport,,GWh,1990,0.0
Lapland,Water transport,,GWh,2005,0.0
Lapland,Water transport,,GWh,2006,0.0
Lapland,Water transport,,GWh,2007,0.0
Lapland,Water transport,,GWh,2008,0.0
Lapland,Water transport,,GWh,2009,0.0
Lapland,Water transport,,GWh,2010,0.0
Lapland,Water transport,,GWh,2011,0.0
Lapland,Water transport,,GWh,2012,0.0
Lapland,Water transport,,GWh,2013,0.0
Lapland,Water transport,,GWh,2014,0.0
Lapland,Water transport,,GWh,2015,0.0
Lapland,Water transport,,GWh,2016,0.0
Lapland,Water transport,,GWh,2017,0.0
Lapland,Water transport,,GWh,2018,0.0
Lapland,Water transport,,GWh,2019,0.0
Lapland,Water transport,,GWh,2020,0.0
Lapland,Water transport,,GWh,2021,0.0
Lapland,Water transport,,GWh,2022,0.0
Lapland,Water transport,,GWh,2023,0.0
Lapland,Water transport,,GWh,2024,0.0
Lapland,Water transport,Workboats and ships,GWh,1990,17.2
Lapland,Water transport,Workboats and ships,GWh,2005,13.3
Lapland,Water transport,Workboats and ships,GWh,2006,13.3
Lapland,Water transport,Workboats and ships,GWh,2007,13.2
Lapland,Water transport,Workboats and ships,GWh,2008,13.1
Lapland,Water transport,Workboats and ships,GWh,2009,13.0
Lapland,Water transport,Workboats and ships,GWh,2010,12.9
Lapland,Water transport,Workboats and ships,GWh,2011,12.8
Lapland,Water transport,Workboats and ships,GWh,2012,12.7
Lapland,Water transport,Workboats and ships,GWh,2013,12.6
Lapland,Water transport,Workboats and ships,GWh,2014,12.5
Lapland,Water transport,Workboats and ships,GWh,2015,12.5
Lapland,Water transport,Workboats and ships,GWh,2016,12.3
Lapland,Water transport,Workboats and ships,GWh,2017,12.1
Lapland,Water transport,Workboats and ships,GWh,2018,12.1
Lapland,Water transport,Workboats and ships,GWh,2019,11.9
Lapland,Water transport,Workboats and ships,GWh,2020,11.9
Lapland,Water transport,Workboats and ships,GWh,2021,11.8
Lapland,Water transport,Workboats and ships,GWh,2022,11.6
Lapland,Water transport,Workboats and ships,GWh,2023,11.5
Lapland,Water transport,Workboats and ships,GWh,2024,5.7
Lapland,Emission credits,Wind power,GWh,1990,0.0
Lapland,Emission credits,Wind power,GWh,2005,17.1
Lapland,Emission credits,Wind power,GWh,2006,14.8
Lapland,Emission credits,Wind power,GWh,2007,19.5
Lapland,Emission credits,Wind power,GWh,2008,72.3
Lapland,Emission credits,Wind power,GWh,2009,73.8
Lapland,Emission credits,Wind power,GWh,2010,100.6
Lapland,Emission credits,Wind power,GWh,2011,172.6
Lapland,Emission credits,Wind power,GWh,2012,167.0
Lapland,Emission credits,Wind power,GWh,2013,246.1
Lapland,Emission credits,Wind power,GWh,2014,288.0
Lapland,Emission credits,Wind power,GWh,2015,583.4
Lapland,Emission credits,Wind power,GWh,2016,581.7
Lapland,Emission credits,Wind power,GWh,2017,870.8
Lapland,Emission credits,Wind power,GWh,2018,1061.9
Lapland,Emission credits,Wind power,GWh,2019,981.9
Lapland,Emission credits,Wind power,GWh,2020,1145.8
Lapland,Emission credits,Wind power,GWh,2021,1334.6
Lapland,Emission credits,Wind power,GWh,2022,1336.7
Lapland,Emission credits,Wind power,GWh,2023,1569.9
Lapland,Emission credits,Wind power,GWh,2024,1798.5
North Karelia,Electricity,Housing,GWh,1990,267.4
North Karelia,Electricity,Housing,GWh,2005,307.7
North Karelia,Electricity,Housing,GWh,2006,314.8
North Karelia,Electricity,Housing,GWh,2007,319.5
North Karelia,Electricity,Housing,GWh,2008,310.8
North Karelia,Electricity,Housing,GWh,2009,327.5
North Karelia,Electricity,Housing,GWh,2010,358.4
North Karelia,Electricity,Housing,GWh,2011,345.2
North Karelia,Electricity,Housing,GWh,2012,341.7
North Karelia,Electricity,Housing,GWh,2013,334.8
North Karelia,Electricity,Housing,GWh,2014,323.4
North Karelia,Electricity,Housing,GWh,2015,323.9
North Karelia,Electricity,Housing,GWh,2016,342.3
North Karelia,Electricity,Housing,GWh,2017,336.3
North Karelia,Electricity,Housing,GWh,2018,340.2
North Karelia,Electricity,Housing,GWh,2019,336.5
North Karelia,Electricity,Housing,GWh,2020,320.9
North Karelia,Electricity,Housing,GWh,2021,375.4
North Karelia,Electricity,Housing,GWh,2022,316.4
North Karelia,Electricity,Housing,GWh,2023,320.8
North Karelia,Electricity,Housing,GWh,2024,329.2
North Karelia,Electricity,Agriculture,GWh,1990,25.9
North Karelia,Electricity,Agriculture,GWh,2005,39.3
North Karelia,Electricity,Agriculture,GWh,2006,41.1
North Karelia,Electricity,Agriculture,GWh,2007,42.8
North Karelia,Electricity,Agriculture,GWh,2008,45.0
North Karelia,Electricity,Agriculture,GWh,2009,44.3
North Karelia,Electricity,Agriculture,GWh,2010,45.0
North Karelia,Electricity,Agriculture,GWh,2011,45.9
North Karelia,Electricity,Agriculture,GWh,2012,45.9
North Karelia,Electricity,Agriculture,GWh,2013,30.4
North Karelia,Electricity,Agriculture,GWh,2014,27.7
North Karelia,Electricity,Agriculture,GWh,2015,24.9
North Karelia,Electricity,Agriculture,GWh,2016,34.3
North Karelia,Electricity,Agriculture,GWh,2017,33.4
North Karelia,Electricity,Agriculture,GWh,2018,34.9
North Karelia,Electricity,Agriculture,GWh,2019,36.4
North Karelia,Electricity,Agriculture,GWh,2020,21.8
North Karelia,Electricity,Agriculture,GWh,2021,22.2
North Karelia,Electricity,Agriculture,GWh,2022,21.7
North Karelia,Electricity,Agriculture,GWh,2023,18.5
North Karelia,Electricity,Agriculture,GWh,2024,15.2
North Karelia,Electricity,Services,GWh,1990,267.4
North Karelia,Electricity,Services,GWh,2005,387.9
North Karelia,Electricity,Services,GWh,2006,411.2
North Karelia,Electricity,Services,GWh,2007,416.2
North Karelia,Electricity,Services,GWh,2008,397.0
North Karelia,Electricity,Services,GWh,2009,406.7
North Karelia,Electricity,Services,GWh,2010,422.2
North Karelia,Electricity,Services,GWh,2011,410.4
North Karelia,Electricity,Services,GWh,2012,427.7
North Karelia,Electricity,Services,GWh,2013,429.5
North Karelia,Electricity,Services,GWh,2014,422.8
North Karelia,Electricity,Services,GWh,2015,401.6
North Karelia,Electricity,Services,GWh,2016,415.2
North Karelia,Electricity,Services,GWh,2017,394.2
North Karelia,Electricity,Services,GWh,2018,401.9
North Karelia,Electricity,Services,GWh,2019,406.6
North Karelia,Electricity,Services,GWh,2020,394.8
North Karelia,Electricity,Services,GWh,2021,384.6
North Karelia,Electricity,Services,GWh,2022,386.0
North Karelia,Electricity,Services,GWh,2023,378.9
North Karelia,Electricity,Services,GWh,2024,434.8
North Karelia,Electricity,Industry,GWh,1990,495.1
North Karelia,Electricity,Industry,GWh,2005,977.9
North Karelia,Electricity,Industry,GWh,2006,1070.8
North Karelia,Electricity,Industry,GWh,2007,1062.0
North Karelia,Electricity,Industry,GWh,2008,989.5
North Karelia,Electricity,Industry,GWh,2009,767.5
North Karelia,Electricity,Industry,GWh,2010,1209.6
North Karelia,Electricity,Industry,GWh,2011,1226.7
North Karelia,Electricity,Industry,GWh,2012,1130.0
North Karelia,Electricity,Industry,GWh,2013,1537.1
North Karelia,Electricity,Industry,GWh,2014,1476.7
North Karelia,Electricity,Industry,GWh,2015,1569.5
North Karelia,Electricity,Industry,GWh,2016,1480.7
North Karelia,Electricity,Industry,GWh,2017,1550.8
North Karelia,Electricity,Industry,GWh,2018,1439.0
North Karelia,Electricity,Industry,GWh,2019,1499.0
North Karelia,Electricity,Industry,GWh,2020,1396.0
North Karelia,Electricity,Industry,GWh,2021,1518.9
North Karelia,Electricity,Industry,GWh,2022,1330.2
North Karelia,Electricity,Industry,GWh,2023,1254.4
North Karelia,Electricity,Industry,GWh,2024,1383.4
North Karelia,Electric heating,Housing,GWh,1990,297.8
North Karelia,Electric heating,Housing,GWh,2005,352.4
North Karelia,Electric heating,Housing,GWh,2006,366.4
North Karelia,Electric heating,Housing,GWh,2007,364.3
North Karelia,Electric heating,Housing,GWh,2008,356.0
North Karelia,Electric heating,Housing,GWh,2009,374.7
North Karelia,Electric heating,Housing,GWh,2010,401.4
North Karelia,Electric heating,Housing,GWh,2011,394.8
North Karelia,Electric heating,Housing,GWh,2012,388.2
North Karelia,Electric heating,Housing,GWh,2013,373.3
North Karelia,Electric heating,Housing,GWh,2014,362.9
North Karelia,Electric heating,Housing,GWh,2015,360.5
North Karelia,Electric heating,Housing,GWh,2016,379.0
North Karelia,Electric heating,Housing,GWh,2017,372.7
North Karelia,Electric heating,Housing,GWh,2018,372.9
North Karelia,Electric heating,Housing,GWh,2019,365.6
North Karelia,Electric heating,Housing,GWh,2020,350.7
North Karelia,Electric heating,Housing,GWh,2021,408.1
North Karelia,Electric heating,Housing,GWh,2022,335.4
North Karelia,Electric heating,Housing,GWh,2023,331.7
North Karelia,Electric heating,Housing,GWh,2024,340.2
North Karelia,Electric heating,Agriculture,GWh,1990,21.4
North Karelia,Electric heating,Agriculture,GWh,2005,28.7
North Karelia,Electric heating,Agriculture,GWh,2006,30.2
North Karelia,Electric heating,Agriculture,GWh,2007,30.8
North Karelia,Electric heating,Agriculture,GWh,2008,30.3
North Karelia,Electric heating,Agriculture,GWh,2009,31.6
North Karelia,Electric heating,Agriculture,GWh,2010,32.4
North Karelia,Electric heating,Agriculture,GWh,2011,33.0
North Karelia,Electric heating,Agriculture,GWh,2012,33.6
North Karelia,Electric heating,Agriculture,GWh,2013,33.1
North Karelia,Electric heating,Agriculture,GWh,2014,32.8
North Karelia,Electric heating,Agriculture,GWh,2015,32.5
North Karelia,Electric heating,Agriculture,GWh,2016,31.8
North Karelia,Electric heating,Agriculture,GWh,2017,31.7
North Karelia,Electric heating,Agriculture,GWh,2018,31.4
North Karelia,Electric heating,Agriculture,GWh,2019,31.2
North Karelia,Electric heating,Agriculture,GWh,2020,30.7
North Karelia,Electric heating,Agriculture,GWh,2021,30.7
North Karelia,Electric heating,Agriculture,GWh,2022,29.3
North Karelia,Electric heating,Agriculture,GWh,2023,29.5
North Karelia,Electric heating,Agriculture,GWh,2024,27.3
North Karelia,Electric heating,Services,GWh,1990,54.3
North Karelia,Electric heating,Services,GWh,2005,59.1
North Karelia,Electric heating,Services,GWh,2006,48.4
North Karelia,Electric heating,Services,GWh,2007,52.5
North Karelia,Electric heating,Services,GWh,2008,52.0
North Karelia,Electric heating,Services,GWh,2009,53.7
North Karelia,Electric heating,Services,GWh,2010,53.9
North Karelia,Electric heating,Services,GWh,2011,54.1
North Karelia,Electric heating,Services,GWh,2012,54.1
North Karelia,Electric heating,Services,GWh,2013,52.9
North Karelia,Electric heating,Services,GWh,2014,53.3
North Karelia,Electric heating,Services,GWh,2015,52.5
North Karelia,Electric heating,Services,GWh,2016,51.9
North Karelia,Electric heating,Services,GWh,2017,53.6
North Karelia,Electric heating,Services,GWh,2018,53.3
North Karelia,Electric heating,Services,GWh,2019,53.1
North Karelia,Electric heating,Services,GWh,2020,49.2
North Karelia,Electric heating,Services,GWh,2021,50.9
North Karelia,Electric heating,Services,GWh,2022,51.6
North Karelia,Electric heating,Services,GWh,2023,50.7
North Karelia,Electric heating,Services,GWh,2024,51.3
North Karelia,District heating,Housing,GWh,1990,320.8
North Karelia,District heating,Housing,GWh,2005,465.5
North Karelia,District heating,Housing,GWh,2006,504.7
North Karelia,District heating,Housing,GWh,2007,507.4
North Karelia,District heating,Housing,GWh,2008,508.2
North Karelia,District heating,Housing,GWh,2009,544.2
North Karelia,District heating,Housing,GWh,2010,588.1
North Karelia,District heating,Housing,GWh,2011,517.3
North Karelia,District heating,Housing,GWh,2012,561.4
North Karelia,District heating,Housing,GWh,2013,514.3
North Karelia,District heating,Housing,GWh,2014,523.8
North Karelia,District heating,Housing,GWh,2015,500.7
North Karelia,District heating,Housing,GWh,2016,535.8
North Karelia,District heating,Housing,GWh,2017,542.8
North Karelia,District heating,Housing,GWh,2018,549.1
North Karelia,District heating,Housing,GWh,2019,550.6
North Karelia,District heating,Housing,GWh,2020,518.0
North Karelia,District heating,Housing,GWh,2021,587.4
North Karelia,District heating,Housing,GWh,2022,534.6
North Karelia,District heating,Housing,GWh,2023,558.0
North Karelia,District heating,Housing,GWh,2024,554.8
North Karelia,District heating,Agriculture,GWh,1990,0.9
North Karelia,District heating,Agriculture,GWh,2005,1.3
North Karelia,District heating,Agriculture,GWh,2006,1.3
North Karelia,District heating,Agriculture,GWh,2007,1.3
North Karelia,District heating,Agriculture,GWh,2008,1.0
North Karelia,District heating,Agriculture,GWh,2009,1.1
North Karelia,District heating,Agriculture,GWh,2010,1.1
North Karelia,District heating,Agriculture,GWh,2011,1.3
North Karelia,District heating,Agriculture,GWh,2012,1.4
North Karelia,District heating,Agriculture,GWh,2013,1.2
North Karelia,District heating,Agriculture,GWh,2014,1.0
North Karelia,District heating,Agriculture,GWh,2015,0.9
North Karelia,District heating,Agriculture,GWh,2016,1.0
North Karelia,District heating,Agriculture,GWh,2017,0.9
North Karelia,District heating,Agriculture,GWh,2018,0.9
North Karelia,District heating,Agriculture,GWh,2019,1.3
North Karelia,District heating,Agriculture,GWh,2020,1.1
North Karelia,District heating,Agriculture,GWh,2021,1.1
North Karelia,District heating,Agriculture,GWh,2022,0.6
North Karelia,District heating,Agriculture,GWh,2023,0.6
North Karelia,District heating,Agriculture,GWh,2024,0.6
North Karelia,District heating,Services,GWh,1990,273.5
North Karelia,District heating,Services,GWh,2005,308.5
North Karelia,District heating,Services,GWh,2006,314.5
North Karelia,District heating,Services,GWh,2007,316.9
North Karelia,District heating,Services,GWh,2008,322.3
North Karelia,District heating,Services,GWh,2009,355.0
North Karelia,District heating,Services,GWh,2010,389.4
North Karelia,District heating,Services,GWh,2011,339.1
North Karelia,District heating,Services,GWh,2012,368.6
North Karelia,District heating,Services,GWh,2013,339.1
North Karelia,District heating,Services,GWh,2014,341.4
North Karelia,District heating,Services,GWh,2015,326.7
North Karelia,District heating,Services,GWh,2016,352.7
North Karelia,District heating,Services,GWh,2017,363.8
North Karelia,District heating,Services,GWh,2018,371.2
North Karelia,District heating,Services,GWh,2019,377.8
North Karelia,District heating,Services,GWh,2020,353.1
North Karelia,District heating,Services,GWh,2021,401.3
North Karelia,District heating,Services,GWh,2022,376.4
North Karelia,District heating,Services,GWh,2023,385.6
North Karelia,District heating,Services,GWh,2024,384.7
North Karelia,District heating,Industry,GWh,1990,82.9
North Karelia,District heating,Industry,GWh,2005,91.8
North Karelia,District heating,Industry,GWh,2006,84.0
North Karelia,District heating,Industry,GWh,2007,83.6
North Karelia,District heating,Industry,GWh,2008,85.6
North Karelia,District heating,Industry,GWh,2009,94.1
North Karelia,District heating,Industry,GWh,2010,103.9
North Karelia,District heating,Industry,GWh,2011,97.1
North Karelia,District heating,Industry,GWh,2012,106.7
North Karelia,District heating,Industry,GWh,2013,98.1
North Karelia,District heating,Industry,GWh,2014,101.9
North Karelia,District heating,Industry,GWh,2015,98.0
North Karelia,District heating,Industry,GWh,2016,105.8
North Karelia,District heating,Industry,GWh,2017,105.5
North Karelia,District heating,Industry,GWh,2018,106.7
North Karelia,District heating,Industry,GWh,2019,107.4
North Karelia,District heating,Industry,GWh,2020,102.9
North Karelia,District heating,Industry,GWh,2021,117.9
North Karelia,District heating,Industry,GWh,2022,108.9
North Karelia,District heating,Industry,GWh,2023,103.9
North Karelia,District heating,Industry,GWh,2024,103.3
North Karelia,Oil heating,Housing,GWh,1990,306.5
North Karelia,Oil heating,Housing,GWh,2005,244.5
North Karelia,Oil heating,Housing,GWh,2006,247.8
North Karelia,Oil heating,Housing,GWh,2007,237.6
North Karelia,Oil heating,Housing,GWh,2008,169.4
North Karelia,Oil heating,Housing,GWh,2009,171.9
North Karelia,Oil heating,Housing,GWh,2010,181.9
North Karelia,Oil heating,Housing,GWh,2011,143.2
North Karelia,Oil heating,Housing,GWh,2012,148.6
North Karelia,Oil heating,Housing,GWh,2013,125.1
North Karelia,Oil heating,Housing,GWh,2014,124.0
North Karelia,Oil heating,Housing,GWh,2015,110.7
North Karelia,Oil heating,Housing,GWh,2016,107.5
North Karelia,Oil heating,Housing,GWh,2017,97.2
North Karelia,Oil heating,Housing,GWh,2018,82.7
North Karelia,Oil heating,Housing,GWh,2019,73.1
North Karelia,Oil heating,Housing,GWh,2020,64.6
North Karelia,Oil heating,Housing,GWh,2021,59.7
North Karelia,Oil heating,Housing,GWh,2022,41.3
North Karelia,Oil heating,Housing,GWh,2023,21.2
North Karelia,Oil heating,Housing,GWh,2024,18.6
North Karelia,Oil heating,Agriculture,GWh,1990,17.7
North Karelia,Oil heating,Agriculture,GWh,2005,6.2
North Karelia,Oil heating,Agriculture,GWh,2006,5.8
North Karelia,Oil heating,Agriculture,GWh,2007,5.2
North Karelia,Oil heating,Agriculture,GWh,2008,4.7
North Karelia,Oil heating,Agriculture,GWh,2009,5.0
North Karelia,Oil heating,Agriculture,GWh,2010,5.9
North Karelia,Oil heating,Agriculture,GWh,2011,4.6
North Karelia,Oil heating,Agriculture,GWh,2012,5.2
North Karelia,Oil heating,Agriculture,GWh,2013,3.5
North Karelia,Oil heating,Agriculture,GWh,2014,3.6
North Karelia,Oil heating,Agriculture,GWh,2015,3.5
North Karelia,Oil heating,Agriculture,GWh,2016,2.7
North Karelia,Oil heating,Agriculture,GWh,2017,2.5
North Karelia,Oil heating,Agriculture,GWh,2018,2.6
North Karelia,Oil heating,Agriculture,GWh,2019,2.5
North Karelia,Oil heating,Agriculture,GWh,2020,2.2
North Karelia,Oil heating,Agriculture,GWh,2021,2.6
North Karelia,Oil heating,Agriculture,GWh,2022,2.5
North Karelia,Oil heating,Agriculture,GWh,2023,2.6
North Karelia,Oil heating,Agriculture,GWh,2024,1.8
North Karelia,Oil heating,Services,GWh,1990,132.6
North Karelia,Oil heating,Services,GWh,2005,108.8
North Karelia,Oil heating,Services,GWh,2006,110.1
North Karelia,Oil heating,Services,GWh,2007,103.4
North Karelia,Oil heating,Services,GWh,2008,83.1
North Karelia,Oil heating,Services,GWh,2009,88.7
North Karelia,Oil heating,Services,GWh,2010,96.9
North Karelia,Oil heating,Services,GWh,2011,86.1
North Karelia,Oil heating,Services,GWh,2012,94.8
North Karelia,Oil heating,Services,GWh,2013,82.7
North Karelia,Oil heating,Services,GWh,2014,84.0
North Karelia,Oil heating,Services,GWh,2015,76.9
North Karelia,Oil heating,Services,GWh,2016,84.4
North Karelia,Oil heating,Services,GWh,2017,83.9
North Karelia,Oil heating,Services,GWh,2018,77.5
North Karelia,Oil heating,Services,GWh,2019,77.9
North Karelia,Oil heating,Services,GWh,2020,71.2
North Karelia,Oil heating,Services,GWh,2021,84.9
North Karelia,Oil heating,Services,GWh,2022,77.9
North Karelia,Oil heating,Services,GWh,2023,74.7
North Karelia,Oil heating,Services,GWh,2024,73.8
North Karelia,Other heating,Housing,GWh,1990,599.9
North Karelia,Other heating,Housing,GWh,2005,872.2
North Karelia,Other heating,Housing,GWh,2006,848.1
North Karelia,Other heating,Housing,GWh,2007,879.2
North Karelia,Other heating,Housing,GWh,2008,858.8
North Karelia,Other heating,Housing,GWh,2009,910.3
North Karelia,Other heating,Housing,GWh,2010,990.8
North Karelia,Other heating,Housing,GWh,2011,859.6
North Karelia,Other heating,Housing,GWh,2012,930.1
North Karelia,Other heating,Housing,GWh,2013,858.6
North Karelia,Other heating,Housing,GWh,2014,877.2
North Karelia,Other heating,Housing,GWh,2015,823.7
North Karelia,Other heating,Housing,GWh,2016,883.6
North Karelia,Other heating,Housing,GWh,2017,870.6
North Karelia,Other heating,Housing,GWh,2018,853.4
North Karelia,Other heating,Housing,GWh,2019,838.8
North Karelia,Other heating,Housing,GWh,2020,774.5
North Karelia,Other heating,Housing,GWh,2021,870.2
North Karelia,Other heating,Housing,GWh,2022,795.5
North Karelia,Other heating,Housing,GWh,2023,759.0
North Karelia,Other heating,Housing,GWh,2024,732.0
North Karelia,Other heating,Agriculture,GWh,1990,56.5
North Karelia,Other heating,Agriculture,GWh,2005,60.4
North Karelia,Other heating,Agriculture,GWh,2006,60.8
North Karelia,Other heating,Agriculture,GWh,2007,66.0
North Karelia,Other heating,Agriculture,GWh,2008,65.0
North Karelia,Other heating,Agriculture,GWh,2009,65.6
North Karelia,Other heating,Agriculture,GWh,2010,69.4
North Karelia,Other heating,Agriculture,GWh,2011,64.0
North Karelia,Other heating,Agriculture,GWh,2012,73.6
North Karelia,Other heating,Agriculture,GWh,2013,74.7
North Karelia,Other heating,Agriculture,GWh,2014,70.8
North Karelia,Other heating,Agriculture,GWh,2015,71.8
North Karelia,Other heating,Agriculture,GWh,2016,72.6
North Karelia,Other heating,Agriculture,GWh,2017,74.2
North Karelia,Other heating,Agriculture,GWh,2018,64.4
North Karelia,Other heating,Agriculture,GWh,2019,64.3
North Karelia,Other heating,Agriculture,GWh,2020,75.5
North Karelia,Other heating,Agriculture,GWh,2021,67.2
North Karelia,Other heating,Agriculture,GWh,2022,71.3
North Karelia,Other heating,Agriculture,GWh,2023,67.1
North Karelia,Other heating,Agriculture,GWh,2024,35.7
North Karelia,Other heating,Services,GWh,1990,123.1
North Karelia,Other heating,Services,GWh,2005,70.4
North Karelia,Other heating,Services,GWh,2006,75.4
North Karelia,Other heating,Services,GWh,2007,72.2
North Karelia,Other heating,Services,GWh,2008,69.8
North Karelia,Other heating,Services,GWh,2009,76.9
North Karelia,Other heating,Services,GWh,2010,83.8
North Karelia,Other heating,Services,GWh,2011,73.4
North Karelia,Other heating,Services,GWh,2012,83.3
North Karelia,Other heating,Services,GWh,2013,76.0
North Karelia,Other heating,Services,GWh,2014,78.2
North Karelia,Other heating,Services,GWh,2015,69.8
North Karelia,Other heating,Services,GWh,2016,77.1
North Karelia,Other heating,Services,GWh,2017,75.8
North Karelia,Other heating,Services,GWh,2018,78.0
North Karelia,Other heating,Services,GWh,2019,77.1
North Karelia,Other heating,Services,GWh,2020,70.1
North Karelia,Other heating,Services,GWh,2021,83.9
North Karelia,Other heating,Services,GWh,2022,76.6
North Karelia,Other heating,Services,GWh,2023,75.8
North Karelia,Other heating,Services,GWh,2024,74.2
North Karelia,Industry,Industrial fuels,GWh,1990,1573.7
North Karelia,Industry,Industrial fuels,GWh,2005,3081.6
North Karelia,Industry,Industrial fuels,GWh,2006,2639.0
North Karelia,Industry,Industrial fuels,GWh,2007,2238.4
North Karelia,Industry,Industrial fuels,GWh,2008,2333.4
North Karelia,Industry,Industrial fuels,GWh,2009,1175.3
North Karelia,Industry,Industrial fuels,GWh,2010,2344.0
North Karelia,Industry,Industrial fuels,GWh,2011,2313.3
North Karelia,Industry,Industrial fuels,GWh,2012,2118.4
North Karelia,Industry,Industrial fuels,GWh,2013,2445.5
North Karelia,Industry,Industrial fuels,GWh,2014,2336.2
North Karelia,Industry,Industrial fuels,GWh,2015,2424.7
North Karelia,Industry,Industrial fuels,GWh,2016,2209.8
North Karelia,Industry,Industrial fuels,GWh,2017,2591.8
North Karelia,Industry,Industrial fuels,GWh,2018,2310.8
North Karelia,Industry,Industrial fuels,GWh,2019,2134.0
North Karelia,Industry,Industrial fuels,GWh,2020,2315.6
North Karelia,Industry,Industrial fuels,GWh,2021,625.7
North Karelia,Industry,Industrial fuels,GWh,2022,2172.5
North Karelia,Industry,Industrial fuels,GWh,2023,2590.3
North Karelia,Industry,Industrial fuels,GWh,2024,2743.6
North Karelia,Machinery,Mining and industrial machinery,GWh,1990,72.6
North Karelia,Machinery,Mining and industrial machinery,GWh,2005,74.1
North Karelia,Machinery,Mining and industrial machinery,GWh,2006,75.9
North Karelia,Machinery,Mining and industrial machinery,GWh,2007,77.9
North Karelia,Machinery,Mining and industrial machinery,GWh,2008,79.4
North Karelia,Machinery,Mining and industrial machinery,GWh,2009,69.2
North Karelia,Machinery,Mining and industrial machinery,GWh,2010,68.9
North Karelia,Machinery,Mining and industrial machinery,GWh,2011,66.7
North Karelia,Machinery,Mining and industrial machinery,GWh,2012,70.2
North Karelia,Machinery,Mining and industrial machinery,GWh,2013,75.8
North Karelia,Machinery,Mining and industrial machinery,GWh,2014,68.7
North Karelia,Machinery,Mining and industrial machinery,GWh,2015,69.6
North Karelia,Machinery,Mining and industrial machinery,GWh,2016,62.5
North Karelia,Machinery,Mining and industrial machinery,GWh,2017,62.0
North Karelia,Machinery,Mining and industrial machinery,GWh,2018,63.5
North Karelia,Machinery,Mining and industrial machinery,GWh,2019,63.1
North Karelia,Machinery,Mining and industrial machinery,GWh,2020,64.7
North Karelia,Machinery,Mining and industrial machinery,GWh,2021,60.0
North Karelia,Machinery,Mining and industrial machinery,GWh,2022,59.0
North Karelia,Machinery,Mining and industrial machinery,GWh,2023,59.5
North Karelia,Machinery,Mining and industrial machinery,GWh,2024,60.9
North Karelia,Machinery,Agricultural and forestry machinery,GWh,1990,239.0
North Karelia,Machinery,Agricultural and forestry machinery,GWh,2005,255.4
North Karelia,Machinery,Agricultural and forestry machinery,GWh,2006,253.2
North Karelia,Machinery,Agricultural and forestry machinery,GWh,2007,232.7
North Karelia,Machinery,Agricultural and forestry machinery,GWh,2008,238.5
North Karelia,Machinery,Agricultural and forestry machinery,GWh,2009,215.5
North Karelia,Machinery,Agricultural and forestry machinery,GWh,2010,244.9
North Karelia,Machinery,Agricultural and forestry machinery,GWh,2011,226.3
North Karelia,Machinery,Agricultural and forestry machinery,GWh,2012,245.0
North Karelia,Machinery,Agricultural and forestry machinery,GWh,2013,247.8
North Karelia,Machinery,Agricultural and forestry machinery,GWh,2014,255.3
North Karelia,Machinery,Agricultural and forestry machinery,GWh,2015,245.7
North Karelia,Machinery,Agricultural and forestry machinery,GWh,2016,250.1
North Karelia,Machinery,Agricultural and forestry machinery,GWh,2017,251.6
North Karelia,Machinery,Agricultural and forestry machinery,GWh,2018,280.0
North Karelia,Machinery,Agricultural and forestry machinery,GWh,2019,247.9
North Karelia,Machinery,Agricultural and forestry machinery,GWh,2020,251.0
North Karelia,Machinery,Agricultural and forestry machinery,GWh,2021,223.6
North Karelia,Machinery,Agricultural and forestry machinery,GWh,2022,250.1
North Karelia,Machinery,Agricultural and forestry machinery,GWh,2023,243.0
North Karelia,Machinery,Agricultural and forestry machinery,GWh,2024,235.8
North Karelia,Machinery,Other machinery,GWh,1990,21.4
North Karelia,Machinery,Other machinery,GWh,2005,24.4
North Karelia,Machinery,Other machinery,GWh,2006,24.8
North Karelia,Machinery,Other machinery,GWh,2007,25.0
North Karelia,Machinery,Other machinery,GWh,2008,23.9
North Karelia,Machinery,Other machinery,GWh,2009,22.6
North Karelia,Machinery,Other machinery,GWh,2010,22.2
North Karelia,Machinery,Other machinery,GWh,2011,23.4
North Karelia,Machinery,Other machinery,GWh,2012,24.4
North Karelia,Machinery,Other machinery,GWh,2013,25.0
North Karelia,Machinery,Other machinery,GWh,2014,24.5
North Karelia,Machinery,Other machinery,GWh,2015,25.2
North Karelia,Machinery,Other machinery,GWh,2016,25.2
North Karelia,Machinery,Other machinery,GWh,2017,24.9
North Karelia,Machinery,Other machinery,GWh,2018,23.3
North Karelia,Machinery,Other machinery,GWh,2019,23.8
North Karelia,Machinery,Other machinery,GWh,2020,23.8
North Karelia,Machinery,Other machinery,GWh,2021,22.4
North Karelia,Machinery,Other machinery,GWh,2022,22.7
North Karelia,Machinery,Other machinery,GWh,2023,22.0
North Karelia,Machinery,Other machinery,GWh,2024,20.9
North Karelia,Machinery,Construction machinery,GWh,1990,52.4
North Karelia,Machinery,Construction machinery,GWh,2005,40.0
North Karelia,Machinery,Construction machinery,GWh,2006,46.0
North Karelia,Machinery,Construction machinery,GWh,2007,48.9
North Karelia,Machinery,Construction machinery,GWh,2008,46.9
North Karelia,Machinery,Construction machinery,GWh,2009,37.1
North Karelia,Machinery,Construction machinery,GWh,2010,48.7
North Karelia,Machinery,Construction machinery,GWh,2011,47.1
North Karelia,Machinery,Construction machinery,GWh,2012,44.6
North Karelia,Machinery,Construction machinery,GWh,2013,59.7
North Karelia,Machinery,Construction machinery,GWh,2014,52.3
North Karelia,Machinery,Construction machinery,GWh,2015,59.3
North Karelia,Machinery,Construction machinery,GWh,2016,40.5
North Karelia,Machinery,Construction machinery,GWh,2017,52.0
North Karelia,Machinery,Construction machinery,GWh,2018,53.6
North Karelia,Machinery,Construction machinery,GWh,2019,49.4
North Karelia,Machinery,Construction machinery,GWh,2020,41.6
North Karelia,Machinery,Construction machinery,GWh,2021,39.5
North Karelia,Machinery,Construction machinery,GWh,2022,44.3
North Karelia,Machinery,Construction machinery,GWh,2023,39.3
North Karelia,Machinery,Construction machinery,GWh,2024,37.0
North Karelia,Machinery,Road construction machinery,GWh,1990,62.3
North Karelia,Machinery,Road construction machinery,GWh,2005,67.2
North Karelia,Machinery,Road construction machinery,GWh,2006,67.9
North Karelia,Machinery,Road construction machinery,GWh,2007,70.0
North Karelia,Machinery,Road construction machinery,GWh,2008,74.3
North Karelia,Machinery,Road construction machinery,GWh,2009,73.6
North Karelia,Machinery,Road construction machinery,GWh,2010,72.4
North Karelia,Machinery,Road construction machinery,GWh,2011,66.6
North Karelia,Machinery,Road construction machinery,GWh,2012,72.6
North Karelia,Machinery,Road construction machinery,GWh,2013,71.6
North Karelia,Machinery,Road construction machinery,GWh,2014,69.9
North Karelia,Machinery,Road construction machinery,GWh,2015,70.2
North Karelia,Machinery,Road construction machinery,GWh,2016,66.7
North Karelia,Machinery,Road construction machinery,GWh,2017,76.6
North Karelia,Machinery,Road construction machinery,GWh,2018,78.9
North Karelia,Machinery,Road construction machinery,GWh,2019,82.0
North Karelia,Machinery,Road construction machinery,GWh,2020,84.3
North Karelia,Machinery,Road construction machinery,GWh,2021,81.6
North Karelia,Machinery,Road construction machinery,GWh,2022,85.2
North Karelia,Machinery,Road construction machinery,GWh,2023,84.9
North Karelia,Machinery,Road construction machinery,GWh,2024,84.0
North Karelia,Road transport,Passenger cars,GWh,1990,900.7
North Karelia,Road transport,Passenger cars,GWh,2005,875.4
North Karelia,Road transport,Passenger cars,GWh,2006,874.2
North Karelia,Road transport,Passenger cars,GWh,2007,880.1
North Karelia,Road transport,Passenger cars,GWh,2008,849.9
North Karelia,Road transport,Passenger cars,GWh,2009,861.9
North Karelia,Road transport,Passenger cars,GWh,2010,859.4
North Karelia,Road transport,Passenger cars,GWh,2011,838.1
North Karelia,Road transport,Passenger cars,GWh,2012,831.9
North Karelia,Road transport,Passenger cars,GWh,2013,840.5
North Karelia,Road transport,Passenger cars,GWh,2014,833.9
North Karelia,Road transport,Passenger cars,GWh,2015,835.8
North Karelia,Road transport,Passenger cars,GWh,2016,839.9
North Karelia,Road transport,Passenger cars,GWh,2017,830.5
North Karelia,Road transport,Passenger cars,GWh,2018,820.9
North Karelia,Road transport,Passenger cars,GWh,2019,802.3
North Karelia,Road transport,Passenger cars,GWh,2020,747.2
North Karelia,Road transport,Passenger cars,GWh,2021,760.8
North Karelia,Road transport,Passenger cars,GWh,2022,711.6
North Karelia,Road transport,Passenger cars,GWh,2023,702.4
North Karelia,Road transport,Passenger cars,GWh,2024,697.3
North Karelia,Road transport,Trucks,GWh,1990,266.9
North Karelia,Road transport,Trucks,GWh,2005,343.9
North Karelia,Road transport,Trucks,GWh,2006,348.1
North Karelia,Road transport,Trucks,GWh,2007,367.4
North Karelia,Road transport,Trucks,GWh,2008,344.3
North Karelia,Road transport,Trucks,GWh,2009,305.6
North Karelia,Road transport,Trucks,GWh,2010,352.1
North Karelia,Road transport,Trucks,GWh,2011,364.9
North Karelia,Road transport,Trucks,GWh,2012,355.9
North Karelia,Road transport,Trucks,GWh,2013,357.5
North Karelia,Road transport,Trucks,GWh,2014,338.9
North Karelia,Road transport,Trucks,GWh,2015,343.9
North Karelia,Road transport,Trucks,GWh,2016,366.7
North Karelia,Road transport,Trucks,GWh,2017,320.4
North Karelia,Road transport,Trucks,GWh,2018,329.9
North Karelia,Road transport,Trucks,GWh,2019,306.6
North Karelia,Road transport,Trucks,GWh,2020,300.0
North Karelia,Road transport,Trucks,GWh,2021,311.5
North Karelia,Road transport,Trucks,GWh,2022,300.7
North Karelia,Road transport,Trucks,GWh,2023,277.4
North Karelia,Road transport,Trucks,GWh,2024,271.1
North Karelia,Road transport,Buses,GWh,1990,39.2
North Karelia,Road transport,Buses,GWh,2005,39.2
North Karelia,Road transport,Buses,GWh,2006,39.6
North Karelia,Road transport,Buses,GWh,2007,39.0
North Karelia,Road transport,Buses,GWh,2008,40.7
North Karelia,Road transport,Buses,GWh,2009,42.0
North Karelia,Road transport,Buses,GWh,2010,42.0
North Karelia,Road transport,Buses,GWh,2011,41.9
North Karelia,Road transport,Buses,GWh,2012,41.5
North Karelia,Road transport,Buses,GWh,2013,41.0
North Karelia,Road transport,Buses,GWh,2014,43.3
North Karelia,Road transport,Buses,GWh,2015,41.8
North Karelia,Road transport,Buses,GWh,2016,41.2
North Karelia,Road transport,Buses,GWh,2017,40.1
North Karelia,Road transport,Buses,GWh,2018,38.2
North Karelia,Road transport,Buses,GWh,2019,37.4
North Karelia,Road transport,Buses,GWh,2020,31.5
North Karelia,Road transport,Buses,GWh,2021,28.9
North Karelia,Road transport,Buses,GWh,2022,30.3
North Karelia,Road transport,Buses,GWh,2023,31.4
North Karelia,Road transport,Buses,GWh,2024,31.1
North Karelia,Road transport,Vancouver vans,GWh,1990,104.7
North Karelia,Road transport,Vancouver vans,GWh,2005,110.2
North Karelia,Road transport,Vancouver vans,GWh,2006,111.3
North Karelia,Road transport,Vancouver vans,GWh,2007,112.3
North Karelia,Road transport,Vancouver vans,GWh,2008,113.2
North Karelia,Road transport,Vancouver vans,GWh,2009,116.2
North Karelia,Road transport,Vancouver vans,GWh,2010,117.4
North Karelia,Road transport,Vancouver vans,GWh,2011,116.3
North Karelia,Road transport,Vancouver vans,GWh,2012,114.7
North Karelia,Road transport,Vancouver vans,GWh,2013,114.5
North Karelia,Road transport,Vancouver vans,GWh,2014,116.1
North Karelia,Road transport,Vancouver vans,GWh,2015,117.3
North Karelia,Road transport,Vancouver vans,GWh,2016,115.1
North Karelia,Road transport,Vancouver vans,GWh,2017,135.0
North Karelia,Road transport,Vancouver vans,GWh,2018,137.5
North Karelia,Road transport,Vancouver vans,GWh,2019,133.8
North Karelia,Road transport,Vancouver vans,GWh,2020,131.6
North Karelia,Road transport,Vancouver vans,GWh,2021,139.0
North Karelia,Road transport,Vancouver vans,GWh,2022,127.7
North Karelia,Road transport,Vancouver vans,GWh,2023,124.9
North Karelia,Road transport,Vancouver vans,GWh,2024,126.4
North Karelia,Road transport,Drive-through traffic,GWh,1990,97.9
North Karelia,Road transport,Drive-through traffic,GWh,2005,138.0
North Karelia,Road transport,Drive-through traffic,GWh,2006,144.0
North Karelia,Road transport,Drive-through traffic,GWh,2007,156.2
North Karelia,Road transport,Drive-through traffic,GWh,2008,157.6
North Karelia,Road transport,Drive-through traffic,GWh,2009,139.8
North Karelia,Road transport,Drive-through traffic,GWh,2010,149.9
North Karelia,Road transport,Drive-through traffic,GWh,2011,156.5
North Karelia,Road transport,Drive-through traffic,GWh,2012,142.7
North Karelia,Road transport,Drive-through traffic,GWh,2013,140.3
North Karelia,Road transport,Drive-through traffic,GWh,2014,130.5
North Karelia,Road transport,Drive-through traffic,GWh,2015,134.2
North Karelia,Road transport,Drive-through traffic,GWh,2016,151.9
North Karelia,Road transport,Drive-through traffic,GWh,2017,165.9
North Karelia,Road transport,Drive-through traffic,GWh,2018,171.7
North Karelia,Road transport,Drive-through traffic,GWh,2019,177.0
North Karelia,Road transport,Drive-through traffic,GWh,2020,179.4
North Karelia,Road transport,Drive-through traffic,GWh,2021,195.6
North Karelia,Road transport,Drive-through traffic,GWh,2022,165.4
North Karelia,Road transport,Drive-through traffic,GWh,2023,145.8
North Karelia,Road transport,Drive-through traffic,GWh,2024,151.2
North Karelia,Road transport,Motorcycles and mopeds,GWh,1990,4.8
North Karelia,Road transport,Motorcycles and mopeds,GWh,2005,10.6
North Karelia,Road transport,Motorcycles and mopeds,GWh,2006,11.5
North Karelia,Road transport,Motorcycles and mopeds,GWh,2007,12.8
North Karelia,Road transport,Motorcycles and mopeds,GWh,2008,13.5
North Karelia,Road transport,Motorcycles and mopeds,GWh,2009,13.8
North Karelia,Road transport,Motorcycles and mopeds,GWh,2010,14.5
North Karelia,Road transport,Motorcycles and mopeds,GWh,2011,15.7
North Karelia,Road transport,Motorcycles and mopeds,GWh,2012,16.0
North Karelia,Road transport,Motorcycles and mopeds,GWh,2013,16.6
North Karelia,Road transport,Motorcycles and mopeds,GWh,2014,16.4
North Karelia,Road transport,Motorcycles and mopeds,GWh,2015,16.3
North Karelia,Road transport,Motorcycles and mopeds,GWh,2016,16.1
North Karelia,Road transport,Motorcycles and mopeds,GWh,2017,12.8
North Karelia,Road transport,Motorcycles and mopeds,GWh,2018,12.6
North Karelia,Road transport,Motorcycles and mopeds,GWh,2019,11.9
North Karelia,Road transport,Motorcycles and mopeds,GWh,2020,11.4
North Karelia,Road transport,Motorcycles and mopeds,GWh,2021,12.0
North Karelia,Road transport,Motorcycles and mopeds,GWh,2022,11.6
North Karelia,Road transport,Motorcycles and mopeds,GWh,2023,11.8
North Karelia,Road transport,Motorcycles and mopeds,GWh,2024,12.2
North Karelia,Rail transport,Diesel,GWh,1990,93.6
North Karelia,Rail transport,Diesel,GWh,2005,62.2
North Karelia,Rail transport,Diesel,GWh,2006,60.0
North Karelia,Rail transport,Diesel,GWh,2007,47.7
North Karelia,Rail transport,Diesel,GWh,2008,47.7
North Karelia,Rail transport,Diesel,GWh,2009,35.9
North Karelia,Rail transport,Diesel,GWh,2010,35.3
North Karelia,Rail transport,Diesel,GWh,2011,33.9
North Karelia,Rail transport,Diesel,GWh,2012,33.3
North Karelia,Rail transport,Diesel,GWh,2013,30.9
North Karelia,Rail transport,Diesel,GWh,2014,27.6
North Karelia,Rail transport,Diesel,GWh,2015,23.3
North Karelia,Rail transport,Diesel,GWh,2016,18.8
North Karelia,Rail transport,Diesel,GWh,2017,17.7
North Karelia,Rail transport,Diesel,GWh,2018,18.8
North Karelia,Rail transport,Diesel,GWh,2019,21.9
North Karelia,Rail transport,Diesel,GWh,2020,18.3
North Karelia,Rail transport,Diesel,GWh,2021,22.7
North Karelia,Rail transport,Diesel,GWh,2022,23.1
North Karelia,Rail transport,Diesel,GWh,2023,21.1
North Karelia,Rail transport,Diesel,GWh,2024,18.6
North Karelia,Rail transport,Electricity,GWh,1990,6.2
North Karelia,Rail transport,Electricity,GWh,2005,9.3
North Karelia,Rail transport,Electricity,GWh,2006,9.6
North Karelia,Rail transport,Electricity,GWh,2007,10.1
North Karelia,Rail transport,Electricity,GWh,2008,9.9
North Karelia,Rail transport,Electricity,GWh,2009,9.1
North Karelia,Rail transport,Electricity,GWh,2010,9.4
North Karelia,Rail transport,Electricity,GWh,2011,9.5
North Karelia,Rail transport,Electricity,GWh,2012,9.5
North Karelia,Rail transport,Electricity,GWh,2013,9.7
North Karelia,Rail transport,Electricity,GWh,2014,9.8
North Karelia,Rail transport,Electricity,GWh,2015,9.3
North Karelia,Rail transport,Electricity,GWh,2016,9.3
North Karelia,Rail transport,Electricity,GWh,2017,9.9
North Karelia,Rail transport,Electricity,GWh,2018,10.4
North Karelia,Rail transport,Electricity,GWh,2019,10.5
North Karelia,Rail transport,Electricity,GWh,2020,8.8
North Karelia,Rail transport,Electricity,GWh,2021,7.9
North Karelia,Rail transport,Electricity,GWh,2022,8.1
North Karelia,Rail transport,Electricity,GWh,2023,7.3
North Karelia,Rail transport,Electricity,GWh,2024,7.8
North Karelia,Rail transport,Community trains,GWh,1990,0.0
North Karelia,Rail transport,Community trains,GWh,2005,0.0
North Karelia,Rail transport,Community trains,GWh,2006,0.0
North Karelia,Rail transport,Community trains,GWh,2007,0.0
North Karelia,Rail transport,Community trains,GWh,2008,0.0
North Karelia,Rail transport,Community trains,GWh,2009,0.0
North Karelia,Rail transport,Community trains,GWh,2010,0.0
North Karelia,Rail transport,Community trains,GWh,2011,0.0
North Karelia,Rail transport,Community trains,GWh,2012,0.0
North Karelia,Rail transport,Community trains,GWh,2013,0.0
North Karelia,Rail transport,Community trains,GWh,2014,0.0
North Karelia,Rail transport,Community trains,GWh,2015,0.0
North Karelia,Rail transport,Community trains,GWh,2016,0.0
North Karelia,Rail transport,Community trains,GWh,2017,0.0
North Karelia,Rail transport,Community trains,GWh,2018,0.0
North Karelia,Rail transport,Community trains,GWh,2019,0.0
North Karelia,Rail transport,Community trains,GWh,2020,0.0
North Karelia,Rail transport,Community trains,GWh,2021,0.0
North Karelia,Rail transport,Community trains,GWh,2022,0.0
North Karelia,Rail transport,Community trains,GWh,2023,0.0
North Karelia,Rail transport,Community trains,GWh,2024,0.0
North Karelia,Rail transport,Metros and trams,GWh,1990,0.0
North Karelia,Rail transport,Metros and trams,GWh,2005,0.0
North Karelia,Rail transport,Metros and trams,GWh,2006,0.0
North Karelia,Rail transport,Metros and trams,GWh,2007,0.0
North Karelia,Rail transport,Metros and trams,GWh,2008,0.0
North Karelia,Rail transport,Metros and trams,GWh,2009,0.0
North Karelia,Rail transport,Metros and trams,GWh,2010,0.0
North Karelia,Rail transport,Metros and trams,GWh,2011,0.0
North Karelia,Rail transport,Metros and trams,GWh,2012,0.0
North Karelia,Rail transport,Metros and trams,GWh,2013,0.0
North Karelia,Rail transport,Metros and trams,GWh,2014,0.0
North Karelia,Rail transport,Metros and trams,GWh,2015,0.0
North Karelia,Rail transport,Metros and trams,GWh,2016,0.0
North Karelia,Rail transport,Metros and trams,GWh,2017,0.0
North Karelia,Rail transport,Metros and trams,GWh,2018,0.0
North Karelia,Rail transport,Metros and trams,GWh,2019,0.0
North Karelia,Rail transport,Metros and trams,GWh,2020,0.0
North Karelia,Rail transport,Metros and trams,GWh,2021,0.0
North Karelia,Rail transport,Metros and trams,GWh,2022,0.0
North Karelia,Rail transport,Metros and trams,GWh,2023,0.0
North Karelia,Rail transport,Metros and trams,GWh,2024,0.0
North Karelia,Water transport,Pleasure boats,GWh,1990,22.2
North Karelia,Water transport,Pleasure boats,GWh,2005,23.7
North Karelia,Water transport,Pleasure boats,GWh,2006,24.4
North Karelia,Water transport,Pleasure boats,GWh,2007,24.5
North Karelia,Water transport,Pleasure boats,GWh,2008,20.1
North Karelia,Water transport,Pleasure boats,GWh,2009,20.7
North Karelia,Water transport,Pleasure boats,GWh,2010,22.1
North Karelia,Water transport,Pleasure boats,GWh,2011,17.6
North Karelia,Water transport,Pleasure boats,GWh,2012,18.5
North Karelia,Water transport,Pleasure boats,GWh,2013,19.8
North Karelia,Water transport,Pleasure boats,GWh,2014,18.2
North Karelia,Water transport,Pleasure boats,GWh,2015,18.9
North Karelia,Water transport,Pleasure boats,GWh,2016,18.1
North Karelia,Water transport,Pleasure boats,GWh,2017,18.0
North Karelia,Water transport,Pleasure boats,GWh,2018,18.0
North Karelia,Water transport,Pleasure boats,GWh,2019,17.9
North Karelia,Water transport,Pleasure boats,GWh,2020,20.5
North Karelia,Water transport,Pleasure boats,GWh,2021,22.5
North Karelia,Water transport,Pleasure boats,GWh,2022,17.6
North Karelia,Water transport,Pleasure boats,GWh,2023,17.8
North Karelia,Water transport,Pleasure boats,GWh,2024,18.5
North Karelia,Water transport,Passenger traffic,GWh,1990,0.5
North Karelia,Water transport,Passenger traffic,GWh,2005,0.7
North Karelia,Water transport,Passenger traffic,GWh,2006,0.7
North Karelia,Water transport,Passenger traffic,GWh,2007,1.2
North Karelia,Water transport,Passenger traffic,GWh,2008,0.6
North Karelia,Water transport,Passenger traffic,GWh,2009,0.8
North Karelia,Water transport,Passenger traffic,GWh,2010,0.7
North Karelia,Water transport,Passenger traffic,GWh,2011,0.9
North Karelia,Water transport,Passenger traffic,GWh,2012,0.8
North Karelia,Water transport,Passenger traffic,GWh,2013,0.9
North Karelia,Water transport,Passenger traffic,GWh,2014,0.7
North Karelia,Water transport,Passenger traffic,GWh,2015,0.5
North Karelia,Water transport,Passenger traffic,GWh,2016,0.5
North Karelia,Water transport,Passenger traffic,GWh,2017,0.3
North Karelia,Water transport,Passenger traffic,GWh,2018,0.3
North Karelia,Water transport,Passenger traffic,GWh,2019,0.3
North Karelia,Water transport,Passenger traffic,GWh,2020,0.3
North Karelia,Water transport,Passenger traffic,GWh,2021,0.2
North Karelia,Water transport,Passenger traffic,GWh,2022,0.2
North Karelia,Water transport,Passenger traffic,GWh,2023,0.2
North Karelia,Water transport,Passenger traffic,GWh,2024,0.2
North Karelia,Water transport,Goods traffic,GWh,1990,0.4
North Karelia,Water transport,Goods traffic,GWh,2005,0.4
North Karelia,Water transport,Goods traffic,GWh,2006,0.1
North Karelia,Water transport,Goods traffic,GWh,2007,0.6
North Karelia,Water transport,Goods traffic,GWh,2008,0.6
North Karelia,Water transport,Goods traffic,GWh,2009,0.4
North Karelia,Water transport,Goods traffic,GWh,2010,0.4
North Karelia,Water transport,Goods traffic,GWh,2011,0.6
North Karelia,Water transport,Goods traffic,GWh,2012,2.1
North Karelia,Water transport,Goods traffic,GWh,2013,1.8
North Karelia,Water transport,Goods traffic,GWh,2014,1.4
North Karelia,Water transport,Goods traffic,GWh,2015,1.9
North Karelia,Water transport,Goods traffic,GWh,2016,1.8
North Karelia,Water transport,Goods traffic,GWh,2017,1.3
North Karelia,Water transport,Goods traffic,GWh,2018,1.3
North Karelia,Water transport,Goods traffic,GWh,2019,1.7
North Karelia,Water transport,Goods traffic,GWh,2020,1.0
North Karelia,Water transport,Goods traffic,GWh,2021,0.5
North Karelia,Water transport,Goods traffic,GWh,2022,0.6
North Karelia,Water transport,Goods traffic,GWh,2023,0.7
North Karelia,Water transport,Goods traffic,GWh,2024,0.6
North Karelia,Water transport,Fishing vessels,GWh,1990,0.0
North Karelia,Water transport,Fishing vessels,GWh,2005,0.0
North Karelia,Water transport,Fishing vessels,GWh,2006,0.0
North Karelia,Water transport,Fishing vessels,GWh,2007,0.0
North Karelia,Water transport,Fishing vessels,GWh,2008,0.0
North Karelia,Water transport,Fishing vessels,GWh,2009,0.0
North Karelia,Water transport,Fishing vessels,GWh,2010,0.0
North Karelia,Water transport,Fishing vessels,GWh,2011,0.0
North Karelia,Water transport,Fishing vessels,GWh,2012,0.0
North Karelia,Water transport,Fishing vessels,GWh,2013,0.0
North Karelia,Water transport,Fishing vessels,GWh,2014,0.0
North Karelia,Water transport,Fishing vessels,GWh,2015,0.0
North Karelia,Water transport,Fishing vessels,GWh,2016,0.0
North Karelia,Water transport,Fishing vessels,GWh,2017,0.0
North Karelia,Water transport,Fishing vessels,GWh,2018,0.0
North Karelia,Water transport,Fishing vessels,GWh,2019,0.0
North Karelia,Water transport,Fishing vessels,GWh,2020,0.0
North Karelia,Water transport,Fishing vessels,GWh,2021,0.0
North Karelia,Water transport,Fishing vessels,GWh,2022,0.0
North Karelia,Water transport,Fishing vessels,GWh,2023,0.0
North Karelia,Water transport,Fishing vessels,GWh,2024,0.0
North Karelia,Water transport,,GWh,1990,0.8
North Karelia,Water transport,,GWh,2005,0.7
North Karelia,Water transport,,GWh,2006,0.7
North Karelia,Water transport,,GWh,2007,0.6
North Karelia,Water transport,,GWh,2008,0.6
North Karelia,Water transport,,GWh,2009,0.6
North Karelia,Water transport,,GWh,2010,0.6
North Karelia,Water transport,,GWh,2011,1.0
North Karelia,Water transport,,GWh,2012,0.9
North Karelia,Water transport,,GWh,2013,0.9
North Karelia,Water transport,,GWh,2014,0.8
North Karelia,Water transport,,GWh,2015,0.9
North Karelia,Water transport,,GWh,2016,0.8
North Karelia,Water transport,,GWh,2017,0.7
North Karelia,Water transport,,GWh,2018,0.8
North Karelia,Water transport,,GWh,2019,0.7
North Karelia,Water transport,,GWh,2020,1.1
North Karelia,Water transport,,GWh,2021,1.5
North Karelia,Water transport,,GWh,2022,1.4
North Karelia,Water transport,,GWh,2023,1.4
North Karelia,Water transport,,GWh,2024,1.5
North Karelia,Water transport,Workboats and ships,GWh,1990,13.3
North Karelia,Water transport,Workboats and ships,GWh,2005,10.4
North Karelia,Water transport,Workboats and ships,GWh,2006,10.4
North Karelia,Water transport,Workboats and ships,GWh,2007,10.3
North Karelia,Water transport,Workboats and ships,GWh,2008,10.2
North Karelia,Water transport,Workboats and ships,GWh,2009,10.1
North Karelia,Water transport,Workboats and ships,GWh,2010,10.1
North Karelia,Water transport,Workboats and ships,GWh,2011,10.0
North Karelia,Water transport,Workboats and ships,GWh,2012,9.9
North Karelia,Water transport,Workboats and ships,GWh,2013,9.9
North Karelia,Water transport,Workboats and ships,GWh,2014,9.8
North Karelia,Water transport,Workboats and ships,GWh,2015,9.8
North Karelia,Water transport,Workboats and ships,GWh,2016,9.6
North Karelia,Water transport,Workboats and ships,GWh,2017,9.5
North Karelia,Water transport,Workboats and ships,GWh,2018,9.4
North Karelia,Water transport,Workboats and ships,GWh,2019,9.4
North Karelia,Water transport,Workboats and ships,GWh,2020,9.3
North Karelia,Water transport,Workboats and ships,GWh,2021,9.2
North Karelia,Water transport,Workboats and ships,GWh,2022,9.1
North Karelia,Water transport,Workboats and ships,GWh,2023,9.0
North Karelia,Water transport,Workboats and ships,GWh,2024,4.5
North Ostrobothnia,Electricity,Housing,GWh,1990,523.5
North Ostrobothnia,Electricity,Housing,GWh,2005,779.1
North Ostrobothnia,Electricity,Housing,GWh,2006,801.6
North Ostrobothnia,Electricity,Housing,GWh,2007,814.8
North Ostrobothnia,Electricity,Housing,GWh,2008,786.5
North Ostrobothnia,Electricity,Housing,GWh,2009,803.0
North Ostrobothnia,Electricity,Housing,GWh,2010,876.1
North Ostrobothnia,Electricity,Housing,GWh,2011,786.3
North Ostrobothnia,Electricity,Housing,GWh,2012,826.8
North Ostrobothnia,Electricity,Housing,GWh,2013,827.9
North Ostrobothnia,Electricity,Housing,GWh,2014,811.7
North Ostrobothnia,Electricity,Housing,GWh,2015,813.5
North Ostrobothnia,Electricity,Housing,GWh,2016,853.2
North Ostrobothnia,Electricity,Housing,GWh,2017,856.0
North Ostrobothnia,Electricity,Housing,GWh,2018,875.1
North Ostrobothnia,Electricity,Housing,GWh,2019,866.2
North Ostrobothnia,Electricity,Housing,GWh,2020,863.6
North Ostrobothnia,Electricity,Housing,GWh,2021,960.2
North Ostrobothnia,Electricity,Housing,GWh,2022,905.8
North Ostrobothnia,Electricity,Housing,GWh,2023,882.4
North Ostrobothnia,Electricity,Housing,GWh,2024,894.2
North Ostrobothnia,Electricity,Agriculture,GWh,1990,58.8
North Ostrobothnia,Electricity,Agriculture,GWh,2005,86.6
North Ostrobothnia,Electricity,Agriculture,GWh,2006,91.9
North Ostrobothnia,Electricity,Agriculture,GWh,2007,95.2
North Ostrobothnia,Electricity,Agriculture,GWh,2008,99.0
North Ostrobothnia,Electricity,Agriculture,GWh,2009,100.1
North Ostrobothnia,Electricity,Agriculture,GWh,2010,101.0
North Ostrobothnia,Electricity,Agriculture,GWh,2011,104.8
North Ostrobothnia,Electricity,Agriculture,GWh,2012,105.6
North Ostrobothnia,Electricity,Agriculture,GWh,2013,77.4
North Ostrobothnia,Electricity,Agriculture,GWh,2014,72.3
North Ostrobothnia,Electricity,Agriculture,GWh,2015,68.1
North Ostrobothnia,Electricity,Agriculture,GWh,2016,86.1
North Ostrobothnia,Electricity,Agriculture,GWh,2017,85.1
North Ostrobothnia,Electricity,Agriculture,GWh,2018,88.0
North Ostrobothnia,Electricity,Agriculture,GWh,2019,91.3
North Ostrobothnia,Electricity,Agriculture,GWh,2020,61.7
North Ostrobothnia,Electricity,Agriculture,GWh,2021,62.4
North Ostrobothnia,Electricity,Agriculture,GWh,2022,59.7
North Ostrobothnia,Electricity,Agriculture,GWh,2023,54.5
North Ostrobothnia,Electricity,Agriculture,GWh,2024,46.4
North Ostrobothnia,Electricity,Services,GWh,1990,572.0
North Ostrobothnia,Electricity,Services,GWh,2005,1035.9
North Ostrobothnia,Electricity,Services,GWh,2006,1086.0
North Ostrobothnia,Electricity,Services,GWh,2007,1100.4
North Ostrobothnia,Electricity,Services,GWh,2008,1086.7
North Ostrobothnia,Electricity,Services,GWh,2009,1163.9
North Ostrobothnia,Electricity,Services,GWh,2010,1215.5
North Ostrobothnia,Electricity,Services,GWh,2011,1128.9
North Ostrobothnia,Electricity,Services,GWh,2012,1171.3
North Ostrobothnia,Electricity,Services,GWh,2013,1104.6
North Ostrobothnia,Electricity,Services,GWh,2014,1111.8
North Ostrobothnia,Electricity,Services,GWh,2015,1069.1
North Ostrobothnia,Electricity,Services,GWh,2016,1128.6
North Ostrobothnia,Electricity,Services,GWh,2017,1128.1
North Ostrobothnia,Electricity,Services,GWh,2018,1134.0
North Ostrobothnia,Electricity,Services,GWh,2019,1121.6
North Ostrobothnia,Electricity,Services,GWh,2020,1058.4
North Ostrobothnia,Electricity,Services,GWh,2021,1152.3
North Ostrobothnia,Electricity,Services,GWh,2022,1153.7
North Ostrobothnia,Electricity,Services,GWh,2023,1100.1
North Ostrobothnia,Electricity,Services,GWh,2024,1236.3
North Ostrobothnia,Electricity,Industry,GWh,1990,1883.5
North Ostrobothnia,Electricity,Industry,GWh,2005,2887.5
North Ostrobothnia,Electricity,Industry,GWh,2006,3161.8
North Ostrobothnia,Electricity,Industry,GWh,2007,3135.8
North Ostrobothnia,Electricity,Industry,GWh,2008,3022.1
North Ostrobothnia,Electricity,Industry,GWh,2009,2739.5
North Ostrobothnia,Electricity,Industry,GWh,2010,3050.7
North Ostrobothnia,Electricity,Industry,GWh,2011,3047.6
North Ostrobothnia,Electricity,Industry,GWh,2012,3024.7
North Ostrobothnia,Electricity,Industry,GWh,2013,2960.5
North Ostrobothnia,Electricity,Industry,GWh,2014,2918.6
North Ostrobothnia,Electricity,Industry,GWh,2015,2872.3
North Ostrobothnia,Electricity,Industry,GWh,2016,2947.1
North Ostrobothnia,Electricity,Industry,GWh,2017,2951.1
North Ostrobothnia,Electricity,Industry,GWh,2018,2919.6
North Ostrobothnia,Electricity,Industry,GWh,2019,2784.8
North Ostrobothnia,Electricity,Industry,GWh,2020,2462.2
North Ostrobothnia,Electricity,Industry,GWh,2021,2657.7
North Ostrobothnia,Electricity,Industry,GWh,2022,2551.1
North Ostrobothnia,Electricity,Industry,GWh,2023,2418.7
North Ostrobothnia,Electricity,Industry,GWh,2024,2366.3
North Ostrobothnia,Electric heating,Housing,GWh,1990,556.3
North Ostrobothnia,Electric heating,Housing,GWh,2005,845.6
North Ostrobothnia,Electric heating,Housing,GWh,2006,874.6
North Ostrobothnia,Electric heating,Housing,GWh,2007,868.9
North Ostrobothnia,Electric heating,Housing,GWh,2008,842.9
North Ostrobothnia,Electric heating,Housing,GWh,2009,837.7
North Ostrobothnia,Electric heating,Housing,GWh,2010,895.6
North Ostrobothnia,Electric heating,Housing,GWh,2011,802.4
North Ostrobothnia,Electric heating,Housing,GWh,2012,858.5
North Ostrobothnia,Electric heating,Housing,GWh,2013,834.3
North Ostrobothnia,Electric heating,Housing,GWh,2014,805.8
North Ostrobothnia,Electric heating,Housing,GWh,2015,801.5
North Ostrobothnia,Electric heating,Housing,GWh,2016,832.9
North Ostrobothnia,Electric heating,Housing,GWh,2017,847.5
North Ostrobothnia,Electric heating,Housing,GWh,2018,842.8
North Ostrobothnia,Electric heating,Housing,GWh,2019,870.8
North Ostrobothnia,Electric heating,Housing,GWh,2020,865.8
North Ostrobothnia,Electric heating,Housing,GWh,2021,912.0
North Ostrobothnia,Electric heating,Housing,GWh,2022,831.9
North Ostrobothnia,Electric heating,Housing,GWh,2023,806.9
North Ostrobothnia,Electric heating,Housing,GWh,2024,819.4
North Ostrobothnia,Electric heating,Agriculture,GWh,1990,25.6
North Ostrobothnia,Electric heating,Agriculture,GWh,2005,34.2
North Ostrobothnia,Electric heating,Agriculture,GWh,2006,36.1
North Ostrobothnia,Electric heating,Agriculture,GWh,2007,36.8
North Ostrobothnia,Electric heating,Agriculture,GWh,2008,36.0
North Ostrobothnia,Electric heating,Agriculture,GWh,2009,39.2
North Ostrobothnia,Electric heating,Agriculture,GWh,2010,39.7
North Ostrobothnia,Electric heating,Agriculture,GWh,2011,41.2
North Ostrobothnia,Electric heating,Agriculture,GWh,2012,42.3
North Ostrobothnia,Electric heating,Agriculture,GWh,2013,42.3
North Ostrobothnia,Electric heating,Agriculture,GWh,2014,42.1
North Ostrobothnia,Electric heating,Agriculture,GWh,2015,42.1
North Ostrobothnia,Electric heating,Agriculture,GWh,2016,40.8
North Ostrobothnia,Electric heating,Agriculture,GWh,2017,41.0
North Ostrobothnia,Electric heating,Agriculture,GWh,2018,40.1
North Ostrobothnia,Electric heating,Agriculture,GWh,2019,41.3
North Ostrobothnia,Electric heating,Agriculture,GWh,2020,41.7
North Ostrobothnia,Electric heating,Agriculture,GWh,2021,41.0
North Ostrobothnia,Electric heating,Agriculture,GWh,2022,38.9
North Ostrobothnia,Electric heating,Agriculture,GWh,2023,39.9
North Ostrobothnia,Electric heating,Agriculture,GWh,2024,35.7
North Ostrobothnia,Electric heating,Services,GWh,1990,119.6
North Ostrobothnia,Electric heating,Services,GWh,2005,132.4
North Ostrobothnia,Electric heating,Services,GWh,2006,115.9
North Ostrobothnia,Electric heating,Services,GWh,2007,124.5
North Ostrobothnia,Electric heating,Services,GWh,2008,127.9
North Ostrobothnia,Electric heating,Services,GWh,2009,123.8
North Ostrobothnia,Electric heating,Services,GWh,2010,124.8
North Ostrobothnia,Electric heating,Services,GWh,2011,128.3
North Ostrobothnia,Electric heating,Services,GWh,2012,128.0
North Ostrobothnia,Electric heating,Services,GWh,2013,126.7
North Ostrobothnia,Electric heating,Services,GWh,2014,125.6
North Ostrobothnia,Electric heating,Services,GWh,2015,124.7
North Ostrobothnia,Electric heating,Services,GWh,2016,122.6
North Ostrobothnia,Electric heating,Services,GWh,2017,130.5
North Ostrobothnia,Electric heating,Services,GWh,2018,132.0
North Ostrobothnia,Electric heating,Services,GWh,2019,140.6
North Ostrobothnia,Electric heating,Services,GWh,2020,134.4
North Ostrobothnia,Electric heating,Services,GWh,2021,135.3
North Ostrobothnia,Electric heating,Services,GWh,2022,132.8
North Ostrobothnia,Electric heating,Services,GWh,2023,131.3
North Ostrobothnia,Electric heating,Services,GWh,2024,129.2
North Ostrobothnia,District heating,Housing,GWh,1990,827.0
North Ostrobothnia,District heating,Housing,GWh,2005,1241.2
North Ostrobothnia,District heating,Housing,GWh,2006,1368.7
North Ostrobothnia,District heating,Housing,GWh,2007,1426.9
North Ostrobothnia,District heating,Housing,GWh,2008,1477.6
North Ostrobothnia,District heating,Housing,GWh,2009,1549.4
North Ostrobothnia,District heating,Housing,GWh,2010,1695.6
North Ostrobothnia,District heating,Housing,GWh,2011,1523.3
North Ostrobothnia,District heating,Housing,GWh,2012,1697.0
North Ostrobothnia,District heating,Housing,GWh,2013,1574.5
North Ostrobothnia,District heating,Housing,GWh,2014,1581.2
North Ostrobothnia,District heating,Housing,GWh,2015,1505.6
North Ostrobothnia,District heating,Housing,GWh,2016,1629.6
North Ostrobothnia,District heating,Housing,GWh,2017,1656.5
North Ostrobothnia,District heating,Housing,GWh,2018,1630.5
North Ostrobothnia,District heating,Housing,GWh,2019,1689.0
North Ostrobothnia,District heating,Housing,GWh,2020,1568.0
North Ostrobothnia,District heating,Housing,GWh,2021,1767.6
North Ostrobothnia,District heating,Housing,GWh,2022,1643.0
North Ostrobothnia,District heating,Housing,GWh,2023,1708.9
North Ostrobothnia,District heating,Housing,GWh,2024,1698.5
North Ostrobothnia,District heating,Agriculture,GWh,1990,4.8
North Ostrobothnia,District heating,Agriculture,GWh,2005,6.9
North Ostrobothnia,District heating,Agriculture,GWh,2006,6.5
North Ostrobothnia,District heating,Agriculture,GWh,2007,6.4
North Ostrobothnia,District heating,Agriculture,GWh,2008,6.4
North Ostrobothnia,District heating,Agriculture,GWh,2009,7.2
North Ostrobothnia,District heating,Agriculture,GWh,2010,8.8
North Ostrobothnia,District heating,Agriculture,GWh,2011,6.2
North Ostrobothnia,District heating,Agriculture,GWh,2012,6.4
North Ostrobothnia,District heating,Agriculture,GWh,2013,6.0
North Ostrobothnia,District heating,Agriculture,GWh,2014,6.5
North Ostrobothnia,District heating,Agriculture,GWh,2015,6.1
North Ostrobothnia,District heating,Agriculture,GWh,2016,7.5
North Ostrobothnia,District heating,Agriculture,GWh,2017,7.5
North Ostrobothnia,District heating,Agriculture,GWh,2018,8.0
North Ostrobothnia,District heating,Agriculture,GWh,2019,7.6
North Ostrobothnia,District heating,Agriculture,GWh,2020,7.9
North Ostrobothnia,District heating,Agriculture,GWh,2021,8.9
North Ostrobothnia,District heating,Agriculture,GWh,2022,7.8
North Ostrobothnia,District heating,Agriculture,GWh,2023,7.1
North Ostrobothnia,District heating,Agriculture,GWh,2024,7.9
North Ostrobothnia,District heating,Services,GWh,1990,628.4
North Ostrobothnia,District heating,Services,GWh,2005,797.4
North Ostrobothnia,District heating,Services,GWh,2006,798.4
North Ostrobothnia,District heating,Services,GWh,2007,808.7
North Ostrobothnia,District heating,Services,GWh,2008,834.7
North Ostrobothnia,District heating,Services,GWh,2009,896.2
North Ostrobothnia,District heating,Services,GWh,2010,991.0
North Ostrobothnia,District heating,Services,GWh,2011,872.5
North Ostrobothnia,District heating,Services,GWh,2012,970.0
North Ostrobothnia,District heating,Services,GWh,2013,928.4
North Ostrobothnia,District heating,Services,GWh,2014,923.2
North Ostrobothnia,District heating,Services,GWh,2015,886.4
North Ostrobothnia,District heating,Services,GWh,2016,980.2
North Ostrobothnia,District heating,Services,GWh,2017,1041.7
North Ostrobothnia,District heating,Services,GWh,2018,1000.9
North Ostrobothnia,District heating,Services,GWh,2019,1038.2
North Ostrobothnia,District heating,Services,GWh,2020,942.7
North Ostrobothnia,District heating,Services,GWh,2021,1085.2
North Ostrobothnia,District heating,Services,GWh,2022,998.0
North Ostrobothnia,District heating,Services,GWh,2023,1030.3
North Ostrobothnia,District heating,Services,GWh,2024,1028.0
North Ostrobothnia,District heating,Industry,GWh,1990,153.3
North Ostrobothnia,District heating,Industry,GWh,2005,201.8
North Ostrobothnia,District heating,Industry,GWh,2006,195.9
North Ostrobothnia,District heating,Industry,GWh,2007,186.7
North Ostrobothnia,District heating,Industry,GWh,2008,215.2
North Ostrobothnia,District heating,Industry,GWh,2009,235.5
North Ostrobothnia,District heating,Industry,GWh,2010,266.4
North Ostrobothnia,District heating,Industry,GWh,2011,225.9
North Ostrobothnia,District heating,Industry,GWh,2012,253.0
North Ostrobothnia,District heating,Industry,GWh,2013,230.0
North Ostrobothnia,District heating,Industry,GWh,2014,227.5
North Ostrobothnia,District heating,Industry,GWh,2015,217.6
North Ostrobothnia,District heating,Industry,GWh,2016,238.3
North Ostrobothnia,District heating,Industry,GWh,2017,233.4
North Ostrobothnia,District heating,Industry,GWh,2018,233.1
North Ostrobothnia,District heating,Industry,GWh,2019,236.8
North Ostrobothnia,District heating,Industry,GWh,2020,220.9
North Ostrobothnia,District heating,Industry,GWh,2021,254.0
North Ostrobothnia,District heating,Industry,GWh,2022,235.8
North Ostrobothnia,District heating,Industry,GWh,2023,251.8
North Ostrobothnia,District heating,Industry,GWh,2024,256.5
North Ostrobothnia,Oil heating,Housing,GWh,1990,619.6
North Ostrobothnia,Oil heating,Housing,GWh,2005,514.4
North Ostrobothnia,Oil heating,Housing,GWh,2006,523.1
North Ostrobothnia,Oil heating,Housing,GWh,2007,501.2
North Ostrobothnia,Oil heating,Housing,GWh,2008,376.5
North Ostrobothnia,Oil heating,Housing,GWh,2009,371.9
North Ostrobothnia,Oil heating,Housing,GWh,2010,401.8
North Ostrobothnia,Oil heating,Housing,GWh,2011,306.3
North Ostrobothnia,Oil heating,Housing,GWh,2012,328.1
North Ostrobothnia,Oil heating,Housing,GWh,2013,276.8
North Ostrobothnia,Oil heating,Housing,GWh,2014,268.4
North Ostrobothnia,Oil heating,Housing,GWh,2015,240.6
North Ostrobothnia,Oil heating,Housing,GWh,2016,246.4
North Ostrobothnia,Oil heating,Housing,GWh,2017,237.1
North Ostrobothnia,Oil heating,Housing,GWh,2018,211.4
North Ostrobothnia,Oil heating,Housing,GWh,2019,203.2
North Ostrobothnia,Oil heating,Housing,GWh,2020,178.0
North Ostrobothnia,Oil heating,Housing,GWh,2021,158.0
North Ostrobothnia,Oil heating,Housing,GWh,2022,111.9
North Ostrobothnia,Oil heating,Housing,GWh,2023,56.7
North Ostrobothnia,Oil heating,Housing,GWh,2024,47.6
North Ostrobothnia,Oil heating,Agriculture,GWh,1990,36.7
North Ostrobothnia,Oil heating,Agriculture,GWh,2005,18.2
North Ostrobothnia,Oil heating,Agriculture,GWh,2006,18.9
North Ostrobothnia,Oil heating,Agriculture,GWh,2007,17.3
North Ostrobothnia,Oil heating,Agriculture,GWh,2008,16.0
North Ostrobothnia,Oil heating,Agriculture,GWh,2009,14.8
North Ostrobothnia,Oil heating,Agriculture,GWh,2010,17.7
North Ostrobothnia,Oil heating,Agriculture,GWh,2011,15.3
North Ostrobothnia,Oil heating,Agriculture,GWh,2012,17.4
North Ostrobothnia,Oil heating,Agriculture,GWh,2013,11.8
North Ostrobothnia,Oil heating,Agriculture,GWh,2014,11.7
North Ostrobothnia,Oil heating,Agriculture,GWh,2015,10.9
North Ostrobothnia,Oil heating,Agriculture,GWh,2016,8.3
North Ostrobothnia,Oil heating,Agriculture,GWh,2017,7.7
North Ostrobothnia,Oil heating,Agriculture,GWh,2018,8.2
North Ostrobothnia,Oil heating,Agriculture,GWh,2019,8.1
North Ostrobothnia,Oil heating,Agriculture,GWh,2020,7.3
North Ostrobothnia,Oil heating,Agriculture,GWh,2021,8.5
North Ostrobothnia,Oil heating,Agriculture,GWh,2022,7.5
North Ostrobothnia,Oil heating,Agriculture,GWh,2023,8.0
North Ostrobothnia,Oil heating,Agriculture,GWh,2024,5.5
North Ostrobothnia,Oil heating,Services,GWh,1990,248.4
North Ostrobothnia,Oil heating,Services,GWh,2005,214.2
North Ostrobothnia,Oil heating,Services,GWh,2006,216.0
North Ostrobothnia,Oil heating,Services,GWh,2007,207.9
North Ostrobothnia,Oil heating,Services,GWh,2008,170.7
North Ostrobothnia,Oil heating,Services,GWh,2009,180.7
North Ostrobothnia,Oil heating,Services,GWh,2010,195.9
North Ostrobothnia,Oil heating,Services,GWh,2011,168.3
North Ostrobothnia,Oil heating,Services,GWh,2012,187.7
North Ostrobothnia,Oil heating,Services,GWh,2013,166.0
North Ostrobothnia,Oil heating,Services,GWh,2014,165.6
North Ostrobothnia,Oil heating,Services,GWh,2015,151.6
North Ostrobothnia,Oil heating,Services,GWh,2016,167.0
North Ostrobothnia,Oil heating,Services,GWh,2017,168.8
North Ostrobothnia,Oil heating,Services,GWh,2018,166.2
North Ostrobothnia,Oil heating,Services,GWh,2019,171.4
North Ostrobothnia,Oil heating,Services,GWh,2020,152.4
North Ostrobothnia,Oil heating,Services,GWh,2021,169.8
North Ostrobothnia,Oil heating,Services,GWh,2022,153.0
North Ostrobothnia,Oil heating,Services,GWh,2023,153.9
North Ostrobothnia,Oil heating,Services,GWh,2024,149.3
North Ostrobothnia,Other heating,Housing,GWh,1990,873.7
North Ostrobothnia,Other heating,Housing,GWh,2005,1399.4
North Ostrobothnia,Other heating,Housing,GWh,2006,1360.1
North Ostrobothnia,Other heating,Housing,GWh,2007,1419.6
North Ostrobothnia,Other heating,Housing,GWh,2008,1423.7
North Ostrobothnia,Other heating,Housing,GWh,2009,1471.2
North Ostrobothnia,Other heating,Housing,GWh,2010,1609.5
North Ostrobothnia,Other heating,Housing,GWh,2011,1396.1
North Ostrobothnia,Other heating,Housing,GWh,2012,1536.5
North Ostrobothnia,Other heating,Housing,GWh,2013,1424.7
North Ostrobothnia,Other heating,Housing,GWh,2014,1435.5
North Ostrobothnia,Other heating,Housing,GWh,2015,1359.5
North Ostrobothnia,Other heating,Housing,GWh,2016,1450.1
North Ostrobothnia,Other heating,Housing,GWh,2017,1436.2
North Ostrobothnia,Other heating,Housing,GWh,2018,1387.0
North Ostrobothnia,Other heating,Housing,GWh,2019,1409.4
North Ostrobothnia,Other heating,Housing,GWh,2020,1271.0
North Ostrobothnia,Other heating,Housing,GWh,2021,1388.2
North Ostrobothnia,Other heating,Housing,GWh,2022,1259.1
North Ostrobothnia,Other heating,Housing,GWh,2023,1230.7
North Ostrobothnia,Other heating,Housing,GWh,2024,1162.6
North Ostrobothnia,Other heating,Agriculture,GWh,1990,196.5
North Ostrobothnia,Other heating,Agriculture,GWh,2005,251.3
North Ostrobothnia,Other heating,Agriculture,GWh,2006,261.9
North Ostrobothnia,Other heating,Agriculture,GWh,2007,276.6
North Ostrobothnia,Other heating,Agriculture,GWh,2008,273.9
North Ostrobothnia,Other heating,Agriculture,GWh,2009,259.3
North Ostrobothnia,Other heating,Agriculture,GWh,2010,288.8
North Ostrobothnia,Other heating,Agriculture,GWh,2011,277.8
North Ostrobothnia,Other heating,Agriculture,GWh,2012,318.1
North Ostrobothnia,Other heating,Agriculture,GWh,2013,340.4
North Ostrobothnia,Other heating,Agriculture,GWh,2014,312.7
North Ostrobothnia,Other heating,Agriculture,GWh,2015,291.3
North Ostrobothnia,Other heating,Agriculture,GWh,2016,310.2
North Ostrobothnia,Other heating,Agriculture,GWh,2017,312.3
North Ostrobothnia,Other heating,Agriculture,GWh,2018,277.1
North Ostrobothnia,Other heating,Agriculture,GWh,2019,283.6
North Ostrobothnia,Other heating,Agriculture,GWh,2020,293.8
North Ostrobothnia,Other heating,Agriculture,GWh,2021,273.5
North Ostrobothnia,Other heating,Agriculture,GWh,2022,273.0
North Ostrobothnia,Other heating,Agriculture,GWh,2023,263.0
North Ostrobothnia,Other heating,Agriculture,GWh,2024,152.9
North Ostrobothnia,Other heating,Services,GWh,1990,162.1
North Ostrobothnia,Other heating,Services,GWh,2005,99.7
North Ostrobothnia,Other heating,Services,GWh,2006,105.0
North Ostrobothnia,Other heating,Services,GWh,2007,103.2
North Ostrobothnia,Other heating,Services,GWh,2008,105.8
North Ostrobothnia,Other heating,Services,GWh,2009,115.3
North Ostrobothnia,Other heating,Services,GWh,2010,131.5
North Ostrobothnia,Other heating,Services,GWh,2011,150.9
North Ostrobothnia,Other heating,Services,GWh,2012,181.7
North Ostrobothnia,Other heating,Services,GWh,2013,121.4
North Ostrobothnia,Other heating,Services,GWh,2014,121.0
North Ostrobothnia,Other heating,Services,GWh,2015,108.0
North Ostrobothnia,Other heating,Services,GWh,2016,122.4
North Ostrobothnia,Other heating,Services,GWh,2017,130.0
North Ostrobothnia,Other heating,Services,GWh,2018,128.9
North Ostrobothnia,Other heating,Services,GWh,2019,121.5
North Ostrobothnia,Other heating,Services,GWh,2020,108.1
North Ostrobothnia,Other heating,Services,GWh,2021,129.4
North Ostrobothnia,Other heating,Services,GWh,2022,116.3
North Ostrobothnia,Other heating,Services,GWh,2023,118.1
North Ostrobothnia,Other heating,Services,GWh,2024,115.5
North Ostrobothnia,Industry,Industrial fuels,GWh,1990,4838.8
North Ostrobothnia,Industry,Industrial fuels,GWh,2005,8370.1
North Ostrobothnia,Industry,Industrial fuels,GWh,2006,6559.7
North Ostrobothnia,Industry,Industrial fuels,GWh,2007,6850.1
North Ostrobothnia,Industry,Industrial fuels,GWh,2008,5862.3
North Ostrobothnia,Industry,Industrial fuels,GWh,2009,5663.6
North Ostrobothnia,Industry,Industrial fuels,GWh,2010,6228.2
North Ostrobothnia,Industry,Industrial fuels,GWh,2011,6098.8
North Ostrobothnia,Industry,Industrial fuels,GWh,2012,5571.4
North Ostrobothnia,Industry,Industrial fuels,GWh,2013,5666.0
North Ostrobothnia,Industry,Industrial fuels,GWh,2014,5875.5
North Ostrobothnia,Industry,Industrial fuels,GWh,2015,5522.3
North Ostrobothnia,Industry,Industrial fuels,GWh,2016,5862.7
North Ostrobothnia,Industry,Industrial fuels,GWh,2017,6432.3
North Ostrobothnia,Industry,Industrial fuels,GWh,2018,5270.5
North Ostrobothnia,Industry,Industrial fuels,GWh,2019,5040.8
North Ostrobothnia,Industry,Industrial fuels,GWh,2020,3647.6
North Ostrobothnia,Industry,Industrial fuels,GWh,2021,3722.1
North Ostrobothnia,Industry,Industrial fuels,GWh,2022,6450.3
North Ostrobothnia,Industry,Industrial fuels,GWh,2023,6823.2
North Ostrobothnia,Industry,Industrial fuels,GWh,2024,5853.3
North Ostrobothnia,Machinery,Mining and industrial machinery,GWh,1990,166.4
North Ostrobothnia,Machinery,Mining and industrial machinery,GWh,2005,169.6
North Ostrobothnia,Machinery,Mining and industrial machinery,GWh,2006,173.6
North Ostrobothnia,Machinery,Mining and industrial machinery,GWh,2007,169.8
North Ostrobothnia,Machinery,Mining and industrial machinery,GWh,2008,169.5
North Ostrobothnia,Machinery,Mining and industrial machinery,GWh,2009,133.2
North Ostrobothnia,Machinery,Mining and industrial machinery,GWh,2010,138.6
North Ostrobothnia,Machinery,Mining and industrial machinery,GWh,2011,143.7
North Ostrobothnia,Machinery,Mining and industrial machinery,GWh,2012,143.3
North Ostrobothnia,Machinery,Mining and industrial machinery,GWh,2013,164.8
North Ostrobothnia,Machinery,Mining and industrial machinery,GWh,2014,148.5
North Ostrobothnia,Machinery,Mining and industrial machinery,GWh,2015,126.6
North Ostrobothnia,Machinery,Mining and industrial machinery,GWh,2016,119.3
North Ostrobothnia,Machinery,Mining and industrial machinery,GWh,2017,122.3
North Ostrobothnia,Machinery,Mining and industrial machinery,GWh,2018,120.2
North Ostrobothnia,Machinery,Mining and industrial machinery,GWh,2019,130.3
North Ostrobothnia,Machinery,Mining and industrial machinery,GWh,2020,128.1
North Ostrobothnia,Machinery,Mining and industrial machinery,GWh,2021,113.7
North Ostrobothnia,Machinery,Mining and industrial machinery,GWh,2022,119.3
North Ostrobothnia,Machinery,Mining and industrial machinery,GWh,2023,110.7
North Ostrobothnia,Machinery,Mining and industrial machinery,GWh,2024,110.6
North Ostrobothnia,Machinery,Agricultural and forestry machinery,GWh,1990,377.8
North Ostrobothnia,Machinery,Agricultural and forestry machinery,GWh,2005,415.0
North Ostrobothnia,Machinery,Agricultural and forestry machinery,GWh,2006,408.7
North Ostrobothnia,Machinery,Agricultural and forestry machinery,GWh,2007,421.1
North Ostrobothnia,Machinery,Agricultural and forestry machinery,GWh,2008,413.6
North Ostrobothnia,Machinery,Agricultural and forestry machinery,GWh,2009,419.0
North Ostrobothnia,Machinery,Agricultural and forestry machinery,GWh,2010,412.3
North Ostrobothnia,Machinery,Agricultural and forestry machinery,GWh,2011,409.3
North Ostrobothnia,Machinery,Agricultural and forestry machinery,GWh,2012,402.9
North Ostrobothnia,Machinery,Agricultural and forestry machinery,GWh,2013,434.1
North Ostrobothnia,Machinery,Agricultural and forestry machinery,GWh,2014,421.9
North Ostrobothnia,Machinery,Agricultural and forestry machinery,GWh,2015,428.1
North Ostrobothnia,Machinery,Agricultural and forestry machinery,GWh,2016,426.0
North Ostrobothnia,Machinery,Agricultural and forestry machinery,GWh,2017,421.9
North Ostrobothnia,Machinery,Agricultural and forestry machinery,GWh,2018,399.6
North Ostrobothnia,Machinery,Agricultural and forestry machinery,GWh,2019,424.0
North Ostrobothnia,Machinery,Agricultural and forestry machinery,GWh,2020,409.4
North Ostrobothnia,Machinery,Agricultural and forestry machinery,GWh,2021,493.0
North Ostrobothnia,Machinery,Agricultural and forestry machinery,GWh,2022,436.0
North Ostrobothnia,Machinery,Agricultural and forestry machinery,GWh,2023,428.4
North Ostrobothnia,Machinery,Agricultural and forestry machinery,GWh,2024,415.6
North Ostrobothnia,Machinery,Other machinery,GWh,1990,31.2
North Ostrobothnia,Machinery,Other machinery,GWh,2005,35.6
North Ostrobothnia,Machinery,Other machinery,GWh,2006,36.2
North Ostrobothnia,Machinery,Other machinery,GWh,2007,36.4
North Ostrobothnia,Machinery,Other machinery,GWh,2008,34.9
North Ostrobothnia,Machinery,Other machinery,GWh,2009,32.9
North Ostrobothnia,Machinery,Other machinery,GWh,2010,32.4
North Ostrobothnia,Machinery,Other machinery,GWh,2011,34.2
North Ostrobothnia,Machinery,Other machinery,GWh,2012,35.6
North Ostrobothnia,Machinery,Other machinery,GWh,2013,36.4
North Ostrobothnia,Machinery,Other machinery,GWh,2014,35.7
North Ostrobothnia,Machinery,Other machinery,GWh,2015,36.8
North Ostrobothnia,Machinery,Other machinery,GWh,2016,36.8
North Ostrobothnia,Machinery,Other machinery,GWh,2017,36.2
North Ostrobothnia,Machinery,Other machinery,GWh,2018,34.0
North Ostrobothnia,Machinery,Other machinery,GWh,2019,34.7
North Ostrobothnia,Machinery,Other machinery,GWh,2020,34.7
North Ostrobothnia,Machinery,Other machinery,GWh,2021,32.6
North Ostrobothnia,Machinery,Other machinery,GWh,2022,33.1
North Ostrobothnia,Machinery,Other machinery,GWh,2023,32.1
North Ostrobothnia,Machinery,Other machinery,GWh,2024,30.4
North Ostrobothnia,Machinery,Construction machinery,GWh,1990,104.6
North Ostrobothnia,Machinery,Construction machinery,GWh,2005,123.7
North Ostrobothnia,Machinery,Construction machinery,GWh,2006,131.5
North Ostrobothnia,Machinery,Construction machinery,GWh,2007,147.4
North Ostrobothnia,Machinery,Construction machinery,GWh,2008,143.1
North Ostrobothnia,Machinery,Construction machinery,GWh,2009,151.2
North Ostrobothnia,Machinery,Construction machinery,GWh,2010,155.7
North Ostrobothnia,Machinery,Construction machinery,GWh,2011,147.9
North Ostrobothnia,Machinery,Construction machinery,GWh,2012,138.3
North Ostrobothnia,Machinery,Construction machinery,GWh,2013,153.2
North Ostrobothnia,Machinery,Construction machinery,GWh,2014,138.1
North Ostrobothnia,Machinery,Construction machinery,GWh,2015,142.9
North Ostrobothnia,Machinery,Construction machinery,GWh,2016,139.7
North Ostrobothnia,Machinery,Construction machinery,GWh,2017,158.9
North Ostrobothnia,Machinery,Construction machinery,GWh,2018,155.2
North Ostrobothnia,Machinery,Construction machinery,GWh,2019,156.0
North Ostrobothnia,Machinery,Construction machinery,GWh,2020,157.8
North Ostrobothnia,Machinery,Construction machinery,GWh,2021,172.1
North Ostrobothnia,Machinery,Construction machinery,GWh,2022,151.6
North Ostrobothnia,Machinery,Construction machinery,GWh,2023,163.0
North Ostrobothnia,Machinery,Construction machinery,GWh,2024,146.6
North Ostrobothnia,Machinery,Road construction machinery,GWh,1990,145.5
North Ostrobothnia,Machinery,Road construction machinery,GWh,2005,156.5
North Ostrobothnia,Machinery,Road construction machinery,GWh,2006,158.0
North Ostrobothnia,Machinery,Road construction machinery,GWh,2007,163.0
North Ostrobothnia,Machinery,Road construction machinery,GWh,2008,172.9
North Ostrobothnia,Machinery,Road construction machinery,GWh,2009,171.3
North Ostrobothnia,Machinery,Road construction machinery,GWh,2010,168.4
North Ostrobothnia,Machinery,Road construction machinery,GWh,2011,155.0
North Ostrobothnia,Machinery,Road construction machinery,GWh,2012,168.9
North Ostrobothnia,Machinery,Road construction machinery,GWh,2013,166.6
North Ostrobothnia,Machinery,Road construction machinery,GWh,2014,162.9
North Ostrobothnia,Machinery,Road construction machinery,GWh,2015,163.6
North Ostrobothnia,Machinery,Road construction machinery,GWh,2016,155.5
North Ostrobothnia,Machinery,Road construction machinery,GWh,2017,178.3
North Ostrobothnia,Machinery,Road construction machinery,GWh,2018,183.7
North Ostrobothnia,Machinery,Road construction machinery,GWh,2019,190.8
North Ostrobothnia,Machinery,Road construction machinery,GWh,2020,196.3
North Ostrobothnia,Machinery,Road construction machinery,GWh,2021,190.0
North Ostrobothnia,Machinery,Road construction machinery,GWh,2022,198.4
North Ostrobothnia,Machinery,Road construction machinery,GWh,2023,197.5
North Ostrobothnia,Machinery,Road construction machinery,GWh,2024,195.5
North Ostrobothnia,Road transport,Passenger cars,GWh,1990,1941.4
North Ostrobothnia,Road transport,Passenger cars,GWh,2005,1989.2
North Ostrobothnia,Road transport,Passenger cars,GWh,2006,2005.5
North Ostrobothnia,Road transport,Passenger cars,GWh,2007,2049.7
North Ostrobothnia,Road transport,Passenger cars,GWh,2008,1996.4
North Ostrobothnia,Road transport,Passenger cars,GWh,2009,2025.7
North Ostrobothnia,Road transport,Passenger cars,GWh,2010,2024.7
North Ostrobothnia,Road transport,Passenger cars,GWh,2011,1983.2
North Ostrobothnia,Road transport,Passenger cars,GWh,2012,1985.1
North Ostrobothnia,Road transport,Passenger cars,GWh,2013,2016.8
North Ostrobothnia,Road transport,Passenger cars,GWh,2014,2014.8
North Ostrobothnia,Road transport,Passenger cars,GWh,2015,1998.7
North Ostrobothnia,Road transport,Passenger cars,GWh,2016,2020.5
North Ostrobothnia,Road transport,Passenger cars,GWh,2017,2031.7
North Ostrobothnia,Road transport,Passenger cars,GWh,2018,2029.3
North Ostrobothnia,Road transport,Passenger cars,GWh,2019,2005.8
North Ostrobothnia,Road transport,Passenger cars,GWh,2020,1873.8
North Ostrobothnia,Road transport,Passenger cars,GWh,2021,1927.0
North Ostrobothnia,Road transport,Passenger cars,GWh,2022,1800.5
North Ostrobothnia,Road transport,Passenger cars,GWh,2023,1781.4
North Ostrobothnia,Road transport,Passenger cars,GWh,2024,1783.2
North Ostrobothnia,Road transport,Trucks,GWh,1990,635.2
North Ostrobothnia,Road transport,Trucks,GWh,2005,846.6
North Ostrobothnia,Road transport,Trucks,GWh,2006,876.9
North Ostrobothnia,Road transport,Trucks,GWh,2007,943.6
North Ostrobothnia,Road transport,Trucks,GWh,2008,899.8
North Ostrobothnia,Road transport,Trucks,GWh,2009,804.6
North Ostrobothnia,Road transport,Trucks,GWh,2010,929.8
North Ostrobothnia,Road transport,Trucks,GWh,2011,975.3
North Ostrobothnia,Road transport,Trucks,GWh,2012,926.7
North Ostrobothnia,Road transport,Trucks,GWh,2013,931.2
North Ostrobothnia,Road transport,Trucks,GWh,2014,876.1
North Ostrobothnia,Road transport,Trucks,GWh,2015,900.9
North Ostrobothnia,Road transport,Trucks,GWh,2016,965.7
North Ostrobothnia,Road transport,Trucks,GWh,2017,873.3
North Ostrobothnia,Road transport,Trucks,GWh,2018,898.6
North Ostrobothnia,Road transport,Trucks,GWh,2019,862.1
North Ostrobothnia,Road transport,Trucks,GWh,2020,829.0
North Ostrobothnia,Road transport,Trucks,GWh,2021,878.9
North Ostrobothnia,Road transport,Trucks,GWh,2022,841.6
North Ostrobothnia,Road transport,Trucks,GWh,2023,785.8
North Ostrobothnia,Road transport,Trucks,GWh,2024,791.4
North Ostrobothnia,Road transport,Buses,GWh,1990,39.4
North Ostrobothnia,Road transport,Buses,GWh,2005,100.8
North Ostrobothnia,Road transport,Buses,GWh,2006,96.9
North Ostrobothnia,Road transport,Buses,GWh,2007,98.6
North Ostrobothnia,Road transport,Buses,GWh,2008,99.3
North Ostrobothnia,Road transport,Buses,GWh,2009,101.0
North Ostrobothnia,Road transport,Buses,GWh,2010,78.8
North Ostrobothnia,Road transport,Buses,GWh,2011,84.5
North Ostrobothnia,Road transport,Buses,GWh,2012,87.0
North Ostrobothnia,Road transport,Buses,GWh,2013,103.7
North Ostrobothnia,Road transport,Buses,GWh,2014,103.6
North Ostrobothnia,Road transport,Buses,GWh,2015,87.5
North Ostrobothnia,Road transport,Buses,GWh,2016,95.8
North Ostrobothnia,Road transport,Buses,GWh,2017,99.1
North Ostrobothnia,Road transport,Buses,GWh,2018,112.5
North Ostrobothnia,Road transport,Buses,GWh,2019,110.4
North Ostrobothnia,Road transport,Buses,GWh,2020,92.1
North Ostrobothnia,Road transport,Buses,GWh,2021,87.0
North Ostrobothnia,Road transport,Buses,GWh,2022,95.0
North Ostrobothnia,Road transport,Buses,GWh,2023,98.3
North Ostrobothnia,Road transport,Buses,GWh,2024,92.2
North Ostrobothnia,Road transport,Vancouver vans,GWh,1990,201.8
North Ostrobothnia,Road transport,Vancouver vans,GWh,2005,251.5
North Ostrobothnia,Road transport,Vancouver vans,GWh,2006,252.0
North Ostrobothnia,Road transport,Vancouver vans,GWh,2007,255.5
North Ostrobothnia,Road transport,Vancouver vans,GWh,2008,256.0
North Ostrobothnia,Road transport,Vancouver vans,GWh,2009,263.6
North Ostrobothnia,Road transport,Vancouver vans,GWh,2010,268.2
North Ostrobothnia,Road transport,Vancouver vans,GWh,2011,266.8
North Ostrobothnia,Road transport,Vancouver vans,GWh,2012,265.1
North Ostrobothnia,Road transport,Vancouver vans,GWh,2013,264.7
North Ostrobothnia,Road transport,Vancouver vans,GWh,2014,273.8
North Ostrobothnia,Road transport,Vancouver vans,GWh,2015,280.5
North Ostrobothnia,Road transport,Vancouver vans,GWh,2016,280.8
North Ostrobothnia,Road transport,Vancouver vans,GWh,2017,330.9
North Ostrobothnia,Road transport,Vancouver vans,GWh,2018,336.0
North Ostrobothnia,Road transport,Vancouver vans,GWh,2019,331.6
North Ostrobothnia,Road transport,Vancouver vans,GWh,2020,322.6
North Ostrobothnia,Road transport,Vancouver vans,GWh,2021,340.8
North Ostrobothnia,Road transport,Vancouver vans,GWh,2022,319.9
North Ostrobothnia,Road transport,Vancouver vans,GWh,2023,317.2
North Ostrobothnia,Road transport,Vancouver vans,GWh,2024,323.5
North Ostrobothnia,Road transport,Drive-through traffic,GWh,1990,241.5
North Ostrobothnia,Road transport,Drive-through traffic,GWh,2005,441.0
North Ostrobothnia,Road transport,Drive-through traffic,GWh,2006,445.2
North Ostrobothnia,Road transport,Drive-through traffic,GWh,2007,457.6
North Ostrobothnia,Road transport,Drive-through traffic,GWh,2008,449.5
North Ostrobothnia,Road transport,Drive-through traffic,GWh,2009,396.0
North Ostrobothnia,Road transport,Drive-through traffic,GWh,2010,439.8
North Ostrobothnia,Road transport,Drive-through traffic,GWh,2011,438.8
North Ostrobothnia,Road transport,Drive-through traffic,GWh,2012,420.7
North Ostrobothnia,Road transport,Drive-through traffic,GWh,2013,395.7
North Ostrobothnia,Road transport,Drive-through traffic,GWh,2014,376.3
North Ostrobothnia,Road transport,Drive-through traffic,GWh,2015,382.3
North Ostrobothnia,Road transport,Drive-through traffic,GWh,2016,391.3
North Ostrobothnia,Road transport,Drive-through traffic,GWh,2017,410.5
North Ostrobothnia,Road transport,Drive-through traffic,GWh,2018,402.1
North Ostrobothnia,Road transport,Drive-through traffic,GWh,2019,391.6
North Ostrobothnia,Road transport,Drive-through traffic,GWh,2020,394.0
North Ostrobothnia,Road transport,Drive-through traffic,GWh,2021,442.7
North Ostrobothnia,Road transport,Drive-through traffic,GWh,2022,433.6
North Ostrobothnia,Road transport,Drive-through traffic,GWh,2023,438.0
North Ostrobothnia,Road transport,Drive-through traffic,GWh,2024,430.2
North Ostrobothnia,Road transport,Motorcycles and mopeds,GWh,1990,8.6
North Ostrobothnia,Road transport,Motorcycles and mopeds,GWh,2005,28.8
North Ostrobothnia,Road transport,Motorcycles and mopeds,GWh,2006,31.4
North Ostrobothnia,Road transport,Motorcycles and mopeds,GWh,2007,34.5
North Ostrobothnia,Road transport,Motorcycles and mopeds,GWh,2008,36.1
North Ostrobothnia,Road transport,Motorcycles and mopeds,GWh,2009,36.9
North Ostrobothnia,Road transport,Motorcycles and mopeds,GWh,2010,38.7
North Ostrobothnia,Road transport,Motorcycles and mopeds,GWh,2011,41.4
North Ostrobothnia,Road transport,Motorcycles and mopeds,GWh,2012,41.9
North Ostrobothnia,Road transport,Motorcycles and mopeds,GWh,2013,43.0
North Ostrobothnia,Road transport,Motorcycles and mopeds,GWh,2014,42.3
North Ostrobothnia,Road transport,Motorcycles and mopeds,GWh,2015,42.0
North Ostrobothnia,Road transport,Motorcycles and mopeds,GWh,2016,39.5
North Ostrobothnia,Road transport,Motorcycles and mopeds,GWh,2017,31.8
North Ostrobothnia,Road transport,Motorcycles and mopeds,GWh,2018,31.4
North Ostrobothnia,Road transport,Motorcycles and mopeds,GWh,2019,30.0
North Ostrobothnia,Road transport,Motorcycles and mopeds,GWh,2020,28.6
North Ostrobothnia,Road transport,Motorcycles and mopeds,GWh,2021,30.0
North Ostrobothnia,Road transport,Motorcycles and mopeds,GWh,2022,28.9
North Ostrobothnia,Road transport,Motorcycles and mopeds,GWh,2023,30.3
North Ostrobothnia,Road transport,Motorcycles and mopeds,GWh,2024,31.0
North Ostrobothnia,Rail transport,Diesel,GWh,1990,73.0
North Ostrobothnia,Rail transport,Diesel,GWh,2005,48.5
North Ostrobothnia,Rail transport,Diesel,GWh,2006,53.7
North Ostrobothnia,Rail transport,Diesel,GWh,2007,49.0
North Ostrobothnia,Rail transport,Diesel,GWh,2008,56.0
North Ostrobothnia,Rail transport,Diesel,GWh,2009,48.4
North Ostrobothnia,Rail transport,Diesel,GWh,2010,54.0
North Ostrobothnia,Rail transport,Diesel,GWh,2011,59.7
North Ostrobothnia,Rail transport,Diesel,GWh,2012,63.0
North Ostrobothnia,Rail transport,Diesel,GWh,2013,56.7
North Ostrobothnia,Rail transport,Diesel,GWh,2014,50.4
North Ostrobothnia,Rail transport,Diesel,GWh,2015,39.3
North Ostrobothnia,Rail transport,Diesel,GWh,2016,37.3
North Ostrobothnia,Rail transport,Diesel,GWh,2017,36.8
North Ostrobothnia,Rail transport,Diesel,GWh,2018,31.9
North Ostrobothnia,Rail transport,Diesel,GWh,2019,33.0
North Ostrobothnia,Rail transport,Diesel,GWh,2020,31.8
North Ostrobothnia,Rail transport,Diesel,GWh,2021,37.4
North Ostrobothnia,Rail transport,Diesel,GWh,2022,24.7
North Ostrobothnia,Rail transport,Diesel,GWh,2023,23.5
North Ostrobothnia,Rail transport,Diesel,GWh,2024,19.1
North Ostrobothnia,Rail transport,Electricity,GWh,1990,35.8
North Ostrobothnia,Rail transport,Electricity,GWh,2005,53.3
North Ostrobothnia,Rail transport,Electricity,GWh,2006,54.9
North Ostrobothnia,Rail transport,Electricity,GWh,2007,59.0
North Ostrobothnia,Rail transport,Electricity,GWh,2008,61.0
North Ostrobothnia,Rail transport,Electricity,GWh,2009,58.0
North Ostrobothnia,Rail transport,Electricity,GWh,2010,60.0
North Ostrobothnia,Rail transport,Electricity,GWh,2011,58.3
North Ostrobothnia,Rail transport,Electricity,GWh,2012,59.2
North Ostrobothnia,Rail transport,Electricity,GWh,2013,61.6
North Ostrobothnia,Rail transport,Electricity,GWh,2014,63.4
North Ostrobothnia,Rail transport,Electricity,GWh,2015,61.7
North Ostrobothnia,Rail transport,Electricity,GWh,2016,65.4
North Ostrobothnia,Rail transport,Electricity,GWh,2017,70.8
North Ostrobothnia,Rail transport,Electricity,GWh,2018,66.3
North Ostrobothnia,Rail transport,Electricity,GWh,2019,59.6
North Ostrobothnia,Rail transport,Electricity,GWh,2020,59.1
North Ostrobothnia,Rail transport,Electricity,GWh,2021,55.5
North Ostrobothnia,Rail transport,Electricity,GWh,2022,33.8
North Ostrobothnia,Rail transport,Electricity,GWh,2023,34.3
North Ostrobothnia,Rail transport,Electricity,GWh,2024,38.0
North Ostrobothnia,Rail transport,Community trains,GWh,1990,0.0
North Ostrobothnia,Rail transport,Community trains,GWh,2005,0.0
North Ostrobothnia,Rail transport,Community trains,GWh,2006,0.0
North Ostrobothnia,Rail transport,Community trains,GWh,2007,0.0
North Ostrobothnia,Rail transport,Community trains,GWh,2008,0.0
North Ostrobothnia,Rail transport,Community trains,GWh,2009,0.0
North Ostrobothnia,Rail transport,Community trains,GWh,2010,0.0
North Ostrobothnia,Rail transport,Community trains,GWh,2011,0.0
North Ostrobothnia,Rail transport,Community trains,GWh,2012,0.0
North Ostrobothnia,Rail transport,Community trains,GWh,2013,0.0
North Ostrobothnia,Rail transport,Community trains,GWh,2014,0.0
North Ostrobothnia,Rail transport,Community trains,GWh,2015,0.0
North Ostrobothnia,Rail transport,Community trains,GWh,2016,0.0
North Ostrobothnia,Rail transport,Community trains,GWh,2017,0.0
North Ostrobothnia,Rail transport,Community trains,GWh,2018,0.0
North Ostrobothnia,Rail transport,Community trains,GWh,2019,0.0
North Ostrobothnia,Rail transport,Community trains,GWh,2020,0.0
North Ostrobothnia,Rail transport,Community trains,GWh,2021,0.0
North Ostrobothnia,Rail transport,Community trains,GWh,2022,0.0
North Ostrobothnia,Rail transport,Community trains,GWh,2023,0.0
North Ostrobothnia,Rail transport,Community trains,GWh,2024,0.0
North Ostrobothnia,Rail transport,Metros and trams,GWh,1990,0.0
North Ostrobothnia,Rail transport,Metros and trams,GWh,2005,0.0
North Ostrobothnia,Rail transport,Metros and trams,GWh,2006,0.0
North Ostrobothnia,Rail transport,Metros and trams,GWh,2007,0.0
North Ostrobothnia,Rail transport,Metros and trams,GWh,2008,0.0
North Ostrobothnia,Rail transport,Metros and trams,GWh,2009,0.0
North Ostrobothnia,Rail transport,Metros and trams,GWh,2010,0.0
North Ostrobothnia,Rail transport,Metros and trams,GWh,2011,0.0
North Ostrobothnia,Rail transport,Metros and trams,GWh,2012,0.0
North Ostrobothnia,Rail transport,Metros and trams,GWh,2013,0.0
North Ostrobothnia,Rail transport,Metros and trams,GWh,2014,0.0
North Ostrobothnia,Rail transport,Metros and trams,GWh,2015,0.0
North Ostrobothnia,Rail transport,Metros and trams,GWh,2016,0.0
North Ostrobothnia,Rail transport,Metros and trams,GWh,2017,0.0
North Ostrobothnia,Rail transport,Metros and trams,GWh,2018,0.0
North Ostrobothnia,Rail transport,Metros and trams,GWh,2019,0.0
North Ostrobothnia,Rail transport,Metros and trams,GWh,2020,0.0
North Ostrobothnia,Rail transport,Metros and trams,GWh,2021,0.0
North Ostrobothnia,Rail transport,Metros and trams,GWh,2022,0.0
North Ostrobothnia,Rail transport,Metros and trams,GWh,2023,0.0
North Ostrobothnia,Rail transport,Metros and trams,GWh,2024,0.0
North Ostrobothnia,Water transport,Pleasure boats,GWh,1990,20.7
North Ostrobothnia,Water transport,Pleasure boats,GWh,2005,22.0
North Ostrobothnia,Water transport,Pleasure boats,GWh,2006,22.7
North Ostrobothnia,Water transport,Pleasure boats,GWh,2007,22.8
North Ostrobothnia,Water transport,Pleasure boats,GWh,2008,18.7
North Ostrobothnia,Water transport,Pleasure boats,GWh,2009,19.3
North Ostrobothnia,Water transport,Pleasure boats,GWh,2010,20.6
North Ostrobothnia,Water transport,Pleasure boats,GWh,2011,16.4
North Ostrobothnia,Water transport,Pleasure boats,GWh,2012,17.3
North Ostrobothnia,Water transport,Pleasure boats,GWh,2013,18.4
North Ostrobothnia,Water transport,Pleasure boats,GWh,2014,17.0
North Ostrobothnia,Water transport,Pleasure boats,GWh,2015,17.6
North Ostrobothnia,Water transport,Pleasure boats,GWh,2016,16.9
North Ostrobothnia,Water transport,Pleasure boats,GWh,2017,16.8
North Ostrobothnia,Water transport,Pleasure boats,GWh,2018,16.9
North Ostrobothnia,Water transport,Pleasure boats,GWh,2019,17.3
North Ostrobothnia,Water transport,Pleasure boats,GWh,2020,20.2
North Ostrobothnia,Water transport,Pleasure boats,GWh,2021,22.4
North Ostrobothnia,Water transport,Pleasure boats,GWh,2022,18.0
North Ostrobothnia,Water transport,Pleasure boats,GWh,2023,18.2
North Ostrobothnia,Water transport,Pleasure boats,GWh,2024,19.2
North Ostrobothnia,Water transport,Passenger traffic,GWh,1990,0.6
North Ostrobothnia,Water transport,Passenger traffic,GWh,2005,0.8
North Ostrobothnia,Water transport,Passenger traffic,GWh,2006,0.7
North Ostrobothnia,Water transport,Passenger traffic,GWh,2007,0.8
North Ostrobothnia,Water transport,Passenger traffic,GWh,2008,1.2
North Ostrobothnia,Water transport,Passenger traffic,GWh,2009,0.8
North Ostrobothnia,Water transport,Passenger traffic,GWh,2010,0.8
North Ostrobothnia,Water transport,Passenger traffic,GWh,2011,0.3
North Ostrobothnia,Water transport,Passenger traffic,GWh,2012,0.3
North Ostrobothnia,Water transport,Passenger traffic,GWh,2013,0.9
North Ostrobothnia,Water transport,Passenger traffic,GWh,2014,0.8
North Ostrobothnia,Water transport,Passenger traffic,GWh,2015,0.6
North Ostrobothnia,Water transport,Passenger traffic,GWh,2016,1.1
North Ostrobothnia,Water transport,Passenger traffic,GWh,2017,1.5
North Ostrobothnia,Water transport,Passenger traffic,GWh,2018,0.9
North Ostrobothnia,Water transport,Passenger traffic,GWh,2019,0.8
North Ostrobothnia,Water transport,Passenger traffic,GWh,2020,0.4
North Ostrobothnia,Water transport,Passenger traffic,GWh,2021,0.6
North Ostrobothnia,Water transport,Passenger traffic,GWh,2022,0.7
North Ostrobothnia,Water transport,Passenger traffic,GWh,2023,0.7
North Ostrobothnia,Water transport,Passenger traffic,GWh,2024,0.7
North Ostrobothnia,Water transport,Goods traffic,GWh,1990,22.0
North Ostrobothnia,Water transport,Goods traffic,GWh,2005,22.7
North Ostrobothnia,Water transport,Goods traffic,GWh,2006,26.6
North Ostrobothnia,Water transport,Goods traffic,GWh,2007,28.3
North Ostrobothnia,Water transport,Goods traffic,GWh,2008,31.1
North Ostrobothnia,Water transport,Goods traffic,GWh,2009,26.2
North Ostrobothnia,Water transport,Goods traffic,GWh,2010,23.9
North Ostrobothnia,Water transport,Goods traffic,GWh,2011,28.3
North Ostrobothnia,Water transport,Goods traffic,GWh,2012,27.1
North Ostrobothnia,Water transport,Goods traffic,GWh,2013,23.3
North Ostrobothnia,Water transport,Goods traffic,GWh,2014,20.9
North Ostrobothnia,Water transport,Goods traffic,GWh,2015,18.9
North Ostrobothnia,Water transport,Goods traffic,GWh,2016,17.9
North Ostrobothnia,Water transport,Goods traffic,GWh,2017,17.5
North Ostrobothnia,Water transport,Goods traffic,GWh,2018,18.3
North Ostrobothnia,Water transport,Goods traffic,GWh,2019,10.6
North Ostrobothnia,Water transport,Goods traffic,GWh,2020,6.5
North Ostrobothnia,Water transport,Goods traffic,GWh,2021,6.3
North Ostrobothnia,Water transport,Goods traffic,GWh,2022,7.7
North Ostrobothnia,Water transport,Goods traffic,GWh,2023,6.2
North Ostrobothnia,Water transport,Goods traffic,GWh,2024,5.2
North Ostrobothnia,Water transport,Fishing vessels,GWh,1990,79.9
North Ostrobothnia,Water transport,Fishing vessels,GWh,2005,51.1
North Ostrobothnia,Water transport,Fishing vessels,GWh,2006,53.1
North Ostrobothnia,Water transport,Fishing vessels,GWh,2007,49.9
North Ostrobothnia,Water transport,Fishing vessels,GWh,2008,44.1
North Ostrobothnia,Water transport,Fishing vessels,GWh,2009,45.6
North Ostrobothnia,Water transport,Fishing vessels,GWh,2010,44.3
North Ostrobothnia,Water transport,Fishing vessels,GWh,2011,52.5
North Ostrobothnia,Water transport,Fishing vessels,GWh,2012,53.8
North Ostrobothnia,Water transport,Fishing vessels,GWh,2013,59.1
North Ostrobothnia,Water transport,Fishing vessels,GWh,2014,57.5
North Ostrobothnia,Water transport,Fishing vessels,GWh,2015,56.4
North Ostrobothnia,Water transport,Fishing vessels,GWh,2016,54.7
North Ostrobothnia,Water transport,Fishing vessels,GWh,2017,56.4
North Ostrobothnia,Water transport,Fishing vessels,GWh,2018,54.1
North Ostrobothnia,Water transport,Fishing vessels,GWh,2019,64.5
North Ostrobothnia,Water transport,Fishing vessels,GWh,2020,62.8
North Ostrobothnia,Water transport,Fishing vessels,GWh,2021,66.1
North Ostrobothnia,Water transport,Fishing vessels,GWh,2022,71.3
North Ostrobothnia,Water transport,Fishing vessels,GWh,2023,71.7
North Ostrobothnia,Water transport,Fishing vessels,GWh,2024,73.6
North Ostrobothnia,Water transport,,GWh,1990,9.4
North Ostrobothnia,Water transport,,GWh,2005,8.4
North Ostrobothnia,Water transport,,GWh,2006,8.3
North Ostrobothnia,Water transport,,GWh,2007,8.0
North Ostrobothnia,Water transport,,GWh,2008,7.4
North Ostrobothnia,Water transport,,GWh,2009,7.6
North Ostrobothnia,Water transport,,GWh,2010,8.1
North Ostrobothnia,Water transport,,GWh,2011,6.3
North Ostrobothnia,Water transport,,GWh,2012,10.7
North Ostrobothnia,Water transport,,GWh,2013,7.8
North Ostrobothnia,Water transport,,GWh,2014,7.8
North Ostrobothnia,Water transport,,GWh,2015,8.8
North Ostrobothnia,Water transport,,GWh,2016,8.0
North Ostrobothnia,Water transport,,GWh,2017,8.6
North Ostrobothnia,Water transport,,GWh,2018,8.7
North Ostrobothnia,Water transport,,GWh,2019,8.5
North Ostrobothnia,Water transport,,GWh,2020,8.7
North Ostrobothnia,Water transport,,GWh,2021,8.6
North Ostrobothnia,Water transport,,GWh,2022,8.5
North Ostrobothnia,Water transport,,GWh,2023,8.8
North Ostrobothnia,Water transport,,GWh,2024,9.2
North Ostrobothnia,Water transport,Workboats and ships,GWh,1990,40.5
North Ostrobothnia,Water transport,Workboats and ships,GWh,2005,38.7
North Ostrobothnia,Water transport,Workboats and ships,GWh,2006,39.1
North Ostrobothnia,Water transport,Workboats and ships,GWh,2007,39.2
North Ostrobothnia,Water transport,Workboats and ships,GWh,2008,39.3
North Ostrobothnia,Water transport,Workboats and ships,GWh,2009,39.4
North Ostrobothnia,Water transport,Workboats and ships,GWh,2010,39.6
North Ostrobothnia,Water transport,Workboats and ships,GWh,2011,39.7
North Ostrobothnia,Water transport,Workboats and ships,GWh,2012,39.8
North Ostrobothnia,Water transport,Workboats and ships,GWh,2013,39.9
North Ostrobothnia,Water transport,Workboats and ships,GWh,2014,39.9
North Ostrobothnia,Water transport,Workboats and ships,GWh,2015,40.4
North Ostrobothnia,Water transport,Workboats and ships,GWh,2016,39.9
North Ostrobothnia,Water transport,Workboats and ships,GWh,2017,39.9
North Ostrobothnia,Water transport,Workboats and ships,GWh,2018,40.0
North Ostrobothnia,Water transport,Workboats and ships,GWh,2019,40.1
North Ostrobothnia,Water transport,Workboats and ships,GWh,2020,40.2
North Ostrobothnia,Water transport,Workboats and ships,GWh,2021,40.3
North Ostrobothnia,Water transport,Workboats and ships,GWh,2022,40.5
North Ostrobothnia,Water transport,Workboats and ships,GWh,2023,40.4
North Ostrobothnia,Water transport,Workboats and ships,GWh,2024,20.1
North Ostrobothnia,Emission credits,Wind power,GWh,1990,0.0
North Ostrobothnia,Emission credits,Wind power,GWh,2005,61.1
North Ostrobothnia,Emission credits,Wind power,GWh,2006,52.9
North Ostrobothnia,Emission credits,Wind power,GWh,2007,50.0
North Ostrobothnia,Emission credits,Wind power,GWh,2008,64.0
North Ostrobothnia,Emission credits,Wind power,GWh,2009,67.4
North Ostrobothnia,Emission credits,Wind power,GWh,2010,66.0
North Ostrobothnia,Emission credits,Wind power,GWh,2011,103.8
North Ostrobothnia,Emission credits,Wind power,GWh,2012,130.5
North Ostrobothnia,Emission credits,Wind power,GWh,2013,205.5
North Ostrobothnia,Emission credits,Wind power,GWh,2014,286.8
North Ostrobothnia,Emission credits,Wind power,GWh,2015,889.9
North Ostrobothnia,Emission credits,Wind power,GWh,2016,1271.7
North Ostrobothnia,Emission credits,Wind power,GWh,2017,1748.4
North Ostrobothnia,Emission credits,Wind power,GWh,2018,2132.1
North Ostrobothnia,Emission credits,Wind power,GWh,2019,2025.7
North Ostrobothnia,Emission credits,Wind power,GWh,2020,2760.5
North Ostrobothnia,Emission credits,Wind power,GWh,2021,3032.1
North Ostrobothnia,Emission credits,Wind power,GWh,2022,4746.7
North Ostrobothnia,Emission credits,Wind power,GWh,2023,5562.3
North Ostrobothnia,Emission credits,Wind power,GWh,2024,7695.0
North Savo,Electricity,Housing,GWh,1990,408.1
North Savo,Electricity,Housing,GWh,2005,515.3
North Savo,Electricity,Housing,GWh,2006,526.2
North Savo,Electricity,Housing,GWh,2007,534.5
North Savo,Electricity,Housing,GWh,2008,528.5
North Savo,Electricity,Housing,GWh,2009,549.0
North Savo,Electricity,Housing,GWh,2010,591.6
North Savo,Electricity,Housing,GWh,2011,542.7
North Savo,Electricity,Housing,GWh,2012,561.2
North Savo,Electricity,Housing,GWh,2013,550.8
North Savo,Electricity,Housing,GWh,2014,534.2
North Savo,Electricity,Housing,GWh,2015,527.8
North Savo,Electricity,Housing,GWh,2016,542.5
North Savo,Electricity,Housing,GWh,2017,534.8
North Savo,Electricity,Housing,GWh,2018,552.4
North Savo,Electricity,Housing,GWh,2019,531.6
North Savo,Electricity,Housing,GWh,2020,518.5
North Savo,Electricity,Housing,GWh,2021,579.9
North Savo,Electricity,Housing,GWh,2022,537.7
North Savo,Electricity,Housing,GWh,2023,512.3
North Savo,Electricity,Housing,GWh,2024,567.5
North Savo,Electricity,Agriculture,GWh,1990,59.5
North Savo,Electricity,Agriculture,GWh,2005,85.8
North Savo,Electricity,Agriculture,GWh,2006,90.0
North Savo,Electricity,Agriculture,GWh,2007,94.1
North Savo,Electricity,Agriculture,GWh,2008,99.7
North Savo,Electricity,Agriculture,GWh,2009,98.8
North Savo,Electricity,Agriculture,GWh,2010,99.9
North Savo,Electricity,Agriculture,GWh,2011,105.0
North Savo,Electricity,Agriculture,GWh,2012,105.9
North Savo,Electricity,Agriculture,GWh,2013,81.3
North Savo,Electricity,Agriculture,GWh,2014,79.6
North Savo,Electricity,Agriculture,GWh,2015,82.2
North Savo,Electricity,Agriculture,GWh,2016,93.5
North Savo,Electricity,Agriculture,GWh,2017,92.7
North Savo,Electricity,Agriculture,GWh,2018,93.6
North Savo,Electricity,Agriculture,GWh,2019,101.1
North Savo,Electricity,Agriculture,GWh,2020,79.3
North Savo,Electricity,Agriculture,GWh,2021,78.6
North Savo,Electricity,Agriculture,GWh,2022,73.0
North Savo,Electricity,Agriculture,GWh,2023,70.5
North Savo,Electricity,Agriculture,GWh,2024,64.6
North Savo,Electricity,Services,GWh,1990,421.1
North Savo,Electricity,Services,GWh,2005,608.0
North Savo,Electricity,Services,GWh,2006,639.1
North Savo,Electricity,Services,GWh,2007,647.5
North Savo,Electricity,Services,GWh,2008,648.9
North Savo,Electricity,Services,GWh,2009,661.0
North Savo,Electricity,Services,GWh,2010,685.1
North Savo,Electricity,Services,GWh,2011,659.5
North Savo,Electricity,Services,GWh,2012,699.8
North Savo,Electricity,Services,GWh,2013,697.6
North Savo,Electricity,Services,GWh,2014,699.9
North Savo,Electricity,Services,GWh,2015,685.8
North Savo,Electricity,Services,GWh,2016,765.2
North Savo,Electricity,Services,GWh,2017,752.7
North Savo,Electricity,Services,GWh,2018,753.8
North Savo,Electricity,Services,GWh,2019,743.5
North Savo,Electricity,Services,GWh,2020,744.2
North Savo,Electricity,Services,GWh,2021,713.9
North Savo,Electricity,Services,GWh,2022,706.8
North Savo,Electricity,Services,GWh,2023,693.0
North Savo,Electricity,Services,GWh,2024,760.2
North Savo,Electricity,Industry,GWh,1990,1795.3
North Savo,Electricity,Industry,GWh,2005,2024.6
North Savo,Electricity,Industry,GWh,2006,2216.9
North Savo,Electricity,Industry,GWh,2007,2198.7
North Savo,Electricity,Industry,GWh,2008,2137.0
North Savo,Electricity,Industry,GWh,2009,1874.7
North Savo,Electricity,Industry,GWh,2010,1770.0
North Savo,Electricity,Industry,GWh,2011,1349.0
North Savo,Electricity,Industry,GWh,2012,1383.5
North Savo,Electricity,Industry,GWh,2013,1320.0
North Savo,Electricity,Industry,GWh,2014,1338.7
North Savo,Electricity,Industry,GWh,2015,1430.8
North Savo,Electricity,Industry,GWh,2016,1572.2
North Savo,Electricity,Industry,GWh,2017,1655.3
North Savo,Electricity,Industry,GWh,2018,1659.8
North Savo,Electricity,Industry,GWh,2019,1653.9
North Savo,Electricity,Industry,GWh,2020,1652.9
North Savo,Electricity,Industry,GWh,2021,1659.5
North Savo,Electricity,Industry,GWh,2022,1607.5
North Savo,Electricity,Industry,GWh,2023,1568.7
North Savo,Electricity,Industry,GWh,2024,1335.8
North Savo,Electric heating,Housing,GWh,1990,362.3
North Savo,Electric heating,Housing,GWh,2005,461.0
North Savo,Electric heating,Housing,GWh,2006,481.2
North Savo,Electric heating,Housing,GWh,2007,475.8
North Savo,Electric heating,Housing,GWh,2008,471.0
North Savo,Electric heating,Housing,GWh,2009,484.1
North Savo,Electric heating,Housing,GWh,2010,515.6
North Savo,Electric heating,Housing,GWh,2011,470.9
North Savo,Electric heating,Housing,GWh,2012,486.3
North Savo,Electric heating,Housing,GWh,2013,464.2
North Savo,Electric heating,Housing,GWh,2014,448.2
North Savo,Electric heating,Housing,GWh,2015,437.9
North Savo,Electric heating,Housing,GWh,2016,447.6
North Savo,Electric heating,Housing,GWh,2017,445.0
North Savo,Electric heating,Housing,GWh,2018,455.5
North Savo,Electric heating,Housing,GWh,2019,438.1
North Savo,Electric heating,Housing,GWh,2020,426.4
North Savo,Electric heating,Housing,GWh,2021,474.5
North Savo,Electric heating,Housing,GWh,2022,428.0
North Savo,Electric heating,Housing,GWh,2023,407.6
North Savo,Electric heating,Housing,GWh,2024,451.7
North Savo,Electric heating,Agriculture,GWh,1990,15.7
North Savo,Electric heating,Agriculture,GWh,2005,21.2
North Savo,Electric heating,Agriculture,GWh,2006,22.3
North Savo,Electric heating,Agriculture,GWh,2007,22.5
North Savo,Electric heating,Agriculture,GWh,2008,22.9
North Savo,Electric heating,Agriculture,GWh,2009,23.8
North Savo,Electric heating,Agriculture,GWh,2010,23.8
North Savo,Electric heating,Agriculture,GWh,2011,24.8
North Savo,Electric heating,Agriculture,GWh,2012,25.0
North Savo,Electric heating,Agriculture,GWh,2013,24.8
North Savo,Electric heating,Agriculture,GWh,2014,24.6
North Savo,Electric heating,Agriculture,GWh,2015,24.3
North Savo,Electric heating,Agriculture,GWh,2016,24.8
North Savo,Electric heating,Agriculture,GWh,2017,25.2
North Savo,Electric heating,Agriculture,GWh,2018,25.2
North Savo,Electric heating,Agriculture,GWh,2019,25.1
North Savo,Electric heating,Agriculture,GWh,2020,25.0
North Savo,Electric heating,Agriculture,GWh,2021,24.8
North Savo,Electric heating,Agriculture,GWh,2022,22.1
North Savo,Electric heating,Agriculture,GWh,2023,24.2
North Savo,Electric heating,Agriculture,GWh,2024,21.5
North Savo,Electric heating,Services,GWh,1990,68.1
North Savo,Electric heating,Services,GWh,2005,67.7
North Savo,Electric heating,Services,GWh,2006,56.2
North Savo,Electric heating,Services,GWh,2007,61.0
North Savo,Electric heating,Services,GWh,2008,61.5
North Savo,Electric heating,Services,GWh,2009,62.8
North Savo,Electric heating,Services,GWh,2010,64.8
North Savo,Electric heating,Services,GWh,2011,65.4
North Savo,Electric heating,Services,GWh,2012,65.2
North Savo,Electric heating,Services,GWh,2013,63.7
North Savo,Electric heating,Services,GWh,2014,63.0
North Savo,Electric heating,Services,GWh,2015,62.2
North Savo,Electric heating,Services,GWh,2016,62.1
North Savo,Electric heating,Services,GWh,2017,64.5
North Savo,Electric heating,Services,GWh,2018,65.1
North Savo,Electric heating,Services,GWh,2019,66.6
North Savo,Electric heating,Services,GWh,2020,63.2
North Savo,Electric heating,Services,GWh,2021,65.6
North Savo,Electric heating,Services,GWh,2022,64.1
North Savo,Electric heating,Services,GWh,2023,65.1
North Savo,Electric heating,Services,GWh,2024,63.6
North Savo,District heating,Housing,GWh,1990,635.2
North Savo,District heating,Housing,GWh,2005,845.2
North Savo,District heating,Housing,GWh,2006,921.9
North Savo,District heating,Housing,GWh,2007,938.1
North Savo,District heating,Housing,GWh,2008,946.2
North Savo,District heating,Housing,GWh,2009,1006.2
North Savo,District heating,Housing,GWh,2010,1090.3
North Savo,District heating,Housing,GWh,2011,963.0
North Savo,District heating,Housing,GWh,2012,1055.3
North Savo,District heating,Housing,GWh,2013,968.7
North Savo,District heating,Housing,GWh,2014,968.9
North Savo,District heating,Housing,GWh,2015,918.5
North Savo,District heating,Housing,GWh,2016,1006.9
North Savo,District heating,Housing,GWh,2017,1015.2
North Savo,District heating,Housing,GWh,2018,1021.5
North Savo,District heating,Housing,GWh,2019,1007.3
North Savo,District heating,Housing,GWh,2020,920.0
North Savo,District heating,Housing,GWh,2021,1065.1
North Savo,District heating,Housing,GWh,2022,988.6
North Savo,District heating,Housing,GWh,2023,1028.4
North Savo,District heating,Housing,GWh,2024,998.9
North Savo,District heating,Agriculture,GWh,1990,1.1
North Savo,District heating,Agriculture,GWh,2005,1.8
North Savo,District heating,Agriculture,GWh,2006,1.1
North Savo,District heating,Agriculture,GWh,2007,1.2
North Savo,District heating,Agriculture,GWh,2008,1.3
North Savo,District heating,Agriculture,GWh,2009,2.3
North Savo,District heating,Agriculture,GWh,2010,4.9
North Savo,District heating,Agriculture,GWh,2011,2.4
North Savo,District heating,Agriculture,GWh,2012,2.2
North Savo,District heating,Agriculture,GWh,2013,7.9
North Savo,District heating,Agriculture,GWh,2014,9.2
North Savo,District heating,Agriculture,GWh,2015,8.4
North Savo,District heating,Agriculture,GWh,2016,9.1
North Savo,District heating,Agriculture,GWh,2017,8.9
North Savo,District heating,Agriculture,GWh,2018,8.8
North Savo,District heating,Agriculture,GWh,2019,8.4
North Savo,District heating,Agriculture,GWh,2020,7.7
North Savo,District heating,Agriculture,GWh,2021,8.9
North Savo,District heating,Agriculture,GWh,2022,7.5
North Savo,District heating,Agriculture,GWh,2023,7.7
North Savo,District heating,Agriculture,GWh,2024,7.6
North Savo,District heating,Services,GWh,1990,433.5
North Savo,District heating,Services,GWh,2005,512.0
North Savo,District heating,Services,GWh,2006,519.3
North Savo,District heating,Services,GWh,2007,526.9
North Savo,District heating,Services,GWh,2008,525.6
North Savo,District heating,Services,GWh,2009,554.4
North Savo,District heating,Services,GWh,2010,614.1
North Savo,District heating,Services,GWh,2011,555.6
North Savo,District heating,Services,GWh,2012,628.6
North Savo,District heating,Services,GWh,2013,569.8
North Savo,District heating,Services,GWh,2014,569.0
North Savo,District heating,Services,GWh,2015,539.2
North Savo,District heating,Services,GWh,2016,595.5
North Savo,District heating,Services,GWh,2017,618.9
North Savo,District heating,Services,GWh,2018,609.8
North Savo,District heating,Services,GWh,2019,600.7
North Savo,District heating,Services,GWh,2020,546.0
North Savo,District heating,Services,GWh,2021,629.3
North Savo,District heating,Services,GWh,2022,520.6
North Savo,District heating,Services,GWh,2023,499.6
North Savo,District heating,Services,GWh,2024,498.4
North Savo,District heating,Industry,GWh,1990,126.7
North Savo,District heating,Industry,GWh,2005,141.3
North Savo,District heating,Industry,GWh,2006,132.6
North Savo,District heating,Industry,GWh,2007,136.7
North Savo,District heating,Industry,GWh,2008,140.2
North Savo,District heating,Industry,GWh,2009,153.7
North Savo,District heating,Industry,GWh,2010,170.5
North Savo,District heating,Industry,GWh,2011,148.2
North Savo,District heating,Industry,GWh,2012,167.0
North Savo,District heating,Industry,GWh,2013,156.3
North Savo,District heating,Industry,GWh,2014,158.6
North Savo,District heating,Industry,GWh,2015,150.6
North Savo,District heating,Industry,GWh,2016,163.0
North Savo,District heating,Industry,GWh,2017,164.8
North Savo,District heating,Industry,GWh,2018,170.2
North Savo,District heating,Industry,GWh,2019,174.2
North Savo,District heating,Industry,GWh,2020,157.9
North Savo,District heating,Industry,GWh,2021,178.3
North Savo,District heating,Industry,GWh,2022,152.1
North Savo,District heating,Industry,GWh,2023,165.6
North Savo,District heating,Industry,GWh,2024,162.1
North Savo,Oil heating,Housing,GWh,1990,370.5
North Savo,Oil heating,Housing,GWh,2005,292.8
North Savo,Oil heating,Housing,GWh,2006,299.4
North Savo,Oil heating,Housing,GWh,2007,282.6
North Savo,Oil heating,Housing,GWh,2008,213.7
North Savo,Oil heating,Housing,GWh,2009,213.1
North Savo,Oil heating,Housing,GWh,2010,230.3
North Savo,Oil heating,Housing,GWh,2011,176.4
North Savo,Oil heating,Housing,GWh,2012,185.6
North Savo,Oil heating,Housing,GWh,2013,157.6
North Savo,Oil heating,Housing,GWh,2014,155.6
North Savo,Oil heating,Housing,GWh,2015,138.9
North Savo,Oil heating,Housing,GWh,2016,142.8
North Savo,Oil heating,Housing,GWh,2017,129.5
North Savo,Oil heating,Housing,GWh,2018,117.6
North Savo,Oil heating,Housing,GWh,2019,106.0
North Savo,Oil heating,Housing,GWh,2020,95.1
North Savo,Oil heating,Housing,GWh,2021,85.0
North Savo,Oil heating,Housing,GWh,2022,60.9
North Savo,Oil heating,Housing,GWh,2023,30.5
North Savo,Oil heating,Housing,GWh,2024,26.7
North Savo,Oil heating,Agriculture,GWh,1990,44.6
North Savo,Oil heating,Agriculture,GWh,2005,17.9
North Savo,Oil heating,Agriculture,GWh,2006,18.1
North Savo,Oil heating,Agriculture,GWh,2007,16.2
North Savo,Oil heating,Agriculture,GWh,2008,11.3
North Savo,Oil heating,Agriculture,GWh,2009,11.5
North Savo,Oil heating,Agriculture,GWh,2010,13.5
North Savo,Oil heating,Agriculture,GWh,2011,11.5
North Savo,Oil heating,Agriculture,GWh,2012,13.3
North Savo,Oil heating,Agriculture,GWh,2013,9.2
North Savo,Oil heating,Agriculture,GWh,2014,9.4
North Savo,Oil heating,Agriculture,GWh,2015,8.7
North Savo,Oil heating,Agriculture,GWh,2016,7.1
North Savo,Oil heating,Agriculture,GWh,2017,6.5
North Savo,Oil heating,Agriculture,GWh,2018,7.0
North Savo,Oil heating,Agriculture,GWh,2019,6.6
North Savo,Oil heating,Agriculture,GWh,2020,5.4
North Savo,Oil heating,Agriculture,GWh,2021,6.3
North Savo,Oil heating,Agriculture,GWh,2022,5.3
North Savo,Oil heating,Agriculture,GWh,2023,5.8
North Savo,Oil heating,Agriculture,GWh,2024,4.0
North Savo,Oil heating,Services,GWh,1990,169.4
North Savo,Oil heating,Services,GWh,2005,144.0
North Savo,Oil heating,Services,GWh,2006,146.1
North Savo,Oil heating,Services,GWh,2007,137.5
North Savo,Oil heating,Services,GWh,2008,110.5
North Savo,Oil heating,Services,GWh,2009,117.3
North Savo,Oil heating,Services,GWh,2010,126.9
North Savo,Oil heating,Services,GWh,2011,110.2
North Savo,Oil heating,Services,GWh,2012,120.8
North Savo,Oil heating,Services,GWh,2013,106.0
North Savo,Oil heating,Services,GWh,2014,107.2
North Savo,Oil heating,Services,GWh,2015,98.9
North Savo,Oil heating,Services,GWh,2016,109.9
North Savo,Oil heating,Services,GWh,2017,109.1
North Savo,Oil heating,Services,GWh,2018,108.8
North Savo,Oil heating,Services,GWh,2019,105.6
North Savo,Oil heating,Services,GWh,2020,93.5
North Savo,Oil heating,Services,GWh,2021,110.4
North Savo,Oil heating,Services,GWh,2022,103.1
North Savo,Oil heating,Services,GWh,2023,106.0
North Savo,Oil heating,Services,GWh,2024,103.8
North Savo,Other heating,Housing,GWh,1990,721.3
North Savo,Other heating,Housing,GWh,2005,1108.7
North Savo,Other heating,Housing,GWh,2006,1074.2
North Savo,Other heating,Housing,GWh,2007,1111.1
North Savo,Other heating,Housing,GWh,2008,1100.3
North Savo,Other heating,Housing,GWh,2009,1149.7
North Savo,Other heating,Housing,GWh,2010,1268.7
North Savo,Other heating,Housing,GWh,2011,1095.6
North Savo,Other heating,Housing,GWh,2012,1190.4
North Savo,Other heating,Housing,GWh,2013,1096.2
North Savo,Other heating,Housing,GWh,2014,1110.3
North Savo,Other heating,Housing,GWh,2015,1046.6
North Savo,Other heating,Housing,GWh,2016,1143.9
North Savo,Other heating,Housing,GWh,2017,1129.6
North Savo,Other heating,Housing,GWh,2018,1108.7
North Savo,Other heating,Housing,GWh,2019,1088.3
North Savo,Other heating,Housing,GWh,2020,997.1
North Savo,Other heating,Housing,GWh,2021,1126.4
North Savo,Other heating,Housing,GWh,2022,1021.1
North Savo,Other heating,Housing,GWh,2023,987.0
North Savo,Other heating,Housing,GWh,2024,942.9
North Savo,Other heating,Agriculture,GWh,1990,150.5
North Savo,Other heating,Agriculture,GWh,2005,178.7
North Savo,Other heating,Agriculture,GWh,2006,167.9
North Savo,Other heating,Agriculture,GWh,2007,172.3
North Savo,Other heating,Agriculture,GWh,2008,198.3
North Savo,Other heating,Agriculture,GWh,2009,207.4
North Savo,Other heating,Agriculture,GWh,2010,216.1
North Savo,Other heating,Agriculture,GWh,2011,197.6
North Savo,Other heating,Agriculture,GWh,2012,224.1
North Savo,Other heating,Agriculture,GWh,2013,196.7
North Savo,Other heating,Agriculture,GWh,2014,182.9
North Savo,Other heating,Agriculture,GWh,2015,172.1
North Savo,Other heating,Agriculture,GWh,2016,182.6
North Savo,Other heating,Agriculture,GWh,2017,185.8
North Savo,Other heating,Agriculture,GWh,2018,170.3
North Savo,Other heating,Agriculture,GWh,2019,165.6
North Savo,Other heating,Agriculture,GWh,2020,167.9
North Savo,Other heating,Agriculture,GWh,2021,155.0
North Savo,Other heating,Agriculture,GWh,2022,157.4
North Savo,Other heating,Agriculture,GWh,2023,152.4
North Savo,Other heating,Agriculture,GWh,2024,89.8
North Savo,Other heating,Services,GWh,1990,104.4
North Savo,Other heating,Services,GWh,2005,67.0
North Savo,Other heating,Services,GWh,2006,84.3
North Savo,Other heating,Services,GWh,2007,72.5
North Savo,Other heating,Services,GWh,2008,73.8
North Savo,Other heating,Services,GWh,2009,82.1
North Savo,Other heating,Services,GWh,2010,89.5
North Savo,Other heating,Services,GWh,2011,75.8
North Savo,Other heating,Services,GWh,2012,82.5
North Savo,Other heating,Services,GWh,2013,76.7
North Savo,Other heating,Services,GWh,2014,77.0
North Savo,Other heating,Services,GWh,2015,68.5
North Savo,Other heating,Services,GWh,2016,77.5
North Savo,Other heating,Services,GWh,2017,79.6
North Savo,Other heating,Services,GWh,2018,80.8
North Savo,Other heating,Services,GWh,2019,80.1
North Savo,Other heating,Services,GWh,2020,70.9
North Savo,Other heating,Services,GWh,2021,83.6
North Savo,Other heating,Services,GWh,2022,75.7
North Savo,Other heating,Services,GWh,2023,78.0
North Savo,Other heating,Services,GWh,2024,76.4
North Savo,Industry,Industrial fuels,GWh,1990,2722.0
North Savo,Industry,Industrial fuels,GWh,2005,3635.3
North Savo,Industry,Industrial fuels,GWh,2006,2895.0
North Savo,Industry,Industrial fuels,GWh,2007,2823.2
North Savo,Industry,Industrial fuels,GWh,2008,2776.3
North Savo,Industry,Industrial fuels,GWh,2009,2437.1
North Savo,Industry,Industrial fuels,GWh,2010,2692.6
North Savo,Industry,Industrial fuels,GWh,2011,2361.4
North Savo,Industry,Industrial fuels,GWh,2012,2490.4
North Savo,Industry,Industrial fuels,GWh,2013,2522.3
North Savo,Industry,Industrial fuels,GWh,2014,2524.3
North Savo,Industry,Industrial fuels,GWh,2015,2398.6
North Savo,Industry,Industrial fuels,GWh,2016,3055.5
North Savo,Industry,Industrial fuels,GWh,2017,3155.3
North Savo,Industry,Industrial fuels,GWh,2018,2897.6
North Savo,Industry,Industrial fuels,GWh,2019,2892.9
North Savo,Industry,Industrial fuels,GWh,2020,2380.1
North Savo,Industry,Industrial fuels,GWh,2021,2566.9
North Savo,Industry,Industrial fuels,GWh,2022,2952.5
North Savo,Industry,Industrial fuels,GWh,2023,3712.6
North Savo,Industry,Industrial fuels,GWh,2024,3583.3
North Savo,Machinery,Mining and industrial machinery,GWh,1990,150.7
North Savo,Machinery,Mining and industrial machinery,GWh,2005,152.5
North Savo,Machinery,Mining and industrial machinery,GWh,2006,259.4
North Savo,Machinery,Mining and industrial machinery,GWh,2007,265.6
North Savo,Machinery,Mining and industrial machinery,GWh,2008,265.4
North Savo,Machinery,Mining and industrial machinery,GWh,2009,232.4
North Savo,Machinery,Mining and industrial machinery,GWh,2010,183.5
North Savo,Machinery,Mining and industrial machinery,GWh,2011,163.2
North Savo,Machinery,Mining and industrial machinery,GWh,2012,162.2
North Savo,Machinery,Mining and industrial machinery,GWh,2013,191.8
North Savo,Machinery,Mining and industrial machinery,GWh,2014,198.7
North Savo,Machinery,Mining and industrial machinery,GWh,2015,218.0
North Savo,Machinery,Mining and industrial machinery,GWh,2016,181.9
North Savo,Machinery,Mining and industrial machinery,GWh,2017,148.9
North Savo,Machinery,Mining and industrial machinery,GWh,2018,148.9
North Savo,Machinery,Mining and industrial machinery,GWh,2019,147.0
North Savo,Machinery,Mining and industrial machinery,GWh,2020,148.5
North Savo,Machinery,Mining and industrial machinery,GWh,2021,155.7
North Savo,Machinery,Mining and industrial machinery,GWh,2022,150.0
North Savo,Machinery,Mining and industrial machinery,GWh,2023,152.1
North Savo,Machinery,Mining and industrial machinery,GWh,2024,157.5
North Savo,Machinery,Agricultural and forestry machinery,GWh,1990,269.9
North Savo,Machinery,Agricultural and forestry machinery,GWh,2005,287.8
North Savo,Machinery,Agricultural and forestry machinery,GWh,2006,307.6
North Savo,Machinery,Agricultural and forestry machinery,GWh,2007,295.1
North Savo,Machinery,Agricultural and forestry machinery,GWh,2008,303.2
North Savo,Machinery,Agricultural and forestry machinery,GWh,2009,285.3
North Savo,Machinery,Agricultural and forestry machinery,GWh,2010,298.8
North Savo,Machinery,Agricultural and forestry machinery,GWh,2011,296.9
North Savo,Machinery,Agricultural and forestry machinery,GWh,2012,293.2
North Savo,Machinery,Agricultural and forestry machinery,GWh,2013,312.7
North Savo,Machinery,Agricultural and forestry machinery,GWh,2014,304.5
North Savo,Machinery,Agricultural and forestry machinery,GWh,2015,319.4
North Savo,Machinery,Agricultural and forestry machinery,GWh,2016,309.9
North Savo,Machinery,Agricultural and forestry machinery,GWh,2017,312.3
North Savo,Machinery,Agricultural and forestry machinery,GWh,2018,304.6
North Savo,Machinery,Agricultural and forestry machinery,GWh,2019,293.6
North Savo,Machinery,Agricultural and forestry machinery,GWh,2020,308.7
North Savo,Machinery,Agricultural and forestry machinery,GWh,2021,282.5
North Savo,Machinery,Agricultural and forestry machinery,GWh,2022,289.3
North Savo,Machinery,Agricultural and forestry machinery,GWh,2023,294.1
North Savo,Machinery,Agricultural and forestry machinery,GWh,2024,284.9
North Savo,Machinery,Other machinery,GWh,1990,25.8
North Savo,Machinery,Other machinery,GWh,2005,29.5
North Savo,Machinery,Other machinery,GWh,2006,29.9
North Savo,Machinery,Other machinery,GWh,2007,30.1
North Savo,Machinery,Other machinery,GWh,2008,28.9
North Savo,Machinery,Other machinery,GWh,2009,27.2
North Savo,Machinery,Other machinery,GWh,2010,26.8
North Savo,Machinery,Other machinery,GWh,2011,28.3
North Savo,Machinery,Other machinery,GWh,2012,29.5
North Savo,Machinery,Other machinery,GWh,2013,30.1
North Savo,Machinery,Other machinery,GWh,2014,29.5
North Savo,Machinery,Other machinery,GWh,2015,30.4
North Savo,Machinery,Other machinery,GWh,2016,30.4
North Savo,Machinery,Other machinery,GWh,2017,30.0
North Savo,Machinery,Other machinery,GWh,2018,28.1
North Savo,Machinery,Other machinery,GWh,2019,28.7
North Savo,Machinery,Other machinery,GWh,2020,28.7
North Savo,Machinery,Other machinery,GWh,2021,27.0
North Savo,Machinery,Other machinery,GWh,2022,27.4
North Savo,Machinery,Other machinery,GWh,2023,26.6
North Savo,Machinery,Other machinery,GWh,2024,25.2
North Savo,Machinery,Construction machinery,GWh,1990,67.8
North Savo,Machinery,Construction machinery,GWh,2005,71.5
North Savo,Machinery,Construction machinery,GWh,2006,72.0
North Savo,Machinery,Construction machinery,GWh,2007,72.3
North Savo,Machinery,Construction machinery,GWh,2008,80.6
North Savo,Machinery,Construction machinery,GWh,2009,74.0
North Savo,Machinery,Construction machinery,GWh,2010,99.6
North Savo,Machinery,Construction machinery,GWh,2011,69.0
North Savo,Machinery,Construction machinery,GWh,2012,83.0
North Savo,Machinery,Construction machinery,GWh,2013,79.7
North Savo,Machinery,Construction machinery,GWh,2014,73.3
North Savo,Machinery,Construction machinery,GWh,2015,72.5
North Savo,Machinery,Construction machinery,GWh,2016,58.2
North Savo,Machinery,Construction machinery,GWh,2017,78.7
North Savo,Machinery,Construction machinery,GWh,2018,82.5
North Savo,Machinery,Construction machinery,GWh,2019,67.9
North Savo,Machinery,Construction machinery,GWh,2020,109.8
North Savo,Machinery,Construction machinery,GWh,2021,91.8
North Savo,Machinery,Construction machinery,GWh,2022,96.8
North Savo,Machinery,Construction machinery,GWh,2023,70.5
North Savo,Machinery,Construction machinery,GWh,2024,93.7
North Savo,Machinery,Road construction machinery,GWh,1990,90.6
North Savo,Machinery,Road construction machinery,GWh,2005,97.9
North Savo,Machinery,Road construction machinery,GWh,2006,98.8
North Savo,Machinery,Road construction machinery,GWh,2007,101.9
North Savo,Machinery,Road construction machinery,GWh,2008,108.2
North Savo,Machinery,Road construction machinery,GWh,2009,107.4
North Savo,Machinery,Road construction machinery,GWh,2010,105.5
North Savo,Machinery,Road construction machinery,GWh,2011,96.9
North Savo,Machinery,Road construction machinery,GWh,2012,105.7
North Savo,Machinery,Road construction machinery,GWh,2013,104.3
North Savo,Machinery,Road construction machinery,GWh,2014,101.9
North Savo,Machinery,Road construction machinery,GWh,2015,102.2
North Savo,Machinery,Road construction machinery,GWh,2016,97.0
North Savo,Machinery,Road construction machinery,GWh,2017,111.5
North Savo,Machinery,Road construction machinery,GWh,2018,115.0
North Savo,Machinery,Road construction machinery,GWh,2019,119.4
North Savo,Machinery,Road construction machinery,GWh,2020,122.8
North Savo,Machinery,Road construction machinery,GWh,2021,118.9
North Savo,Machinery,Road construction machinery,GWh,2022,124.2
North Savo,Machinery,Road construction machinery,GWh,2023,123.6
North Savo,Machinery,Road construction machinery,GWh,2024,122.3
North Savo,Road transport,Passenger cars,GWh,1990,1318.5
North Savo,Road transport,Passenger cars,GWh,2005,1279.3
North Savo,Road transport,Passenger cars,GWh,2006,1288.5
North Savo,Road transport,Passenger cars,GWh,2007,1312.9
North Savo,Road transport,Passenger cars,GWh,2008,1270.8
North Savo,Road transport,Passenger cars,GWh,2009,1284.7
North Savo,Road transport,Passenger cars,GWh,2010,1279.5
North Savo,Road transport,Passenger cars,GWh,2011,1252.7
North Savo,Road transport,Passenger cars,GWh,2012,1247.7
North Savo,Road transport,Passenger cars,GWh,2013,1266.0
North Savo,Road transport,Passenger cars,GWh,2014,1259.7
North Savo,Road transport,Passenger cars,GWh,2015,1246.5
North Savo,Road transport,Passenger cars,GWh,2016,1236.9
North Savo,Road transport,Passenger cars,GWh,2017,1255.4
North Savo,Road transport,Passenger cars,GWh,2018,1240.6
North Savo,Road transport,Passenger cars,GWh,2019,1218.2
North Savo,Road transport,Passenger cars,GWh,2020,1138.1
North Savo,Road transport,Passenger cars,GWh,2021,1156.3
North Savo,Road transport,Passenger cars,GWh,2022,1084.5
North Savo,Road transport,Passenger cars,GWh,2023,1071.1
North Savo,Road transport,Passenger cars,GWh,2024,1065.3
North Savo,Road transport,Trucks,GWh,1990,457.5
North Savo,Road transport,Trucks,GWh,2005,525.7
North Savo,Road transport,Trucks,GWh,2006,536.6
North Savo,Road transport,Trucks,GWh,2007,569.8
North Savo,Road transport,Trucks,GWh,2008,547.3
North Savo,Road transport,Trucks,GWh,2009,486.6
North Savo,Road transport,Trucks,GWh,2010,565.7
North Savo,Road transport,Trucks,GWh,2011,595.5
North Savo,Road transport,Trucks,GWh,2012,564.7
North Savo,Road transport,Trucks,GWh,2013,571.1
North Savo,Road transport,Trucks,GWh,2014,540.2
North Savo,Road transport,Trucks,GWh,2015,552.8
North Savo,Road transport,Trucks,GWh,2016,574.8
North Savo,Road transport,Trucks,GWh,2017,513.3
North Savo,Road transport,Trucks,GWh,2018,525.9
North Savo,Road transport,Trucks,GWh,2019,509.1
North Savo,Road transport,Trucks,GWh,2020,498.7
North Savo,Road transport,Trucks,GWh,2021,527.3
North Savo,Road transport,Trucks,GWh,2022,510.8
North Savo,Road transport,Trucks,GWh,2023,468.9
North Savo,Road transport,Trucks,GWh,2024,473.3
North Savo,Road transport,Buses,GWh,1990,67.3
North Savo,Road transport,Buses,GWh,2005,78.2
North Savo,Road transport,Buses,GWh,2006,77.9
North Savo,Road transport,Buses,GWh,2007,77.0
North Savo,Road transport,Buses,GWh,2008,76.0
North Savo,Road transport,Buses,GWh,2009,76.9
North Savo,Road transport,Buses,GWh,2010,55.7
North Savo,Road transport,Buses,GWh,2011,53.3
North Savo,Road transport,Buses,GWh,2012,54.1
North Savo,Road transport,Buses,GWh,2013,53.9
North Savo,Road transport,Buses,GWh,2014,51.2
North Savo,Road transport,Buses,GWh,2015,53.0
North Savo,Road transport,Buses,GWh,2016,62.0
North Savo,Road transport,Buses,GWh,2017,63.2
North Savo,Road transport,Buses,GWh,2018,65.3
North Savo,Road transport,Buses,GWh,2019,58.3
North Savo,Road transport,Buses,GWh,2020,52.7
North Savo,Road transport,Buses,GWh,2021,43.6
North Savo,Road transport,Buses,GWh,2022,47.8
North Savo,Road transport,Buses,GWh,2023,46.9
North Savo,Road transport,Buses,GWh,2024,40.8
North Savo,Road transport,Vancouver vans,GWh,1990,137.0
North Savo,Road transport,Vancouver vans,GWh,2005,153.6
North Savo,Road transport,Vancouver vans,GWh,2006,155.9
North Savo,Road transport,Vancouver vans,GWh,2007,158.8
North Savo,Road transport,Vancouver vans,GWh,2008,161.0
North Savo,Road transport,Vancouver vans,GWh,2009,165.1
North Savo,Road transport,Vancouver vans,GWh,2010,169.2
North Savo,Road transport,Vancouver vans,GWh,2011,170.0
North Savo,Road transport,Vancouver vans,GWh,2012,167.9
North Savo,Road transport,Vancouver vans,GWh,2013,168.6
North Savo,Road transport,Vancouver vans,GWh,2014,170.5
North Savo,Road transport,Vancouver vans,GWh,2015,172.1
North Savo,Road transport,Vancouver vans,GWh,2016,171.2
North Savo,Road transport,Vancouver vans,GWh,2017,202.2
North Savo,Road transport,Vancouver vans,GWh,2018,205.9
North Savo,Road transport,Vancouver vans,GWh,2019,204.1
North Savo,Road transport,Vancouver vans,GWh,2020,197.7
North Savo,Road transport,Vancouver vans,GWh,2021,209.7
North Savo,Road transport,Vancouver vans,GWh,2022,197.5
North Savo,Road transport,Vancouver vans,GWh,2023,195.3
North Savo,Road transport,Vancouver vans,GWh,2024,195.8
North Savo,Road transport,Drive-through traffic,GWh,1990,136.7
North Savo,Road transport,Drive-through traffic,GWh,2005,188.7
North Savo,Road transport,Drive-through traffic,GWh,2006,193.5
North Savo,Road transport,Drive-through traffic,GWh,2007,205.9
North Savo,Road transport,Drive-through traffic,GWh,2008,198.7
North Savo,Road transport,Drive-through traffic,GWh,2009,176.0
North Savo,Road transport,Drive-through traffic,GWh,2010,200.5
North Savo,Road transport,Drive-through traffic,GWh,2011,199.8
North Savo,Road transport,Drive-through traffic,GWh,2012,194.7
North Savo,Road transport,Drive-through traffic,GWh,2013,185.5
North Savo,Road transport,Drive-through traffic,GWh,2014,180.4
North Savo,Road transport,Drive-through traffic,GWh,2015,176.9
North Savo,Road transport,Drive-through traffic,GWh,2016,188.7
North Savo,Road transport,Drive-through traffic,GWh,2017,216.0
North Savo,Road transport,Drive-through traffic,GWh,2018,224.4
North Savo,Road transport,Drive-through traffic,GWh,2019,223.1
North Savo,Road transport,Drive-through traffic,GWh,2020,217.0
North Savo,Road transport,Drive-through traffic,GWh,2021,244.6
North Savo,Road transport,Drive-through traffic,GWh,2022,218.1
North Savo,Road transport,Drive-through traffic,GWh,2023,214.4
North Savo,Road transport,Drive-through traffic,GWh,2024,217.1
North Savo,Road transport,Motorcycles and mopeds,GWh,1990,6.3
North Savo,Road transport,Motorcycles and mopeds,GWh,2005,16.3
North Savo,Road transport,Motorcycles and mopeds,GWh,2006,17.7
North Savo,Road transport,Motorcycles and mopeds,GWh,2007,19.4
North Savo,Road transport,Motorcycles and mopeds,GWh,2008,20.7
North Savo,Road transport,Motorcycles and mopeds,GWh,2009,21.4
North Savo,Road transport,Motorcycles and mopeds,GWh,2010,22.3
North Savo,Road transport,Motorcycles and mopeds,GWh,2011,23.9
North Savo,Road transport,Motorcycles and mopeds,GWh,2012,24.6
North Savo,Road transport,Motorcycles and mopeds,GWh,2013,25.5
North Savo,Road transport,Motorcycles and mopeds,GWh,2014,25.4
North Savo,Road transport,Motorcycles and mopeds,GWh,2015,25.2
North Savo,Road transport,Motorcycles and mopeds,GWh,2016,24.6
North Savo,Road transport,Motorcycles and mopeds,GWh,2017,19.9
North Savo,Road transport,Motorcycles and mopeds,GWh,2018,19.7
North Savo,Road transport,Motorcycles and mopeds,GWh,2019,19.2
North Savo,Road transport,Motorcycles and mopeds,GWh,2020,18.7
North Savo,Road transport,Motorcycles and mopeds,GWh,2021,19.8
North Savo,Road transport,Motorcycles and mopeds,GWh,2022,19.0
North Savo,Road transport,Motorcycles and mopeds,GWh,2023,19.4
North Savo,Road transport,Motorcycles and mopeds,GWh,2024,20.1
North Savo,Rail transport,Diesel,GWh,1990,52.4
North Savo,Rail transport,Diesel,GWh,2005,34.9
North Savo,Rail transport,Diesel,GWh,2006,35.3
North Savo,Rail transport,Diesel,GWh,2007,29.6
North Savo,Rail transport,Diesel,GWh,2008,31.3
North Savo,Rail transport,Diesel,GWh,2009,25.2
North Savo,Rail transport,Diesel,GWh,2010,26.3
North Savo,Rail transport,Diesel,GWh,2011,27.2
North Savo,Rail transport,Diesel,GWh,2012,27.9
North Savo,Rail transport,Diesel,GWh,2013,24.4
North Savo,Rail transport,Diesel,GWh,2014,20.7
North Savo,Rail transport,Diesel,GWh,2015,15.9
North Savo,Rail transport,Diesel,GWh,2016,13.1
North Savo,Rail transport,Diesel,GWh,2017,11.8
North Savo,Rail transport,Diesel,GWh,2018,13.6
North Savo,Rail transport,Diesel,GWh,2019,16.0
North Savo,Rail transport,Diesel,GWh,2020,15.4
North Savo,Rail transport,Diesel,GWh,2021,17.9
North Savo,Rail transport,Diesel,GWh,2022,18.6
North Savo,Rail transport,Diesel,GWh,2023,18.6
North Savo,Rail transport,Diesel,GWh,2024,15.7
North Savo,Rail transport,Electricity,GWh,1990,13.3
North Savo,Rail transport,Electricity,GWh,2005,19.7
North Savo,Rail transport,Electricity,GWh,2006,20.3
North Savo,Rail transport,Electricity,GWh,2007,22.5
North Savo,Rail transport,Electricity,GWh,2008,23.0
North Savo,Rail transport,Electricity,GWh,2009,22.0
North Savo,Rail transport,Electricity,GWh,2010,22.7
North Savo,Rail transport,Electricity,GWh,2011,22.8
North Savo,Rail transport,Electricity,GWh,2012,23.0
North Savo,Rail transport,Electricity,GWh,2013,22.2
North Savo,Rail transport,Electricity,GWh,2014,21.4
North Savo,Rail transport,Electricity,GWh,2015,18.5
North Savo,Rail transport,Electricity,GWh,2016,17.6
North Savo,Rail transport,Electricity,GWh,2017,17.2
North Savo,Rail transport,Electricity,GWh,2018,21.3
North Savo,Rail transport,Electricity,GWh,2019,21.7
North Savo,Rail transport,Electricity,GWh,2020,21.2
North Savo,Rail transport,Electricity,GWh,2021,19.8
North Savo,Rail transport,Electricity,GWh,2022,20.2
North Savo,Rail transport,Electricity,GWh,2023,21.4
North Savo,Rail transport,Electricity,GWh,2024,22.5
North Savo,Rail transport,Community trains,GWh,1990,0.0
North Savo,Rail transport,Community trains,GWh,2005,0.0
North Savo,Rail transport,Community trains,GWh,2006,0.0
North Savo,Rail transport,Community trains,GWh,2007,0.0
North Savo,Rail transport,Community trains,GWh,2008,0.0
North Savo,Rail transport,Community trains,GWh,2009,0.0
North Savo,Rail transport,Community trains,GWh,2010,0.0
North Savo,Rail transport,Community trains,GWh,2011,0.0
North Savo,Rail transport,Community trains,GWh,2012,0.0
North Savo,Rail transport,Community trains,GWh,2013,0.0
North Savo,Rail transport,Community trains,GWh,2014,0.0
North Savo,Rail transport,Community trains,GWh,2015,0.0
North Savo,Rail transport,Community trains,GWh,2016,0.0
North Savo,Rail transport,Community trains,GWh,2017,0.0
North Savo,Rail transport,Community trains,GWh,2018,0.0
North Savo,Rail transport,Community trains,GWh,2019,0.0
North Savo,Rail transport,Community trains,GWh,2020,0.0
North Savo,Rail transport,Community trains,GWh,2021,0.0
North Savo,Rail transport,Community trains,GWh,2022,0.0
North Savo,Rail transport,Community trains,GWh,2023,0.0
North Savo,Rail transport,Community trains,GWh,2024,0.0
North Savo,Rail transport,Metros and trams,GWh,1990,0.0
North Savo,Rail transport,Metros and trams,GWh,2005,0.0
North Savo,Rail transport,Metros and trams,GWh,2006,0.0
North Savo,Rail transport,Metros and trams,GWh,2007,0.0
North Savo,Rail transport,Metros and trams,GWh,2008,0.0
North Savo,Rail transport,Metros and trams,GWh,2009,0.0
North Savo,Rail transport,Metros and trams,GWh,2010,0.0
North Savo,Rail transport,Metros and trams,GWh,2011,0.0
North Savo,Rail transport,Metros and trams,GWh,2012,0.0
North Savo,Rail transport,Metros and trams,GWh,2013,0.0
North Savo,Rail transport,Metros and trams,GWh,2014,0.0
North Savo,Rail transport,Metros and trams,GWh,2015,0.0
North Savo,Rail transport,Metros and trams,GWh,2016,0.0
North Savo,Rail transport,Metros and trams,GWh,2017,0.0
North Savo,Rail transport,Metros and trams,GWh,2018,0.0
North Savo,Rail transport,Metros and trams,GWh,2019,0.0
North Savo,Rail transport,Metros and trams,GWh,2020,0.0
North Savo,Rail transport,Metros and trams,GWh,2021,0.0
North Savo,Rail transport,Metros and trams,GWh,2022,0.0
North Savo,Rail transport,Metros and trams,GWh,2023,0.0
North Savo,Rail transport,Metros and trams,GWh,2024,0.0
North Savo,Water transport,Pleasure boats,GWh,1990,29.4
North Savo,Water transport,Pleasure boats,GWh,2005,31.3
North Savo,Water transport,Pleasure boats,GWh,2006,32.3
North Savo,Water transport,Pleasure boats,GWh,2007,32.3
North Savo,Water transport,Pleasure boats,GWh,2008,26.5
North Savo,Water transport,Pleasure boats,GWh,2009,27.4
North Savo,Water transport,Pleasure boats,GWh,2010,29.2
North Savo,Water transport,Pleasure boats,GWh,2011,23.2
North Savo,Water transport,Pleasure boats,GWh,2012,24.5
North Savo,Water transport,Pleasure boats,GWh,2013,26.1
North Savo,Water transport,Pleasure boats,GWh,2014,24.1
North Savo,Water transport,Pleasure boats,GWh,2015,25.0
North Savo,Water transport,Pleasure boats,GWh,2016,23.9
North Savo,Water transport,Pleasure boats,GWh,2017,23.7
North Savo,Water transport,Pleasure boats,GWh,2018,23.8
North Savo,Water transport,Pleasure boats,GWh,2019,24.2
North Savo,Water transport,Pleasure boats,GWh,2020,28.1
North Savo,Water transport,Pleasure boats,GWh,2021,31.0
North Savo,Water transport,Pleasure boats,GWh,2022,24.7
North Savo,Water transport,Pleasure boats,GWh,2023,24.8
North Savo,Water transport,Pleasure boats,GWh,2024,25.9
North Savo,Water transport,Passenger traffic,GWh,1990,2.2
North Savo,Water transport,Passenger traffic,GWh,2005,5.3
North Savo,Water transport,Passenger traffic,GWh,2006,4.3
North Savo,Water transport,Passenger traffic,GWh,2007,5.2
North Savo,Water transport,Passenger traffic,GWh,2008,4.1
North Savo,Water transport,Passenger traffic,GWh,2009,4.2
North Savo,Water transport,Passenger traffic,GWh,2010,4.0
North Savo,Water transport,Passenger traffic,GWh,2011,3.0
North Savo,Water transport,Passenger traffic,GWh,2012,3.5
North Savo,Water transport,Passenger traffic,GWh,2013,4.0
North Savo,Water transport,Passenger traffic,GWh,2014,2.9
North Savo,Water transport,Passenger traffic,GWh,2015,2.7
North Savo,Water transport,Passenger traffic,GWh,2016,2.7
North Savo,Water transport,Passenger traffic,GWh,2017,3.3
North Savo,Water transport,Passenger traffic,GWh,2018,2.7
North Savo,Water transport,Passenger traffic,GWh,2019,2.4
North Savo,Water transport,Passenger traffic,GWh,2020,1.0
North Savo,Water transport,Passenger traffic,GWh,2021,0.5
North Savo,Water transport,Passenger traffic,GWh,2022,0.5
North Savo,Water transport,Passenger traffic,GWh,2023,0.5
North Savo,Water transport,Passenger traffic,GWh,2024,0.5
North Savo,Water transport,Goods traffic,GWh,1990,1.7
North Savo,Water transport,Goods traffic,GWh,2005,1.8
North Savo,Water transport,Goods traffic,GWh,2006,1.4
North Savo,Water transport,Goods traffic,GWh,2007,2.2
North Savo,Water transport,Goods traffic,GWh,2008,1.3
North Savo,Water transport,Goods traffic,GWh,2009,1.0
North Savo,Water transport,Goods traffic,GWh,2010,1.3
North Savo,Water transport,Goods traffic,GWh,2011,2.6
North Savo,Water transport,Goods traffic,GWh,2012,3.5
North Savo,Water transport,Goods traffic,GWh,2013,4.5
North Savo,Water transport,Goods traffic,GWh,2014,3.9
North Savo,Water transport,Goods traffic,GWh,2015,4.8
North Savo,Water transport,Goods traffic,GWh,2016,3.8
North Savo,Water transport,Goods traffic,GWh,2017,3.2
North Savo,Water transport,Goods traffic,GWh,2018,3.4
North Savo,Water transport,Goods traffic,GWh,2019,3.8
North Savo,Water transport,Goods traffic,GWh,2020,1.8
North Savo,Water transport,Goods traffic,GWh,2021,1.3
North Savo,Water transport,Goods traffic,GWh,2022,1.4
North Savo,Water transport,Goods traffic,GWh,2023,1.2
North Savo,Water transport,Goods traffic,GWh,2024,1.6
North Savo,Water transport,Fishing vessels,GWh,1990,0.0
North Savo,Water transport,Fishing vessels,GWh,2005,0.0
North Savo,Water transport,Fishing vessels,GWh,2006,0.0
North Savo,Water transport,Fishing vessels,GWh,2007,0.0
North Savo,Water transport,Fishing vessels,GWh,2008,0.0
North Savo,Water transport,Fishing vessels,GWh,2009,0.0
North Savo,Water transport,Fishing vessels,GWh,2010,0.0
North Savo,Water transport,Fishing vessels,GWh,2011,0.0
North Savo,Water transport,Fishing vessels,GWh,2012,0.0
North Savo,Water transport,Fishing vessels,GWh,2013,0.0
North Savo,Water transport,Fishing vessels,GWh,2014,0.0
North Savo,Water transport,Fishing vessels,GWh,2015,0.0
North Savo,Water transport,Fishing vessels,GWh,2016,0.0
North Savo,Water transport,Fishing vessels,GWh,2017,0.0
North Savo,Water transport,Fishing vessels,GWh,2018,0.0
North Savo,Water transport,Fishing vessels,GWh,2019,0.0
North Savo,Water transport,Fishing vessels,GWh,2020,0.0
North Savo,Water transport,Fishing vessels,GWh,2021,0.0
North Savo,Water transport,Fishing vessels,GWh,2022,0.0
North Savo,Water transport,Fishing vessels,GWh,2023,0.0
North Savo,Water transport,Fishing vessels,GWh,2024,0.0
North Savo,Water transport,,GWh,1990,1.4
North Savo,Water transport,,GWh,2005,1.3
North Savo,Water transport,,GWh,2006,1.2
North Savo,Water transport,,GWh,2007,1.2
North Savo,Water transport,,GWh,2008,1.1
North Savo,Water transport,,GWh,2009,1.1
North Savo,Water transport,,GWh,2010,1.2
North Savo,Water transport,,GWh,2011,0.6
North Savo,Water transport,,GWh,2012,1.6
North Savo,Water transport,,GWh,2013,1.4
North Savo,Water transport,,GWh,2014,1.2
North Savo,Water transport,,GWh,2015,1.2
North Savo,Water transport,,GWh,2016,1.0
North Savo,Water transport,,GWh,2017,1.2
North Savo,Water transport,,GWh,2018,1.0
North Savo,Water transport,,GWh,2019,1.1
North Savo,Water transport,,GWh,2020,1.1
North Savo,Water transport,,GWh,2021,1.2
North Savo,Water transport,,GWh,2022,1.2
North Savo,Water transport,,GWh,2023,1.2
North Savo,Water transport,,GWh,2024,1.0
North Savo,Water transport,Workboats and ships,GWh,1990,26.4
North Savo,Water transport,Workboats and ships,GWh,2005,22.7
North Savo,Water transport,Workboats and ships,GWh,2006,22.8
North Savo,Water transport,Workboats and ships,GWh,2007,22.7
North Savo,Water transport,Workboats and ships,GWh,2008,22.6
North Savo,Water transport,Workboats and ships,GWh,2009,22.6
North Savo,Water transport,Workboats and ships,GWh,2010,22.5
North Savo,Water transport,Workboats and ships,GWh,2011,22.5
North Savo,Water transport,Workboats and ships,GWh,2012,22.5
North Savo,Water transport,Workboats and ships,GWh,2013,22.4
North Savo,Water transport,Workboats and ships,GWh,2014,22.4
North Savo,Water transport,Workboats and ships,GWh,2015,22.7
North Savo,Water transport,Workboats and ships,GWh,2016,22.4
North Savo,Water transport,Workboats and ships,GWh,2017,22.3
North Savo,Water transport,Workboats and ships,GWh,2018,22.3
North Savo,Water transport,Workboats and ships,GWh,2019,22.3
North Savo,Water transport,Workboats and ships,GWh,2020,22.3
North Savo,Water transport,Workboats and ships,GWh,2021,22.4
North Savo,Water transport,Workboats and ships,GWh,2022,22.4
North Savo,Water transport,Workboats and ships,GWh,2023,22.4
North Savo,Water transport,Workboats and ships,GWh,2024,11.2
North Savo,Emission credits,Wind power,GWh,1990,0.0
North Savo,Emission credits,Wind power,GWh,2005,0.0
North Savo,Emission credits,Wind power,GWh,2006,0.0
North Savo,Emission credits,Wind power,GWh,2007,0.0
North Savo,Emission credits,Wind power,GWh,2008,0.0
North Savo,Emission credits,Wind power,GWh,2009,0.0
North Savo,Emission credits,Wind power,GWh,2010,0.0
North Savo,Emission credits,Wind power,GWh,2011,0.0
North Savo,Emission credits,Wind power,GWh,2012,0.0
North Savo,Emission credits,Wind power,GWh,2013,0.0
North Savo,Emission credits,Wind power,GWh,2014,0.0
North Savo,Emission credits,Wind power,GWh,2015,0.0
North Savo,Emission credits,Wind power,GWh,2016,0.0
North Savo,Emission credits,Wind power,GWh,2017,23.7
North Savo,Emission credits,Wind power,GWh,2018,28.9
North Savo,Emission credits,Wind power,GWh,2019,26.7
North Savo,Emission credits,Wind power,GWh,2020,31.1
North Savo,Emission credits,Wind power,GWh,2021,26.0
North Savo,Emission credits,Wind power,GWh,2022,21.0
North Savo,Emission credits,Wind power,GWh,2023,21.5
North Savo,Emission credits,Wind power,GWh,2024,36.6
Ostrobothnia,Electricity,Housing,GWh,1990,232.1
Ostrobothnia,Electricity,Housing,GWh,2005,353.7
Ostrobothnia,Electricity,Housing,GWh,2006,364.4
Ostrobothnia,Electricity,Housing,GWh,2007,360.6
Ostrobothnia,Electricity,Housing,GWh,2008,362.2
Ostrobothnia,Electricity,Housing,GWh,2009,369.1
Ostrobothnia,Electricity,Housing,GWh,2010,402.0
Ostrobothnia,Electricity,Housing,GWh,2011,379.8
Ostrobothnia,Electricity,Housing,GWh,2012,394.8
Ostrobothnia,Electricity,Housing,GWh,2013,378.5
Ostrobothnia,Electricity,Housing,GWh,2014,374.7
Ostrobothnia,Electricity,Housing,GWh,2015,379.2
Ostrobothnia,Electricity,Housing,GWh,2016,401.8
Ostrobothnia,Electricity,Housing,GWh,2017,399.8
Ostrobothnia,Electricity,Housing,GWh,2018,406.9
Ostrobothnia,Electricity,Housing,GWh,2019,401.4
Ostrobothnia,Electricity,Housing,GWh,2020,384.4
Ostrobothnia,Electricity,Housing,GWh,2021,428.9
Ostrobothnia,Electricity,Housing,GWh,2022,377.2
Ostrobothnia,Electricity,Housing,GWh,2023,370.8
Ostrobothnia,Electricity,Housing,GWh,2024,408.6
Ostrobothnia,Electricity,Agriculture,GWh,1990,64.2
Ostrobothnia,Electricity,Agriculture,GWh,2005,259.9
Ostrobothnia,Electricity,Agriculture,GWh,2006,270.1
Ostrobothnia,Electricity,Agriculture,GWh,2007,274.0
Ostrobothnia,Electricity,Agriculture,GWh,2008,315.0
Ostrobothnia,Electricity,Agriculture,GWh,2009,324.1
Ostrobothnia,Electricity,Agriculture,GWh,2010,350.3
Ostrobothnia,Electricity,Agriculture,GWh,2011,364.6
Ostrobothnia,Electricity,Agriculture,GWh,2012,392.0
Ostrobothnia,Electricity,Agriculture,GWh,2013,375.8
Ostrobothnia,Electricity,Agriculture,GWh,2014,420.5
Ostrobothnia,Electricity,Agriculture,GWh,2015,476.4
Ostrobothnia,Electricity,Agriculture,GWh,2016,516.0
Ostrobothnia,Electricity,Agriculture,GWh,2017,544.6
Ostrobothnia,Electricity,Agriculture,GWh,2018,559.0
Ostrobothnia,Electricity,Agriculture,GWh,2019,564.1
Ostrobothnia,Electricity,Agriculture,GWh,2020,555.8
Ostrobothnia,Electricity,Agriculture,GWh,2021,566.3
Ostrobothnia,Electricity,Agriculture,GWh,2022,590.0
Ostrobothnia,Electricity,Agriculture,GWh,2023,570.0
Ostrobothnia,Electricity,Agriculture,GWh,2024,465.3
Ostrobothnia,Electricity,Services,GWh,1990,244.4
Ostrobothnia,Electricity,Services,GWh,2005,376.1
Ostrobothnia,Electricity,Services,GWh,2006,400.6
Ostrobothnia,Electricity,Services,GWh,2007,404.5
Ostrobothnia,Electricity,Services,GWh,2008,406.0
Ostrobothnia,Electricity,Services,GWh,2009,419.1
Ostrobothnia,Electricity,Services,GWh,2010,432.9
Ostrobothnia,Electricity,Services,GWh,2011,416.8
Ostrobothnia,Electricity,Services,GWh,2012,427.8
Ostrobothnia,Electricity,Services,GWh,2013,426.1
Ostrobothnia,Electricity,Services,GWh,2014,432.6
Ostrobothnia,Electricity,Services,GWh,2015,433.5
Ostrobothnia,Electricity,Services,GWh,2016,445.2
Ostrobothnia,Electricity,Services,GWh,2017,441.5
Ostrobothnia,Electricity,Services,GWh,2018,436.3
Ostrobothnia,Electricity,Services,GWh,2019,436.7
Ostrobothnia,Electricity,Services,GWh,2020,403.8
Ostrobothnia,Electricity,Services,GWh,2021,424.1
Ostrobothnia,Electricity,Services,GWh,2022,456.9
Ostrobothnia,Electricity,Services,GWh,2023,554.2
Ostrobothnia,Electricity,Services,GWh,2024,642.4
Ostrobothnia,Electricity,Industry,GWh,1990,1042.3
Ostrobothnia,Electricity,Industry,GWh,2005,1878.8
Ostrobothnia,Electricity,Industry,GWh,2006,2057.3
Ostrobothnia,Electricity,Industry,GWh,2007,2040.3
Ostrobothnia,Electricity,Industry,GWh,2008,2057.5
Ostrobothnia,Electricity,Industry,GWh,2009,1557.7
Ostrobothnia,Electricity,Industry,GWh,2010,1767.3
Ostrobothnia,Electricity,Industry,GWh,2011,1646.9
Ostrobothnia,Electricity,Industry,GWh,2012,1692.4
Ostrobothnia,Electricity,Industry,GWh,2013,1646.3
Ostrobothnia,Electricity,Industry,GWh,2014,1563.2
Ostrobothnia,Electricity,Industry,GWh,2015,1387.7
Ostrobothnia,Electricity,Industry,GWh,2016,1433.7
Ostrobothnia,Electricity,Industry,GWh,2017,1444.4
Ostrobothnia,Electricity,Industry,GWh,2018,1400.8
Ostrobothnia,Electricity,Industry,GWh,2019,1437.3
Ostrobothnia,Electricity,Industry,GWh,2020,1361.2
Ostrobothnia,Electricity,Industry,GWh,2021,1431.8
Ostrobothnia,Electricity,Industry,GWh,2022,1212.4
Ostrobothnia,Electricity,Industry,GWh,2023,1125.4
Ostrobothnia,Electricity,Industry,GWh,2024,1258.3
Ostrobothnia,Electric heating,Housing,GWh,1990,181.0
Ostrobothnia,Electric heating,Housing,GWh,2005,266.2
Ostrobothnia,Electric heating,Housing,GWh,2006,274.8
Ostrobothnia,Electric heating,Housing,GWh,2007,279.6
Ostrobothnia,Electric heating,Housing,GWh,2008,279.6
Ostrobothnia,Electric heating,Housing,GWh,2009,282.2
Ostrobothnia,Electric heating,Housing,GWh,2010,320.8
Ostrobothnia,Electric heating,Housing,GWh,2011,288.6
Ostrobothnia,Electric heating,Housing,GWh,2012,312.4
Ostrobothnia,Electric heating,Housing,GWh,2013,298.1
Ostrobothnia,Electric heating,Housing,GWh,2014,296.5
Ostrobothnia,Electric heating,Housing,GWh,2015,296.3
Ostrobothnia,Electric heating,Housing,GWh,2016,320.0
Ostrobothnia,Electric heating,Housing,GWh,2017,320.3
Ostrobothnia,Electric heating,Housing,GWh,2018,323.5
Ostrobothnia,Electric heating,Housing,GWh,2019,324.8
Ostrobothnia,Electric heating,Housing,GWh,2020,313.7
Ostrobothnia,Electric heating,Housing,GWh,2021,342.1
Ostrobothnia,Electric heating,Housing,GWh,2022,295.5
Ostrobothnia,Electric heating,Housing,GWh,2023,296.5
Ostrobothnia,Electric heating,Housing,GWh,2024,326.1
Ostrobothnia,Electric heating,Agriculture,GWh,1990,16.3
Ostrobothnia,Electric heating,Agriculture,GWh,2005,23.1
Ostrobothnia,Electric heating,Agriculture,GWh,2006,23.9
Ostrobothnia,Electric heating,Agriculture,GWh,2007,25.1
Ostrobothnia,Electric heating,Agriculture,GWh,2008,23.4
Ostrobothnia,Electric heating,Agriculture,GWh,2009,25.0
Ostrobothnia,Electric heating,Agriculture,GWh,2010,25.9
Ostrobothnia,Electric heating,Agriculture,GWh,2011,25.2
Ostrobothnia,Electric heating,Agriculture,GWh,2012,26.1
Ostrobothnia,Electric heating,Agriculture,GWh,2013,26.6
Ostrobothnia,Electric heating,Agriculture,GWh,2014,26.6
Ostrobothnia,Electric heating,Agriculture,GWh,2015,26.1
Ostrobothnia,Electric heating,Agriculture,GWh,2016,26.7
Ostrobothnia,Electric heating,Agriculture,GWh,2017,26.4
Ostrobothnia,Electric heating,Agriculture,GWh,2018,26.4
Ostrobothnia,Electric heating,Agriculture,GWh,2019,26.9
Ostrobothnia,Electric heating,Agriculture,GWh,2020,27.7
Ostrobothnia,Electric heating,Agriculture,GWh,2021,27.8
Ostrobothnia,Electric heating,Agriculture,GWh,2022,27.3
Ostrobothnia,Electric heating,Agriculture,GWh,2023,27.4
Ostrobothnia,Electric heating,Agriculture,GWh,2024,22.7
Ostrobothnia,Electric heating,Services,GWh,1990,41.9
Ostrobothnia,Electric heating,Services,GWh,2005,54.0
Ostrobothnia,Electric heating,Services,GWh,2006,41.9
Ostrobothnia,Electric heating,Services,GWh,2007,47.0
Ostrobothnia,Electric heating,Services,GWh,2008,47.0
Ostrobothnia,Electric heating,Services,GWh,2009,48.3
Ostrobothnia,Electric heating,Services,GWh,2010,51.9
Ostrobothnia,Electric heating,Services,GWh,2011,47.5
Ostrobothnia,Electric heating,Services,GWh,2012,49.0
Ostrobothnia,Electric heating,Services,GWh,2013,49.1
Ostrobothnia,Electric heating,Services,GWh,2014,48.5
Ostrobothnia,Electric heating,Services,GWh,2015,49.0
Ostrobothnia,Electric heating,Services,GWh,2016,51.7
Ostrobothnia,Electric heating,Services,GWh,2017,53.2
Ostrobothnia,Electric heating,Services,GWh,2018,54.0
Ostrobothnia,Electric heating,Services,GWh,2019,56.9
Ostrobothnia,Electric heating,Services,GWh,2020,53.8
Ostrobothnia,Electric heating,Services,GWh,2021,59.7
Ostrobothnia,Electric heating,Services,GWh,2022,61.0
Ostrobothnia,Electric heating,Services,GWh,2023,62.2
Ostrobothnia,Electric heating,Services,GWh,2024,61.0
Ostrobothnia,District heating,Housing,GWh,1990,341.0
Ostrobothnia,District heating,Housing,GWh,2005,457.9
Ostrobothnia,District heating,Housing,GWh,2006,486.8
Ostrobothnia,District heating,Housing,GWh,2007,498.0
Ostrobothnia,District heating,Housing,GWh,2008,489.0
Ostrobothnia,District heating,Housing,GWh,2009,522.7
Ostrobothnia,District heating,Housing,GWh,2010,588.9
Ostrobothnia,District heating,Housing,GWh,2011,512.9
Ostrobothnia,District heating,Housing,GWh,2012,575.0
Ostrobothnia,District heating,Housing,GWh,2013,525.3
Ostrobothnia,District heating,Housing,GWh,2014,528.2
Ostrobothnia,District heating,Housing,GWh,2015,498.4
Ostrobothnia,District heating,Housing,GWh,2016,559.7
Ostrobothnia,District heating,Housing,GWh,2017,556.3
Ostrobothnia,District heating,Housing,GWh,2018,553.9
Ostrobothnia,District heating,Housing,GWh,2019,566.1
Ostrobothnia,District heating,Housing,GWh,2020,513.8
Ostrobothnia,District heating,Housing,GWh,2021,602.3
Ostrobothnia,District heating,Housing,GWh,2022,565.2
Ostrobothnia,District heating,Housing,GWh,2023,575.3
Ostrobothnia,District heating,Housing,GWh,2024,549.5
Ostrobothnia,District heating,Agriculture,GWh,1990,1.4
Ostrobothnia,District heating,Agriculture,GWh,2005,6.1
Ostrobothnia,District heating,Agriculture,GWh,2006,5.1
Ostrobothnia,District heating,Agriculture,GWh,2007,5.2
Ostrobothnia,District heating,Agriculture,GWh,2008,5.2
Ostrobothnia,District heating,Agriculture,GWh,2009,6.5
Ostrobothnia,District heating,Agriculture,GWh,2010,7.3
Ostrobothnia,District heating,Agriculture,GWh,2011,4.8
Ostrobothnia,District heating,Agriculture,GWh,2012,5.2
Ostrobothnia,District heating,Agriculture,GWh,2013,3.1
Ostrobothnia,District heating,Agriculture,GWh,2014,2.9
Ostrobothnia,District heating,Agriculture,GWh,2015,4.4
Ostrobothnia,District heating,Agriculture,GWh,2016,4.4
Ostrobothnia,District heating,Agriculture,GWh,2017,3.8
Ostrobothnia,District heating,Agriculture,GWh,2018,4.0
Ostrobothnia,District heating,Agriculture,GWh,2019,4.0
Ostrobothnia,District heating,Agriculture,GWh,2020,8.4
Ostrobothnia,District heating,Agriculture,GWh,2021,9.6
Ostrobothnia,District heating,Agriculture,GWh,2022,8.9
Ostrobothnia,District heating,Agriculture,GWh,2023,10.1
Ostrobothnia,District heating,Agriculture,GWh,2024,9.8
Ostrobothnia,District heating,Services,GWh,1990,221.3
Ostrobothnia,District heating,Services,GWh,2005,259.8
Ostrobothnia,District heating,Services,GWh,2006,258.2
Ostrobothnia,District heating,Services,GWh,2007,277.6
Ostrobothnia,District heating,Services,GWh,2008,274.1
Ostrobothnia,District heating,Services,GWh,2009,300.4
Ostrobothnia,District heating,Services,GWh,2010,356.6
Ostrobothnia,District heating,Services,GWh,2011,296.2
Ostrobothnia,District heating,Services,GWh,2012,336.2
Ostrobothnia,District heating,Services,GWh,2013,305.8
Ostrobothnia,District heating,Services,GWh,2014,313.2
Ostrobothnia,District heating,Services,GWh,2015,295.9
Ostrobothnia,District heating,Services,GWh,2016,331.4
Ostrobothnia,District heating,Services,GWh,2017,341.5
Ostrobothnia,District heating,Services,GWh,2018,341.2
Ostrobothnia,District heating,Services,GWh,2019,344.3
Ostrobothnia,District heating,Services,GWh,2020,314.4
Ostrobothnia,District heating,Services,GWh,2021,377.2
Ostrobothnia,District heating,Services,GWh,2022,364.6
Ostrobothnia,District heating,Services,GWh,2023,367.6
Ostrobothnia,District heating,Services,GWh,2024,352.9
Ostrobothnia,District heating,Industry,GWh,1990,91.7
Ostrobothnia,District heating,Industry,GWh,2005,108.3
Ostrobothnia,District heating,Industry,GWh,2006,99.2
Ostrobothnia,District heating,Industry,GWh,2007,94.7
Ostrobothnia,District heating,Industry,GWh,2008,91.4
Ostrobothnia,District heating,Industry,GWh,2009,104.5
Ostrobothnia,District heating,Industry,GWh,2010,115.4
Ostrobothnia,District heating,Industry,GWh,2011,98.9
Ostrobothnia,District heating,Industry,GWh,2012,113.8
Ostrobothnia,District heating,Industry,GWh,2013,110.4
Ostrobothnia,District heating,Industry,GWh,2014,110.0
Ostrobothnia,District heating,Industry,GWh,2015,101.9
Ostrobothnia,District heating,Industry,GWh,2016,114.6
Ostrobothnia,District heating,Industry,GWh,2017,111.0
Ostrobothnia,District heating,Industry,GWh,2018,108.7
Ostrobothnia,District heating,Industry,GWh,2019,119.6
Ostrobothnia,District heating,Industry,GWh,2020,105.5
Ostrobothnia,District heating,Industry,GWh,2021,138.8
Ostrobothnia,District heating,Industry,GWh,2022,132.0
Ostrobothnia,District heating,Industry,GWh,2023,133.4
Ostrobothnia,District heating,Industry,GWh,2024,127.6
Ostrobothnia,Oil heating,Housing,GWh,1990,560.1
Ostrobothnia,Oil heating,Housing,GWh,2005,410.2
Ostrobothnia,Oil heating,Housing,GWh,2006,402.4
Ostrobothnia,Oil heating,Housing,GWh,2007,391.6
Ostrobothnia,Oil heating,Housing,GWh,2008,298.0
Ostrobothnia,Oil heating,Housing,GWh,2009,294.8
Ostrobothnia,Oil heating,Housing,GWh,2010,334.9
Ostrobothnia,Oil heating,Housing,GWh,2011,237.6
Ostrobothnia,Oil heating,Housing,GWh,2012,251.5
Ostrobothnia,Oil heating,Housing,GWh,2013,211.1
Ostrobothnia,Oil heating,Housing,GWh,2014,203.6
Ostrobothnia,Oil heating,Housing,GWh,2015,181.5
Ostrobothnia,Oil heating,Housing,GWh,2016,192.0
Ostrobothnia,Oil heating,Housing,GWh,2017,183.5
Ostrobothnia,Oil heating,Housing,GWh,2018,166.4
Ostrobothnia,Oil heating,Housing,GWh,2019,160.4
Ostrobothnia,Oil heating,Housing,GWh,2020,137.9
Ostrobothnia,Oil heating,Housing,GWh,2021,125.1
Ostrobothnia,Oil heating,Housing,GWh,2022,88.7
Ostrobothnia,Oil heating,Housing,GWh,2023,45.4
Ostrobothnia,Oil heating,Housing,GWh,2024,38.1
Ostrobothnia,Oil heating,Agriculture,GWh,1990,161.6
Ostrobothnia,Oil heating,Agriculture,GWh,2005,72.3
Ostrobothnia,Oil heating,Agriculture,GWh,2006,69.0
Ostrobothnia,Oil heating,Agriculture,GWh,2007,63.7
Ostrobothnia,Oil heating,Agriculture,GWh,2008,56.3
Ostrobothnia,Oil heating,Agriculture,GWh,2009,55.4
Ostrobothnia,Oil heating,Agriculture,GWh,2010,68.5
Ostrobothnia,Oil heating,Agriculture,GWh,2011,52.9
Ostrobothnia,Oil heating,Agriculture,GWh,2012,60.4
Ostrobothnia,Oil heating,Agriculture,GWh,2013,40.6
Ostrobothnia,Oil heating,Agriculture,GWh,2014,40.8
Ostrobothnia,Oil heating,Agriculture,GWh,2015,37.2
Ostrobothnia,Oil heating,Agriculture,GWh,2016,29.4
Ostrobothnia,Oil heating,Agriculture,GWh,2017,26.9
Ostrobothnia,Oil heating,Agriculture,GWh,2018,29.2
Ostrobothnia,Oil heating,Agriculture,GWh,2019,29.2
Ostrobothnia,Oil heating,Agriculture,GWh,2020,25.2
Ostrobothnia,Oil heating,Agriculture,GWh,2021,29.3
Ostrobothnia,Oil heating,Agriculture,GWh,2022,27.3
Ostrobothnia,Oil heating,Agriculture,GWh,2023,27.3
Ostrobothnia,Oil heating,Agriculture,GWh,2024,18.4
Ostrobothnia,Oil heating,Services,GWh,1990,226.8
Ostrobothnia,Oil heating,Services,GWh,2005,162.9
Ostrobothnia,Oil heating,Services,GWh,2006,154.9
Ostrobothnia,Oil heating,Services,GWh,2007,150.1
Ostrobothnia,Oil heating,Services,GWh,2008,121.5
Ostrobothnia,Oil heating,Services,GWh,2009,135.7
Ostrobothnia,Oil heating,Services,GWh,2010,156.8
Ostrobothnia,Oil heating,Services,GWh,2011,125.6
Ostrobothnia,Oil heating,Services,GWh,2012,142.1
Ostrobothnia,Oil heating,Services,GWh,2013,124.0
Ostrobothnia,Oil heating,Services,GWh,2014,120.4
Ostrobothnia,Oil heating,Services,GWh,2015,108.2
Ostrobothnia,Oil heating,Services,GWh,2016,124.6
Ostrobothnia,Oil heating,Services,GWh,2017,122.5
Ostrobothnia,Oil heating,Services,GWh,2018,120.7
Ostrobothnia,Oil heating,Services,GWh,2019,124.6
Ostrobothnia,Oil heating,Services,GWh,2020,111.9
Ostrobothnia,Oil heating,Services,GWh,2021,132.1
Ostrobothnia,Oil heating,Services,GWh,2022,125.8
Ostrobothnia,Oil heating,Services,GWh,2023,127.0
Ostrobothnia,Oil heating,Services,GWh,2024,121.8
Ostrobothnia,Other heating,Housing,GWh,1990,460.1
Ostrobothnia,Other heating,Housing,GWh,2005,602.4
Ostrobothnia,Other heating,Housing,GWh,2006,573.4
Ostrobothnia,Other heating,Housing,GWh,2007,612.9
Ostrobothnia,Other heating,Housing,GWh,2008,608.3
Ostrobothnia,Other heating,Housing,GWh,2009,633.1
Ostrobothnia,Other heating,Housing,GWh,2010,727.2
Ostrobothnia,Other heating,Housing,GWh,2011,591.3
Ostrobothnia,Other heating,Housing,GWh,2012,654.2
Ostrobothnia,Other heating,Housing,GWh,2013,609.3
Ostrobothnia,Other heating,Housing,GWh,2014,615.9
Ostrobothnia,Other heating,Housing,GWh,2015,576.5
Ostrobothnia,Other heating,Housing,GWh,2016,639.3
Ostrobothnia,Other heating,Housing,GWh,2017,622.9
Ostrobothnia,Other heating,Housing,GWh,2018,613.9
Ostrobothnia,Other heating,Housing,GWh,2019,619.9
Ostrobothnia,Other heating,Housing,GWh,2020,571.1
Ostrobothnia,Other heating,Housing,GWh,2021,645.1
Ostrobothnia,Other heating,Housing,GWh,2022,596.4
Ostrobothnia,Other heating,Housing,GWh,2023,595.6
Ostrobothnia,Other heating,Housing,GWh,2024,558.1
Ostrobothnia,Other heating,Agriculture,GWh,1990,604.9
Ostrobothnia,Other heating,Agriculture,GWh,2005,503.1
Ostrobothnia,Other heating,Agriculture,GWh,2006,458.2
Ostrobothnia,Other heating,Agriculture,GWh,2007,477.9
Ostrobothnia,Other heating,Agriculture,GWh,2008,384.4
Ostrobothnia,Other heating,Agriculture,GWh,2009,428.2
Ostrobothnia,Other heating,Agriculture,GWh,2010,462.6
Ostrobothnia,Other heating,Agriculture,GWh,2011,395.4
Ostrobothnia,Other heating,Agriculture,GWh,2012,363.6
Ostrobothnia,Other heating,Agriculture,GWh,2013,379.9
Ostrobothnia,Other heating,Agriculture,GWh,2014,341.0
Ostrobothnia,Other heating,Agriculture,GWh,2015,361.0
Ostrobothnia,Other heating,Agriculture,GWh,2016,403.2
Ostrobothnia,Other heating,Agriculture,GWh,2017,409.9
Ostrobothnia,Other heating,Agriculture,GWh,2018,413.1
Ostrobothnia,Other heating,Agriculture,GWh,2019,423.5
Ostrobothnia,Other heating,Agriculture,GWh,2020,312.9
Ostrobothnia,Other heating,Agriculture,GWh,2021,339.5
Ostrobothnia,Other heating,Agriculture,GWh,2022,345.8
Ostrobothnia,Other heating,Agriculture,GWh,2023,346.6
Ostrobothnia,Other heating,Agriculture,GWh,2024,299.3
Ostrobothnia,Other heating,Services,GWh,1990,193.8
Ostrobothnia,Other heating,Services,GWh,2005,52.8
Ostrobothnia,Other heating,Services,GWh,2006,52.0
Ostrobothnia,Other heating,Services,GWh,2007,56.7
Ostrobothnia,Other heating,Services,GWh,2008,55.3
Ostrobothnia,Other heating,Services,GWh,2009,61.4
Ostrobothnia,Other heating,Services,GWh,2010,70.8
Ostrobothnia,Other heating,Services,GWh,2011,58.2
Ostrobothnia,Other heating,Services,GWh,2012,64.3
Ostrobothnia,Other heating,Services,GWh,2013,64.3
Ostrobothnia,Other heating,Services,GWh,2014,64.0
Ostrobothnia,Other heating,Services,GWh,2015,57.6
Ostrobothnia,Other heating,Services,GWh,2016,64.8
Ostrobothnia,Other heating,Services,GWh,2017,64.5
Ostrobothnia,Other heating,Services,GWh,2018,62.7
Ostrobothnia,Other heating,Services,GWh,2019,70.7
Ostrobothnia,Other heating,Services,GWh,2020,64.5
Ostrobothnia,Other heating,Services,GWh,2021,78.7
Ostrobothnia,Other heating,Services,GWh,2022,69.4
Ostrobothnia,Other heating,Services,GWh,2023,69.8
Ostrobothnia,Other heating,Services,GWh,2024,68.6
Ostrobothnia,Industry,Industrial fuels,GWh,1990,3521.8
Ostrobothnia,Industry,Industrial fuels,GWh,2005,3874.2
Ostrobothnia,Industry,Industrial fuels,GWh,2006,4502.0
Ostrobothnia,Industry,Industrial fuels,GWh,2007,4867.7
Ostrobothnia,Industry,Industrial fuels,GWh,2008,4695.4
Ostrobothnia,Industry,Industrial fuels,GWh,2009,2698.7
Ostrobothnia,Industry,Industrial fuels,GWh,2010,2794.7
Ostrobothnia,Industry,Industrial fuels,GWh,2011,2737.1
Ostrobothnia,Industry,Industrial fuels,GWh,2012,2901.7
Ostrobothnia,Industry,Industrial fuels,GWh,2013,3054.5
Ostrobothnia,Industry,Industrial fuels,GWh,2014,3011.5
Ostrobothnia,Industry,Industrial fuels,GWh,2015,2960.4
Ostrobothnia,Industry,Industrial fuels,GWh,2016,3348.0
Ostrobothnia,Industry,Industrial fuels,GWh,2017,3656.4
Ostrobothnia,Industry,Industrial fuels,GWh,2018,3474.7
Ostrobothnia,Industry,Industrial fuels,GWh,2019,3376.7
Ostrobothnia,Industry,Industrial fuels,GWh,2020,3311.2
Ostrobothnia,Industry,Industrial fuels,GWh,2021,3706.2
Ostrobothnia,Industry,Industrial fuels,GWh,2022,590.2
Ostrobothnia,Industry,Industrial fuels,GWh,2023,3883.6
Ostrobothnia,Industry,Industrial fuels,GWh,2024,4997.6
Ostrobothnia,Machinery,Mining and industrial machinery,GWh,1990,68.2
Ostrobothnia,Machinery,Mining and industrial machinery,GWh,2005,69.8
Ostrobothnia,Machinery,Mining and industrial machinery,GWh,2006,70.4
Ostrobothnia,Machinery,Mining and industrial machinery,GWh,2007,72.3
Ostrobothnia,Machinery,Mining and industrial machinery,GWh,2008,73.9
Ostrobothnia,Machinery,Mining and industrial machinery,GWh,2009,64.4
Ostrobothnia,Machinery,Mining and industrial machinery,GWh,2010,67.1
Ostrobothnia,Machinery,Mining and industrial machinery,GWh,2011,65.8
Ostrobothnia,Machinery,Mining and industrial machinery,GWh,2012,62.4
Ostrobothnia,Machinery,Mining and industrial machinery,GWh,2013,60.0
Ostrobothnia,Machinery,Mining and industrial machinery,GWh,2014,58.1
Ostrobothnia,Machinery,Mining and industrial machinery,GWh,2015,57.5
Ostrobothnia,Machinery,Mining and industrial machinery,GWh,2016,55.0
Ostrobothnia,Machinery,Mining and industrial machinery,GWh,2017,57.2
Ostrobothnia,Machinery,Mining and industrial machinery,GWh,2018,56.2
Ostrobothnia,Machinery,Mining and industrial machinery,GWh,2019,57.9
Ostrobothnia,Machinery,Mining and industrial machinery,GWh,2020,57.4
Ostrobothnia,Machinery,Mining and industrial machinery,GWh,2021,53.6
Ostrobothnia,Machinery,Mining and industrial machinery,GWh,2022,54.3
Ostrobothnia,Machinery,Mining and industrial machinery,GWh,2023,52.7
Ostrobothnia,Machinery,Mining and industrial machinery,GWh,2024,53.5
Ostrobothnia,Machinery,Agricultural and forestry machinery,GWh,1990,171.3
Ostrobothnia,Machinery,Agricultural and forestry machinery,GWh,2005,167.1
Ostrobothnia,Machinery,Agricultural and forestry machinery,GWh,2006,157.5
Ostrobothnia,Machinery,Agricultural and forestry machinery,GWh,2007,167.7
Ostrobothnia,Machinery,Agricultural and forestry machinery,GWh,2008,162.1
Ostrobothnia,Machinery,Agricultural and forestry machinery,GWh,2009,147.2
Ostrobothnia,Machinery,Agricultural and forestry machinery,GWh,2010,147.6
Ostrobothnia,Machinery,Agricultural and forestry machinery,GWh,2011,145.7
Ostrobothnia,Machinery,Agricultural and forestry machinery,GWh,2012,151.3
Ostrobothnia,Machinery,Agricultural and forestry machinery,GWh,2013,155.5
Ostrobothnia,Machinery,Agricultural and forestry machinery,GWh,2014,150.2
Ostrobothnia,Machinery,Agricultural and forestry machinery,GWh,2015,153.7
Ostrobothnia,Machinery,Agricultural and forestry machinery,GWh,2016,151.8
Ostrobothnia,Machinery,Agricultural and forestry machinery,GWh,2017,149.7
Ostrobothnia,Machinery,Agricultural and forestry machinery,GWh,2018,142.1
Ostrobothnia,Machinery,Agricultural and forestry machinery,GWh,2019,147.1
Ostrobothnia,Machinery,Agricultural and forestry machinery,GWh,2020,151.0
Ostrobothnia,Machinery,Agricultural and forestry machinery,GWh,2021,144.2
Ostrobothnia,Machinery,Agricultural and forestry machinery,GWh,2022,145.4
Ostrobothnia,Machinery,Agricultural and forestry machinery,GWh,2023,147.1
Ostrobothnia,Machinery,Agricultural and forestry machinery,GWh,2024,144.9
Ostrobothnia,Machinery,Other machinery,GWh,1990,17.4
Ostrobothnia,Machinery,Other machinery,GWh,2005,19.9
Ostrobothnia,Machinery,Other machinery,GWh,2006,20.2
Ostrobothnia,Machinery,Other machinery,GWh,2007,20.3
Ostrobothnia,Machinery,Other machinery,GWh,2008,19.5
Ostrobothnia,Machinery,Other machinery,GWh,2009,18.4
Ostrobothnia,Machinery,Other machinery,GWh,2010,18.1
Ostrobothnia,Machinery,Other machinery,GWh,2011,19.1
Ostrobothnia,Machinery,Other machinery,GWh,2012,19.9
Ostrobothnia,Machinery,Other machinery,GWh,2013,20.3
Ostrobothnia,Machinery,Other machinery,GWh,2014,19.9
Ostrobothnia,Machinery,Other machinery,GWh,2015,20.5
Ostrobothnia,Machinery,Other machinery,GWh,2016,20.5
Ostrobothnia,Machinery,Other machinery,GWh,2017,20.2
Ostrobothnia,Machinery,Other machinery,GWh,2018,19.0
Ostrobothnia,Machinery,Other machinery,GWh,2019,19.4
Ostrobothnia,Machinery,Other machinery,GWh,2020,19.4
Ostrobothnia,Machinery,Other machinery,GWh,2021,18.2
Ostrobothnia,Machinery,Other machinery,GWh,2022,18.5
Ostrobothnia,Machinery,Other machinery,GWh,2023,17.9
Ostrobothnia,Machinery,Other machinery,GWh,2024,17.0
Ostrobothnia,Machinery,Construction machinery,GWh,1990,49.2
Ostrobothnia,Machinery,Construction machinery,GWh,2005,61.4
Ostrobothnia,Machinery,Construction machinery,GWh,2006,56.6
Ostrobothnia,Machinery,Construction machinery,GWh,2007,63.9
Ostrobothnia,Machinery,Construction machinery,GWh,2008,86.0
Ostrobothnia,Machinery,Construction machinery,GWh,2009,77.2
Ostrobothnia,Machinery,Construction machinery,GWh,2010,84.2
Ostrobothnia,Machinery,Construction machinery,GWh,2011,66.6
Ostrobothnia,Machinery,Construction machinery,GWh,2012,64.5
Ostrobothnia,Machinery,Construction machinery,GWh,2013,81.4
Ostrobothnia,Machinery,Construction machinery,GWh,2014,100.3
Ostrobothnia,Machinery,Construction machinery,GWh,2015,83.0
Ostrobothnia,Machinery,Construction machinery,GWh,2016,51.6
Ostrobothnia,Machinery,Construction machinery,GWh,2017,80.5
Ostrobothnia,Machinery,Construction machinery,GWh,2018,71.1
Ostrobothnia,Machinery,Construction machinery,GWh,2019,81.3
Ostrobothnia,Machinery,Construction machinery,GWh,2020,81.0
Ostrobothnia,Machinery,Construction machinery,GWh,2021,117.9
Ostrobothnia,Machinery,Construction machinery,GWh,2022,73.3
Ostrobothnia,Machinery,Construction machinery,GWh,2023,57.3
Ostrobothnia,Machinery,Construction machinery,GWh,2024,59.8
Ostrobothnia,Machinery,Road construction machinery,GWh,1990,55.3
Ostrobothnia,Machinery,Road construction machinery,GWh,2005,59.3
Ostrobothnia,Machinery,Road construction machinery,GWh,2006,59.9
Ostrobothnia,Machinery,Road construction machinery,GWh,2007,61.8
Ostrobothnia,Machinery,Road construction machinery,GWh,2008,65.5
Ostrobothnia,Machinery,Road construction machinery,GWh,2009,64.8
Ostrobothnia,Machinery,Road construction machinery,GWh,2010,63.8
Ostrobothnia,Machinery,Road construction machinery,GWh,2011,58.8
Ostrobothnia,Machinery,Road construction machinery,GWh,2012,64.0
Ostrobothnia,Machinery,Road construction machinery,GWh,2013,63.1
Ostrobothnia,Machinery,Road construction machinery,GWh,2014,61.7
Ostrobothnia,Machinery,Road construction machinery,GWh,2015,62.0
Ostrobothnia,Machinery,Road construction machinery,GWh,2016,59.0
Ostrobothnia,Machinery,Road construction machinery,GWh,2017,67.6
Ostrobothnia,Machinery,Road construction machinery,GWh,2018,69.6
Ostrobothnia,Machinery,Road construction machinery,GWh,2019,72.3
Ostrobothnia,Machinery,Road construction machinery,GWh,2020,74.4
Ostrobothnia,Machinery,Road construction machinery,GWh,2021,72.0
Ostrobothnia,Machinery,Road construction machinery,GWh,2022,75.2
Ostrobothnia,Machinery,Road construction machinery,GWh,2023,74.8
Ostrobothnia,Machinery,Road construction machinery,GWh,2024,74.1
Ostrobothnia,Road transport,Passenger cars,GWh,1990,972.3
Ostrobothnia,Road transport,Passenger cars,GWh,2005,885.8
Ostrobothnia,Road transport,Passenger cars,GWh,2006,889.8
Ostrobothnia,Road transport,Passenger cars,GWh,2007,906.8
Ostrobothnia,Road transport,Passenger cars,GWh,2008,880.1
Ostrobothnia,Road transport,Passenger cars,GWh,2009,892.3
Ostrobothnia,Road transport,Passenger cars,GWh,2010,889.0
Ostrobothnia,Road transport,Passenger cars,GWh,2011,872.5
Ostrobothnia,Road transport,Passenger cars,GWh,2012,865.2
Ostrobothnia,Road transport,Passenger cars,GWh,2013,879.1
Ostrobothnia,Road transport,Passenger cars,GWh,2014,874.4
Ostrobothnia,Road transport,Passenger cars,GWh,2015,860.9
Ostrobothnia,Road transport,Passenger cars,GWh,2016,845.8
Ostrobothnia,Road transport,Passenger cars,GWh,2017,865.8
Ostrobothnia,Road transport,Passenger cars,GWh,2018,867.0
Ostrobothnia,Road transport,Passenger cars,GWh,2019,856.3
Ostrobothnia,Road transport,Passenger cars,GWh,2020,797.3
Ostrobothnia,Road transport,Passenger cars,GWh,2021,820.9
Ostrobothnia,Road transport,Passenger cars,GWh,2022,772.2
Ostrobothnia,Road transport,Passenger cars,GWh,2023,768.9
Ostrobothnia,Road transport,Passenger cars,GWh,2024,777.2
Ostrobothnia,Road transport,Trucks,GWh,1990,431.3
Ostrobothnia,Road transport,Trucks,GWh,2005,395.8
Ostrobothnia,Road transport,Trucks,GWh,2006,409.2
Ostrobothnia,Road transport,Trucks,GWh,2007,438.0
Ostrobothnia,Road transport,Trucks,GWh,2008,419.8
Ostrobothnia,Road transport,Trucks,GWh,2009,376.9
Ostrobothnia,Road transport,Trucks,GWh,2010,427.5
Ostrobothnia,Road transport,Trucks,GWh,2011,441.3
Ostrobothnia,Road transport,Trucks,GWh,2012,427.3
Ostrobothnia,Road transport,Trucks,GWh,2013,426.7
Ostrobothnia,Road transport,Trucks,GWh,2014,399.9
Ostrobothnia,Road transport,Trucks,GWh,2015,415.2
Ostrobothnia,Road transport,Trucks,GWh,2016,437.8
Ostrobothnia,Road transport,Trucks,GWh,2017,398.5
Ostrobothnia,Road transport,Trucks,GWh,2018,403.2
Ostrobothnia,Road transport,Trucks,GWh,2019,394.4
Ostrobothnia,Road transport,Trucks,GWh,2020,377.1
Ostrobothnia,Road transport,Trucks,GWh,2021,395.9
Ostrobothnia,Road transport,Trucks,GWh,2022,384.0
Ostrobothnia,Road transport,Trucks,GWh,2023,366.1
Ostrobothnia,Road transport,Trucks,GWh,2024,367.5
Ostrobothnia,Road transport,Buses,GWh,1990,35.4
Ostrobothnia,Road transport,Buses,GWh,2005,41.6
Ostrobothnia,Road transport,Buses,GWh,2006,41.6
Ostrobothnia,Road transport,Buses,GWh,2007,40.5
Ostrobothnia,Road transport,Buses,GWh,2008,39.9
Ostrobothnia,Road transport,Buses,GWh,2009,38.8
Ostrobothnia,Road transport,Buses,GWh,2010,39.4
Ostrobothnia,Road transport,Buses,GWh,2011,38.2
Ostrobothnia,Road transport,Buses,GWh,2012,38.3
Ostrobothnia,Road transport,Buses,GWh,2013,38.1
Ostrobothnia,Road transport,Buses,GWh,2014,37.3
Ostrobothnia,Road transport,Buses,GWh,2015,35.6
Ostrobothnia,Road transport,Buses,GWh,2016,36.3
Ostrobothnia,Road transport,Buses,GWh,2017,37.0
Ostrobothnia,Road transport,Buses,GWh,2018,32.1
Ostrobothnia,Road transport,Buses,GWh,2019,31.7
Ostrobothnia,Road transport,Buses,GWh,2020,20.8
Ostrobothnia,Road transport,Buses,GWh,2021,21.5
Ostrobothnia,Road transport,Buses,GWh,2022,22.1
Ostrobothnia,Road transport,Buses,GWh,2023,23.4
Ostrobothnia,Road transport,Buses,GWh,2024,23.9
Ostrobothnia,Road transport,Vancouver vans,GWh,1990,127.6
Ostrobothnia,Road transport,Vancouver vans,GWh,2005,105.1
Ostrobothnia,Road transport,Vancouver vans,GWh,2006,106.3
Ostrobothnia,Road transport,Vancouver vans,GWh,2007,108.9
Ostrobothnia,Road transport,Vancouver vans,GWh,2008,108.6
Ostrobothnia,Road transport,Vancouver vans,GWh,2009,110.9
Ostrobothnia,Road transport,Vancouver vans,GWh,2010,112.5
Ostrobothnia,Road transport,Vancouver vans,GWh,2011,112.0
Ostrobothnia,Road transport,Vancouver vans,GWh,2012,110.7
Ostrobothnia,Road transport,Vancouver vans,GWh,2013,110.5
Ostrobothnia,Road transport,Vancouver vans,GWh,2014,112.8
Ostrobothnia,Road transport,Vancouver vans,GWh,2015,114.5
Ostrobothnia,Road transport,Vancouver vans,GWh,2016,114.1
Ostrobothnia,Road transport,Vancouver vans,GWh,2017,134.6
Ostrobothnia,Road transport,Vancouver vans,GWh,2018,136.1
Ostrobothnia,Road transport,Vancouver vans,GWh,2019,134.5
Ostrobothnia,Road transport,Vancouver vans,GWh,2020,133.0
Ostrobothnia,Road transport,Vancouver vans,GWh,2021,141.7
Ostrobothnia,Road transport,Vancouver vans,GWh,2022,133.2
Ostrobothnia,Road transport,Vancouver vans,GWh,2023,133.3
Ostrobothnia,Road transport,Vancouver vans,GWh,2024,134.7
Ostrobothnia,Road transport,Drive-through traffic,GWh,1990,35.7
Ostrobothnia,Road transport,Drive-through traffic,GWh,2005,54.0
Ostrobothnia,Road transport,Drive-through traffic,GWh,2006,50.7
Ostrobothnia,Road transport,Drive-through traffic,GWh,2007,51.4
Ostrobothnia,Road transport,Drive-through traffic,GWh,2008,51.8
Ostrobothnia,Road transport,Drive-through traffic,GWh,2009,42.5
Ostrobothnia,Road transport,Drive-through traffic,GWh,2010,46.3
Ostrobothnia,Road transport,Drive-through traffic,GWh,2011,52.3
Ostrobothnia,Road transport,Drive-through traffic,GWh,2012,43.5
Ostrobothnia,Road transport,Drive-through traffic,GWh,2013,43.1
Ostrobothnia,Road transport,Drive-through traffic,GWh,2014,44.0
Ostrobothnia,Road transport,Drive-through traffic,GWh,2015,36.9
Ostrobothnia,Road transport,Drive-through traffic,GWh,2016,46.7
Ostrobothnia,Road transport,Drive-through traffic,GWh,2017,56.5
Ostrobothnia,Road transport,Drive-through traffic,GWh,2018,58.3
Ostrobothnia,Road transport,Drive-through traffic,GWh,2019,60.4
Ostrobothnia,Road transport,Drive-through traffic,GWh,2020,68.0
Ostrobothnia,Road transport,Drive-through traffic,GWh,2021,74.4
Ostrobothnia,Road transport,Drive-through traffic,GWh,2022,75.4
Ostrobothnia,Road transport,Drive-through traffic,GWh,2023,73.2
Ostrobothnia,Road transport,Drive-through traffic,GWh,2024,70.3
Ostrobothnia,Road transport,Motorcycles and mopeds,GWh,1990,4.2
Ostrobothnia,Road transport,Motorcycles and mopeds,GWh,2005,12.9
Ostrobothnia,Road transport,Motorcycles and mopeds,GWh,2006,13.9
Ostrobothnia,Road transport,Motorcycles and mopeds,GWh,2007,15.1
Ostrobothnia,Road transport,Motorcycles and mopeds,GWh,2008,15.7
Ostrobothnia,Road transport,Motorcycles and mopeds,GWh,2009,15.8
Ostrobothnia,Road transport,Motorcycles and mopeds,GWh,2010,16.5
Ostrobothnia,Road transport,Motorcycles and mopeds,GWh,2011,17.5
Ostrobothnia,Road transport,Motorcycles and mopeds,GWh,2012,17.8
Ostrobothnia,Road transport,Motorcycles and mopeds,GWh,2013,18.3
Ostrobothnia,Road transport,Motorcycles and mopeds,GWh,2014,18.2
Ostrobothnia,Road transport,Motorcycles and mopeds,GWh,2015,18.3
Ostrobothnia,Road transport,Motorcycles and mopeds,GWh,2016,18.4
Ostrobothnia,Road transport,Motorcycles and mopeds,GWh,2017,14.8
Ostrobothnia,Road transport,Motorcycles and mopeds,GWh,2018,14.5
Ostrobothnia,Road transport,Motorcycles and mopeds,GWh,2019,14.0
Ostrobothnia,Road transport,Motorcycles and mopeds,GWh,2020,13.3
Ostrobothnia,Road transport,Motorcycles and mopeds,GWh,2021,13.7
Ostrobothnia,Road transport,Motorcycles and mopeds,GWh,2022,13.4
Ostrobothnia,Road transport,Motorcycles and mopeds,GWh,2023,13.8
Ostrobothnia,Road transport,Motorcycles and mopeds,GWh,2024,14.4
Ostrobothnia,Rail transport,Diesel,GWh,1990,22.8
Ostrobothnia,Rail transport,Diesel,GWh,2005,15.1
Ostrobothnia,Rail transport,Diesel,GWh,2006,14.8
Ostrobothnia,Rail transport,Diesel,GWh,2007,12.4
Ostrobothnia,Rail transport,Diesel,GWh,2008,12.5
Ostrobothnia,Rail transport,Diesel,GWh,2009,9.8
Ostrobothnia,Rail transport,Diesel,GWh,2010,9.8
Ostrobothnia,Rail transport,Diesel,GWh,2011,9.9
Ostrobothnia,Rail transport,Diesel,GWh,2012,3.9
Ostrobothnia,Rail transport,Diesel,GWh,2013,3.4
Ostrobothnia,Rail transport,Diesel,GWh,2014,2.9
Ostrobothnia,Rail transport,Diesel,GWh,2015,2.1
Ostrobothnia,Rail transport,Diesel,GWh,2016,1.9
Ostrobothnia,Rail transport,Diesel,GWh,2017,1.8
Ostrobothnia,Rail transport,Diesel,GWh,2018,1.6
Ostrobothnia,Rail transport,Diesel,GWh,2019,2.0
Ostrobothnia,Rail transport,Diesel,GWh,2020,2.1
Ostrobothnia,Rail transport,Diesel,GWh,2021,2.8
Ostrobothnia,Rail transport,Diesel,GWh,2022,2.2
Ostrobothnia,Rail transport,Diesel,GWh,2023,2.6
Ostrobothnia,Rail transport,Diesel,GWh,2024,2.0
Ostrobothnia,Rail transport,Electricity,GWh,1990,4.3
Ostrobothnia,Rail transport,Electricity,GWh,2005,6.4
Ostrobothnia,Rail transport,Electricity,GWh,2006,6.4
Ostrobothnia,Rail transport,Electricity,GWh,2007,6.5
Ostrobothnia,Rail transport,Electricity,GWh,2008,6.4
Ostrobothnia,Rail transport,Electricity,GWh,2009,5.8
Ostrobothnia,Rail transport,Electricity,GWh,2010,5.8
Ostrobothnia,Rail transport,Electricity,GWh,2011,5.5
Ostrobothnia,Rail transport,Electricity,GWh,2012,7.6
Ostrobothnia,Rail transport,Electricity,GWh,2013,7.7
Ostrobothnia,Rail transport,Electricity,GWh,2014,7.7
Ostrobothnia,Rail transport,Electricity,GWh,2015,7.2
Ostrobothnia,Rail transport,Electricity,GWh,2016,7.2
Ostrobothnia,Rail transport,Electricity,GWh,2017,7.5
Ostrobothnia,Rail transport,Electricity,GWh,2018,7.2
Ostrobothnia,Rail transport,Electricity,GWh,2019,7.3
Ostrobothnia,Rail transport,Electricity,GWh,2020,6.5
Ostrobothnia,Rail transport,Electricity,GWh,2021,6.3
Ostrobothnia,Rail transport,Electricity,GWh,2022,5.5
Ostrobothnia,Rail transport,Electricity,GWh,2023,6.2
Ostrobothnia,Rail transport,Electricity,GWh,2024,6.9
Ostrobothnia,Rail transport,Community trains,GWh,1990,0.0
Ostrobothnia,Rail transport,Community trains,GWh,2005,0.0
Ostrobothnia,Rail transport,Community trains,GWh,2006,0.0
Ostrobothnia,Rail transport,Community trains,GWh,2007,0.0
Ostrobothnia,Rail transport,Community trains,GWh,2008,0.0
Ostrobothnia,Rail transport,Community trains,GWh,2009,0.0
Ostrobothnia,Rail transport,Community trains,GWh,2010,0.0
Ostrobothnia,Rail transport,Community trains,GWh,2011,0.0
Ostrobothnia,Rail transport,Community trains,GWh,2012,0.0
Ostrobothnia,Rail transport,Community trains,GWh,2013,0.0
Ostrobothnia,Rail transport,Community trains,GWh,2014,0.0
Ostrobothnia,Rail transport,Community trains,GWh,2015,0.0
Ostrobothnia,Rail transport,Community trains,GWh,2016,0.0
Ostrobothnia,Rail transport,Community trains,GWh,2017,0.0
Ostrobothnia,Rail transport,Community trains,GWh,2018,0.0
Ostrobothnia,Rail transport,Community trains,GWh,2019,0.0
Ostrobothnia,Rail transport,Community trains,GWh,2020,0.0
Ostrobothnia,Rail transport,Community trains,GWh,2021,0.0
Ostrobothnia,Rail transport,Community trains,GWh,2022,0.0
Ostrobothnia,Rail transport,Community trains,GWh,2023,0.0
Ostrobothnia,Rail transport,Community trains,GWh,2024,0.0
Ostrobothnia,Rail transport,Metros and trams,GWh,1990,0.0
Ostrobothnia,Rail transport,Metros and trams,GWh,2005,0.0
Ostrobothnia,Rail transport,Metros and trams,GWh,2006,0.0
Ostrobothnia,Rail transport,Metros and trams,GWh,2007,0.0
Ostrobothnia,Rail transport,Metros and trams,GWh,2008,0.0
Ostrobothnia,Rail transport,Metros and trams,GWh,2009,0.0
Ostrobothnia,Rail transport,Metros and trams,GWh,2010,0.0
Ostrobothnia,Rail transport,Metros and trams,GWh,2011,0.0
Ostrobothnia,Rail transport,Metros and trams,GWh,2012,0.0
Ostrobothnia,Rail transport,Metros and trams,GWh,2013,0.0
Ostrobothnia,Rail transport,Metros and trams,GWh,2014,0.0
Ostrobothnia,Rail transport,Metros and trams,GWh,2015,0.0
Ostrobothnia,Rail transport,Metros and trams,GWh,2016,0.0
Ostrobothnia,Rail transport,Metros and trams,GWh,2017,0.0
Ostrobothnia,Rail transport,Metros and trams,GWh,2018,0.0
Ostrobothnia,Rail transport,Metros and trams,GWh,2019,0.0
Ostrobothnia,Rail transport,Metros and trams,GWh,2020,0.0
Ostrobothnia,Rail transport,Metros and trams,GWh,2021,0.0
Ostrobothnia,Rail transport,Metros and trams,GWh,2022,0.0
Ostrobothnia,Rail transport,Metros and trams,GWh,2023,0.0
Ostrobothnia,Rail transport,Metros and trams,GWh,2024,0.0
Ostrobothnia,Water transport,Pleasure boats,GWh,1990,43.0
Ostrobothnia,Water transport,Pleasure boats,GWh,2005,45.8
Ostrobothnia,Water transport,Pleasure boats,GWh,2006,47.2
Ostrobothnia,Water transport,Pleasure boats,GWh,2007,47.3
Ostrobothnia,Water transport,Pleasure boats,GWh,2008,38.8
Ostrobothnia,Water transport,Pleasure boats,GWh,2009,40.1
Ostrobothnia,Water transport,Pleasure boats,GWh,2010,42.7
Ostrobothnia,Water transport,Pleasure boats,GWh,2011,34.0
Ostrobothnia,Water transport,Pleasure boats,GWh,2012,35.8
Ostrobothnia,Water transport,Pleasure boats,GWh,2013,38.2
Ostrobothnia,Water transport,Pleasure boats,GWh,2014,35.2
Ostrobothnia,Water transport,Pleasure boats,GWh,2015,36.5
Ostrobothnia,Water transport,Pleasure boats,GWh,2016,34.9
Ostrobothnia,Water transport,Pleasure boats,GWh,2017,34.6
Ostrobothnia,Water transport,Pleasure boats,GWh,2018,34.7
Ostrobothnia,Water transport,Pleasure boats,GWh,2019,34.6
Ostrobothnia,Water transport,Pleasure boats,GWh,2020,39.7
Ostrobothnia,Water transport,Pleasure boats,GWh,2021,43.3
Ostrobothnia,Water transport,Pleasure boats,GWh,2022,33.6
Ostrobothnia,Water transport,Pleasure boats,GWh,2023,33.6
Ostrobothnia,Water transport,Pleasure boats,GWh,2024,35.1
Ostrobothnia,Water transport,Passenger traffic,GWh,1990,0.1
Ostrobothnia,Water transport,Passenger traffic,GWh,2005,0.2
Ostrobothnia,Water transport,Passenger traffic,GWh,2006,0.2
Ostrobothnia,Water transport,Passenger traffic,GWh,2007,0.3
Ostrobothnia,Water transport,Passenger traffic,GWh,2008,0.2
Ostrobothnia,Water transport,Passenger traffic,GWh,2009,0.2
Ostrobothnia,Water transport,Passenger traffic,GWh,2010,0.2
Ostrobothnia,Water transport,Passenger traffic,GWh,2011,0.7
Ostrobothnia,Water transport,Passenger traffic,GWh,2012,0.7
Ostrobothnia,Water transport,Passenger traffic,GWh,2013,0.7
Ostrobothnia,Water transport,Passenger traffic,GWh,2014,0.7
Ostrobothnia,Water transport,Passenger traffic,GWh,2015,0.5
Ostrobothnia,Water transport,Passenger traffic,GWh,2016,0.5
Ostrobothnia,Water transport,Passenger traffic,GWh,2017,0.5
Ostrobothnia,Water transport,Passenger traffic,GWh,2018,0.4
Ostrobothnia,Water transport,Passenger traffic,GWh,2019,0.4
Ostrobothnia,Water transport,Passenger traffic,GWh,2020,0.3
Ostrobothnia,Water transport,Passenger traffic,GWh,2021,0.5
Ostrobothnia,Water transport,Passenger traffic,GWh,2022,0.5
Ostrobothnia,Water transport,Passenger traffic,GWh,2023,0.5
Ostrobothnia,Water transport,Passenger traffic,GWh,2024,0.5
Ostrobothnia,Water transport,Goods traffic,GWh,1990,9.3
Ostrobothnia,Water transport,Goods traffic,GWh,2005,9.6
Ostrobothnia,Water transport,Goods traffic,GWh,2006,13.4
Ostrobothnia,Water transport,Goods traffic,GWh,2007,14.1
Ostrobothnia,Water transport,Goods traffic,GWh,2008,14.9
Ostrobothnia,Water transport,Goods traffic,GWh,2009,17.1
Ostrobothnia,Water transport,Goods traffic,GWh,2010,16.1
Ostrobothnia,Water transport,Goods traffic,GWh,2011,17.4
Ostrobothnia,Water transport,Goods traffic,GWh,2012,17.1
Ostrobothnia,Water transport,Goods traffic,GWh,2013,9.6
Ostrobothnia,Water transport,Goods traffic,GWh,2014,10.4
Ostrobothnia,Water transport,Goods traffic,GWh,2015,10.0
Ostrobothnia,Water transport,Goods traffic,GWh,2016,9.8
Ostrobothnia,Water transport,Goods traffic,GWh,2017,9.7
Ostrobothnia,Water transport,Goods traffic,GWh,2018,10.2
Ostrobothnia,Water transport,Goods traffic,GWh,2019,5.6
Ostrobothnia,Water transport,Goods traffic,GWh,2020,6.6
Ostrobothnia,Water transport,Goods traffic,GWh,2021,3.4
Ostrobothnia,Water transport,Goods traffic,GWh,2022,3.9
Ostrobothnia,Water transport,Goods traffic,GWh,2023,2.2
Ostrobothnia,Water transport,Goods traffic,GWh,2024,1.5
Ostrobothnia,Water transport,Fishing vessels,GWh,1990,138.8
Ostrobothnia,Water transport,Fishing vessels,GWh,2005,102.0
Ostrobothnia,Water transport,Fishing vessels,GWh,2006,119.1
Ostrobothnia,Water transport,Fishing vessels,GWh,2007,116.3
Ostrobothnia,Water transport,Fishing vessels,GWh,2008,108.0
Ostrobothnia,Water transport,Fishing vessels,GWh,2009,110.7
Ostrobothnia,Water transport,Fishing vessels,GWh,2010,101.1
Ostrobothnia,Water transport,Fishing vessels,GWh,2011,99.9
Ostrobothnia,Water transport,Fishing vessels,GWh,2012,96.8
Ostrobothnia,Water transport,Fishing vessels,GWh,2013,105.7
Ostrobothnia,Water transport,Fishing vessels,GWh,2014,99.9
Ostrobothnia,Water transport,Fishing vessels,GWh,2015,94.6
Ostrobothnia,Water transport,Fishing vessels,GWh,2016,89.9
Ostrobothnia,Water transport,Fishing vessels,GWh,2017,88.9
Ostrobothnia,Water transport,Fishing vessels,GWh,2018,92.5
Ostrobothnia,Water transport,Fishing vessels,GWh,2019,105.6
Ostrobothnia,Water transport,Fishing vessels,GWh,2020,101.8
Ostrobothnia,Water transport,Fishing vessels,GWh,2021,107.2
Ostrobothnia,Water transport,Fishing vessels,GWh,2022,109.0
Ostrobothnia,Water transport,Fishing vessels,GWh,2023,109.6
Ostrobothnia,Water transport,Fishing vessels,GWh,2024,100.6
Ostrobothnia,Water transport,,GWh,1990,1.3
Ostrobothnia,Water transport,,GWh,2005,1.1
Ostrobothnia,Water transport,,GWh,2006,1.1
Ostrobothnia,Water transport,,GWh,2007,1.1
Ostrobothnia,Water transport,,GWh,2008,1.0
Ostrobothnia,Water transport,,GWh,2009,1.0
Ostrobothnia,Water transport,,GWh,2010,1.1
Ostrobothnia,Water transport,,GWh,2011,1.1
Ostrobothnia,Water transport,,GWh,2012,1.5
Ostrobothnia,Water transport,,GWh,2013,1.3
Ostrobothnia,Water transport,,GWh,2014,1.3
Ostrobothnia,Water transport,,GWh,2015,1.3
Ostrobothnia,Water transport,,GWh,2016,1.3
Ostrobothnia,Water transport,,GWh,2017,1.2
Ostrobothnia,Water transport,,GWh,2018,1.4
Ostrobothnia,Water transport,,GWh,2019,1.3
Ostrobothnia,Water transport,,GWh,2020,1.4
Ostrobothnia,Water transport,,GWh,2021,1.2
Ostrobothnia,Water transport,,GWh,2022,1.2
Ostrobothnia,Water transport,,GWh,2023,1.5
Ostrobothnia,Water transport,,GWh,2024,1.7
Ostrobothnia,Water transport,Workboats and ships,GWh,1990,16.6
Ostrobothnia,Water transport,Workboats and ships,GWh,2005,13.9
Ostrobothnia,Water transport,Workboats and ships,GWh,2006,14.0
Ostrobothnia,Water transport,Workboats and ships,GWh,2007,14.0
Ostrobothnia,Water transport,Workboats and ships,GWh,2008,14.0
Ostrobothnia,Water transport,Workboats and ships,GWh,2009,14.0
Ostrobothnia,Water transport,Workboats and ships,GWh,2010,14.0
Ostrobothnia,Water transport,Workboats and ships,GWh,2011,14.0
Ostrobothnia,Water transport,Workboats and ships,GWh,2012,13.9
Ostrobothnia,Water transport,Workboats and ships,GWh,2013,13.9
Ostrobothnia,Water transport,Workboats and ships,GWh,2014,13.9
Ostrobothnia,Water transport,Workboats and ships,GWh,2015,14.0
Ostrobothnia,Water transport,Workboats and ships,GWh,2016,13.8
Ostrobothnia,Water transport,Workboats and ships,GWh,2017,13.7
Ostrobothnia,Water transport,Workboats and ships,GWh,2018,13.7
Ostrobothnia,Water transport,Workboats and ships,GWh,2019,13.6
Ostrobothnia,Water transport,Workboats and ships,GWh,2020,13.6
Ostrobothnia,Water transport,Workboats and ships,GWh,2021,13.5
Ostrobothnia,Water transport,Workboats and ships,GWh,2022,13.5
Ostrobothnia,Water transport,Workboats and ships,GWh,2023,13.5
Ostrobothnia,Water transport,Workboats and ships,GWh,2024,6.7
Ostrobothnia,Emission credits,Wind power,GWh,1990,0.0
Ostrobothnia,Emission credits,Wind power,GWh,2005,9.3
Ostrobothnia,Emission credits,Wind power,GWh,2006,9.9
Ostrobothnia,Emission credits,Wind power,GWh,2007,9.4
Ostrobothnia,Emission credits,Wind power,GWh,2008,9.9
Ostrobothnia,Emission credits,Wind power,GWh,2009,10.1
Ostrobothnia,Emission credits,Wind power,GWh,2010,7.8
Ostrobothnia,Emission credits,Wind power,GWh,2011,12.3
Ostrobothnia,Emission credits,Wind power,GWh,2012,16.9
Ostrobothnia,Emission credits,Wind power,GWh,2013,16.0
Ostrobothnia,Emission credits,Wind power,GWh,2014,62.4
Ostrobothnia,Emission credits,Wind power,GWh,2015,170.5
Ostrobothnia,Emission credits,Wind power,GWh,2016,147.6
Ostrobothnia,Emission credits,Wind power,GWh,2017,478.5
Ostrobothnia,Emission credits,Wind power,GWh,2018,583.5
Ostrobothnia,Emission credits,Wind power,GWh,2019,748.4
Ostrobothnia,Emission credits,Wind power,GWh,2020,1302.9
Ostrobothnia,Emission credits,Wind power,GWh,2021,1237.3
Ostrobothnia,Emission credits,Wind power,GWh,2022,1894.9
Ostrobothnia,Emission credits,Wind power,GWh,2023,2640.4
Ostrobothnia,Emission credits,Wind power,GWh,2024,3682.1
Pirkanmaa,Electricity,Housing,GWh,1990,691.0
Pirkanmaa,Electricity,Housing,GWh,2005,972.9
Pirkanmaa,Electricity,Housing,GWh,2006,1009.0
Pirkanmaa,Electricity,Housing,GWh,2007,1017.5
Pirkanmaa,Electricity,Housing,GWh,2008,939.4
Pirkanmaa,Electricity,Housing,GWh,2009,989.8
Pirkanmaa,Electricity,Housing,GWh,2010,1133.6
Pirkanmaa,Electricity,Housing,GWh,2011,1058.0
Pirkanmaa,Electricity,Housing,GWh,2012,1125.5
Pirkanmaa,Electricity,Housing,GWh,2013,1107.1
Pirkanmaa,Electricity,Housing,GWh,2014,1092.8
Pirkanmaa,Electricity,Housing,GWh,2015,1088.2
Pirkanmaa,Electricity,Housing,GWh,2016,1148.5
Pirkanmaa,Electricity,Housing,GWh,2017,1176.5
Pirkanmaa,Electricity,Housing,GWh,2018,1208.5
Pirkanmaa,Electricity,Housing,GWh,2019,1192.3
Pirkanmaa,Electricity,Housing,GWh,2020,1158.5
Pirkanmaa,Electricity,Housing,GWh,2021,1383.3
Pirkanmaa,Electricity,Housing,GWh,2022,1270.7
Pirkanmaa,Electricity,Housing,GWh,2023,1271.0
Pirkanmaa,Electricity,Housing,GWh,2024,1285.8
Pirkanmaa,Electricity,Agriculture,GWh,1990,37.3
Pirkanmaa,Electricity,Agriculture,GWh,2005,53.5
Pirkanmaa,Electricity,Agriculture,GWh,2006,55.8
Pirkanmaa,Electricity,Agriculture,GWh,2007,58.2
Pirkanmaa,Electricity,Agriculture,GWh,2008,59.5
Pirkanmaa,Electricity,Agriculture,GWh,2009,61.5
Pirkanmaa,Electricity,Agriculture,GWh,2010,62.5
Pirkanmaa,Electricity,Agriculture,GWh,2011,64.4
Pirkanmaa,Electricity,Agriculture,GWh,2012,64.6
Pirkanmaa,Electricity,Agriculture,GWh,2013,49.5
Pirkanmaa,Electricity,Agriculture,GWh,2014,46.8
Pirkanmaa,Electricity,Agriculture,GWh,2015,43.9
Pirkanmaa,Electricity,Agriculture,GWh,2016,53.9
Pirkanmaa,Electricity,Agriculture,GWh,2017,53.1
Pirkanmaa,Electricity,Agriculture,GWh,2018,55.1
Pirkanmaa,Electricity,Agriculture,GWh,2019,56.4
Pirkanmaa,Electricity,Agriculture,GWh,2020,39.4
Pirkanmaa,Electricity,Agriculture,GWh,2021,40.2
Pirkanmaa,Electricity,Agriculture,GWh,2022,40.3
Pirkanmaa,Electricity,Agriculture,GWh,2023,37.9
Pirkanmaa,Electricity,Agriculture,GWh,2024,32.4
Pirkanmaa,Electricity,Services,GWh,1990,672.1
Pirkanmaa,Electricity,Services,GWh,2005,1128.1
Pirkanmaa,Electricity,Services,GWh,2006,1180.6
Pirkanmaa,Electricity,Services,GWh,2007,1198.2
Pirkanmaa,Electricity,Services,GWh,2008,1334.2
Pirkanmaa,Electricity,Services,GWh,2009,1323.1
Pirkanmaa,Electricity,Services,GWh,2010,1357.6
Pirkanmaa,Electricity,Services,GWh,2011,1307.2
Pirkanmaa,Electricity,Services,GWh,2012,1312.1
Pirkanmaa,Electricity,Services,GWh,2013,1277.5
Pirkanmaa,Electricity,Services,GWh,2014,1295.8
Pirkanmaa,Electricity,Services,GWh,2015,1286.9
Pirkanmaa,Electricity,Services,GWh,2016,1355.9
Pirkanmaa,Electricity,Services,GWh,2017,1338.7
Pirkanmaa,Electricity,Services,GWh,2018,1313.1
Pirkanmaa,Electricity,Services,GWh,2019,1350.1
Pirkanmaa,Electricity,Services,GWh,2020,1288.9
Pirkanmaa,Electricity,Services,GWh,2021,1285.0
Pirkanmaa,Electricity,Services,GWh,2022,1375.0
Pirkanmaa,Electricity,Services,GWh,2023,1477.4
Pirkanmaa,Electricity,Services,GWh,2024,1584.6
Pirkanmaa,Electricity,Industry,GWh,1990,2616.2
Pirkanmaa,Electricity,Industry,GWh,2005,2921.4
Pirkanmaa,Electricity,Industry,GWh,2006,3199.0
Pirkanmaa,Electricity,Industry,GWh,2007,3172.7
Pirkanmaa,Electricity,Industry,GWh,2008,2970.9
Pirkanmaa,Electricity,Industry,GWh,2009,2136.5
Pirkanmaa,Electricity,Industry,GWh,2010,2614.1
Pirkanmaa,Electricity,Industry,GWh,2011,2532.7
Pirkanmaa,Electricity,Industry,GWh,2012,2514.0
Pirkanmaa,Electricity,Industry,GWh,2013,2485.2
Pirkanmaa,Electricity,Industry,GWh,2014,2510.4
Pirkanmaa,Electricity,Industry,GWh,2015,2479.1
Pirkanmaa,Electricity,Industry,GWh,2016,2412.2
Pirkanmaa,Electricity,Industry,GWh,2017,2248.2
Pirkanmaa,Electricity,Industry,GWh,2018,2295.5
Pirkanmaa,Electricity,Industry,GWh,2019,2282.1
Pirkanmaa,Electricity,Industry,GWh,2020,2117.2
Pirkanmaa,Electricity,Industry,GWh,2021,2224.7
Pirkanmaa,Electricity,Industry,GWh,2022,2044.8
Pirkanmaa,Electricity,Industry,GWh,2023,1972.4
Pirkanmaa,Electricity,Industry,GWh,2024,2172.1
Pirkanmaa,Electric heating,Housing,GWh,1990,526.9
Pirkanmaa,Electric heating,Housing,GWh,2005,771.1
Pirkanmaa,Electric heating,Housing,GWh,2006,793.3
Pirkanmaa,Electric heating,Housing,GWh,2007,794.0
Pirkanmaa,Electric heating,Housing,GWh,2008,729.5
Pirkanmaa,Electric heating,Housing,GWh,2009,787.3
Pirkanmaa,Electric heating,Housing,GWh,2010,872.0
Pirkanmaa,Electric heating,Housing,GWh,2011,798.8
Pirkanmaa,Electric heating,Housing,GWh,2012,864.5
Pirkanmaa,Electric heating,Housing,GWh,2013,845.2
Pirkanmaa,Electric heating,Housing,GWh,2014,837.7
Pirkanmaa,Electric heating,Housing,GWh,2015,816.0
Pirkanmaa,Electric heating,Housing,GWh,2016,872.1
Pirkanmaa,Electric heating,Housing,GWh,2017,870.1
Pirkanmaa,Electric heating,Housing,GWh,2018,891.2
Pirkanmaa,Electric heating,Housing,GWh,2019,865.5
Pirkanmaa,Electric heating,Housing,GWh,2020,842.1
Pirkanmaa,Electric heating,Housing,GWh,2021,965.4
Pirkanmaa,Electric heating,Housing,GWh,2022,875.7
Pirkanmaa,Electric heating,Housing,GWh,2023,863.5
Pirkanmaa,Electric heating,Housing,GWh,2024,876.4
Pirkanmaa,Electric heating,Agriculture,GWh,1990,10.1
Pirkanmaa,Electric heating,Agriculture,GWh,2005,14.3
Pirkanmaa,Electric heating,Agriculture,GWh,2006,14.5
Pirkanmaa,Electric heating,Agriculture,GWh,2007,14.9
Pirkanmaa,Electric heating,Agriculture,GWh,2008,14.2
Pirkanmaa,Electric heating,Agriculture,GWh,2009,15.9
Pirkanmaa,Electric heating,Agriculture,GWh,2010,16.0
Pirkanmaa,Electric heating,Agriculture,GWh,2011,16.3
Pirkanmaa,Electric heating,Agriculture,GWh,2012,16.4
Pirkanmaa,Electric heating,Agriculture,GWh,2013,16.8
Pirkanmaa,Electric heating,Agriculture,GWh,2014,17.1
Pirkanmaa,Electric heating,Agriculture,GWh,2015,16.7
Pirkanmaa,Electric heating,Agriculture,GWh,2016,16.7
Pirkanmaa,Electric heating,Agriculture,GWh,2017,16.4
Pirkanmaa,Electric heating,Agriculture,GWh,2018,16.5
Pirkanmaa,Electric heating,Agriculture,GWh,2019,15.9
Pirkanmaa,Electric heating,Agriculture,GWh,2020,16.0
Pirkanmaa,Electric heating,Agriculture,GWh,2021,16.0
Pirkanmaa,Electric heating,Agriculture,GWh,2022,15.5
Pirkanmaa,Electric heating,Agriculture,GWh,2023,15.6
Pirkanmaa,Electric heating,Agriculture,GWh,2024,14.2
Pirkanmaa,Electric heating,Services,GWh,1990,81.3
Pirkanmaa,Electric heating,Services,GWh,2005,88.6
Pirkanmaa,Electric heating,Services,GWh,2006,71.5
Pirkanmaa,Electric heating,Services,GWh,2007,76.2
Pirkanmaa,Electric heating,Services,GWh,2008,78.9
Pirkanmaa,Electric heating,Services,GWh,2009,82.7
Pirkanmaa,Electric heating,Services,GWh,2010,84.7
Pirkanmaa,Electric heating,Services,GWh,2011,83.7
Pirkanmaa,Electric heating,Services,GWh,2012,86.3
Pirkanmaa,Electric heating,Services,GWh,2013,86.7
Pirkanmaa,Electric heating,Services,GWh,2014,88.7
Pirkanmaa,Electric heating,Services,GWh,2015,89.5
Pirkanmaa,Electric heating,Services,GWh,2016,92.2
Pirkanmaa,Electric heating,Services,GWh,2017,95.9
Pirkanmaa,Electric heating,Services,GWh,2018,98.0
Pirkanmaa,Electric heating,Services,GWh,2019,100.1
Pirkanmaa,Electric heating,Services,GWh,2020,98.4
Pirkanmaa,Electric heating,Services,GWh,2021,98.7
Pirkanmaa,Electric heating,Services,GWh,2022,102.1
Pirkanmaa,Electric heating,Services,GWh,2023,102.4
Pirkanmaa,Electric heating,Services,GWh,2024,94.4
Pirkanmaa,District heating,Housing,GWh,1990,1194.4
Pirkanmaa,District heating,Housing,GWh,2005,1641.8
Pirkanmaa,District heating,Housing,GWh,2006,1732.6
Pirkanmaa,District heating,Housing,GWh,2007,1775.2
Pirkanmaa,District heating,Housing,GWh,2008,1769.8
Pirkanmaa,District heating,Housing,GWh,2009,1925.3
Pirkanmaa,District heating,Housing,GWh,2010,2056.8
Pirkanmaa,District heating,Housing,GWh,2011,1782.9
Pirkanmaa,District heating,Housing,GWh,2012,1982.0
Pirkanmaa,District heating,Housing,GWh,2013,1860.8
Pirkanmaa,District heating,Housing,GWh,2014,1872.3
Pirkanmaa,District heating,Housing,GWh,2015,1752.6
Pirkanmaa,District heating,Housing,GWh,2016,1924.1
Pirkanmaa,District heating,Housing,GWh,2017,1907.0
Pirkanmaa,District heating,Housing,GWh,2018,1922.8
Pirkanmaa,District heating,Housing,GWh,2019,1875.8
Pirkanmaa,District heating,Housing,GWh,2020,1728.8
Pirkanmaa,District heating,Housing,GWh,2021,2020.7
Pirkanmaa,District heating,Housing,GWh,2022,1878.1
Pirkanmaa,District heating,Housing,GWh,2023,1927.8
Pirkanmaa,District heating,Housing,GWh,2024,1878.8
Pirkanmaa,District heating,Agriculture,GWh,1990,1.7
Pirkanmaa,District heating,Agriculture,GWh,2005,2.7
Pirkanmaa,District heating,Agriculture,GWh,2006,2.7
Pirkanmaa,District heating,Agriculture,GWh,2007,2.7
Pirkanmaa,District heating,Agriculture,GWh,2008,2.6
Pirkanmaa,District heating,Agriculture,GWh,2009,3.0
Pirkanmaa,District heating,Agriculture,GWh,2010,3.3
Pirkanmaa,District heating,Agriculture,GWh,2011,2.8
Pirkanmaa,District heating,Agriculture,GWh,2012,3.1
Pirkanmaa,District heating,Agriculture,GWh,2013,2.8
Pirkanmaa,District heating,Agriculture,GWh,2014,3.0
Pirkanmaa,District heating,Agriculture,GWh,2015,2.2
Pirkanmaa,District heating,Agriculture,GWh,2016,2.7
Pirkanmaa,District heating,Agriculture,GWh,2017,2.5
Pirkanmaa,District heating,Agriculture,GWh,2018,2.5
Pirkanmaa,District heating,Agriculture,GWh,2019,2.8
Pirkanmaa,District heating,Agriculture,GWh,2020,2.7
Pirkanmaa,District heating,Agriculture,GWh,2021,3.1
Pirkanmaa,District heating,Agriculture,GWh,2022,2.8
Pirkanmaa,District heating,Agriculture,GWh,2023,2.6
Pirkanmaa,District heating,Agriculture,GWh,2024,2.6
Pirkanmaa,District heating,Services,GWh,1990,676.6
Pirkanmaa,District heating,Services,GWh,2005,819.9
Pirkanmaa,District heating,Services,GWh,2006,769.2
Pirkanmaa,District heating,Services,GWh,2007,772.3
Pirkanmaa,District heating,Services,GWh,2008,781.3
Pirkanmaa,District heating,Services,GWh,2009,902.9
Pirkanmaa,District heating,Services,GWh,2010,1003.6
Pirkanmaa,District heating,Services,GWh,2011,850.4
Pirkanmaa,District heating,Services,GWh,2012,953.4
Pirkanmaa,District heating,Services,GWh,2013,909.1
Pirkanmaa,District heating,Services,GWh,2014,913.9
Pirkanmaa,District heating,Services,GWh,2015,880.4
Pirkanmaa,District heating,Services,GWh,2016,974.0
Pirkanmaa,District heating,Services,GWh,2017,993.1
Pirkanmaa,District heating,Services,GWh,2018,986.5
Pirkanmaa,District heating,Services,GWh,2019,940.1
Pirkanmaa,District heating,Services,GWh,2020,854.1
Pirkanmaa,District heating,Services,GWh,2021,975.1
Pirkanmaa,District heating,Services,GWh,2022,935.0
Pirkanmaa,District heating,Services,GWh,2023,945.2
Pirkanmaa,District heating,Services,GWh,2024,938.8
Pirkanmaa,District heating,Industry,GWh,1990,322.5
Pirkanmaa,District heating,Industry,GWh,2005,346.8
Pirkanmaa,District heating,Industry,GWh,2006,327.7
Pirkanmaa,District heating,Industry,GWh,2007,318.8
Pirkanmaa,District heating,Industry,GWh,2008,323.4
Pirkanmaa,District heating,Industry,GWh,2009,356.2
Pirkanmaa,District heating,Industry,GWh,2010,406.4
Pirkanmaa,District heating,Industry,GWh,2011,354.5
Pirkanmaa,District heating,Industry,GWh,2012,387.2
Pirkanmaa,District heating,Industry,GWh,2013,354.0
Pirkanmaa,District heating,Industry,GWh,2014,361.6
Pirkanmaa,District heating,Industry,GWh,2015,328.0
Pirkanmaa,District heating,Industry,GWh,2016,358.2
Pirkanmaa,District heating,Industry,GWh,2017,349.9
Pirkanmaa,District heating,Industry,GWh,2018,345.5
Pirkanmaa,District heating,Industry,GWh,2019,329.1
Pirkanmaa,District heating,Industry,GWh,2020,302.8
Pirkanmaa,District heating,Industry,GWh,2021,366.4
Pirkanmaa,District heating,Industry,GWh,2022,347.6
Pirkanmaa,District heating,Industry,GWh,2023,353.0
Pirkanmaa,District heating,Industry,GWh,2024,345.4
Pirkanmaa,Oil heating,Housing,GWh,1990,932.5
Pirkanmaa,Oil heating,Housing,GWh,2005,764.3
Pirkanmaa,Oil heating,Housing,GWh,2006,749.3
Pirkanmaa,Oil heating,Housing,GWh,2007,719.7
Pirkanmaa,Oil heating,Housing,GWh,2008,549.1
Pirkanmaa,Oil heating,Housing,GWh,2009,557.4
Pirkanmaa,Oil heating,Housing,GWh,2010,609.2
Pirkanmaa,Oil heating,Housing,GWh,2011,457.2
Pirkanmaa,Oil heating,Housing,GWh,2012,486.1
Pirkanmaa,Oil heating,Housing,GWh,2013,417.3
Pirkanmaa,Oil heating,Housing,GWh,2014,409.1
Pirkanmaa,Oil heating,Housing,GWh,2015,361.8
Pirkanmaa,Oil heating,Housing,GWh,2016,377.6
Pirkanmaa,Oil heating,Housing,GWh,2017,355.6
Pirkanmaa,Oil heating,Housing,GWh,2018,325.9
Pirkanmaa,Oil heating,Housing,GWh,2019,295.9
Pirkanmaa,Oil heating,Housing,GWh,2020,261.0
Pirkanmaa,Oil heating,Housing,GWh,2021,233.1
Pirkanmaa,Oil heating,Housing,GWh,2022,169.0
Pirkanmaa,Oil heating,Housing,GWh,2023,82.6
Pirkanmaa,Oil heating,Housing,GWh,2024,70.1
Pirkanmaa,Oil heating,Agriculture,GWh,1990,74.8
Pirkanmaa,Oil heating,Agriculture,GWh,2005,36.8
Pirkanmaa,Oil heating,Agriculture,GWh,2006,31.6
Pirkanmaa,Oil heating,Agriculture,GWh,2007,28.8
Pirkanmaa,Oil heating,Agriculture,GWh,2008,25.7
Pirkanmaa,Oil heating,Agriculture,GWh,2009,27.5
Pirkanmaa,Oil heating,Agriculture,GWh,2010,32.6
Pirkanmaa,Oil heating,Agriculture,GWh,2011,25.3
Pirkanmaa,Oil heating,Agriculture,GWh,2012,28.9
Pirkanmaa,Oil heating,Agriculture,GWh,2013,20.0
Pirkanmaa,Oil heating,Agriculture,GWh,2014,20.3
Pirkanmaa,Oil heating,Agriculture,GWh,2015,18.6
Pirkanmaa,Oil heating,Agriculture,GWh,2016,14.7
Pirkanmaa,Oil heating,Agriculture,GWh,2017,13.2
Pirkanmaa,Oil heating,Agriculture,GWh,2018,14.3
Pirkanmaa,Oil heating,Agriculture,GWh,2019,14.7
Pirkanmaa,Oil heating,Agriculture,GWh,2020,12.5
Pirkanmaa,Oil heating,Agriculture,GWh,2021,14.6
Pirkanmaa,Oil heating,Agriculture,GWh,2022,13.7
Pirkanmaa,Oil heating,Agriculture,GWh,2023,14.8
Pirkanmaa,Oil heating,Agriculture,GWh,2024,10.1
Pirkanmaa,Oil heating,Services,GWh,1990,320.9
Pirkanmaa,Oil heating,Services,GWh,2005,261.5
Pirkanmaa,Oil heating,Services,GWh,2006,254.4
Pirkanmaa,Oil heating,Services,GWh,2007,246.2
Pirkanmaa,Oil heating,Services,GWh,2008,192.3
Pirkanmaa,Oil heating,Services,GWh,2009,215.0
Pirkanmaa,Oil heating,Services,GWh,2010,235.4
Pirkanmaa,Oil heating,Services,GWh,2011,200.2
Pirkanmaa,Oil heating,Services,GWh,2012,223.4
Pirkanmaa,Oil heating,Services,GWh,2013,199.3
Pirkanmaa,Oil heating,Services,GWh,2014,200.5
Pirkanmaa,Oil heating,Services,GWh,2015,182.3
Pirkanmaa,Oil heating,Services,GWh,2016,206.0
Pirkanmaa,Oil heating,Services,GWh,2017,203.0
Pirkanmaa,Oil heating,Services,GWh,2018,206.3
Pirkanmaa,Oil heating,Services,GWh,2019,204.3
Pirkanmaa,Oil heating,Services,GWh,2020,184.1
Pirkanmaa,Oil heating,Services,GWh,2021,221.4
Pirkanmaa,Oil heating,Services,GWh,2022,208.2
Pirkanmaa,Oil heating,Services,GWh,2023,199.6
Pirkanmaa,Oil heating,Services,GWh,2024,193.3
Pirkanmaa,Other heating,Housing,GWh,1990,842.3
Pirkanmaa,Other heating,Housing,GWh,2005,1121.1
Pirkanmaa,Other heating,Housing,GWh,2006,1066.8
Pirkanmaa,Other heating,Housing,GWh,2007,1123.3
Pirkanmaa,Other heating,Housing,GWh,2008,1124.7
Pirkanmaa,Other heating,Housing,GWh,2009,1198.8
Pirkanmaa,Other heating,Housing,GWh,2010,1337.2
Pirkanmaa,Other heating,Housing,GWh,2011,1132.0
Pirkanmaa,Other heating,Housing,GWh,2012,1250.1
Pirkanmaa,Other heating,Housing,GWh,2013,1175.7
Pirkanmaa,Other heating,Housing,GWh,2014,1204.4
Pirkanmaa,Other heating,Housing,GWh,2015,1126.1
Pirkanmaa,Other heating,Housing,GWh,2016,1239.4
Pirkanmaa,Other heating,Housing,GWh,2017,1204.8
Pirkanmaa,Other heating,Housing,GWh,2018,1193.5
Pirkanmaa,Other heating,Housing,GWh,2019,1156.5
Pirkanmaa,Other heating,Housing,GWh,2020,1086.0
Pirkanmaa,Other heating,Housing,GWh,2021,1206.8
Pirkanmaa,Other heating,Housing,GWh,2022,1112.2
Pirkanmaa,Other heating,Housing,GWh,2023,1059.6
Pirkanmaa,Other heating,Housing,GWh,2024,1001.5
Pirkanmaa,Other heating,Agriculture,GWh,1990,139.3
Pirkanmaa,Other heating,Agriculture,GWh,2005,211.4
Pirkanmaa,Other heating,Agriculture,GWh,2006,220.0
Pirkanmaa,Other heating,Agriculture,GWh,2007,221.8
Pirkanmaa,Other heating,Agriculture,GWh,2008,197.9
Pirkanmaa,Other heating,Agriculture,GWh,2009,212.3
Pirkanmaa,Other heating,Agriculture,GWh,2010,221.5
Pirkanmaa,Other heating,Agriculture,GWh,2011,200.5
Pirkanmaa,Other heating,Agriculture,GWh,2012,225.4
Pirkanmaa,Other heating,Agriculture,GWh,2013,233.7
Pirkanmaa,Other heating,Agriculture,GWh,2014,219.6
Pirkanmaa,Other heating,Agriculture,GWh,2015,205.4
Pirkanmaa,Other heating,Agriculture,GWh,2016,218.9
Pirkanmaa,Other heating,Agriculture,GWh,2017,214.1
Pirkanmaa,Other heating,Agriculture,GWh,2018,198.2
Pirkanmaa,Other heating,Agriculture,GWh,2019,194.6
Pirkanmaa,Other heating,Agriculture,GWh,2020,196.4
Pirkanmaa,Other heating,Agriculture,GWh,2021,193.2
Pirkanmaa,Other heating,Agriculture,GWh,2022,207.2
Pirkanmaa,Other heating,Agriculture,GWh,2023,186.4
Pirkanmaa,Other heating,Agriculture,GWh,2024,112.2
Pirkanmaa,Other heating,Services,GWh,1990,315.9
Pirkanmaa,Other heating,Services,GWh,2005,106.0
Pirkanmaa,Other heating,Services,GWh,2006,105.5
Pirkanmaa,Other heating,Services,GWh,2007,104.5
Pirkanmaa,Other heating,Services,GWh,2008,96.8
Pirkanmaa,Other heating,Services,GWh,2009,111.1
Pirkanmaa,Other heating,Services,GWh,2010,120.2
Pirkanmaa,Other heating,Services,GWh,2011,103.9
Pirkanmaa,Other heating,Services,GWh,2012,115.6
Pirkanmaa,Other heating,Services,GWh,2013,116.1
Pirkanmaa,Other heating,Services,GWh,2014,113.0
Pirkanmaa,Other heating,Services,GWh,2015,105.9
Pirkanmaa,Other heating,Services,GWh,2016,119.1
Pirkanmaa,Other heating,Services,GWh,2017,119.2
Pirkanmaa,Other heating,Services,GWh,2018,117.7
Pirkanmaa,Other heating,Services,GWh,2019,118.3
Pirkanmaa,Other heating,Services,GWh,2020,106.5
Pirkanmaa,Other heating,Services,GWh,2021,127.4
Pirkanmaa,Other heating,Services,GWh,2022,118.9
Pirkanmaa,Other heating,Services,GWh,2023,110.7
Pirkanmaa,Other heating,Services,GWh,2024,109.0
Pirkanmaa,Industry,Industrial fuels,GWh,1990,3674.5
Pirkanmaa,Industry,Industrial fuels,GWh,2005,3301.9
Pirkanmaa,Industry,Industrial fuels,GWh,2006,3624.1
Pirkanmaa,Industry,Industrial fuels,GWh,2007,3614.5
Pirkanmaa,Industry,Industrial fuels,GWh,2008,3699.5
Pirkanmaa,Industry,Industrial fuels,GWh,2009,2339.9
Pirkanmaa,Industry,Industrial fuels,GWh,2010,2587.8
Pirkanmaa,Industry,Industrial fuels,GWh,2011,2443.6
Pirkanmaa,Industry,Industrial fuels,GWh,2012,2374.8
Pirkanmaa,Industry,Industrial fuels,GWh,2013,2601.8
Pirkanmaa,Industry,Industrial fuels,GWh,2014,2448.2
Pirkanmaa,Industry,Industrial fuels,GWh,2015,2495.7
Pirkanmaa,Industry,Industrial fuels,GWh,2016,2382.5
Pirkanmaa,Industry,Industrial fuels,GWh,2017,2611.5
Pirkanmaa,Industry,Industrial fuels,GWh,2018,2339.3
Pirkanmaa,Industry,Industrial fuels,GWh,2019,2265.8
Pirkanmaa,Industry,Industrial fuels,GWh,2020,2199.0
Pirkanmaa,Industry,Industrial fuels,GWh,2021,1724.6
Pirkanmaa,Industry,Industrial fuels,GWh,2022,1571.3
Pirkanmaa,Industry,Industrial fuels,GWh,2023,1829.4
Pirkanmaa,Industry,Industrial fuels,GWh,2024,2044.7
Pirkanmaa,Machinery,Mining and industrial machinery,GWh,1990,144.3
Pirkanmaa,Machinery,Mining and industrial machinery,GWh,2005,147.4
Pirkanmaa,Machinery,Mining and industrial machinery,GWh,2006,143.3
Pirkanmaa,Machinery,Mining and industrial machinery,GWh,2007,147.3
Pirkanmaa,Machinery,Mining and industrial machinery,GWh,2008,150.6
Pirkanmaa,Machinery,Mining and industrial machinery,GWh,2009,131.2
Pirkanmaa,Machinery,Mining and industrial machinery,GWh,2010,136.6
Pirkanmaa,Machinery,Mining and industrial machinery,GWh,2011,134.0
Pirkanmaa,Machinery,Mining and industrial machinery,GWh,2012,128.8
Pirkanmaa,Machinery,Mining and industrial machinery,GWh,2013,124.1
Pirkanmaa,Machinery,Mining and industrial machinery,GWh,2014,119.7
Pirkanmaa,Machinery,Mining and industrial machinery,GWh,2015,118.2
Pirkanmaa,Machinery,Mining and industrial machinery,GWh,2016,112.6
Pirkanmaa,Machinery,Mining and industrial machinery,GWh,2017,117.1
Pirkanmaa,Machinery,Mining and industrial machinery,GWh,2018,114.7
Pirkanmaa,Machinery,Mining and industrial machinery,GWh,2019,118.2
Pirkanmaa,Machinery,Mining and industrial machinery,GWh,2020,118.6
Pirkanmaa,Machinery,Mining and industrial machinery,GWh,2021,111.1
Pirkanmaa,Machinery,Mining and industrial machinery,GWh,2022,110.9
Pirkanmaa,Machinery,Mining and industrial machinery,GWh,2023,107.3
Pirkanmaa,Machinery,Mining and industrial machinery,GWh,2024,109.0
Pirkanmaa,Machinery,Agricultural and forestry machinery,GWh,1990,255.6
Pirkanmaa,Machinery,Agricultural and forestry machinery,GWh,2005,256.8
Pirkanmaa,Machinery,Agricultural and forestry machinery,GWh,2006,265.6
Pirkanmaa,Machinery,Agricultural and forestry machinery,GWh,2007,265.7
Pirkanmaa,Machinery,Agricultural and forestry machinery,GWh,2008,261.4
Pirkanmaa,Machinery,Agricultural and forestry machinery,GWh,2009,255.9
Pirkanmaa,Machinery,Agricultural and forestry machinery,GWh,2010,250.6
Pirkanmaa,Machinery,Agricultural and forestry machinery,GWh,2011,243.6
Pirkanmaa,Machinery,Agricultural and forestry machinery,GWh,2012,270.6
Pirkanmaa,Machinery,Agricultural and forestry machinery,GWh,2013,262.5
Pirkanmaa,Machinery,Agricultural and forestry machinery,GWh,2014,254.8
Pirkanmaa,Machinery,Agricultural and forestry machinery,GWh,2015,263.5
Pirkanmaa,Machinery,Agricultural and forestry machinery,GWh,2016,259.3
Pirkanmaa,Machinery,Agricultural and forestry machinery,GWh,2017,259.0
Pirkanmaa,Machinery,Agricultural and forestry machinery,GWh,2018,233.6
Pirkanmaa,Machinery,Agricultural and forestry machinery,GWh,2019,250.4
Pirkanmaa,Machinery,Agricultural and forestry machinery,GWh,2020,237.0
Pirkanmaa,Machinery,Agricultural and forestry machinery,GWh,2021,228.1
Pirkanmaa,Machinery,Agricultural and forestry machinery,GWh,2022,230.5
Pirkanmaa,Machinery,Agricultural and forestry machinery,GWh,2023,233.5
Pirkanmaa,Machinery,Agricultural and forestry machinery,GWh,2024,236.7
Pirkanmaa,Machinery,Other machinery,GWh,1990,27.8
Pirkanmaa,Machinery,Other machinery,GWh,2005,31.7
Pirkanmaa,Machinery,Other machinery,GWh,2006,32.2
Pirkanmaa,Machinery,Other machinery,GWh,2007,32.4
Pirkanmaa,Machinery,Other machinery,GWh,2008,31.1
Pirkanmaa,Machinery,Other machinery,GWh,2009,29.3
Pirkanmaa,Machinery,Other machinery,GWh,2010,28.9
Pirkanmaa,Machinery,Other machinery,GWh,2011,30.4
Pirkanmaa,Machinery,Other machinery,GWh,2012,31.7
Pirkanmaa,Machinery,Other machinery,GWh,2013,32.4
Pirkanmaa,Machinery,Other machinery,GWh,2014,31.8
Pirkanmaa,Machinery,Other machinery,GWh,2015,32.8
Pirkanmaa,Machinery,Other machinery,GWh,2016,32.8
Pirkanmaa,Machinery,Other machinery,GWh,2017,32.3
Pirkanmaa,Machinery,Other machinery,GWh,2018,30.3
Pirkanmaa,Machinery,Other machinery,GWh,2019,31.0
Pirkanmaa,Machinery,Other machinery,GWh,2020,30.9
Pirkanmaa,Machinery,Other machinery,GWh,2021,29.1
Pirkanmaa,Machinery,Other machinery,GWh,2022,29.5
Pirkanmaa,Machinery,Other machinery,GWh,2023,28.6
Pirkanmaa,Machinery,Other machinery,GWh,2024,27.1
Pirkanmaa,Machinery,Construction machinery,GWh,1990,96.7
Pirkanmaa,Machinery,Construction machinery,GWh,2005,129.3
Pirkanmaa,Machinery,Construction machinery,GWh,2006,162.3
Pirkanmaa,Machinery,Construction machinery,GWh,2007,132.6
Pirkanmaa,Machinery,Construction machinery,GWh,2008,138.9
Pirkanmaa,Machinery,Construction machinery,GWh,2009,158.0
Pirkanmaa,Machinery,Construction machinery,GWh,2010,157.1
Pirkanmaa,Machinery,Construction machinery,GWh,2011,126.0
Pirkanmaa,Machinery,Construction machinery,GWh,2012,165.1
Pirkanmaa,Machinery,Construction machinery,GWh,2013,159.6
Pirkanmaa,Machinery,Construction machinery,GWh,2014,157.6
Pirkanmaa,Machinery,Construction machinery,GWh,2015,130.3
Pirkanmaa,Machinery,Construction machinery,GWh,2016,129.9
Pirkanmaa,Machinery,Construction machinery,GWh,2017,167.5
Pirkanmaa,Machinery,Construction machinery,GWh,2018,180.4
Pirkanmaa,Machinery,Construction machinery,GWh,2019,198.9
Pirkanmaa,Machinery,Construction machinery,GWh,2020,201.5
Pirkanmaa,Machinery,Construction machinery,GWh,2021,191.5
Pirkanmaa,Machinery,Construction machinery,GWh,2022,200.2
Pirkanmaa,Machinery,Construction machinery,GWh,2023,215.2
Pirkanmaa,Machinery,Construction machinery,GWh,2024,192.1
Pirkanmaa,Machinery,Road construction machinery,GWh,1990,160.1
Pirkanmaa,Machinery,Road construction machinery,GWh,2005,172.7
Pirkanmaa,Machinery,Road construction machinery,GWh,2006,174.3
Pirkanmaa,Machinery,Road construction machinery,GWh,2007,179.8
Pirkanmaa,Machinery,Road construction machinery,GWh,2008,190.8
Pirkanmaa,Machinery,Road construction machinery,GWh,2009,189.2
Pirkanmaa,Machinery,Road construction machinery,GWh,2010,186.0
Pirkanmaa,Machinery,Road construction machinery,GWh,2011,171.0
Pirkanmaa,Machinery,Road construction machinery,GWh,2012,186.4
Pirkanmaa,Machinery,Road construction machinery,GWh,2013,183.9
Pirkanmaa,Machinery,Road construction machinery,GWh,2014,179.7
Pirkanmaa,Machinery,Road construction machinery,GWh,2015,180.3
Pirkanmaa,Machinery,Road construction machinery,GWh,2016,171.3
Pirkanmaa,Machinery,Road construction machinery,GWh,2017,196.7
Pirkanmaa,Machinery,Road construction machinery,GWh,2018,202.7
Pirkanmaa,Machinery,Road construction machinery,GWh,2019,210.6
Pirkanmaa,Machinery,Road construction machinery,GWh,2020,216.6
Pirkanmaa,Machinery,Road construction machinery,GWh,2021,209.7
Pirkanmaa,Machinery,Road construction machinery,GWh,2022,219.0
Pirkanmaa,Machinery,Road construction machinery,GWh,2023,218.0
Pirkanmaa,Machinery,Road construction machinery,GWh,2024,215.8
Pirkanmaa,Road transport,Passenger cars,GWh,1990,2219.8
Pirkanmaa,Road transport,Passenger cars,GWh,2005,2335.9
Pirkanmaa,Road transport,Passenger cars,GWh,2006,2366.8
Pirkanmaa,Road transport,Passenger cars,GWh,2007,2408.3
Pirkanmaa,Road transport,Passenger cars,GWh,2008,2347.3
Pirkanmaa,Road transport,Passenger cars,GWh,2009,2374.9
Pirkanmaa,Road transport,Passenger cars,GWh,2010,2375.1
Pirkanmaa,Road transport,Passenger cars,GWh,2011,2330.1
Pirkanmaa,Road transport,Passenger cars,GWh,2012,2316.4
Pirkanmaa,Road transport,Passenger cars,GWh,2013,2352.6
Pirkanmaa,Road transport,Passenger cars,GWh,2014,2347.5
Pirkanmaa,Road transport,Passenger cars,GWh,2015,2325.2
Pirkanmaa,Road transport,Passenger cars,GWh,2016,2335.6
Pirkanmaa,Road transport,Passenger cars,GWh,2017,2367.8
Pirkanmaa,Road transport,Passenger cars,GWh,2018,2373.4
Pirkanmaa,Road transport,Passenger cars,GWh,2019,2340.6
Pirkanmaa,Road transport,Passenger cars,GWh,2020,2195.0
Pirkanmaa,Road transport,Passenger cars,GWh,2021,2255.3
Pirkanmaa,Road transport,Passenger cars,GWh,2022,2126.1
Pirkanmaa,Road transport,Passenger cars,GWh,2023,2116.2
Pirkanmaa,Road transport,Passenger cars,GWh,2024,2127.7
Pirkanmaa,Road transport,Trucks,GWh,1990,687.5
Pirkanmaa,Road transport,Trucks,GWh,2005,930.8
Pirkanmaa,Road transport,Trucks,GWh,2006,957.4
Pirkanmaa,Road transport,Trucks,GWh,2007,1014.5
Pirkanmaa,Road transport,Trucks,GWh,2008,967.4
Pirkanmaa,Road transport,Trucks,GWh,2009,864.8
Pirkanmaa,Road transport,Trucks,GWh,2010,998.3
Pirkanmaa,Road transport,Trucks,GWh,2011,1054.2
Pirkanmaa,Road transport,Trucks,GWh,2012,1014.0
Pirkanmaa,Road transport,Trucks,GWh,2013,1024.2
Pirkanmaa,Road transport,Trucks,GWh,2014,970.4
Pirkanmaa,Road transport,Trucks,GWh,2015,996.4
Pirkanmaa,Road transport,Trucks,GWh,2016,1050.6
Pirkanmaa,Road transport,Trucks,GWh,2017,954.7
Pirkanmaa,Road transport,Trucks,GWh,2018,980.3
Pirkanmaa,Road transport,Trucks,GWh,2019,950.6
Pirkanmaa,Road transport,Trucks,GWh,2020,916.3
Pirkanmaa,Road transport,Trucks,GWh,2021,972.6
Pirkanmaa,Road transport,Trucks,GWh,2022,930.2
Pirkanmaa,Road transport,Trucks,GWh,2023,864.2
Pirkanmaa,Road transport,Trucks,GWh,2024,856.5
Pirkanmaa,Road transport,Buses,GWh,1990,155.4
Pirkanmaa,Road transport,Buses,GWh,2005,139.4
Pirkanmaa,Road transport,Buses,GWh,2006,140.2
Pirkanmaa,Road transport,Buses,GWh,2007,136.8
Pirkanmaa,Road transport,Buses,GWh,2008,136.7
Pirkanmaa,Road transport,Buses,GWh,2009,135.0
Pirkanmaa,Road transport,Buses,GWh,2010,133.8
Pirkanmaa,Road transport,Buses,GWh,2011,134.5
Pirkanmaa,Road transport,Buses,GWh,2012,135.0
Pirkanmaa,Road transport,Buses,GWh,2013,133.7
Pirkanmaa,Road transport,Buses,GWh,2014,132.7
Pirkanmaa,Road transport,Buses,GWh,2015,127.0
Pirkanmaa,Road transport,Buses,GWh,2016,128.1
Pirkanmaa,Road transport,Buses,GWh,2017,132.7
Pirkanmaa,Road transport,Buses,GWh,2018,133.8
Pirkanmaa,Road transport,Buses,GWh,2019,131.1
Pirkanmaa,Road transport,Buses,GWh,2020,103.4
Pirkanmaa,Road transport,Buses,GWh,2021,98.6
Pirkanmaa,Road transport,Buses,GWh,2022,103.8
Pirkanmaa,Road transport,Buses,GWh,2023,105.9
Pirkanmaa,Road transport,Buses,GWh,2024,102.3
Pirkanmaa,Road transport,Vancouver vans,GWh,1990,289.7
Pirkanmaa,Road transport,Vancouver vans,GWh,2005,284.6
Pirkanmaa,Road transport,Vancouver vans,GWh,2006,288.8
Pirkanmaa,Road transport,Vancouver vans,GWh,2007,290.7
Pirkanmaa,Road transport,Vancouver vans,GWh,2008,287.5
Pirkanmaa,Road transport,Vancouver vans,GWh,2009,292.4
Pirkanmaa,Road transport,Vancouver vans,GWh,2010,296.7
Pirkanmaa,Road transport,Vancouver vans,GWh,2011,297.1
Pirkanmaa,Road transport,Vancouver vans,GWh,2012,294.1
Pirkanmaa,Road transport,Vancouver vans,GWh,2013,295.2
Pirkanmaa,Road transport,Vancouver vans,GWh,2014,302.0
Pirkanmaa,Road transport,Vancouver vans,GWh,2015,308.2
Pirkanmaa,Road transport,Vancouver vans,GWh,2016,310.8
Pirkanmaa,Road transport,Vancouver vans,GWh,2017,367.0
Pirkanmaa,Road transport,Vancouver vans,GWh,2018,371.3
Pirkanmaa,Road transport,Vancouver vans,GWh,2019,369.2
Pirkanmaa,Road transport,Vancouver vans,GWh,2020,361.1
Pirkanmaa,Road transport,Vancouver vans,GWh,2021,384.5
Pirkanmaa,Road transport,Vancouver vans,GWh,2022,365.9
Pirkanmaa,Road transport,Vancouver vans,GWh,2023,361.8
Pirkanmaa,Road transport,Vancouver vans,GWh,2024,367.6
Pirkanmaa,Road transport,Drive-through traffic,GWh,1990,198.3
Pirkanmaa,Road transport,Drive-through traffic,GWh,2005,325.3
Pirkanmaa,Road transport,Drive-through traffic,GWh,2006,323.4
Pirkanmaa,Road transport,Drive-through traffic,GWh,2007,349.8
Pirkanmaa,Road transport,Drive-through traffic,GWh,2008,351.2
Pirkanmaa,Road transport,Drive-through traffic,GWh,2009,316.4
Pirkanmaa,Road transport,Drive-through traffic,GWh,2010,332.1
Pirkanmaa,Road transport,Drive-through traffic,GWh,2011,322.4
Pirkanmaa,Road transport,Drive-through traffic,GWh,2012,300.7
Pirkanmaa,Road transport,Drive-through traffic,GWh,2013,286.7
Pirkanmaa,Road transport,Drive-through traffic,GWh,2014,270.8
Pirkanmaa,Road transport,Drive-through traffic,GWh,2015,266.6
Pirkanmaa,Road transport,Drive-through traffic,GWh,2016,285.2
Pirkanmaa,Road transport,Drive-through traffic,GWh,2017,282.8
Pirkanmaa,Road transport,Drive-through traffic,GWh,2018,291.3
Pirkanmaa,Road transport,Drive-through traffic,GWh,2019,289.1
Pirkanmaa,Road transport,Drive-through traffic,GWh,2020,278.5
Pirkanmaa,Road transport,Drive-through traffic,GWh,2021,287.0
Pirkanmaa,Road transport,Drive-through traffic,GWh,2022,293.2
Pirkanmaa,Road transport,Drive-through traffic,GWh,2023,303.3
Pirkanmaa,Road transport,Drive-through traffic,GWh,2024,309.8
Pirkanmaa,Road transport,Motorcycles and mopeds,GWh,1990,14.5
Pirkanmaa,Road transport,Motorcycles and mopeds,GWh,2005,34.6
Pirkanmaa,Road transport,Motorcycles and mopeds,GWh,2006,37.0
Pirkanmaa,Road transport,Motorcycles and mopeds,GWh,2007,40.2
Pirkanmaa,Road transport,Motorcycles and mopeds,GWh,2008,42.3
Pirkanmaa,Road transport,Motorcycles and mopeds,GWh,2009,42.9
Pirkanmaa,Road transport,Motorcycles and mopeds,GWh,2010,44.9
Pirkanmaa,Road transport,Motorcycles and mopeds,GWh,2011,48.2
Pirkanmaa,Road transport,Motorcycles and mopeds,GWh,2012,49.5
Pirkanmaa,Road transport,Motorcycles and mopeds,GWh,2013,51.3
Pirkanmaa,Road transport,Motorcycles and mopeds,GWh,2014,51.1
Pirkanmaa,Road transport,Motorcycles and mopeds,GWh,2015,51.3
Pirkanmaa,Road transport,Motorcycles and mopeds,GWh,2016,52.1
Pirkanmaa,Road transport,Motorcycles and mopeds,GWh,2017,42.3
Pirkanmaa,Road transport,Motorcycles and mopeds,GWh,2018,42.2
Pirkanmaa,Road transport,Motorcycles and mopeds,GWh,2019,41.3
Pirkanmaa,Road transport,Motorcycles and mopeds,GWh,2020,39.8
Pirkanmaa,Road transport,Motorcycles and mopeds,GWh,2021,42.1
Pirkanmaa,Road transport,Motorcycles and mopeds,GWh,2022,41.0
Pirkanmaa,Road transport,Motorcycles and mopeds,GWh,2023,42.3
Pirkanmaa,Road transport,Motorcycles and mopeds,GWh,2024,43.6
Pirkanmaa,Rail transport,Diesel,GWh,1990,60.9
Pirkanmaa,Rail transport,Diesel,GWh,2005,40.5
Pirkanmaa,Rail transport,Diesel,GWh,2006,39.7
Pirkanmaa,Rail transport,Diesel,GWh,2007,32.4
Pirkanmaa,Rail transport,Diesel,GWh,2008,32.9
Pirkanmaa,Rail transport,Diesel,GWh,2009,25.5
Pirkanmaa,Rail transport,Diesel,GWh,2010,25.4
Pirkanmaa,Rail transport,Diesel,GWh,2011,25.2
Pirkanmaa,Rail transport,Diesel,GWh,2012,24.3
Pirkanmaa,Rail transport,Diesel,GWh,2013,22.0
Pirkanmaa,Rail transport,Diesel,GWh,2014,19.7
Pirkanmaa,Rail transport,Diesel,GWh,2015,16.1
Pirkanmaa,Rail transport,Diesel,GWh,2016,14.2
Pirkanmaa,Rail transport,Diesel,GWh,2017,13.8
Pirkanmaa,Rail transport,Diesel,GWh,2018,14.5
Pirkanmaa,Rail transport,Diesel,GWh,2019,16.1
Pirkanmaa,Rail transport,Diesel,GWh,2020,13.6
Pirkanmaa,Rail transport,Diesel,GWh,2021,17.8
Pirkanmaa,Rail transport,Diesel,GWh,2022,16.1
Pirkanmaa,Rail transport,Diesel,GWh,2023,16.1
Pirkanmaa,Rail transport,Diesel,GWh,2024,13.7
Pirkanmaa,Rail transport,Electricity,GWh,1990,58.4
Pirkanmaa,Rail transport,Electricity,GWh,2005,86.4
Pirkanmaa,Rail transport,Electricity,GWh,2006,87.3
Pirkanmaa,Rail transport,Electricity,GWh,2007,92.1
Pirkanmaa,Rail transport,Electricity,GWh,2008,91.6
Pirkanmaa,Rail transport,Electricity,GWh,2009,86.0
Pirkanmaa,Rail transport,Electricity,GWh,2010,89.2
Pirkanmaa,Rail transport,Electricity,GWh,2011,88.0
Pirkanmaa,Rail transport,Electricity,GWh,2012,87.3
Pirkanmaa,Rail transport,Electricity,GWh,2013,87.0
Pirkanmaa,Rail transport,Electricity,GWh,2014,84.3
Pirkanmaa,Rail transport,Electricity,GWh,2015,79.4
Pirkanmaa,Rail transport,Electricity,GWh,2016,76.3
Pirkanmaa,Rail transport,Electricity,GWh,2017,77.2
Pirkanmaa,Rail transport,Electricity,GWh,2018,82.9
Pirkanmaa,Rail transport,Electricity,GWh,2019,80.8
Pirkanmaa,Rail transport,Electricity,GWh,2020,66.9
Pirkanmaa,Rail transport,Electricity,GWh,2021,66.0
Pirkanmaa,Rail transport,Electricity,GWh,2022,63.1
Pirkanmaa,Rail transport,Electricity,GWh,2023,64.7
Pirkanmaa,Rail transport,Electricity,GWh,2024,71.6
Pirkanmaa,Rail transport,Community trains,GWh,1990,0.0
Pirkanmaa,Rail transport,Community trains,GWh,2005,4.8
Pirkanmaa,Rail transport,Community trains,GWh,2006,4.9
Pirkanmaa,Rail transport,Community trains,GWh,2007,5.3
Pirkanmaa,Rail transport,Community trains,GWh,2008,5.4
Pirkanmaa,Rail transport,Community trains,GWh,2009,5.4
Pirkanmaa,Rail transport,Community trains,GWh,2010,5.7
Pirkanmaa,Rail transport,Community trains,GWh,2011,5.2
Pirkanmaa,Rail transport,Community trains,GWh,2012,5.8
Pirkanmaa,Rail transport,Community trains,GWh,2013,5.6
Pirkanmaa,Rail transport,Community trains,GWh,2014,5.5
Pirkanmaa,Rail transport,Community trains,GWh,2015,5.4
Pirkanmaa,Rail transport,Community trains,GWh,2016,4.4
Pirkanmaa,Rail transport,Community trains,GWh,2017,3.2
Pirkanmaa,Rail transport,Community trains,GWh,2018,3.5
Pirkanmaa,Rail transport,Community trains,GWh,2019,11.0
Pirkanmaa,Rail transport,Community trains,GWh,2020,13.4
Pirkanmaa,Rail transport,Community trains,GWh,2021,13.4
Pirkanmaa,Rail transport,Community trains,GWh,2022,11.1
Pirkanmaa,Rail transport,Community trains,GWh,2023,11.2
Pirkanmaa,Rail transport,Community trains,GWh,2024,12.4
Pirkanmaa,Rail transport,Metros and trams,GWh,1990,0.0
Pirkanmaa,Rail transport,Metros and trams,GWh,2005,0.0
Pirkanmaa,Rail transport,Metros and trams,GWh,2006,0.0
Pirkanmaa,Rail transport,Metros and trams,GWh,2007,0.0
Pirkanmaa,Rail transport,Metros and trams,GWh,2008,0.0
Pirkanmaa,Rail transport,Metros and trams,GWh,2009,0.0
Pirkanmaa,Rail transport,Metros and trams,GWh,2010,0.0
Pirkanmaa,Rail transport,Metros and trams,GWh,2011,0.0
Pirkanmaa,Rail transport,Metros and trams,GWh,2012,0.0
Pirkanmaa,Rail transport,Metros and trams,GWh,2013,0.0
Pirkanmaa,Rail transport,Metros and trams,GWh,2014,0.0
Pirkanmaa,Rail transport,Metros and trams,GWh,2015,0.0
Pirkanmaa,Rail transport,Metros and trams,GWh,2016,0.0
Pirkanmaa,Rail transport,Metros and trams,GWh,2017,0.0
Pirkanmaa,Rail transport,Metros and trams,GWh,2018,0.0
Pirkanmaa,Rail transport,Metros and trams,GWh,2019,0.0
Pirkanmaa,Rail transport,Metros and trams,GWh,2020,0.0
Pirkanmaa,Rail transport,Metros and trams,GWh,2021,2.6
Pirkanmaa,Rail transport,Metros and trams,GWh,2022,7.7
Pirkanmaa,Rail transport,Metros and trams,GWh,2023,8.4
Pirkanmaa,Rail transport,Metros and trams,GWh,2024,9.1
Pirkanmaa,Water transport,Pleasure boats,GWh,1990,41.4
Pirkanmaa,Water transport,Pleasure boats,GWh,2005,44.1
Pirkanmaa,Water transport,Pleasure boats,GWh,2006,45.4
Pirkanmaa,Water transport,Pleasure boats,GWh,2007,45.6
Pirkanmaa,Water transport,Pleasure boats,GWh,2008,37.4
Pirkanmaa,Water transport,Pleasure boats,GWh,2009,38.6
Pirkanmaa,Water transport,Pleasure boats,GWh,2010,41.1
Pirkanmaa,Water transport,Pleasure boats,GWh,2011,32.7
Pirkanmaa,Water transport,Pleasure boats,GWh,2012,34.5
Pirkanmaa,Water transport,Pleasure boats,GWh,2013,36.8
Pirkanmaa,Water transport,Pleasure boats,GWh,2014,33.9
Pirkanmaa,Water transport,Pleasure boats,GWh,2015,35.4
Pirkanmaa,Water transport,Pleasure boats,GWh,2016,34.1
Pirkanmaa,Water transport,Pleasure boats,GWh,2017,34.0
Pirkanmaa,Water transport,Pleasure boats,GWh,2018,34.2
Pirkanmaa,Water transport,Pleasure boats,GWh,2019,34.7
Pirkanmaa,Water transport,Pleasure boats,GWh,2020,40.5
Pirkanmaa,Water transport,Pleasure boats,GWh,2021,45.3
Pirkanmaa,Water transport,Pleasure boats,GWh,2022,36.0
Pirkanmaa,Water transport,Pleasure boats,GWh,2023,36.1
Pirkanmaa,Water transport,Pleasure boats,GWh,2024,38.0
Pirkanmaa,Water transport,Passenger traffic,GWh,1990,0.7
Pirkanmaa,Water transport,Passenger traffic,GWh,2005,0.8
Pirkanmaa,Water transport,Passenger traffic,GWh,2006,0.8
Pirkanmaa,Water transport,Passenger traffic,GWh,2007,1.5
Pirkanmaa,Water transport,Passenger traffic,GWh,2008,0.8
Pirkanmaa,Water transport,Passenger traffic,GWh,2009,0.5
Pirkanmaa,Water transport,Passenger traffic,GWh,2010,0.4
Pirkanmaa,Water transport,Passenger traffic,GWh,2011,0.5
Pirkanmaa,Water transport,Passenger traffic,GWh,2012,0.7
Pirkanmaa,Water transport,Passenger traffic,GWh,2013,0.5
Pirkanmaa,Water transport,Passenger traffic,GWh,2014,0.5
Pirkanmaa,Water transport,Passenger traffic,GWh,2015,0.4
Pirkanmaa,Water transport,Passenger traffic,GWh,2016,0.3
Pirkanmaa,Water transport,Passenger traffic,GWh,2017,0.4
Pirkanmaa,Water transport,Passenger traffic,GWh,2018,0.3
Pirkanmaa,Water transport,Passenger traffic,GWh,2019,0.3
Pirkanmaa,Water transport,Passenger traffic,GWh,2020,0.3
Pirkanmaa,Water transport,Passenger traffic,GWh,2021,0.3
Pirkanmaa,Water transport,Passenger traffic,GWh,2022,0.5
Pirkanmaa,Water transport,Passenger traffic,GWh,2023,0.5
Pirkanmaa,Water transport,Passenger traffic,GWh,2024,0.5
Pirkanmaa,Water transport,Goods traffic,GWh,1990,0.0
Pirkanmaa,Water transport,Goods traffic,GWh,2005,0.0
Pirkanmaa,Water transport,Goods traffic,GWh,2006,0.0
Pirkanmaa,Water transport,Goods traffic,GWh,2007,0.0
Pirkanmaa,Water transport,Goods traffic,GWh,2008,0.0
Pirkanmaa,Water transport,Goods traffic,GWh,2009,0.0
Pirkanmaa,Water transport,Goods traffic,GWh,2010,0.0
Pirkanmaa,Water transport,Goods traffic,GWh,2011,0.0
Pirkanmaa,Water transport,Goods traffic,GWh,2012,0.0
Pirkanmaa,Water transport,Goods traffic,GWh,2013,0.0
Pirkanmaa,Water transport,Goods traffic,GWh,2014,0.0
Pirkanmaa,Water transport,Goods traffic,GWh,2015,0.0
Pirkanmaa,Water transport,Goods traffic,GWh,2016,0.0
Pirkanmaa,Water transport,Goods traffic,GWh,2017,0.0
Pirkanmaa,Water transport,Goods traffic,GWh,2018,0.0
Pirkanmaa,Water transport,Goods traffic,GWh,2019,0.0
Pirkanmaa,Water transport,Goods traffic,GWh,2020,0.0
Pirkanmaa,Water transport,Goods traffic,GWh,2021,0.0
Pirkanmaa,Water transport,Goods traffic,GWh,2022,0.0
Pirkanmaa,Water transport,Goods traffic,GWh,2023,0.0
Pirkanmaa,Water transport,Goods traffic,GWh,2024,0.0
Pirkanmaa,Water transport,Fishing vessels,GWh,1990,0.0
Pirkanmaa,Water transport,Fishing vessels,GWh,2005,0.0
Pirkanmaa,Water transport,Fishing vessels,GWh,2006,0.0
Pirkanmaa,Water transport,Fishing vessels,GWh,2007,0.0
Pirkanmaa,Water transport,Fishing vessels,GWh,2008,0.0
Pirkanmaa,Water transport,Fishing vessels,GWh,2009,0.0
Pirkanmaa,Water transport,Fishing vessels,GWh,2010,0.0
Pirkanmaa,Water transport,Fishing vessels,GWh,2011,0.0
Pirkanmaa,Water transport,Fishing vessels,GWh,2012,0.0
Pirkanmaa,Water transport,Fishing vessels,GWh,2013,0.0
Pirkanmaa,Water transport,Fishing vessels,GWh,2014,0.0
Pirkanmaa,Water transport,Fishing vessels,GWh,2015,0.0
Pirkanmaa,Water transport,Fishing vessels,GWh,2016,0.0
Pirkanmaa,Water transport,Fishing vessels,GWh,2017,0.0
Pirkanmaa,Water transport,Fishing vessels,GWh,2018,0.0
Pirkanmaa,Water transport,Fishing vessels,GWh,2019,0.0
Pirkanmaa,Water transport,Fishing vessels,GWh,2020,0.0
Pirkanmaa,Water transport,Fishing vessels,GWh,2021,0.0
Pirkanmaa,Water transport,Fishing vessels,GWh,2022,0.0
Pirkanmaa,Water transport,Fishing vessels,GWh,2023,0.0
Pirkanmaa,Water transport,Fishing vessels,GWh,2024,0.0
Pirkanmaa,Water transport,,GWh,1990,0.0
Pirkanmaa,Water transport,,GWh,2005,0.0
Pirkanmaa,Water transport,,GWh,2006,0.0
Pirkanmaa,Water transport,,GWh,2007,0.0
Pirkanmaa,Water transport,,GWh,2008,0.0
Pirkanmaa,Water transport,,GWh,2009,0.0
Pirkanmaa,Water transport,,GWh,2010,0.0
Pirkanmaa,Water transport,,GWh,2011,0.0
Pirkanmaa,Water transport,,GWh,2012,0.0
Pirkanmaa,Water transport,,GWh,2013,0.0
Pirkanmaa,Water transport,,GWh,2014,0.0
Pirkanmaa,Water transport,,GWh,2015,0.0
Pirkanmaa,Water transport,,GWh,2016,0.0
Pirkanmaa,Water transport,,GWh,2017,0.0
Pirkanmaa,Water transport,,GWh,2018,0.0
Pirkanmaa,Water transport,,GWh,2019,0.0
Pirkanmaa,Water transport,,GWh,2020,0.0
Pirkanmaa,Water transport,,GWh,2021,0.0
Pirkanmaa,Water transport,,GWh,2022,0.0
Pirkanmaa,Water transport,,GWh,2023,0.0
Pirkanmaa,Water transport,,GWh,2024,0.0
Pirkanmaa,Water transport,Workboats and ships,GWh,1990,18.1
Pirkanmaa,Water transport,Workboats and ships,GWh,2005,17.5
Pirkanmaa,Water transport,Workboats and ships,GWh,2006,17.8
Pirkanmaa,Water transport,Workboats and ships,GWh,2007,17.9
Pirkanmaa,Water transport,Workboats and ships,GWh,2008,18.0
Pirkanmaa,Water transport,Workboats and ships,GWh,2009,18.1
Pirkanmaa,Water transport,Workboats and ships,GWh,2010,18.2
Pirkanmaa,Water transport,Workboats and ships,GWh,2011,18.3
Pirkanmaa,Water transport,Workboats and ships,GWh,2012,18.4
Pirkanmaa,Water transport,Workboats and ships,GWh,2013,18.5
Pirkanmaa,Water transport,Workboats and ships,GWh,2014,18.6
Pirkanmaa,Water transport,Workboats and ships,GWh,2015,19.0
Pirkanmaa,Water transport,Workboats and ships,GWh,2016,18.9
Pirkanmaa,Water transport,Workboats and ships,GWh,2017,19.0
Pirkanmaa,Water transport,Workboats and ships,GWh,2018,19.2
Pirkanmaa,Water transport,Workboats and ships,GWh,2019,19.4
Pirkanmaa,Water transport,Workboats and ships,GWh,2020,19.5
Pirkanmaa,Water transport,Workboats and ships,GWh,2021,19.6
Pirkanmaa,Water transport,Workboats and ships,GWh,2022,19.8
Pirkanmaa,Water transport,Workboats and ships,GWh,2023,19.9
Pirkanmaa,Water transport,Workboats and ships,GWh,2024,10.0
Pirkanmaa,Emission credits,Wind power,GWh,1990,0.0
Pirkanmaa,Emission credits,Wind power,GWh,2005,1.0
Pirkanmaa,Emission credits,Wind power,GWh,2006,0.9
Pirkanmaa,Emission credits,Wind power,GWh,2007,0.8
Pirkanmaa,Emission credits,Wind power,GWh,2008,0.9
Pirkanmaa,Emission credits,Wind power,GWh,2009,0.9
Pirkanmaa,Emission credits,Wind power,GWh,2010,0.7
Pirkanmaa,Emission credits,Wind power,GWh,2011,3.5
Pirkanmaa,Emission credits,Wind power,GWh,2012,4.0
Pirkanmaa,Emission credits,Wind power,GWh,2013,4.8
Pirkanmaa,Emission credits,Wind power,GWh,2014,4.5
Pirkanmaa,Emission credits,Wind power,GWh,2015,5.9
Pirkanmaa,Emission credits,Wind power,GWh,2016,5.1
Pirkanmaa,Emission credits,Wind power,GWh,2017,6.1
Pirkanmaa,Emission credits,Wind power,GWh,2018,7.4
Pirkanmaa,Emission credits,Wind power,GWh,2019,6.8
Pirkanmaa,Emission credits,Wind power,GWh,2020,8.0
Pirkanmaa,Emission credits,Wind power,GWh,2021,6.6
Pirkanmaa,Emission credits,Wind power,GWh,2022,57.2
Pirkanmaa,Emission credits,Wind power,GWh,2023,58.5
Pirkanmaa,Emission credits,Wind power,GWh,2024,79.2
Päijät-Häme,Electricity,Housing,GWh,1990,353.4
Päijät-Häme,Electricity,Housing,GWh,2005,468.6
Päijät-Häme,Electricity,Housing,GWh,2006,485.0
Päijät-Häme,Electricity,Housing,GWh,2007,490.9
Päijät-Häme,Electricity,Housing,GWh,2008,474.6
Päijät-Häme,Electricity,Housing,GWh,2009,489.4
Päijät-Häme,Electricity,Housing,GWh,2010,529.6
Päijät-Häme,Electricity,Housing,GWh,2011,415.7
Päijät-Häme,Electricity,Housing,GWh,2012,498.4
Päijät-Häme,Electricity,Housing,GWh,2013,498.4
Päijät-Häme,Electricity,Housing,GWh,2014,493.1
Päijät-Häme,Electricity,Housing,GWh,2015,491.3
Päijät-Häme,Electricity,Housing,GWh,2016,533.5
Päijät-Häme,Electricity,Housing,GWh,2017,510.7
Päijät-Häme,Electricity,Housing,GWh,2018,502.5
Päijät-Häme,Electricity,Housing,GWh,2019,502.1
Päijät-Häme,Electricity,Housing,GWh,2020,491.2
Päijät-Häme,Electricity,Housing,GWh,2021,528.7
Päijät-Häme,Electricity,Housing,GWh,2022,504.3
Päijät-Häme,Electricity,Housing,GWh,2023,487.8
Päijät-Häme,Electricity,Housing,GWh,2024,499.9
Päijät-Häme,Electricity,Agriculture,GWh,1990,17.5
Päijät-Häme,Electricity,Agriculture,GWh,2005,25.2
Päijät-Häme,Electricity,Agriculture,GWh,2006,25.9
Päijät-Häme,Electricity,Agriculture,GWh,2007,27.1
Päijät-Häme,Electricity,Agriculture,GWh,2008,27.6
Päijät-Häme,Electricity,Agriculture,GWh,2009,27.9
Päijät-Häme,Electricity,Agriculture,GWh,2010,28.1
Päijät-Häme,Electricity,Agriculture,GWh,2011,29.1
Päijät-Häme,Electricity,Agriculture,GWh,2012,29.0
Päijät-Häme,Electricity,Agriculture,GWh,2013,21.6
Päijät-Häme,Electricity,Agriculture,GWh,2014,20.3
Päijät-Häme,Electricity,Agriculture,GWh,2015,19.3
Päijät-Häme,Electricity,Agriculture,GWh,2016,24.7
Päijät-Häme,Electricity,Agriculture,GWh,2017,26.2
Päijät-Häme,Electricity,Agriculture,GWh,2018,26.9
Päijät-Häme,Electricity,Agriculture,GWh,2019,27.5
Päijät-Häme,Electricity,Agriculture,GWh,2020,18.7
Päijät-Häme,Electricity,Agriculture,GWh,2021,19.0
Päijät-Häme,Electricity,Agriculture,GWh,2022,19.3
Päijät-Häme,Electricity,Agriculture,GWh,2023,17.9
Päijät-Häme,Electricity,Agriculture,GWh,2024,15.5
Päijät-Häme,Electricity,Services,GWh,1990,358.1
Päijät-Häme,Electricity,Services,GWh,2005,530.2
Päijät-Häme,Electricity,Services,GWh,2006,555.8
Päijät-Häme,Electricity,Services,GWh,2007,564.4
Päijät-Häme,Electricity,Services,GWh,2008,588.7
Päijät-Häme,Electricity,Services,GWh,2009,591.0
Päijät-Häme,Electricity,Services,GWh,2010,601.8
Päijät-Häme,Electricity,Services,GWh,2011,557.1
Päijät-Häme,Electricity,Services,GWh,2012,661.8
Päijät-Häme,Electricity,Services,GWh,2013,580.8
Päijät-Häme,Electricity,Services,GWh,2014,578.2
Päijät-Häme,Electricity,Services,GWh,2015,549.6
Päijät-Häme,Electricity,Services,GWh,2016,545.4
Päijät-Häme,Electricity,Services,GWh,2017,572.5
Päijät-Häme,Electricity,Services,GWh,2018,626.7
Päijät-Häme,Electricity,Services,GWh,2019,616.0
Päijät-Häme,Electricity,Services,GWh,2020,582.9
Päijät-Häme,Electricity,Services,GWh,2021,546.2
Päijät-Häme,Electricity,Services,GWh,2022,528.7
Päijät-Häme,Electricity,Services,GWh,2023,502.5
Päijät-Häme,Electricity,Services,GWh,2024,541.7
Päijät-Häme,Electricity,Industry,GWh,1990,684.1
Päijät-Häme,Electricity,Industry,GWh,2005,817.2
Päijät-Häme,Electricity,Industry,GWh,2006,894.8
Päijät-Häme,Electricity,Industry,GWh,2007,887.4
Päijät-Häme,Electricity,Industry,GWh,2008,816.0
Päijät-Häme,Electricity,Industry,GWh,2009,723.2
Päijät-Häme,Electricity,Industry,GWh,2010,753.1
Päijät-Häme,Electricity,Industry,GWh,2011,828.9
Päijät-Häme,Electricity,Industry,GWh,2012,713.4
Päijät-Häme,Electricity,Industry,GWh,2013,747.1
Päijät-Häme,Electricity,Industry,GWh,2014,744.9
Päijät-Häme,Electricity,Industry,GWh,2015,727.8
Päijät-Häme,Electricity,Industry,GWh,2016,764.9
Päijät-Häme,Electricity,Industry,GWh,2017,757.4
Päijät-Häme,Electricity,Industry,GWh,2018,711.2
Päijät-Häme,Electricity,Industry,GWh,2019,688.4
Päijät-Häme,Electricity,Industry,GWh,2020,661.7
Päijät-Häme,Electricity,Industry,GWh,2021,785.6
Päijät-Häme,Electricity,Industry,GWh,2022,757.4
Päijät-Häme,Electricity,Industry,GWh,2023,740.9
Päijät-Häme,Electricity,Industry,GWh,2024,772.5
Päijät-Häme,Electric heating,Housing,GWh,1990,261.4
Päijät-Häme,Electric heating,Housing,GWh,2005,354.4
Päijät-Häme,Electric heating,Housing,GWh,2006,366.0
Päijät-Häme,Electric heating,Housing,GWh,2007,364.5
Päijät-Häme,Electric heating,Housing,GWh,2008,344.3
Päijät-Häme,Electric heating,Housing,GWh,2009,367.0
Päijät-Häme,Electric heating,Housing,GWh,2010,393.6
Päijät-Häme,Electric heating,Housing,GWh,2011,326.5
Päijät-Häme,Electric heating,Housing,GWh,2012,367.5
Päijät-Häme,Electric heating,Housing,GWh,2013,367.6
Päijät-Häme,Electric heating,Housing,GWh,2014,363.3
Päijät-Häme,Electric heating,Housing,GWh,2015,353.9
Päijät-Häme,Electric heating,Housing,GWh,2016,386.6
Päijät-Häme,Electric heating,Housing,GWh,2017,367.9
Päijät-Häme,Electric heating,Housing,GWh,2018,362.9
Päijät-Häme,Electric heating,Housing,GWh,2019,351.8
Päijät-Häme,Electric heating,Housing,GWh,2020,343.7
Päijät-Häme,Electric heating,Housing,GWh,2021,378.5
Päijät-Häme,Electric heating,Housing,GWh,2022,352.2
Päijät-Häme,Electric heating,Housing,GWh,2023,332.2
Päijät-Häme,Electric heating,Housing,GWh,2024,338.6
Päijät-Häme,Electric heating,Agriculture,GWh,1990,6.6
Päijät-Häme,Electric heating,Agriculture,GWh,2005,9.2
Päijät-Häme,Electric heating,Agriculture,GWh,2006,9.3
Päijät-Häme,Electric heating,Agriculture,GWh,2007,9.3
Päijät-Häme,Electric heating,Agriculture,GWh,2008,8.4
Päijät-Häme,Electric heating,Agriculture,GWh,2009,9.7
Päijät-Häme,Electric heating,Agriculture,GWh,2010,10.1
Päijät-Häme,Electric heating,Agriculture,GWh,2011,10.2
Päijät-Häme,Electric heating,Agriculture,GWh,2012,10.2
Päijät-Häme,Electric heating,Agriculture,GWh,2013,10.4
Päijät-Häme,Electric heating,Agriculture,GWh,2014,10.5
Päijät-Häme,Electric heating,Agriculture,GWh,2015,10.7
Päijät-Häme,Electric heating,Agriculture,GWh,2016,10.8
Päijät-Häme,Electric heating,Agriculture,GWh,2017,10.6
Päijät-Häme,Electric heating,Agriculture,GWh,2018,10.6
Päijät-Häme,Electric heating,Agriculture,GWh,2019,10.1
Päijät-Häme,Electric heating,Agriculture,GWh,2020,10.0
Päijät-Häme,Electric heating,Agriculture,GWh,2021,10.2
Päijät-Häme,Electric heating,Agriculture,GWh,2022,10.3
Päijät-Häme,Electric heating,Agriculture,GWh,2023,9.8
Päijät-Häme,Electric heating,Agriculture,GWh,2024,9.1
Päijät-Häme,Electric heating,Services,GWh,1990,45.0
Päijät-Häme,Electric heating,Services,GWh,2005,45.1
Päijät-Häme,Electric heating,Services,GWh,2006,35.7
Päijät-Häme,Electric heating,Services,GWh,2007,38.0
Päijät-Häme,Electric heating,Services,GWh,2008,37.0
Päijät-Häme,Electric heating,Services,GWh,2009,38.7
Päijät-Häme,Electric heating,Services,GWh,2010,40.2
Päijät-Häme,Electric heating,Services,GWh,2011,39.1
Päijät-Häme,Electric heating,Services,GWh,2012,38.8
Päijät-Häme,Electric heating,Services,GWh,2013,41.8
Päijät-Häme,Electric heating,Services,GWh,2014,42.4
Päijät-Häme,Electric heating,Services,GWh,2015,41.1
Päijät-Häme,Electric heating,Services,GWh,2016,41.7
Päijät-Häme,Electric heating,Services,GWh,2017,42.2
Päijät-Häme,Electric heating,Services,GWh,2018,42.5
Päijät-Häme,Electric heating,Services,GWh,2019,41.2
Päijät-Häme,Electric heating,Services,GWh,2020,39.9
Päijät-Häme,Electric heating,Services,GWh,2021,43.6
Päijät-Häme,Electric heating,Services,GWh,2022,44.2
Päijät-Häme,Electric heating,Services,GWh,2023,45.0
Päijät-Häme,Electric heating,Services,GWh,2024,45.6
Päijät-Häme,District heating,Housing,GWh,1990,646.2
Päijät-Häme,District heating,Housing,GWh,2005,877.6
Päijät-Häme,District heating,Housing,GWh,2006,923.4
Päijät-Häme,District heating,Housing,GWh,2007,924.4
Päijät-Häme,District heating,Housing,GWh,2008,906.2
Päijät-Häme,District heating,Housing,GWh,2009,961.5
Päijät-Häme,District heating,Housing,GWh,2010,1048.5
Päijät-Häme,District heating,Housing,GWh,2011,907.7
Päijät-Häme,District heating,Housing,GWh,2012,982.5
Päijät-Häme,District heating,Housing,GWh,2013,925.5
Päijät-Häme,District heating,Housing,GWh,2014,934.8
Päijät-Häme,District heating,Housing,GWh,2015,878.1
Päijät-Häme,District heating,Housing,GWh,2016,951.8
Päijät-Häme,District heating,Housing,GWh,2017,930.0
Päijät-Häme,District heating,Housing,GWh,2018,918.0
Päijät-Häme,District heating,Housing,GWh,2019,868.6
Päijät-Häme,District heating,Housing,GWh,2020,797.3
Päijät-Häme,District heating,Housing,GWh,2021,935.9
Päijät-Häme,District heating,Housing,GWh,2022,857.7
Päijät-Häme,District heating,Housing,GWh,2023,857.6
Päijät-Häme,District heating,Housing,GWh,2024,856.3
Päijät-Häme,District heating,Agriculture,GWh,1990,1.5
Päijät-Häme,District heating,Agriculture,GWh,2005,2.1
Päijät-Häme,District heating,Agriculture,GWh,2006,1.5
Päijät-Häme,District heating,Agriculture,GWh,2007,1.5
Päijät-Häme,District heating,Agriculture,GWh,2008,1.4
Päijät-Häme,District heating,Agriculture,GWh,2009,1.7
Päijät-Häme,District heating,Agriculture,GWh,2010,1.7
Päijät-Häme,District heating,Agriculture,GWh,2011,1.7
Päijät-Häme,District heating,Agriculture,GWh,2012,1.8
Päijät-Häme,District heating,Agriculture,GWh,2013,1.3
Päijät-Häme,District heating,Agriculture,GWh,2014,1.3
Päijät-Häme,District heating,Agriculture,GWh,2015,1.2
Päijät-Häme,District heating,Agriculture,GWh,2016,1.0
Päijät-Häme,District heating,Agriculture,GWh,2017,1.0
Päijät-Häme,District heating,Agriculture,GWh,2018,0.9
Päijät-Häme,District heating,Agriculture,GWh,2019,0.9
Päijät-Häme,District heating,Agriculture,GWh,2020,1.0
Päijät-Häme,District heating,Agriculture,GWh,2021,1.1
Päijät-Häme,District heating,Agriculture,GWh,2022,1.0
Päijät-Häme,District heating,Agriculture,GWh,2023,1.1
Päijät-Häme,District heating,Agriculture,GWh,2024,1.1
Päijät-Häme,District heating,Services,GWh,1990,318.6
Päijät-Häme,District heating,Services,GWh,2005,378.3
Päijät-Häme,District heating,Services,GWh,2006,369.3
Päijät-Häme,District heating,Services,GWh,2007,373.3
Päijät-Häme,District heating,Services,GWh,2008,369.2
Päijät-Häme,District heating,Services,GWh,2009,389.1
Päijät-Häme,District heating,Services,GWh,2010,429.0
Päijät-Häme,District heating,Services,GWh,2011,383.7
Päijät-Häme,District heating,Services,GWh,2012,429.1
Päijät-Häme,District heating,Services,GWh,2013,399.9
Päijät-Häme,District heating,Services,GWh,2014,404.3
Päijät-Häme,District heating,Services,GWh,2015,382.7
Päijät-Häme,District heating,Services,GWh,2016,419.5
Päijät-Häme,District heating,Services,GWh,2017,426.1
Päijät-Häme,District heating,Services,GWh,2018,419.1
Päijät-Häme,District heating,Services,GWh,2019,389.7
Päijät-Häme,District heating,Services,GWh,2020,360.5
Päijät-Häme,District heating,Services,GWh,2021,434.9
Päijät-Häme,District heating,Services,GWh,2022,389.1
Päijät-Häme,District heating,Services,GWh,2023,393.6
Päijät-Häme,District heating,Services,GWh,2024,393.0
Päijät-Häme,District heating,Industry,GWh,1990,224.5
Päijät-Häme,District heating,Industry,GWh,2005,263.5
Päijät-Häme,District heating,Industry,GWh,2006,257.1
Päijät-Häme,District heating,Industry,GWh,2007,241.8
Päijät-Häme,District heating,Industry,GWh,2008,233.1
Päijät-Häme,District heating,Industry,GWh,2009,235.9
Päijät-Häme,District heating,Industry,GWh,2010,263.8
Päijät-Häme,District heating,Industry,GWh,2011,237.7
Päijät-Häme,District heating,Industry,GWh,2012,253.9
Päijät-Häme,District heating,Industry,GWh,2013,234.1
Päijät-Häme,District heating,Industry,GWh,2014,235.3
Päijät-Häme,District heating,Industry,GWh,2015,216.8
Päijät-Häme,District heating,Industry,GWh,2016,233.0
Päijät-Häme,District heating,Industry,GWh,2017,227.6
Päijät-Häme,District heating,Industry,GWh,2018,213.0
Päijät-Häme,District heating,Industry,GWh,2019,203.7
Päijät-Häme,District heating,Industry,GWh,2020,200.1
Päijät-Häme,District heating,Industry,GWh,2021,222.3
Päijät-Häme,District heating,Industry,GWh,2022,204.0
Päijät-Häme,District heating,Industry,GWh,2023,218.1
Päijät-Häme,District heating,Industry,GWh,2024,217.8
Päijät-Häme,Oil heating,Housing,GWh,1990,316.7
Päijät-Häme,Oil heating,Housing,GWh,2005,259.3
Päijät-Häme,Oil heating,Housing,GWh,2006,254.4
Päijät-Häme,Oil heating,Housing,GWh,2007,240.5
Päijät-Häme,Oil heating,Housing,GWh,2008,180.1
Päijät-Häme,Oil heating,Housing,GWh,2009,186.0
Päijät-Häme,Oil heating,Housing,GWh,2010,205.8
Päijät-Häme,Oil heating,Housing,GWh,2011,151.3
Päijät-Häme,Oil heating,Housing,GWh,2012,160.5
Päijät-Häme,Oil heating,Housing,GWh,2013,141.4
Päijät-Häme,Oil heating,Housing,GWh,2014,140.0
Päijät-Häme,Oil heating,Housing,GWh,2015,123.1
Päijät-Häme,Oil heating,Housing,GWh,2016,128.2
Päijät-Häme,Oil heating,Housing,GWh,2017,125.2
Päijät-Häme,Oil heating,Housing,GWh,2018,114.6
Päijät-Häme,Oil heating,Housing,GWh,2019,101.5
Päijät-Häme,Oil heating,Housing,GWh,2020,84.4
Päijät-Häme,Oil heating,Housing,GWh,2021,79.0
Päijät-Häme,Oil heating,Housing,GWh,2022,55.0
Päijät-Häme,Oil heating,Housing,GWh,2023,27.4
Päijät-Häme,Oil heating,Housing,GWh,2024,23.5
Päijät-Häme,Oil heating,Agriculture,GWh,1990,28.2
Päijät-Häme,Oil heating,Agriculture,GWh,2005,13.2
Päijät-Häme,Oil heating,Agriculture,GWh,2006,13.2
Päijät-Häme,Oil heating,Agriculture,GWh,2007,11.8
Päijät-Häme,Oil heating,Agriculture,GWh,2008,11.0
Päijät-Häme,Oil heating,Agriculture,GWh,2009,11.0
Päijät-Häme,Oil heating,Agriculture,GWh,2010,13.3
Päijät-Häme,Oil heating,Agriculture,GWh,2011,11.2
Päijät-Häme,Oil heating,Agriculture,GWh,2012,12.5
Päijät-Häme,Oil heating,Agriculture,GWh,2013,8.7
Päijät-Häme,Oil heating,Agriculture,GWh,2014,9.0
Päijät-Häme,Oil heating,Agriculture,GWh,2015,8.3
Päijät-Häme,Oil heating,Agriculture,GWh,2016,6.4
Päijät-Häme,Oil heating,Agriculture,GWh,2017,5.8
Päijät-Häme,Oil heating,Agriculture,GWh,2018,6.2
Päijät-Häme,Oil heating,Agriculture,GWh,2019,6.0
Päijät-Häme,Oil heating,Agriculture,GWh,2020,5.3
Päijät-Häme,Oil heating,Agriculture,GWh,2021,6.3
Päijät-Häme,Oil heating,Agriculture,GWh,2022,6.0
Päijät-Häme,Oil heating,Agriculture,GWh,2023,6.0
Päijät-Häme,Oil heating,Agriculture,GWh,2024,4.4
Päijät-Häme,Oil heating,Services,GWh,1990,106.0
Päijät-Häme,Oil heating,Services,GWh,2005,85.9
Päijät-Häme,Oil heating,Services,GWh,2006,81.8
Päijät-Häme,Oil heating,Services,GWh,2007,76.6
Päijät-Häme,Oil heating,Services,GWh,2008,59.9
Päijät-Häme,Oil heating,Services,GWh,2009,69.6
Päijät-Häme,Oil heating,Services,GWh,2010,77.0
Päijät-Häme,Oil heating,Services,GWh,2011,63.3
Päijät-Häme,Oil heating,Services,GWh,2012,70.9
Päijät-Häme,Oil heating,Services,GWh,2013,63.9
Päijät-Häme,Oil heating,Services,GWh,2014,63.8
Päijät-Häme,Oil heating,Services,GWh,2015,57.9
Päijät-Häme,Oil heating,Services,GWh,2016,64.6
Päijät-Häme,Oil heating,Services,GWh,2017,64.6
Päijät-Häme,Oil heating,Services,GWh,2018,64.9
Päijät-Häme,Oil heating,Services,GWh,2019,63.7
Päijät-Häme,Oil heating,Services,GWh,2020,51.4
Päijät-Häme,Oil heating,Services,GWh,2021,62.9
Päijät-Häme,Oil heating,Services,GWh,2022,61.2
Päijät-Häme,Oil heating,Services,GWh,2023,61.4
Päijät-Häme,Oil heating,Services,GWh,2024,60.7
Päijät-Häme,Other heating,Housing,GWh,1990,405.0
Päijät-Häme,Other heating,Housing,GWh,2005,535.8
Päijät-Häme,Other heating,Housing,GWh,2006,512.1
Päijät-Häme,Other heating,Housing,GWh,2007,530.1
Päijät-Häme,Other heating,Housing,GWh,2008,512.7
Päijät-Häme,Other heating,Housing,GWh,2009,552.8
Päijät-Häme,Other heating,Housing,GWh,2010,612.3
Päijät-Häme,Other heating,Housing,GWh,2011,516.0
Päijät-Häme,Other heating,Housing,GWh,2012,561.0
Päijät-Häme,Other heating,Housing,GWh,2013,535.0
Päijät-Häme,Other heating,Housing,GWh,2014,547.7
Päijät-Häme,Other heating,Housing,GWh,2015,511.2
Päijät-Häme,Other heating,Housing,GWh,2016,560.0
Päijät-Häme,Other heating,Housing,GWh,2017,540.8
Päijät-Häme,Other heating,Housing,GWh,2018,530.6
Päijät-Häme,Other heating,Housing,GWh,2019,507.6
Päijät-Häme,Other heating,Housing,GWh,2020,471.4
Päijät-Häme,Other heating,Housing,GWh,2021,534.7
Päijät-Häme,Other heating,Housing,GWh,2022,490.6
Päijät-Häme,Other heating,Housing,GWh,2023,456.1
Päijät-Häme,Other heating,Housing,GWh,2024,439.3
Päijät-Häme,Other heating,Agriculture,GWh,1990,66.5
Päijät-Häme,Other heating,Agriculture,GWh,2005,74.0
Päijät-Häme,Other heating,Agriculture,GWh,2006,74.4
Päijät-Häme,Other heating,Agriculture,GWh,2007,78.6
Päijät-Häme,Other heating,Agriculture,GWh,2008,70.8
Päijät-Häme,Other heating,Agriculture,GWh,2009,67.7
Päijät-Häme,Other heating,Agriculture,GWh,2010,70.8
Päijät-Häme,Other heating,Agriculture,GWh,2011,67.4
Päijät-Häme,Other heating,Agriculture,GWh,2012,73.7
Päijät-Häme,Other heating,Agriculture,GWh,2013,74.9
Päijät-Häme,Other heating,Agriculture,GWh,2014,68.7
Päijät-Häme,Other heating,Agriculture,GWh,2015,66.6
Päijät-Häme,Other heating,Agriculture,GWh,2016,68.6
Päijät-Häme,Other heating,Agriculture,GWh,2017,67.7
Päijät-Häme,Other heating,Agriculture,GWh,2018,58.6
Päijät-Häme,Other heating,Agriculture,GWh,2019,59.3
Päijät-Häme,Other heating,Agriculture,GWh,2020,68.9
Päijät-Häme,Other heating,Agriculture,GWh,2021,65.0
Päijät-Häme,Other heating,Agriculture,GWh,2022,72.6
Päijät-Häme,Other heating,Agriculture,GWh,2023,67.0
Päijät-Häme,Other heating,Agriculture,GWh,2024,33.3
Päijät-Häme,Other heating,Services,GWh,1990,63.4
Päijät-Häme,Other heating,Services,GWh,2005,62.3
Päijät-Häme,Other heating,Services,GWh,2006,57.5
Päijät-Häme,Other heating,Services,GWh,2007,64.3
Päijät-Häme,Other heating,Services,GWh,2008,68.1
Päijät-Häme,Other heating,Services,GWh,2009,83.3
Päijät-Häme,Other heating,Services,GWh,2010,94.0
Päijät-Häme,Other heating,Services,GWh,2011,94.4
Päijät-Häme,Other heating,Services,GWh,2012,89.7
Päijät-Häme,Other heating,Services,GWh,2013,89.5
Päijät-Häme,Other heating,Services,GWh,2014,83.9
Päijät-Häme,Other heating,Services,GWh,2015,77.4
Päijät-Häme,Other heating,Services,GWh,2016,83.8
Päijät-Häme,Other heating,Services,GWh,2017,86.0
Päijät-Häme,Other heating,Services,GWh,2018,82.0
Päijät-Häme,Other heating,Services,GWh,2019,90.1
Päijät-Häme,Other heating,Services,GWh,2020,78.1
Päijät-Häme,Other heating,Services,GWh,2021,95.7
Päijät-Häme,Other heating,Services,GWh,2022,85.3
Päijät-Häme,Other heating,Services,GWh,2023,69.3
Päijät-Häme,Other heating,Services,GWh,2024,65.0
Päijät-Häme,Industry,Industrial fuels,GWh,1990,1335.4
Päijät-Häme,Industry,Industrial fuels,GWh,2005,1229.3
Päijät-Häme,Industry,Industrial fuels,GWh,2006,1270.6
Päijät-Häme,Industry,Industrial fuels,GWh,2007,1273.5
Päijät-Häme,Industry,Industrial fuels,GWh,2008,1231.6
Päijät-Häme,Industry,Industrial fuels,GWh,2009,1037.9
Päijät-Häme,Industry,Industrial fuels,GWh,2010,1179.9
Päijät-Häme,Industry,Industrial fuels,GWh,2011,1111.4
Päijät-Häme,Industry,Industrial fuels,GWh,2012,1136.9
Päijät-Häme,Industry,Industrial fuels,GWh,2013,1193.8
Päijät-Häme,Industry,Industrial fuels,GWh,2014,1099.7
Päijät-Häme,Industry,Industrial fuels,GWh,2015,1103.8
Päijät-Häme,Industry,Industrial fuels,GWh,2016,1148.9
Päijät-Häme,Industry,Industrial fuels,GWh,2017,1313.5
Päijät-Häme,Industry,Industrial fuels,GWh,2018,1150.7
Päijät-Häme,Industry,Industrial fuels,GWh,2019,1040.7
Päijät-Häme,Industry,Industrial fuels,GWh,2020,1030.3
Päijät-Häme,Industry,Industrial fuels,GWh,2021,1109.2
Päijät-Häme,Industry,Industrial fuels,GWh,2022,983.2
Päijät-Häme,Industry,Industrial fuels,GWh,2023,1201.5
Päijät-Häme,Industry,Industrial fuels,GWh,2024,1258.4
Päijät-Häme,Machinery,Mining and industrial machinery,GWh,1990,64.2
Päijät-Häme,Machinery,Mining and industrial machinery,GWh,2005,65.6
Päijät-Häme,Machinery,Mining and industrial machinery,GWh,2006,66.2
Päijät-Häme,Machinery,Mining and industrial machinery,GWh,2007,68.0
Päijät-Häme,Machinery,Mining and industrial machinery,GWh,2008,69.6
Päijät-Häme,Machinery,Mining and industrial machinery,GWh,2009,60.6
Päijät-Häme,Machinery,Mining and industrial machinery,GWh,2010,63.1
Päijät-Häme,Machinery,Mining and industrial machinery,GWh,2011,61.9
Päijät-Häme,Machinery,Mining and industrial machinery,GWh,2012,58.7
Päijät-Häme,Machinery,Mining and industrial machinery,GWh,2013,56.5
Päijät-Häme,Machinery,Mining and industrial machinery,GWh,2014,54.6
Päijät-Häme,Machinery,Mining and industrial machinery,GWh,2015,54.1
Päijät-Häme,Machinery,Mining and industrial machinery,GWh,2016,51.7
Päijät-Häme,Machinery,Mining and industrial machinery,GWh,2017,53.9
Päijät-Häme,Machinery,Mining and industrial machinery,GWh,2018,52.8
Päijät-Häme,Machinery,Mining and industrial machinery,GWh,2019,54.4
Päijät-Häme,Machinery,Mining and industrial machinery,GWh,2020,54.0
Päijät-Häme,Machinery,Mining and industrial machinery,GWh,2021,50.4
Päijät-Häme,Machinery,Mining and industrial machinery,GWh,2022,51.1
Päijät-Häme,Machinery,Mining and industrial machinery,GWh,2023,49.6
Päijät-Häme,Machinery,Mining and industrial machinery,GWh,2024,50.4
Päijät-Häme,Machinery,Agricultural and forestry machinery,GWh,1990,153.2
Päijät-Häme,Machinery,Agricultural and forestry machinery,GWh,2005,151.1
Päijät-Häme,Machinery,Agricultural and forestry machinery,GWh,2006,146.2
Päijät-Häme,Machinery,Agricultural and forestry machinery,GWh,2007,140.8
Päijät-Häme,Machinery,Agricultural and forestry machinery,GWh,2008,141.7
Päijät-Häme,Machinery,Agricultural and forestry machinery,GWh,2009,138.9
Päijät-Häme,Machinery,Agricultural and forestry machinery,GWh,2010,135.8
Päijät-Häme,Machinery,Agricultural and forestry machinery,GWh,2011,131.5
Päijät-Häme,Machinery,Agricultural and forestry machinery,GWh,2012,132.7
Päijät-Häme,Machinery,Agricultural and forestry machinery,GWh,2013,143.8
Päijät-Häme,Machinery,Agricultural and forestry machinery,GWh,2014,133.4
Päijät-Häme,Machinery,Agricultural and forestry machinery,GWh,2015,137.2
Päijät-Häme,Machinery,Agricultural and forestry machinery,GWh,2016,136.2
Päijät-Häme,Machinery,Agricultural and forestry machinery,GWh,2017,134.4
Päijät-Häme,Machinery,Agricultural and forestry machinery,GWh,2018,123.0
Päijät-Häme,Machinery,Agricultural and forestry machinery,GWh,2019,127.2
Päijät-Häme,Machinery,Agricultural and forestry machinery,GWh,2020,120.3
Päijät-Häme,Machinery,Agricultural and forestry machinery,GWh,2021,117.6
Päijät-Häme,Machinery,Agricultural and forestry machinery,GWh,2022,114.0
Päijät-Häme,Machinery,Agricultural and forestry machinery,GWh,2023,116.8
Päijät-Häme,Machinery,Agricultural and forestry machinery,GWh,2024,117.6
Päijät-Häme,Machinery,Other machinery,GWh,1990,13.2
Päijät-Häme,Machinery,Other machinery,GWh,2005,15.1
Päijät-Häme,Machinery,Other machinery,GWh,2006,15.3
Päijät-Häme,Machinery,Other machinery,GWh,2007,15.4
Päijät-Häme,Machinery,Other machinery,GWh,2008,14.8
Päijät-Häme,Machinery,Other machinery,GWh,2009,13.9
Päijät-Häme,Machinery,Other machinery,GWh,2010,13.7
Päijät-Häme,Machinery,Other machinery,GWh,2011,14.5
Päijät-Häme,Machinery,Other machinery,GWh,2012,15.1
Päijät-Häme,Machinery,Other machinery,GWh,2013,15.4
Päijät-Häme,Machinery,Other machinery,GWh,2014,15.1
Päijät-Häme,Machinery,Other machinery,GWh,2015,15.6
Päijät-Häme,Machinery,Other machinery,GWh,2016,15.6
Päijät-Häme,Machinery,Other machinery,GWh,2017,15.4
Päijät-Häme,Machinery,Other machinery,GWh,2018,14.4
Päijät-Häme,Machinery,Other machinery,GWh,2019,14.7
Päijät-Häme,Machinery,Other machinery,GWh,2020,14.7
Päijät-Häme,Machinery,Other machinery,GWh,2021,13.8
Päijät-Häme,Machinery,Other machinery,GWh,2022,14.0
Päijät-Häme,Machinery,Other machinery,GWh,2023,13.6
Päijät-Häme,Machinery,Other machinery,GWh,2024,12.9
Päijät-Häme,Machinery,Construction machinery,GWh,1990,46.6
Päijät-Häme,Machinery,Construction machinery,GWh,2005,56.3
Päijät-Häme,Machinery,Construction machinery,GWh,2006,60.2
Päijät-Häme,Machinery,Construction machinery,GWh,2007,61.2
Päijät-Häme,Machinery,Construction machinery,GWh,2008,66.3
Päijät-Häme,Machinery,Construction machinery,GWh,2009,51.5
Päijät-Häme,Machinery,Construction machinery,GWh,2010,56.7
Päijät-Häme,Machinery,Construction machinery,GWh,2011,66.5
Päijät-Häme,Machinery,Construction machinery,GWh,2012,73.5
Päijät-Häme,Machinery,Construction machinery,GWh,2013,48.7
Päijät-Häme,Machinery,Construction machinery,GWh,2014,55.4
Päijät-Häme,Machinery,Construction machinery,GWh,2015,47.3
Päijät-Häme,Machinery,Construction machinery,GWh,2016,44.4
Päijät-Häme,Machinery,Construction machinery,GWh,2017,48.5
Päijät-Häme,Machinery,Construction machinery,GWh,2018,40.9
Päijät-Häme,Machinery,Construction machinery,GWh,2019,40.0
Päijät-Häme,Machinery,Construction machinery,GWh,2020,57.6
Päijät-Häme,Machinery,Construction machinery,GWh,2021,39.2
Päijät-Häme,Machinery,Construction machinery,GWh,2022,56.3
Päijät-Häme,Machinery,Construction machinery,GWh,2023,46.1
Päijät-Häme,Machinery,Construction machinery,GWh,2024,38.6
Päijät-Häme,Machinery,Road construction machinery,GWh,1990,77.4
Päijät-Häme,Machinery,Road construction machinery,GWh,2005,83.5
Päijät-Häme,Machinery,Road construction machinery,GWh,2006,84.3
Päijät-Häme,Machinery,Road construction machinery,GWh,2007,87.0
Päijät-Häme,Machinery,Road construction machinery,GWh,2008,92.3
Päijät-Häme,Machinery,Road construction machinery,GWh,2009,91.6
Päijät-Häme,Machinery,Road construction machinery,GWh,2010,90.0
Päijät-Häme,Machinery,Road construction machinery,GWh,2011,82.7
Päijät-Häme,Machinery,Road construction machinery,GWh,2012,90.2
Päijät-Häme,Machinery,Road construction machinery,GWh,2013,89.0
Päijät-Häme,Machinery,Road construction machinery,GWh,2014,86.9
Päijät-Häme,Machinery,Road construction machinery,GWh,2015,87.2
Päijät-Häme,Machinery,Road construction machinery,GWh,2016,82.8
Päijät-Häme,Machinery,Road construction machinery,GWh,2017,95.2
Päijät-Häme,Machinery,Road construction machinery,GWh,2018,98.1
Päijät-Häme,Machinery,Road construction machinery,GWh,2019,101.9
Päijät-Häme,Machinery,Road construction machinery,GWh,2020,104.8
Päijät-Häme,Machinery,Road construction machinery,GWh,2021,101.4
Päijät-Häme,Machinery,Road construction machinery,GWh,2022,106.0
Päijät-Häme,Machinery,Road construction machinery,GWh,2023,105.5
Päijät-Häme,Machinery,Road construction machinery,GWh,2024,104.4
Päijät-Häme,Road transport,Passenger cars,GWh,1990,991.4
Päijät-Häme,Road transport,Passenger cars,GWh,2005,988.2
Päijät-Häme,Road transport,Passenger cars,GWh,2006,995.9
Päijät-Häme,Road transport,Passenger cars,GWh,2007,1015.7
Päijät-Häme,Road transport,Passenger cars,GWh,2008,987.3
Päijät-Häme,Road transport,Passenger cars,GWh,2009,998.9
Päijät-Häme,Road transport,Passenger cars,GWh,2010,996.2
Päijät-Häme,Road transport,Passenger cars,GWh,2011,977.7
Päijät-Häme,Road transport,Passenger cars,GWh,2012,967.7
Päijät-Häme,Road transport,Passenger cars,GWh,2013,982.7
Päijät-Häme,Road transport,Passenger cars,GWh,2014,971.0
Päijät-Häme,Road transport,Passenger cars,GWh,2015,953.8
Päijät-Häme,Road transport,Passenger cars,GWh,2016,937.1
Päijät-Häme,Road transport,Passenger cars,GWh,2017,957.2
Päijät-Häme,Road transport,Passenger cars,GWh,2018,952.3
Päijät-Häme,Road transport,Passenger cars,GWh,2019,935.4
Päijät-Häme,Road transport,Passenger cars,GWh,2020,877.3
Päijät-Häme,Road transport,Passenger cars,GWh,2021,893.2
Päijät-Häme,Road transport,Passenger cars,GWh,2022,836.9
Päijät-Häme,Road transport,Passenger cars,GWh,2023,823.4
Päijät-Häme,Road transport,Passenger cars,GWh,2024,822.2
Päijät-Häme,Road transport,Trucks,GWh,1990,344.3
Päijät-Häme,Road transport,Trucks,GWh,2005,466.2
Päijät-Häme,Road transport,Trucks,GWh,2006,474.0
Päijät-Häme,Road transport,Trucks,GWh,2007,506.6
Päijät-Häme,Road transport,Trucks,GWh,2008,494.1
Päijät-Häme,Road transport,Trucks,GWh,2009,441.6
Päijät-Häme,Road transport,Trucks,GWh,2010,506.5
Päijät-Häme,Road transport,Trucks,GWh,2011,531.6
Päijät-Häme,Road transport,Trucks,GWh,2012,508.9
Päijät-Häme,Road transport,Trucks,GWh,2013,507.5
Päijät-Häme,Road transport,Trucks,GWh,2014,473.4
Päijät-Häme,Road transport,Trucks,GWh,2015,479.9
Päijät-Häme,Road transport,Trucks,GWh,2016,487.9
Päijät-Häme,Road transport,Trucks,GWh,2017,449.9
Päijät-Häme,Road transport,Trucks,GWh,2018,464.5
Päijät-Häme,Road transport,Trucks,GWh,2019,455.8
Päijät-Häme,Road transport,Trucks,GWh,2020,422.9
Päijät-Häme,Road transport,Trucks,GWh,2021,444.9
Päijät-Häme,Road transport,Trucks,GWh,2022,418.0
Päijät-Häme,Road transport,Trucks,GWh,2023,390.7
Päijät-Häme,Road transport,Trucks,GWh,2024,383.1
Päijät-Häme,Road transport,Buses,GWh,1990,48.3
Päijät-Häme,Road transport,Buses,GWh,2005,57.9
Päijät-Häme,Road transport,Buses,GWh,2006,57.8
Päijät-Häme,Road transport,Buses,GWh,2007,55.3
Päijät-Häme,Road transport,Buses,GWh,2008,55.9
Päijät-Häme,Road transport,Buses,GWh,2009,55.3
Päijät-Häme,Road transport,Buses,GWh,2010,55.8
Päijät-Häme,Road transport,Buses,GWh,2011,55.7
Päijät-Häme,Road transport,Buses,GWh,2012,55.6
Päijät-Häme,Road transport,Buses,GWh,2013,55.8
Päijät-Häme,Road transport,Buses,GWh,2014,55.2
Päijät-Häme,Road transport,Buses,GWh,2015,55.8
Päijät-Häme,Road transport,Buses,GWh,2016,56.0
Päijät-Häme,Road transport,Buses,GWh,2017,56.9
Päijät-Häme,Road transport,Buses,GWh,2018,53.9
Päijät-Häme,Road transport,Buses,GWh,2019,51.9
Päijät-Häme,Road transport,Buses,GWh,2020,39.7
Päijät-Häme,Road transport,Buses,GWh,2021,37.0
Päijät-Häme,Road transport,Buses,GWh,2022,38.4
Päijät-Häme,Road transport,Buses,GWh,2023,39.5
Päijät-Häme,Road transport,Buses,GWh,2024,37.5
Päijät-Häme,Road transport,Vancouver vans,GWh,1990,134.0
Päijät-Häme,Road transport,Vancouver vans,GWh,2005,133.5
Päijät-Häme,Road transport,Vancouver vans,GWh,2006,134.2
Päijät-Häme,Road transport,Vancouver vans,GWh,2007,137.4
Päijät-Häme,Road transport,Vancouver vans,GWh,2008,136.0
Päijät-Häme,Road transport,Vancouver vans,GWh,2009,137.6
Päijät-Häme,Road transport,Vancouver vans,GWh,2010,139.6
Päijät-Häme,Road transport,Vancouver vans,GWh,2011,139.1
Päijät-Häme,Road transport,Vancouver vans,GWh,2012,138.4
Päijät-Häme,Road transport,Vancouver vans,GWh,2013,139.6
Päijät-Häme,Road transport,Vancouver vans,GWh,2014,140.3
Päijät-Häme,Road transport,Vancouver vans,GWh,2015,144.1
Päijät-Häme,Road transport,Vancouver vans,GWh,2016,139.3
Päijät-Häme,Road transport,Vancouver vans,GWh,2017,166.8
Päijät-Häme,Road transport,Vancouver vans,GWh,2018,168.1
Päijät-Häme,Road transport,Vancouver vans,GWh,2019,165.6
Päijät-Häme,Road transport,Vancouver vans,GWh,2020,157.1
Päijät-Häme,Road transport,Vancouver vans,GWh,2021,166.8
Päijät-Häme,Road transport,Vancouver vans,GWh,2022,153.8
Päijät-Häme,Road transport,Vancouver vans,GWh,2023,153.7
Päijät-Häme,Road transport,Vancouver vans,GWh,2024,156.1
Päijät-Häme,Road transport,Drive-through traffic,GWh,1990,114.0
Päijät-Häme,Road transport,Drive-through traffic,GWh,2005,200.3
Päijät-Häme,Road transport,Drive-through traffic,GWh,2006,209.0
Päijät-Häme,Road transport,Drive-through traffic,GWh,2007,221.3
Päijät-Häme,Road transport,Drive-through traffic,GWh,2008,207.0
Päijät-Häme,Road transport,Drive-through traffic,GWh,2009,183.2
Päijät-Häme,Road transport,Drive-through traffic,GWh,2010,196.9
Päijät-Häme,Road transport,Drive-through traffic,GWh,2011,198.8
Päijät-Häme,Road transport,Drive-through traffic,GWh,2012,186.9
Päijät-Häme,Road transport,Drive-through traffic,GWh,2013,184.7
Päijät-Häme,Road transport,Drive-through traffic,GWh,2014,183.2
Päijät-Häme,Road transport,Drive-through traffic,GWh,2015,184.0
Päijät-Häme,Road transport,Drive-through traffic,GWh,2016,227.2
Päijät-Häme,Road transport,Drive-through traffic,GWh,2017,228.3
Päijät-Häme,Road transport,Drive-through traffic,GWh,2018,233.5
Päijät-Häme,Road transport,Drive-through traffic,GWh,2019,211.5
Päijät-Häme,Road transport,Drive-through traffic,GWh,2020,203.7
Päijät-Häme,Road transport,Drive-through traffic,GWh,2021,226.6
Päijät-Häme,Road transport,Drive-through traffic,GWh,2022,216.0
Päijät-Häme,Road transport,Drive-through traffic,GWh,2023,235.6
Päijät-Häme,Road transport,Drive-through traffic,GWh,2024,243.4
Päijät-Häme,Road transport,Motorcycles and mopeds,GWh,1990,6.5
Päijät-Häme,Road transport,Motorcycles and mopeds,GWh,2005,15.5
Päijät-Häme,Road transport,Motorcycles and mopeds,GWh,2006,16.9
Päijät-Häme,Road transport,Motorcycles and mopeds,GWh,2007,18.4
Päijät-Häme,Road transport,Motorcycles and mopeds,GWh,2008,19.4
Päijät-Häme,Road transport,Motorcycles and mopeds,GWh,2009,19.9
Päijät-Häme,Road transport,Motorcycles and mopeds,GWh,2010,21.0
Päijät-Häme,Road transport,Motorcycles and mopeds,GWh,2011,22.6
Päijät-Häme,Road transport,Motorcycles and mopeds,GWh,2012,22.7
Päijät-Häme,Road transport,Motorcycles and mopeds,GWh,2013,23.3
Päijät-Häme,Road transport,Motorcycles and mopeds,GWh,2014,23.0
Päijät-Häme,Road transport,Motorcycles and mopeds,GWh,2015,22.8
Päijät-Häme,Road transport,Motorcycles and mopeds,GWh,2016,22.8
Päijät-Häme,Road transport,Motorcycles and mopeds,GWh,2017,18.5
Päijät-Häme,Road transport,Motorcycles and mopeds,GWh,2018,18.5
Päijät-Häme,Road transport,Motorcycles and mopeds,GWh,2019,18.3
Päijät-Häme,Road transport,Motorcycles and mopeds,GWh,2020,17.9
Päijät-Häme,Road transport,Motorcycles and mopeds,GWh,2021,18.8
Päijät-Häme,Road transport,Motorcycles and mopeds,GWh,2022,18.2
Päijät-Häme,Road transport,Motorcycles and mopeds,GWh,2023,18.8
Päijät-Häme,Road transport,Motorcycles and mopeds,GWh,2024,19.1
Päijät-Häme,Rail transport,Diesel,GWh,1990,18.4
Päijät-Häme,Rail transport,Diesel,GWh,2005,12.2
Päijät-Häme,Rail transport,Diesel,GWh,2006,12.5
Päijät-Häme,Rail transport,Diesel,GWh,2007,10.4
Päijät-Häme,Rail transport,Diesel,GWh,2008,11.0
Päijät-Häme,Rail transport,Diesel,GWh,2009,8.8
Päijät-Häme,Rail transport,Diesel,GWh,2010,9.1
Päijät-Häme,Rail transport,Diesel,GWh,2011,9.3
Päijät-Häme,Rail transport,Diesel,GWh,2012,9.2
Päijät-Häme,Rail transport,Diesel,GWh,2013,8.2
Päijät-Häme,Rail transport,Diesel,GWh,2014,7.6
Päijät-Häme,Rail transport,Diesel,GWh,2015,6.4
Päijät-Häme,Rail transport,Diesel,GWh,2016,6.1
Päijät-Häme,Rail transport,Diesel,GWh,2017,6.0
Päijät-Häme,Rail transport,Diesel,GWh,2018,6.3
Päijät-Häme,Rail transport,Diesel,GWh,2019,7.3
Päijät-Häme,Rail transport,Diesel,GWh,2020,6.4
Päijät-Häme,Rail transport,Diesel,GWh,2021,8.0
Päijät-Häme,Rail transport,Diesel,GWh,2022,6.1
Päijät-Häme,Rail transport,Diesel,GWh,2023,4.9
Päijät-Häme,Rail transport,Diesel,GWh,2024,4.4
Päijät-Häme,Rail transport,Electricity,GWh,1990,9.4
Päijät-Häme,Rail transport,Electricity,GWh,2005,13.9
Päijät-Häme,Rail transport,Electricity,GWh,2006,14.9
Päijät-Häme,Rail transport,Electricity,GWh,2007,16.5
Päijät-Häme,Rail transport,Electricity,GWh,2008,16.5
Päijät-Häme,Rail transport,Electricity,GWh,2009,15.3
Päijät-Häme,Rail transport,Electricity,GWh,2010,15.9
Päijät-Häme,Rail transport,Electricity,GWh,2011,16.8
Päijät-Häme,Rail transport,Electricity,GWh,2012,17.2
Päijät-Häme,Rail transport,Electricity,GWh,2013,17.6
Päijät-Häme,Rail transport,Electricity,GWh,2014,17.4
Päijät-Häme,Rail transport,Electricity,GWh,2015,15.8
Päijät-Häme,Rail transport,Electricity,GWh,2016,15.1
Päijät-Häme,Rail transport,Electricity,GWh,2017,15.6
Päijät-Häme,Rail transport,Electricity,GWh,2018,16.9
Päijät-Häme,Rail transport,Electricity,GWh,2019,16.6
Päijät-Häme,Rail transport,Electricity,GWh,2020,12.8
Päijät-Häme,Rail transport,Electricity,GWh,2021,12.4
Päijät-Häme,Rail transport,Electricity,GWh,2022,9.7
Päijät-Häme,Rail transport,Electricity,GWh,2023,8.8
Päijät-Häme,Rail transport,Electricity,GWh,2024,10.1
Päijät-Häme,Rail transport,Community trains,GWh,1990,5.5
Päijät-Häme,Rail transport,Community trains,GWh,2005,8.6
Päijät-Häme,Rail transport,Community trains,GWh,2006,8.6
Päijät-Häme,Rail transport,Community trains,GWh,2007,8.9
Päijät-Häme,Rail transport,Community trains,GWh,2008,9.4
Päijät-Häme,Rail transport,Community trains,GWh,2009,9.4
Päijät-Häme,Rail transport,Community trains,GWh,2010,9.5
Päijät-Häme,Rail transport,Community trains,GWh,2011,9.3
Päijät-Häme,Rail transport,Community trains,GWh,2012,9.7
Päijät-Häme,Rail transport,Community trains,GWh,2013,9.5
Päijät-Häme,Rail transport,Community trains,GWh,2014,9.3
Päijät-Häme,Rail transport,Community trains,GWh,2015,9.7
Päijät-Häme,Rail transport,Community trains,GWh,2016,10.1
Päijät-Häme,Rail transport,Community trains,GWh,2017,10.4
Päijät-Häme,Rail transport,Community trains,GWh,2018,11.0
Päijät-Häme,Rail transport,Community trains,GWh,2019,13.5
Päijät-Häme,Rail transport,Community trains,GWh,2020,14.2
Päijät-Häme,Rail transport,Community trains,GWh,2021,14.0
Päijät-Häme,Rail transport,Community trains,GWh,2022,13.2
Päijät-Häme,Rail transport,Community trains,GWh,2023,13.1
Päijät-Häme,Rail transport,Community trains,GWh,2024,14.3
Päijät-Häme,Rail transport,Metros and trams,GWh,1990,0.0
Päijät-Häme,Rail transport,Metros and trams,GWh,2005,0.0
Päijät-Häme,Rail transport,Metros and trams,GWh,2006,0.0
Päijät-Häme,Rail transport,Metros and trams,GWh,2007,0.0
Päijät-Häme,Rail transport,Metros and trams,GWh,2008,0.0
Päijät-Häme,Rail transport,Metros and trams,GWh,2009,0.0
Päijät-Häme,Rail transport,Metros and trams,GWh,2010,0.0
Päijät-Häme,Rail transport,Metros and trams,GWh,2011,0.0
Päijät-Häme,Rail transport,Metros and trams,GWh,2012,0.0
Päijät-Häme,Rail transport,Metros and trams,GWh,2013,0.0
Päijät-Häme,Rail transport,Metros and trams,GWh,2014,0.0
Päijät-Häme,Rail transport,Metros and trams,GWh,2015,0.0
Päijät-Häme,Rail transport,Metros and trams,GWh,2016,0.0
Päijät-Häme,Rail transport,Metros and trams,GWh,2017,0.0
Päijät-Häme,Rail transport,Metros and trams,GWh,2018,0.0
Päijät-Häme,Rail transport,Metros and trams,GWh,2019,0.0
Päijät-Häme,Rail transport,Metros and trams,GWh,2020,0.0
Päijät-Häme,Rail transport,Metros and trams,GWh,2021,0.0
Päijät-Häme,Rail transport,Metros and trams,GWh,2022,0.0
Päijät-Häme,Rail transport,Metros and trams,GWh,2023,0.0
Päijät-Häme,Rail transport,Metros and trams,GWh,2024,0.0
Päijät-Häme,Water transport,Pleasure boats,GWh,1990,23.4
Päijät-Häme,Water transport,Pleasure boats,GWh,2005,24.9
Päijät-Häme,Water transport,Pleasure boats,GWh,2006,25.7
Päijät-Häme,Water transport,Pleasure boats,GWh,2007,25.7
Päijät-Häme,Water transport,Pleasure boats,GWh,2008,21.1
Päijät-Häme,Water transport,Pleasure boats,GWh,2009,21.8
Päijät-Häme,Water transport,Pleasure boats,GWh,2010,23.2
Päijät-Häme,Water transport,Pleasure boats,GWh,2011,18.5
Päijät-Häme,Water transport,Pleasure boats,GWh,2012,19.5
Päijät-Häme,Water transport,Pleasure boats,GWh,2013,20.8
Päijät-Häme,Water transport,Pleasure boats,GWh,2014,19.2
Päijät-Häme,Water transport,Pleasure boats,GWh,2015,20.0
Päijät-Häme,Water transport,Pleasure boats,GWh,2016,19.2
Päijät-Häme,Water transport,Pleasure boats,GWh,2017,19.2
Päijät-Häme,Water transport,Pleasure boats,GWh,2018,19.3
Päijät-Häme,Water transport,Pleasure boats,GWh,2019,19.5
Päijät-Häme,Water transport,Pleasure boats,GWh,2020,22.6
Päijät-Häme,Water transport,Pleasure boats,GWh,2021,25.1
Päijät-Häme,Water transport,Pleasure boats,GWh,2022,19.7
Päijät-Häme,Water transport,Pleasure boats,GWh,2023,19.7
Päijät-Häme,Water transport,Pleasure boats,GWh,2024,20.7
Päijät-Häme,Water transport,Passenger traffic,GWh,1990,0.3
Päijät-Häme,Water transport,Passenger traffic,GWh,2005,0.3
Päijät-Häme,Water transport,Passenger traffic,GWh,2006,0.3
Päijät-Häme,Water transport,Passenger traffic,GWh,2007,0.6
Päijät-Häme,Water transport,Passenger traffic,GWh,2008,0.4
Päijät-Häme,Water transport,Passenger traffic,GWh,2009,0.5
Päijät-Häme,Water transport,Passenger traffic,GWh,2010,0.4
Päijät-Häme,Water transport,Passenger traffic,GWh,2011,0.4
Päijät-Häme,Water transport,Passenger traffic,GWh,2012,0.4
Päijät-Häme,Water transport,Passenger traffic,GWh,2013,0.3
Päijät-Häme,Water transport,Passenger traffic,GWh,2014,0.3
Päijät-Häme,Water transport,Passenger traffic,GWh,2015,0.1
Päijät-Häme,Water transport,Passenger traffic,GWh,2016,0.1
Päijät-Häme,Water transport,Passenger traffic,GWh,2017,0.2
Päijät-Häme,Water transport,Passenger traffic,GWh,2018,0.2
Päijät-Häme,Water transport,Passenger traffic,GWh,2019,0.1
Päijät-Häme,Water transport,Passenger traffic,GWh,2020,0.2
Päijät-Häme,Water transport,Passenger traffic,GWh,2021,0.1
Päijät-Häme,Water transport,Passenger traffic,GWh,2022,0.1
Päijät-Häme,Water transport,Passenger traffic,GWh,2023,0.1
Päijät-Häme,Water transport,Passenger traffic,GWh,2024,0.1
Päijät-Häme,Water transport,Goods traffic,GWh,1990,0.0
Päijät-Häme,Water transport,Goods traffic,GWh,2005,0.0
Päijät-Häme,Water transport,Goods traffic,GWh,2006,0.0
Päijät-Häme,Water transport,Goods traffic,GWh,2007,0.0
Päijät-Häme,Water transport,Goods traffic,GWh,2008,0.0
Päijät-Häme,Water transport,Goods traffic,GWh,2009,0.0
Päijät-Häme,Water transport,Goods traffic,GWh,2010,0.0
Päijät-Häme,Water transport,Goods traffic,GWh,2011,0.0
Päijät-Häme,Water transport,Goods traffic,GWh,2012,0.0
Päijät-Häme,Water transport,Goods traffic,GWh,2013,0.0
Päijät-Häme,Water transport,Goods traffic,GWh,2014,0.0
Päijät-Häme,Water transport,Goods traffic,GWh,2015,0.0
Päijät-Häme,Water transport,Goods traffic,GWh,2016,0.0
Päijät-Häme,Water transport,Goods traffic,GWh,2017,0.0
Päijät-Häme,Water transport,Goods traffic,GWh,2018,0.0
Päijät-Häme,Water transport,Goods traffic,GWh,2019,0.0
Päijät-Häme,Water transport,Goods traffic,GWh,2020,0.0
Päijät-Häme,Water transport,Goods traffic,GWh,2021,0.0
Päijät-Häme,Water transport,Goods traffic,GWh,2022,0.0
Päijät-Häme,Water transport,Goods traffic,GWh,2023,0.0
Päijät-Häme,Water transport,Goods traffic,GWh,2024,0.0
Päijät-Häme,Water transport,Fishing vessels,GWh,1990,0.0
Päijät-Häme,Water transport,Fishing vessels,GWh,2005,0.0
Päijät-Häme,Water transport,Fishing vessels,GWh,2006,0.0
Päijät-Häme,Water transport,Fishing vessels,GWh,2007,0.0
Päijät-Häme,Water transport,Fishing vessels,GWh,2008,0.0
Päijät-Häme,Water transport,Fishing vessels,GWh,2009,0.0
Päijät-Häme,Water transport,Fishing vessels,GWh,2010,0.0
Päijät-Häme,Water transport,Fishing vessels,GWh,2011,0.0
Päijät-Häme,Water transport,Fishing vessels,GWh,2012,0.0
Päijät-Häme,Water transport,Fishing vessels,GWh,2013,0.0
Päijät-Häme,Water transport,Fishing vessels,GWh,2014,0.0
Päijät-Häme,Water transport,Fishing vessels,GWh,2015,0.0
Päijät-Häme,Water transport,Fishing vessels,GWh,2016,0.0
Päijät-Häme,Water transport,Fishing vessels,GWh,2017,0.0
Päijät-Häme,Water transport,Fishing vessels,GWh,2018,0.0
Päijät-Häme,Water transport,Fishing vessels,GWh,2019,0.0
Päijät-Häme,Water transport,Fishing vessels,GWh,2020,0.0
Päijät-Häme,Water transport,Fishing vessels,GWh,2021,0.0
Päijät-Häme,Water transport,Fishing vessels,GWh,2022,0.0
Päijät-Häme,Water transport,Fishing vessels,GWh,2023,0.0
Päijät-Häme,Water transport,Fishing vessels,GWh,2024,0.0
Päijät-Häme,Water transport,,GWh,1990,0.0
Päijät-Häme,Water transport,,GWh,2005,0.0
Päijät-Häme,Water transport,,GWh,2006,0.0
Päijät-Häme,Water transport,,GWh,2007,0.0
Päijät-Häme,Water transport,,GWh,2008,0.0
Päijät-Häme,Water transport,,GWh,2009,0.0
Päijät-Häme,Water transport,,GWh,2010,0.0
Päijät-Häme,Water transport,,GWh,2011,0.0
Päijät-Häme,Water transport,,GWh,2012,0.0
Päijät-Häme,Water transport,,GWh,2013,0.0
Päijät-Häme,Water transport,,GWh,2014,0.0
Päijät-Häme,Water transport,,GWh,2015,0.0
Päijät-Häme,Water transport,,GWh,2016,0.0
Päijät-Häme,Water transport,,GWh,2017,0.0
Päijät-Häme,Water transport,,GWh,2018,0.0
Päijät-Häme,Water transport,,GWh,2019,0.0
Päijät-Häme,Water transport,,GWh,2020,0.0
Päijät-Häme,Water transport,,GWh,2021,0.0
Päijät-Häme,Water transport,,GWh,2022,0.0
Päijät-Häme,Water transport,,GWh,2023,0.0
Päijät-Häme,Water transport,,GWh,2024,0.0
Päijät-Häme,Water transport,Workboats and ships,GWh,1990,5.4
Päijät-Häme,Water transport,Workboats and ships,GWh,2005,4.6
Päijät-Häme,Water transport,Workboats and ships,GWh,2006,4.6
Päijät-Häme,Water transport,Workboats and ships,GWh,2007,4.6
Päijät-Häme,Water transport,Workboats and ships,GWh,2008,4.6
Päijät-Häme,Water transport,Workboats and ships,GWh,2009,4.5
Päijät-Häme,Water transport,Workboats and ships,GWh,2010,4.5
Päijät-Häme,Water transport,Workboats and ships,GWh,2011,4.5
Päijät-Häme,Water transport,Workboats and ships,GWh,2012,4.5
Päijät-Häme,Water transport,Workboats and ships,GWh,2013,4.5
Päijät-Häme,Water transport,Workboats and ships,GWh,2014,4.4
Päijät-Häme,Water transport,Workboats and ships,GWh,2015,4.5
Päijät-Häme,Water transport,Workboats and ships,GWh,2016,4.4
Päijät-Häme,Water transport,Workboats and ships,GWh,2017,4.4
Päijät-Häme,Water transport,Workboats and ships,GWh,2018,4.3
Päijät-Häme,Water transport,Workboats and ships,GWh,2019,4.3
Päijät-Häme,Water transport,Workboats and ships,GWh,2020,4.3
Päijät-Häme,Water transport,Workboats and ships,GWh,2021,4.3
Päijät-Häme,Water transport,Workboats and ships,GWh,2022,4.2
Päijät-Häme,Water transport,Workboats and ships,GWh,2023,4.2
Päijät-Häme,Water transport,Workboats and ships,GWh,2024,2.1
Päijät-Häme,Emission credits,Wind power,GWh,1990,0.0
Päijät-Häme,Emission credits,Wind power,GWh,2005,0.0
Päijät-Häme,Emission credits,Wind power,GWh,2006,0.0
Päijät-Häme,Emission credits,Wind power,GWh,2007,0.0
Päijät-Häme,Emission credits,Wind power,GWh,2008,0.0
Päijät-Häme,Emission credits,Wind power,GWh,2009,0.0
Päijät-Häme,Emission credits,Wind power,GWh,2010,0.0
Päijät-Häme,Emission credits,Wind power,GWh,2011,0.0
Päijät-Häme,Emission credits,Wind power,GWh,2012,0.0
Päijät-Häme,Emission credits,Wind power,GWh,2013,0.0
Päijät-Häme,Emission credits,Wind power,GWh,2014,0.0
Päijät-Häme,Emission credits,Wind power,GWh,2015,0.0
Päijät-Häme,Emission credits,Wind power,GWh,2016,0.0
Päijät-Häme,Emission credits,Wind power,GWh,2017,0.0
Päijät-Häme,Emission credits,Wind power,GWh,2018,0.0
Päijät-Häme,Emission credits,Wind power,GWh,2019,0.0
Päijät-Häme,Emission credits,Wind power,GWh,2020,0.0
Päijät-Häme,Emission credits,Wind power,GWh,2021,0.0
Päijät-Häme,Emission credits,Wind power,GWh,2022,0.0
Päijät-Häme,Emission credits,Wind power,GWh,2023,0.0
Päijät-Häme,Emission credits,Wind power,GWh,2024,11.4
Satakunta,Electricity,Housing,GWh,1990,361.4
Satakunta,Electricity,Housing,GWh,2005,429.1
Satakunta,Electricity,Housing,GWh,2006,450.2
Satakunta,Electricity,Housing,GWh,2007,450.2
Satakunta,Electricity,Housing,GWh,2008,461.6
Satakunta,Electricity,Housing,GWh,2009,469.1
Satakunta,Electricity,Housing,GWh,2010,499.2
Satakunta,Electricity,Housing,GWh,2011,490.8
Satakunta,Electricity,Housing,GWh,2012,511.5
Satakunta,Electricity,Housing,GWh,2013,494.0
Satakunta,Electricity,Housing,GWh,2014,507.9
Satakunta,Electricity,Housing,GWh,2015,510.5
Satakunta,Electricity,Housing,GWh,2016,531.8
Satakunta,Electricity,Housing,GWh,2017,515.1
Satakunta,Electricity,Housing,GWh,2018,528.9
Satakunta,Electricity,Housing,GWh,2019,518.2
Satakunta,Electricity,Housing,GWh,2020,516.5
Satakunta,Electricity,Housing,GWh,2021,575.5
Satakunta,Electricity,Housing,GWh,2022,531.4
Satakunta,Electricity,Housing,GWh,2023,506.5
Satakunta,Electricity,Housing,GWh,2024,529.4
Satakunta,Electricity,Agriculture,GWh,1990,65.7
Satakunta,Electricity,Agriculture,GWh,2005,90.6
Satakunta,Electricity,Agriculture,GWh,2006,95.2
Satakunta,Electricity,Agriculture,GWh,2007,98.2
Satakunta,Electricity,Agriculture,GWh,2008,97.7
Satakunta,Electricity,Agriculture,GWh,2009,97.1
Satakunta,Electricity,Agriculture,GWh,2010,102.8
Satakunta,Electricity,Agriculture,GWh,2011,99.9
Satakunta,Electricity,Agriculture,GWh,2012,103.9
Satakunta,Electricity,Agriculture,GWh,2013,87.7
Satakunta,Electricity,Agriculture,GWh,2014,84.8
Satakunta,Electricity,Agriculture,GWh,2015,82.2
Satakunta,Electricity,Agriculture,GWh,2016,96.4
Satakunta,Electricity,Agriculture,GWh,2017,98.0
Satakunta,Electricity,Agriculture,GWh,2018,96.2
Satakunta,Electricity,Agriculture,GWh,2019,99.5
Satakunta,Electricity,Agriculture,GWh,2020,85.6
Satakunta,Electricity,Agriculture,GWh,2021,90.3
Satakunta,Electricity,Agriculture,GWh,2022,88.3
Satakunta,Electricity,Agriculture,GWh,2023,69.3
Satakunta,Electricity,Agriculture,GWh,2024,54.9
Satakunta,Electricity,Services,GWh,1990,341.8
Satakunta,Electricity,Services,GWh,2005,451.8
Satakunta,Electricity,Services,GWh,2006,479.6
Satakunta,Electricity,Services,GWh,2007,485.1
Satakunta,Electricity,Services,GWh,2008,465.4
Satakunta,Electricity,Services,GWh,2009,495.8
Satakunta,Electricity,Services,GWh,2010,515.3
Satakunta,Electricity,Services,GWh,2011,503.3
Satakunta,Electricity,Services,GWh,2012,527.3
Satakunta,Electricity,Services,GWh,2013,521.0
Satakunta,Electricity,Services,GWh,2014,542.6
Satakunta,Electricity,Services,GWh,2015,544.9
Satakunta,Electricity,Services,GWh,2016,574.7
Satakunta,Electricity,Services,GWh,2017,568.8
Satakunta,Electricity,Services,GWh,2018,584.8
Satakunta,Electricity,Services,GWh,2019,573.3
Satakunta,Electricity,Services,GWh,2020,542.7
Satakunta,Electricity,Services,GWh,2021,571.0
Satakunta,Electricity,Services,GWh,2022,541.5
Satakunta,Electricity,Services,GWh,2023,628.9
Satakunta,Electricity,Services,GWh,2024,716.9
Satakunta,Electricity,Industry,GWh,1990,2543.6
Satakunta,Electricity,Industry,GWh,2005,4332.8
Satakunta,Electricity,Industry,GWh,2006,4744.5
Satakunta,Electricity,Industry,GWh,2007,4705.4
Satakunta,Electricity,Industry,GWh,2008,4244.5
Satakunta,Electricity,Industry,GWh,2009,3617.6
Satakunta,Electricity,Industry,GWh,2010,3967.5
Satakunta,Electricity,Industry,GWh,2011,3878.6
Satakunta,Electricity,Industry,GWh,2012,4075.2
Satakunta,Electricity,Industry,GWh,2013,3908.3
Satakunta,Electricity,Industry,GWh,2014,3759.4
Satakunta,Electricity,Industry,GWh,2015,3819.6
Satakunta,Electricity,Industry,GWh,2016,3981.5
Satakunta,Electricity,Industry,GWh,2017,3796.4
Satakunta,Electricity,Industry,GWh,2018,3948.7
Satakunta,Electricity,Industry,GWh,2019,3707.9
Satakunta,Electricity,Industry,GWh,2020,3162.3
Satakunta,Electricity,Industry,GWh,2021,3517.1
Satakunta,Electricity,Industry,GWh,2022,3018.2
Satakunta,Electricity,Industry,GWh,2023,3333.9
Satakunta,Electricity,Industry,GWh,2024,3094.3
Satakunta,Electric heating,Housing,GWh,1990,340.5
Satakunta,Electric heating,Housing,GWh,2005,420.7
Satakunta,Electric heating,Housing,GWh,2006,426.9
Satakunta,Electric heating,Housing,GWh,2007,429.8
Satakunta,Electric heating,Housing,GWh,2008,429.0
Satakunta,Electric heating,Housing,GWh,2009,447.0
Satakunta,Electric heating,Housing,GWh,2010,483.5
Satakunta,Electric heating,Housing,GWh,2011,458.5
Satakunta,Electric heating,Housing,GWh,2012,478.9
Satakunta,Electric heating,Housing,GWh,2013,462.2
Satakunta,Electric heating,Housing,GWh,2014,471.0
Satakunta,Electric heating,Housing,GWh,2015,464.2
Satakunta,Electric heating,Housing,GWh,2016,487.6
Satakunta,Electric heating,Housing,GWh,2017,472.6
Satakunta,Electric heating,Housing,GWh,2018,483.2
Satakunta,Electric heating,Housing,GWh,2019,467.2
Satakunta,Electric heating,Housing,GWh,2020,457.4
Satakunta,Electric heating,Housing,GWh,2021,513.0
Satakunta,Electric heating,Housing,GWh,2022,471.3
Satakunta,Electric heating,Housing,GWh,2023,452.8
Satakunta,Electric heating,Housing,GWh,2024,469.8
Satakunta,Electric heating,Agriculture,GWh,1990,6.7
Satakunta,Electric heating,Agriculture,GWh,2005,9.8
Satakunta,Electric heating,Agriculture,GWh,2006,9.9
Satakunta,Electric heating,Agriculture,GWh,2007,10.3
Satakunta,Electric heating,Agriculture,GWh,2008,9.7
Satakunta,Electric heating,Agriculture,GWh,2009,10.4
Satakunta,Electric heating,Agriculture,GWh,2010,10.9
Satakunta,Electric heating,Agriculture,GWh,2011,11.1
Satakunta,Electric heating,Agriculture,GWh,2012,11.2
Satakunta,Electric heating,Agriculture,GWh,2013,11.3
Satakunta,Electric heating,Agriculture,GWh,2014,10.7
Satakunta,Electric heating,Agriculture,GWh,2015,10.6
Satakunta,Electric heating,Agriculture,GWh,2016,10.8
Satakunta,Electric heating,Agriculture,GWh,2017,10.8
Satakunta,Electric heating,Agriculture,GWh,2018,11.1
Satakunta,Electric heating,Agriculture,GWh,2019,11.1
Satakunta,Electric heating,Agriculture,GWh,2020,10.8
Satakunta,Electric heating,Agriculture,GWh,2021,11.1
Satakunta,Electric heating,Agriculture,GWh,2022,10.6
Satakunta,Electric heating,Agriculture,GWh,2023,10.9
Satakunta,Electric heating,Agriculture,GWh,2024,9.5
Satakunta,Electric heating,Services,GWh,1990,66.0
Satakunta,Electric heating,Services,GWh,2005,71.0
Satakunta,Electric heating,Services,GWh,2006,58.7
Satakunta,Electric heating,Services,GWh,2007,64.0
Satakunta,Electric heating,Services,GWh,2008,62.1
Satakunta,Electric heating,Services,GWh,2009,65.0
Satakunta,Electric heating,Services,GWh,2010,69.5
Satakunta,Electric heating,Services,GWh,2011,67.0
Satakunta,Electric heating,Services,GWh,2012,67.1
Satakunta,Electric heating,Services,GWh,2013,67.6
Satakunta,Electric heating,Services,GWh,2014,69.6
Satakunta,Electric heating,Services,GWh,2015,68.9
Satakunta,Electric heating,Services,GWh,2016,71.3
Satakunta,Electric heating,Services,GWh,2017,72.3
Satakunta,Electric heating,Services,GWh,2018,73.5
Satakunta,Electric heating,Services,GWh,2019,72.8
Satakunta,Electric heating,Services,GWh,2020,66.7
Satakunta,Electric heating,Services,GWh,2021,72.8
Satakunta,Electric heating,Services,GWh,2022,73.6
Satakunta,Electric heating,Services,GWh,2023,77.5
Satakunta,Electric heating,Services,GWh,2024,72.7
Satakunta,District heating,Housing,GWh,1990,333.0
Satakunta,District heating,Housing,GWh,2005,553.2
Satakunta,District heating,Housing,GWh,2006,588.1
Satakunta,District heating,Housing,GWh,2007,591.2
Satakunta,District heating,Housing,GWh,2008,554.9
Satakunta,District heating,Housing,GWh,2009,594.5
Satakunta,District heating,Housing,GWh,2010,660.1
Satakunta,District heating,Housing,GWh,2011,575.6
Satakunta,District heating,Housing,GWh,2012,613.5
Satakunta,District heating,Housing,GWh,2013,570.5
Satakunta,District heating,Housing,GWh,2014,567.9
Satakunta,District heating,Housing,GWh,2015,537.0
Satakunta,District heating,Housing,GWh,2016,597.7
Satakunta,District heating,Housing,GWh,2017,598.4
Satakunta,District heating,Housing,GWh,2018,591.5
Satakunta,District heating,Housing,GWh,2019,576.0
Satakunta,District heating,Housing,GWh,2020,525.3
Satakunta,District heating,Housing,GWh,2021,614.5
Satakunta,District heating,Housing,GWh,2022,588.5
Satakunta,District heating,Housing,GWh,2023,601.0
Satakunta,District heating,Housing,GWh,2024,574.7
Satakunta,District heating,Agriculture,GWh,1990,4.7
Satakunta,District heating,Agriculture,GWh,2005,11.2
Satakunta,District heating,Agriculture,GWh,2006,9.5
Satakunta,District heating,Agriculture,GWh,2007,10.6
Satakunta,District heating,Agriculture,GWh,2008,9.9
Satakunta,District heating,Agriculture,GWh,2009,11.0
Satakunta,District heating,Agriculture,GWh,2010,12.2
Satakunta,District heating,Agriculture,GWh,2011,11.8
Satakunta,District heating,Agriculture,GWh,2012,13.7
Satakunta,District heating,Agriculture,GWh,2013,12.2
Satakunta,District heating,Agriculture,GWh,2014,13.1
Satakunta,District heating,Agriculture,GWh,2015,12.3
Satakunta,District heating,Agriculture,GWh,2016,13.3
Satakunta,District heating,Agriculture,GWh,2017,15.6
Satakunta,District heating,Agriculture,GWh,2018,15.6
Satakunta,District heating,Agriculture,GWh,2019,17.5
Satakunta,District heating,Agriculture,GWh,2020,16.7
Satakunta,District heating,Agriculture,GWh,2021,23.0
Satakunta,District heating,Agriculture,GWh,2022,21.9
Satakunta,District heating,Agriculture,GWh,2023,22.3
Satakunta,District heating,Agriculture,GWh,2024,21.4
Satakunta,District heating,Services,GWh,1990,265.8
Satakunta,District heating,Services,GWh,2005,355.9
Satakunta,District heating,Services,GWh,2006,356.8
Satakunta,District heating,Services,GWh,2007,368.0
Satakunta,District heating,Services,GWh,2008,348.4
Satakunta,District heating,Services,GWh,2009,377.3
Satakunta,District heating,Services,GWh,2010,433.1
Satakunta,District heating,Services,GWh,2011,383.1
Satakunta,District heating,Services,GWh,2012,409.3
Satakunta,District heating,Services,GWh,2013,383.7
Satakunta,District heating,Services,GWh,2014,375.4
Satakunta,District heating,Services,GWh,2015,352.3
Satakunta,District heating,Services,GWh,2016,392.0
Satakunta,District heating,Services,GWh,2017,409.8
Satakunta,District heating,Services,GWh,2018,400.0
Satakunta,District heating,Services,GWh,2019,391.3
Satakunta,District heating,Services,GWh,2020,338.0
Satakunta,District heating,Services,GWh,2021,401.6
Satakunta,District heating,Services,GWh,2022,387.0
Satakunta,District heating,Services,GWh,2023,397.8
Satakunta,District heating,Services,GWh,2024,385.4
Satakunta,District heating,Industry,GWh,1990,149.6
Satakunta,District heating,Industry,GWh,2005,195.1
Satakunta,District heating,Industry,GWh,2006,192.6
Satakunta,District heating,Industry,GWh,2007,185.3
Satakunta,District heating,Industry,GWh,2008,176.8
Satakunta,District heating,Industry,GWh,2009,197.8
Satakunta,District heating,Industry,GWh,2010,226.8
Satakunta,District heating,Industry,GWh,2011,195.7
Satakunta,District heating,Industry,GWh,2012,209.5
Satakunta,District heating,Industry,GWh,2013,208.8
Satakunta,District heating,Industry,GWh,2014,207.1
Satakunta,District heating,Industry,GWh,2015,189.6
Satakunta,District heating,Industry,GWh,2016,218.4
Satakunta,District heating,Industry,GWh,2017,217.5
Satakunta,District heating,Industry,GWh,2018,215.1
Satakunta,District heating,Industry,GWh,2019,222.1
Satakunta,District heating,Industry,GWh,2020,204.5
Satakunta,District heating,Industry,GWh,2021,254.2
Satakunta,District heating,Industry,GWh,2022,239.7
Satakunta,District heating,Industry,GWh,2023,256.3
Satakunta,District heating,Industry,GWh,2024,246.6
Satakunta,Oil heating,Housing,GWh,1990,755.8
Satakunta,Oil heating,Housing,GWh,2005,540.6
Satakunta,Oil heating,Housing,GWh,2006,520.9
Satakunta,Oil heating,Housing,GWh,2007,507.3
Satakunta,Oil heating,Housing,GWh,2008,380.5
Satakunta,Oil heating,Housing,GWh,2009,390.6
Satakunta,Oil heating,Housing,GWh,2010,434.6
Satakunta,Oil heating,Housing,GWh,2011,316.7
Satakunta,Oil heating,Housing,GWh,2012,336.3
Satakunta,Oil heating,Housing,GWh,2013,289.5
Satakunta,Oil heating,Housing,GWh,2014,282.1
Satakunta,Oil heating,Housing,GWh,2015,248.7
Satakunta,Oil heating,Housing,GWh,2016,264.7
Satakunta,Oil heating,Housing,GWh,2017,253.2
Satakunta,Oil heating,Housing,GWh,2018,231.0
Satakunta,Oil heating,Housing,GWh,2019,211.0
Satakunta,Oil heating,Housing,GWh,2020,181.2
Satakunta,Oil heating,Housing,GWh,2021,168.0
Satakunta,Oil heating,Housing,GWh,2022,122.2
Satakunta,Oil heating,Housing,GWh,2023,61.1
Satakunta,Oil heating,Housing,GWh,2024,50.8
Satakunta,Oil heating,Agriculture,GWh,1990,96.8
Satakunta,Oil heating,Agriculture,GWh,2005,48.5
Satakunta,Oil heating,Agriculture,GWh,2006,50.3
Satakunta,Oil heating,Agriculture,GWh,2007,45.1
Satakunta,Oil heating,Agriculture,GWh,2008,38.7
Satakunta,Oil heating,Agriculture,GWh,2009,38.0
Satakunta,Oil heating,Agriculture,GWh,2010,46.5
Satakunta,Oil heating,Agriculture,GWh,2011,39.0
Satakunta,Oil heating,Agriculture,GWh,2012,44.0
Satakunta,Oil heating,Agriculture,GWh,2013,29.9
Satakunta,Oil heating,Agriculture,GWh,2014,30.3
Satakunta,Oil heating,Agriculture,GWh,2015,27.8
Satakunta,Oil heating,Agriculture,GWh,2016,22.9
Satakunta,Oil heating,Agriculture,GWh,2017,20.8
Satakunta,Oil heating,Agriculture,GWh,2018,22.6
Satakunta,Oil heating,Agriculture,GWh,2019,22.2
Satakunta,Oil heating,Agriculture,GWh,2020,19.1
Satakunta,Oil heating,Agriculture,GWh,2021,23.5
Satakunta,Oil heating,Agriculture,GWh,2022,21.7
Satakunta,Oil heating,Agriculture,GWh,2023,21.7
Satakunta,Oil heating,Agriculture,GWh,2024,14.5
Satakunta,Oil heating,Services,GWh,1990,291.9
Satakunta,Oil heating,Services,GWh,2005,207.2
Satakunta,Oil heating,Services,GWh,2006,197.5
Satakunta,Oil heating,Services,GWh,2007,193.2
Satakunta,Oil heating,Services,GWh,2008,152.7
Satakunta,Oil heating,Services,GWh,2009,170.7
Satakunta,Oil heating,Services,GWh,2010,195.1
Satakunta,Oil heating,Services,GWh,2011,163.8
Satakunta,Oil heating,Services,GWh,2012,184.5
Satakunta,Oil heating,Services,GWh,2013,164.6
Satakunta,Oil heating,Services,GWh,2014,166.5
Satakunta,Oil heating,Services,GWh,2015,152.5
Satakunta,Oil heating,Services,GWh,2016,170.2
Satakunta,Oil heating,Services,GWh,2017,170.2
Satakunta,Oil heating,Services,GWh,2018,170.5
Satakunta,Oil heating,Services,GWh,2019,168.1
Satakunta,Oil heating,Services,GWh,2020,150.6
Satakunta,Oil heating,Services,GWh,2021,182.9
Satakunta,Oil heating,Services,GWh,2022,175.6
Satakunta,Oil heating,Services,GWh,2023,177.8
Satakunta,Oil heating,Services,GWh,2024,169.8
Satakunta,Other heating,Housing,GWh,1990,561.3
Satakunta,Other heating,Housing,GWh,2005,726.3
Satakunta,Other heating,Housing,GWh,2006,673.4
Satakunta,Other heating,Housing,GWh,2007,721.7
Satakunta,Other heating,Housing,GWh,2008,702.7
Satakunta,Other heating,Housing,GWh,2009,758.8
Satakunta,Other heating,Housing,GWh,2010,858.3
Satakunta,Other heating,Housing,GWh,2011,716.3
Satakunta,Other heating,Housing,GWh,2012,784.1
Satakunta,Other heating,Housing,GWh,2013,738.1
Satakunta,Other heating,Housing,GWh,2014,748.0
Satakunta,Other heating,Housing,GWh,2015,697.4
Satakunta,Other heating,Housing,GWh,2016,770.5
Satakunta,Other heating,Housing,GWh,2017,753.4
Satakunta,Other heating,Housing,GWh,2018,746.1
Satakunta,Other heating,Housing,GWh,2019,725.9
Satakunta,Other heating,Housing,GWh,2020,657.0
Satakunta,Other heating,Housing,GWh,2021,752.5
Satakunta,Other heating,Housing,GWh,2022,697.7
Satakunta,Other heating,Housing,GWh,2023,688.7
Satakunta,Other heating,Housing,GWh,2024,638.8
Satakunta,Other heating,Agriculture,GWh,1990,174.8
Satakunta,Other heating,Agriculture,GWh,2005,223.2
Satakunta,Other heating,Agriculture,GWh,2006,234.4
Satakunta,Other heating,Agriculture,GWh,2007,263.3
Satakunta,Other heating,Agriculture,GWh,2008,261.1
Satakunta,Other heating,Agriculture,GWh,2009,260.7
Satakunta,Other heating,Agriculture,GWh,2010,290.3
Satakunta,Other heating,Agriculture,GWh,2011,252.7
Satakunta,Other heating,Agriculture,GWh,2012,278.9
Satakunta,Other heating,Agriculture,GWh,2013,288.6
Satakunta,Other heating,Agriculture,GWh,2014,266.6
Satakunta,Other heating,Agriculture,GWh,2015,247.4
Satakunta,Other heating,Agriculture,GWh,2016,269.4
Satakunta,Other heating,Agriculture,GWh,2017,269.9
Satakunta,Other heating,Agriculture,GWh,2018,256.4
Satakunta,Other heating,Agriculture,GWh,2019,251.8
Satakunta,Other heating,Agriculture,GWh,2020,218.0
Satakunta,Other heating,Agriculture,GWh,2021,215.2
Satakunta,Other heating,Agriculture,GWh,2022,220.5
Satakunta,Other heating,Agriculture,GWh,2023,212.8
Satakunta,Other heating,Agriculture,GWh,2024,157.9
Satakunta,Other heating,Services,GWh,1990,184.0
Satakunta,Other heating,Services,GWh,2005,49.2
Satakunta,Other heating,Services,GWh,2006,51.4
Satakunta,Other heating,Services,GWh,2007,53.2
Satakunta,Other heating,Services,GWh,2008,51.7
Satakunta,Other heating,Services,GWh,2009,57.5
Satakunta,Other heating,Services,GWh,2010,65.3
Satakunta,Other heating,Services,GWh,2011,56.4
Satakunta,Other heating,Services,GWh,2012,63.3
Satakunta,Other heating,Services,GWh,2013,60.8
Satakunta,Other heating,Services,GWh,2014,64.0
Satakunta,Other heating,Services,GWh,2015,55.9
Satakunta,Other heating,Services,GWh,2016,64.6
Satakunta,Other heating,Services,GWh,2017,64.1
Satakunta,Other heating,Services,GWh,2018,67.2
Satakunta,Other heating,Services,GWh,2019,67.8
Satakunta,Other heating,Services,GWh,2020,61.0
Satakunta,Other heating,Services,GWh,2021,70.9
Satakunta,Other heating,Services,GWh,2022,67.2
Satakunta,Other heating,Services,GWh,2023,66.6
Satakunta,Other heating,Services,GWh,2024,65.6
Satakunta,Industry,Industrial fuels,GWh,1990,2778.7
Satakunta,Industry,Industrial fuels,GWh,2005,3944.5
Satakunta,Industry,Industrial fuels,GWh,2006,4519.1
Satakunta,Industry,Industrial fuels,GWh,2007,4663.6
Satakunta,Industry,Industrial fuels,GWh,2008,4390.1
Satakunta,Industry,Industrial fuels,GWh,2009,4092.6
Satakunta,Industry,Industrial fuels,GWh,2010,4836.7
Satakunta,Industry,Industrial fuels,GWh,2011,4794.0
Satakunta,Industry,Industrial fuels,GWh,2012,4417.9
Satakunta,Industry,Industrial fuels,GWh,2013,4734.8
Satakunta,Industry,Industrial fuels,GWh,2014,4468.6
Satakunta,Industry,Industrial fuels,GWh,2015,4195.6
Satakunta,Industry,Industrial fuels,GWh,2016,4586.5
Satakunta,Industry,Industrial fuels,GWh,2017,5043.2
Satakunta,Industry,Industrial fuels,GWh,2018,4231.6
Satakunta,Industry,Industrial fuels,GWh,2019,4091.3
Satakunta,Industry,Industrial fuels,GWh,2020,2949.0
Satakunta,Industry,Industrial fuels,GWh,2021,2424.3
Satakunta,Industry,Industrial fuels,GWh,2022,4197.8
Satakunta,Industry,Industrial fuels,GWh,2023,4981.2
Satakunta,Industry,Industrial fuels,GWh,2024,7159.0
Satakunta,Machinery,Mining and industrial machinery,GWh,1990,100.7
Satakunta,Machinery,Mining and industrial machinery,GWh,2005,102.9
Satakunta,Machinery,Mining and industrial machinery,GWh,2006,102.1
Satakunta,Machinery,Mining and industrial machinery,GWh,2007,104.9
Satakunta,Machinery,Mining and industrial machinery,GWh,2008,107.2
Satakunta,Machinery,Mining and industrial machinery,GWh,2009,93.4
Satakunta,Machinery,Mining and industrial machinery,GWh,2010,96.8
Satakunta,Machinery,Mining and industrial machinery,GWh,2011,94.9
Satakunta,Machinery,Mining and industrial machinery,GWh,2012,92.7
Satakunta,Machinery,Mining and industrial machinery,GWh,2013,88.9
Satakunta,Machinery,Mining and industrial machinery,GWh,2014,85.0
Satakunta,Machinery,Mining and industrial machinery,GWh,2015,83.7
Satakunta,Machinery,Mining and industrial machinery,GWh,2016,79.9
Satakunta,Machinery,Mining and industrial machinery,GWh,2017,83.9
Satakunta,Machinery,Mining and industrial machinery,GWh,2018,82.4
Satakunta,Machinery,Mining and industrial machinery,GWh,2019,84.3
Satakunta,Machinery,Mining and industrial machinery,GWh,2020,83.5
Satakunta,Machinery,Mining and industrial machinery,GWh,2021,78.4
Satakunta,Machinery,Mining and industrial machinery,GWh,2022,79.7
Satakunta,Machinery,Mining and industrial machinery,GWh,2023,77.0
Satakunta,Machinery,Mining and industrial machinery,GWh,2024,78.0
Satakunta,Machinery,Agricultural and forestry machinery,GWh,1990,200.1
Satakunta,Machinery,Agricultural and forestry machinery,GWh,2005,201.5
Satakunta,Machinery,Agricultural and forestry machinery,GWh,2006,190.9
Satakunta,Machinery,Agricultural and forestry machinery,GWh,2007,196.9
Satakunta,Machinery,Agricultural and forestry machinery,GWh,2008,191.0
Satakunta,Machinery,Agricultural and forestry machinery,GWh,2009,185.6
Satakunta,Machinery,Agricultural and forestry machinery,GWh,2010,180.8
Satakunta,Machinery,Agricultural and forestry machinery,GWh,2011,176.6
Satakunta,Machinery,Agricultural and forestry machinery,GWh,2012,229.7
Satakunta,Machinery,Agricultural and forestry machinery,GWh,2013,184.9
Satakunta,Machinery,Agricultural and forestry machinery,GWh,2014,184.7
Satakunta,Machinery,Agricultural and forestry machinery,GWh,2015,192.2
Satakunta,Machinery,Agricultural and forestry machinery,GWh,2016,183.7
Satakunta,Machinery,Agricultural and forestry machinery,GWh,2017,179.3
Satakunta,Machinery,Agricultural and forestry machinery,GWh,2018,164.8
Satakunta,Machinery,Agricultural and forestry machinery,GWh,2019,166.2
Satakunta,Machinery,Agricultural and forestry machinery,GWh,2020,169.7
Satakunta,Machinery,Agricultural and forestry machinery,GWh,2021,160.1
Satakunta,Machinery,Agricultural and forestry machinery,GWh,2022,163.8
Satakunta,Machinery,Agricultural and forestry machinery,GWh,2023,160.4
Satakunta,Machinery,Agricultural and forestry machinery,GWh,2024,166.6
Satakunta,Machinery,Other machinery,GWh,1990,18.9
Satakunta,Machinery,Other machinery,GWh,2005,21.5
Satakunta,Machinery,Other machinery,GWh,2006,21.9
Satakunta,Machinery,Other machinery,GWh,2007,22.0
Satakunta,Machinery,Other machinery,GWh,2008,21.1
Satakunta,Machinery,Other machinery,GWh,2009,19.9
Satakunta,Machinery,Other machinery,GWh,2010,19.6
Satakunta,Machinery,Other machinery,GWh,2011,20.7
Satakunta,Machinery,Other machinery,GWh,2012,21.5
Satakunta,Machinery,Other machinery,GWh,2013,22.0
Satakunta,Machinery,Other machinery,GWh,2014,21.6
Satakunta,Machinery,Other machinery,GWh,2015,22.3
Satakunta,Machinery,Other machinery,GWh,2016,22.3
Satakunta,Machinery,Other machinery,GWh,2017,21.9
Satakunta,Machinery,Other machinery,GWh,2018,20.6
Satakunta,Machinery,Other machinery,GWh,2019,21.0
Satakunta,Machinery,Other machinery,GWh,2020,21.0
Satakunta,Machinery,Other machinery,GWh,2021,19.7
Satakunta,Machinery,Other machinery,GWh,2022,20.0
Satakunta,Machinery,Other machinery,GWh,2023,19.4
Satakunta,Machinery,Other machinery,GWh,2024,18.4
Satakunta,Machinery,Construction machinery,GWh,1990,60.1
Satakunta,Machinery,Construction machinery,GWh,2005,56.1
Satakunta,Machinery,Construction machinery,GWh,2006,56.6
Satakunta,Machinery,Construction machinery,GWh,2007,59.1
Satakunta,Machinery,Construction machinery,GWh,2008,66.2
Satakunta,Machinery,Construction machinery,GWh,2009,69.2
Satakunta,Machinery,Construction machinery,GWh,2010,57.9
Satakunta,Machinery,Construction machinery,GWh,2011,58.5
Satakunta,Machinery,Construction machinery,GWh,2012,79.1
Satakunta,Machinery,Construction machinery,GWh,2013,66.1
Satakunta,Machinery,Construction machinery,GWh,2014,73.3
Satakunta,Machinery,Construction machinery,GWh,2015,50.9
Satakunta,Machinery,Construction machinery,GWh,2016,65.0
Satakunta,Machinery,Construction machinery,GWh,2017,61.6
Satakunta,Machinery,Construction machinery,GWh,2018,54.2
Satakunta,Machinery,Construction machinery,GWh,2019,65.5
Satakunta,Machinery,Construction machinery,GWh,2020,60.2
Satakunta,Machinery,Construction machinery,GWh,2021,43.9
Satakunta,Machinery,Construction machinery,GWh,2022,50.4
Satakunta,Machinery,Construction machinery,GWh,2023,57.2
Satakunta,Machinery,Construction machinery,GWh,2024,81.8
Satakunta,Machinery,Road construction machinery,GWh,1990,69.8
Satakunta,Machinery,Road construction machinery,GWh,2005,75.0
Satakunta,Machinery,Road construction machinery,GWh,2006,75.7
Satakunta,Machinery,Road construction machinery,GWh,2007,78.1
Satakunta,Machinery,Road construction machinery,GWh,2008,82.9
Satakunta,Machinery,Road construction machinery,GWh,2009,82.1
Satakunta,Machinery,Road construction machinery,GWh,2010,80.7
Satakunta,Machinery,Road construction machinery,GWh,2011,74.3
Satakunta,Machinery,Road construction machinery,GWh,2012,80.9
Satakunta,Machinery,Road construction machinery,GWh,2013,79.8
Satakunta,Machinery,Road construction machinery,GWh,2014,78.1
Satakunta,Machinery,Road construction machinery,GWh,2015,78.4
Satakunta,Machinery,Road construction machinery,GWh,2016,74.5
Satakunta,Machinery,Road construction machinery,GWh,2017,85.5
Satakunta,Machinery,Road construction machinery,GWh,2018,88.0
Satakunta,Machinery,Road construction machinery,GWh,2019,91.5
Satakunta,Machinery,Road construction machinery,GWh,2020,94.1
Satakunta,Machinery,Road construction machinery,GWh,2021,91.1
Satakunta,Machinery,Road construction machinery,GWh,2022,95.1
Satakunta,Machinery,Road construction machinery,GWh,2023,94.7
Satakunta,Machinery,Road construction machinery,GWh,2024,93.7
Satakunta,Road transport,Passenger cars,GWh,1990,1248.0
Satakunta,Road transport,Passenger cars,GWh,2005,1180.6
Satakunta,Road transport,Passenger cars,GWh,2006,1183.8
Satakunta,Road transport,Passenger cars,GWh,2007,1201.9
Satakunta,Road transport,Passenger cars,GWh,2008,1164.6
Satakunta,Road transport,Passenger cars,GWh,2009,1174.3
Satakunta,Road transport,Passenger cars,GWh,2010,1167.5
Satakunta,Road transport,Passenger cars,GWh,2011,1137.7
Satakunta,Road transport,Passenger cars,GWh,2012,1128.7
Satakunta,Road transport,Passenger cars,GWh,2013,1139.9
Satakunta,Road transport,Passenger cars,GWh,2014,1128.5
Satakunta,Road transport,Passenger cars,GWh,2015,1109.7
Satakunta,Road transport,Passenger cars,GWh,2016,1098.9
Satakunta,Road transport,Passenger cars,GWh,2017,1121.1
Satakunta,Road transport,Passenger cars,GWh,2018,1116.5
Satakunta,Road transport,Passenger cars,GWh,2019,1097.6
Satakunta,Road transport,Passenger cars,GWh,2020,1022.3
Satakunta,Road transport,Passenger cars,GWh,2021,1040.8
Satakunta,Road transport,Passenger cars,GWh,2022,978.9
Satakunta,Road transport,Passenger cars,GWh,2023,972.9
Satakunta,Road transport,Passenger cars,GWh,2024,973.1
Satakunta,Road transport,Trucks,GWh,1990,529.1
Satakunta,Road transport,Trucks,GWh,2005,562.2
Satakunta,Road transport,Trucks,GWh,2006,576.2
Satakunta,Road transport,Trucks,GWh,2007,618.8
Satakunta,Road transport,Trucks,GWh,2008,594.6
Satakunta,Road transport,Trucks,GWh,2009,525.9
Satakunta,Road transport,Trucks,GWh,2010,596.1
Satakunta,Road transport,Trucks,GWh,2011,621.3
Satakunta,Road transport,Trucks,GWh,2012,592.4
Satakunta,Road transport,Trucks,GWh,2013,593.6
Satakunta,Road transport,Trucks,GWh,2014,556.8
Satakunta,Road transport,Trucks,GWh,2015,568.9
Satakunta,Road transport,Trucks,GWh,2016,597.4
Satakunta,Road transport,Trucks,GWh,2017,549.1
Satakunta,Road transport,Trucks,GWh,2018,562.8
Satakunta,Road transport,Trucks,GWh,2019,547.9
Satakunta,Road transport,Trucks,GWh,2020,525.2
Satakunta,Road transport,Trucks,GWh,2021,555.7
Satakunta,Road transport,Trucks,GWh,2022,532.9
Satakunta,Road transport,Trucks,GWh,2023,496.2
Satakunta,Road transport,Trucks,GWh,2024,497.0
Satakunta,Road transport,Buses,GWh,1990,52.5
Satakunta,Road transport,Buses,GWh,2005,67.9
Satakunta,Road transport,Buses,GWh,2006,72.7
Satakunta,Road transport,Buses,GWh,2007,72.9
Satakunta,Road transport,Buses,GWh,2008,63.3
Satakunta,Road transport,Buses,GWh,2009,59.7
Satakunta,Road transport,Buses,GWh,2010,60.3
Satakunta,Road transport,Buses,GWh,2011,60.7
Satakunta,Road transport,Buses,GWh,2012,59.6
Satakunta,Road transport,Buses,GWh,2013,58.6
Satakunta,Road transport,Buses,GWh,2014,56.7
Satakunta,Road transport,Buses,GWh,2015,56.1
Satakunta,Road transport,Buses,GWh,2016,57.9
Satakunta,Road transport,Buses,GWh,2017,56.6
Satakunta,Road transport,Buses,GWh,2018,55.9
Satakunta,Road transport,Buses,GWh,2019,52.9
Satakunta,Road transport,Buses,GWh,2020,39.0
Satakunta,Road transport,Buses,GWh,2021,37.9
Satakunta,Road transport,Buses,GWh,2022,42.3
Satakunta,Road transport,Buses,GWh,2023,43.4
Satakunta,Road transport,Buses,GWh,2024,41.2
Satakunta,Road transport,Vancouver vans,GWh,1990,208.4
Satakunta,Road transport,Vancouver vans,GWh,2005,142.4
Satakunta,Road transport,Vancouver vans,GWh,2006,144.1
Satakunta,Road transport,Vancouver vans,GWh,2007,145.9
Satakunta,Road transport,Vancouver vans,GWh,2008,145.7
Satakunta,Road transport,Vancouver vans,GWh,2009,148.0
Satakunta,Road transport,Vancouver vans,GWh,2010,149.7
Satakunta,Road transport,Vancouver vans,GWh,2011,148.4
Satakunta,Road transport,Vancouver vans,GWh,2012,146.5
Satakunta,Road transport,Vancouver vans,GWh,2013,146.0
Satakunta,Road transport,Vancouver vans,GWh,2014,148.4
Satakunta,Road transport,Vancouver vans,GWh,2015,150.4
Satakunta,Road transport,Vancouver vans,GWh,2016,148.5
Satakunta,Road transport,Vancouver vans,GWh,2017,175.6
Satakunta,Road transport,Vancouver vans,GWh,2018,177.0
Satakunta,Road transport,Vancouver vans,GWh,2019,174.6
Satakunta,Road transport,Vancouver vans,GWh,2020,173.2
Satakunta,Road transport,Vancouver vans,GWh,2021,183.1
Satakunta,Road transport,Vancouver vans,GWh,2022,171.3
Satakunta,Road transport,Vancouver vans,GWh,2023,169.5
Satakunta,Road transport,Vancouver vans,GWh,2024,171.8
Satakunta,Road transport,Drive-through traffic,GWh,1990,34.6
Satakunta,Road transport,Drive-through traffic,GWh,2005,72.8
Satakunta,Road transport,Drive-through traffic,GWh,2006,68.3
Satakunta,Road transport,Drive-through traffic,GWh,2007,67.4
Satakunta,Road transport,Drive-through traffic,GWh,2008,74.8
Satakunta,Road transport,Drive-through traffic,GWh,2009,71.8
Satakunta,Road transport,Drive-through traffic,GWh,2010,78.7
Satakunta,Road transport,Drive-through traffic,GWh,2011,79.8
Satakunta,Road transport,Drive-through traffic,GWh,2012,77.5
Satakunta,Road transport,Drive-through traffic,GWh,2013,75.5
Satakunta,Road transport,Drive-through traffic,GWh,2014,77.2
Satakunta,Road transport,Drive-through traffic,GWh,2015,74.7
Satakunta,Road transport,Drive-through traffic,GWh,2016,79.2
Satakunta,Road transport,Drive-through traffic,GWh,2017,83.0
Satakunta,Road transport,Drive-through traffic,GWh,2018,81.1
Satakunta,Road transport,Drive-through traffic,GWh,2019,79.7
Satakunta,Road transport,Drive-through traffic,GWh,2020,78.8
Satakunta,Road transport,Drive-through traffic,GWh,2021,84.8
Satakunta,Road transport,Drive-through traffic,GWh,2022,85.9
Satakunta,Road transport,Drive-through traffic,GWh,2023,85.9
Satakunta,Road transport,Drive-through traffic,GWh,2024,85.2
Satakunta,Road transport,Motorcycles and mopeds,GWh,1990,6.3
Satakunta,Road transport,Motorcycles and mopeds,GWh,2005,16.4
Satakunta,Road transport,Motorcycles and mopeds,GWh,2006,17.9
Satakunta,Road transport,Motorcycles and mopeds,GWh,2007,19.4
Satakunta,Road transport,Motorcycles and mopeds,GWh,2008,20.1
Satakunta,Road transport,Motorcycles and mopeds,GWh,2009,20.5
Satakunta,Road transport,Motorcycles and mopeds,GWh,2010,21.5
Satakunta,Road transport,Motorcycles and mopeds,GWh,2011,23.0
Satakunta,Road transport,Motorcycles and mopeds,GWh,2012,23.6
Satakunta,Road transport,Motorcycles and mopeds,GWh,2013,24.4
Satakunta,Road transport,Motorcycles and mopeds,GWh,2014,24.5
Satakunta,Road transport,Motorcycles and mopeds,GWh,2015,24.1
Satakunta,Road transport,Motorcycles and mopeds,GWh,2016,24.6
Satakunta,Road transport,Motorcycles and mopeds,GWh,2017,20.0
Satakunta,Road transport,Motorcycles and mopeds,GWh,2018,20.0
Satakunta,Road transport,Motorcycles and mopeds,GWh,2019,19.6
Satakunta,Road transport,Motorcycles and mopeds,GWh,2020,18.9
Satakunta,Road transport,Motorcycles and mopeds,GWh,2021,20.1
Satakunta,Road transport,Motorcycles and mopeds,GWh,2022,19.2
Satakunta,Road transport,Motorcycles and mopeds,GWh,2023,19.6
Satakunta,Road transport,Motorcycles and mopeds,GWh,2024,20.0
Satakunta,Rail transport,Diesel,GWh,1990,15.3
Satakunta,Rail transport,Diesel,GWh,2005,10.2
Satakunta,Rail transport,Diesel,GWh,2006,10.2
Satakunta,Rail transport,Diesel,GWh,2007,8.4
Satakunta,Rail transport,Diesel,GWh,2008,8.8
Satakunta,Rail transport,Diesel,GWh,2009,6.9
Satakunta,Rail transport,Diesel,GWh,2010,7.1
Satakunta,Rail transport,Diesel,GWh,2011,7.2
Satakunta,Rail transport,Diesel,GWh,2012,7.0
Satakunta,Rail transport,Diesel,GWh,2013,6.4
Satakunta,Rail transport,Diesel,GWh,2014,5.7
Satakunta,Rail transport,Diesel,GWh,2015,4.5
Satakunta,Rail transport,Diesel,GWh,2016,4.3
Satakunta,Rail transport,Diesel,GWh,2017,4.3
Satakunta,Rail transport,Diesel,GWh,2018,5.8
Satakunta,Rail transport,Diesel,GWh,2019,5.8
Satakunta,Rail transport,Diesel,GWh,2020,3.5
Satakunta,Rail transport,Diesel,GWh,2021,5.5
Satakunta,Rail transport,Diesel,GWh,2022,4.1
Satakunta,Rail transport,Diesel,GWh,2023,3.6
Satakunta,Rail transport,Diesel,GWh,2024,3.7
Satakunta,Rail transport,Electricity,GWh,1990,5.3
Satakunta,Rail transport,Electricity,GWh,2005,8.0
Satakunta,Rail transport,Electricity,GWh,2006,8.1
Satakunta,Rail transport,Electricity,GWh,2007,8.2
Satakunta,Rail transport,Electricity,GWh,2008,8.1
Satakunta,Rail transport,Electricity,GWh,2009,7.5
Satakunta,Rail transport,Electricity,GWh,2010,7.7
Satakunta,Rail transport,Electricity,GWh,2011,7.6
Satakunta,Rail transport,Electricity,GWh,2012,7.5
Satakunta,Rail transport,Electricity,GWh,2013,7.4
Satakunta,Rail transport,Electricity,GWh,2014,7.5
Satakunta,Rail transport,Electricity,GWh,2015,7.0
Satakunta,Rail transport,Electricity,GWh,2016,7.5
Satakunta,Rail transport,Electricity,GWh,2017,8.0
Satakunta,Rail transport,Electricity,GWh,2018,9.2
Satakunta,Rail transport,Electricity,GWh,2019,8.3
Satakunta,Rail transport,Electricity,GWh,2020,5.5
Satakunta,Rail transport,Electricity,GWh,2021,6.1
Satakunta,Rail transport,Electricity,GWh,2022,4.5
Satakunta,Rail transport,Electricity,GWh,2023,4.6
Satakunta,Rail transport,Electricity,GWh,2024,5.3
Satakunta,Rail transport,Community trains,GWh,1990,0.0
Satakunta,Rail transport,Community trains,GWh,2005,0.0
Satakunta,Rail transport,Community trains,GWh,2006,0.0
Satakunta,Rail transport,Community trains,GWh,2007,0.0
Satakunta,Rail transport,Community trains,GWh,2008,0.0
Satakunta,Rail transport,Community trains,GWh,2009,0.0
Satakunta,Rail transport,Community trains,GWh,2010,0.0
Satakunta,Rail transport,Community trains,GWh,2011,0.0
Satakunta,Rail transport,Community trains,GWh,2012,0.0
Satakunta,Rail transport,Community trains,GWh,2013,0.0
Satakunta,Rail transport,Community trains,GWh,2014,0.0
Satakunta,Rail transport,Community trains,GWh,2015,0.0
Satakunta,Rail transport,Community trains,GWh,2016,0.0
Satakunta,Rail transport,Community trains,GWh,2017,0.0
Satakunta,Rail transport,Community trains,GWh,2018,0.0
Satakunta,Rail transport,Community trains,GWh,2019,0.0
Satakunta,Rail transport,Community trains,GWh,2020,0.0
Satakunta,Rail transport,Community trains,GWh,2021,0.0
Satakunta,Rail transport,Community trains,GWh,2022,0.0
Satakunta,Rail transport,Community trains,GWh,2023,0.0
Satakunta,Rail transport,Community trains,GWh,2024,0.0
Satakunta,Rail transport,Metros and trams,GWh,1990,0.0
Satakunta,Rail transport,Metros and trams,GWh,2005,0.0
Satakunta,Rail transport,Metros and trams,GWh,2006,0.0
Satakunta,Rail transport,Metros and trams,GWh,2007,0.0
Satakunta,Rail transport,Metros and trams,GWh,2008,0.0
Satakunta,Rail transport,Metros and trams,GWh,2009,0.0
Satakunta,Rail transport,Metros and trams,GWh,2010,0.0
Satakunta,Rail transport,Metros and trams,GWh,2011,0.0
Satakunta,Rail transport,Metros and trams,GWh,2012,0.0
Satakunta,Rail transport,Metros and trams,GWh,2013,0.0
Satakunta,Rail transport,Metros and trams,GWh,2014,0.0
Satakunta,Rail transport,Metros and trams,GWh,2015,0.0
Satakunta,Rail transport,Metros and trams,GWh,2016,0.0
Satakunta,Rail transport,Metros and trams,GWh,2017,0.0
Satakunta,Rail transport,Metros and trams,GWh,2018,0.0
Satakunta,Rail transport,Metros and trams,GWh,2019,0.0
Satakunta,Rail transport,Metros and trams,GWh,2020,0.0
Satakunta,Rail transport,Metros and trams,GWh,2021,0.0
Satakunta,Rail transport,Metros and trams,GWh,2022,0.0
Satakunta,Rail transport,Metros and trams,GWh,2023,0.0
Satakunta,Rail transport,Metros and trams,GWh,2024,0.0
Satakunta,Water transport,Pleasure boats,GWh,1990,26.4
Satakunta,Water transport,Pleasure boats,GWh,2005,28.1
Satakunta,Water transport,Pleasure boats,GWh,2006,29.0
Satakunta,Water transport,Pleasure boats,GWh,2007,29.0
Satakunta,Water transport,Pleasure boats,GWh,2008,23.8
Satakunta,Water transport,Pleasure boats,GWh,2009,24.6
Satakunta,Water transport,Pleasure boats,GWh,2010,26.2
Satakunta,Water transport,Pleasure boats,GWh,2011,20.8
Satakunta,Water transport,Pleasure boats,GWh,2012,22.0
Satakunta,Water transport,Pleasure boats,GWh,2013,23.5
Satakunta,Water transport,Pleasure boats,GWh,2014,21.6
Satakunta,Water transport,Pleasure boats,GWh,2015,22.4
Satakunta,Water transport,Pleasure boats,GWh,2016,21.3
Satakunta,Water transport,Pleasure boats,GWh,2017,21.1
Satakunta,Water transport,Pleasure boats,GWh,2018,21.1
Satakunta,Water transport,Pleasure boats,GWh,2019,21.4
Satakunta,Water transport,Pleasure boats,GWh,2020,24.7
Satakunta,Water transport,Pleasure boats,GWh,2021,27.2
Satakunta,Water transport,Pleasure boats,GWh,2022,21.5
Satakunta,Water transport,Pleasure boats,GWh,2023,21.8
Satakunta,Water transport,Pleasure boats,GWh,2024,22.7
Satakunta,Water transport,Passenger traffic,GWh,1990,0.8
Satakunta,Water transport,Passenger traffic,GWh,2005,1.1
Satakunta,Water transport,Passenger traffic,GWh,2006,1.0
Satakunta,Water transport,Passenger traffic,GWh,2007,0.8
Satakunta,Water transport,Passenger traffic,GWh,2008,0.1
Satakunta,Water transport,Passenger traffic,GWh,2009,0.2
Satakunta,Water transport,Passenger traffic,GWh,2010,0.1
Satakunta,Water transport,Passenger traffic,GWh,2011,0.1
Satakunta,Water transport,Passenger traffic,GWh,2012,0.1
Satakunta,Water transport,Passenger traffic,GWh,2013,0.7
Satakunta,Water transport,Passenger traffic,GWh,2014,1.2
Satakunta,Water transport,Passenger traffic,GWh,2015,0.9
Satakunta,Water transport,Passenger traffic,GWh,2016,0.9
Satakunta,Water transport,Passenger traffic,GWh,2017,0.4
Satakunta,Water transport,Passenger traffic,GWh,2018,0.6
Satakunta,Water transport,Passenger traffic,GWh,2019,0.6
Satakunta,Water transport,Passenger traffic,GWh,2020,0.6
Satakunta,Water transport,Passenger traffic,GWh,2021,0.5
Satakunta,Water transport,Passenger traffic,GWh,2022,0.3
Satakunta,Water transport,Passenger traffic,GWh,2023,0.3
Satakunta,Water transport,Passenger traffic,GWh,2024,0.3
Satakunta,Water transport,Goods traffic,GWh,1990,11.7
Satakunta,Water transport,Goods traffic,GWh,2005,12.1
Satakunta,Water transport,Goods traffic,GWh,2006,15.8
Satakunta,Water transport,Goods traffic,GWh,2007,20.1
Satakunta,Water transport,Goods traffic,GWh,2008,17.8
Satakunta,Water transport,Goods traffic,GWh,2009,24.8
Satakunta,Water transport,Goods traffic,GWh,2010,15.9
Satakunta,Water transport,Goods traffic,GWh,2011,16.2
Satakunta,Water transport,Goods traffic,GWh,2012,18.5
Satakunta,Water transport,Goods traffic,GWh,2013,13.9
Satakunta,Water transport,Goods traffic,GWh,2014,12.9
Satakunta,Water transport,Goods traffic,GWh,2015,12.5
Satakunta,Water transport,Goods traffic,GWh,2016,9.8
Satakunta,Water transport,Goods traffic,GWh,2017,9.2
Satakunta,Water transport,Goods traffic,GWh,2018,9.7
Satakunta,Water transport,Goods traffic,GWh,2019,7.8
Satakunta,Water transport,Goods traffic,GWh,2020,7.8
Satakunta,Water transport,Goods traffic,GWh,2021,4.7
Satakunta,Water transport,Goods traffic,GWh,2022,5.1
Satakunta,Water transport,Goods traffic,GWh,2023,6.2
Satakunta,Water transport,Goods traffic,GWh,2024,4.5
Satakunta,Water transport,Fishing vessels,GWh,1990,72.5
Satakunta,Water transport,Fishing vessels,GWh,2005,52.7
Satakunta,Water transport,Fishing vessels,GWh,2006,53.6
Satakunta,Water transport,Fishing vessels,GWh,2007,54.0
Satakunta,Water transport,Fishing vessels,GWh,2008,49.6
Satakunta,Water transport,Fishing vessels,GWh,2009,52.4
Satakunta,Water transport,Fishing vessels,GWh,2010,46.5
Satakunta,Water transport,Fishing vessels,GWh,2011,37.5
Satakunta,Water transport,Fishing vessels,GWh,2012,42.7
Satakunta,Water transport,Fishing vessels,GWh,2013,45.0
Satakunta,Water transport,Fishing vessels,GWh,2014,38.0
Satakunta,Water transport,Fishing vessels,GWh,2015,35.4
Satakunta,Water transport,Fishing vessels,GWh,2016,35.6
Satakunta,Water transport,Fishing vessels,GWh,2017,30.2
Satakunta,Water transport,Fishing vessels,GWh,2018,27.6
Satakunta,Water transport,Fishing vessels,GWh,2019,32.0
Satakunta,Water transport,Fishing vessels,GWh,2020,30.1
Satakunta,Water transport,Fishing vessels,GWh,2021,30.1
Satakunta,Water transport,Fishing vessels,GWh,2022,29.2
Satakunta,Water transport,Fishing vessels,GWh,2023,29.3
Satakunta,Water transport,Fishing vessels,GWh,2024,27.4
Satakunta,Water transport,,GWh,1990,0.0
Satakunta,Water transport,,GWh,2005,0.0
Satakunta,Water transport,,GWh,2006,0.0
Satakunta,Water transport,,GWh,2007,0.0
Satakunta,Water transport,,GWh,2008,0.0
Satakunta,Water transport,,GWh,2009,0.0
Satakunta,Water transport,,GWh,2010,0.0
Satakunta,Water transport,,GWh,2011,0.0
Satakunta,Water transport,,GWh,2012,0.0
Satakunta,Water transport,,GWh,2013,0.0
Satakunta,Water transport,,GWh,2014,0.0
Satakunta,Water transport,,GWh,2015,0.0
Satakunta,Water transport,,GWh,2016,0.0
Satakunta,Water transport,,GWh,2017,0.0
Satakunta,Water transport,,GWh,2018,0.0
Satakunta,Water transport,,GWh,2019,0.0
Satakunta,Water transport,,GWh,2020,0.0
Satakunta,Water transport,,GWh,2021,0.0
Satakunta,Water transport,,GWh,2022,0.0
Satakunta,Water transport,,GWh,2023,0.0
Satakunta,Water transport,,GWh,2024,0.0
Satakunta,Water transport,Workboats and ships,GWh,1990,26.3
Satakunta,Water transport,Workboats and ships,GWh,2005,21.4
Satakunta,Water transport,Workboats and ships,GWh,2006,21.5
Satakunta,Water transport,Workboats and ships,GWh,2007,21.3
Satakunta,Water transport,Workboats and ships,GWh,2008,21.1
Satakunta,Water transport,Workboats and ships,GWh,2009,21.0
Satakunta,Water transport,Workboats and ships,GWh,2010,20.9
Satakunta,Water transport,Workboats and ships,GWh,2011,20.8
Satakunta,Water transport,Workboats and ships,GWh,2012,20.7
Satakunta,Water transport,Workboats and ships,GWh,2013,20.6
Satakunta,Water transport,Workboats and ships,GWh,2014,20.4
Satakunta,Water transport,Workboats and ships,GWh,2015,20.5
Satakunta,Water transport,Workboats and ships,GWh,2016,20.1
Satakunta,Water transport,Workboats and ships,GWh,2017,20.0
Satakunta,Water transport,Workboats and ships,GWh,2018,19.9
Satakunta,Water transport,Workboats and ships,GWh,2019,19.7
Satakunta,Water transport,Workboats and ships,GWh,2020,19.6
Satakunta,Water transport,Workboats and ships,GWh,2021,19.5
Satakunta,Water transport,Workboats and ships,GWh,2022,19.3
Satakunta,Water transport,Workboats and ships,GWh,2023,19.1
Satakunta,Water transport,Workboats and ships,GWh,2024,9.5
Satakunta,Emission credits,Wind power,GWh,1990,0.0
Satakunta,Emission credits,Wind power,GWh,2005,25.9
Satakunta,Emission credits,Wind power,GWh,2006,28.2
Satakunta,Emission credits,Wind power,GWh,2007,28.5
Satakunta,Emission credits,Wind power,GWh,2008,30.0
Satakunta,Emission credits,Wind power,GWh,2009,36.5
Satakunta,Emission credits,Wind power,GWh,2010,31.7
Satakunta,Emission credits,Wind power,GWh,2011,49.8
Satakunta,Emission credits,Wind power,GWh,2012,47.4
Satakunta,Emission credits,Wind power,GWh,2013,94.7
Satakunta,Emission credits,Wind power,GWh,2014,195.1
Satakunta,Emission credits,Wind power,GWh,2015,299.0
Satakunta,Emission credits,Wind power,GWh,2016,359.5
Satakunta,Emission credits,Wind power,GWh,2017,581.3
Satakunta,Emission credits,Wind power,GWh,2018,706.1
Satakunta,Emission credits,Wind power,GWh,2019,652.9
Satakunta,Emission credits,Wind power,GWh,2020,761.9
Satakunta,Emission credits,Wind power,GWh,2021,635.3
Satakunta,Emission credits,Wind power,GWh,2022,514.5
Satakunta,Emission credits,Wind power,GWh,2023,589.0
Satakunta,Emission credits,Wind power,GWh,2024,981.6
South Karelia,Electricity,Housing,GWh,1990,228.0
South Karelia,Electricity,Housing,GWh,2005,283.6
South Karelia,Electricity,Housing,GWh,2006,292.8
South Karelia,Electricity,Housing,GWh,2007,297.8
South Karelia,Electricity,Housing,GWh,2008,295.1
South Karelia,Electricity,Housing,GWh,2009,306.2
South Karelia,Electricity,Housing,GWh,2010,341.6
South Karelia,Electricity,Housing,GWh,2011,303.5
South Karelia,Electricity,Housing,GWh,2012,300.6
South Karelia,Electricity,Housing,GWh,2013,295.3
South Karelia,Electricity,Housing,GWh,2014,290.6
South Karelia,Electricity,Housing,GWh,2015,279.0
South Karelia,Electricity,Housing,GWh,2016,297.0
South Karelia,Electricity,Housing,GWh,2017,294.9
South Karelia,Electricity,Housing,GWh,2018,297.5
South Karelia,Electricity,Housing,GWh,2019,291.7
South Karelia,Electricity,Housing,GWh,2020,280.0
South Karelia,Electricity,Housing,GWh,2021,315.4
South Karelia,Electricity,Housing,GWh,2022,285.6
South Karelia,Electricity,Housing,GWh,2023,275.3
South Karelia,Electricity,Housing,GWh,2024,284.8
South Karelia,Electricity,Agriculture,GWh,1990,13.7
South Karelia,Electricity,Agriculture,GWh,2005,19.7
South Karelia,Electricity,Agriculture,GWh,2006,20.5
South Karelia,Electricity,Agriculture,GWh,2007,21.2
South Karelia,Electricity,Agriculture,GWh,2008,21.7
South Karelia,Electricity,Agriculture,GWh,2009,23.8
South Karelia,Electricity,Agriculture,GWh,2010,26.9
South Karelia,Electricity,Agriculture,GWh,2011,29.4
South Karelia,Electricity,Agriculture,GWh,2012,30.4
South Karelia,Electricity,Agriculture,GWh,2013,23.4
South Karelia,Electricity,Agriculture,GWh,2014,21.9
South Karelia,Electricity,Agriculture,GWh,2015,20.5
South Karelia,Electricity,Agriculture,GWh,2016,24.7
South Karelia,Electricity,Agriculture,GWh,2017,23.9
South Karelia,Electricity,Agriculture,GWh,2018,24.4
South Karelia,Electricity,Agriculture,GWh,2019,24.8
South Karelia,Electricity,Agriculture,GWh,2020,17.9
South Karelia,Electricity,Agriculture,GWh,2021,18.0
South Karelia,Electricity,Agriculture,GWh,2022,17.6
South Karelia,Electricity,Agriculture,GWh,2023,17.2
South Karelia,Electricity,Agriculture,GWh,2024,15.1
South Karelia,Electricity,Services,GWh,1990,250.2
South Karelia,Electricity,Services,GWh,2005,374.9
South Karelia,Electricity,Services,GWh,2006,390.5
South Karelia,Electricity,Services,GWh,2007,396.7
South Karelia,Electricity,Services,GWh,2008,422.1
South Karelia,Electricity,Services,GWh,2009,394.4
South Karelia,Electricity,Services,GWh,2010,429.8
South Karelia,Electricity,Services,GWh,2011,412.4
South Karelia,Electricity,Services,GWh,2012,444.3
South Karelia,Electricity,Services,GWh,2013,435.5
South Karelia,Electricity,Services,GWh,2014,436.2
South Karelia,Electricity,Services,GWh,2015,430.7
South Karelia,Electricity,Services,GWh,2016,439.0
South Karelia,Electricity,Services,GWh,2017,447.6
South Karelia,Electricity,Services,GWh,2018,447.2
South Karelia,Electricity,Services,GWh,2019,446.2
South Karelia,Electricity,Services,GWh,2020,410.4
South Karelia,Electricity,Services,GWh,2021,429.8
South Karelia,Electricity,Services,GWh,2022,439.4
South Karelia,Electricity,Services,GWh,2023,382.7
South Karelia,Electricity,Services,GWh,2024,416.6
South Karelia,Electricity,Industry,GWh,1990,2966.7
South Karelia,Electricity,Industry,GWh,2005,4572.5
South Karelia,Electricity,Industry,GWh,2006,5006.9
South Karelia,Electricity,Industry,GWh,2007,4965.7
South Karelia,Electricity,Industry,GWh,2008,4716.7
South Karelia,Electricity,Industry,GWh,2009,4355.7
South Karelia,Electricity,Industry,GWh,2010,4714.5
South Karelia,Electricity,Industry,GWh,2011,4617.9
South Karelia,Electricity,Industry,GWh,2012,4357.2
South Karelia,Electricity,Industry,GWh,2013,4249.0
South Karelia,Electricity,Industry,GWh,2014,4252.7
South Karelia,Electricity,Industry,GWh,2015,4026.5
South Karelia,Electricity,Industry,GWh,2016,3979.5
South Karelia,Electricity,Industry,GWh,2017,4240.3
South Karelia,Electricity,Industry,GWh,2018,4412.5
South Karelia,Electricity,Industry,GWh,2019,4370.4
South Karelia,Electricity,Industry,GWh,2020,4164.3
South Karelia,Electricity,Industry,GWh,2021,4752.2
South Karelia,Electricity,Industry,GWh,2022,4300.2
South Karelia,Electricity,Industry,GWh,2023,3933.0
South Karelia,Electricity,Industry,GWh,2024,3709.5
South Karelia,Electric heating,Housing,GWh,1990,169.1
South Karelia,Electric heating,Housing,GWh,2005,216.0
South Karelia,Electric heating,Housing,GWh,2006,223.5
South Karelia,Electric heating,Housing,GWh,2007,221.2
South Karelia,Electric heating,Housing,GWh,2008,216.5
South Karelia,Electric heating,Housing,GWh,2009,227.5
South Karelia,Electric heating,Housing,GWh,2010,249.9
South Karelia,Electric heating,Housing,GWh,2011,228.5
South Karelia,Electric heating,Housing,GWh,2012,224.3
South Karelia,Electric heating,Housing,GWh,2013,215.4
South Karelia,Electric heating,Housing,GWh,2014,214.8
South Karelia,Electric heating,Housing,GWh,2015,204.8
South Karelia,Electric heating,Housing,GWh,2016,222.2
South Karelia,Electric heating,Housing,GWh,2017,218.0
South Karelia,Electric heating,Housing,GWh,2018,218.5
South Karelia,Electric heating,Housing,GWh,2019,212.4
South Karelia,Electric heating,Housing,GWh,2020,207.0
South Karelia,Electric heating,Housing,GWh,2021,233.1
South Karelia,Electric heating,Housing,GWh,2022,205.2
South Karelia,Electric heating,Housing,GWh,2023,194.7
South Karelia,Electric heating,Housing,GWh,2024,200.6
South Karelia,Electric heating,Agriculture,GWh,1990,3.0
South Karelia,Electric heating,Agriculture,GWh,2005,4.2
South Karelia,Electric heating,Agriculture,GWh,2006,4.2
South Karelia,Electric heating,Agriculture,GWh,2007,4.3
South Karelia,Electric heating,Agriculture,GWh,2008,4.2
South Karelia,Electric heating,Agriculture,GWh,2009,4.6
South Karelia,Electric heating,Agriculture,GWh,2010,4.7
South Karelia,Electric heating,Agriculture,GWh,2011,4.8
South Karelia,Electric heating,Agriculture,GWh,2012,4.9
South Karelia,Electric heating,Agriculture,GWh,2013,5.1
South Karelia,Electric heating,Agriculture,GWh,2014,5.1
South Karelia,Electric heating,Agriculture,GWh,2015,5.1
South Karelia,Electric heating,Agriculture,GWh,2016,5.1
South Karelia,Electric heating,Agriculture,GWh,2017,4.9
South Karelia,Electric heating,Agriculture,GWh,2018,4.7
South Karelia,Electric heating,Agriculture,GWh,2019,4.6
South Karelia,Electric heating,Agriculture,GWh,2020,4.7
South Karelia,Electric heating,Agriculture,GWh,2021,4.7
South Karelia,Electric heating,Agriculture,GWh,2022,4.7
South Karelia,Electric heating,Agriculture,GWh,2023,4.5
South Karelia,Electric heating,Agriculture,GWh,2024,4.5
South Karelia,Electric heating,Services,GWh,1990,33.5
South Karelia,Electric heating,Services,GWh,2005,27.7
South Karelia,Electric heating,Services,GWh,2006,23.1
South Karelia,Electric heating,Services,GWh,2007,24.2
South Karelia,Electric heating,Services,GWh,2008,23.9
South Karelia,Electric heating,Services,GWh,2009,25.2
South Karelia,Electric heating,Services,GWh,2010,27.0
South Karelia,Electric heating,Services,GWh,2011,27.5
South Karelia,Electric heating,Services,GWh,2012,27.4
South Karelia,Electric heating,Services,GWh,2013,26.9
South Karelia,Electric heating,Services,GWh,2014,27.4
South Karelia,Electric heating,Services,GWh,2015,27.4
South Karelia,Electric heating,Services,GWh,2016,28.0
South Karelia,Electric heating,Services,GWh,2017,28.5
South Karelia,Electric heating,Services,GWh,2018,28.3
South Karelia,Electric heating,Services,GWh,2019,28.7
South Karelia,Electric heating,Services,GWh,2020,27.6
South Karelia,Electric heating,Services,GWh,2021,29.4
South Karelia,Electric heating,Services,GWh,2022,29.0
South Karelia,Electric heating,Services,GWh,2023,28.6
South Karelia,Electric heating,Services,GWh,2024,28.5
South Karelia,District heating,Housing,GWh,1990,330.4
South Karelia,District heating,Housing,GWh,2005,450.1
South Karelia,District heating,Housing,GWh,2006,480.7
South Karelia,District heating,Housing,GWh,2007,483.0
South Karelia,District heating,Housing,GWh,2008,477.4
South Karelia,District heating,Housing,GWh,2009,514.8
South Karelia,District heating,Housing,GWh,2010,558.6
South Karelia,District heating,Housing,GWh,2011,490.4
South Karelia,District heating,Housing,GWh,2012,533.2
South Karelia,District heating,Housing,GWh,2013,489.5
South Karelia,District heating,Housing,GWh,2014,490.1
South Karelia,District heating,Housing,GWh,2015,463.2
South Karelia,District heating,Housing,GWh,2016,510.8
South Karelia,District heating,Housing,GWh,2017,501.5
South Karelia,District heating,Housing,GWh,2018,495.5
South Karelia,District heating,Housing,GWh,2019,474.4
South Karelia,District heating,Housing,GWh,2020,439.7
South Karelia,District heating,Housing,GWh,2021,511.3
South Karelia,District heating,Housing,GWh,2022,467.5
South Karelia,District heating,Housing,GWh,2023,463.1
South Karelia,District heating,Housing,GWh,2024,457.3
South Karelia,District heating,Agriculture,GWh,1990,2.8
South Karelia,District heating,Agriculture,GWh,2005,2.2
South Karelia,District heating,Agriculture,GWh,2006,2.1
South Karelia,District heating,Agriculture,GWh,2007,2.0
South Karelia,District heating,Agriculture,GWh,2008,2.0
South Karelia,District heating,Agriculture,GWh,2009,1.6
South Karelia,District heating,Agriculture,GWh,2010,1.7
South Karelia,District heating,Agriculture,GWh,2011,1.3
South Karelia,District heating,Agriculture,GWh,2012,1.4
South Karelia,District heating,Agriculture,GWh,2013,1.2
South Karelia,District heating,Agriculture,GWh,2014,1.2
South Karelia,District heating,Agriculture,GWh,2015,1.1
South Karelia,District heating,Agriculture,GWh,2016,1.2
South Karelia,District heating,Agriculture,GWh,2017,1.2
South Karelia,District heating,Agriculture,GWh,2018,1.2
South Karelia,District heating,Agriculture,GWh,2019,1.1
South Karelia,District heating,Agriculture,GWh,2020,1.0
South Karelia,District heating,Agriculture,GWh,2021,1.1
South Karelia,District heating,Agriculture,GWh,2022,1.1
South Karelia,District heating,Agriculture,GWh,2023,1.1
South Karelia,District heating,Agriculture,GWh,2024,1.2
South Karelia,District heating,Services,GWh,1990,207.4
South Karelia,District heating,Services,GWh,2005,236.3
South Karelia,District heating,Services,GWh,2006,238.4
South Karelia,District heating,Services,GWh,2007,244.9
South Karelia,District heating,Services,GWh,2008,241.0
South Karelia,District heating,Services,GWh,2009,261.7
South Karelia,District heating,Services,GWh,2010,287.3
South Karelia,District heating,Services,GWh,2011,262.2
South Karelia,District heating,Services,GWh,2012,286.7
South Karelia,District heating,Services,GWh,2013,265.7
South Karelia,District heating,Services,GWh,2014,266.3
South Karelia,District heating,Services,GWh,2015,254.1
South Karelia,District heating,Services,GWh,2016,282.4
South Karelia,District heating,Services,GWh,2017,291.4
South Karelia,District heating,Services,GWh,2018,290.0
South Karelia,District heating,Services,GWh,2019,268.3
South Karelia,District heating,Services,GWh,2020,252.1
South Karelia,District heating,Services,GWh,2021,286.3
South Karelia,District heating,Services,GWh,2022,261.9
South Karelia,District heating,Services,GWh,2023,263.9
South Karelia,District heating,Services,GWh,2024,260.9
South Karelia,District heating,Industry,GWh,1990,109.5
South Karelia,District heating,Industry,GWh,2005,125.5
South Karelia,District heating,Industry,GWh,2006,122.8
South Karelia,District heating,Industry,GWh,2007,125.6
South Karelia,District heating,Industry,GWh,2008,121.1
South Karelia,District heating,Industry,GWh,2009,126.6
South Karelia,District heating,Industry,GWh,2010,139.1
South Karelia,District heating,Industry,GWh,2011,123.3
South Karelia,District heating,Industry,GWh,2012,140.9
South Karelia,District heating,Industry,GWh,2013,127.2
South Karelia,District heating,Industry,GWh,2014,127.1
South Karelia,District heating,Industry,GWh,2015,119.4
South Karelia,District heating,Industry,GWh,2016,132.0
South Karelia,District heating,Industry,GWh,2017,131.4
South Karelia,District heating,Industry,GWh,2018,125.7
South Karelia,District heating,Industry,GWh,2019,118.4
South Karelia,District heating,Industry,GWh,2020,109.5
South Karelia,District heating,Industry,GWh,2021,128.4
South Karelia,District heating,Industry,GWh,2022,119.1
South Karelia,District heating,Industry,GWh,2023,122.5
South Karelia,District heating,Industry,GWh,2024,121.2
South Karelia,Oil heating,Housing,GWh,1990,274.3
South Karelia,Oil heating,Housing,GWh,2005,219.3
South Karelia,Oil heating,Housing,GWh,2006,219.2
South Karelia,Oil heating,Housing,GWh,2007,205.8
South Karelia,Oil heating,Housing,GWh,2008,157.0
South Karelia,Oil heating,Housing,GWh,2009,159.6
South Karelia,Oil heating,Housing,GWh,2010,173.9
South Karelia,Oil heating,Housing,GWh,2011,132.2
South Karelia,Oil heating,Housing,GWh,2012,139.3
South Karelia,Oil heating,Housing,GWh,2013,118.7
South Karelia,Oil heating,Housing,GWh,2014,114.8
South Karelia,Oil heating,Housing,GWh,2015,101.9
South Karelia,Oil heating,Housing,GWh,2016,105.9
South Karelia,Oil heating,Housing,GWh,2017,101.5
South Karelia,Oil heating,Housing,GWh,2018,92.4
South Karelia,Oil heating,Housing,GWh,2019,83.5
South Karelia,Oil heating,Housing,GWh,2020,75.7
South Karelia,Oil heating,Housing,GWh,2021,70.6
South Karelia,Oil heating,Housing,GWh,2022,50.8
South Karelia,Oil heating,Housing,GWh,2023,25.3
South Karelia,Oil heating,Housing,GWh,2024,22.0
South Karelia,Oil heating,Agriculture,GWh,1990,21.4
South Karelia,Oil heating,Agriculture,GWh,2005,7.2
South Karelia,Oil heating,Agriculture,GWh,2006,6.8
South Karelia,Oil heating,Agriculture,GWh,2007,5.9
South Karelia,Oil heating,Agriculture,GWh,2008,5.4
South Karelia,Oil heating,Agriculture,GWh,2009,5.7
South Karelia,Oil heating,Agriculture,GWh,2010,6.8
South Karelia,Oil heating,Agriculture,GWh,2011,5.2
South Karelia,Oil heating,Agriculture,GWh,2012,6.0
South Karelia,Oil heating,Agriculture,GWh,2013,4.0
South Karelia,Oil heating,Agriculture,GWh,2014,4.0
South Karelia,Oil heating,Agriculture,GWh,2015,3.7
South Karelia,Oil heating,Agriculture,GWh,2016,3.0
South Karelia,Oil heating,Agriculture,GWh,2017,2.7
South Karelia,Oil heating,Agriculture,GWh,2018,2.9
South Karelia,Oil heating,Agriculture,GWh,2019,2.8
South Karelia,Oil heating,Agriculture,GWh,2020,2.5
South Karelia,Oil heating,Agriculture,GWh,2021,3.0
South Karelia,Oil heating,Agriculture,GWh,2022,2.7
South Karelia,Oil heating,Agriculture,GWh,2023,2.9
South Karelia,Oil heating,Agriculture,GWh,2024,2.0
South Karelia,Oil heating,Services,GWh,1990,79.8
South Karelia,Oil heating,Services,GWh,2005,60.6
South Karelia,Oil heating,Services,GWh,2006,61.5
South Karelia,Oil heating,Services,GWh,2007,55.7
South Karelia,Oil heating,Services,GWh,2008,43.4
South Karelia,Oil heating,Services,GWh,2009,48.1
South Karelia,Oil heating,Services,GWh,2010,53.9
South Karelia,Oil heating,Services,GWh,2011,46.6
South Karelia,Oil heating,Services,GWh,2012,51.8
South Karelia,Oil heating,Services,GWh,2013,45.6
South Karelia,Oil heating,Services,GWh,2014,46.0
South Karelia,Oil heating,Services,GWh,2015,42.5
South Karelia,Oil heating,Services,GWh,2016,45.8
South Karelia,Oil heating,Services,GWh,2017,45.8
South Karelia,Oil heating,Services,GWh,2018,46.9
South Karelia,Oil heating,Services,GWh,2019,46.9
South Karelia,Oil heating,Services,GWh,2020,43.0
South Karelia,Oil heating,Services,GWh,2021,52.4
South Karelia,Oil heating,Services,GWh,2022,50.0
South Karelia,Oil heating,Services,GWh,2023,50.3
South Karelia,Oil heating,Services,GWh,2024,49.5
South Karelia,Other heating,Housing,GWh,1990,397.0
South Karelia,Other heating,Housing,GWh,2005,522.6
South Karelia,Other heating,Housing,GWh,2006,503.5
South Karelia,Other heating,Housing,GWh,2007,526.0
South Karelia,Other heating,Housing,GWh,2008,516.2
South Karelia,Other heating,Housing,GWh,2009,547.6
South Karelia,Other heating,Housing,GWh,2010,604.9
South Karelia,Other heating,Housing,GWh,2011,511.9
South Karelia,Other heating,Housing,GWh,2012,553.8
South Karelia,Other heating,Housing,GWh,2013,509.7
South Karelia,Other heating,Housing,GWh,2014,518.0
South Karelia,Other heating,Housing,GWh,2015,490.2
South Karelia,Other heating,Housing,GWh,2016,538.0
South Karelia,Other heating,Housing,GWh,2017,518.5
South Karelia,Other heating,Housing,GWh,2018,508.5
South Karelia,Other heating,Housing,GWh,2019,490.8
South Karelia,Other heating,Housing,GWh,2020,462.6
South Karelia,Other heating,Housing,GWh,2021,526.1
South Karelia,Other heating,Housing,GWh,2022,480.7
South Karelia,Other heating,Housing,GWh,2023,440.5
South Karelia,Other heating,Housing,GWh,2024,420.2
South Karelia,Other heating,Agriculture,GWh,1990,42.4
South Karelia,Other heating,Agriculture,GWh,2005,45.7
South Karelia,Other heating,Agriculture,GWh,2006,45.5
South Karelia,Other heating,Agriculture,GWh,2007,47.5
South Karelia,Other heating,Agriculture,GWh,2008,52.6
South Karelia,Other heating,Agriculture,GWh,2009,56.1
South Karelia,Other heating,Agriculture,GWh,2010,68.9
South Karelia,Other heating,Agriculture,GWh,2011,58.5
South Karelia,Other heating,Agriculture,GWh,2012,62.8
South Karelia,Other heating,Agriculture,GWh,2013,62.5
South Karelia,Other heating,Agriculture,GWh,2014,55.5
South Karelia,Other heating,Agriculture,GWh,2015,51.6
South Karelia,Other heating,Agriculture,GWh,2016,76.6
South Karelia,Other heating,Agriculture,GWh,2017,74.4
South Karelia,Other heating,Agriculture,GWh,2018,68.2
South Karelia,Other heating,Agriculture,GWh,2019,66.5
South Karelia,Other heating,Agriculture,GWh,2020,62.2
South Karelia,Other heating,Agriculture,GWh,2021,61.0
South Karelia,Other heating,Agriculture,GWh,2022,59.9
South Karelia,Other heating,Agriculture,GWh,2023,57.2
South Karelia,Other heating,Agriculture,GWh,2024,37.4
South Karelia,Other heating,Services,GWh,1990,76.8
South Karelia,Other heating,Services,GWh,2005,47.3
South Karelia,Other heating,Services,GWh,2006,44.0
South Karelia,Other heating,Services,GWh,2007,44.4
South Karelia,Other heating,Services,GWh,2008,42.2
South Karelia,Other heating,Services,GWh,2009,45.0
South Karelia,Other heating,Services,GWh,2010,48.1
South Karelia,Other heating,Services,GWh,2011,51.3
South Karelia,Other heating,Services,GWh,2012,50.1
South Karelia,Other heating,Services,GWh,2013,48.6
South Karelia,Other heating,Services,GWh,2014,47.2
South Karelia,Other heating,Services,GWh,2015,43.6
South Karelia,Other heating,Services,GWh,2016,47.6
South Karelia,Other heating,Services,GWh,2017,49.2
South Karelia,Other heating,Services,GWh,2018,46.8
South Karelia,Other heating,Services,GWh,2019,47.9
South Karelia,Other heating,Services,GWh,2020,42.2
South Karelia,Other heating,Services,GWh,2021,53.1
South Karelia,Other heating,Services,GWh,2022,47.1
South Karelia,Other heating,Services,GWh,2023,38.3
South Karelia,Other heating,Services,GWh,2024,36.4
South Karelia,Industry,Industrial fuels,GWh,1990,6809.9
South Karelia,Industry,Industrial fuels,GWh,2005,13661.7
South Karelia,Industry,Industrial fuels,GWh,2006,14579.3
South Karelia,Industry,Industrial fuels,GWh,2007,14610.4
South Karelia,Industry,Industrial fuels,GWh,2008,9435.0
South Karelia,Industry,Industrial fuels,GWh,2009,13570.2
South Karelia,Industry,Industrial fuels,GWh,2010,8630.7
South Karelia,Industry,Industrial fuels,GWh,2011,9371.5
South Karelia,Industry,Industrial fuels,GWh,2012,12373.5
South Karelia,Industry,Industrial fuels,GWh,2013,12316.0
South Karelia,Industry,Industrial fuels,GWh,2014,12547.2
South Karelia,Industry,Industrial fuels,GWh,2015,11569.4
South Karelia,Industry,Industrial fuels,GWh,2016,11773.8
South Karelia,Industry,Industrial fuels,GWh,2017,13708.5
South Karelia,Industry,Industrial fuels,GWh,2018,13245.8
South Karelia,Industry,Industrial fuels,GWh,2019,12702.5
South Karelia,Industry,Industrial fuels,GWh,2020,11428.1
South Karelia,Industry,Industrial fuels,GWh,2021,13164.8
South Karelia,Industry,Industrial fuels,GWh,2022,11887.9
South Karelia,Industry,Industrial fuels,GWh,2023,14268.5
South Karelia,Industry,Industrial fuels,GWh,2024,13954.7
South Karelia,Machinery,Mining and industrial machinery,GWh,1990,66.5
South Karelia,Machinery,Mining and industrial machinery,GWh,2005,67.7
South Karelia,Machinery,Mining and industrial machinery,GWh,2006,80.6
South Karelia,Machinery,Mining and industrial machinery,GWh,2007,82.7
South Karelia,Machinery,Mining and industrial machinery,GWh,2008,83.6
South Karelia,Machinery,Mining and industrial machinery,GWh,2009,73.0
South Karelia,Machinery,Mining and industrial machinery,GWh,2010,67.5
South Karelia,Machinery,Mining and industrial machinery,GWh,2011,63.7
South Karelia,Machinery,Mining and industrial machinery,GWh,2012,58.6
South Karelia,Machinery,Mining and industrial machinery,GWh,2013,59.0
South Karelia,Machinery,Mining and industrial machinery,GWh,2014,53.9
South Karelia,Machinery,Mining and industrial machinery,GWh,2015,53.0
South Karelia,Machinery,Mining and industrial machinery,GWh,2016,48.7
South Karelia,Machinery,Mining and industrial machinery,GWh,2017,49.7
South Karelia,Machinery,Mining and industrial machinery,GWh,2018,49.8
South Karelia,Machinery,Mining and industrial machinery,GWh,2019,51.1
South Karelia,Machinery,Mining and industrial machinery,GWh,2020,50.1
South Karelia,Machinery,Mining and industrial machinery,GWh,2021,47.6
South Karelia,Machinery,Mining and industrial machinery,GWh,2022,50.0
South Karelia,Machinery,Mining and industrial machinery,GWh,2023,48.0
South Karelia,Machinery,Mining and industrial machinery,GWh,2024,47.8
South Karelia,Machinery,Agricultural and forestry machinery,GWh,1990,107.9
South Karelia,Machinery,Agricultural and forestry machinery,GWh,2005,103.4
South Karelia,Machinery,Agricultural and forestry machinery,GWh,2006,107.2
South Karelia,Machinery,Agricultural and forestry machinery,GWh,2007,104.7
South Karelia,Machinery,Agricultural and forestry machinery,GWh,2008,99.1
South Karelia,Machinery,Agricultural and forestry machinery,GWh,2009,91.8
South Karelia,Machinery,Agricultural and forestry machinery,GWh,2010,103.1
South Karelia,Machinery,Agricultural and forestry machinery,GWh,2011,91.6
South Karelia,Machinery,Agricultural and forestry machinery,GWh,2012,96.3
South Karelia,Machinery,Agricultural and forestry machinery,GWh,2013,102.8
South Karelia,Machinery,Agricultural and forestry machinery,GWh,2014,97.4
South Karelia,Machinery,Agricultural and forestry machinery,GWh,2015,107.7
South Karelia,Machinery,Agricultural and forestry machinery,GWh,2016,101.8
South Karelia,Machinery,Agricultural and forestry machinery,GWh,2017,97.5
South Karelia,Machinery,Agricultural and forestry machinery,GWh,2018,89.0
South Karelia,Machinery,Agricultural and forestry machinery,GWh,2019,93.0
South Karelia,Machinery,Agricultural and forestry machinery,GWh,2020,89.9
South Karelia,Machinery,Agricultural and forestry machinery,GWh,2021,80.2
South Karelia,Machinery,Agricultural and forestry machinery,GWh,2022,86.7
South Karelia,Machinery,Agricultural and forestry machinery,GWh,2023,82.2
South Karelia,Machinery,Agricultural and forestry machinery,GWh,2024,83.5
South Karelia,Machinery,Other machinery,GWh,1990,11.7
South Karelia,Machinery,Other machinery,GWh,2005,13.4
South Karelia,Machinery,Other machinery,GWh,2006,13.6
South Karelia,Machinery,Other machinery,GWh,2007,13.6
South Karelia,Machinery,Other machinery,GWh,2008,13.1
South Karelia,Machinery,Other machinery,GWh,2009,12.3
South Karelia,Machinery,Other machinery,GWh,2010,12.2
South Karelia,Machinery,Other machinery,GWh,2011,12.8
South Karelia,Machinery,Other machinery,GWh,2012,13.4
South Karelia,Machinery,Other machinery,GWh,2013,13.6
South Karelia,Machinery,Other machinery,GWh,2014,13.4
South Karelia,Machinery,Other machinery,GWh,2015,13.8
South Karelia,Machinery,Other machinery,GWh,2016,13.8
South Karelia,Machinery,Other machinery,GWh,2017,13.6
South Karelia,Machinery,Other machinery,GWh,2018,12.8
South Karelia,Machinery,Other machinery,GWh,2019,13.0
South Karelia,Machinery,Other machinery,GWh,2020,13.0
South Karelia,Machinery,Other machinery,GWh,2021,12.2
South Karelia,Machinery,Other machinery,GWh,2022,12.4
South Karelia,Machinery,Other machinery,GWh,2023,12.1
South Karelia,Machinery,Other machinery,GWh,2024,11.4
South Karelia,Machinery,Construction machinery,GWh,1990,33.4
South Karelia,Machinery,Construction machinery,GWh,2005,26.1
South Karelia,Machinery,Construction machinery,GWh,2006,26.4
South Karelia,Machinery,Construction machinery,GWh,2007,44.9
South Karelia,Machinery,Construction machinery,GWh,2008,31.5
South Karelia,Machinery,Construction machinery,GWh,2009,47.0
South Karelia,Machinery,Construction machinery,GWh,2010,35.1
South Karelia,Machinery,Construction machinery,GWh,2011,41.6
South Karelia,Machinery,Construction machinery,GWh,2012,38.0
South Karelia,Machinery,Construction machinery,GWh,2013,37.5
South Karelia,Machinery,Construction machinery,GWh,2014,37.0
South Karelia,Machinery,Construction machinery,GWh,2015,41.1
South Karelia,Machinery,Construction machinery,GWh,2016,29.8
South Karelia,Machinery,Construction machinery,GWh,2017,32.6
South Karelia,Machinery,Construction machinery,GWh,2018,26.0
South Karelia,Machinery,Construction machinery,GWh,2019,25.9
South Karelia,Machinery,Construction machinery,GWh,2020,29.2
South Karelia,Machinery,Construction machinery,GWh,2021,24.7
South Karelia,Machinery,Construction machinery,GWh,2022,17.1
South Karelia,Machinery,Construction machinery,GWh,2023,17.6
South Karelia,Machinery,Construction machinery,GWh,2024,17.0
South Karelia,Machinery,Road construction machinery,GWh,1990,42.7
South Karelia,Machinery,Road construction machinery,GWh,2005,45.8
South Karelia,Machinery,Road construction machinery,GWh,2006,46.3
South Karelia,Machinery,Road construction machinery,GWh,2007,47.7
South Karelia,Machinery,Road construction machinery,GWh,2008,50.6
South Karelia,Machinery,Road construction machinery,GWh,2009,50.1
South Karelia,Machinery,Road construction machinery,GWh,2010,49.3
South Karelia,Machinery,Road construction machinery,GWh,2011,45.4
South Karelia,Machinery,Road construction machinery,GWh,2012,49.4
South Karelia,Machinery,Road construction machinery,GWh,2013,48.8
South Karelia,Machinery,Road construction machinery,GWh,2014,47.7
South Karelia,Machinery,Road construction machinery,GWh,2015,47.9
South Karelia,Machinery,Road construction machinery,GWh,2016,45.6
South Karelia,Machinery,Road construction machinery,GWh,2017,52.2
South Karelia,Machinery,Road construction machinery,GWh,2018,53.8
South Karelia,Machinery,Road construction machinery,GWh,2019,55.9
South Karelia,Machinery,Road construction machinery,GWh,2020,57.5
South Karelia,Machinery,Road construction machinery,GWh,2021,55.6
South Karelia,Machinery,Road construction machinery,GWh,2022,58.1
South Karelia,Machinery,Road construction machinery,GWh,2023,57.8
South Karelia,Machinery,Road construction machinery,GWh,2024,57.3
South Karelia,Road transport,Passenger cars,GWh,1990,657.9
South Karelia,Road transport,Passenger cars,GWh,2005,659.3
South Karelia,Road transport,Passenger cars,GWh,2006,657.8
South Karelia,Road transport,Passenger cars,GWh,2007,670.6
South Karelia,Road transport,Passenger cars,GWh,2008,648.8
South Karelia,Road transport,Passenger cars,GWh,2009,649.6
South Karelia,Road transport,Passenger cars,GWh,2010,644.3
South Karelia,Road transport,Passenger cars,GWh,2011,628.9
South Karelia,Road transport,Passenger cars,GWh,2012,623.2
South Karelia,Road transport,Passenger cars,GWh,2013,632.9
South Karelia,Road transport,Passenger cars,GWh,2014,627.0
South Karelia,Road transport,Passenger cars,GWh,2015,618.5
South Karelia,Road transport,Passenger cars,GWh,2016,612.1
South Karelia,Road transport,Passenger cars,GWh,2017,620.6
South Karelia,Road transport,Passenger cars,GWh,2018,615.8
South Karelia,Road transport,Passenger cars,GWh,2019,603.3
South Karelia,Road transport,Passenger cars,GWh,2020,560.4
South Karelia,Road transport,Passenger cars,GWh,2021,568.5
South Karelia,Road transport,Passenger cars,GWh,2022,532.5
South Karelia,Road transport,Passenger cars,GWh,2023,529.2
South Karelia,Road transport,Passenger cars,GWh,2024,528.1
South Karelia,Road transport,Trucks,GWh,1990,270.4
South Karelia,Road transport,Trucks,GWh,2005,315.6
South Karelia,Road transport,Trucks,GWh,2006,321.4
South Karelia,Road transport,Trucks,GWh,2007,345.5
South Karelia,Road transport,Trucks,GWh,2008,332.4
South Karelia,Road transport,Trucks,GWh,2009,295.8
South Karelia,Road transport,Trucks,GWh,2010,339.7
South Karelia,Road transport,Trucks,GWh,2011,355.2
South Karelia,Road transport,Trucks,GWh,2012,334.7
South Karelia,Road transport,Trucks,GWh,2013,334.1
South Karelia,Road transport,Trucks,GWh,2014,314.2
South Karelia,Road transport,Trucks,GWh,2015,313.5
South Karelia,Road transport,Trucks,GWh,2016,326.6
South Karelia,Road transport,Trucks,GWh,2017,293.8
South Karelia,Road transport,Trucks,GWh,2018,295.3
South Karelia,Road transport,Trucks,GWh,2019,280.0
South Karelia,Road transport,Trucks,GWh,2020,259.5
South Karelia,Road transport,Trucks,GWh,2021,282.9
South Karelia,Road transport,Trucks,GWh,2022,252.7
South Karelia,Road transport,Trucks,GWh,2023,228.7
South Karelia,Road transport,Trucks,GWh,2024,229.9
South Karelia,Road transport,Buses,GWh,1990,27.5
South Karelia,Road transport,Buses,GWh,2005,38.3
South Karelia,Road transport,Buses,GWh,2006,37.5
South Karelia,Road transport,Buses,GWh,2007,36.2
South Karelia,Road transport,Buses,GWh,2008,34.8
South Karelia,Road transport,Buses,GWh,2009,32.5
South Karelia,Road transport,Buses,GWh,2010,34.1
South Karelia,Road transport,Buses,GWh,2011,32.9
South Karelia,Road transport,Buses,GWh,2012,31.7
South Karelia,Road transport,Buses,GWh,2013,32.8
South Karelia,Road transport,Buses,GWh,2014,22.5
South Karelia,Road transport,Buses,GWh,2015,20.7
South Karelia,Road transport,Buses,GWh,2016,20.7
South Karelia,Road transport,Buses,GWh,2017,21.1
South Karelia,Road transport,Buses,GWh,2018,19.5
South Karelia,Road transport,Buses,GWh,2019,18.0
South Karelia,Road transport,Buses,GWh,2020,9.5
South Karelia,Road transport,Buses,GWh,2021,6.6
South Karelia,Road transport,Buses,GWh,2022,7.8
South Karelia,Road transport,Buses,GWh,2023,6.2
South Karelia,Road transport,Buses,GWh,2024,7.5
South Karelia,Road transport,Vancouver vans,GWh,1990,75.1
South Karelia,Road transport,Vancouver vans,GWh,2005,73.3
South Karelia,Road transport,Vancouver vans,GWh,2006,74.2
South Karelia,Road transport,Vancouver vans,GWh,2007,75.0
South Karelia,Road transport,Vancouver vans,GWh,2008,74.8
South Karelia,Road transport,Vancouver vans,GWh,2009,75.1
South Karelia,Road transport,Vancouver vans,GWh,2010,75.1
South Karelia,Road transport,Vancouver vans,GWh,2011,74.4
South Karelia,Road transport,Vancouver vans,GWh,2012,72.8
South Karelia,Road transport,Vancouver vans,GWh,2013,72.2
South Karelia,Road transport,Vancouver vans,GWh,2014,73.4
South Karelia,Road transport,Vancouver vans,GWh,2015,74.1
South Karelia,Road transport,Vancouver vans,GWh,2016,72.3
South Karelia,Road transport,Vancouver vans,GWh,2017,85.4
South Karelia,Road transport,Vancouver vans,GWh,2018,86.8
South Karelia,Road transport,Vancouver vans,GWh,2019,87.8
South Karelia,Road transport,Vancouver vans,GWh,2020,84.3
South Karelia,Road transport,Vancouver vans,GWh,2021,89.1
South Karelia,Road transport,Vancouver vans,GWh,2022,83.4
South Karelia,Road transport,Vancouver vans,GWh,2023,83.3
South Karelia,Road transport,Vancouver vans,GWh,2024,83.8
South Karelia,Road transport,Drive-through traffic,GWh,1990,62.8
South Karelia,Road transport,Drive-through traffic,GWh,2005,131.2
South Karelia,Road transport,Drive-through traffic,GWh,2006,136.8
South Karelia,Road transport,Drive-through traffic,GWh,2007,144.2
South Karelia,Road transport,Drive-through traffic,GWh,2008,139.9
South Karelia,Road transport,Drive-through traffic,GWh,2009,126.3
South Karelia,Road transport,Drive-through traffic,GWh,2010,135.6
South Karelia,Road transport,Drive-through traffic,GWh,2011,140.3
South Karelia,Road transport,Drive-through traffic,GWh,2012,139.6
South Karelia,Road transport,Drive-through traffic,GWh,2013,138.1
South Karelia,Road transport,Drive-through traffic,GWh,2014,142.3
South Karelia,Road transport,Drive-through traffic,GWh,2015,151.6
South Karelia,Road transport,Drive-through traffic,GWh,2016,160.1
South Karelia,Road transport,Drive-through traffic,GWh,2017,159.1
South Karelia,Road transport,Drive-through traffic,GWh,2018,165.3
South Karelia,Road transport,Drive-through traffic,GWh,2019,164.2
South Karelia,Road transport,Drive-through traffic,GWh,2020,158.5
South Karelia,Road transport,Drive-through traffic,GWh,2021,175.8
South Karelia,Road transport,Drive-through traffic,GWh,2022,157.2
South Karelia,Road transport,Drive-through traffic,GWh,2023,136.8
South Karelia,Road transport,Drive-through traffic,GWh,2024,134.0
South Karelia,Road transport,Motorcycles and mopeds,GWh,1990,3.5
South Karelia,Road transport,Motorcycles and mopeds,GWh,2005,9.0
South Karelia,Road transport,Motorcycles and mopeds,GWh,2006,9.8
South Karelia,Road transport,Motorcycles and mopeds,GWh,2007,10.8
South Karelia,Road transport,Motorcycles and mopeds,GWh,2008,11.4
South Karelia,Road transport,Motorcycles and mopeds,GWh,2009,11.7
South Karelia,Road transport,Motorcycles and mopeds,GWh,2010,12.2
South Karelia,Road transport,Motorcycles and mopeds,GWh,2011,13.2
South Karelia,Road transport,Motorcycles and mopeds,GWh,2012,13.3
South Karelia,Road transport,Motorcycles and mopeds,GWh,2013,13.7
South Karelia,Road transport,Motorcycles and mopeds,GWh,2014,13.6
South Karelia,Road transport,Motorcycles and mopeds,GWh,2015,13.0
South Karelia,Road transport,Motorcycles and mopeds,GWh,2016,12.7
South Karelia,Road transport,Motorcycles and mopeds,GWh,2017,10.3
South Karelia,Road transport,Motorcycles and mopeds,GWh,2018,10.2
South Karelia,Road transport,Motorcycles and mopeds,GWh,2019,10.1
South Karelia,Road transport,Motorcycles and mopeds,GWh,2020,9.5
South Karelia,Road transport,Motorcycles and mopeds,GWh,2021,10.0
South Karelia,Road transport,Motorcycles and mopeds,GWh,2022,9.5
South Karelia,Road transport,Motorcycles and mopeds,GWh,2023,9.7
South Karelia,Road transport,Motorcycles and mopeds,GWh,2024,10.2
South Karelia,Rail transport,Diesel,GWh,1990,48.9
South Karelia,Rail transport,Diesel,GWh,2005,32.5
South Karelia,Rail transport,Diesel,GWh,2006,33.0
South Karelia,Rail transport,Diesel,GWh,2007,27.8
South Karelia,Rail transport,Diesel,GWh,2008,29.3
South Karelia,Rail transport,Diesel,GWh,2009,23.5
South Karelia,Rail transport,Diesel,GWh,2010,24.4
South Karelia,Rail transport,Diesel,GWh,2011,25.1
South Karelia,Rail transport,Diesel,GWh,2012,24.9
South Karelia,Rail transport,Diesel,GWh,2013,22.7
South Karelia,Rail transport,Diesel,GWh,2014,21.0
South Karelia,Rail transport,Diesel,GWh,2015,17.4
South Karelia,Rail transport,Diesel,GWh,2016,16.7
South Karelia,Rail transport,Diesel,GWh,2017,16.8
South Karelia,Rail transport,Diesel,GWh,2018,16.3
South Karelia,Rail transport,Diesel,GWh,2019,20.5
South Karelia,Rail transport,Diesel,GWh,2020,18.4
South Karelia,Rail transport,Diesel,GWh,2021,20.6
South Karelia,Rail transport,Diesel,GWh,2022,20.1
South Karelia,Rail transport,Diesel,GWh,2023,17.7
South Karelia,Rail transport,Diesel,GWh,2024,14.0
South Karelia,Rail transport,Electricity,GWh,1990,20.8
South Karelia,Rail transport,Electricity,GWh,2005,31.2
South Karelia,Rail transport,Electricity,GWh,2006,32.6
South Karelia,Rail transport,Electricity,GWh,2007,35.0
South Karelia,Rail transport,Electricity,GWh,2008,35.0
South Karelia,Rail transport,Electricity,GWh,2009,32.6
South Karelia,Rail transport,Electricity,GWh,2010,34.0
South Karelia,Rail transport,Electricity,GWh,2011,35.1
South Karelia,Rail transport,Electricity,GWh,2012,35.7
South Karelia,Rail transport,Electricity,GWh,2013,36.6
South Karelia,Rail transport,Electricity,GWh,2014,37.1
South Karelia,Rail transport,Electricity,GWh,2015,34.4
South Karelia,Rail transport,Electricity,GWh,2016,35.7
South Karelia,Rail transport,Electricity,GWh,2017,38.4
South Karelia,Rail transport,Electricity,GWh,2018,38.3
South Karelia,Rail transport,Electricity,GWh,2019,40.6
South Karelia,Rail transport,Electricity,GWh,2020,34.6
South Karelia,Rail transport,Electricity,GWh,2021,32.4
South Karelia,Rail transport,Electricity,GWh,2022,29.5
South Karelia,Rail transport,Electricity,GWh,2023,26.9
South Karelia,Rail transport,Electricity,GWh,2024,28.2
South Karelia,Rail transport,Community trains,GWh,1990,0.0
South Karelia,Rail transport,Community trains,GWh,2005,0.0
South Karelia,Rail transport,Community trains,GWh,2006,0.0
South Karelia,Rail transport,Community trains,GWh,2007,0.0
South Karelia,Rail transport,Community trains,GWh,2008,0.0
South Karelia,Rail transport,Community trains,GWh,2009,0.0
South Karelia,Rail transport,Community trains,GWh,2010,0.0
South Karelia,Rail transport,Community trains,GWh,2011,0.0
South Karelia,Rail transport,Community trains,GWh,2012,0.0
South Karelia,Rail transport,Community trains,GWh,2013,0.0
South Karelia,Rail transport,Community trains,GWh,2014,0.0
South Karelia,Rail transport,Community trains,GWh,2015,0.0
South Karelia,Rail transport,Community trains,GWh,2016,0.0
South Karelia,Rail transport,Community trains,GWh,2017,0.0
South Karelia,Rail transport,Community trains,GWh,2018,0.0
South Karelia,Rail transport,Community trains,GWh,2019,0.0
South Karelia,Rail transport,Community trains,GWh,2020,0.0
South Karelia,Rail transport,Community trains,GWh,2021,0.0
South Karelia,Rail transport,Community trains,GWh,2022,0.0
South Karelia,Rail transport,Community trains,GWh,2023,0.0
South Karelia,Rail transport,Community trains,GWh,2024,0.0
South Karelia,Rail transport,Metros and trams,GWh,1990,0.0
South Karelia,Rail transport,Metros and trams,GWh,2005,0.0
South Karelia,Rail transport,Metros and trams,GWh,2006,0.0
South Karelia,Rail transport,Metros and trams,GWh,2007,0.0
South Karelia,Rail transport,Metros and trams,GWh,2008,0.0
South Karelia,Rail transport,Metros and trams,GWh,2009,0.0
South Karelia,Rail transport,Metros and trams,GWh,2010,0.0
South Karelia,Rail transport,Metros and trams,GWh,2011,0.0
South Karelia,Rail transport,Metros and trams,GWh,2012,0.0
South Karelia,Rail transport,Metros and trams,GWh,2013,0.0
South Karelia,Rail transport,Metros and trams,GWh,2014,0.0
South Karelia,Rail transport,Metros and trams,GWh,2015,0.0
South Karelia,Rail transport,Metros and trams,GWh,2016,0.0
South Karelia,Rail transport,Metros and trams,GWh,2017,0.0
South Karelia,Rail transport,Metros and trams,GWh,2018,0.0
South Karelia,Rail transport,Metros and trams,GWh,2019,0.0
South Karelia,Rail transport,Metros and trams,GWh,2020,0.0
South Karelia,Rail transport,Metros and trams,GWh,2021,0.0
South Karelia,Rail transport,Metros and trams,GWh,2022,0.0
South Karelia,Rail transport,Metros and trams,GWh,2023,0.0
South Karelia,Rail transport,Metros and trams,GWh,2024,0.0
South Karelia,Water transport,Pleasure boats,GWh,1990,22.3
South Karelia,Water transport,Pleasure boats,GWh,2005,23.7
South Karelia,Water transport,Pleasure boats,GWh,2006,24.4
South Karelia,Water transport,Pleasure boats,GWh,2007,24.5
South Karelia,Water transport,Pleasure boats,GWh,2008,20.1
South Karelia,Water transport,Pleasure boats,GWh,2009,20.8
South Karelia,Water transport,Pleasure boats,GWh,2010,22.1
South Karelia,Water transport,Pleasure boats,GWh,2011,17.6
South Karelia,Water transport,Pleasure boats,GWh,2012,18.6
South Karelia,Water transport,Pleasure boats,GWh,2013,19.8
South Karelia,Water transport,Pleasure boats,GWh,2014,18.3
South Karelia,Water transport,Pleasure boats,GWh,2015,19.0
South Karelia,Water transport,Pleasure boats,GWh,2016,18.1
South Karelia,Water transport,Pleasure boats,GWh,2017,18.0
South Karelia,Water transport,Pleasure boats,GWh,2018,18.1
South Karelia,Water transport,Pleasure boats,GWh,2019,18.0
South Karelia,Water transport,Pleasure boats,GWh,2020,20.6
South Karelia,Water transport,Pleasure boats,GWh,2021,22.6
South Karelia,Water transport,Pleasure boats,GWh,2022,17.7
South Karelia,Water transport,Pleasure boats,GWh,2023,17.8
South Karelia,Water transport,Pleasure boats,GWh,2024,18.4
South Karelia,Water transport,Passenger traffic,GWh,1990,1.2
South Karelia,Water transport,Passenger traffic,GWh,2005,2.5
South Karelia,Water transport,Passenger traffic,GWh,2006,2.0
South Karelia,Water transport,Passenger traffic,GWh,2007,2.8
South Karelia,Water transport,Passenger traffic,GWh,2008,2.2
South Karelia,Water transport,Passenger traffic,GWh,2009,2.3
South Karelia,Water transport,Passenger traffic,GWh,2010,2.1
South Karelia,Water transport,Passenger traffic,GWh,2011,3.2
South Karelia,Water transport,Passenger traffic,GWh,2012,3.6
South Karelia,Water transport,Passenger traffic,GWh,2013,4.2
South Karelia,Water transport,Passenger traffic,GWh,2014,2.6
South Karelia,Water transport,Passenger traffic,GWh,2015,2.2
South Karelia,Water transport,Passenger traffic,GWh,2016,2.3
South Karelia,Water transport,Passenger traffic,GWh,2017,0.6
South Karelia,Water transport,Passenger traffic,GWh,2018,0.5
South Karelia,Water transport,Passenger traffic,GWh,2019,0.4
South Karelia,Water transport,Passenger traffic,GWh,2020,0.7
South Karelia,Water transport,Passenger traffic,GWh,2021,0.5
South Karelia,Water transport,Passenger traffic,GWh,2022,0.4
South Karelia,Water transport,Passenger traffic,GWh,2023,0.4
South Karelia,Water transport,Passenger traffic,GWh,2024,0.4
South Karelia,Water transport,Goods traffic,GWh,1990,2.4
South Karelia,Water transport,Goods traffic,GWh,2005,2.4
South Karelia,Water transport,Goods traffic,GWh,2006,2.0
South Karelia,Water transport,Goods traffic,GWh,2007,2.9
South Karelia,Water transport,Goods traffic,GWh,2008,2.1
South Karelia,Water transport,Goods traffic,GWh,2009,2.0
South Karelia,Water transport,Goods traffic,GWh,2010,2.3
South Karelia,Water transport,Goods traffic,GWh,2011,3.0
South Karelia,Water transport,Goods traffic,GWh,2012,3.5
South Karelia,Water transport,Goods traffic,GWh,2013,4.2
South Karelia,Water transport,Goods traffic,GWh,2014,3.5
South Karelia,Water transport,Goods traffic,GWh,2015,10.4
South Karelia,Water transport,Goods traffic,GWh,2016,7.6
South Karelia,Water transport,Goods traffic,GWh,2017,6.4
South Karelia,Water transport,Goods traffic,GWh,2018,6.7
South Karelia,Water transport,Goods traffic,GWh,2019,7.7
South Karelia,Water transport,Goods traffic,GWh,2020,3.5
South Karelia,Water transport,Goods traffic,GWh,2021,2.1
South Karelia,Water transport,Goods traffic,GWh,2022,2.4
South Karelia,Water transport,Goods traffic,GWh,2023,2.2
South Karelia,Water transport,Goods traffic,GWh,2024,2.1
South Karelia,Water transport,Fishing vessels,GWh,1990,0.0
South Karelia,Water transport,Fishing vessels,GWh,2005,0.0
South Karelia,Water transport,Fishing vessels,GWh,2006,0.0
South Karelia,Water transport,Fishing vessels,GWh,2007,0.0
South Karelia,Water transport,Fishing vessels,GWh,2008,0.0
South Karelia,Water transport,Fishing vessels,GWh,2009,0.0
South Karelia,Water transport,Fishing vessels,GWh,2010,0.0
South Karelia,Water transport,Fishing vessels,GWh,2011,0.0
South Karelia,Water transport,Fishing vessels,GWh,2012,0.0
South Karelia,Water transport,Fishing vessels,GWh,2013,0.0
South Karelia,Water transport,Fishing vessels,GWh,2014,0.0
South Karelia,Water transport,Fishing vessels,GWh,2015,0.0
South Karelia,Water transport,Fishing vessels,GWh,2016,0.0
South Karelia,Water transport,Fishing vessels,GWh,2017,0.0
South Karelia,Water transport,Fishing vessels,GWh,2018,0.0
South Karelia,Water transport,Fishing vessels,GWh,2019,0.0
South Karelia,Water transport,Fishing vessels,GWh,2020,0.0
South Karelia,Water transport,Fishing vessels,GWh,2021,0.0
South Karelia,Water transport,Fishing vessels,GWh,2022,0.0
South Karelia,Water transport,Fishing vessels,GWh,2023,0.0
South Karelia,Water transport,Fishing vessels,GWh,2024,0.0
South Karelia,Water transport,,GWh,1990,0.4
South Karelia,Water transport,,GWh,2005,0.4
South Karelia,Water transport,,GWh,2006,0.4
South Karelia,Water transport,,GWh,2007,0.4
South Karelia,Water transport,,GWh,2008,0.3
South Karelia,Water transport,,GWh,2009,0.4
South Karelia,Water transport,,GWh,2010,0.4
South Karelia,Water transport,,GWh,2011,0.4
South Karelia,Water transport,,GWh,2012,0.5
South Karelia,Water transport,,GWh,2013,0.5
South Karelia,Water transport,,GWh,2014,0.5
South Karelia,Water transport,,GWh,2015,0.5
South Karelia,Water transport,,GWh,2016,0.4
South Karelia,Water transport,,GWh,2017,0.5
South Karelia,Water transport,,GWh,2018,0.4
South Karelia,Water transport,,GWh,2019,0.5
South Karelia,Water transport,,GWh,2020,0.4
South Karelia,Water transport,,GWh,2021,0.4
South Karelia,Water transport,,GWh,2022,0.4
South Karelia,Water transport,,GWh,2023,0.4
South Karelia,Water transport,,GWh,2024,0.4
South Karelia,Water transport,Workboats and ships,GWh,1990,6.9
South Karelia,Water transport,Workboats and ships,GWh,2005,5.8
South Karelia,Water transport,Workboats and ships,GWh,2006,5.8
South Karelia,Water transport,Workboats and ships,GWh,2007,5.8
South Karelia,Water transport,Workboats and ships,GWh,2008,5.7
South Karelia,Water transport,Workboats and ships,GWh,2009,5.7
South Karelia,Water transport,Workboats and ships,GWh,2010,5.7
South Karelia,Water transport,Workboats and ships,GWh,2011,5.7
South Karelia,Water transport,Workboats and ships,GWh,2012,5.6
South Karelia,Water transport,Workboats and ships,GWh,2013,5.6
South Karelia,Water transport,Workboats and ships,GWh,2014,5.6
South Karelia,Water transport,Workboats and ships,GWh,2015,5.6
South Karelia,Water transport,Workboats and ships,GWh,2016,5.5
South Karelia,Water transport,Workboats and ships,GWh,2017,5.5
South Karelia,Water transport,Workboats and ships,GWh,2018,5.4
South Karelia,Water transport,Workboats and ships,GWh,2019,5.4
South Karelia,Water transport,Workboats and ships,GWh,2020,5.4
South Karelia,Water transport,Workboats and ships,GWh,2021,5.3
South Karelia,Water transport,Workboats and ships,GWh,2022,5.3
South Karelia,Water transport,Workboats and ships,GWh,2023,5.2
South Karelia,Water transport,Workboats and ships,GWh,2024,2.6
South Karelia,Emission credits,Wind power,GWh,1990,0.0
South Karelia,Emission credits,Wind power,GWh,2005,0.0
South Karelia,Emission credits,Wind power,GWh,2006,0.0
South Karelia,Emission credits,Wind power,GWh,2007,0.0
South Karelia,Emission credits,Wind power,GWh,2008,0.0
South Karelia,Emission credits,Wind power,GWh,2009,0.0
South Karelia,Emission credits,Wind power,GWh,2010,0.0
South Karelia,Emission credits,Wind power,GWh,2011,0.0
South Karelia,Emission credits,Wind power,GWh,2012,0.0
South Karelia,Emission credits,Wind power,GWh,2013,38.4
South Karelia,Emission credits,Wind power,GWh,2014,35.5
South Karelia,Emission credits,Wind power,GWh,2015,46.8
South Karelia,Emission credits,Wind power,GWh,2016,40.7
South Karelia,Emission credits,Wind power,GWh,2017,48.0
South Karelia,Emission credits,Wind power,GWh,2018,58.5
South Karelia,Emission credits,Wind power,GWh,2019,54.1
South Karelia,Emission credits,Wind power,GWh,2020,63.2
South Karelia,Emission credits,Wind power,GWh,2021,52.7
South Karelia,Emission credits,Wind power,GWh,2022,42.7
South Karelia,Emission credits,Wind power,GWh,2023,43.7
South Karelia,Emission credits,Wind power,GWh,2024,50.0
South Ostrobothnia,Electricity,Housing,GWh,1990,300.4
South Ostrobothnia,Electricity,Housing,GWh,2005,364.7
South Ostrobothnia,Electricity,Housing,GWh,2006,378.9
South Ostrobothnia,Electricity,Housing,GWh,2007,381.9
South Ostrobothnia,Electricity,Housing,GWh,2008,392.7
South Ostrobothnia,Electricity,Housing,GWh,2009,407.7
South Ostrobothnia,Electricity,Housing,GWh,2010,451.7
South Ostrobothnia,Electricity,Housing,GWh,2011,419.0
South Ostrobothnia,Electricity,Housing,GWh,2012,458.5
South Ostrobothnia,Electricity,Housing,GWh,2013,442.8
South Ostrobothnia,Electricity,Housing,GWh,2014,441.8
South Ostrobothnia,Electricity,Housing,GWh,2015,426.5
South Ostrobothnia,Electricity,Housing,GWh,2016,442.0
South Ostrobothnia,Electricity,Housing,GWh,2017,439.1
South Ostrobothnia,Electricity,Housing,GWh,2018,447.9
South Ostrobothnia,Electricity,Housing,GWh,2019,437.4
South Ostrobothnia,Electricity,Housing,GWh,2020,432.7
South Ostrobothnia,Electricity,Housing,GWh,2021,492.2
South Ostrobothnia,Electricity,Housing,GWh,2022,440.6
South Ostrobothnia,Electricity,Housing,GWh,2023,434.5
South Ostrobothnia,Electricity,Housing,GWh,2024,445.2
South Ostrobothnia,Electricity,Agriculture,GWh,1990,88.9
South Ostrobothnia,Electricity,Agriculture,GWh,2005,127.3
South Ostrobothnia,Electricity,Agriculture,GWh,2006,132.6
South Ostrobothnia,Electricity,Agriculture,GWh,2007,137.6
South Ostrobothnia,Electricity,Agriculture,GWh,2008,142.0
South Ostrobothnia,Electricity,Agriculture,GWh,2009,145.0
South Ostrobothnia,Electricity,Agriculture,GWh,2010,147.7
South Ostrobothnia,Electricity,Agriculture,GWh,2011,151.4
South Ostrobothnia,Electricity,Agriculture,GWh,2012,152.4
South Ostrobothnia,Electricity,Agriculture,GWh,2013,121.3
South Ostrobothnia,Electricity,Agriculture,GWh,2014,115.5
South Ostrobothnia,Electricity,Agriculture,GWh,2015,109.2
South Ostrobothnia,Electricity,Agriculture,GWh,2016,129.6
South Ostrobothnia,Electricity,Agriculture,GWh,2017,127.0
South Ostrobothnia,Electricity,Agriculture,GWh,2018,130.2
South Ostrobothnia,Electricity,Agriculture,GWh,2019,134.7
South Ostrobothnia,Electricity,Agriculture,GWh,2020,100.7
South Ostrobothnia,Electricity,Agriculture,GWh,2021,101.5
South Ostrobothnia,Electricity,Agriculture,GWh,2022,101.6
South Ostrobothnia,Electricity,Agriculture,GWh,2023,90.8
South Ostrobothnia,Electricity,Agriculture,GWh,2024,76.8
South Ostrobothnia,Electricity,Services,GWh,1990,269.9
South Ostrobothnia,Electricity,Services,GWh,2005,430.7
South Ostrobothnia,Electricity,Services,GWh,2006,456.5
South Ostrobothnia,Electricity,Services,GWh,2007,460.7
South Ostrobothnia,Electricity,Services,GWh,2008,470.3
South Ostrobothnia,Electricity,Services,GWh,2009,479.2
South Ostrobothnia,Electricity,Services,GWh,2010,502.7
South Ostrobothnia,Electricity,Services,GWh,2011,482.0
South Ostrobothnia,Electricity,Services,GWh,2012,497.4
South Ostrobothnia,Electricity,Services,GWh,2013,497.3
South Ostrobothnia,Electricity,Services,GWh,2014,489.3
South Ostrobothnia,Electricity,Services,GWh,2015,491.5
South Ostrobothnia,Electricity,Services,GWh,2016,521.0
South Ostrobothnia,Electricity,Services,GWh,2017,521.3
South Ostrobothnia,Electricity,Services,GWh,2018,512.4
South Ostrobothnia,Electricity,Services,GWh,2019,519.1
South Ostrobothnia,Electricity,Services,GWh,2020,508.7
South Ostrobothnia,Electricity,Services,GWh,2021,543.4
South Ostrobothnia,Electricity,Services,GWh,2022,556.4
South Ostrobothnia,Electricity,Services,GWh,2023,532.1
South Ostrobothnia,Electricity,Services,GWh,2024,596.2
South Ostrobothnia,Electricity,Industry,GWh,1990,284.4
South Ostrobothnia,Electricity,Industry,GWh,2005,497.9
South Ostrobothnia,Electricity,Industry,GWh,2006,545.2
South Ostrobothnia,Electricity,Industry,GWh,2007,540.7
South Ostrobothnia,Electricity,Industry,GWh,2008,527.7
South Ostrobothnia,Electricity,Industry,GWh,2009,498.4
South Ostrobothnia,Electricity,Industry,GWh,2010,528.8
South Ostrobothnia,Electricity,Industry,GWh,2011,512.5
South Ostrobothnia,Electricity,Industry,GWh,2012,516.1
South Ostrobothnia,Electricity,Industry,GWh,2013,529.3
South Ostrobothnia,Electricity,Industry,GWh,2014,530.2
South Ostrobothnia,Electricity,Industry,GWh,2015,524.8
South Ostrobothnia,Electricity,Industry,GWh,2016,543.9
South Ostrobothnia,Electricity,Industry,GWh,2017,547.8
South Ostrobothnia,Electricity,Industry,GWh,2018,558.5
South Ostrobothnia,Electricity,Industry,GWh,2019,585.2
South Ostrobothnia,Electricity,Industry,GWh,2020,574.1
South Ostrobothnia,Electricity,Industry,GWh,2021,587.5
South Ostrobothnia,Electricity,Industry,GWh,2022,566.5
South Ostrobothnia,Electricity,Industry,GWh,2023,545.2
South Ostrobothnia,Electricity,Industry,GWh,2024,553.9
South Ostrobothnia,Electric heating,Housing,GWh,1990,292.0
South Ostrobothnia,Electric heating,Housing,GWh,2005,364.3
South Ostrobothnia,Electric heating,Housing,GWh,2006,373.7
South Ostrobothnia,Electric heating,Housing,GWh,2007,370.8
South Ostrobothnia,Electric heating,Housing,GWh,2008,370.5
South Ostrobothnia,Electric heating,Housing,GWh,2009,382.1
South Ostrobothnia,Electric heating,Housing,GWh,2010,422.2
South Ostrobothnia,Electric heating,Housing,GWh,2011,383.9
South Ostrobothnia,Electric heating,Housing,GWh,2012,421.0
South Ostrobothnia,Electric heating,Housing,GWh,2013,396.5
South Ostrobothnia,Electric heating,Housing,GWh,2014,398.6
South Ostrobothnia,Electric heating,Housing,GWh,2015,379.8
South Ostrobothnia,Electric heating,Housing,GWh,2016,396.5
South Ostrobothnia,Electric heating,Housing,GWh,2017,386.4
South Ostrobothnia,Electric heating,Housing,GWh,2018,390.5
South Ostrobothnia,Electric heating,Housing,GWh,2019,386.3
South Ostrobothnia,Electric heating,Housing,GWh,2020,385.3
South Ostrobothnia,Electric heating,Housing,GWh,2021,432.6
South Ostrobothnia,Electric heating,Housing,GWh,2022,386.3
South Ostrobothnia,Electric heating,Housing,GWh,2023,382.2
South Ostrobothnia,Electric heating,Housing,GWh,2024,390.4
South Ostrobothnia,Electric heating,Agriculture,GWh,1990,11.0
South Ostrobothnia,Electric heating,Agriculture,GWh,2005,15.4
South Ostrobothnia,Electric heating,Agriculture,GWh,2006,15.9
South Ostrobothnia,Electric heating,Agriculture,GWh,2007,16.5
South Ostrobothnia,Electric heating,Agriculture,GWh,2008,16.2
South Ostrobothnia,Electric heating,Agriculture,GWh,2009,17.2
South Ostrobothnia,Electric heating,Agriculture,GWh,2010,17.8
South Ostrobothnia,Electric heating,Agriculture,GWh,2011,18.2
South Ostrobothnia,Electric heating,Agriculture,GWh,2012,18.0
South Ostrobothnia,Electric heating,Agriculture,GWh,2013,18.5
South Ostrobothnia,Electric heating,Agriculture,GWh,2014,18.1
South Ostrobothnia,Electric heating,Agriculture,GWh,2015,17.8
South Ostrobothnia,Electric heating,Agriculture,GWh,2016,17.6
South Ostrobothnia,Electric heating,Agriculture,GWh,2017,17.5
South Ostrobothnia,Electric heating,Agriculture,GWh,2018,17.8
South Ostrobothnia,Electric heating,Agriculture,GWh,2019,17.6
South Ostrobothnia,Electric heating,Agriculture,GWh,2020,17.9
South Ostrobothnia,Electric heating,Agriculture,GWh,2021,17.7
South Ostrobothnia,Electric heating,Agriculture,GWh,2022,17.7
South Ostrobothnia,Electric heating,Agriculture,GWh,2023,17.3
South Ostrobothnia,Electric heating,Agriculture,GWh,2024,14.5
South Ostrobothnia,Electric heating,Services,GWh,1990,50.8
South Ostrobothnia,Electric heating,Services,GWh,2005,64.7
South Ostrobothnia,Electric heating,Services,GWh,2006,53.0
South Ostrobothnia,Electric heating,Services,GWh,2007,56.6
South Ostrobothnia,Electric heating,Services,GWh,2008,56.7
South Ostrobothnia,Electric heating,Services,GWh,2009,57.1
South Ostrobothnia,Electric heating,Services,GWh,2010,59.4
South Ostrobothnia,Electric heating,Services,GWh,2011,57.9
South Ostrobothnia,Electric heating,Services,GWh,2012,59.3
South Ostrobothnia,Electric heating,Services,GWh,2013,58.9
South Ostrobothnia,Electric heating,Services,GWh,2014,59.2
South Ostrobothnia,Electric heating,Services,GWh,2015,59.4
South Ostrobothnia,Electric heating,Services,GWh,2016,60.0
South Ostrobothnia,Electric heating,Services,GWh,2017,59.6
South Ostrobothnia,Electric heating,Services,GWh,2018,59.6
South Ostrobothnia,Electric heating,Services,GWh,2019,60.2
South Ostrobothnia,Electric heating,Services,GWh,2020,56.6
South Ostrobothnia,Electric heating,Services,GWh,2021,60.3
South Ostrobothnia,Electric heating,Services,GWh,2022,61.4
South Ostrobothnia,Electric heating,Services,GWh,2023,60.8
South Ostrobothnia,Electric heating,Services,GWh,2024,60.2
South Ostrobothnia,District heating,Housing,GWh,1990,147.0
South Ostrobothnia,District heating,Housing,GWh,2005,317.3
South Ostrobothnia,District heating,Housing,GWh,2006,360.1
South Ostrobothnia,District heating,Housing,GWh,2007,376.6
South Ostrobothnia,District heating,Housing,GWh,2008,394.1
South Ostrobothnia,District heating,Housing,GWh,2009,439.5
South Ostrobothnia,District heating,Housing,GWh,2010,494.7
South Ostrobothnia,District heating,Housing,GWh,2011,439.5
South Ostrobothnia,District heating,Housing,GWh,2012,497.7
South Ostrobothnia,District heating,Housing,GWh,2013,470.9
South Ostrobothnia,District heating,Housing,GWh,2014,480.4
South Ostrobothnia,District heating,Housing,GWh,2015,462.9
South Ostrobothnia,District heating,Housing,GWh,2016,515.6
South Ostrobothnia,District heating,Housing,GWh,2017,515.1
South Ostrobothnia,District heating,Housing,GWh,2018,527.8
South Ostrobothnia,District heating,Housing,GWh,2019,526.7
South Ostrobothnia,District heating,Housing,GWh,2020,484.0
South Ostrobothnia,District heating,Housing,GWh,2021,564.1
South Ostrobothnia,District heating,Housing,GWh,2022,519.1
South Ostrobothnia,District heating,Housing,GWh,2023,542.7
South Ostrobothnia,District heating,Housing,GWh,2024,528.5
South Ostrobothnia,District heating,Agriculture,GWh,1990,5.4
South Ostrobothnia,District heating,Agriculture,GWh,2005,10.2
South Ostrobothnia,District heating,Agriculture,GWh,2006,10.6
South Ostrobothnia,District heating,Agriculture,GWh,2007,11.5
South Ostrobothnia,District heating,Agriculture,GWh,2008,11.3
South Ostrobothnia,District heating,Agriculture,GWh,2009,11.4
South Ostrobothnia,District heating,Agriculture,GWh,2010,12.2
South Ostrobothnia,District heating,Agriculture,GWh,2011,10.2
South Ostrobothnia,District heating,Agriculture,GWh,2012,11.0
South Ostrobothnia,District heating,Agriculture,GWh,2013,10.1
South Ostrobothnia,District heating,Agriculture,GWh,2014,10.1
South Ostrobothnia,District heating,Agriculture,GWh,2015,9.6
South Ostrobothnia,District heating,Agriculture,GWh,2016,10.7
South Ostrobothnia,District heating,Agriculture,GWh,2017,10.6
South Ostrobothnia,District heating,Agriculture,GWh,2018,10.5
South Ostrobothnia,District heating,Agriculture,GWh,2019,13.4
South Ostrobothnia,District heating,Agriculture,GWh,2020,13.0
South Ostrobothnia,District heating,Agriculture,GWh,2021,14.9
South Ostrobothnia,District heating,Agriculture,GWh,2022,14.1
South Ostrobothnia,District heating,Agriculture,GWh,2023,14.0
South Ostrobothnia,District heating,Agriculture,GWh,2024,13.6
South Ostrobothnia,District heating,Services,GWh,1990,213.9
South Ostrobothnia,District heating,Services,GWh,2005,297.5
South Ostrobothnia,District heating,Services,GWh,2006,284.7
South Ostrobothnia,District heating,Services,GWh,2007,300.6
South Ostrobothnia,District heating,Services,GWh,2008,295.4
South Ostrobothnia,District heating,Services,GWh,2009,343.4
South Ostrobothnia,District heating,Services,GWh,2010,411.2
South Ostrobothnia,District heating,Services,GWh,2011,354.2
South Ostrobothnia,District heating,Services,GWh,2012,403.2
South Ostrobothnia,District heating,Services,GWh,2013,375.9
South Ostrobothnia,District heating,Services,GWh,2014,380.2
South Ostrobothnia,District heating,Services,GWh,2015,363.0
South Ostrobothnia,District heating,Services,GWh,2016,405.6
South Ostrobothnia,District heating,Services,GWh,2017,415.0
South Ostrobothnia,District heating,Services,GWh,2018,427.0
South Ostrobothnia,District heating,Services,GWh,2019,423.5
South Ostrobothnia,District heating,Services,GWh,2020,383.6
South Ostrobothnia,District heating,Services,GWh,2021,451.0
South Ostrobothnia,District heating,Services,GWh,2022,436.5
South Ostrobothnia,District heating,Services,GWh,2023,447.4
South Ostrobothnia,District heating,Services,GWh,2024,442.9
South Ostrobothnia,District heating,Industry,GWh,1990,52.6
South Ostrobothnia,District heating,Industry,GWh,2005,85.4
South Ostrobothnia,District heating,Industry,GWh,2006,78.1
South Ostrobothnia,District heating,Industry,GWh,2007,76.8
South Ostrobothnia,District heating,Industry,GWh,2008,81.4
South Ostrobothnia,District heating,Industry,GWh,2009,97.6
South Ostrobothnia,District heating,Industry,GWh,2010,113.1
South Ostrobothnia,District heating,Industry,GWh,2011,94.3
South Ostrobothnia,District heating,Industry,GWh,2012,104.6
South Ostrobothnia,District heating,Industry,GWh,2013,98.4
South Ostrobothnia,District heating,Industry,GWh,2014,100.6
South Ostrobothnia,District heating,Industry,GWh,2015,97.6
South Ostrobothnia,District heating,Industry,GWh,2016,112.5
South Ostrobothnia,District heating,Industry,GWh,2017,110.6
South Ostrobothnia,District heating,Industry,GWh,2018,114.1
South Ostrobothnia,District heating,Industry,GWh,2019,118.8
South Ostrobothnia,District heating,Industry,GWh,2020,109.6
South Ostrobothnia,District heating,Industry,GWh,2021,130.4
South Ostrobothnia,District heating,Industry,GWh,2022,123.1
South Ostrobothnia,District heating,Industry,GWh,2023,131.8
South Ostrobothnia,District heating,Industry,GWh,2024,128.4
South Ostrobothnia,Oil heating,Housing,GWh,1990,632.6
South Ostrobothnia,Oil heating,Housing,GWh,2005,474.7
South Ostrobothnia,Oil heating,Housing,GWh,2006,469.5
South Ostrobothnia,Oil heating,Housing,GWh,2007,450.8
South Ostrobothnia,Oil heating,Housing,GWh,2008,332.9
South Ostrobothnia,Oil heating,Housing,GWh,2009,337.1
South Ostrobothnia,Oil heating,Housing,GWh,2010,370.5
South Ostrobothnia,Oil heating,Housing,GWh,2011,274.3
South Ostrobothnia,Oil heating,Housing,GWh,2012,291.2
South Ostrobothnia,Oil heating,Housing,GWh,2013,248.5
South Ostrobothnia,Oil heating,Housing,GWh,2014,242.5
South Ostrobothnia,Oil heating,Housing,GWh,2015,215.2
South Ostrobothnia,Oil heating,Housing,GWh,2016,224.2
South Ostrobothnia,Oil heating,Housing,GWh,2017,213.1
South Ostrobothnia,Oil heating,Housing,GWh,2018,193.8
South Ostrobothnia,Oil heating,Housing,GWh,2019,176.7
South Ostrobothnia,Oil heating,Housing,GWh,2020,156.4
South Ostrobothnia,Oil heating,Housing,GWh,2021,143.3
South Ostrobothnia,Oil heating,Housing,GWh,2022,105.0
South Ostrobothnia,Oil heating,Housing,GWh,2023,52.6
South Ostrobothnia,Oil heating,Housing,GWh,2024,44.1
South Ostrobothnia,Oil heating,Agriculture,GWh,1990,136.7
South Ostrobothnia,Oil heating,Agriculture,GWh,2005,67.3
South Ostrobothnia,Oil heating,Agriculture,GWh,2006,61.9
South Ostrobothnia,Oil heating,Agriculture,GWh,2007,55.8
South Ostrobothnia,Oil heating,Agriculture,GWh,2008,50.9
South Ostrobothnia,Oil heating,Agriculture,GWh,2009,54.1
South Ostrobothnia,Oil heating,Agriculture,GWh,2010,65.4
South Ostrobothnia,Oil heating,Agriculture,GWh,2011,52.2
South Ostrobothnia,Oil heating,Agriculture,GWh,2012,60.1
South Ostrobothnia,Oil heating,Agriculture,GWh,2013,41.1
South Ostrobothnia,Oil heating,Agriculture,GWh,2014,41.0
South Ostrobothnia,Oil heating,Agriculture,GWh,2015,37.7
South Ostrobothnia,Oil heating,Agriculture,GWh,2016,30.6
South Ostrobothnia,Oil heating,Agriculture,GWh,2017,27.1
South Ostrobothnia,Oil heating,Agriculture,GWh,2018,29.0
South Ostrobothnia,Oil heating,Agriculture,GWh,2019,28.5
South Ostrobothnia,Oil heating,Agriculture,GWh,2020,25.0
South Ostrobothnia,Oil heating,Agriculture,GWh,2021,30.6
South Ostrobothnia,Oil heating,Agriculture,GWh,2022,29.4
South Ostrobothnia,Oil heating,Agriculture,GWh,2023,28.4
South Ostrobothnia,Oil heating,Agriculture,GWh,2024,19.4
South Ostrobothnia,Oil heating,Services,GWh,1990,285.7
South Ostrobothnia,Oil heating,Services,GWh,2005,207.1
South Ostrobothnia,Oil heating,Services,GWh,2006,208.6
South Ostrobothnia,Oil heating,Services,GWh,2007,199.9
South Ostrobothnia,Oil heating,Services,GWh,2008,156.0
South Ostrobothnia,Oil heating,Services,GWh,2009,169.9
South Ostrobothnia,Oil heating,Services,GWh,2010,186.7
South Ostrobothnia,Oil heating,Services,GWh,2011,158.6
South Ostrobothnia,Oil heating,Services,GWh,2012,178.5
South Ostrobothnia,Oil heating,Services,GWh,2013,157.9
South Ostrobothnia,Oil heating,Services,GWh,2014,159.4
South Ostrobothnia,Oil heating,Services,GWh,2015,149.0
South Ostrobothnia,Oil heating,Services,GWh,2016,166.2
South Ostrobothnia,Oil heating,Services,GWh,2017,163.6
South Ostrobothnia,Oil heating,Services,GWh,2018,165.0
South Ostrobothnia,Oil heating,Services,GWh,2019,163.0
South Ostrobothnia,Oil heating,Services,GWh,2020,148.3
South Ostrobothnia,Oil heating,Services,GWh,2021,181.4
South Ostrobothnia,Oil heating,Services,GWh,2022,174.7
South Ostrobothnia,Oil heating,Services,GWh,2023,172.1
South Ostrobothnia,Oil heating,Services,GWh,2024,167.5
South Ostrobothnia,Other heating,Housing,GWh,1990,822.5
South Ostrobothnia,Other heating,Housing,GWh,2005,1120.5
South Ostrobothnia,Other heating,Housing,GWh,2006,1071.2
South Ostrobothnia,Other heating,Housing,GWh,2007,1124.4
South Ostrobothnia,Other heating,Housing,GWh,2008,1078.0
South Ostrobothnia,Other heating,Housing,GWh,2009,1142.1
South Ostrobothnia,Other heating,Housing,GWh,2010,1275.6
South Ostrobothnia,Other heating,Housing,GWh,2011,1070.8
South Ostrobothnia,Other heating,Housing,GWh,2012,1169.1
South Ostrobothnia,Other heating,Housing,GWh,2013,1087.4
South Ostrobothnia,Other heating,Housing,GWh,2014,1104.1
South Ostrobothnia,Other heating,Housing,GWh,2015,1032.8
South Ostrobothnia,Other heating,Housing,GWh,2016,1129.1
South Ostrobothnia,Other heating,Housing,GWh,2017,1084.1
South Ostrobothnia,Other heating,Housing,GWh,2018,1072.7
South Ostrobothnia,Other heating,Housing,GWh,2019,1051.0
South Ostrobothnia,Other heating,Housing,GWh,2020,947.8
South Ostrobothnia,Other heating,Housing,GWh,2021,1060.4
South Ostrobothnia,Other heating,Housing,GWh,2022,970.1
South Ostrobothnia,Other heating,Housing,GWh,2023,920.1
South Ostrobothnia,Other heating,Housing,GWh,2024,870.2
South Ostrobothnia,Other heating,Agriculture,GWh,1990,358.9
South Ostrobothnia,Other heating,Agriculture,GWh,2005,472.5
South Ostrobothnia,Other heating,Agriculture,GWh,2006,453.1
South Ostrobothnia,Other heating,Agriculture,GWh,2007,498.7
South Ostrobothnia,Other heating,Agriculture,GWh,2008,506.2
South Ostrobothnia,Other heating,Agriculture,GWh,2009,598.5
South Ostrobothnia,Other heating,Agriculture,GWh,2010,685.9
South Ostrobothnia,Other heating,Agriculture,GWh,2011,558.3
South Ostrobothnia,Other heating,Agriculture,GWh,2012,630.9
South Ostrobothnia,Other heating,Agriculture,GWh,2013,652.2
South Ostrobothnia,Other heating,Agriculture,GWh,2014,612.9
South Ostrobothnia,Other heating,Agriculture,GWh,2015,574.6
South Ostrobothnia,Other heating,Agriculture,GWh,2016,623.2
South Ostrobothnia,Other heating,Agriculture,GWh,2017,624.3
South Ostrobothnia,Other heating,Agriculture,GWh,2018,609.3
South Ostrobothnia,Other heating,Agriculture,GWh,2019,610.9
South Ostrobothnia,Other heating,Agriculture,GWh,2020,513.6
South Ostrobothnia,Other heating,Agriculture,GWh,2021,510.1
South Ostrobothnia,Other heating,Agriculture,GWh,2022,510.5
South Ostrobothnia,Other heating,Agriculture,GWh,2023,482.2
South Ostrobothnia,Other heating,Agriculture,GWh,2024,398.1
South Ostrobothnia,Other heating,Services,GWh,1990,241.0
South Ostrobothnia,Other heating,Services,GWh,2005,76.7
South Ostrobothnia,Other heating,Services,GWh,2006,75.2
South Ostrobothnia,Other heating,Services,GWh,2007,73.0
South Ostrobothnia,Other heating,Services,GWh,2008,80.5
South Ostrobothnia,Other heating,Services,GWh,2009,94.9
South Ostrobothnia,Other heating,Services,GWh,2010,107.3
South Ostrobothnia,Other heating,Services,GWh,2011,86.2
South Ostrobothnia,Other heating,Services,GWh,2012,91.2
South Ostrobothnia,Other heating,Services,GWh,2013,90.4
South Ostrobothnia,Other heating,Services,GWh,2014,92.3
South Ostrobothnia,Other heating,Services,GWh,2015,81.3
South Ostrobothnia,Other heating,Services,GWh,2016,90.6
South Ostrobothnia,Other heating,Services,GWh,2017,89.7
South Ostrobothnia,Other heating,Services,GWh,2018,90.8
South Ostrobothnia,Other heating,Services,GWh,2019,91.1
South Ostrobothnia,Other heating,Services,GWh,2020,84.5
South Ostrobothnia,Other heating,Services,GWh,2021,101.2
South Ostrobothnia,Other heating,Services,GWh,2022,96.6
South Ostrobothnia,Other heating,Services,GWh,2023,90.3
South Ostrobothnia,Other heating,Services,GWh,2024,86.8
South Ostrobothnia,Industry,Industrial fuels,GWh,1990,662.7
South Ostrobothnia,Industry,Industrial fuels,GWh,2005,652.9
South Ostrobothnia,Industry,Industrial fuels,GWh,2006,639.5
South Ostrobothnia,Industry,Industrial fuels,GWh,2007,663.5
South Ostrobothnia,Industry,Industrial fuels,GWh,2008,646.3
South Ostrobothnia,Industry,Industrial fuels,GWh,2009,549.1
South Ostrobothnia,Industry,Industrial fuels,GWh,2010,649.5
South Ostrobothnia,Industry,Industrial fuels,GWh,2011,636.6
South Ostrobothnia,Industry,Industrial fuels,GWh,2012,611.3
South Ostrobothnia,Industry,Industrial fuels,GWh,2013,624.6
South Ostrobothnia,Industry,Industrial fuels,GWh,2014,608.0
South Ostrobothnia,Industry,Industrial fuels,GWh,2015,674.5
South Ostrobothnia,Industry,Industrial fuels,GWh,2016,638.6
South Ostrobothnia,Industry,Industrial fuels,GWh,2017,726.9
South Ostrobothnia,Industry,Industrial fuels,GWh,2018,690.1
South Ostrobothnia,Industry,Industrial fuels,GWh,2019,632.4
South Ostrobothnia,Industry,Industrial fuels,GWh,2020,568.6
South Ostrobothnia,Industry,Industrial fuels,GWh,2021,537.1
South Ostrobothnia,Industry,Industrial fuels,GWh,2022,556.4
South Ostrobothnia,Industry,Industrial fuels,GWh,2023,552.3
South Ostrobothnia,Industry,Industrial fuels,GWh,2024,617.6
South Ostrobothnia,Machinery,Mining and industrial machinery,GWh,1990,101.9
South Ostrobothnia,Machinery,Mining and industrial machinery,GWh,2005,104.1
South Ostrobothnia,Machinery,Mining and industrial machinery,GWh,2006,102.8
South Ostrobothnia,Machinery,Mining and industrial machinery,GWh,2007,105.6
South Ostrobothnia,Machinery,Mining and industrial machinery,GWh,2008,108.0
South Ostrobothnia,Machinery,Mining and industrial machinery,GWh,2009,94.1
South Ostrobothnia,Machinery,Mining and industrial machinery,GWh,2010,97.6
South Ostrobothnia,Machinery,Mining and industrial machinery,GWh,2011,95.6
South Ostrobothnia,Machinery,Mining and industrial machinery,GWh,2012,90.7
South Ostrobothnia,Machinery,Mining and industrial machinery,GWh,2013,87.2
South Ostrobothnia,Machinery,Mining and industrial machinery,GWh,2014,84.5
South Ostrobothnia,Machinery,Mining and industrial machinery,GWh,2015,83.7
South Ostrobothnia,Machinery,Mining and industrial machinery,GWh,2016,80.0
South Ostrobothnia,Machinery,Mining and industrial machinery,GWh,2017,83.0
South Ostrobothnia,Machinery,Mining and industrial machinery,GWh,2018,81.5
South Ostrobothnia,Machinery,Mining and industrial machinery,GWh,2019,83.9
South Ostrobothnia,Machinery,Mining and industrial machinery,GWh,2020,83.4
South Ostrobothnia,Machinery,Mining and industrial machinery,GWh,2021,77.9
South Ostrobothnia,Machinery,Mining and industrial machinery,GWh,2022,79.0
South Ostrobothnia,Machinery,Mining and industrial machinery,GWh,2023,76.6
South Ostrobothnia,Machinery,Mining and industrial machinery,GWh,2024,78.0
South Ostrobothnia,Machinery,Agricultural and forestry machinery,GWh,1990,329.3
South Ostrobothnia,Machinery,Agricultural and forestry machinery,GWh,2005,332.0
South Ostrobothnia,Machinery,Agricultural and forestry machinery,GWh,2006,337.6
South Ostrobothnia,Machinery,Agricultural and forestry machinery,GWh,2007,342.9
South Ostrobothnia,Machinery,Agricultural and forestry machinery,GWh,2008,338.2
South Ostrobothnia,Machinery,Agricultural and forestry machinery,GWh,2009,313.8
South Ostrobothnia,Machinery,Agricultural and forestry machinery,GWh,2010,309.0
South Ostrobothnia,Machinery,Agricultural and forestry machinery,GWh,2011,299.6
South Ostrobothnia,Machinery,Agricultural and forestry machinery,GWh,2012,315.4
South Ostrobothnia,Machinery,Agricultural and forestry machinery,GWh,2013,324.4
South Ostrobothnia,Machinery,Agricultural and forestry machinery,GWh,2014,315.3
South Ostrobothnia,Machinery,Agricultural and forestry machinery,GWh,2015,320.2
South Ostrobothnia,Machinery,Agricultural and forestry machinery,GWh,2016,312.7
South Ostrobothnia,Machinery,Agricultural and forestry machinery,GWh,2017,307.5
South Ostrobothnia,Machinery,Agricultural and forestry machinery,GWh,2018,287.6
South Ostrobothnia,Machinery,Agricultural and forestry machinery,GWh,2019,300.0
South Ostrobothnia,Machinery,Agricultural and forestry machinery,GWh,2020,289.0
South Ostrobothnia,Machinery,Agricultural and forestry machinery,GWh,2021,278.7
South Ostrobothnia,Machinery,Agricultural and forestry machinery,GWh,2022,281.2
South Ostrobothnia,Machinery,Agricultural and forestry machinery,GWh,2023,282.1
South Ostrobothnia,Machinery,Agricultural and forestry machinery,GWh,2024,283.8
South Ostrobothnia,Machinery,Other machinery,GWh,1990,22.4
South Ostrobothnia,Machinery,Other machinery,GWh,2005,25.6
South Ostrobothnia,Machinery,Other machinery,GWh,2006,26.0
South Ostrobothnia,Machinery,Other machinery,GWh,2007,26.1
South Ostrobothnia,Machinery,Other machinery,GWh,2008,25.0
South Ostrobothnia,Machinery,Other machinery,GWh,2009,23.6
South Ostrobothnia,Machinery,Other machinery,GWh,2010,23.2
South Ostrobothnia,Machinery,Other machinery,GWh,2011,24.5
South Ostrobothnia,Machinery,Other machinery,GWh,2012,25.5
South Ostrobothnia,Machinery,Other machinery,GWh,2013,26.1
South Ostrobothnia,Machinery,Other machinery,GWh,2014,25.6
South Ostrobothnia,Machinery,Other machinery,GWh,2015,26.4
South Ostrobothnia,Machinery,Other machinery,GWh,2016,26.4
South Ostrobothnia,Machinery,Other machinery,GWh,2017,26.0
South Ostrobothnia,Machinery,Other machinery,GWh,2018,24.4
South Ostrobothnia,Machinery,Other machinery,GWh,2019,24.9
South Ostrobothnia,Machinery,Other machinery,GWh,2020,24.9
South Ostrobothnia,Machinery,Other machinery,GWh,2021,23.4
South Ostrobothnia,Machinery,Other machinery,GWh,2022,23.8
South Ostrobothnia,Machinery,Other machinery,GWh,2023,23.1
South Ostrobothnia,Machinery,Other machinery,GWh,2024,21.8
South Ostrobothnia,Machinery,Construction machinery,GWh,1990,62.3
South Ostrobothnia,Machinery,Construction machinery,GWh,2005,66.3
South Ostrobothnia,Machinery,Construction machinery,GWh,2006,73.9
South Ostrobothnia,Machinery,Construction machinery,GWh,2007,74.2
South Ostrobothnia,Machinery,Construction machinery,GWh,2008,76.2
South Ostrobothnia,Machinery,Construction machinery,GWh,2009,84.8
South Ostrobothnia,Machinery,Construction machinery,GWh,2010,93.5
South Ostrobothnia,Machinery,Construction machinery,GWh,2011,83.4
South Ostrobothnia,Machinery,Construction machinery,GWh,2012,86.2
South Ostrobothnia,Machinery,Construction machinery,GWh,2013,94.1
South Ostrobothnia,Machinery,Construction machinery,GWh,2014,80.3
South Ostrobothnia,Machinery,Construction machinery,GWh,2015,67.5
South Ostrobothnia,Machinery,Construction machinery,GWh,2016,77.9
South Ostrobothnia,Machinery,Construction machinery,GWh,2017,75.8
South Ostrobothnia,Machinery,Construction machinery,GWh,2018,83.0
South Ostrobothnia,Machinery,Construction machinery,GWh,2019,109.4
South Ostrobothnia,Machinery,Construction machinery,GWh,2020,75.3
South Ostrobothnia,Machinery,Construction machinery,GWh,2021,63.7
South Ostrobothnia,Machinery,Construction machinery,GWh,2022,62.5
South Ostrobothnia,Machinery,Construction machinery,GWh,2023,48.6
South Ostrobothnia,Machinery,Construction machinery,GWh,2024,73.7
South Ostrobothnia,Machinery,Road construction machinery,GWh,1990,79.3
South Ostrobothnia,Machinery,Road construction machinery,GWh,2005,85.8
South Ostrobothnia,Machinery,Road construction machinery,GWh,2006,86.6
South Ostrobothnia,Machinery,Road construction machinery,GWh,2007,89.4
South Ostrobothnia,Machinery,Road construction machinery,GWh,2008,94.9
South Ostrobothnia,Machinery,Road construction machinery,GWh,2009,94.2
South Ostrobothnia,Machinery,Road construction machinery,GWh,2010,92.5
South Ostrobothnia,Machinery,Road construction machinery,GWh,2011,84.9
South Ostrobothnia,Machinery,Road construction machinery,GWh,2012,92.7
South Ostrobothnia,Machinery,Road construction machinery,GWh,2013,91.4
South Ostrobothnia,Machinery,Road construction machinery,GWh,2014,89.3
South Ostrobothnia,Machinery,Road construction machinery,GWh,2015,89.6
South Ostrobothnia,Machinery,Road construction machinery,GWh,2016,85.0
South Ostrobothnia,Machinery,Road construction machinery,GWh,2017,97.7
South Ostrobothnia,Machinery,Road construction machinery,GWh,2018,100.8
South Ostrobothnia,Machinery,Road construction machinery,GWh,2019,104.7
South Ostrobothnia,Machinery,Road construction machinery,GWh,2020,107.7
South Ostrobothnia,Machinery,Road construction machinery,GWh,2021,104.2
South Ostrobothnia,Machinery,Road construction machinery,GWh,2022,108.9
South Ostrobothnia,Machinery,Road construction machinery,GWh,2023,108.4
South Ostrobothnia,Machinery,Road construction machinery,GWh,2024,107.3
South Ostrobothnia,Road transport,Passenger cars,GWh,1990,1104.8
South Ostrobothnia,Road transport,Passenger cars,GWh,2005,1114.8
South Ostrobothnia,Road transport,Passenger cars,GWh,2006,1121.7
South Ostrobothnia,Road transport,Passenger cars,GWh,2007,1140.2
South Ostrobothnia,Road transport,Passenger cars,GWh,2008,1109.0
South Ostrobothnia,Road transport,Passenger cars,GWh,2009,1120.4
South Ostrobothnia,Road transport,Passenger cars,GWh,2010,1121.3
South Ostrobothnia,Road transport,Passenger cars,GWh,2011,1097.5
South Ostrobothnia,Road transport,Passenger cars,GWh,2012,1092.6
South Ostrobothnia,Road transport,Passenger cars,GWh,2013,1109.7
South Ostrobothnia,Road transport,Passenger cars,GWh,2014,1101.3
South Ostrobothnia,Road transport,Passenger cars,GWh,2015,1096.6
South Ostrobothnia,Road transport,Passenger cars,GWh,2016,1093.8
South Ostrobothnia,Road transport,Passenger cars,GWh,2017,1100.7
South Ostrobothnia,Road transport,Passenger cars,GWh,2018,1098.2
South Ostrobothnia,Road transport,Passenger cars,GWh,2019,1080.9
South Ostrobothnia,Road transport,Passenger cars,GWh,2020,1006.1
South Ostrobothnia,Road transport,Passenger cars,GWh,2021,1029.3
South Ostrobothnia,Road transport,Passenger cars,GWh,2022,972.8
South Ostrobothnia,Road transport,Passenger cars,GWh,2023,962.8
South Ostrobothnia,Road transport,Passenger cars,GWh,2024,961.6
South Ostrobothnia,Road transport,Trucks,GWh,1990,467.2
South Ostrobothnia,Road transport,Trucks,GWh,2005,583.0
South Ostrobothnia,Road transport,Trucks,GWh,2006,599.8
South Ostrobothnia,Road transport,Trucks,GWh,2007,643.5
South Ostrobothnia,Road transport,Trucks,GWh,2008,615.3
South Ostrobothnia,Road transport,Trucks,GWh,2009,544.1
South Ostrobothnia,Road transport,Trucks,GWh,2010,619.3
South Ostrobothnia,Road transport,Trucks,GWh,2011,648.2
South Ostrobothnia,Road transport,Trucks,GWh,2012,621.9
South Ostrobothnia,Road transport,Trucks,GWh,2013,622.6
South Ostrobothnia,Road transport,Trucks,GWh,2014,584.4
South Ostrobothnia,Road transport,Trucks,GWh,2015,594.9
South Ostrobothnia,Road transport,Trucks,GWh,2016,632.5
South Ostrobothnia,Road transport,Trucks,GWh,2017,581.1
South Ostrobothnia,Road transport,Trucks,GWh,2018,590.7
South Ostrobothnia,Road transport,Trucks,GWh,2019,573.3
South Ostrobothnia,Road transport,Trucks,GWh,2020,561.6
South Ostrobothnia,Road transport,Trucks,GWh,2021,598.6
South Ostrobothnia,Road transport,Trucks,GWh,2022,579.8
South Ostrobothnia,Road transport,Trucks,GWh,2023,549.0
South Ostrobothnia,Road transport,Trucks,GWh,2024,550.3
South Ostrobothnia,Road transport,Buses,GWh,1990,16.3
South Ostrobothnia,Road transport,Buses,GWh,2005,61.7
South Ostrobothnia,Road transport,Buses,GWh,2006,62.7
South Ostrobothnia,Road transport,Buses,GWh,2007,63.5
South Ostrobothnia,Road transport,Buses,GWh,2008,63.0
South Ostrobothnia,Road transport,Buses,GWh,2009,64.4
South Ostrobothnia,Road transport,Buses,GWh,2010,59.9
South Ostrobothnia,Road transport,Buses,GWh,2011,61.0
South Ostrobothnia,Road transport,Buses,GWh,2012,58.1
South Ostrobothnia,Road transport,Buses,GWh,2013,56.7
South Ostrobothnia,Road transport,Buses,GWh,2014,55.8
South Ostrobothnia,Road transport,Buses,GWh,2015,50.5
South Ostrobothnia,Road transport,Buses,GWh,2016,52.5
South Ostrobothnia,Road transport,Buses,GWh,2017,49.2
South Ostrobothnia,Road transport,Buses,GWh,2018,46.3
South Ostrobothnia,Road transport,Buses,GWh,2019,45.2
South Ostrobothnia,Road transport,Buses,GWh,2020,38.2
South Ostrobothnia,Road transport,Buses,GWh,2021,32.6
South Ostrobothnia,Road transport,Buses,GWh,2022,35.4
South Ostrobothnia,Road transport,Buses,GWh,2023,36.1
South Ostrobothnia,Road transport,Buses,GWh,2024,34.0
South Ostrobothnia,Road transport,Vancouver vans,GWh,1990,184.2
South Ostrobothnia,Road transport,Vancouver vans,GWh,2005,150.8
South Ostrobothnia,Road transport,Vancouver vans,GWh,2006,152.6
South Ostrobothnia,Road transport,Vancouver vans,GWh,2007,154.8
South Ostrobothnia,Road transport,Vancouver vans,GWh,2008,154.4
South Ostrobothnia,Road transport,Vancouver vans,GWh,2009,157.3
South Ostrobothnia,Road transport,Vancouver vans,GWh,2010,159.4
South Ostrobothnia,Road transport,Vancouver vans,GWh,2011,158.9
South Ostrobothnia,Road transport,Vancouver vans,GWh,2012,156.9
South Ostrobothnia,Road transport,Vancouver vans,GWh,2013,156.8
South Ostrobothnia,Road transport,Vancouver vans,GWh,2014,160.1
South Ostrobothnia,Road transport,Vancouver vans,GWh,2015,162.6
South Ostrobothnia,Road transport,Vancouver vans,GWh,2016,161.5
South Ostrobothnia,Road transport,Vancouver vans,GWh,2017,189.7
South Ostrobothnia,Road transport,Vancouver vans,GWh,2018,191.6
South Ostrobothnia,Road transport,Vancouver vans,GWh,2019,189.5
South Ostrobothnia,Road transport,Vancouver vans,GWh,2020,186.3
South Ostrobothnia,Road transport,Vancouver vans,GWh,2021,199.0
South Ostrobothnia,Road transport,Vancouver vans,GWh,2022,185.9
South Ostrobothnia,Road transport,Vancouver vans,GWh,2023,185.0
South Ostrobothnia,Road transport,Vancouver vans,GWh,2024,187.3
South Ostrobothnia,Road transport,Drive-through traffic,GWh,1990,35.2
South Ostrobothnia,Road transport,Drive-through traffic,GWh,2005,58.7
South Ostrobothnia,Road transport,Drive-through traffic,GWh,2006,55.5
South Ostrobothnia,Road transport,Drive-through traffic,GWh,2007,53.0
South Ostrobothnia,Road transport,Drive-through traffic,GWh,2008,55.4
South Ostrobothnia,Road transport,Drive-through traffic,GWh,2009,49.2
South Ostrobothnia,Road transport,Drive-through traffic,GWh,2010,55.1
South Ostrobothnia,Road transport,Drive-through traffic,GWh,2011,51.2
South Ostrobothnia,Road transport,Drive-through traffic,GWh,2012,47.7
South Ostrobothnia,Road transport,Drive-through traffic,GWh,2013,46.2
South Ostrobothnia,Road transport,Drive-through traffic,GWh,2014,47.8
South Ostrobothnia,Road transport,Drive-through traffic,GWh,2015,51.0
South Ostrobothnia,Road transport,Drive-through traffic,GWh,2016,46.6
South Ostrobothnia,Road transport,Drive-through traffic,GWh,2017,55.5
South Ostrobothnia,Road transport,Drive-through traffic,GWh,2018,56.7
South Ostrobothnia,Road transport,Drive-through traffic,GWh,2019,61.1
South Ostrobothnia,Road transport,Drive-through traffic,GWh,2020,55.6
South Ostrobothnia,Road transport,Drive-through traffic,GWh,2021,67.1
South Ostrobothnia,Road transport,Drive-through traffic,GWh,2022,62.9
South Ostrobothnia,Road transport,Drive-through traffic,GWh,2023,65.7
South Ostrobothnia,Road transport,Drive-through traffic,GWh,2024,64.4
South Ostrobothnia,Road transport,Motorcycles and mopeds,GWh,1990,5.8
South Ostrobothnia,Road transport,Motorcycles and mopeds,GWh,2005,19.1
South Ostrobothnia,Road transport,Motorcycles and mopeds,GWh,2006,20.5
South Ostrobothnia,Road transport,Motorcycles and mopeds,GWh,2007,22.4
South Ostrobothnia,Road transport,Motorcycles and mopeds,GWh,2008,23.4
South Ostrobothnia,Road transport,Motorcycles and mopeds,GWh,2009,23.9
South Ostrobothnia,Road transport,Motorcycles and mopeds,GWh,2010,25.2
South Ostrobothnia,Road transport,Motorcycles and mopeds,GWh,2011,27.4
South Ostrobothnia,Road transport,Motorcycles and mopeds,GWh,2012,28.0
South Ostrobothnia,Road transport,Motorcycles and mopeds,GWh,2013,29.0
South Ostrobothnia,Road transport,Motorcycles and mopeds,GWh,2014,28.8
South Ostrobothnia,Road transport,Motorcycles and mopeds,GWh,2015,28.4
South Ostrobothnia,Road transport,Motorcycles and mopeds,GWh,2016,27.5
South Ostrobothnia,Road transport,Motorcycles and mopeds,GWh,2017,22.4
South Ostrobothnia,Road transport,Motorcycles and mopeds,GWh,2018,22.1
South Ostrobothnia,Road transport,Motorcycles and mopeds,GWh,2019,21.4
South Ostrobothnia,Road transport,Motorcycles and mopeds,GWh,2020,20.7
South Ostrobothnia,Road transport,Motorcycles and mopeds,GWh,2021,21.7
South Ostrobothnia,Road transport,Motorcycles and mopeds,GWh,2022,21.0
South Ostrobothnia,Road transport,Motorcycles and mopeds,GWh,2023,21.5
South Ostrobothnia,Road transport,Motorcycles and mopeds,GWh,2024,21.9
South Ostrobothnia,Rail transport,Diesel,GWh,1990,36.7
South Ostrobothnia,Rail transport,Diesel,GWh,2005,24.4
South Ostrobothnia,Rail transport,Diesel,GWh,2006,24.1
South Ostrobothnia,Rail transport,Diesel,GWh,2007,19.3
South Ostrobothnia,Rail transport,Diesel,GWh,2008,19.6
South Ostrobothnia,Rail transport,Diesel,GWh,2009,15.3
South Ostrobothnia,Rail transport,Diesel,GWh,2010,15.3
South Ostrobothnia,Rail transport,Diesel,GWh,2011,15.5
South Ostrobothnia,Rail transport,Diesel,GWh,2012,11.3
South Ostrobothnia,Rail transport,Diesel,GWh,2013,10.5
South Ostrobothnia,Rail transport,Diesel,GWh,2014,9.4
South Ostrobothnia,Rail transport,Diesel,GWh,2015,8.6
South Ostrobothnia,Rail transport,Diesel,GWh,2016,6.1
South Ostrobothnia,Rail transport,Diesel,GWh,2017,5.3
South Ostrobothnia,Rail transport,Diesel,GWh,2018,5.0
South Ostrobothnia,Rail transport,Diesel,GWh,2019,5.8
South Ostrobothnia,Rail transport,Diesel,GWh,2020,5.6
South Ostrobothnia,Rail transport,Diesel,GWh,2021,6.7
South Ostrobothnia,Rail transport,Diesel,GWh,2022,6.0
South Ostrobothnia,Rail transport,Diesel,GWh,2023,6.6
South Ostrobothnia,Rail transport,Diesel,GWh,2024,5.2
South Ostrobothnia,Rail transport,Electricity,GWh,1990,24.7
South Ostrobothnia,Rail transport,Electricity,GWh,2005,36.4
South Ostrobothnia,Rail transport,Electricity,GWh,2006,37.1
South Ostrobothnia,Rail transport,Electricity,GWh,2007,40.4
South Ostrobothnia,Rail transport,Electricity,GWh,2008,40.7
South Ostrobothnia,Rail transport,Electricity,GWh,2009,38.3
South Ostrobothnia,Rail transport,Electricity,GWh,2010,39.7
South Ostrobothnia,Rail transport,Electricity,GWh,2011,38.1
South Ostrobothnia,Rail transport,Electricity,GWh,2012,40.5
South Ostrobothnia,Rail transport,Electricity,GWh,2013,41.4
South Ostrobothnia,Rail transport,Electricity,GWh,2014,39.8
South Ostrobothnia,Rail transport,Electricity,GWh,2015,37.9
South Ostrobothnia,Rail transport,Electricity,GWh,2016,36.3
South Ostrobothnia,Rail transport,Electricity,GWh,2017,37.8
South Ostrobothnia,Rail transport,Electricity,GWh,2018,40.8
South Ostrobothnia,Rail transport,Electricity,GWh,2019,40.2
South Ostrobothnia,Rail transport,Electricity,GWh,2020,35.3
South Ostrobothnia,Rail transport,Electricity,GWh,2021,33.1
South Ostrobothnia,Rail transport,Electricity,GWh,2022,31.8
South Ostrobothnia,Rail transport,Electricity,GWh,2023,33.1
South Ostrobothnia,Rail transport,Electricity,GWh,2024,37.5
South Ostrobothnia,Rail transport,Community trains,GWh,1990,0.0
South Ostrobothnia,Rail transport,Community trains,GWh,2005,0.0
South Ostrobothnia,Rail transport,Community trains,GWh,2006,0.0
South Ostrobothnia,Rail transport,Community trains,GWh,2007,0.0
South Ostrobothnia,Rail transport,Community trains,GWh,2008,0.0
South Ostrobothnia,Rail transport,Community trains,GWh,2009,0.0
South Ostrobothnia,Rail transport,Community trains,GWh,2010,0.0
South Ostrobothnia,Rail transport,Community trains,GWh,2011,0.0
South Ostrobothnia,Rail transport,Community trains,GWh,2012,0.0
South Ostrobothnia,Rail transport,Community trains,GWh,2013,0.0
South Ostrobothnia,Rail transport,Community trains,GWh,2014,0.0
South Ostrobothnia,Rail transport,Community trains,GWh,2015,0.0
South Ostrobothnia,Rail transport,Community trains,GWh,2016,0.0
South Ostrobothnia,Rail transport,Community trains,GWh,2017,0.0
South Ostrobothnia,Rail transport,Community trains,GWh,2018,0.0
South Ostrobothnia,Rail transport,Community trains,GWh,2019,0.0
South Ostrobothnia,Rail transport,Community trains,GWh,2020,0.0
South Ostrobothnia,Rail transport,Community trains,GWh,2021,0.0
South Ostrobothnia,Rail transport,Community trains,GWh,2022,0.0
South Ostrobothnia,Rail transport,Community trains,GWh,2023,0.0
South Ostrobothnia,Rail transport,Community trains,GWh,2024,0.0
South Ostrobothnia,Rail transport,Metros and trams,GWh,1990,0.0
South Ostrobothnia,Rail transport,Metros and trams,GWh,2005,0.0
South Ostrobothnia,Rail transport,Metros and trams,GWh,2006,0.0
South Ostrobothnia,Rail transport,Metros and trams,GWh,2007,0.0
South Ostrobothnia,Rail transport,Metros and trams,GWh,2008,0.0
South Ostrobothnia,Rail transport,Metros and trams,GWh,2009,0.0
South Ostrobothnia,Rail transport,Metros and trams,GWh,2010,0.0
South Ostrobothnia,Rail transport,Metros and trams,GWh,2011,0.0
South Ostrobothnia,Rail transport,Metros and trams,GWh,2012,0.0
South Ostrobothnia,Rail transport,Metros and trams,GWh,2013,0.0
South Ostrobothnia,Rail transport,Metros and trams,GWh,2014,0.0
South Ostrobothnia,Rail transport,Metros and trams,GWh,2015,0.0
South Ostrobothnia,Rail transport,Metros and trams,GWh,2016,0.0
South Ostrobothnia,Rail transport,Metros and trams,GWh,2017,0.0
South Ostrobothnia,Rail transport,Metros and trams,GWh,2018,0.0
South Ostrobothnia,Rail transport,Metros and trams,GWh,2019,0.0
South Ostrobothnia,Rail transport,Metros and trams,GWh,2020,0.0
South Ostrobothnia,Rail transport,Metros and trams,GWh,2021,0.0
South Ostrobothnia,Rail transport,Metros and trams,GWh,2022,0.0
South Ostrobothnia,Rail transport,Metros and trams,GWh,2023,0.0
South Ostrobothnia,Rail transport,Metros and trams,GWh,2024,0.0
South Ostrobothnia,Water transport,Pleasure boats,GWh,1990,5.6
South Ostrobothnia,Water transport,Pleasure boats,GWh,2005,5.9
South Ostrobothnia,Water transport,Pleasure boats,GWh,2006,6.1
South Ostrobothnia,Water transport,Pleasure boats,GWh,2007,6.1
South Ostrobothnia,Water transport,Pleasure boats,GWh,2008,5.0
South Ostrobothnia,Water transport,Pleasure boats,GWh,2009,5.2
South Ostrobothnia,Water transport,Pleasure boats,GWh,2010,5.5
South Ostrobothnia,Water transport,Pleasure boats,GWh,2011,4.4
South Ostrobothnia,Water transport,Pleasure boats,GWh,2012,4.7
South Ostrobothnia,Water transport,Pleasure boats,GWh,2013,5.0
South Ostrobothnia,Water transport,Pleasure boats,GWh,2014,4.6
South Ostrobothnia,Water transport,Pleasure boats,GWh,2015,4.8
South Ostrobothnia,Water transport,Pleasure boats,GWh,2016,4.6
South Ostrobothnia,Water transport,Pleasure boats,GWh,2017,4.6
South Ostrobothnia,Water transport,Pleasure boats,GWh,2018,4.7
South Ostrobothnia,Water transport,Pleasure boats,GWh,2019,4.9
South Ostrobothnia,Water transport,Pleasure boats,GWh,2020,5.8
South Ostrobothnia,Water transport,Pleasure boats,GWh,2021,6.6
South Ostrobothnia,Water transport,Pleasure boats,GWh,2022,5.5
South Ostrobothnia,Water transport,Pleasure boats,GWh,2023,5.5
South Ostrobothnia,Water transport,Pleasure boats,GWh,2024,5.9
South Ostrobothnia,Water transport,Passenger traffic,GWh,1990,0.0
South Ostrobothnia,Water transport,Passenger traffic,GWh,2005,0.0
South Ostrobothnia,Water transport,Passenger traffic,GWh,2006,0.0
South Ostrobothnia,Water transport,Passenger traffic,GWh,2007,0.0
South Ostrobothnia,Water transport,Passenger traffic,GWh,2008,0.0
South Ostrobothnia,Water transport,Passenger traffic,GWh,2009,0.0
South Ostrobothnia,Water transport,Passenger traffic,GWh,2010,0.0
South Ostrobothnia,Water transport,Passenger traffic,GWh,2011,0.0
South Ostrobothnia,Water transport,Passenger traffic,GWh,2012,0.0
South Ostrobothnia,Water transport,Passenger traffic,GWh,2013,0.0
South Ostrobothnia,Water transport,Passenger traffic,GWh,2014,0.0
South Ostrobothnia,Water transport,Passenger traffic,GWh,2015,0.0
South Ostrobothnia,Water transport,Passenger traffic,GWh,2016,0.0
South Ostrobothnia,Water transport,Passenger traffic,GWh,2017,0.0
South Ostrobothnia,Water transport,Passenger traffic,GWh,2018,0.1
South Ostrobothnia,Water transport,Passenger traffic,GWh,2019,0.1
South Ostrobothnia,Water transport,Passenger traffic,GWh,2020,0.1
South Ostrobothnia,Water transport,Passenger traffic,GWh,2021,0.1
South Ostrobothnia,Water transport,Passenger traffic,GWh,2022,0.0
South Ostrobothnia,Water transport,Passenger traffic,GWh,2023,0.0
South Ostrobothnia,Water transport,Passenger traffic,GWh,2024,0.0
South Ostrobothnia,Water transport,Goods traffic,GWh,1990,0.0
South Ostrobothnia,Water transport,Goods traffic,GWh,2005,0.0
South Ostrobothnia,Water transport,Goods traffic,GWh,2006,0.0
South Ostrobothnia,Water transport,Goods traffic,GWh,2007,0.0
South Ostrobothnia,Water transport,Goods traffic,GWh,2008,0.0
South Ostrobothnia,Water transport,Goods traffic,GWh,2009,0.0
South Ostrobothnia,Water transport,Goods traffic,GWh,2010,0.0
South Ostrobothnia,Water transport,Goods traffic,GWh,2011,0.0
South Ostrobothnia,Water transport,Goods traffic,GWh,2012,0.0
South Ostrobothnia,Water transport,Goods traffic,GWh,2013,0.0
South Ostrobothnia,Water transport,Goods traffic,GWh,2014,0.0
South Ostrobothnia,Water transport,Goods traffic,GWh,2015,0.0
South Ostrobothnia,Water transport,Goods traffic,GWh,2016,0.0
South Ostrobothnia,Water transport,Goods traffic,GWh,2017,0.0
South Ostrobothnia,Water transport,Goods traffic,GWh,2018,0.0
South Ostrobothnia,Water transport,Goods traffic,GWh,2019,0.0
South Ostrobothnia,Water transport,Goods traffic,GWh,2020,0.0
South Ostrobothnia,Water transport,Goods traffic,GWh,2021,0.0
South Ostrobothnia,Water transport,Goods traffic,GWh,2022,0.0
South Ostrobothnia,Water transport,Goods traffic,GWh,2023,0.0
South Ostrobothnia,Water transport,Goods traffic,GWh,2024,0.0
South Ostrobothnia,Water transport,Fishing vessels,GWh,1990,0.0
South Ostrobothnia,Water transport,Fishing vessels,GWh,2005,0.0
South Ostrobothnia,Water transport,Fishing vessels,GWh,2006,0.0
South Ostrobothnia,Water transport,Fishing vessels,GWh,2007,0.0
South Ostrobothnia,Water transport,Fishing vessels,GWh,2008,0.0
South Ostrobothnia,Water transport,Fishing vessels,GWh,2009,0.0
South Ostrobothnia,Water transport,Fishing vessels,GWh,2010,0.0
South Ostrobothnia,Water transport,Fishing vessels,GWh,2011,0.0
South Ostrobothnia,Water transport,Fishing vessels,GWh,2012,0.0
South Ostrobothnia,Water transport,Fishing vessels,GWh,2013,0.0
South Ostrobothnia,Water transport,Fishing vessels,GWh,2014,0.0
South Ostrobothnia,Water transport,Fishing vessels,GWh,2015,0.0
South Ostrobothnia,Water transport,Fishing vessels,GWh,2016,0.0
South Ostrobothnia,Water transport,Fishing vessels,GWh,2017,0.0
South Ostrobothnia,Water transport,Fishing vessels,GWh,2018,0.0
South Ostrobothnia,Water transport,Fishing vessels,GWh,2019,0.0
South Ostrobothnia,Water transport,Fishing vessels,GWh,2020,0.0
South Ostrobothnia,Water transport,Fishing vessels,GWh,2021,0.0
South Ostrobothnia,Water transport,Fishing vessels,GWh,2022,0.0
South Ostrobothnia,Water transport,Fishing vessels,GWh,2023,0.0
South Ostrobothnia,Water transport,Fishing vessels,GWh,2024,0.0
South Ostrobothnia,Water transport,,GWh,1990,0.0
South Ostrobothnia,Water transport,,GWh,2005,0.0
South Ostrobothnia,Water transport,,GWh,2006,0.0
South Ostrobothnia,Water transport,,GWh,2007,0.0
South Ostrobothnia,Water transport,,GWh,2008,0.0
South Ostrobothnia,Water transport,,GWh,2009,0.0
South Ostrobothnia,Water transport,,GWh,2010,0.0
South Ostrobothnia,Water transport,,GWh,2011,0.0
South Ostrobothnia,Water transport,,GWh,2012,0.0
South Ostrobothnia,Water transport,,GWh,2013,0.0
South Ostrobothnia,Water transport,,GWh,2014,0.0
South Ostrobothnia,Water transport,,GWh,2015,0.0
South Ostrobothnia,Water transport,,GWh,2016,0.0
South Ostrobothnia,Water transport,,GWh,2017,0.0
South Ostrobothnia,Water transport,,GWh,2018,0.0
South Ostrobothnia,Water transport,,GWh,2019,0.0
South Ostrobothnia,Water transport,,GWh,2020,0.0
South Ostrobothnia,Water transport,,GWh,2021,0.0
South Ostrobothnia,Water transport,,GWh,2022,0.0
South Ostrobothnia,Water transport,,GWh,2023,0.0
South Ostrobothnia,Water transport,,GWh,2024,0.0
South Ostrobothnia,Water transport,Workboats and ships,GWh,1990,2.7
South Ostrobothnia,Water transport,Workboats and ships,GWh,2005,2.3
South Ostrobothnia,Water transport,Workboats and ships,GWh,2006,2.3
South Ostrobothnia,Water transport,Workboats and ships,GWh,2007,2.3
South Ostrobothnia,Water transport,Workboats and ships,GWh,2008,2.2
South Ostrobothnia,Water transport,Workboats and ships,GWh,2009,2.2
South Ostrobothnia,Water transport,Workboats and ships,GWh,2010,2.2
South Ostrobothnia,Water transport,Workboats and ships,GWh,2011,2.2
South Ostrobothnia,Water transport,Workboats and ships,GWh,2012,2.2
South Ostrobothnia,Water transport,Workboats and ships,GWh,2013,2.2
South Ostrobothnia,Water transport,Workboats and ships,GWh,2014,2.2
South Ostrobothnia,Water transport,Workboats and ships,GWh,2015,2.2
South Ostrobothnia,Water transport,Workboats and ships,GWh,2016,2.2
South Ostrobothnia,Water transport,Workboats and ships,GWh,2017,2.2
South Ostrobothnia,Water transport,Workboats and ships,GWh,2018,2.2
South Ostrobothnia,Water transport,Workboats and ships,GWh,2019,2.2
South Ostrobothnia,Water transport,Workboats and ships,GWh,2020,2.2
South Ostrobothnia,Water transport,Workboats and ships,GWh,2021,2.2
South Ostrobothnia,Water transport,Workboats and ships,GWh,2022,2.1
South Ostrobothnia,Water transport,Workboats and ships,GWh,2023,2.1
South Ostrobothnia,Water transport,Workboats and ships,GWh,2024,1.0
South Ostrobothnia,Emission credits,Wind power,GWh,1990,0.0
South Ostrobothnia,Emission credits,Wind power,GWh,2005,0.5
South Ostrobothnia,Emission credits,Wind power,GWh,2006,0.4
South Ostrobothnia,Emission credits,Wind power,GWh,2007,0.4
South Ostrobothnia,Emission credits,Wind power,GWh,2008,0.4
South Ostrobothnia,Emission credits,Wind power,GWh,2009,3.1
South Ostrobothnia,Emission credits,Wind power,GWh,2010,3.1
South Ostrobothnia,Emission credits,Wind power,GWh,2011,6.7
South Ostrobothnia,Emission credits,Wind power,GWh,2012,5.4
South Ostrobothnia,Emission credits,Wind power,GWh,2013,10.3
South Ostrobothnia,Emission credits,Wind power,GWh,2014,25.5
South Ostrobothnia,Emission credits,Wind power,GWh,2015,50.4
South Ostrobothnia,Emission credits,Wind power,GWh,2016,241.4
South Ostrobothnia,Emission credits,Wind power,GWh,2017,340.2
South Ostrobothnia,Emission credits,Wind power,GWh,2018,414.9
South Ostrobothnia,Emission credits,Wind power,GWh,2019,591.2
South Ostrobothnia,Emission credits,Wind power,GWh,2020,689.8
South Ostrobothnia,Emission credits,Wind power,GWh,2021,754.3
South Ostrobothnia,Emission credits,Wind power,GWh,2022,1202.2
South Ostrobothnia,Emission credits,Wind power,GWh,2023,1758.1
South Ostrobothnia,Emission credits,Wind power,GWh,2024,2783.0
South Savo,Electricity,Housing,GWh,1990,269.9
South Savo,Electricity,Housing,GWh,2005,326.2
South Savo,Electricity,Housing,GWh,2006,335.1
South Savo,Electricity,Housing,GWh,2007,339.9
South Savo,Electricity,Housing,GWh,2008,340.1
South Savo,Electricity,Housing,GWh,2009,365.5
South Savo,Electricity,Housing,GWh,2010,401.0
South Savo,Electricity,Housing,GWh,2011,383.0
South Savo,Electricity,Housing,GWh,2012,364.2
South Savo,Electricity,Housing,GWh,2013,353.9
South Savo,Electricity,Housing,GWh,2014,343.7
South Savo,Electricity,Housing,GWh,2015,347.5
South Savo,Electricity,Housing,GWh,2016,368.9
South Savo,Electricity,Housing,GWh,2017,362.5
South Savo,Electricity,Housing,GWh,2018,368.6
South Savo,Electricity,Housing,GWh,2019,356.8
South Savo,Electricity,Housing,GWh,2020,348.8
South Savo,Electricity,Housing,GWh,2021,394.1
South Savo,Electricity,Housing,GWh,2022,349.7
South Savo,Electricity,Housing,GWh,2023,329.5
South Savo,Electricity,Housing,GWh,2024,348.3
South Savo,Electricity,Agriculture,GWh,1990,18.9
South Savo,Electricity,Agriculture,GWh,2005,27.6
South Savo,Electricity,Agriculture,GWh,2006,29.3
South Savo,Electricity,Agriculture,GWh,2007,30.5
South Savo,Electricity,Agriculture,GWh,2008,31.2
South Savo,Electricity,Agriculture,GWh,2009,31.7
South Savo,Electricity,Agriculture,GWh,2010,31.9
South Savo,Electricity,Agriculture,GWh,2011,32.6
South Savo,Electricity,Agriculture,GWh,2012,32.9
South Savo,Electricity,Agriculture,GWh,2013,24.5
South Savo,Electricity,Agriculture,GWh,2014,23.0
South Savo,Electricity,Agriculture,GWh,2015,21.4
South Savo,Electricity,Agriculture,GWh,2016,27.2
South Savo,Electricity,Agriculture,GWh,2017,26.8
South Savo,Electricity,Agriculture,GWh,2018,28.8
South Savo,Electricity,Agriculture,GWh,2019,29.8
South Savo,Electricity,Agriculture,GWh,2020,20.2
South Savo,Electricity,Agriculture,GWh,2021,20.2
South Savo,Electricity,Agriculture,GWh,2022,20.5
South Savo,Electricity,Agriculture,GWh,2023,19.1
South Savo,Electricity,Agriculture,GWh,2024,16.9
South Savo,Electricity,Services,GWh,1990,257.6
South Savo,Electricity,Services,GWh,2005,363.4
South Savo,Electricity,Services,GWh,2006,385.0
South Savo,Electricity,Services,GWh,2007,389.3
South Savo,Electricity,Services,GWh,2008,395.7
South Savo,Electricity,Services,GWh,2009,403.7
South Savo,Electricity,Services,GWh,2010,417.6
South Savo,Electricity,Services,GWh,2011,411.3
South Savo,Electricity,Services,GWh,2012,419.6
South Savo,Electricity,Services,GWh,2013,415.1
South Savo,Electricity,Services,GWh,2014,406.4
South Savo,Electricity,Services,GWh,2015,405.7
South Savo,Electricity,Services,GWh,2016,410.0
South Savo,Electricity,Services,GWh,2017,410.0
South Savo,Electricity,Services,GWh,2018,407.9
South Savo,Electricity,Services,GWh,2019,396.1
South Savo,Electricity,Services,GWh,2020,377.9
South Savo,Electricity,Services,GWh,2021,388.5
South Savo,Electricity,Services,GWh,2022,371.2
South Savo,Electricity,Services,GWh,2023,373.2
South Savo,Electricity,Services,GWh,2024,404.6
South Savo,Electricity,Industry,GWh,1990,257.7
South Savo,Electricity,Industry,GWh,2005,367.7
South Savo,Electricity,Industry,GWh,2006,402.6
South Savo,Electricity,Industry,GWh,2007,399.3
South Savo,Electricity,Industry,GWh,2008,363.7
South Savo,Electricity,Industry,GWh,2009,319.6
South Savo,Electricity,Industry,GWh,2010,355.2
South Savo,Electricity,Industry,GWh,2011,343.9
South Savo,Electricity,Industry,GWh,2012,335.4
South Savo,Electricity,Industry,GWh,2013,366.1
South Savo,Electricity,Industry,GWh,2014,381.4
South Savo,Electricity,Industry,GWh,2015,378.2
South Savo,Electricity,Industry,GWh,2016,388.9
South Savo,Electricity,Industry,GWh,2017,397.7
South Savo,Electricity,Industry,GWh,2018,378.3
South Savo,Electricity,Industry,GWh,2019,374.0
South Savo,Electricity,Industry,GWh,2020,357.0
South Savo,Electricity,Industry,GWh,2021,403.0
South Savo,Electricity,Industry,GWh,2022,346.7
South Savo,Electricity,Industry,GWh,2023,332.0
South Savo,Electricity,Industry,GWh,2024,339.2
South Savo,Electric heating,Housing,GWh,1990,255.4
South Savo,Electric heating,Housing,GWh,2005,311.1
South Savo,Electric heating,Housing,GWh,2006,322.8
South Savo,Electric heating,Housing,GWh,2007,320.9
South Savo,Electric heating,Housing,GWh,2008,318.0
South Savo,Electric heating,Housing,GWh,2009,343.8
South Savo,Electric heating,Housing,GWh,2010,374.3
South Savo,Electric heating,Housing,GWh,2011,361.3
South Savo,Electric heating,Housing,GWh,2012,343.4
South Savo,Electric heating,Housing,GWh,2013,328.5
South Savo,Electric heating,Housing,GWh,2014,321.8
South Savo,Electric heating,Housing,GWh,2015,325.3
South Savo,Electric heating,Housing,GWh,2016,350.7
South Savo,Electric heating,Housing,GWh,2017,345.4
South Savo,Electric heating,Housing,GWh,2018,349.2
South Savo,Electric heating,Housing,GWh,2019,329.4
South Savo,Electric heating,Housing,GWh,2020,326.4
South Savo,Electric heating,Housing,GWh,2021,364.7
South Savo,Electric heating,Housing,GWh,2022,319.6
South Savo,Electric heating,Housing,GWh,2023,295.2
South Savo,Electric heating,Housing,GWh,2024,311.1
South Savo,Electric heating,Agriculture,GWh,1990,8.0
South Savo,Electric heating,Agriculture,GWh,2005,10.9
South Savo,Electric heating,Agriculture,GWh,2006,11.4
South Savo,Electric heating,Agriculture,GWh,2007,11.8
South Savo,Electric heating,Agriculture,GWh,2008,11.1
South Savo,Electric heating,Agriculture,GWh,2009,12.2
South Savo,Electric heating,Agriculture,GWh,2010,12.2
South Savo,Electric heating,Agriculture,GWh,2011,11.2
South Savo,Electric heating,Agriculture,GWh,2012,11.6
South Savo,Electric heating,Agriculture,GWh,2013,12.6
South Savo,Electric heating,Agriculture,GWh,2014,12.1
South Savo,Electric heating,Agriculture,GWh,2015,12.1
South Savo,Electric heating,Agriculture,GWh,2016,12.3
South Savo,Electric heating,Agriculture,GWh,2017,12.2
South Savo,Electric heating,Agriculture,GWh,2018,12.0
South Savo,Electric heating,Agriculture,GWh,2019,11.6
South Savo,Electric heating,Agriculture,GWh,2020,11.3
South Savo,Electric heating,Agriculture,GWh,2021,11.0
South Savo,Electric heating,Agriculture,GWh,2022,10.7
South Savo,Electric heating,Agriculture,GWh,2023,10.5
South Savo,Electric heating,Agriculture,GWh,2024,9.0
South Savo,Electric heating,Services,GWh,1990,54.7
South Savo,Electric heating,Services,GWh,2005,54.4
South Savo,Electric heating,Services,GWh,2006,44.7
South Savo,Electric heating,Services,GWh,2007,48.0
South Savo,Electric heating,Services,GWh,2008,47.2
South Savo,Electric heating,Services,GWh,2009,48.5
South Savo,Electric heating,Services,GWh,2010,49.0
South Savo,Electric heating,Services,GWh,2011,49.4
South Savo,Electric heating,Services,GWh,2012,49.4
South Savo,Electric heating,Services,GWh,2013,48.7
South Savo,Electric heating,Services,GWh,2014,49.7
South Savo,Electric heating,Services,GWh,2015,50.3
South Savo,Electric heating,Services,GWh,2016,50.4
South Savo,Electric heating,Services,GWh,2017,51.8
South Savo,Electric heating,Services,GWh,2018,51.6
South Savo,Electric heating,Services,GWh,2019,50.9
South Savo,Electric heating,Services,GWh,2020,47.8
South Savo,Electric heating,Services,GWh,2021,50.9
South Savo,Electric heating,Services,GWh,2022,50.5
South Savo,Electric heating,Services,GWh,2023,50.2
South Savo,Electric heating,Services,GWh,2024,49.4
South Savo,District heating,Housing,GWh,1990,297.4
South Savo,District heating,Housing,GWh,2005,463.1
South Savo,District heating,Housing,GWh,2006,496.4
South Savo,District heating,Housing,GWh,2007,500.6
South Savo,District heating,Housing,GWh,2008,464.7
South Savo,District heating,Housing,GWh,2009,520.0
South Savo,District heating,Housing,GWh,2010,576.6
South Savo,District heating,Housing,GWh,2011,452.7
South Savo,District heating,Housing,GWh,2012,504.4
South Savo,District heating,Housing,GWh,2013,448.8
South Savo,District heating,Housing,GWh,2014,446.7
South Savo,District heating,Housing,GWh,2015,431.0
South Savo,District heating,Housing,GWh,2016,469.7
South Savo,District heating,Housing,GWh,2017,465.5
South Savo,District heating,Housing,GWh,2018,458.5
South Savo,District heating,Housing,GWh,2019,451.9
South Savo,District heating,Housing,GWh,2020,414.0
South Savo,District heating,Housing,GWh,2021,481.6
South Savo,District heating,Housing,GWh,2022,437.6
South Savo,District heating,Housing,GWh,2023,434.3
South Savo,District heating,Housing,GWh,2024,425.5
South Savo,District heating,Agriculture,GWh,1990,2.6
South Savo,District heating,Agriculture,GWh,2005,2.8
South Savo,District heating,Agriculture,GWh,2006,2.9
South Savo,District heating,Agriculture,GWh,2007,2.4
South Savo,District heating,Agriculture,GWh,2008,2.3
South Savo,District heating,Agriculture,GWh,2009,2.6
South Savo,District heating,Agriculture,GWh,2010,2.5
South Savo,District heating,Agriculture,GWh,2011,2.1
South Savo,District heating,Agriculture,GWh,2012,2.2
South Savo,District heating,Agriculture,GWh,2013,2.0
South Savo,District heating,Agriculture,GWh,2014,2.0
South Savo,District heating,Agriculture,GWh,2015,1.8
South Savo,District heating,Agriculture,GWh,2016,2.0
South Savo,District heating,Agriculture,GWh,2017,1.9
South Savo,District heating,Agriculture,GWh,2018,4.8
South Savo,District heating,Agriculture,GWh,2019,4.6
South Savo,District heating,Agriculture,GWh,2020,4.2
South Savo,District heating,Agriculture,GWh,2021,4.8
South Savo,District heating,Agriculture,GWh,2022,10.7
South Savo,District heating,Agriculture,GWh,2023,12.0
South Savo,District heating,Agriculture,GWh,2024,11.8
South Savo,District heating,Services,GWh,1990,213.6
South Savo,District heating,Services,GWh,2005,262.0
South Savo,District heating,Services,GWh,2006,258.6
South Savo,District heating,Services,GWh,2007,260.0
South Savo,District heating,Services,GWh,2008,238.6
South Savo,District heating,Services,GWh,2009,286.4
South Savo,District heating,Services,GWh,2010,321.5
South Savo,District heating,Services,GWh,2011,260.4
South Savo,District heating,Services,GWh,2012,294.3
South Savo,District heating,Services,GWh,2013,266.2
South Savo,District heating,Services,GWh,2014,265.0
South Savo,District heating,Services,GWh,2015,252.0
South Savo,District heating,Services,GWh,2016,280.4
South Savo,District heating,Services,GWh,2017,283.9
South Savo,District heating,Services,GWh,2018,281.9
South Savo,District heating,Services,GWh,2019,278.0
South Savo,District heating,Services,GWh,2020,254.2
South Savo,District heating,Services,GWh,2021,295.8
South Savo,District heating,Services,GWh,2022,272.8
South Savo,District heating,Services,GWh,2023,273.6
South Savo,District heating,Services,GWh,2024,269.6
South Savo,District heating,Industry,GWh,1990,48.7
South Savo,District heating,Industry,GWh,2005,61.7
South Savo,District heating,Industry,GWh,2006,62.5
South Savo,District heating,Industry,GWh,2007,59.3
South Savo,District heating,Industry,GWh,2008,55.9
South Savo,District heating,Industry,GWh,2009,62.1
South Savo,District heating,Industry,GWh,2010,73.2
South Savo,District heating,Industry,GWh,2011,61.2
South Savo,District heating,Industry,GWh,2012,68.7
South Savo,District heating,Industry,GWh,2013,61.1
South Savo,District heating,Industry,GWh,2014,61.6
South Savo,District heating,Industry,GWh,2015,59.6
South Savo,District heating,Industry,GWh,2016,65.7
South Savo,District heating,Industry,GWh,2017,65.2
South Savo,District heating,Industry,GWh,2018,64.1
South Savo,District heating,Industry,GWh,2019,66.7
South Savo,District heating,Industry,GWh,2020,67.6
South Savo,District heating,Industry,GWh,2021,77.9
South Savo,District heating,Industry,GWh,2022,76.1
South Savo,District heating,Industry,GWh,2023,79.7
South Savo,District heating,Industry,GWh,2024,78.0
South Savo,Oil heating,Housing,GWh,1990,307.3
South Savo,Oil heating,Housing,GWh,2005,236.5
South Savo,Oil heating,Housing,GWh,2006,237.8
South Savo,Oil heating,Housing,GWh,2007,228.8
South Savo,Oil heating,Housing,GWh,2008,173.8
South Savo,Oil heating,Housing,GWh,2009,176.6
South Savo,Oil heating,Housing,GWh,2010,190.0
South Savo,Oil heating,Housing,GWh,2011,148.4
South Savo,Oil heating,Housing,GWh,2012,156.4
South Savo,Oil heating,Housing,GWh,2013,130.3
South Savo,Oil heating,Housing,GWh,2014,127.4
South Savo,Oil heating,Housing,GWh,2015,111.2
South Savo,Oil heating,Housing,GWh,2016,113.4
South Savo,Oil heating,Housing,GWh,2017,100.4
South Savo,Oil heating,Housing,GWh,2018,92.4
South Savo,Oil heating,Housing,GWh,2019,81.5
South Savo,Oil heating,Housing,GWh,2020,71.0
South Savo,Oil heating,Housing,GWh,2021,65.8
South Savo,Oil heating,Housing,GWh,2022,47.3
South Savo,Oil heating,Housing,GWh,2023,24.7
South Savo,Oil heating,Housing,GWh,2024,22.0
South Savo,Oil heating,Agriculture,GWh,1990,15.6
South Savo,Oil heating,Agriculture,GWh,2005,10.5
South Savo,Oil heating,Agriculture,GWh,2006,10.5
South Savo,Oil heating,Agriculture,GWh,2007,9.2
South Savo,Oil heating,Agriculture,GWh,2008,8.1
South Savo,Oil heating,Agriculture,GWh,2009,7.9
South Savo,Oil heating,Agriculture,GWh,2010,9.1
South Savo,Oil heating,Agriculture,GWh,2011,8.1
South Savo,Oil heating,Agriculture,GWh,2012,9.0
South Savo,Oil heating,Agriculture,GWh,2013,6.1
South Savo,Oil heating,Agriculture,GWh,2014,6.6
South Savo,Oil heating,Agriculture,GWh,2015,5.9
South Savo,Oil heating,Agriculture,GWh,2016,4.9
South Savo,Oil heating,Agriculture,GWh,2017,4.5
South Savo,Oil heating,Agriculture,GWh,2018,4.8
South Savo,Oil heating,Agriculture,GWh,2019,4.6
South Savo,Oil heating,Agriculture,GWh,2020,4.0
South Savo,Oil heating,Agriculture,GWh,2021,4.9
South Savo,Oil heating,Agriculture,GWh,2022,4.4
South Savo,Oil heating,Agriculture,GWh,2023,4.1
South Savo,Oil heating,Agriculture,GWh,2024,2.8
South Savo,Oil heating,Services,GWh,1990,141.1
South Savo,Oil heating,Services,GWh,2005,117.6
South Savo,Oil heating,Services,GWh,2006,119.0
South Savo,Oil heating,Services,GWh,2007,113.1
South Savo,Oil heating,Services,GWh,2008,89.9
South Savo,Oil heating,Services,GWh,2009,94.1
South Savo,Oil heating,Services,GWh,2010,102.5
South Savo,Oil heating,Services,GWh,2011,88.8
South Savo,Oil heating,Services,GWh,2012,97.7
South Savo,Oil heating,Services,GWh,2013,83.1
South Savo,Oil heating,Services,GWh,2014,83.0
South Savo,Oil heating,Services,GWh,2015,76.0
South Savo,Oil heating,Services,GWh,2016,85.5
South Savo,Oil heating,Services,GWh,2017,82.9
South Savo,Oil heating,Services,GWh,2018,80.4
South Savo,Oil heating,Services,GWh,2019,79.0
South Savo,Oil heating,Services,GWh,2020,72.1
South Savo,Oil heating,Services,GWh,2021,86.7
South Savo,Oil heating,Services,GWh,2022,80.7
South Savo,Oil heating,Services,GWh,2023,82.3
South Savo,Oil heating,Services,GWh,2024,80.9
South Savo,Other heating,Housing,GWh,1990,691.9
South Savo,Other heating,Housing,GWh,2005,885.8
South Savo,Other heating,Housing,GWh,2006,848.1
South Savo,Other heating,Housing,GWh,2007,877.5
South Savo,Other heating,Housing,GWh,2008,858.9
South Savo,Other heating,Housing,GWh,2009,908.8
South Savo,Other heating,Housing,GWh,2010,1000.9
South Savo,Other heating,Housing,GWh,2011,866.4
South Savo,Other heating,Housing,GWh,2012,942.0
South Savo,Other heating,Housing,GWh,2013,871.9
South Savo,Other heating,Housing,GWh,2014,885.7
South Savo,Other heating,Housing,GWh,2015,834.0
South Savo,Other heating,Housing,GWh,2016,916.7
South Savo,Other heating,Housing,GWh,2017,897.2
South Savo,Other heating,Housing,GWh,2018,882.1
South Savo,Other heating,Housing,GWh,2019,856.3
South Savo,Other heating,Housing,GWh,2020,805.6
South Savo,Other heating,Housing,GWh,2021,914.6
South Savo,Other heating,Housing,GWh,2022,840.6
South Savo,Other heating,Housing,GWh,2023,800.7
South Savo,Other heating,Housing,GWh,2024,772.6
South Savo,Other heating,Agriculture,GWh,1990,67.2
South Savo,Other heating,Agriculture,GWh,2005,65.9
South Savo,Other heating,Agriculture,GWh,2006,58.7
South Savo,Other heating,Agriculture,GWh,2007,61.3
South Savo,Other heating,Agriculture,GWh,2008,58.6
South Savo,Other heating,Agriculture,GWh,2009,66.6
South Savo,Other heating,Agriculture,GWh,2010,72.4
South Savo,Other heating,Agriculture,GWh,2011,58.2
South Savo,Other heating,Agriculture,GWh,2012,65.1
South Savo,Other heating,Agriculture,GWh,2013,68.1
South Savo,Other heating,Agriculture,GWh,2014,63.8
South Savo,Other heating,Agriculture,GWh,2015,60.9
South Savo,Other heating,Agriculture,GWh,2016,63.0
South Savo,Other heating,Agriculture,GWh,2017,63.7
South Savo,Other heating,Agriculture,GWh,2018,57.7
South Savo,Other heating,Agriculture,GWh,2019,57.0
South Savo,Other heating,Agriculture,GWh,2020,61.2
South Savo,Other heating,Agriculture,GWh,2021,57.0
South Savo,Other heating,Agriculture,GWh,2022,61.1
South Savo,Other heating,Agriculture,GWh,2023,57.8
South Savo,Other heating,Agriculture,GWh,2024,30.6
South Savo,Other heating,Services,GWh,1990,128.1
South Savo,Other heating,Services,GWh,2005,63.7
South Savo,Other heating,Services,GWh,2006,66.3
South Savo,Other heating,Services,GWh,2007,67.5
South Savo,Other heating,Services,GWh,2008,70.8
South Savo,Other heating,Services,GWh,2009,82.9
South Savo,Other heating,Services,GWh,2010,88.1
South Savo,Other heating,Services,GWh,2011,68.5
South Savo,Other heating,Services,GWh,2012,77.2
South Savo,Other heating,Services,GWh,2013,72.0
South Savo,Other heating,Services,GWh,2014,73.7
South Savo,Other heating,Services,GWh,2015,65.2
South Savo,Other heating,Services,GWh,2016,73.4
South Savo,Other heating,Services,GWh,2017,71.3
South Savo,Other heating,Services,GWh,2018,71.9
South Savo,Other heating,Services,GWh,2019,62.4
South Savo,Other heating,Services,GWh,2020,56.5
South Savo,Other heating,Services,GWh,2021,68.2
South Savo,Other heating,Services,GWh,2022,62.2
South Savo,Other heating,Services,GWh,2023,62.4
South Savo,Other heating,Services,GWh,2024,61.7
South Savo,Industry,Industrial fuels,GWh,1990,543.6
South Savo,Industry,Industrial fuels,GWh,2005,381.7
South Savo,Industry,Industrial fuels,GWh,2006,401.9
South Savo,Industry,Industrial fuels,GWh,2007,460.8
South Savo,Industry,Industrial fuels,GWh,2008,391.2
South Savo,Industry,Industrial fuels,GWh,2009,318.0
South Savo,Industry,Industrial fuels,GWh,2010,369.0
South Savo,Industry,Industrial fuels,GWh,2011,210.1
South Savo,Industry,Industrial fuels,GWh,2012,365.2
South Savo,Industry,Industrial fuels,GWh,2013,364.1
South Savo,Industry,Industrial fuels,GWh,2014,375.1
South Savo,Industry,Industrial fuels,GWh,2015,404.4
South Savo,Industry,Industrial fuels,GWh,2016,435.8
South Savo,Industry,Industrial fuels,GWh,2017,534.1
South Savo,Industry,Industrial fuels,GWh,2018,422.3
South Savo,Industry,Industrial fuels,GWh,2019,408.1
South Savo,Industry,Industrial fuels,GWh,2020,346.6
South Savo,Industry,Industrial fuels,GWh,2021,196.7
South Savo,Industry,Industrial fuels,GWh,2022,372.0
South Savo,Industry,Industrial fuels,GWh,2023,401.9
South Savo,Industry,Industrial fuels,GWh,2024,326.7
South Savo,Machinery,Mining and industrial machinery,GWh,1990,57.4
South Savo,Machinery,Mining and industrial machinery,GWh,2005,58.5
South Savo,Machinery,Mining and industrial machinery,GWh,2006,49.7
South Savo,Machinery,Mining and industrial machinery,GWh,2007,51.1
South Savo,Machinery,Mining and industrial machinery,GWh,2008,52.2
South Savo,Machinery,Mining and industrial machinery,GWh,2009,45.5
South Savo,Machinery,Mining and industrial machinery,GWh,2010,46.7
South Savo,Machinery,Mining and industrial machinery,GWh,2011,45.6
South Savo,Machinery,Mining and industrial machinery,GWh,2012,43.0
South Savo,Machinery,Mining and industrial machinery,GWh,2013,41.5
South Savo,Machinery,Mining and industrial machinery,GWh,2014,40.4
South Savo,Machinery,Mining and industrial machinery,GWh,2015,40.5
South Savo,Machinery,Mining and industrial machinery,GWh,2016,38.4
South Savo,Machinery,Mining and industrial machinery,GWh,2017,39.1
South Savo,Machinery,Mining and industrial machinery,GWh,2018,38.6
South Savo,Machinery,Mining and industrial machinery,GWh,2019,39.7
South Savo,Machinery,Mining and industrial machinery,GWh,2020,39.2
South Savo,Machinery,Mining and industrial machinery,GWh,2021,36.9
South Savo,Machinery,Mining and industrial machinery,GWh,2022,37.2
South Savo,Machinery,Mining and industrial machinery,GWh,2023,36.3
South Savo,Machinery,Mining and industrial machinery,GWh,2024,36.7
South Savo,Machinery,Agricultural and forestry machinery,GWh,1990,196.6
South Savo,Machinery,Agricultural and forestry machinery,GWh,2005,209.2
South Savo,Machinery,Agricultural and forestry machinery,GWh,2006,202.9
South Savo,Machinery,Agricultural and forestry machinery,GWh,2007,192.6
South Savo,Machinery,Agricultural and forestry machinery,GWh,2008,194.7
South Savo,Machinery,Agricultural and forestry machinery,GWh,2009,174.4
South Savo,Machinery,Agricultural and forestry machinery,GWh,2010,204.1
South Savo,Machinery,Agricultural and forestry machinery,GWh,2011,187.2
South Savo,Machinery,Agricultural and forestry machinery,GWh,2012,186.9
South Savo,Machinery,Agricultural and forestry machinery,GWh,2013,203.0
South Savo,Machinery,Agricultural and forestry machinery,GWh,2014,187.4
South Savo,Machinery,Agricultural and forestry machinery,GWh,2015,197.5
South Savo,Machinery,Agricultural and forestry machinery,GWh,2016,196.2
South Savo,Machinery,Agricultural and forestry machinery,GWh,2017,192.7
South Savo,Machinery,Agricultural and forestry machinery,GWh,2018,174.8
South Savo,Machinery,Agricultural and forestry machinery,GWh,2019,190.4
South Savo,Machinery,Agricultural and forestry machinery,GWh,2020,191.2
South Savo,Machinery,Agricultural and forestry machinery,GWh,2021,176.1
South Savo,Machinery,Agricultural and forestry machinery,GWh,2022,186.3
South Savo,Machinery,Agricultural and forestry machinery,GWh,2023,177.7
South Savo,Machinery,Agricultural and forestry machinery,GWh,2024,176.6
South Savo,Machinery,Other machinery,GWh,1990,16.0
South Savo,Machinery,Other machinery,GWh,2005,18.3
South Savo,Machinery,Other machinery,GWh,2006,18.6
South Savo,Machinery,Other machinery,GWh,2007,18.7
South Savo,Machinery,Other machinery,GWh,2008,17.9
South Savo,Machinery,Other machinery,GWh,2009,16.9
South Savo,Machinery,Other machinery,GWh,2010,16.6
South Savo,Machinery,Other machinery,GWh,2011,17.5
South Savo,Machinery,Other machinery,GWh,2012,18.3
South Savo,Machinery,Other machinery,GWh,2013,18.7
South Savo,Machinery,Other machinery,GWh,2014,18.3
South Savo,Machinery,Other machinery,GWh,2015,18.9
South Savo,Machinery,Other machinery,GWh,2016,18.9
South Savo,Machinery,Other machinery,GWh,2017,18.6
South Savo,Machinery,Other machinery,GWh,2018,17.5
South Savo,Machinery,Other machinery,GWh,2019,17.9
South Savo,Machinery,Other machinery,GWh,2020,17.8
South Savo,Machinery,Other machinery,GWh,2021,16.8
South Savo,Machinery,Other machinery,GWh,2022,17.0
South Savo,Machinery,Other machinery,GWh,2023,16.5
South Savo,Machinery,Other machinery,GWh,2024,15.6
South Savo,Machinery,Construction machinery,GWh,1990,42.9
South Savo,Machinery,Construction machinery,GWh,2005,33.0
South Savo,Machinery,Construction machinery,GWh,2006,33.1
South Savo,Machinery,Construction machinery,GWh,2007,35.0
South Savo,Machinery,Construction machinery,GWh,2008,43.3
South Savo,Machinery,Construction machinery,GWh,2009,43.1
South Savo,Machinery,Construction machinery,GWh,2010,42.5
South Savo,Machinery,Construction machinery,GWh,2011,43.7
South Savo,Machinery,Construction machinery,GWh,2012,38.1
South Savo,Machinery,Construction machinery,GWh,2013,45.9
South Savo,Machinery,Construction machinery,GWh,2014,39.8
South Savo,Machinery,Construction machinery,GWh,2015,43.8
South Savo,Machinery,Construction machinery,GWh,2016,27.0
South Savo,Machinery,Construction machinery,GWh,2017,37.1
South Savo,Machinery,Construction machinery,GWh,2018,36.1
South Savo,Machinery,Construction machinery,GWh,2019,25.9
South Savo,Machinery,Construction machinery,GWh,2020,31.2
South Savo,Machinery,Construction machinery,GWh,2021,34.5
South Savo,Machinery,Construction machinery,GWh,2022,28.2
South Savo,Machinery,Construction machinery,GWh,2023,29.2
South Savo,Machinery,Construction machinery,GWh,2024,28.6
South Savo,Machinery,Road construction machinery,GWh,1990,59.5
South Savo,Machinery,Road construction machinery,GWh,2005,64.5
South Savo,Machinery,Road construction machinery,GWh,2006,65.1
South Savo,Machinery,Road construction machinery,GWh,2007,67.1
South Savo,Machinery,Road construction machinery,GWh,2008,71.3
South Savo,Machinery,Road construction machinery,GWh,2009,70.8
South Savo,Machinery,Road construction machinery,GWh,2010,69.5
South Savo,Machinery,Road construction machinery,GWh,2011,63.8
South Savo,Machinery,Road construction machinery,GWh,2012,69.7
South Savo,Machinery,Road construction machinery,GWh,2013,68.7
South Savo,Machinery,Road construction machinery,GWh,2014,67.1
South Savo,Machinery,Road construction machinery,GWh,2015,67.3
South Savo,Machinery,Road construction machinery,GWh,2016,63.8
South Savo,Machinery,Road construction machinery,GWh,2017,73.4
South Savo,Machinery,Road construction machinery,GWh,2018,75.7
South Savo,Machinery,Road construction machinery,GWh,2019,78.7
South Savo,Machinery,Road construction machinery,GWh,2020,80.9
South Savo,Machinery,Road construction machinery,GWh,2021,78.3
South Savo,Machinery,Road construction machinery,GWh,2022,81.8
South Savo,Machinery,Road construction machinery,GWh,2023,81.4
South Savo,Machinery,Road construction machinery,GWh,2024,80.6
South Savo,Road transport,Passenger cars,GWh,1990,785.7
South Savo,Road transport,Passenger cars,GWh,2005,724.9
South Savo,Road transport,Passenger cars,GWh,2006,726.7
South Savo,Road transport,Passenger cars,GWh,2007,739.1
South Savo,Road transport,Passenger cars,GWh,2008,715.6
South Savo,Road transport,Passenger cars,GWh,2009,717.6
South Savo,Road transport,Passenger cars,GWh,2010,712.8
South Savo,Road transport,Passenger cars,GWh,2011,693.4
South Savo,Road transport,Passenger cars,GWh,2012,686.9
South Savo,Road transport,Passenger cars,GWh,2013,691.3
South Savo,Road transport,Passenger cars,GWh,2014,686.4
South Savo,Road transport,Passenger cars,GWh,2015,676.1
South Savo,Road transport,Passenger cars,GWh,2016,656.2
South Savo,Road transport,Passenger cars,GWh,2017,672.3
South Savo,Road transport,Passenger cars,GWh,2018,663.4
South Savo,Road transport,Passenger cars,GWh,2019,645.4
South Savo,Road transport,Passenger cars,GWh,2020,596.1
South Savo,Road transport,Passenger cars,GWh,2021,606.4
South Savo,Road transport,Passenger cars,GWh,2022,567.7
South Savo,Road transport,Passenger cars,GWh,2023,560.6
South Savo,Road transport,Passenger cars,GWh,2024,556.8
South Savo,Road transport,Trucks,GWh,1990,242.6
South Savo,Road transport,Trucks,GWh,2005,344.8
South Savo,Road transport,Trucks,GWh,2006,351.4
South Savo,Road transport,Trucks,GWh,2007,370.2
South Savo,Road transport,Trucks,GWh,2008,351.1
South Savo,Road transport,Trucks,GWh,2009,318.6
South Savo,Road transport,Trucks,GWh,2010,365.3
South Savo,Road transport,Trucks,GWh,2011,389.2
South Savo,Road transport,Trucks,GWh,2012,364.5
South Savo,Road transport,Trucks,GWh,2013,366.8
South Savo,Road transport,Trucks,GWh,2014,341.5
South Savo,Road transport,Trucks,GWh,2015,338.5
South Savo,Road transport,Trucks,GWh,2016,342.7
South Savo,Road transport,Trucks,GWh,2017,321.9
South Savo,Road transport,Trucks,GWh,2018,326.7
South Savo,Road transport,Trucks,GWh,2019,317.2
South Savo,Road transport,Trucks,GWh,2020,302.9
South Savo,Road transport,Trucks,GWh,2021,325.6
South Savo,Road transport,Trucks,GWh,2022,310.1
South Savo,Road transport,Trucks,GWh,2023,295.6
South Savo,Road transport,Trucks,GWh,2024,300.3
South Savo,Road transport,Buses,GWh,1990,33.8
South Savo,Road transport,Buses,GWh,2005,42.1
South Savo,Road transport,Buses,GWh,2006,42.2
South Savo,Road transport,Buses,GWh,2007,41.0
South Savo,Road transport,Buses,GWh,2008,41.6
South Savo,Road transport,Buses,GWh,2009,41.0
South Savo,Road transport,Buses,GWh,2010,41.3
South Savo,Road transport,Buses,GWh,2011,40.3
South Savo,Road transport,Buses,GWh,2012,39.3
South Savo,Road transport,Buses,GWh,2013,38.9
South Savo,Road transport,Buses,GWh,2014,41.4
South Savo,Road transport,Buses,GWh,2015,40.6
South Savo,Road transport,Buses,GWh,2016,40.9
South Savo,Road transport,Buses,GWh,2017,41.6
South Savo,Road transport,Buses,GWh,2018,40.5
South Savo,Road transport,Buses,GWh,2019,39.0
South Savo,Road transport,Buses,GWh,2020,33.6
South Savo,Road transport,Buses,GWh,2021,30.9
South Savo,Road transport,Buses,GWh,2022,33.3
South Savo,Road transport,Buses,GWh,2023,33.4
South Savo,Road transport,Buses,GWh,2024,25.1
South Savo,Road transport,Vancouver vans,GWh,1990,95.7
South Savo,Road transport,Vancouver vans,GWh,2005,101.5
South Savo,Road transport,Vancouver vans,GWh,2006,103.1
South Savo,Road transport,Vancouver vans,GWh,2007,105.2
South Savo,Road transport,Vancouver vans,GWh,2008,104.9
South Savo,Road transport,Vancouver vans,GWh,2009,106.5
South Savo,Road transport,Vancouver vans,GWh,2010,107.7
South Savo,Road transport,Vancouver vans,GWh,2011,106.8
South Savo,Road transport,Vancouver vans,GWh,2012,106.1
South Savo,Road transport,Vancouver vans,GWh,2013,105.6
South Savo,Road transport,Vancouver vans,GWh,2014,107.8
South Savo,Road transport,Vancouver vans,GWh,2015,108.3
South Savo,Road transport,Vancouver vans,GWh,2016,105.3
South Savo,Road transport,Vancouver vans,GWh,2017,125.1
South Savo,Road transport,Vancouver vans,GWh,2018,125.5
South Savo,Road transport,Vancouver vans,GWh,2019,124.4
South Savo,Road transport,Vancouver vans,GWh,2020,122.2
South Savo,Road transport,Vancouver vans,GWh,2021,130.4
South Savo,Road transport,Vancouver vans,GWh,2022,122.0
South Savo,Road transport,Vancouver vans,GWh,2023,120.9
South Savo,Road transport,Vancouver vans,GWh,2024,125.9
South Savo,Road transport,Drive-through traffic,GWh,1990,118.8
South Savo,Road transport,Drive-through traffic,GWh,2005,174.2
South Savo,Road transport,Drive-through traffic,GWh,2006,179.0
South Savo,Road transport,Drive-through traffic,GWh,2007,194.3
South Savo,Road transport,Drive-through traffic,GWh,2008,191.9
South Savo,Road transport,Drive-through traffic,GWh,2009,165.2
South Savo,Road transport,Drive-through traffic,GWh,2010,178.8
South Savo,Road transport,Drive-through traffic,GWh,2011,177.0
South Savo,Road transport,Drive-through traffic,GWh,2012,176.2
South Savo,Road transport,Drive-through traffic,GWh,2013,173.0
South Savo,Road transport,Drive-through traffic,GWh,2014,166.3
South Savo,Road transport,Drive-through traffic,GWh,2015,178.2
South Savo,Road transport,Drive-through traffic,GWh,2016,200.3
South Savo,Road transport,Drive-through traffic,GWh,2017,192.3
South Savo,Road transport,Drive-through traffic,GWh,2018,200.9
South Savo,Road transport,Drive-through traffic,GWh,2019,185.3
South Savo,Road transport,Drive-through traffic,GWh,2020,185.4
South Savo,Road transport,Drive-through traffic,GWh,2021,189.5
South Savo,Road transport,Drive-through traffic,GWh,2022,185.0
South Savo,Road transport,Drive-through traffic,GWh,2023,172.1
South Savo,Road transport,Drive-through traffic,GWh,2024,171.0
South Savo,Road transport,Motorcycles and mopeds,GWh,1990,4.6
South Savo,Road transport,Motorcycles and mopeds,GWh,2005,10.3
South Savo,Road transport,Motorcycles and mopeds,GWh,2006,11.3
South Savo,Road transport,Motorcycles and mopeds,GWh,2007,12.7
South Savo,Road transport,Motorcycles and mopeds,GWh,2008,13.3
South Savo,Road transport,Motorcycles and mopeds,GWh,2009,13.7
South Savo,Road transport,Motorcycles and mopeds,GWh,2010,14.3
South Savo,Road transport,Motorcycles and mopeds,GWh,2011,15.2
South Savo,Road transport,Motorcycles and mopeds,GWh,2012,15.5
South Savo,Road transport,Motorcycles and mopeds,GWh,2013,15.9
South Savo,Road transport,Motorcycles and mopeds,GWh,2014,15.9
South Savo,Road transport,Motorcycles and mopeds,GWh,2015,15.6
South Savo,Road transport,Motorcycles and mopeds,GWh,2016,15.3
South Savo,Road transport,Motorcycles and mopeds,GWh,2017,12.3
South Savo,Road transport,Motorcycles and mopeds,GWh,2018,12.0
South Savo,Road transport,Motorcycles and mopeds,GWh,2019,11.5
South Savo,Road transport,Motorcycles and mopeds,GWh,2020,11.2
South Savo,Road transport,Motorcycles and mopeds,GWh,2021,11.8
South Savo,Road transport,Motorcycles and mopeds,GWh,2022,11.1
South Savo,Road transport,Motorcycles and mopeds,GWh,2023,11.6
South Savo,Road transport,Motorcycles and mopeds,GWh,2024,11.7
South Savo,Rail transport,Diesel,GWh,1990,21.3
South Savo,Rail transport,Diesel,GWh,2005,14.1
South Savo,Rail transport,Diesel,GWh,2006,15.0
South Savo,Rail transport,Diesel,GWh,2007,13.7
South Savo,Rail transport,Diesel,GWh,2008,14.9
South Savo,Rail transport,Diesel,GWh,2009,12.2
South Savo,Rail transport,Diesel,GWh,2010,13.1
South Savo,Rail transport,Diesel,GWh,2011,13.9
South Savo,Rail transport,Diesel,GWh,2012,15.3
South Savo,Rail transport,Diesel,GWh,2013,14.1
South Savo,Rail transport,Diesel,GWh,2014,12.5
South Savo,Rail transport,Diesel,GWh,2015,10.5
South Savo,Rail transport,Diesel,GWh,2016,8.3
South Savo,Rail transport,Diesel,GWh,2017,8.7
South Savo,Rail transport,Diesel,GWh,2018,8.8
South Savo,Rail transport,Diesel,GWh,2019,9.9
South Savo,Rail transport,Diesel,GWh,2020,8.6
South Savo,Rail transport,Diesel,GWh,2021,9.4
South Savo,Rail transport,Diesel,GWh,2022,10.4
South Savo,Rail transport,Diesel,GWh,2023,10.7
South Savo,Rail transport,Diesel,GWh,2024,9.3
South Savo,Rail transport,Electricity,GWh,1990,11.9
South Savo,Rail transport,Electricity,GWh,2005,17.6
South Savo,Rail transport,Electricity,GWh,2006,18.7
South Savo,Rail transport,Electricity,GWh,2007,21.1
South Savo,Rail transport,Electricity,GWh,2008,21.6
South Savo,Rail transport,Electricity,GWh,2009,20.9
South Savo,Rail transport,Electricity,GWh,2010,22.0
South Savo,Rail transport,Electricity,GWh,2011,22.4
South Savo,Rail transport,Electricity,GWh,2012,22.9
South Savo,Rail transport,Electricity,GWh,2013,22.4
South Savo,Rail transport,Electricity,GWh,2014,21.9
South Savo,Rail transport,Electricity,GWh,2015,19.0
South Savo,Rail transport,Electricity,GWh,2016,19.0
South Savo,Rail transport,Electricity,GWh,2017,18.8
South Savo,Rail transport,Electricity,GWh,2018,19.4
South Savo,Rail transport,Electricity,GWh,2019,20.4
South Savo,Rail transport,Electricity,GWh,2020,18.4
South Savo,Rail transport,Electricity,GWh,2021,16.3
South Savo,Rail transport,Electricity,GWh,2022,17.6
South Savo,Rail transport,Electricity,GWh,2023,18.5
South Savo,Rail transport,Electricity,GWh,2024,20.3
South Savo,Rail transport,Community trains,GWh,1990,0.0
South Savo,Rail transport,Community trains,GWh,2005,0.0
South Savo,Rail transport,Community trains,GWh,2006,0.0
South Savo,Rail transport,Community trains,GWh,2007,0.0
South Savo,Rail transport,Community trains,GWh,2008,0.0
South Savo,Rail transport,Community trains,GWh,2009,0.0
South Savo,Rail transport,Community trains,GWh,2010,0.0
South Savo,Rail transport,Community trains,GWh,2011,0.0
South Savo,Rail transport,Community trains,GWh,2012,0.0
South Savo,Rail transport,Community trains,GWh,2013,0.0
South Savo,Rail transport,Community trains,GWh,2014,0.0
South Savo,Rail transport,Community trains,GWh,2015,0.0
South Savo,Rail transport,Community trains,GWh,2016,0.0
South Savo,Rail transport,Community trains,GWh,2017,0.0
South Savo,Rail transport,Community trains,GWh,2018,0.0
South Savo,Rail transport,Community trains,GWh,2019,0.0
South Savo,Rail transport,Community trains,GWh,2020,0.0
South Savo,Rail transport,Community trains,GWh,2021,0.0
South Savo,Rail transport,Community trains,GWh,2022,0.0
South Savo,Rail transport,Community trains,GWh,2023,0.0
South Savo,Rail transport,Community trains,GWh,2024,0.0
South Savo,Rail transport,Metros and trams,GWh,1990,0.0
South Savo,Rail transport,Metros and trams,GWh,2005,0.0
South Savo,Rail transport,Metros and trams,GWh,2006,0.0
South Savo,Rail transport,Metros and trams,GWh,2007,0.0
South Savo,Rail transport,Metros and trams,GWh,2008,0.0
South Savo,Rail transport,Metros and trams,GWh,2009,0.0
South Savo,Rail transport,Metros and trams,GWh,2010,0.0
South Savo,Rail transport,Metros and trams,GWh,2011,0.0
South Savo,Rail transport,Metros and trams,GWh,2012,0.0
South Savo,Rail transport,Metros and trams,GWh,2013,0.0
South Savo,Rail transport,Metros and trams,GWh,2014,0.0
South Savo,Rail transport,Metros and trams,GWh,2015,0.0
South Savo,Rail transport,Metros and trams,GWh,2016,0.0
South Savo,Rail transport,Metros and trams,GWh,2017,0.0
South Savo,Rail transport,Metros and trams,GWh,2018,0.0
South Savo,Rail transport,Metros and trams,GWh,2019,0.0
South Savo,Rail transport,Metros and trams,GWh,2020,0.0
South Savo,Rail transport,Metros and trams,GWh,2021,0.0
South Savo,Rail transport,Metros and trams,GWh,2022,0.0
South Savo,Rail transport,Metros and trams,GWh,2023,0.0
South Savo,Rail transport,Metros and trams,GWh,2024,0.0
South Savo,Water transport,Pleasure boats,GWh,1990,36.3
South Savo,Water transport,Pleasure boats,GWh,2005,38.7
South Savo,Water transport,Pleasure boats,GWh,2006,39.9
South Savo,Water transport,Pleasure boats,GWh,2007,40.0
South Savo,Water transport,Pleasure boats,GWh,2008,32.8
South Savo,Water transport,Pleasure boats,GWh,2009,33.9
South Savo,Water transport,Pleasure boats,GWh,2010,36.1
South Savo,Water transport,Pleasure boats,GWh,2011,28.7
South Savo,Water transport,Pleasure boats,GWh,2012,30.3
South Savo,Water transport,Pleasure boats,GWh,2013,32.3
South Savo,Water transport,Pleasure boats,GWh,2014,29.8
South Savo,Water transport,Pleasure boats,GWh,2015,31.1
South Savo,Water transport,Pleasure boats,GWh,2016,29.9
South Savo,Water transport,Pleasure boats,GWh,2017,29.8
South Savo,Water transport,Pleasure boats,GWh,2018,30.0
South Savo,Water transport,Pleasure boats,GWh,2019,30.2
South Savo,Water transport,Pleasure boats,GWh,2020,34.9
South Savo,Water transport,Pleasure boats,GWh,2021,38.2
South Savo,Water transport,Pleasure boats,GWh,2022,30.1
South Savo,Water transport,Pleasure boats,GWh,2023,30.2
South Savo,Water transport,Pleasure boats,GWh,2024,31.7
South Savo,Water transport,Passenger traffic,GWh,1990,1.7
South Savo,Water transport,Passenger traffic,GWh,2005,2.9
South Savo,Water transport,Passenger traffic,GWh,2006,2.5
South Savo,Water transport,Passenger traffic,GWh,2007,4.0
South Savo,Water transport,Passenger traffic,GWh,2008,2.4
South Savo,Water transport,Passenger traffic,GWh,2009,2.3
South Savo,Water transport,Passenger traffic,GWh,2010,2.0
South Savo,Water transport,Passenger traffic,GWh,2011,2.7
South Savo,Water transport,Passenger traffic,GWh,2012,3.2
South Savo,Water transport,Passenger traffic,GWh,2013,3.7
South Savo,Water transport,Passenger traffic,GWh,2014,2.1
South Savo,Water transport,Passenger traffic,GWh,2015,1.7
South Savo,Water transport,Passenger traffic,GWh,2016,1.6
South Savo,Water transport,Passenger traffic,GWh,2017,1.6
South Savo,Water transport,Passenger traffic,GWh,2018,1.4
South Savo,Water transport,Passenger traffic,GWh,2019,1.7
South Savo,Water transport,Passenger traffic,GWh,2020,1.1
South Savo,Water transport,Passenger traffic,GWh,2021,1.1
South Savo,Water transport,Passenger traffic,GWh,2022,1.0
South Savo,Water transport,Passenger traffic,GWh,2023,0.9
South Savo,Water transport,Passenger traffic,GWh,2024,0.9
South Savo,Water transport,Goods traffic,GWh,1990,0.3
South Savo,Water transport,Goods traffic,GWh,2005,0.3
South Savo,Water transport,Goods traffic,GWh,2006,0.2
South Savo,Water transport,Goods traffic,GWh,2007,0.2
South Savo,Water transport,Goods traffic,GWh,2008,0.1
South Savo,Water transport,Goods traffic,GWh,2009,0.1
South Savo,Water transport,Goods traffic,GWh,2010,0.1
South Savo,Water transport,Goods traffic,GWh,2011,0.2
South Savo,Water transport,Goods traffic,GWh,2012,0.6
South Savo,Water transport,Goods traffic,GWh,2013,0.7
South Savo,Water transport,Goods traffic,GWh,2014,0.6
South Savo,Water transport,Goods traffic,GWh,2015,1.3
South Savo,Water transport,Goods traffic,GWh,2016,1.0
South Savo,Water transport,Goods traffic,GWh,2017,1.3
South Savo,Water transport,Goods traffic,GWh,2018,1.3
South Savo,Water transport,Goods traffic,GWh,2019,1.4
South Savo,Water transport,Goods traffic,GWh,2020,0.5
South Savo,Water transport,Goods traffic,GWh,2021,0.3
South Savo,Water transport,Goods traffic,GWh,2022,0.1
South Savo,Water transport,Goods traffic,GWh,2023,0.1
South Savo,Water transport,Goods traffic,GWh,2024,0.3
South Savo,Water transport,Fishing vessels,GWh,1990,0.0
South Savo,Water transport,Fishing vessels,GWh,2005,0.0
South Savo,Water transport,Fishing vessels,GWh,2006,0.0
South Savo,Water transport,Fishing vessels,GWh,2007,0.0
South Savo,Water transport,Fishing vessels,GWh,2008,0.0
South Savo,Water transport,Fishing vessels,GWh,2009,0.0
South Savo,Water transport,Fishing vessels,GWh,2010,0.0
South Savo,Water transport,Fishing vessels,GWh,2011,0.0
South Savo,Water transport,Fishing vessels,GWh,2012,0.0
South Savo,Water transport,Fishing vessels,GWh,2013,0.0
South Savo,Water transport,Fishing vessels,GWh,2014,0.0
South Savo,Water transport,Fishing vessels,GWh,2015,0.0
South Savo,Water transport,Fishing vessels,GWh,2016,0.0
South Savo,Water transport,Fishing vessels,GWh,2017,0.0
South Savo,Water transport,Fishing vessels,GWh,2018,0.0
South Savo,Water transport,Fishing vessels,GWh,2019,0.0
South Savo,Water transport,Fishing vessels,GWh,2020,0.0
South Savo,Water transport,Fishing vessels,GWh,2021,0.0
South Savo,Water transport,Fishing vessels,GWh,2022,0.0
South Savo,Water transport,Fishing vessels,GWh,2023,0.0
South Savo,Water transport,Fishing vessels,GWh,2024,0.0
South Savo,Water transport,,GWh,1990,2.2
South Savo,Water transport,,GWh,2005,2.0
South Savo,Water transport,,GWh,2006,1.9
South Savo,Water transport,,GWh,2007,1.9
South Savo,Water transport,,GWh,2008,1.7
South Savo,Water transport,,GWh,2009,1.8
South Savo,Water transport,,GWh,2010,1.9
South Savo,Water transport,,GWh,2011,1.9
South Savo,Water transport,,GWh,2012,2.5
South Savo,Water transport,,GWh,2013,3.1
South Savo,Water transport,,GWh,2014,2.7
South Savo,Water transport,,GWh,2015,3.0
South Savo,Water transport,,GWh,2016,2.9
South Savo,Water transport,,GWh,2017,2.9
South Savo,Water transport,,GWh,2018,2.5
South Savo,Water transport,,GWh,2019,2.4
South Savo,Water transport,,GWh,2020,2.2
South Savo,Water transport,,GWh,2021,1.7
South Savo,Water transport,,GWh,2022,1.6
South Savo,Water transport,,GWh,2023,1.6
South Savo,Water transport,,GWh,2024,1.5
South Savo,Water transport,Workboats and ships,GWh,1990,21.2
South Savo,Water transport,Workboats and ships,GWh,2005,16.9
South Savo,Water transport,Workboats and ships,GWh,2006,16.9
South Savo,Water transport,Workboats and ships,GWh,2007,16.7
South Savo,Water transport,Workboats and ships,GWh,2008,16.5
South Savo,Water transport,Workboats and ships,GWh,2009,16.3
South Savo,Water transport,Workboats and ships,GWh,2010,16.2
South Savo,Water transport,Workboats and ships,GWh,2011,16.0
South Savo,Water transport,Workboats and ships,GWh,2012,15.8
South Savo,Water transport,Workboats and ships,GWh,2013,15.7
South Savo,Water transport,Workboats and ships,GWh,2014,15.5
South Savo,Water transport,Workboats and ships,GWh,2015,15.5
South Savo,Water transport,Workboats and ships,GWh,2016,15.2
South Savo,Water transport,Workboats and ships,GWh,2017,15.0
South Savo,Water transport,Workboats and ships,GWh,2018,14.7
South Savo,Water transport,Workboats and ships,GWh,2019,14.4
South Savo,Water transport,Workboats and ships,GWh,2020,14.3
South Savo,Water transport,Workboats and ships,GWh,2021,14.1
South Savo,Water transport,Workboats and ships,GWh,2022,13.9
South Savo,Water transport,Workboats and ships,GWh,2023,13.7
South Savo,Water transport,Workboats and ships,GWh,2024,6.8
South Savo,Emission credits,Wind power,GWh,1990,0.0
South Savo,Emission credits,Wind power,GWh,2005,0.0
South Savo,Emission credits,Wind power,GWh,2006,0.0
South Savo,Emission credits,Wind power,GWh,2007,0.0
South Savo,Emission credits,Wind power,GWh,2008,0.0
South Savo,Emission credits,Wind power,GWh,2009,0.0
South Savo,Emission credits,Wind power,GWh,2010,0.0
South Savo,Emission credits,Wind power,GWh,2011,0.0
South Savo,Emission credits,Wind power,GWh,2012,0.0
South Savo,Emission credits,Wind power,GWh,2013,0.0
South Savo,Emission credits,Wind power,GWh,2014,0.0
South Savo,Emission credits,Wind power,GWh,2015,0.0
South Savo,Emission credits,Wind power,GWh,2016,0.0
South Savo,Emission credits,Wind power,GWh,2017,0.0
South Savo,Emission credits,Wind power,GWh,2018,0.0
South Savo,Emission credits,Wind power,GWh,2019,0.0
South Savo,Emission credits,Wind power,GWh,2020,0.0
South Savo,Emission credits,Wind power,GWh,2021,0.0
South Savo,Emission credits,Wind power,GWh,2022,0.0
South Savo,Emission credits,Wind power,GWh,2023,0.0
South Savo,Emission credits,Wind power,GWh,2024,31.0
Southwest Finland,Electricity,Housing,GWh,1990,768.8
Southwest Finland,Electricity,Housing,GWh,2005,1028.4
Southwest Finland,Electricity,Housing,GWh,2006,1073.8
Southwest Finland,Electricity,Housing,GWh,2007,1074.6
Southwest Finland,Electricity,Housing,GWh,2008,1073.9
Southwest Finland,Electricity,Housing,GWh,2009,1102.6
Southwest Finland,Electricity,Housing,GWh,2010,1194.3
Southwest Finland,Electricity,Housing,GWh,2011,1114.8
Southwest Finland,Electricity,Housing,GWh,2012,1167.2
Southwest Finland,Electricity,Housing,GWh,2013,1128.1
Southwest Finland,Electricity,Housing,GWh,2014,1112.5
Southwest Finland,Electricity,Housing,GWh,2015,1090.6
Southwest Finland,Electricity,Housing,GWh,2016,1153.2
Southwest Finland,Electricity,Housing,GWh,2017,1145.9
Southwest Finland,Electricity,Housing,GWh,2018,1160.4
Southwest Finland,Electricity,Housing,GWh,2019,1162.4
Southwest Finland,Electricity,Housing,GWh,2020,1134.6
Southwest Finland,Electricity,Housing,GWh,2021,1286.0
Southwest Finland,Electricity,Housing,GWh,2022,1201.0
Southwest Finland,Electricity,Housing,GWh,2023,1178.7
Southwest Finland,Electricity,Housing,GWh,2024,1180.3
Southwest Finland,Electricity,Agriculture,GWh,1990,82.9
Southwest Finland,Electricity,Agriculture,GWh,2005,117.8
Southwest Finland,Electricity,Agriculture,GWh,2006,121.9
Southwest Finland,Electricity,Agriculture,GWh,2007,126.3
Southwest Finland,Electricity,Agriculture,GWh,2008,130.0
Southwest Finland,Electricity,Agriculture,GWh,2009,134.0
Southwest Finland,Electricity,Agriculture,GWh,2010,139.5
Southwest Finland,Electricity,Agriculture,GWh,2011,143.5
Southwest Finland,Electricity,Agriculture,GWh,2012,145.9
Southwest Finland,Electricity,Agriculture,GWh,2013,117.0
Southwest Finland,Electricity,Agriculture,GWh,2014,111.4
Southwest Finland,Electricity,Agriculture,GWh,2015,109.9
Southwest Finland,Electricity,Agriculture,GWh,2016,131.4
Southwest Finland,Electricity,Agriculture,GWh,2017,130.8
Southwest Finland,Electricity,Agriculture,GWh,2018,141.7
Southwest Finland,Electricity,Agriculture,GWh,2019,145.1
Southwest Finland,Electricity,Agriculture,GWh,2020,110.2
Southwest Finland,Electricity,Agriculture,GWh,2021,111.8
Southwest Finland,Electricity,Agriculture,GWh,2022,110.7
Southwest Finland,Electricity,Agriculture,GWh,2023,105.7
Southwest Finland,Electricity,Agriculture,GWh,2024,93.9
Southwest Finland,Electricity,Services,GWh,1990,762.1
Southwest Finland,Electricity,Services,GWh,2005,1152.3
Southwest Finland,Electricity,Services,GWh,2006,1215.3
Southwest Finland,Electricity,Services,GWh,2007,1232.9
Southwest Finland,Electricity,Services,GWh,2008,1260.0
Southwest Finland,Electricity,Services,GWh,2009,1334.4
Southwest Finland,Electricity,Services,GWh,2010,1376.8
Southwest Finland,Electricity,Services,GWh,2011,1314.2
Southwest Finland,Electricity,Services,GWh,2012,1357.7
Southwest Finland,Electricity,Services,GWh,2013,1350.7
Southwest Finland,Electricity,Services,GWh,2014,1335.9
Southwest Finland,Electricity,Services,GWh,2015,1362.9
Southwest Finland,Electricity,Services,GWh,2016,1309.6
Southwest Finland,Electricity,Services,GWh,2017,1344.9
Southwest Finland,Electricity,Services,GWh,2018,1467.1
Southwest Finland,Electricity,Services,GWh,2019,1446.3
Southwest Finland,Electricity,Services,GWh,2020,1302.1
Southwest Finland,Electricity,Services,GWh,2021,1405.7
Southwest Finland,Electricity,Services,GWh,2022,1457.9
Southwest Finland,Electricity,Services,GWh,2023,1527.6
Southwest Finland,Electricity,Services,GWh,2024,1617.9
Southwest Finland,Electricity,Industry,GWh,1990,1207.7
Southwest Finland,Electricity,Industry,GWh,2005,1360.4
Southwest Finland,Electricity,Industry,GWh,2006,1489.6
Southwest Finland,Electricity,Industry,GWh,2007,1477.4
Southwest Finland,Electricity,Industry,GWh,2008,1430.6
Southwest Finland,Electricity,Industry,GWh,2009,1259.4
Southwest Finland,Electricity,Industry,GWh,2010,1303.4
Southwest Finland,Electricity,Industry,GWh,2011,1287.3
Southwest Finland,Electricity,Industry,GWh,2012,1265.0
Southwest Finland,Electricity,Industry,GWh,2013,1293.1
Southwest Finland,Electricity,Industry,GWh,2014,1254.3
Southwest Finland,Electricity,Industry,GWh,2015,1234.4
Southwest Finland,Electricity,Industry,GWh,2016,1309.9
Southwest Finland,Electricity,Industry,GWh,2017,1345.5
Southwest Finland,Electricity,Industry,GWh,2018,1366.0
Southwest Finland,Electricity,Industry,GWh,2019,1350.1
Southwest Finland,Electricity,Industry,GWh,2020,1307.1
Southwest Finland,Electricity,Industry,GWh,2021,1279.5
Southwest Finland,Electricity,Industry,GWh,2022,1148.1
Southwest Finland,Electricity,Industry,GWh,2023,1040.9
Southwest Finland,Electricity,Industry,GWh,2024,1072.8
Southwest Finland,Electric heating,Housing,GWh,1990,551.0
Southwest Finland,Electric heating,Housing,GWh,2005,776.0
Southwest Finland,Electric heating,Housing,GWh,2006,791.9
Southwest Finland,Electric heating,Housing,GWh,2007,799.0
Southwest Finland,Electric heating,Housing,GWh,2008,789.3
Southwest Finland,Electric heating,Housing,GWh,2009,832.8
Southwest Finland,Electric heating,Housing,GWh,2010,907.9
Southwest Finland,Electric heating,Housing,GWh,2011,828.1
Southwest Finland,Electric heating,Housing,GWh,2012,870.6
Southwest Finland,Electric heating,Housing,GWh,2013,873.9
Southwest Finland,Electric heating,Housing,GWh,2014,827.9
Southwest Finland,Electric heating,Housing,GWh,2015,812.8
Southwest Finland,Electric heating,Housing,GWh,2016,869.8
Southwest Finland,Electric heating,Housing,GWh,2017,852.7
Southwest Finland,Electric heating,Housing,GWh,2018,868.8
Southwest Finland,Electric heating,Housing,GWh,2019,836.3
Southwest Finland,Electric heating,Housing,GWh,2020,822.0
Southwest Finland,Electric heating,Housing,GWh,2021,929.9
Southwest Finland,Electric heating,Housing,GWh,2022,861.1
Southwest Finland,Electric heating,Housing,GWh,2023,839.4
Southwest Finland,Electric heating,Housing,GWh,2024,839.3
Southwest Finland,Electric heating,Agriculture,GWh,1990,12.3
Southwest Finland,Electric heating,Agriculture,GWh,2005,17.8
Southwest Finland,Electric heating,Agriculture,GWh,2006,17.7
Southwest Finland,Electric heating,Agriculture,GWh,2007,18.3
Southwest Finland,Electric heating,Agriculture,GWh,2008,17.1
Southwest Finland,Electric heating,Agriculture,GWh,2009,19.8
Southwest Finland,Electric heating,Agriculture,GWh,2010,20.1
Southwest Finland,Electric heating,Agriculture,GWh,2011,20.4
Southwest Finland,Electric heating,Agriculture,GWh,2012,20.4
Southwest Finland,Electric heating,Agriculture,GWh,2013,22.2
Southwest Finland,Electric heating,Agriculture,GWh,2014,21.3
Southwest Finland,Electric heating,Agriculture,GWh,2015,21.3
Southwest Finland,Electric heating,Agriculture,GWh,2016,21.4
Southwest Finland,Electric heating,Agriculture,GWh,2017,20.8
Southwest Finland,Electric heating,Agriculture,GWh,2018,22.3
Southwest Finland,Electric heating,Agriculture,GWh,2019,21.9
Southwest Finland,Electric heating,Agriculture,GWh,2020,22.1
Southwest Finland,Electric heating,Agriculture,GWh,2021,22.6
Southwest Finland,Electric heating,Agriculture,GWh,2022,22.4
Southwest Finland,Electric heating,Agriculture,GWh,2023,21.7
Southwest Finland,Electric heating,Agriculture,GWh,2024,20.3
Southwest Finland,Electric heating,Services,GWh,1990,116.3
Southwest Finland,Electric heating,Services,GWh,2005,112.5
Southwest Finland,Electric heating,Services,GWh,2006,86.3
Southwest Finland,Electric heating,Services,GWh,2007,94.9
Southwest Finland,Electric heating,Services,GWh,2008,92.9
Southwest Finland,Electric heating,Services,GWh,2009,99.8
Southwest Finland,Electric heating,Services,GWh,2010,104.4
Southwest Finland,Electric heating,Services,GWh,2011,100.3
Southwest Finland,Electric heating,Services,GWh,2012,100.7
Southwest Finland,Electric heating,Services,GWh,2013,105.5
Southwest Finland,Electric heating,Services,GWh,2014,103.5
Southwest Finland,Electric heating,Services,GWh,2015,103.5
Southwest Finland,Electric heating,Services,GWh,2016,111.7
Southwest Finland,Electric heating,Services,GWh,2017,112.1
Southwest Finland,Electric heating,Services,GWh,2018,113.7
Southwest Finland,Electric heating,Services,GWh,2019,112.9
Southwest Finland,Electric heating,Services,GWh,2020,107.2
Southwest Finland,Electric heating,Services,GWh,2021,115.3
Southwest Finland,Electric heating,Services,GWh,2022,119.6
Southwest Finland,Electric heating,Services,GWh,2023,119.3
Southwest Finland,Electric heating,Services,GWh,2024,116.3
Southwest Finland,District heating,Housing,GWh,1990,910.2
Southwest Finland,District heating,Housing,GWh,2005,1487.1
Southwest Finland,District heating,Housing,GWh,2006,1575.7
Southwest Finland,District heating,Housing,GWh,2007,1603.4
Southwest Finland,District heating,Housing,GWh,2008,1566.1
Southwest Finland,District heating,Housing,GWh,2009,1719.7
Southwest Finland,District heating,Housing,GWh,2010,1915.6
Southwest Finland,District heating,Housing,GWh,2011,1619.2
Southwest Finland,District heating,Housing,GWh,2012,1763.2
Southwest Finland,District heating,Housing,GWh,2013,1644.1
Southwest Finland,District heating,Housing,GWh,2014,1613.6
Southwest Finland,District heating,Housing,GWh,2015,1531.0
Southwest Finland,District heating,Housing,GWh,2016,1691.0
Southwest Finland,District heating,Housing,GWh,2017,1674.3
Southwest Finland,District heating,Housing,GWh,2018,1683.6
Southwest Finland,District heating,Housing,GWh,2019,1660.0
Southwest Finland,District heating,Housing,GWh,2020,1501.9
Southwest Finland,District heating,Housing,GWh,2021,1761.3
Southwest Finland,District heating,Housing,GWh,2022,1633.3
Southwest Finland,District heating,Housing,GWh,2023,1642.3
Southwest Finland,District heating,Housing,GWh,2024,1560.6
Southwest Finland,District heating,Agriculture,GWh,1990,10.1
Southwest Finland,District heating,Agriculture,GWh,2005,16.6
Southwest Finland,District heating,Agriculture,GWh,2006,17.3
Southwest Finland,District heating,Agriculture,GWh,2007,17.3
Southwest Finland,District heating,Agriculture,GWh,2008,16.5
Southwest Finland,District heating,Agriculture,GWh,2009,22.3
Southwest Finland,District heating,Agriculture,GWh,2010,25.9
Southwest Finland,District heating,Agriculture,GWh,2011,20.2
Southwest Finland,District heating,Agriculture,GWh,2012,21.6
Southwest Finland,District heating,Agriculture,GWh,2013,20.9
Southwest Finland,District heating,Agriculture,GWh,2014,22.0
Southwest Finland,District heating,Agriculture,GWh,2015,19.2
Southwest Finland,District heating,Agriculture,GWh,2016,21.6
Southwest Finland,District heating,Agriculture,GWh,2017,20.5
Southwest Finland,District heating,Agriculture,GWh,2018,21.6
Southwest Finland,District heating,Agriculture,GWh,2019,19.8
Southwest Finland,District heating,Agriculture,GWh,2020,17.4
Southwest Finland,District heating,Agriculture,GWh,2021,19.8
Southwest Finland,District heating,Agriculture,GWh,2022,20.3
Southwest Finland,District heating,Agriculture,GWh,2023,21.3
Southwest Finland,District heating,Agriculture,GWh,2024,20.3
Southwest Finland,District heating,Services,GWh,1990,541.2
Southwest Finland,District heating,Services,GWh,2005,744.1
Southwest Finland,District heating,Services,GWh,2006,706.5
Southwest Finland,District heating,Services,GWh,2007,716.4
Southwest Finland,District heating,Services,GWh,2008,726.8
Southwest Finland,District heating,Services,GWh,2009,844.9
Southwest Finland,District heating,Services,GWh,2010,960.3
Southwest Finland,District heating,Services,GWh,2011,806.8
Southwest Finland,District heating,Services,GWh,2012,898.2
Southwest Finland,District heating,Services,GWh,2013,848.9
Southwest Finland,District heating,Services,GWh,2014,820.2
Southwest Finland,District heating,Services,GWh,2015,766.6
Southwest Finland,District heating,Services,GWh,2016,858.5
Southwest Finland,District heating,Services,GWh,2017,861.0
Southwest Finland,District heating,Services,GWh,2018,875.6
Southwest Finland,District heating,Services,GWh,2019,855.6
Southwest Finland,District heating,Services,GWh,2020,766.9
Southwest Finland,District heating,Services,GWh,2021,916.3
Southwest Finland,District heating,Services,GWh,2022,846.0
Southwest Finland,District heating,Services,GWh,2023,857.1
Southwest Finland,District heating,Services,GWh,2024,826.8
Southwest Finland,District heating,Industry,GWh,1990,170.5
Southwest Finland,District heating,Industry,GWh,2005,216.4
Southwest Finland,District heating,Industry,GWh,2006,204.0
Southwest Finland,District heating,Industry,GWh,2007,190.1
Southwest Finland,District heating,Industry,GWh,2008,192.6
Southwest Finland,District heating,Industry,GWh,2009,220.2
Southwest Finland,District heating,Industry,GWh,2010,255.2
Southwest Finland,District heating,Industry,GWh,2011,218.3
Southwest Finland,District heating,Industry,GWh,2012,234.8
Southwest Finland,District heating,Industry,GWh,2013,219.0
Southwest Finland,District heating,Industry,GWh,2014,213.0
Southwest Finland,District heating,Industry,GWh,2015,208.1
Southwest Finland,District heating,Industry,GWh,2016,229.6
Southwest Finland,District heating,Industry,GWh,2017,217.3
Southwest Finland,District heating,Industry,GWh,2018,240.8
Southwest Finland,District heating,Industry,GWh,2019,215.3
Southwest Finland,District heating,Industry,GWh,2020,197.7
Southwest Finland,District heating,Industry,GWh,2021,252.5
Southwest Finland,District heating,Industry,GWh,2022,233.7
Southwest Finland,District heating,Industry,GWh,2023,234.3
Southwest Finland,District heating,Industry,GWh,2024,221.8
Southwest Finland,Oil heating,Housing,GWh,1990,1284.3
Southwest Finland,Oil heating,Housing,GWh,2005,838.9
Southwest Finland,Oil heating,Housing,GWh,2006,809.4
Southwest Finland,Oil heating,Housing,GWh,2007,787.8
Southwest Finland,Oil heating,Housing,GWh,2008,601.8
Southwest Finland,Oil heating,Housing,GWh,2009,618.6
Southwest Finland,Oil heating,Housing,GWh,2010,679.1
Southwest Finland,Oil heating,Housing,GWh,2011,502.1
Southwest Finland,Oil heating,Housing,GWh,2012,521.5
Southwest Finland,Oil heating,Housing,GWh,2013,461.1
Southwest Finland,Oil heating,Housing,GWh,2014,433.7
Southwest Finland,Oil heating,Housing,GWh,2015,392.6
Southwest Finland,Oil heating,Housing,GWh,2016,410.9
Southwest Finland,Oil heating,Housing,GWh,2017,385.4
Southwest Finland,Oil heating,Housing,GWh,2018,355.6
Southwest Finland,Oil heating,Housing,GWh,2019,315.0
Southwest Finland,Oil heating,Housing,GWh,2020,273.4
Southwest Finland,Oil heating,Housing,GWh,2021,256.4
Southwest Finland,Oil heating,Housing,GWh,2022,184.6
Southwest Finland,Oil heating,Housing,GWh,2023,89.2
Southwest Finland,Oil heating,Housing,GWh,2024,74.4
Southwest Finland,Oil heating,Agriculture,GWh,1990,212.8
Southwest Finland,Oil heating,Agriculture,GWh,2005,88.9
Southwest Finland,Oil heating,Agriculture,GWh,2006,78.5
Southwest Finland,Oil heating,Agriculture,GWh,2007,70.9
Southwest Finland,Oil heating,Agriculture,GWh,2008,62.9
Southwest Finland,Oil heating,Agriculture,GWh,2009,67.9
Southwest Finland,Oil heating,Agriculture,GWh,2010,82.8
Southwest Finland,Oil heating,Agriculture,GWh,2011,66.7
Southwest Finland,Oil heating,Agriculture,GWh,2012,74.7
Southwest Finland,Oil heating,Agriculture,GWh,2013,53.5
Southwest Finland,Oil heating,Agriculture,GWh,2014,52.3
Southwest Finland,Oil heating,Agriculture,GWh,2015,48.2
Southwest Finland,Oil heating,Agriculture,GWh,2016,39.0
Southwest Finland,Oil heating,Agriculture,GWh,2017,34.7
Southwest Finland,Oil heating,Agriculture,GWh,2018,37.7
Southwest Finland,Oil heating,Agriculture,GWh,2019,37.5
Southwest Finland,Oil heating,Agriculture,GWh,2020,33.1
Southwest Finland,Oil heating,Agriculture,GWh,2021,39.8
Southwest Finland,Oil heating,Agriculture,GWh,2022,36.7
Southwest Finland,Oil heating,Agriculture,GWh,2023,37.5
Southwest Finland,Oil heating,Agriculture,GWh,2024,25.2
Southwest Finland,Oil heating,Services,GWh,1990,558.5
Southwest Finland,Oil heating,Services,GWh,2005,355.6
Southwest Finland,Oil heating,Services,GWh,2006,339.3
Southwest Finland,Oil heating,Services,GWh,2007,329.7
Southwest Finland,Oil heating,Services,GWh,2008,260.6
Southwest Finland,Oil heating,Services,GWh,2009,292.0
Southwest Finland,Oil heating,Services,GWh,2010,324.6
Southwest Finland,Oil heating,Services,GWh,2011,271.5
Southwest Finland,Oil heating,Services,GWh,2012,294.4
Southwest Finland,Oil heating,Services,GWh,2013,272.0
Southwest Finland,Oil heating,Services,GWh,2014,264.6
Southwest Finland,Oil heating,Services,GWh,2015,247.9
Southwest Finland,Oil heating,Services,GWh,2016,274.4
Southwest Finland,Oil heating,Services,GWh,2017,270.5
Southwest Finland,Oil heating,Services,GWh,2018,274.4
Southwest Finland,Oil heating,Services,GWh,2019,269.7
Southwest Finland,Oil heating,Services,GWh,2020,242.0
Southwest Finland,Oil heating,Services,GWh,2021,291.2
Southwest Finland,Oil heating,Services,GWh,2022,274.0
Southwest Finland,Oil heating,Services,GWh,2023,274.8
Southwest Finland,Oil heating,Services,GWh,2024,263.5
Southwest Finland,Other heating,Housing,GWh,1990,1100.0
Southwest Finland,Other heating,Housing,GWh,2005,1051.4
Southwest Finland,Other heating,Housing,GWh,2006,977.3
Southwest Finland,Other heating,Housing,GWh,2007,1036.2
Southwest Finland,Other heating,Housing,GWh,2008,1042.3
Southwest Finland,Other heating,Housing,GWh,2009,1125.0
Southwest Finland,Other heating,Housing,GWh,2010,1268.5
Southwest Finland,Other heating,Housing,GWh,2011,1071.9
Southwest Finland,Other heating,Housing,GWh,2012,1154.7
Southwest Finland,Other heating,Housing,GWh,2013,1128.8
Southwest Finland,Other heating,Housing,GWh,2014,1109.6
Southwest Finland,Other heating,Housing,GWh,2015,1057.2
Southwest Finland,Other heating,Housing,GWh,2016,1171.4
Southwest Finland,Other heating,Housing,GWh,2017,1125.9
Southwest Finland,Other heating,Housing,GWh,2018,1125.5
Southwest Finland,Other heating,Housing,GWh,2019,1077.6
Southwest Finland,Other heating,Housing,GWh,2020,1012.2
Southwest Finland,Other heating,Housing,GWh,2021,1150.3
Southwest Finland,Other heating,Housing,GWh,2022,1071.3
Southwest Finland,Other heating,Housing,GWh,2023,1034.2
Southwest Finland,Other heating,Housing,GWh,2024,970.7
Southwest Finland,Other heating,Agriculture,GWh,1990,307.3
Southwest Finland,Other heating,Agriculture,GWh,2005,352.3
Southwest Finland,Other heating,Agriculture,GWh,2006,352.0
Southwest Finland,Other heating,Agriculture,GWh,2007,385.4
Southwest Finland,Other heating,Agriculture,GWh,2008,368.6
Southwest Finland,Other heating,Agriculture,GWh,2009,370.7
Southwest Finland,Other heating,Agriculture,GWh,2010,408.4
Southwest Finland,Other heating,Agriculture,GWh,2011,392.4
Southwest Finland,Other heating,Agriculture,GWh,2012,410.8
Southwest Finland,Other heating,Agriculture,GWh,2013,426.2
Southwest Finland,Other heating,Agriculture,GWh,2014,395.4
Southwest Finland,Other heating,Agriculture,GWh,2015,383.6
Southwest Finland,Other heating,Agriculture,GWh,2016,416.0
Southwest Finland,Other heating,Agriculture,GWh,2017,416.1
Southwest Finland,Other heating,Agriculture,GWh,2018,391.3
Southwest Finland,Other heating,Agriculture,GWh,2019,393.6
Southwest Finland,Other heating,Agriculture,GWh,2020,390.8
Southwest Finland,Other heating,Agriculture,GWh,2021,390.4
Southwest Finland,Other heating,Agriculture,GWh,2022,401.8
Southwest Finland,Other heating,Agriculture,GWh,2023,388.9
Southwest Finland,Other heating,Agriculture,GWh,2024,242.5
Southwest Finland,Other heating,Services,GWh,1990,655.1
Southwest Finland,Other heating,Services,GWh,2005,115.4
Southwest Finland,Other heating,Services,GWh,2006,103.7
Southwest Finland,Other heating,Services,GWh,2007,105.1
Southwest Finland,Other heating,Services,GWh,2008,100.4
Southwest Finland,Other heating,Services,GWh,2009,116.5
Southwest Finland,Other heating,Services,GWh,2010,132.1
Southwest Finland,Other heating,Services,GWh,2011,105.9
Southwest Finland,Other heating,Services,GWh,2012,107.4
Southwest Finland,Other heating,Services,GWh,2013,107.7
Southwest Finland,Other heating,Services,GWh,2014,102.4
Southwest Finland,Other heating,Services,GWh,2015,86.7
Southwest Finland,Other heating,Services,GWh,2016,94.9
Southwest Finland,Other heating,Services,GWh,2017,90.0
Southwest Finland,Other heating,Services,GWh,2018,91.4
Southwest Finland,Other heating,Services,GWh,2019,93.2
Southwest Finland,Other heating,Services,GWh,2020,87.6
Southwest Finland,Other heating,Services,GWh,2021,107.0
Southwest Finland,Other heating,Services,GWh,2022,100.1
Southwest Finland,Other heating,Services,GWh,2023,101.9
Southwest Finland,Other heating,Services,GWh,2024,99.2
Southwest Finland,Industry,Industrial fuels,GWh,1990,2765.9
Southwest Finland,Industry,Industrial fuels,GWh,2005,2551.4
Southwest Finland,Industry,Industrial fuels,GWh,2006,2349.0
Southwest Finland,Industry,Industrial fuels,GWh,2007,2589.6
Southwest Finland,Industry,Industrial fuels,GWh,2008,2493.9
Southwest Finland,Industry,Industrial fuels,GWh,2009,2035.2
Southwest Finland,Industry,Industrial fuels,GWh,2010,2301.9
Southwest Finland,Industry,Industrial fuels,GWh,2011,2168.5
Southwest Finland,Industry,Industrial fuels,GWh,2012,1894.7
Southwest Finland,Industry,Industrial fuels,GWh,2013,1895.3
Southwest Finland,Industry,Industrial fuels,GWh,2014,1774.7
Southwest Finland,Industry,Industrial fuels,GWh,2015,1795.6
Southwest Finland,Industry,Industrial fuels,GWh,2016,1903.4
Southwest Finland,Industry,Industrial fuels,GWh,2017,1340.7
Southwest Finland,Industry,Industrial fuels,GWh,2018,1628.9
Southwest Finland,Industry,Industrial fuels,GWh,2019,2029.4
Southwest Finland,Industry,Industrial fuels,GWh,2020,2059.2
Southwest Finland,Industry,Industrial fuels,GWh,2021,1834.8
Southwest Finland,Industry,Industrial fuels,GWh,2022,1548.3
Southwest Finland,Industry,Industrial fuels,GWh,2023,2147.8
Southwest Finland,Industry,Industrial fuels,GWh,2024,1517.2
Southwest Finland,Machinery,Mining and industrial machinery,GWh,1990,131.1
Southwest Finland,Machinery,Mining and industrial machinery,GWh,2005,134.0
Southwest Finland,Machinery,Mining and industrial machinery,GWh,2006,163.9
Southwest Finland,Machinery,Mining and industrial machinery,GWh,2007,168.2
Southwest Finland,Machinery,Mining and industrial machinery,GWh,2008,170.9
Southwest Finland,Machinery,Mining and industrial machinery,GWh,2009,149.2
Southwest Finland,Machinery,Mining and industrial machinery,GWh,2010,144.8
Southwest Finland,Machinery,Mining and industrial machinery,GWh,2011,139.1
Southwest Finland,Machinery,Mining and industrial machinery,GWh,2012,131.7
Southwest Finland,Machinery,Mining and industrial machinery,GWh,2013,128.0
Southwest Finland,Machinery,Mining and industrial machinery,GWh,2014,122.8
Southwest Finland,Machinery,Mining and industrial machinery,GWh,2015,121.7
Southwest Finland,Machinery,Mining and industrial machinery,GWh,2016,113.7
Southwest Finland,Machinery,Mining and industrial machinery,GWh,2017,114.3
Southwest Finland,Machinery,Mining and industrial machinery,GWh,2018,114.3
Southwest Finland,Machinery,Mining and industrial machinery,GWh,2019,117.4
Southwest Finland,Machinery,Mining and industrial machinery,GWh,2020,118.4
Southwest Finland,Machinery,Mining and industrial machinery,GWh,2021,110.8
Southwest Finland,Machinery,Mining and industrial machinery,GWh,2022,110.7
Southwest Finland,Machinery,Mining and industrial machinery,GWh,2023,107.8
Southwest Finland,Machinery,Mining and industrial machinery,GWh,2024,107.6
Southwest Finland,Machinery,Agricultural and forestry machinery,GWh,1990,383.6
Southwest Finland,Machinery,Agricultural and forestry machinery,GWh,2005,358.4
Southwest Finland,Machinery,Agricultural and forestry machinery,GWh,2006,340.1
Southwest Finland,Machinery,Agricultural and forestry machinery,GWh,2007,342.7
Southwest Finland,Machinery,Agricultural and forestry machinery,GWh,2008,338.9
Southwest Finland,Machinery,Agricultural and forestry machinery,GWh,2009,337.3
Southwest Finland,Machinery,Agricultural and forestry machinery,GWh,2010,322.5
Southwest Finland,Machinery,Agricultural and forestry machinery,GWh,2011,313.0
Southwest Finland,Machinery,Agricultural and forestry machinery,GWh,2012,371.7
Southwest Finland,Machinery,Agricultural and forestry machinery,GWh,2013,336.9
Southwest Finland,Machinery,Agricultural and forestry machinery,GWh,2014,333.4
Southwest Finland,Machinery,Agricultural and forestry machinery,GWh,2015,324.4
Southwest Finland,Machinery,Agricultural and forestry machinery,GWh,2016,318.2
Southwest Finland,Machinery,Agricultural and forestry machinery,GWh,2017,309.4
Southwest Finland,Machinery,Agricultural and forestry machinery,GWh,2018,278.6
Southwest Finland,Machinery,Agricultural and forestry machinery,GWh,2019,279.8
Southwest Finland,Machinery,Agricultural and forestry machinery,GWh,2020,279.9
Southwest Finland,Machinery,Agricultural and forestry machinery,GWh,2021,263.9
Southwest Finland,Machinery,Agricultural and forestry machinery,GWh,2022,269.2
Southwest Finland,Machinery,Agricultural and forestry machinery,GWh,2023,266.9
Southwest Finland,Machinery,Agricultural and forestry machinery,GWh,2024,267.4
Southwest Finland,Machinery,Other machinery,GWh,1990,31.6
Southwest Finland,Machinery,Other machinery,GWh,2005,36.1
Southwest Finland,Machinery,Other machinery,GWh,2006,36.6
Southwest Finland,Machinery,Other machinery,GWh,2007,36.8
Southwest Finland,Machinery,Other machinery,GWh,2008,35.3
Southwest Finland,Machinery,Other machinery,GWh,2009,33.3
Southwest Finland,Machinery,Other machinery,GWh,2010,32.8
Southwest Finland,Machinery,Other machinery,GWh,2011,34.6
Southwest Finland,Machinery,Other machinery,GWh,2012,36.1
Southwest Finland,Machinery,Other machinery,GWh,2013,36.8
Southwest Finland,Machinery,Other machinery,GWh,2014,36.1
Southwest Finland,Machinery,Other machinery,GWh,2015,37.3
Southwest Finland,Machinery,Other machinery,GWh,2016,37.3
Southwest Finland,Machinery,Other machinery,GWh,2017,36.7
Southwest Finland,Machinery,Other machinery,GWh,2018,34.4
Southwest Finland,Machinery,Other machinery,GWh,2019,35.2
Southwest Finland,Machinery,Other machinery,GWh,2020,35.1
Southwest Finland,Machinery,Other machinery,GWh,2021,33.0
Southwest Finland,Machinery,Other machinery,GWh,2022,33.5
Southwest Finland,Machinery,Other machinery,GWh,2023,32.5
Southwest Finland,Machinery,Other machinery,GWh,2024,30.8
Southwest Finland,Machinery,Construction machinery,GWh,1990,110.6
Southwest Finland,Machinery,Construction machinery,GWh,2005,124.1
Southwest Finland,Machinery,Construction machinery,GWh,2006,135.4
Southwest Finland,Machinery,Construction machinery,GWh,2007,153.2
Southwest Finland,Machinery,Construction machinery,GWh,2008,158.2
Southwest Finland,Machinery,Construction machinery,GWh,2009,157.5
Southwest Finland,Machinery,Construction machinery,GWh,2010,153.8
Southwest Finland,Machinery,Construction machinery,GWh,2011,127.7
Southwest Finland,Machinery,Construction machinery,GWh,2012,133.5
Southwest Finland,Machinery,Construction machinery,GWh,2013,148.3
Southwest Finland,Machinery,Construction machinery,GWh,2014,141.1
Southwest Finland,Machinery,Construction machinery,GWh,2015,119.2
Southwest Finland,Machinery,Construction machinery,GWh,2016,106.8
Southwest Finland,Machinery,Construction machinery,GWh,2017,125.7
Southwest Finland,Machinery,Construction machinery,GWh,2018,177.4
Southwest Finland,Machinery,Construction machinery,GWh,2019,172.1
Southwest Finland,Machinery,Construction machinery,GWh,2020,185.3
Southwest Finland,Machinery,Construction machinery,GWh,2021,177.2
Southwest Finland,Machinery,Construction machinery,GWh,2022,186.8
Southwest Finland,Machinery,Construction machinery,GWh,2023,173.7
Southwest Finland,Machinery,Construction machinery,GWh,2024,204.3
Southwest Finland,Machinery,Road construction machinery,GWh,1990,150.3
Southwest Finland,Machinery,Road construction machinery,GWh,2005,161.8
Southwest Finland,Machinery,Road construction machinery,GWh,2006,163.4
Southwest Finland,Machinery,Road construction machinery,GWh,2007,168.5
Southwest Finland,Machinery,Road construction machinery,GWh,2008,178.8
Southwest Finland,Machinery,Road construction machinery,GWh,2009,177.2
Southwest Finland,Machinery,Road construction machinery,GWh,2010,174.2
Southwest Finland,Machinery,Road construction machinery,GWh,2011,160.3
Southwest Finland,Machinery,Road construction machinery,GWh,2012,174.7
Southwest Finland,Machinery,Road construction machinery,GWh,2013,172.2
Southwest Finland,Machinery,Road construction machinery,GWh,2014,168.4
Southwest Finland,Machinery,Road construction machinery,GWh,2015,169.1
Southwest Finland,Machinery,Road construction machinery,GWh,2016,160.7
Southwest Finland,Machinery,Road construction machinery,GWh,2017,184.4
Southwest Finland,Machinery,Road construction machinery,GWh,2018,189.9
Southwest Finland,Machinery,Road construction machinery,GWh,2019,197.3
Southwest Finland,Machinery,Road construction machinery,GWh,2020,203.0
Southwest Finland,Machinery,Road construction machinery,GWh,2021,196.5
Southwest Finland,Machinery,Road construction machinery,GWh,2022,205.2
Southwest Finland,Machinery,Road construction machinery,GWh,2023,204.3
Southwest Finland,Machinery,Road construction machinery,GWh,2024,202.2
Southwest Finland,Road transport,Passenger cars,GWh,1990,2147.6
Southwest Finland,Road transport,Passenger cars,GWh,2005,2191.1
Southwest Finland,Road transport,Passenger cars,GWh,2006,2205.4
Southwest Finland,Road transport,Passenger cars,GWh,2007,2240.6
Southwest Finland,Road transport,Passenger cars,GWh,2008,2176.7
Southwest Finland,Road transport,Passenger cars,GWh,2009,2195.4
Southwest Finland,Road transport,Passenger cars,GWh,2010,2178.1
Southwest Finland,Road transport,Passenger cars,GWh,2011,2134.2
Southwest Finland,Road transport,Passenger cars,GWh,2012,2112.0
Southwest Finland,Road transport,Passenger cars,GWh,2013,2139.5
Southwest Finland,Road transport,Passenger cars,GWh,2014,2121.8
Southwest Finland,Road transport,Passenger cars,GWh,2015,2110.4
Southwest Finland,Road transport,Passenger cars,GWh,2016,2119.0
Southwest Finland,Road transport,Passenger cars,GWh,2017,2163.3
Southwest Finland,Road transport,Passenger cars,GWh,2018,2170.2
Southwest Finland,Road transport,Passenger cars,GWh,2019,2144.9
Southwest Finland,Road transport,Passenger cars,GWh,2020,2009.3
Southwest Finland,Road transport,Passenger cars,GWh,2021,2053.4
Southwest Finland,Road transport,Passenger cars,GWh,2022,1939.8
Southwest Finland,Road transport,Passenger cars,GWh,2023,1926.6
Southwest Finland,Road transport,Passenger cars,GWh,2024,1942.8
Southwest Finland,Road transport,Trucks,GWh,1990,847.8
Southwest Finland,Road transport,Trucks,GWh,2005,957.2
Southwest Finland,Road transport,Trucks,GWh,2006,972.2
Southwest Finland,Road transport,Trucks,GWh,2007,1042.4
Southwest Finland,Road transport,Trucks,GWh,2008,993.7
Southwest Finland,Road transport,Trucks,GWh,2009,878.1
Southwest Finland,Road transport,Trucks,GWh,2010,997.0
Southwest Finland,Road transport,Trucks,GWh,2011,1034.9
Southwest Finland,Road transport,Trucks,GWh,2012,993.1
Southwest Finland,Road transport,Trucks,GWh,2013,990.5
Southwest Finland,Road transport,Trucks,GWh,2014,921.8
Southwest Finland,Road transport,Trucks,GWh,2015,925.2
Southwest Finland,Road transport,Trucks,GWh,2016,1001.3
Southwest Finland,Road transport,Trucks,GWh,2017,908.3
Southwest Finland,Road transport,Trucks,GWh,2018,917.6
Southwest Finland,Road transport,Trucks,GWh,2019,858.3
Southwest Finland,Road transport,Trucks,GWh,2020,818.4
Southwest Finland,Road transport,Trucks,GWh,2021,853.0
Southwest Finland,Road transport,Trucks,GWh,2022,818.4
Southwest Finland,Road transport,Trucks,GWh,2023,782.9
Southwest Finland,Road transport,Trucks,GWh,2024,780.3
Southwest Finland,Road transport,Buses,GWh,1990,174.3
Southwest Finland,Road transport,Buses,GWh,2005,126.5
Southwest Finland,Road transport,Buses,GWh,2006,123.5
Southwest Finland,Road transport,Buses,GWh,2007,120.4
Southwest Finland,Road transport,Buses,GWh,2008,116.5
Southwest Finland,Road transport,Buses,GWh,2009,115.0
Southwest Finland,Road transport,Buses,GWh,2010,115.1
Southwest Finland,Road transport,Buses,GWh,2011,119.0
Southwest Finland,Road transport,Buses,GWh,2012,118.1
Southwest Finland,Road transport,Buses,GWh,2013,121.2
Southwest Finland,Road transport,Buses,GWh,2014,115.0
Southwest Finland,Road transport,Buses,GWh,2015,109.8
Southwest Finland,Road transport,Buses,GWh,2016,112.0
Southwest Finland,Road transport,Buses,GWh,2017,113.4
Southwest Finland,Road transport,Buses,GWh,2018,110.1
Southwest Finland,Road transport,Buses,GWh,2019,106.6
Southwest Finland,Road transport,Buses,GWh,2020,84.9
Southwest Finland,Road transport,Buses,GWh,2021,79.4
Southwest Finland,Road transport,Buses,GWh,2022,85.7
Southwest Finland,Road transport,Buses,GWh,2023,86.9
Southwest Finland,Road transport,Buses,GWh,2024,81.0
Southwest Finland,Road transport,Vancouver vans,GWh,1990,329.3
Southwest Finland,Road transport,Vancouver vans,GWh,2005,262.5
Southwest Finland,Road transport,Vancouver vans,GWh,2006,265.6
Southwest Finland,Road transport,Vancouver vans,GWh,2007,271.5
Southwest Finland,Road transport,Vancouver vans,GWh,2008,269.8
Southwest Finland,Road transport,Vancouver vans,GWh,2009,272.0
Southwest Finland,Road transport,Vancouver vans,GWh,2010,275.0
Southwest Finland,Road transport,Vancouver vans,GWh,2011,273.6
Southwest Finland,Road transport,Vancouver vans,GWh,2012,270.3
Southwest Finland,Road transport,Vancouver vans,GWh,2013,268.4
Southwest Finland,Road transport,Vancouver vans,GWh,2014,272.8
Southwest Finland,Road transport,Vancouver vans,GWh,2015,276.9
Southwest Finland,Road transport,Vancouver vans,GWh,2016,276.4
Southwest Finland,Road transport,Vancouver vans,GWh,2017,328.4
Southwest Finland,Road transport,Vancouver vans,GWh,2018,336.8
Southwest Finland,Road transport,Vancouver vans,GWh,2019,333.7
Southwest Finland,Road transport,Vancouver vans,GWh,2020,333.2
Southwest Finland,Road transport,Vancouver vans,GWh,2021,352.8
Southwest Finland,Road transport,Vancouver vans,GWh,2022,333.8
Southwest Finland,Road transport,Vancouver vans,GWh,2023,335.9
Southwest Finland,Road transport,Vancouver vans,GWh,2024,340.0
Southwest Finland,Road transport,Drive-through traffic,GWh,1990,126.8
Southwest Finland,Road transport,Drive-through traffic,GWh,2005,154.2
Southwest Finland,Road transport,Drive-through traffic,GWh,2006,165.0
Southwest Finland,Road transport,Drive-through traffic,GWh,2007,163.8
Southwest Finland,Road transport,Drive-through traffic,GWh,2008,175.1
Southwest Finland,Road transport,Drive-through traffic,GWh,2009,171.9
Southwest Finland,Road transport,Drive-through traffic,GWh,2010,184.9
Southwest Finland,Road transport,Drive-through traffic,GWh,2011,186.2
Southwest Finland,Road transport,Drive-through traffic,GWh,2012,175.4
Southwest Finland,Road transport,Drive-through traffic,GWh,2013,173.2
Southwest Finland,Road transport,Drive-through traffic,GWh,2014,187.3
Southwest Finland,Road transport,Drive-through traffic,GWh,2015,204.5
Southwest Finland,Road transport,Drive-through traffic,GWh,2016,190.0
Southwest Finland,Road transport,Drive-through traffic,GWh,2017,202.9
Southwest Finland,Road transport,Drive-through traffic,GWh,2018,218.7
Southwest Finland,Road transport,Drive-through traffic,GWh,2019,253.5
Southwest Finland,Road transport,Drive-through traffic,GWh,2020,240.7
Southwest Finland,Road transport,Drive-through traffic,GWh,2021,247.8
Southwest Finland,Road transport,Drive-through traffic,GWh,2022,261.0
Southwest Finland,Road transport,Drive-through traffic,GWh,2023,255.9
Southwest Finland,Road transport,Drive-through traffic,GWh,2024,261.1
Southwest Finland,Road transport,Motorcycles and mopeds,GWh,1990,11.7
Southwest Finland,Road transport,Motorcycles and mopeds,GWh,2005,33.4
Southwest Finland,Road transport,Motorcycles and mopeds,GWh,2006,35.9
Southwest Finland,Road transport,Motorcycles and mopeds,GWh,2007,38.6
Southwest Finland,Road transport,Motorcycles and mopeds,GWh,2008,40.2
Southwest Finland,Road transport,Motorcycles and mopeds,GWh,2009,40.5
Southwest Finland,Road transport,Motorcycles and mopeds,GWh,2010,42.0
Southwest Finland,Road transport,Motorcycles and mopeds,GWh,2011,44.8
Southwest Finland,Road transport,Motorcycles and mopeds,GWh,2012,45.3
Southwest Finland,Road transport,Motorcycles and mopeds,GWh,2013,46.4
Southwest Finland,Road transport,Motorcycles and mopeds,GWh,2014,45.8
Southwest Finland,Road transport,Motorcycles and mopeds,GWh,2015,45.0
Southwest Finland,Road transport,Motorcycles and mopeds,GWh,2016,46.4
Southwest Finland,Road transport,Motorcycles and mopeds,GWh,2017,37.8
Southwest Finland,Road transport,Motorcycles and mopeds,GWh,2018,38.2
Southwest Finland,Road transport,Motorcycles and mopeds,GWh,2019,37.5
Southwest Finland,Road transport,Motorcycles and mopeds,GWh,2020,35.9
Southwest Finland,Road transport,Motorcycles and mopeds,GWh,2021,37.6
Southwest Finland,Road transport,Motorcycles and mopeds,GWh,2022,36.3
Southwest Finland,Road transport,Motorcycles and mopeds,GWh,2023,37.8
Southwest Finland,Road transport,Motorcycles and mopeds,GWh,2024,38.8
Southwest Finland,Rail transport,Diesel,GWh,1990,16.0
Southwest Finland,Rail transport,Diesel,GWh,2005,10.6
Southwest Finland,Rail transport,Diesel,GWh,2006,10.6
Southwest Finland,Rail transport,Diesel,GWh,2007,8.8
Southwest Finland,Rail transport,Diesel,GWh,2008,9.1
Southwest Finland,Rail transport,Diesel,GWh,2009,7.2
Southwest Finland,Rail transport,Diesel,GWh,2010,7.4
Southwest Finland,Rail transport,Diesel,GWh,2011,7.5
Southwest Finland,Rail transport,Diesel,GWh,2012,7.3
Southwest Finland,Rail transport,Diesel,GWh,2013,6.6
Southwest Finland,Rail transport,Diesel,GWh,2014,5.9
Southwest Finland,Rail transport,Diesel,GWh,2015,4.6
Southwest Finland,Rail transport,Diesel,GWh,2016,4.4
Southwest Finland,Rail transport,Diesel,GWh,2017,4.4
Southwest Finland,Rail transport,Diesel,GWh,2018,4.0
Southwest Finland,Rail transport,Diesel,GWh,2019,4.8
Southwest Finland,Rail transport,Diesel,GWh,2020,4.7
Southwest Finland,Rail transport,Diesel,GWh,2021,5.2
Southwest Finland,Rail transport,Diesel,GWh,2022,3.9
Southwest Finland,Rail transport,Diesel,GWh,2023,4.2
Southwest Finland,Rail transport,Diesel,GWh,2024,3.6
Southwest Finland,Rail transport,Electricity,GWh,1990,21.1
Southwest Finland,Rail transport,Electricity,GWh,2005,31.0
Southwest Finland,Rail transport,Electricity,GWh,2006,31.1
Southwest Finland,Rail transport,Electricity,GWh,2007,32.3
Southwest Finland,Rail transport,Electricity,GWh,2008,31.9
Southwest Finland,Rail transport,Electricity,GWh,2009,29.2
Southwest Finland,Rail transport,Electricity,GWh,2010,29.8
Southwest Finland,Rail transport,Electricity,GWh,2011,30.1
Southwest Finland,Rail transport,Electricity,GWh,2012,29.3
Southwest Finland,Rail transport,Electricity,GWh,2013,28.2
Southwest Finland,Rail transport,Electricity,GWh,2014,26.7
Southwest Finland,Rail transport,Electricity,GWh,2015,23.8
Southwest Finland,Rail transport,Electricity,GWh,2016,20.5
Southwest Finland,Rail transport,Electricity,GWh,2017,20.3
Southwest Finland,Rail transport,Electricity,GWh,2018,21.8
Southwest Finland,Rail transport,Electricity,GWh,2019,21.1
Southwest Finland,Rail transport,Electricity,GWh,2020,17.3
Southwest Finland,Rail transport,Electricity,GWh,2021,17.6
Southwest Finland,Rail transport,Electricity,GWh,2022,16.8
Southwest Finland,Rail transport,Electricity,GWh,2023,15.8
Southwest Finland,Rail transport,Electricity,GWh,2024,16.4
Southwest Finland,Rail transport,Community trains,GWh,1990,0.0
Southwest Finland,Rail transport,Community trains,GWh,2005,0.0
Southwest Finland,Rail transport,Community trains,GWh,2006,0.0
Southwest Finland,Rail transport,Community trains,GWh,2007,0.0
Southwest Finland,Rail transport,Community trains,GWh,2008,0.0
Southwest Finland,Rail transport,Community trains,GWh,2009,0.0
Southwest Finland,Rail transport,Community trains,GWh,2010,0.0
Southwest Finland,Rail transport,Community trains,GWh,2011,0.0
Southwest Finland,Rail transport,Community trains,GWh,2012,0.0
Southwest Finland,Rail transport,Community trains,GWh,2013,0.0
Southwest Finland,Rail transport,Community trains,GWh,2014,0.0
Southwest Finland,Rail transport,Community trains,GWh,2015,0.0
Southwest Finland,Rail transport,Community trains,GWh,2016,0.0
Southwest Finland,Rail transport,Community trains,GWh,2017,0.0
Southwest Finland,Rail transport,Community trains,GWh,2018,0.0
Southwest Finland,Rail transport,Community trains,GWh,2019,0.0
Southwest Finland,Rail transport,Community trains,GWh,2020,0.0
Southwest Finland,Rail transport,Community trains,GWh,2021,0.0
Southwest Finland,Rail transport,Community trains,GWh,2022,0.0
Southwest Finland,Rail transport,Community trains,GWh,2023,0.0
Southwest Finland,Rail transport,Community trains,GWh,2024,0.0
Southwest Finland,Rail transport,Metros and trams,GWh,1990,0.0
Southwest Finland,Rail transport,Metros and trams,GWh,2005,0.0
Southwest Finland,Rail transport,Metros and trams,GWh,2006,0.0
Southwest Finland,Rail transport,Metros and trams,GWh,2007,0.0
Southwest Finland,Rail transport,Metros and trams,GWh,2008,0.0
Southwest Finland,Rail transport,Metros and trams,GWh,2009,0.0
Southwest Finland,Rail transport,Metros and trams,GWh,2010,0.0
Southwest Finland,Rail transport,Metros and trams,GWh,2011,0.0
Southwest Finland,Rail transport,Metros and trams,GWh,2012,0.0
Southwest Finland,Rail transport,Metros and trams,GWh,2013,0.0
Southwest Finland,Rail transport,Metros and trams,GWh,2014,0.0
Southwest Finland,Rail transport,Metros and trams,GWh,2015,0.0
Southwest Finland,Rail transport,Metros and trams,GWh,2016,0.0
Southwest Finland,Rail transport,Metros and trams,GWh,2017,0.0
Southwest Finland,Rail transport,Metros and trams,GWh,2018,0.0
Southwest Finland,Rail transport,Metros and trams,GWh,2019,0.0
Southwest Finland,Rail transport,Metros and trams,GWh,2020,0.0
Southwest Finland,Rail transport,Metros and trams,GWh,2021,0.0
Southwest Finland,Rail transport,Metros and trams,GWh,2022,0.0
Southwest Finland,Rail transport,Metros and trams,GWh,2023,0.0
Southwest Finland,Rail transport,Metros and trams,GWh,2024,0.0
Southwest Finland,Water transport,Pleasure boats,GWh,1990,93.3
Southwest Finland,Water transport,Pleasure boats,GWh,2005,99.3
Southwest Finland,Water transport,Pleasure boats,GWh,2006,102.4
Southwest Finland,Water transport,Pleasure boats,GWh,2007,102.7
Southwest Finland,Water transport,Pleasure boats,GWh,2008,84.3
Southwest Finland,Water transport,Pleasure boats,GWh,2009,87.0
Southwest Finland,Water transport,Pleasure boats,GWh,2010,92.7
Southwest Finland,Water transport,Pleasure boats,GWh,2011,73.7
Southwest Finland,Water transport,Pleasure boats,GWh,2012,77.8
Southwest Finland,Water transport,Pleasure boats,GWh,2013,82.9
Southwest Finland,Water transport,Pleasure boats,GWh,2014,76.5
Southwest Finland,Water transport,Pleasure boats,GWh,2015,79.5
Southwest Finland,Water transport,Pleasure boats,GWh,2016,76.2
Southwest Finland,Water transport,Pleasure boats,GWh,2017,75.8
Southwest Finland,Water transport,Pleasure boats,GWh,2018,76.2
Southwest Finland,Water transport,Pleasure boats,GWh,2019,76.2
Southwest Finland,Water transport,Pleasure boats,GWh,2020,86.5
Southwest Finland,Water transport,Pleasure boats,GWh,2021,94.4
Southwest Finland,Water transport,Pleasure boats,GWh,2022,73.5
Southwest Finland,Water transport,Pleasure boats,GWh,2023,73.6
Southwest Finland,Water transport,Pleasure boats,GWh,2024,76.4
Southwest Finland,Water transport,Passenger traffic,GWh,1990,22.0
Southwest Finland,Water transport,Passenger traffic,GWh,2005,51.5
Southwest Finland,Water transport,Passenger traffic,GWh,2006,41.7
Southwest Finland,Water transport,Passenger traffic,GWh,2007,42.6
Southwest Finland,Water transport,Passenger traffic,GWh,2008,40.8
Southwest Finland,Water transport,Passenger traffic,GWh,2009,41.2
Southwest Finland,Water transport,Passenger traffic,GWh,2010,38.8
Southwest Finland,Water transport,Passenger traffic,GWh,2011,51.3
Southwest Finland,Water transport,Passenger traffic,GWh,2012,62.0
Southwest Finland,Water transport,Passenger traffic,GWh,2013,70.9
Southwest Finland,Water transport,Passenger traffic,GWh,2014,61.1
Southwest Finland,Water transport,Passenger traffic,GWh,2015,58.3
Southwest Finland,Water transport,Passenger traffic,GWh,2016,60.4
Southwest Finland,Water transport,Passenger traffic,GWh,2017,60.7
Southwest Finland,Water transport,Passenger traffic,GWh,2018,59.6
Southwest Finland,Water transport,Passenger traffic,GWh,2019,56.5
Southwest Finland,Water transport,Passenger traffic,GWh,2020,24.1
Southwest Finland,Water transport,Passenger traffic,GWh,2021,29.4
Southwest Finland,Water transport,Passenger traffic,GWh,2022,27.5
Southwest Finland,Water transport,Passenger traffic,GWh,2023,23.7
Southwest Finland,Water transport,Passenger traffic,GWh,2024,25.0
Southwest Finland,Water transport,Goods traffic,GWh,1990,89.9
Southwest Finland,Water transport,Goods traffic,GWh,2005,92.9
Southwest Finland,Water transport,Goods traffic,GWh,2006,122.6
Southwest Finland,Water transport,Goods traffic,GWh,2007,150.7
Southwest Finland,Water transport,Goods traffic,GWh,2008,137.0
Southwest Finland,Water transport,Goods traffic,GWh,2009,141.0
Southwest Finland,Water transport,Goods traffic,GWh,2010,118.3
Southwest Finland,Water transport,Goods traffic,GWh,2011,125.3
Southwest Finland,Water transport,Goods traffic,GWh,2012,135.2
Southwest Finland,Water transport,Goods traffic,GWh,2013,121.0
Southwest Finland,Water transport,Goods traffic,GWh,2014,113.5
Southwest Finland,Water transport,Goods traffic,GWh,2015,105.0
Southwest Finland,Water transport,Goods traffic,GWh,2016,110.7
Southwest Finland,Water transport,Goods traffic,GWh,2017,113.4
Southwest Finland,Water transport,Goods traffic,GWh,2018,119.2
Southwest Finland,Water transport,Goods traffic,GWh,2019,70.3
Southwest Finland,Water transport,Goods traffic,GWh,2020,50.2
Southwest Finland,Water transport,Goods traffic,GWh,2021,32.3
Southwest Finland,Water transport,Goods traffic,GWh,2022,34.3
Southwest Finland,Water transport,Goods traffic,GWh,2023,31.3
Southwest Finland,Water transport,Goods traffic,GWh,2024,39.2
Southwest Finland,Water transport,Fishing vessels,GWh,1990,114.9
Southwest Finland,Water transport,Fishing vessels,GWh,2005,83.6
Southwest Finland,Water transport,Fishing vessels,GWh,2006,85.1
Southwest Finland,Water transport,Fishing vessels,GWh,2007,85.7
Southwest Finland,Water transport,Fishing vessels,GWh,2008,89.7
Southwest Finland,Water transport,Fishing vessels,GWh,2009,86.1
Southwest Finland,Water transport,Fishing vessels,GWh,2010,82.0
Southwest Finland,Water transport,Fishing vessels,GWh,2011,86.5
Southwest Finland,Water transport,Fishing vessels,GWh,2012,92.5
Southwest Finland,Water transport,Fishing vessels,GWh,2013,92.9
Southwest Finland,Water transport,Fishing vessels,GWh,2014,93.1
Southwest Finland,Water transport,Fishing vessels,GWh,2015,81.8
Southwest Finland,Water transport,Fishing vessels,GWh,2016,68.8
Southwest Finland,Water transport,Fishing vessels,GWh,2017,68.8
Southwest Finland,Water transport,Fishing vessels,GWh,2018,67.4
Southwest Finland,Water transport,Fishing vessels,GWh,2019,72.9
Southwest Finland,Water transport,Fishing vessels,GWh,2020,70.2
Southwest Finland,Water transport,Fishing vessels,GWh,2021,72.6
Southwest Finland,Water transport,Fishing vessels,GWh,2022,69.4
Southwest Finland,Water transport,Fishing vessels,GWh,2023,69.8
Southwest Finland,Water transport,Fishing vessels,GWh,2024,61.7
Southwest Finland,Water transport,,GWh,1990,27.9
Southwest Finland,Water transport,,GWh,2005,25.0
Southwest Finland,Water transport,,GWh,2006,24.5
Southwest Finland,Water transport,,GWh,2007,23.6
Southwest Finland,Water transport,,GWh,2008,22.0
Southwest Finland,Water transport,,GWh,2009,22.6
Southwest Finland,Water transport,,GWh,2010,24.0
Southwest Finland,Water transport,,GWh,2011,22.6
Southwest Finland,Water transport,,GWh,2012,28.2
Southwest Finland,Water transport,,GWh,2013,30.6
Southwest Finland,Water transport,,GWh,2014,26.7
Southwest Finland,Water transport,,GWh,2015,29.2
Southwest Finland,Water transport,,GWh,2016,27.9
Southwest Finland,Water transport,,GWh,2017,26.3
Southwest Finland,Water transport,,GWh,2018,24.7
Southwest Finland,Water transport,,GWh,2019,23.8
Southwest Finland,Water transport,,GWh,2020,24.9
Southwest Finland,Water transport,,GWh,2021,23.4
Southwest Finland,Water transport,,GWh,2022,23.4
Southwest Finland,Water transport,,GWh,2023,23.3
Southwest Finland,Water transport,,GWh,2024,24.6
Southwest Finland,Water transport,Workboats and ships,GWh,1990,15.0
Southwest Finland,Water transport,Workboats and ships,GWh,2005,12.9
Southwest Finland,Water transport,Workboats and ships,GWh,2006,12.9
Southwest Finland,Water transport,Workboats and ships,GWh,2007,12.9
Southwest Finland,Water transport,Workboats and ships,GWh,2008,12.8
Southwest Finland,Water transport,Workboats and ships,GWh,2009,12.8
Southwest Finland,Water transport,Workboats and ships,GWh,2010,12.8
Southwest Finland,Water transport,Workboats and ships,GWh,2011,12.7
Southwest Finland,Water transport,Workboats and ships,GWh,2012,12.7
Southwest Finland,Water transport,Workboats and ships,GWh,2013,12.6
Southwest Finland,Water transport,Workboats and ships,GWh,2014,12.6
Southwest Finland,Water transport,Workboats and ships,GWh,2015,12.7
Southwest Finland,Water transport,Workboats and ships,GWh,2016,12.5
Southwest Finland,Water transport,Workboats and ships,GWh,2017,12.5
Southwest Finland,Water transport,Workboats and ships,GWh,2018,12.5
Southwest Finland,Water transport,Workboats and ships,GWh,2019,12.4
Southwest Finland,Water transport,Workboats and ships,GWh,2020,12.4
Southwest Finland,Water transport,Workboats and ships,GWh,2021,12.4
Southwest Finland,Water transport,Workboats and ships,GWh,2022,12.3
Southwest Finland,Water transport,Workboats and ships,GWh,2023,12.3
Southwest Finland,Water transport,Workboats and ships,GWh,2024,6.1
Southwest Finland,Emission credits,Wind power,GWh,1990,0.0
Southwest Finland,Emission credits,Wind power,GWh,2005,5.8
Southwest Finland,Emission credits,Wind power,GWh,2006,5.0
Southwest Finland,Emission credits,Wind power,GWh,2007,15.7
Southwest Finland,Emission credits,Wind power,GWh,2008,16.5
Southwest Finland,Emission credits,Wind power,GWh,2009,16.8
Southwest Finland,Emission credits,Wind power,GWh,2010,13.0
Southwest Finland,Emission credits,Wind power,GWh,2011,20.5
Southwest Finland,Emission credits,Wind power,GWh,2012,16.6
Southwest Finland,Emission credits,Wind power,GWh,2013,17.9
Southwest Finland,Emission credits,Wind power,GWh,2014,41.9
Southwest Finland,Emission credits,Wind power,GWh,2015,49.4
Southwest Finland,Emission credits,Wind power,GWh,2016,43.1
Southwest Finland,Emission credits,Wind power,GWh,2017,71.3
Southwest Finland,Emission credits,Wind power,GWh,2018,87.0
Southwest Finland,Emission credits,Wind power,GWh,2019,80.4
Southwest Finland,Emission credits,Wind power,GWh,2020,175.1
Southwest Finland,Emission credits,Wind power,GWh,2021,146.0
Southwest Finland,Emission credits,Wind power,GWh,2022,118.2
Southwest Finland,Emission credits,Wind power,GWh,2023,156.0
Southwest Finland,Emission credits,Wind power,GWh,2024,188.1
Uusimaa,Electricity,Housing,GWh,1990,2066.9
Uusimaa,Electricity,Housing,GWh,2005,3057.7
Uusimaa,Electricity,Housing,GWh,2006,3096.3
Uusimaa,Electricity,Housing,GWh,2007,3126.5
Uusimaa,Electricity,Housing,GWh,2008,3193.2
Uusimaa,Electricity,Housing,GWh,2009,3368.3
Uusimaa,Electricity,Housing,GWh,2010,3448.4
Uusimaa,Electricity,Housing,GWh,2011,3197.8
Uusimaa,Electricity,Housing,GWh,2012,3475.9
Uusimaa,Electricity,Housing,GWh,2013,3368.0
Uusimaa,Electricity,Housing,GWh,2014,3394.4
Uusimaa,Electricity,Housing,GWh,2015,3386.7
Uusimaa,Electricity,Housing,GWh,2016,3577.7
Uusimaa,Electricity,Housing,GWh,2017,3601.6
Uusimaa,Electricity,Housing,GWh,2018,3664.5
Uusimaa,Electricity,Housing,GWh,2019,3591.0
Uusimaa,Electricity,Housing,GWh,2020,3642.4
Uusimaa,Electricity,Housing,GWh,2021,3884.9
Uusimaa,Electricity,Housing,GWh,2022,3767.7
Uusimaa,Electricity,Housing,GWh,2023,3802.0
Uusimaa,Electricity,Housing,GWh,2024,3660.5
Uusimaa,Electricity,Agriculture,GWh,1990,36.1
Uusimaa,Electricity,Agriculture,GWh,2005,51.8
Uusimaa,Electricity,Agriculture,GWh,2006,53.6
Uusimaa,Electricity,Agriculture,GWh,2007,55.5
Uusimaa,Electricity,Agriculture,GWh,2008,56.1
Uusimaa,Electricity,Agriculture,GWh,2009,56.6
Uusimaa,Electricity,Agriculture,GWh,2010,57.7
Uusimaa,Electricity,Agriculture,GWh,2011,59.2
Uusimaa,Electricity,Agriculture,GWh,2012,59.7
Uusimaa,Electricity,Agriculture,GWh,2013,45.7
Uusimaa,Electricity,Agriculture,GWh,2014,42.3
Uusimaa,Electricity,Agriculture,GWh,2015,39.6
Uusimaa,Electricity,Agriculture,GWh,2016,49.1
Uusimaa,Electricity,Agriculture,GWh,2017,48.4
Uusimaa,Electricity,Agriculture,GWh,2018,51.8
Uusimaa,Electricity,Agriculture,GWh,2019,54.7
Uusimaa,Electricity,Agriculture,GWh,2020,39.3
Uusimaa,Electricity,Agriculture,GWh,2021,40.2
Uusimaa,Electricity,Agriculture,GWh,2022,39.8
Uusimaa,Electricity,Agriculture,GWh,2023,37.8
Uusimaa,Electricity,Agriculture,GWh,2024,33.0
Uusimaa,Electricity,Services,GWh,1990,3038.5
Uusimaa,Electricity,Services,GWh,2005,4792.6
Uusimaa,Electricity,Services,GWh,2006,5053.3
Uusimaa,Electricity,Services,GWh,2007,5353.9
Uusimaa,Electricity,Services,GWh,2008,5473.3
Uusimaa,Electricity,Services,GWh,2009,5578.9
Uusimaa,Electricity,Services,GWh,2010,5677.6
Uusimaa,Electricity,Services,GWh,2011,5569.9
Uusimaa,Electricity,Services,GWh,2012,5574.0
Uusimaa,Electricity,Services,GWh,2013,5489.2
Uusimaa,Electricity,Services,GWh,2014,5432.4
Uusimaa,Electricity,Services,GWh,2015,5468.2
Uusimaa,Electricity,Services,GWh,2016,5536.5
Uusimaa,Electricity,Services,GWh,2017,5668.8
Uusimaa,Electricity,Services,GWh,2018,5690.6
Uusimaa,Electricity,Services,GWh,2019,5780.8
Uusimaa,Electricity,Services,GWh,2020,5390.5
Uusimaa,Electricity,Services,GWh,2021,5868.4
Uusimaa,Electricity,Services,GWh,2022,5872.5
Uusimaa,Electricity,Services,GWh,2023,6203.3
Uusimaa,Electricity,Services,GWh,2024,7404.9
Uusimaa,Electricity,Industry,GWh,1990,3555.3
Uusimaa,Electricity,Industry,GWh,2005,4473.8
Uusimaa,Electricity,Industry,GWh,2006,4817.1
Uusimaa,Electricity,Industry,GWh,2007,4742.9
Uusimaa,Electricity,Industry,GWh,2008,4745.0
Uusimaa,Electricity,Industry,GWh,2009,4441.4
Uusimaa,Electricity,Industry,GWh,2010,4687.3
Uusimaa,Electricity,Industry,GWh,2011,4708.7
Uusimaa,Electricity,Industry,GWh,2012,4641.3
Uusimaa,Electricity,Industry,GWh,2013,4532.3
Uusimaa,Electricity,Industry,GWh,2014,4354.2
Uusimaa,Electricity,Industry,GWh,2015,4256.8
Uusimaa,Electricity,Industry,GWh,2016,4321.7
Uusimaa,Electricity,Industry,GWh,2017,4336.1
Uusimaa,Electricity,Industry,GWh,2018,4481.1
Uusimaa,Electricity,Industry,GWh,2019,4511.0
Uusimaa,Electricity,Industry,GWh,2020,4021.9
Uusimaa,Electricity,Industry,GWh,2021,4009.8
Uusimaa,Electricity,Industry,GWh,2022,4455.3
Uusimaa,Electricity,Industry,GWh,2023,4133.1
Uusimaa,Electricity,Industry,GWh,2024,4303.7
Uusimaa,Electric heating,Housing,GWh,1990,1248.7
Uusimaa,Electric heating,Housing,GWh,2005,1930.8
Uusimaa,Electric heating,Housing,GWh,2006,1984.0
Uusimaa,Electric heating,Housing,GWh,2007,1969.3
Uusimaa,Electric heating,Housing,GWh,2008,1942.4
Uusimaa,Electric heating,Housing,GWh,2009,2060.3
Uusimaa,Electric heating,Housing,GWh,2010,2178.8
Uusimaa,Electric heating,Housing,GWh,2011,1987.0
Uusimaa,Electric heating,Housing,GWh,2012,2094.4
Uusimaa,Electric heating,Housing,GWh,2013,2054.6
Uusimaa,Electric heating,Housing,GWh,2014,1993.5
Uusimaa,Electric heating,Housing,GWh,2015,1920.9
Uusimaa,Electric heating,Housing,GWh,2016,2065.3
Uusimaa,Electric heating,Housing,GWh,2017,2050.4
Uusimaa,Electric heating,Housing,GWh,2018,2067.6
Uusimaa,Electric heating,Housing,GWh,2019,2015.7
Uusimaa,Electric heating,Housing,GWh,2020,1976.7
Uusimaa,Electric heating,Housing,GWh,2021,2179.9
Uusimaa,Electric heating,Housing,GWh,2022,2042.7
Uusimaa,Electric heating,Housing,GWh,2023,1983.3
Uusimaa,Electric heating,Housing,GWh,2024,1943.1
Uusimaa,Electric heating,Agriculture,GWh,1990,10.1
Uusimaa,Electric heating,Agriculture,GWh,2005,14.3
Uusimaa,Electric heating,Agriculture,GWh,2006,14.5
Uusimaa,Electric heating,Agriculture,GWh,2007,14.9
Uusimaa,Electric heating,Agriculture,GWh,2008,13.2
Uusimaa,Electric heating,Agriculture,GWh,2009,15.7
Uusimaa,Electric heating,Agriculture,GWh,2010,16.6
Uusimaa,Electric heating,Agriculture,GWh,2011,16.4
Uusimaa,Electric heating,Agriculture,GWh,2012,16.4
Uusimaa,Electric heating,Agriculture,GWh,2013,17.3
Uusimaa,Electric heating,Agriculture,GWh,2014,16.8
Uusimaa,Electric heating,Agriculture,GWh,2015,16.7
Uusimaa,Electric heating,Agriculture,GWh,2016,16.9
Uusimaa,Electric heating,Agriculture,GWh,2017,16.5
Uusimaa,Electric heating,Agriculture,GWh,2018,16.7
Uusimaa,Electric heating,Agriculture,GWh,2019,16.4
Uusimaa,Electric heating,Agriculture,GWh,2020,16.5
Uusimaa,Electric heating,Agriculture,GWh,2021,17.4
Uusimaa,Electric heating,Agriculture,GWh,2022,17.1
Uusimaa,Electric heating,Agriculture,GWh,2023,16.6
Uusimaa,Electric heating,Agriculture,GWh,2024,15.7
Uusimaa,Electric heating,Services,GWh,1990,251.7
Uusimaa,Electric heating,Services,GWh,2005,252.6
Uusimaa,Electric heating,Services,GWh,2006,198.1
Uusimaa,Electric heating,Services,GWh,2007,210.5
Uusimaa,Electric heating,Services,GWh,2008,205.1
Uusimaa,Electric heating,Services,GWh,2009,221.5
Uusimaa,Electric heating,Services,GWh,2010,232.9
Uusimaa,Electric heating,Services,GWh,2011,235.3
Uusimaa,Electric heating,Services,GWh,2012,234.8
Uusimaa,Electric heating,Services,GWh,2013,250.0
Uusimaa,Electric heating,Services,GWh,2014,242.1
Uusimaa,Electric heating,Services,GWh,2015,237.2
Uusimaa,Electric heating,Services,GWh,2016,247.8
Uusimaa,Electric heating,Services,GWh,2017,255.8
Uusimaa,Electric heating,Services,GWh,2018,267.9
Uusimaa,Electric heating,Services,GWh,2019,270.7
Uusimaa,Electric heating,Services,GWh,2020,259.4
Uusimaa,Electric heating,Services,GWh,2021,282.4
Uusimaa,Electric heating,Services,GWh,2022,293.4
Uusimaa,Electric heating,Services,GWh,2023,303.1
Uusimaa,Electric heating,Services,GWh,2024,299.9
Uusimaa,District heating,Housing,GWh,1990,8203.8
Uusimaa,District heating,Housing,GWh,2005,7009.1
Uusimaa,District heating,Housing,GWh,2006,7297.5
Uusimaa,District heating,Housing,GWh,2007,7190.5
Uusimaa,District heating,Housing,GWh,2008,6940.2
Uusimaa,District heating,Housing,GWh,2009,7696.1
Uusimaa,District heating,Housing,GWh,2010,8346.0
Uusimaa,District heating,Housing,GWh,2011,7225.4
Uusimaa,District heating,Housing,GWh,2012,7692.4
Uusimaa,District heating,Housing,GWh,2013,7407.5
Uusimaa,District heating,Housing,GWh,2014,7330.2
Uusimaa,District heating,Housing,GWh,2015,6947.1
Uusimaa,District heating,Housing,GWh,2016,7690.4
Uusimaa,District heating,Housing,GWh,2017,7591.1
Uusimaa,District heating,Housing,GWh,2018,7698.8
Uusimaa,District heating,Housing,GWh,2019,7508.2
Uusimaa,District heating,Housing,GWh,2020,6806.9
Uusimaa,District heating,Housing,GWh,2021,8058.5
Uusimaa,District heating,Housing,GWh,2022,7396.9
Uusimaa,District heating,Housing,GWh,2023,7368.1
Uusimaa,District heating,Housing,GWh,2024,7214.9
Uusimaa,District heating,Agriculture,GWh,1990,9.0
Uusimaa,District heating,Agriculture,GWh,2005,9.0
Uusimaa,District heating,Agriculture,GWh,2006,8.5
Uusimaa,District heating,Agriculture,GWh,2007,8.4
Uusimaa,District heating,Agriculture,GWh,2008,7.8
Uusimaa,District heating,Agriculture,GWh,2009,9.1
Uusimaa,District heating,Agriculture,GWh,2010,10.0
Uusimaa,District heating,Agriculture,GWh,2011,7.0
Uusimaa,District heating,Agriculture,GWh,2012,7.3
Uusimaa,District heating,Agriculture,GWh,2013,6.8
Uusimaa,District heating,Agriculture,GWh,2014,7.1
Uusimaa,District heating,Agriculture,GWh,2015,6.6
Uusimaa,District heating,Agriculture,GWh,2016,7.6
Uusimaa,District heating,Agriculture,GWh,2017,7.3
Uusimaa,District heating,Agriculture,GWh,2018,7.3
Uusimaa,District heating,Agriculture,GWh,2019,7.2
Uusimaa,District heating,Agriculture,GWh,2020,6.5
Uusimaa,District heating,Agriculture,GWh,2021,7.8
Uusimaa,District heating,Agriculture,GWh,2022,7.2
Uusimaa,District heating,Agriculture,GWh,2023,6.9
Uusimaa,District heating,Agriculture,GWh,2024,6.7
Uusimaa,District heating,Services,GWh,1990,4871.8
Uusimaa,District heating,Services,GWh,2005,3832.0
Uusimaa,District heating,Services,GWh,2006,3749.3
Uusimaa,District heating,Services,GWh,2007,3671.9
Uusimaa,District heating,Services,GWh,2008,3600.5
Uusimaa,District heating,Services,GWh,2009,3999.3
Uusimaa,District heating,Services,GWh,2010,4380.4
Uusimaa,District heating,Services,GWh,2011,3876.6
Uusimaa,District heating,Services,GWh,2012,4171.3
Uusimaa,District heating,Services,GWh,2013,3968.3
Uusimaa,District heating,Services,GWh,2014,3900.2
Uusimaa,District heating,Services,GWh,2015,3672.6
Uusimaa,District heating,Services,GWh,2016,4116.4
Uusimaa,District heating,Services,GWh,2017,4203.5
Uusimaa,District heating,Services,GWh,2018,4255.4
Uusimaa,District heating,Services,GWh,2019,4115.6
Uusimaa,District heating,Services,GWh,2020,3711.5
Uusimaa,District heating,Services,GWh,2021,4453.1
Uusimaa,District heating,Services,GWh,2022,4116.2
Uusimaa,District heating,Services,GWh,2023,4060.2
Uusimaa,District heating,Services,GWh,2024,4048.6
Uusimaa,District heating,Industry,GWh,1990,1262.8
Uusimaa,District heating,Industry,GWh,2005,916.9
Uusimaa,District heating,Industry,GWh,2006,844.2
Uusimaa,District heating,Industry,GWh,2007,790.5
Uusimaa,District heating,Industry,GWh,2008,744.6
Uusimaa,District heating,Industry,GWh,2009,840.3
Uusimaa,District heating,Industry,GWh,2010,928.8
Uusimaa,District heating,Industry,GWh,2011,821.4
Uusimaa,District heating,Industry,GWh,2012,865.7
Uusimaa,District heating,Industry,GWh,2013,813.9
Uusimaa,District heating,Industry,GWh,2014,795.2
Uusimaa,District heating,Industry,GWh,2015,726.7
Uusimaa,District heating,Industry,GWh,2016,789.4
Uusimaa,District heating,Industry,GWh,2017,771.9
Uusimaa,District heating,Industry,GWh,2018,775.6
Uusimaa,District heating,Industry,GWh,2019,734.0
Uusimaa,District heating,Industry,GWh,2020,658.6
Uusimaa,District heating,Industry,GWh,2021,775.5
Uusimaa,District heating,Industry,GWh,2022,702.1
Uusimaa,District heating,Industry,GWh,2023,673.3
Uusimaa,District heating,Industry,GWh,2024,661.2
Uusimaa,Oil heating,Housing,GWh,1990,1814.6
Uusimaa,Oil heating,Housing,GWh,2005,1347.2
Uusimaa,Oil heating,Housing,GWh,2006,1328.2
Uusimaa,Oil heating,Housing,GWh,2007,1242.5
Uusimaa,Oil heating,Housing,GWh,2008,929.0
Uusimaa,Oil heating,Housing,GWh,2009,955.1
Uusimaa,Oil heating,Housing,GWh,2010,1059.0
Uusimaa,Oil heating,Housing,GWh,2011,793.6
Uusimaa,Oil heating,Housing,GWh,2012,824.9
Uusimaa,Oil heating,Housing,GWh,2013,737.2
Uusimaa,Oil heating,Housing,GWh,2014,697.9
Uusimaa,Oil heating,Housing,GWh,2015,611.6
Uusimaa,Oil heating,Housing,GWh,2016,643.9
Uusimaa,Oil heating,Housing,GWh,2017,596.8
Uusimaa,Oil heating,Housing,GWh,2018,552.4
Uusimaa,Oil heating,Housing,GWh,2019,485.4
Uusimaa,Oil heating,Housing,GWh,2020,417.2
Uusimaa,Oil heating,Housing,GWh,2021,381.0
Uusimaa,Oil heating,Housing,GWh,2022,277.7
Uusimaa,Oil heating,Housing,GWh,2023,129.9
Uusimaa,Oil heating,Housing,GWh,2024,110.8
Uusimaa,Oil heating,Agriculture,GWh,1990,84.8
Uusimaa,Oil heating,Agriculture,GWh,2005,30.5
Uusimaa,Oil heating,Agriculture,GWh,2006,26.6
Uusimaa,Oil heating,Agriculture,GWh,2007,23.0
Uusimaa,Oil heating,Agriculture,GWh,2008,19.5
Uusimaa,Oil heating,Agriculture,GWh,2009,19.9
Uusimaa,Oil heating,Agriculture,GWh,2010,24.3
Uusimaa,Oil heating,Agriculture,GWh,2011,19.5
Uusimaa,Oil heating,Agriculture,GWh,2012,21.8
Uusimaa,Oil heating,Agriculture,GWh,2013,15.7
Uusimaa,Oil heating,Agriculture,GWh,2014,15.2
Uusimaa,Oil heating,Agriculture,GWh,2015,13.7
Uusimaa,Oil heating,Agriculture,GWh,2016,11.1
Uusimaa,Oil heating,Agriculture,GWh,2017,9.9
Uusimaa,Oil heating,Agriculture,GWh,2018,10.9
Uusimaa,Oil heating,Agriculture,GWh,2019,10.5
Uusimaa,Oil heating,Agriculture,GWh,2020,9.4
Uusimaa,Oil heating,Agriculture,GWh,2021,11.8
Uusimaa,Oil heating,Agriculture,GWh,2022,11.3
Uusimaa,Oil heating,Agriculture,GWh,2023,11.9
Uusimaa,Oil heating,Agriculture,GWh,2024,8.2
Uusimaa,Oil heating,Services,GWh,1990,764.4
Uusimaa,Oil heating,Services,GWh,2005,536.5
Uusimaa,Oil heating,Services,GWh,2006,534.2
Uusimaa,Oil heating,Services,GWh,2007,499.8
Uusimaa,Oil heating,Services,GWh,2008,389.9
Uusimaa,Oil heating,Services,GWh,2009,434.9
Uusimaa,Oil heating,Services,GWh,2010,487.0
Uusimaa,Oil heating,Services,GWh,2011,410.7
Uusimaa,Oil heating,Services,GWh,2012,448.9
Uusimaa,Oil heating,Services,GWh,2013,392.8
Uusimaa,Oil heating,Services,GWh,2014,386.2
Uusimaa,Oil heating,Services,GWh,2015,348.0
Uusimaa,Oil heating,Services,GWh,2016,402.0
Uusimaa,Oil heating,Services,GWh,2017,400.5
Uusimaa,Oil heating,Services,GWh,2018,405.8
Uusimaa,Oil heating,Services,GWh,2019,395.3
Uusimaa,Oil heating,Services,GWh,2020,351.2
Uusimaa,Oil heating,Services,GWh,2021,425.8
Uusimaa,Oil heating,Services,GWh,2022,392.6
Uusimaa,Oil heating,Services,GWh,2023,383.6
Uusimaa,Oil heating,Services,GWh,2024,377.2
Uusimaa,Other heating,Housing,GWh,1990,830.3
Uusimaa,Other heating,Housing,GWh,2005,902.0
Uusimaa,Other heating,Housing,GWh,2006,881.5
Uusimaa,Other heating,Housing,GWh,2007,918.2
Uusimaa,Other heating,Housing,GWh,2008,900.3
Uusimaa,Other heating,Housing,GWh,2009,984.4
Uusimaa,Other heating,Housing,GWh,2010,1122.8
Uusimaa,Other heating,Housing,GWh,2011,956.7
Uusimaa,Other heating,Housing,GWh,2012,1042.0
Uusimaa,Other heating,Housing,GWh,2013,1017.4
Uusimaa,Other heating,Housing,GWh,2014,1021.0
Uusimaa,Other heating,Housing,GWh,2015,961.5
Uusimaa,Other heating,Housing,GWh,2016,1062.3
Uusimaa,Other heating,Housing,GWh,2017,1030.0
Uusimaa,Other heating,Housing,GWh,2018,1020.4
Uusimaa,Other heating,Housing,GWh,2019,978.4
Uusimaa,Other heating,Housing,GWh,2020,902.7
Uusimaa,Other heating,Housing,GWh,2021,1049.4
Uusimaa,Other heating,Housing,GWh,2022,968.4
Uusimaa,Other heating,Housing,GWh,2023,894.0
Uusimaa,Other heating,Housing,GWh,2024,853.7
Uusimaa,Other heating,Agriculture,GWh,1990,140.0
Uusimaa,Other heating,Agriculture,GWh,2005,114.2
Uusimaa,Other heating,Agriculture,GWh,2006,115.6
Uusimaa,Other heating,Agriculture,GWh,2007,122.4
Uusimaa,Other heating,Agriculture,GWh,2008,112.0
Uusimaa,Other heating,Agriculture,GWh,2009,98.5
Uusimaa,Other heating,Agriculture,GWh,2010,102.3
Uusimaa,Other heating,Agriculture,GWh,2011,105.7
Uusimaa,Other heating,Agriculture,GWh,2012,113.0
Uusimaa,Other heating,Agriculture,GWh,2013,115.2
Uusimaa,Other heating,Agriculture,GWh,2014,107.2
Uusimaa,Other heating,Agriculture,GWh,2015,106.9
Uusimaa,Other heating,Agriculture,GWh,2016,109.3
Uusimaa,Other heating,Agriculture,GWh,2017,111.2
Uusimaa,Other heating,Agriculture,GWh,2018,94.0
Uusimaa,Other heating,Agriculture,GWh,2019,94.5
Uusimaa,Other heating,Agriculture,GWh,2020,120.3
Uusimaa,Other heating,Agriculture,GWh,2021,104.0
Uusimaa,Other heating,Agriculture,GWh,2022,119.5
Uusimaa,Other heating,Agriculture,GWh,2023,104.1
Uusimaa,Other heating,Agriculture,GWh,2024,35.7
Uusimaa,Other heating,Services,GWh,1990,732.2
Uusimaa,Other heating,Services,GWh,2005,167.2
Uusimaa,Other heating,Services,GWh,2006,168.9
Uusimaa,Other heating,Services,GWh,2007,168.3
Uusimaa,Other heating,Services,GWh,2008,155.5
Uusimaa,Other heating,Services,GWh,2009,160.7
Uusimaa,Other heating,Services,GWh,2010,176.9
Uusimaa,Other heating,Services,GWh,2011,143.2
Uusimaa,Other heating,Services,GWh,2012,151.9
Uusimaa,Other heating,Services,GWh,2013,152.2
Uusimaa,Other heating,Services,GWh,2014,147.6
Uusimaa,Other heating,Services,GWh,2015,158.5
Uusimaa,Other heating,Services,GWh,2016,178.3
Uusimaa,Other heating,Services,GWh,2017,184.8
Uusimaa,Other heating,Services,GWh,2018,186.5
Uusimaa,Other heating,Services,GWh,2019,191.7
Uusimaa,Other heating,Services,GWh,2020,177.6
Uusimaa,Other heating,Services,GWh,2021,215.7
Uusimaa,Other heating,Services,GWh,2022,209.4
Uusimaa,Other heating,Services,GWh,2023,203.4
Uusimaa,Other heating,Services,GWh,2024,198.7
Uusimaa,Industry,Industrial fuels,GWh,1990,10721.8
Uusimaa,Industry,Industrial fuels,GWh,2005,9552.9
Uusimaa,Industry,Industrial fuels,GWh,2006,10132.5
Uusimaa,Industry,Industrial fuels,GWh,2007,10333.7
Uusimaa,Industry,Industrial fuels,GWh,2008,11812.0
Uusimaa,Industry,Industrial fuels,GWh,2009,10723.6
Uusimaa,Industry,Industrial fuels,GWh,2010,10699.0
Uusimaa,Industry,Industrial fuels,GWh,2011,10617.8
Uusimaa,Industry,Industrial fuels,GWh,2012,10433.6
Uusimaa,Industry,Industrial fuels,GWh,2013,10224.8
Uusimaa,Industry,Industrial fuels,GWh,2014,9995.1
Uusimaa,Industry,Industrial fuels,GWh,2015,9438.7
Uusimaa,Industry,Industrial fuels,GWh,2016,10214.9
Uusimaa,Industry,Industrial fuels,GWh,2017,11661.1
Uusimaa,Industry,Industrial fuels,GWh,2018,10679.2
Uusimaa,Industry,Industrial fuels,GWh,2019,11986.9
Uusimaa,Industry,Industrial fuels,GWh,2020,11761.5
Uusimaa,Industry,Industrial fuels,GWh,2021,10251.3
Uusimaa,Industry,Industrial fuels,GWh,2022,14813.9
Uusimaa,Industry,Industrial fuels,GWh,2023,16190.0
Uusimaa,Industry,Industrial fuels,GWh,2024,7887.9
Uusimaa,Machinery,Mining and industrial machinery,GWh,1990,226.3
Uusimaa,Machinery,Mining and industrial machinery,GWh,2005,231.1
Uusimaa,Machinery,Mining and industrial machinery,GWh,2006,226.7
Uusimaa,Machinery,Mining and industrial machinery,GWh,2007,233.0
Uusimaa,Machinery,Mining and industrial machinery,GWh,2008,238.0
Uusimaa,Machinery,Mining and industrial machinery,GWh,2009,207.4
Uusimaa,Machinery,Mining and industrial machinery,GWh,2010,213.7
Uusimaa,Machinery,Mining and industrial machinery,GWh,2011,209.0
Uusimaa,Machinery,Mining and industrial machinery,GWh,2012,197.2
Uusimaa,Machinery,Mining and industrial machinery,GWh,2013,190.0
Uusimaa,Machinery,Mining and industrial machinery,GWh,2014,183.0
Uusimaa,Machinery,Mining and industrial machinery,GWh,2015,181.5
Uusimaa,Machinery,Mining and industrial machinery,GWh,2016,173.4
Uusimaa,Machinery,Mining and industrial machinery,GWh,2017,180.1
Uusimaa,Machinery,Mining and industrial machinery,GWh,2018,176.7
Uusimaa,Machinery,Mining and industrial machinery,GWh,2019,181.9
Uusimaa,Machinery,Mining and industrial machinery,GWh,2020,180.8
Uusimaa,Machinery,Mining and industrial machinery,GWh,2021,168.5
Uusimaa,Machinery,Mining and industrial machinery,GWh,2022,170.7
Uusimaa,Machinery,Mining and industrial machinery,GWh,2023,165.5
Uusimaa,Machinery,Mining and industrial machinery,GWh,2024,168.2
Uusimaa,Machinery,Agricultural and forestry machinery,GWh,1990,255.4
Uusimaa,Machinery,Agricultural and forestry machinery,GWh,2005,237.4
Uusimaa,Machinery,Agricultural and forestry machinery,GWh,2006,227.3
Uusimaa,Machinery,Agricultural and forestry machinery,GWh,2007,228.0
Uusimaa,Machinery,Agricultural and forestry machinery,GWh,2008,225.8
Uusimaa,Machinery,Agricultural and forestry machinery,GWh,2009,221.7
Uusimaa,Machinery,Agricultural and forestry machinery,GWh,2010,205.1
Uusimaa,Machinery,Agricultural and forestry machinery,GWh,2011,210.2
Uusimaa,Machinery,Agricultural and forestry machinery,GWh,2012,228.9
Uusimaa,Machinery,Agricultural and forestry machinery,GWh,2013,217.9
Uusimaa,Machinery,Agricultural and forestry machinery,GWh,2014,211.2
Uusimaa,Machinery,Agricultural and forestry machinery,GWh,2015,216.2
Uusimaa,Machinery,Agricultural and forestry machinery,GWh,2016,206.8
Uusimaa,Machinery,Agricultural and forestry machinery,GWh,2017,204.4
Uusimaa,Machinery,Agricultural and forestry machinery,GWh,2018,177.8
Uusimaa,Machinery,Agricultural and forestry machinery,GWh,2019,188.1
Uusimaa,Machinery,Agricultural and forestry machinery,GWh,2020,180.2
Uusimaa,Machinery,Agricultural and forestry machinery,GWh,2021,170.8
Uusimaa,Machinery,Agricultural and forestry machinery,GWh,2022,176.6
Uusimaa,Machinery,Agricultural and forestry machinery,GWh,2023,173.8
Uusimaa,Machinery,Agricultural and forestry machinery,GWh,2024,169.6
Uusimaa,Machinery,Other machinery,GWh,1990,43.4
Uusimaa,Machinery,Other machinery,GWh,2005,49.5
Uusimaa,Machinery,Other machinery,GWh,2006,50.3
Uusimaa,Machinery,Other machinery,GWh,2007,50.6
Uusimaa,Machinery,Other machinery,GWh,2008,48.5
Uusimaa,Machinery,Other machinery,GWh,2009,45.7
Uusimaa,Machinery,Other machinery,GWh,2010,45.1
Uusimaa,Machinery,Other machinery,GWh,2011,47.5
Uusimaa,Machinery,Other machinery,GWh,2012,49.5
Uusimaa,Machinery,Other machinery,GWh,2013,50.6
Uusimaa,Machinery,Other machinery,GWh,2014,49.6
Uusimaa,Machinery,Other machinery,GWh,2015,51.2
Uusimaa,Machinery,Other machinery,GWh,2016,51.2
Uusimaa,Machinery,Other machinery,GWh,2017,50.4
Uusimaa,Machinery,Other machinery,GWh,2018,47.3
Uusimaa,Machinery,Other machinery,GWh,2019,48.3
Uusimaa,Machinery,Other machinery,GWh,2020,48.2
Uusimaa,Machinery,Other machinery,GWh,2021,45.4
Uusimaa,Machinery,Other machinery,GWh,2022,46.1
Uusimaa,Machinery,Other machinery,GWh,2023,44.7
Uusimaa,Machinery,Other machinery,GWh,2024,42.3
Uusimaa,Machinery,Construction machinery,GWh,1990,293.1
Uusimaa,Machinery,Construction machinery,GWh,2005,362.3
Uusimaa,Machinery,Construction machinery,GWh,2006,331.3
Uusimaa,Machinery,Construction machinery,GWh,2007,345.3
Uusimaa,Machinery,Construction machinery,GWh,2008,416.5
Uusimaa,Machinery,Construction machinery,GWh,2009,411.0
Uusimaa,Machinery,Construction machinery,GWh,2010,344.8
Uusimaa,Machinery,Construction machinery,GWh,2011,360.1
Uusimaa,Machinery,Construction machinery,GWh,2012,422.1
Uusimaa,Machinery,Construction machinery,GWh,2013,373.2
Uusimaa,Machinery,Construction machinery,GWh,2014,378.6
Uusimaa,Machinery,Construction machinery,GWh,2015,474.1
Uusimaa,Machinery,Construction machinery,GWh,2016,533.8
Uusimaa,Machinery,Construction machinery,GWh,2017,560.2
Uusimaa,Machinery,Construction machinery,GWh,2018,631.1
Uusimaa,Machinery,Construction machinery,GWh,2019,666.1
Uusimaa,Machinery,Construction machinery,GWh,2020,645.9
Uusimaa,Machinery,Construction machinery,GWh,2021,658.2
Uusimaa,Machinery,Construction machinery,GWh,2022,730.0
Uusimaa,Machinery,Construction machinery,GWh,2023,767.1
Uusimaa,Machinery,Construction machinery,GWh,2024,691.4
Uusimaa,Machinery,Road construction machinery,GWh,1990,392.9
Uusimaa,Machinery,Road construction machinery,GWh,2005,423.6
Uusimaa,Machinery,Road construction machinery,GWh,2006,427.7
Uusimaa,Machinery,Road construction machinery,GWh,2007,441.1
Uusimaa,Machinery,Road construction machinery,GWh,2008,468.1
Uusimaa,Machinery,Road construction machinery,GWh,2009,464.1
Uusimaa,Machinery,Road construction machinery,GWh,2010,456.2
Uusimaa,Machinery,Road construction machinery,GWh,2011,419.5
Uusimaa,Machinery,Road construction machinery,GWh,2012,457.4
Uusimaa,Machinery,Road construction machinery,GWh,2013,451.0
Uusimaa,Machinery,Road construction machinery,GWh,2014,440.8
Uusimaa,Machinery,Road construction machinery,GWh,2015,442.5
Uusimaa,Machinery,Road construction machinery,GWh,2016,420.3
Uusimaa,Machinery,Road construction machinery,GWh,2017,482.6
Uusimaa,Machinery,Road construction machinery,GWh,2018,497.4
Uusimaa,Machinery,Road construction machinery,GWh,2019,516.7
Uusimaa,Machinery,Road construction machinery,GWh,2020,531.5
Uusimaa,Machinery,Road construction machinery,GWh,2021,514.4
Uusimaa,Machinery,Road construction machinery,GWh,2022,537.2
Uusimaa,Machinery,Road construction machinery,GWh,2023,534.8
Uusimaa,Machinery,Road construction machinery,GWh,2024,529.3
Uusimaa,Road transport,Passenger cars,GWh,1990,5937.2
Uusimaa,Road transport,Passenger cars,GWh,2005,6385.9
Uusimaa,Road transport,Passenger cars,GWh,2006,6450.4
Uusimaa,Road transport,Passenger cars,GWh,2007,6569.0
Uusimaa,Road transport,Passenger cars,GWh,2008,6443.6
Uusimaa,Road transport,Passenger cars,GWh,2009,6471.8
Uusimaa,Road transport,Passenger cars,GWh,2010,6462.5
Uusimaa,Road transport,Passenger cars,GWh,2011,6352.9
Uusimaa,Road transport,Passenger cars,GWh,2012,6283.2
Uusimaa,Road transport,Passenger cars,GWh,2013,6381.4
Uusimaa,Road transport,Passenger cars,GWh,2014,6334.8
Uusimaa,Road transport,Passenger cars,GWh,2015,6304.9
Uusimaa,Road transport,Passenger cars,GWh,2016,6446.7
Uusimaa,Road transport,Passenger cars,GWh,2017,6433.1
Uusimaa,Road transport,Passenger cars,GWh,2018,6452.5
Uusimaa,Road transport,Passenger cars,GWh,2019,6407.1
Uusimaa,Road transport,Passenger cars,GWh,2020,5990.2
Uusimaa,Road transport,Passenger cars,GWh,2021,6126.0
Uusimaa,Road transport,Passenger cars,GWh,2022,5802.5
Uusimaa,Road transport,Passenger cars,GWh,2023,5783.2
Uusimaa,Road transport,Passenger cars,GWh,2024,5824.5
Uusimaa,Road transport,Trucks,GWh,1990,1764.2
Uusimaa,Road transport,Trucks,GWh,2005,2226.8
Uusimaa,Road transport,Trucks,GWh,2006,2260.3
Uusimaa,Road transport,Trucks,GWh,2007,2421.9
Uusimaa,Road transport,Trucks,GWh,2008,2330.1
Uusimaa,Road transport,Trucks,GWh,2009,2060.0
Uusimaa,Road transport,Trucks,GWh,2010,2338.1
Uusimaa,Road transport,Trucks,GWh,2011,2438.9
Uusimaa,Road transport,Trucks,GWh,2012,2332.9
Uusimaa,Road transport,Trucks,GWh,2013,2317.7
Uusimaa,Road transport,Trucks,GWh,2014,2176.2
Uusimaa,Road transport,Trucks,GWh,2015,2221.2
Uusimaa,Road transport,Trucks,GWh,2016,2344.0
Uusimaa,Road transport,Trucks,GWh,2017,2231.7
Uusimaa,Road transport,Trucks,GWh,2018,2290.4
Uusimaa,Road transport,Trucks,GWh,2019,2232.8
Uusimaa,Road transport,Trucks,GWh,2020,2102.1
Uusimaa,Road transport,Trucks,GWh,2021,2180.5
Uusimaa,Road transport,Trucks,GWh,2022,2105.9
Uusimaa,Road transport,Trucks,GWh,2023,1975.6
Uusimaa,Road transport,Trucks,GWh,2024,1976.2
Uusimaa,Road transport,Buses,GWh,1990,512.2
Uusimaa,Road transport,Buses,GWh,2005,510.9
Uusimaa,Road transport,Buses,GWh,2006,508.4
Uusimaa,Road transport,Buses,GWh,2007,476.0
Uusimaa,Road transport,Buses,GWh,2008,476.3
Uusimaa,Road transport,Buses,GWh,2009,477.0
Uusimaa,Road transport,Buses,GWh,2010,501.9
Uusimaa,Road transport,Buses,GWh,2011,497.1
Uusimaa,Road transport,Buses,GWh,2012,492.2
Uusimaa,Road transport,Buses,GWh,2013,484.9
Uusimaa,Road transport,Buses,GWh,2014,487.1
Uusimaa,Road transport,Buses,GWh,2015,477.1
Uusimaa,Road transport,Buses,GWh,2016,486.3
Uusimaa,Road transport,Buses,GWh,2017,497.0
Uusimaa,Road transport,Buses,GWh,2018,486.9
Uusimaa,Road transport,Buses,GWh,2019,487.5
Uusimaa,Road transport,Buses,GWh,2020,413.3
Uusimaa,Road transport,Buses,GWh,2021,402.5
Uusimaa,Road transport,Buses,GWh,2022,383.6
Uusimaa,Road transport,Buses,GWh,2023,383.4
Uusimaa,Road transport,Buses,GWh,2024,364.6
Uusimaa,Road transport,Vancouver vans,GWh,1990,776.1
Uusimaa,Road transport,Vancouver vans,GWh,2005,665.2
Uusimaa,Road transport,Vancouver vans,GWh,2006,679.3
Uusimaa,Road transport,Vancouver vans,GWh,2007,694.2
Uusimaa,Road transport,Vancouver vans,GWh,2008,702.5
Uusimaa,Road transport,Vancouver vans,GWh,2009,705.3
Uusimaa,Road transport,Vancouver vans,GWh,2010,717.0
Uusimaa,Road transport,Vancouver vans,GWh,2011,725.1
Uusimaa,Road transport,Vancouver vans,GWh,2012,717.2
Uusimaa,Road transport,Vancouver vans,GWh,2013,715.5
Uusimaa,Road transport,Vancouver vans,GWh,2014,732.9
Uusimaa,Road transport,Vancouver vans,GWh,2015,743.0
Uusimaa,Road transport,Vancouver vans,GWh,2016,742.3
Uusimaa,Road transport,Vancouver vans,GWh,2017,889.7
Uusimaa,Road transport,Vancouver vans,GWh,2018,909.0
Uusimaa,Road transport,Vancouver vans,GWh,2019,910.1
Uusimaa,Road transport,Vancouver vans,GWh,2020,874.3
Uusimaa,Road transport,Vancouver vans,GWh,2021,923.3
Uusimaa,Road transport,Vancouver vans,GWh,2022,885.7
Uusimaa,Road transport,Vancouver vans,GWh,2023,891.9
Uusimaa,Road transport,Vancouver vans,GWh,2024,903.0
Uusimaa,Road transport,Drive-through traffic,GWh,1990,655.3
Uusimaa,Road transport,Drive-through traffic,GWh,2005,502.3
Uusimaa,Road transport,Drive-through traffic,GWh,2006,519.4
Uusimaa,Road transport,Drive-through traffic,GWh,2007,544.4
Uusimaa,Road transport,Drive-through traffic,GWh,2008,525.8
Uusimaa,Road transport,Drive-through traffic,GWh,2009,513.5
Uusimaa,Road transport,Drive-through traffic,GWh,2010,524.6
Uusimaa,Road transport,Drive-through traffic,GWh,2011,516.4
Uusimaa,Road transport,Drive-through traffic,GWh,2012,495.4
Uusimaa,Road transport,Drive-through traffic,GWh,2013,507.8
Uusimaa,Road transport,Drive-through traffic,GWh,2014,497.1
Uusimaa,Road transport,Drive-through traffic,GWh,2015,494.8
Uusimaa,Road transport,Drive-through traffic,GWh,2016,541.3
Uusimaa,Road transport,Drive-through traffic,GWh,2017,564.5
Uusimaa,Road transport,Drive-through traffic,GWh,2018,565.1
Uusimaa,Road transport,Drive-through traffic,GWh,2019,596.0
Uusimaa,Road transport,Drive-through traffic,GWh,2020,618.6
Uusimaa,Road transport,Drive-through traffic,GWh,2021,681.6
Uusimaa,Road transport,Drive-through traffic,GWh,2022,691.3
Uusimaa,Road transport,Drive-through traffic,GWh,2023,682.7
Uusimaa,Road transport,Drive-through traffic,GWh,2024,688.7
Uusimaa,Road transport,Motorcycles and mopeds,GWh,1990,43.5
Uusimaa,Road transport,Motorcycles and mopeds,GWh,2005,98.1
Uusimaa,Road transport,Motorcycles and mopeds,GWh,2006,105.4
Uusimaa,Road transport,Motorcycles and mopeds,GWh,2007,113.9
Uusimaa,Road transport,Motorcycles and mopeds,GWh,2008,119.2
Uusimaa,Road transport,Motorcycles and mopeds,GWh,2009,121.1
Uusimaa,Road transport,Motorcycles and mopeds,GWh,2010,126.5
Uusimaa,Road transport,Motorcycles and mopeds,GWh,2011,135.5
Uusimaa,Road transport,Motorcycles and mopeds,GWh,2012,138.1
Uusimaa,Road transport,Motorcycles and mopeds,GWh,2013,141.3
Uusimaa,Road transport,Motorcycles and mopeds,GWh,2014,139.8
Uusimaa,Road transport,Motorcycles and mopeds,GWh,2015,139.3
Uusimaa,Road transport,Motorcycles and mopeds,GWh,2016,143.8
Uusimaa,Road transport,Motorcycles and mopeds,GWh,2017,118.4
Uusimaa,Road transport,Motorcycles and mopeds,GWh,2018,117.8
Uusimaa,Road transport,Motorcycles and mopeds,GWh,2019,115.5
Uusimaa,Road transport,Motorcycles and mopeds,GWh,2020,112.9
Uusimaa,Road transport,Motorcycles and mopeds,GWh,2021,118.8
Uusimaa,Road transport,Motorcycles and mopeds,GWh,2022,115.0
Uusimaa,Road transport,Motorcycles and mopeds,GWh,2023,117.9
Uusimaa,Road transport,Motorcycles and mopeds,GWh,2024,120.5
Uusimaa,Rail transport,Diesel,GWh,1990,23.5
Uusimaa,Rail transport,Diesel,GWh,2005,15.6
Uusimaa,Rail transport,Diesel,GWh,2006,15.8
Uusimaa,Rail transport,Diesel,GWh,2007,13.2
Uusimaa,Rail transport,Diesel,GWh,2008,13.5
Uusimaa,Rail transport,Diesel,GWh,2009,10.7
Uusimaa,Rail transport,Diesel,GWh,2010,11.1
Uusimaa,Rail transport,Diesel,GWh,2011,11.3
Uusimaa,Rail transport,Diesel,GWh,2012,12.0
Uusimaa,Rail transport,Diesel,GWh,2013,11.3
Uusimaa,Rail transport,Diesel,GWh,2014,9.9
Uusimaa,Rail transport,Diesel,GWh,2015,8.2
Uusimaa,Rail transport,Diesel,GWh,2016,7.3
Uusimaa,Rail transport,Diesel,GWh,2017,7.7
Uusimaa,Rail transport,Diesel,GWh,2018,7.4
Uusimaa,Rail transport,Diesel,GWh,2019,8.3
Uusimaa,Rail transport,Diesel,GWh,2020,7.7
Uusimaa,Rail transport,Diesel,GWh,2021,7.8
Uusimaa,Rail transport,Diesel,GWh,2022,5.9
Uusimaa,Rail transport,Diesel,GWh,2023,4.5
Uusimaa,Rail transport,Diesel,GWh,2024,3.3
Uusimaa,Rail transport,Electricity,GWh,1990,47.1
Uusimaa,Rail transport,Electricity,GWh,2005,69.2
Uusimaa,Rail transport,Electricity,GWh,2006,69.5
Uusimaa,Rail transport,Electricity,GWh,2007,45.1
Uusimaa,Rail transport,Electricity,GWh,2008,44.1
Uusimaa,Rail transport,Electricity,GWh,2009,40.9
Uusimaa,Rail transport,Electricity,GWh,2010,42.4
Uusimaa,Rail transport,Electricity,GWh,2011,42.9
Uusimaa,Rail transport,Electricity,GWh,2012,42.2
Uusimaa,Rail transport,Electricity,GWh,2013,41.2
Uusimaa,Rail transport,Electricity,GWh,2014,39.9
Uusimaa,Rail transport,Electricity,GWh,2015,36.3
Uusimaa,Rail transport,Electricity,GWh,2016,33.8
Uusimaa,Rail transport,Electricity,GWh,2017,35.3
Uusimaa,Rail transport,Electricity,GWh,2018,38.0
Uusimaa,Rail transport,Electricity,GWh,2019,36.8
Uusimaa,Rail transport,Electricity,GWh,2020,29.5
Uusimaa,Rail transport,Electricity,GWh,2021,27.1
Uusimaa,Rail transport,Electricity,GWh,2022,25.7
Uusimaa,Rail transport,Electricity,GWh,2023,24.0
Uusimaa,Rail transport,Electricity,GWh,2024,25.4
Uusimaa,Rail transport,Community trains,GWh,1990,52.9
Uusimaa,Rail transport,Community trains,GWh,2005,65.4
Uusimaa,Rail transport,Community trains,GWh,2006,66.2
Uusimaa,Rail transport,Community trains,GWh,2007,67.0
Uusimaa,Rail transport,Community trains,GWh,2008,72.6
Uusimaa,Rail transport,Community trains,GWh,2009,73.4
Uusimaa,Rail transport,Community trains,GWh,2010,73.4
Uusimaa,Rail transport,Community trains,GWh,2011,74.5
Uusimaa,Rail transport,Community trains,GWh,2012,76.3
Uusimaa,Rail transport,Community trains,GWh,2013,75.6
Uusimaa,Rail transport,Community trains,GWh,2014,75.6
Uusimaa,Rail transport,Community trains,GWh,2015,82.5
Uusimaa,Rail transport,Community trains,GWh,2016,93.4
Uusimaa,Rail transport,Community trains,GWh,2017,104.2
Uusimaa,Rail transport,Community trains,GWh,2018,111.2
Uusimaa,Rail transport,Community trains,GWh,2019,100.3
Uusimaa,Rail transport,Community trains,GWh,2020,97.2
Uusimaa,Rail transport,Community trains,GWh,2021,96.5
Uusimaa,Rail transport,Community trains,GWh,2022,98.6
Uusimaa,Rail transport,Community trains,GWh,2023,98.8
Uusimaa,Rail transport,Community trains,GWh,2024,109.1
Uusimaa,Rail transport,Metros and trams,GWh,1990,46.6
Uusimaa,Rail transport,Metros and trams,GWh,2005,67.9
Uusimaa,Rail transport,Metros and trams,GWh,2006,65.4
Uusimaa,Rail transport,Metros and trams,GWh,2007,64.3
Uusimaa,Rail transport,Metros and trams,GWh,2008,68.5
Uusimaa,Rail transport,Metros and trams,GWh,2009,70.2
Uusimaa,Rail transport,Metros and trams,GWh,2010,75.3
Uusimaa,Rail transport,Metros and trams,GWh,2011,77.1
Uusimaa,Rail transport,Metros and trams,GWh,2012,74.7
Uusimaa,Rail transport,Metros and trams,GWh,2013,75.9
Uusimaa,Rail transport,Metros and trams,GWh,2014,76.9
Uusimaa,Rail transport,Metros and trams,GWh,2015,77.2
Uusimaa,Rail transport,Metros and trams,GWh,2016,76.0
Uusimaa,Rail transport,Metros and trams,GWh,2017,96.6
Uusimaa,Rail transport,Metros and trams,GWh,2018,98.7
Uusimaa,Rail transport,Metros and trams,GWh,2019,98.7
Uusimaa,Rail transport,Metros and trams,GWh,2020,90.1
Uusimaa,Rail transport,Metros and trams,GWh,2021,92.2
Uusimaa,Rail transport,Metros and trams,GWh,2022,90.6
Uusimaa,Rail transport,Metros and trams,GWh,2023,106.4
Uusimaa,Rail transport,Metros and trams,GWh,2024,110.8
Uusimaa,Water transport,Pleasure boats,GWh,1990,141.6
Uusimaa,Water transport,Pleasure boats,GWh,2005,150.8
Uusimaa,Water transport,Pleasure boats,GWh,2006,155.5
Uusimaa,Water transport,Pleasure boats,GWh,2007,155.9
Uusimaa,Water transport,Pleasure boats,GWh,2008,127.9
Uusimaa,Water transport,Pleasure boats,GWh,2009,132.0
Uusimaa,Water transport,Pleasure boats,GWh,2010,140.7
Uusimaa,Water transport,Pleasure boats,GWh,2011,111.9
Uusimaa,Water transport,Pleasure boats,GWh,2012,118.1
Uusimaa,Water transport,Pleasure boats,GWh,2013,125.9
Uusimaa,Water transport,Pleasure boats,GWh,2014,116.1
Uusimaa,Water transport,Pleasure boats,GWh,2015,121.5
Uusimaa,Water transport,Pleasure boats,GWh,2016,116.8
Uusimaa,Water transport,Pleasure boats,GWh,2017,116.8
Uusimaa,Water transport,Pleasure boats,GWh,2018,117.9
Uusimaa,Water transport,Pleasure boats,GWh,2019,118.1
Uusimaa,Water transport,Pleasure boats,GWh,2020,135.5
Uusimaa,Water transport,Pleasure boats,GWh,2021,148.3
Uusimaa,Water transport,Pleasure boats,GWh,2022,114.8
Uusimaa,Water transport,Pleasure boats,GWh,2023,114.1
Uusimaa,Water transport,Pleasure boats,GWh,2024,117.0
Uusimaa,Water transport,Passenger traffic,GWh,1990,20.0
Uusimaa,Water transport,Passenger traffic,GWh,2005,37.2
Uusimaa,Water transport,Passenger traffic,GWh,2006,31.9
Uusimaa,Water transport,Passenger traffic,GWh,2007,30.7
Uusimaa,Water transport,Passenger traffic,GWh,2008,31.4
Uusimaa,Water transport,Passenger traffic,GWh,2009,31.4
Uusimaa,Water transport,Passenger traffic,GWh,2010,31.4
Uusimaa,Water transport,Passenger traffic,GWh,2011,36.1
Uusimaa,Water transport,Passenger traffic,GWh,2012,41.3
Uusimaa,Water transport,Passenger traffic,GWh,2013,49.0
Uusimaa,Water transport,Passenger traffic,GWh,2014,41.2
Uusimaa,Water transport,Passenger traffic,GWh,2015,37.4
Uusimaa,Water transport,Passenger traffic,GWh,2016,38.8
Uusimaa,Water transport,Passenger traffic,GWh,2017,38.0
Uusimaa,Water transport,Passenger traffic,GWh,2018,38.1
Uusimaa,Water transport,Passenger traffic,GWh,2019,41.3
Uusimaa,Water transport,Passenger traffic,GWh,2020,20.8
Uusimaa,Water transport,Passenger traffic,GWh,2021,23.9
Uusimaa,Water transport,Passenger traffic,GWh,2022,22.9
Uusimaa,Water transport,Passenger traffic,GWh,2023,20.9
Uusimaa,Water transport,Passenger traffic,GWh,2024,21.6
Uusimaa,Water transport,Goods traffic,GWh,1990,92.9
Uusimaa,Water transport,Goods traffic,GWh,2005,96.1
Uusimaa,Water transport,Goods traffic,GWh,2006,114.9
Uusimaa,Water transport,Goods traffic,GWh,2007,116.6
Uusimaa,Water transport,Goods traffic,GWh,2008,120.0
Uusimaa,Water transport,Goods traffic,GWh,2009,82.7
Uusimaa,Water transport,Goods traffic,GWh,2010,109.1
Uusimaa,Water transport,Goods traffic,GWh,2011,126.7
Uusimaa,Water transport,Goods traffic,GWh,2012,76.5
Uusimaa,Water transport,Goods traffic,GWh,2013,56.0
Uusimaa,Water transport,Goods traffic,GWh,2014,44.2
Uusimaa,Water transport,Goods traffic,GWh,2015,61.5
Uusimaa,Water transport,Goods traffic,GWh,2016,52.6
Uusimaa,Water transport,Goods traffic,GWh,2017,74.0
Uusimaa,Water transport,Goods traffic,GWh,2018,77.7
Uusimaa,Water transport,Goods traffic,GWh,2019,153.8
Uusimaa,Water transport,Goods traffic,GWh,2020,70.6
Uusimaa,Water transport,Goods traffic,GWh,2021,40.6
Uusimaa,Water transport,Goods traffic,GWh,2022,42.2
Uusimaa,Water transport,Goods traffic,GWh,2023,40.5
Uusimaa,Water transport,Goods traffic,GWh,2024,43.1
Uusimaa,Water transport,Fishing vessels,GWh,1990,97.3
Uusimaa,Water transport,Fishing vessels,GWh,2005,66.6
Uusimaa,Water transport,Fishing vessels,GWh,2006,66.3
Uusimaa,Water transport,Fishing vessels,GWh,2007,62.7
Uusimaa,Water transport,Fishing vessels,GWh,2008,58.2
Uusimaa,Water transport,Fishing vessels,GWh,2009,54.9
Uusimaa,Water transport,Fishing vessels,GWh,2010,54.7
Uusimaa,Water transport,Fishing vessels,GWh,2011,46.6
Uusimaa,Water transport,Fishing vessels,GWh,2012,45.7
Uusimaa,Water transport,Fishing vessels,GWh,2013,56.1
Uusimaa,Water transport,Fishing vessels,GWh,2014,53.5
Uusimaa,Water transport,Fishing vessels,GWh,2015,47.3
Uusimaa,Water transport,Fishing vessels,GWh,2016,41.3
Uusimaa,Water transport,Fishing vessels,GWh,2017,39.2
Uusimaa,Water transport,Fishing vessels,GWh,2018,37.0
Uusimaa,Water transport,Fishing vessels,GWh,2019,43.4
Uusimaa,Water transport,Fishing vessels,GWh,2020,39.0
Uusimaa,Water transport,Fishing vessels,GWh,2021,38.9
Uusimaa,Water transport,Fishing vessels,GWh,2022,38.1
Uusimaa,Water transport,Fishing vessels,GWh,2023,38.3
Uusimaa,Water transport,Fishing vessels,GWh,2024,27.7
Uusimaa,Water transport,,GWh,1990,1.6
Uusimaa,Water transport,,GWh,2005,1.4
Uusimaa,Water transport,,GWh,2006,1.4
Uusimaa,Water transport,,GWh,2007,1.3
Uusimaa,Water transport,,GWh,2008,1.2
Uusimaa,Water transport,,GWh,2009,1.3
Uusimaa,Water transport,,GWh,2010,1.4
Uusimaa,Water transport,,GWh,2011,1.3
Uusimaa,Water transport,,GWh,2012,1.9
Uusimaa,Water transport,,GWh,2013,1.7
Uusimaa,Water transport,,GWh,2014,1.4
Uusimaa,Water transport,,GWh,2015,1.4
Uusimaa,Water transport,,GWh,2016,1.5
Uusimaa,Water transport,,GWh,2017,1.8
Uusimaa,Water transport,,GWh,2018,1.5
Uusimaa,Water transport,,GWh,2019,1.7
Uusimaa,Water transport,,GWh,2020,1.8
Uusimaa,Water transport,,GWh,2021,1.5
Uusimaa,Water transport,,GWh,2022,1.5
Uusimaa,Water transport,,GWh,2023,2.0
Uusimaa,Water transport,,GWh,2024,1.7
Uusimaa,Water transport,Workboats and ships,GWh,1990,125.2
Uusimaa,Water transport,Workboats and ships,GWh,2005,121.0
Uusimaa,Water transport,Workboats and ships,GWh,2006,122.3
Uusimaa,Water transport,Workboats and ships,GWh,2007,122.9
Uusimaa,Water transport,Workboats and ships,GWh,2008,123.6
Uusimaa,Water transport,Workboats and ships,GWh,2009,124.1
Uusimaa,Water transport,Workboats and ships,GWh,2010,124.5
Uusimaa,Water transport,Workboats and ships,GWh,2011,125.1
Uusimaa,Water transport,Workboats and ships,GWh,2012,125.8
Uusimaa,Water transport,Workboats and ships,GWh,2013,126.5
Uusimaa,Water transport,Workboats and ships,GWh,2014,127.2
Uusimaa,Water transport,Workboats and ships,GWh,2015,129.4
Uusimaa,Water transport,Workboats and ships,GWh,2016,128.5
Uusimaa,Water transport,Workboats and ships,GWh,2017,129.4
Uusimaa,Water transport,Workboats and ships,GWh,2018,130.1
Uusimaa,Water transport,Workboats and ships,GWh,2019,131.0
Uusimaa,Water transport,Workboats and ships,GWh,2020,131.4
Uusimaa,Water transport,Workboats and ships,GWh,2021,131.4
Uusimaa,Water transport,Workboats and ships,GWh,2022,132.2
Uusimaa,Water transport,Workboats and ships,GWh,2023,133.0
Uusimaa,Water transport,Workboats and ships,GWh,2024,67.0
Uusimaa,Emission credits,Wind power,GWh,1990,0.0
Uusimaa,Emission credits,Wind power,GWh,2005,22.3
Uusimaa,Emission credits,Wind power,GWh,2006,19.3
Uusimaa,Emission credits,Wind power,GWh,2007,18.2
Uusimaa,Emission credits,Wind power,GWh,2008,19.2
Uusimaa,Emission credits,Wind power,GWh,2009,19.6
Uusimaa,Emission credits,Wind power,GWh,2010,15.1
Uusimaa,Emission credits,Wind power,GWh,2011,23.8
Uusimaa,Emission credits,Wind power,GWh,2012,19.3
Uusimaa,Emission credits,Wind power,GWh,2013,18.3
Uusimaa,Emission credits,Wind power,GWh,2014,16.9
Uusimaa,Emission credits,Wind power,GWh,2015,22.3
Uusimaa,Emission credits,Wind power,GWh,2016,19.4
Uusimaa,Emission credits,Wind power,GWh,2017,22.9
Uusimaa,Emission credits,Wind power,GWh,2018,22.3
Uusimaa,Emission credits,Wind power,GWh,2019,20.6
Uusimaa,Emission credits,Wind power,GWh,2020,24.1
Uusimaa,Emission credits,Wind power,GWh,2021,20.1
Uusimaa,Emission credits,Wind power,GWh,2022,16.3
Uusimaa,Emission credits,Wind power,GWh,2023,16.6
Uusimaa,Emission credits,Wind power,GWh,2024,61.9
Åland,Electricity,Housing,GWh,1990,44.4
Åland,Electricity,Housing,GWh,2005,57.5
Åland,Electricity,Housing,GWh,2006,60.3
Åland,Electricity,Housing,GWh,2007,60.4
Åland,Electricity,Housing,GWh,2008,62.3
Åland,Electricity,Housing,GWh,2009,66.6
Åland,Electricity,Housing,GWh,2010,73.6
Åland,Electricity,Housing,GWh,2011,67.7
Åland,Electricity,Housing,GWh,2012,71.5
Åland,Electricity,Housing,GWh,2013,70.3
Åland,Electricity,Housing,GWh,2014,70.8
Åland,Electricity,Housing,GWh,2015,69.7
Åland,Electricity,Housing,GWh,2016,74.2
Åland,Electricity,Housing,GWh,2017,74.0
Åland,Electricity,Housing,GWh,2018,75.0
Åland,Electricity,Housing,GWh,2019,75.4
Åland,Electricity,Housing,GWh,2020,69.6
Åland,Electricity,Housing,GWh,2021,78.6
Åland,Electricity,Housing,GWh,2022,71.5
Åland,Electricity,Housing,GWh,2023,68.6
Åland,Electricity,Housing,GWh,2024,71.1
Åland,Electricity,Agriculture,GWh,1990,5.0
Åland,Electricity,Agriculture,GWh,2005,7.1
Åland,Electricity,Agriculture,GWh,2006,7.3
Åland,Electricity,Agriculture,GWh,2007,7.6
Åland,Electricity,Agriculture,GWh,2008,7.9
Åland,Electricity,Agriculture,GWh,2009,8.0
Åland,Electricity,Agriculture,GWh,2010,8.0
Åland,Electricity,Agriculture,GWh,2011,8.2
Åland,Electricity,Agriculture,GWh,2012,8.2
Åland,Electricity,Agriculture,GWh,2013,6.0
Åland,Electricity,Agriculture,GWh,2014,5.7
Åland,Electricity,Agriculture,GWh,2015,5.3
Åland,Electricity,Agriculture,GWh,2016,6.8
Åland,Electricity,Agriculture,GWh,2017,6.7
Åland,Electricity,Agriculture,GWh,2018,6.8
Åland,Electricity,Agriculture,GWh,2019,7.0
Åland,Electricity,Agriculture,GWh,2020,4.9
Åland,Electricity,Agriculture,GWh,2021,4.9
Åland,Electricity,Agriculture,GWh,2022,4.8
Åland,Electricity,Agriculture,GWh,2023,4.7
Åland,Electricity,Agriculture,GWh,2024,4.2
Åland,Electricity,Services,GWh,1990,54.2
Åland,Electricity,Services,GWh,2005,82.1
Åland,Electricity,Services,GWh,2006,88.1
Åland,Electricity,Services,GWh,2007,89.4
Åland,Electricity,Services,GWh,2008,84.8
Åland,Electricity,Services,GWh,2009,82.9
Åland,Electricity,Services,GWh,2010,85.4
Åland,Electricity,Services,GWh,2011,84.8
Åland,Electricity,Services,GWh,2012,89.1
Åland,Electricity,Services,GWh,2013,89.0
Åland,Electricity,Services,GWh,2014,91.2
Åland,Electricity,Services,GWh,2015,88.8
Åland,Electricity,Services,GWh,2016,92.4
Åland,Electricity,Services,GWh,2017,91.4
Åland,Electricity,Services,GWh,2018,92.5
Åland,Electricity,Services,GWh,2019,92.0
Åland,Electricity,Services,GWh,2020,91.1
Åland,Electricity,Services,GWh,2021,105.5
Åland,Electricity,Services,GWh,2022,100.1
Åland,Electricity,Services,GWh,2023,94.1
Åland,Electricity,Services,GWh,2024,93.6
Åland,Electricity,Industry,GWh,1990,22.9
Åland,Electricity,Industry,GWh,2005,27.5
Åland,Electricity,Industry,GWh,2006,30.1
Åland,Electricity,Industry,GWh,2007,29.8
Åland,Electricity,Industry,GWh,2008,27.2
Åland,Electricity,Industry,GWh,2009,26.4
Åland,Electricity,Industry,GWh,2010,29.7
Åland,Electricity,Industry,GWh,2011,29.5
Åland,Electricity,Industry,GWh,2012,29.8
Åland,Electricity,Industry,GWh,2013,29.2
Åland,Electricity,Industry,GWh,2014,26.0
Åland,Electricity,Industry,GWh,2015,26.3
Åland,Electricity,Industry,GWh,2016,30.6
Åland,Electricity,Industry,GWh,2017,32.9
Åland,Electricity,Industry,GWh,2018,34.5
Åland,Electricity,Industry,GWh,2019,35.2
Åland,Electricity,Industry,GWh,2020,35.5
Åland,Electricity,Industry,GWh,2021,34.3
Åland,Electricity,Industry,GWh,2022,30.1
Åland,Electricity,Industry,GWh,2023,25.9
Åland,Electricity,Industry,GWh,2024,30.9
Åland,Electric heating,Housing,GWh,1990,34.2
Åland,Electric heating,Housing,GWh,2005,48.3
Åland,Electric heating,Housing,GWh,2006,49.2
Åland,Electric heating,Housing,GWh,2007,49.5
Åland,Electric heating,Housing,GWh,2008,48.9
Åland,Electric heating,Housing,GWh,2009,52.8
Åland,Electric heating,Housing,GWh,2010,60.6
Åland,Electric heating,Housing,GWh,2011,54.7
Åland,Electric heating,Housing,GWh,2012,57.7
Åland,Electric heating,Housing,GWh,2013,59.0
Åland,Electric heating,Housing,GWh,2014,56.1
Åland,Electric heating,Housing,GWh,2015,56.0
Åland,Electric heating,Housing,GWh,2016,60.3
Åland,Electric heating,Housing,GWh,2017,60.6
Åland,Electric heating,Housing,GWh,2018,62.9
Åland,Electric heating,Housing,GWh,2019,58.7
Åland,Electric heating,Housing,GWh,2020,56.6
Åland,Electric heating,Housing,GWh,2021,63.3
Åland,Electric heating,Housing,GWh,2022,57.7
Åland,Electric heating,Housing,GWh,2023,55.9
Åland,Electric heating,Housing,GWh,2024,57.9
Åland,Electric heating,Agriculture,GWh,1990,1.5
Åland,Electric heating,Agriculture,GWh,2005,2.3
Åland,Electric heating,Agriculture,GWh,2006,2.4
Åland,Electric heating,Agriculture,GWh,2007,2.3
Åland,Electric heating,Agriculture,GWh,2008,2.1
Åland,Electric heating,Agriculture,GWh,2009,2.5
Åland,Electric heating,Agriculture,GWh,2010,2.7
Åland,Electric heating,Agriculture,GWh,2011,2.6
Åland,Electric heating,Agriculture,GWh,2012,2.5
Åland,Electric heating,Agriculture,GWh,2013,2.6
Åland,Electric heating,Agriculture,GWh,2014,2.4
Åland,Electric heating,Agriculture,GWh,2015,2.4
Åland,Electric heating,Agriculture,GWh,2016,2.6
Åland,Electric heating,Agriculture,GWh,2017,2.6
Åland,Electric heating,Agriculture,GWh,2018,2.6
Åland,Electric heating,Agriculture,GWh,2019,2.5
Åland,Electric heating,Agriculture,GWh,2020,2.4
Åland,Electric heating,Agriculture,GWh,2021,2.4
Åland,Electric heating,Agriculture,GWh,2022,2.5
Åland,Electric heating,Agriculture,GWh,2023,2.4
Åland,Electric heating,Agriculture,GWh,2024,2.4
Åland,Electric heating,Services,GWh,1990,9.6
Åland,Electric heating,Services,GWh,2005,12.6
Åland,Electric heating,Services,GWh,2006,9.2
Åland,Electric heating,Services,GWh,2007,10.0
Åland,Electric heating,Services,GWh,2008,10.0
Åland,Electric heating,Services,GWh,2009,10.6
Åland,Electric heating,Services,GWh,2010,11.6
Åland,Electric heating,Services,GWh,2011,11.7
Åland,Electric heating,Services,GWh,2012,11.6
Åland,Electric heating,Services,GWh,2013,11.9
Åland,Electric heating,Services,GWh,2014,11.5
Åland,Electric heating,Services,GWh,2015,12.1
Åland,Electric heating,Services,GWh,2016,12.2
Åland,Electric heating,Services,GWh,2017,12.6
Åland,Electric heating,Services,GWh,2018,13.0
Åland,Electric heating,Services,GWh,2019,12.4
Åland,Electric heating,Services,GWh,2020,11.4
Åland,Electric heating,Services,GWh,2021,11.8
Åland,Electric heating,Services,GWh,2022,12.1
Åland,Electric heating,Services,GWh,2023,12.2
Åland,Electric heating,Services,GWh,2024,13.6
Åland,District heating,Housing,GWh,1990,27.1
Åland,District heating,Housing,GWh,2005,51.8
Åland,District heating,Housing,GWh,2006,57.1
Åland,District heating,Housing,GWh,2007,57.6
Åland,District heating,Housing,GWh,2008,56.3
Åland,District heating,Housing,GWh,2009,61.1
Åland,District heating,Housing,GWh,2010,70.5
Åland,District heating,Housing,GWh,2011,62.1
Åland,District heating,Housing,GWh,2012,69.5
Åland,District heating,Housing,GWh,2013,67.3
Åland,District heating,Housing,GWh,2014,66.7
Åland,District heating,Housing,GWh,2015,65.3
Åland,District heating,Housing,GWh,2016,72.1
Åland,District heating,Housing,GWh,2017,72.9
Åland,District heating,Housing,GWh,2018,74.2
Åland,District heating,Housing,GWh,2019,75.0
Åland,District heating,Housing,GWh,2020,68.4
Åland,District heating,Housing,GWh,2021,78.3
Åland,District heating,Housing,GWh,2022,73.9
Åland,District heating,Housing,GWh,2023,79.4
Åland,District heating,Housing,GWh,2024,74.8
Åland,District heating,Agriculture,GWh,1990,0.0
Åland,District heating,Agriculture,GWh,2005,0.0
Åland,District heating,Agriculture,GWh,2006,0.0
Åland,District heating,Agriculture,GWh,2007,0.0
Åland,District heating,Agriculture,GWh,2008,0.0
Åland,District heating,Agriculture,GWh,2009,0.0
Åland,District heating,Agriculture,GWh,2010,0.2
Åland,District heating,Agriculture,GWh,2011,0.2
Åland,District heating,Agriculture,GWh,2012,0.2
Åland,District heating,Agriculture,GWh,2013,0.2
Åland,District heating,Agriculture,GWh,2014,0.2
Åland,District heating,Agriculture,GWh,2015,0.2
Åland,District heating,Agriculture,GWh,2016,0.2
Åland,District heating,Agriculture,GWh,2017,0.2
Åland,District heating,Agriculture,GWh,2018,0.2
Åland,District heating,Agriculture,GWh,2019,0.2
Åland,District heating,Agriculture,GWh,2020,0.2
Åland,District heating,Agriculture,GWh,2021,0.2
Åland,District heating,Agriculture,GWh,2022,0.2
Åland,District heating,Agriculture,GWh,2023,0.2
Åland,District heating,Agriculture,GWh,2024,0.2
Åland,District heating,Services,GWh,1990,39.0
Åland,District heating,Services,GWh,2005,47.0
Åland,District heating,Services,GWh,2006,40.9
Åland,District heating,Services,GWh,2007,40.6
Åland,District heating,Services,GWh,2008,40.0
Åland,District heating,Services,GWh,2009,48.0
Åland,District heating,Services,GWh,2010,54.3
Åland,District heating,Services,GWh,2011,46.6
Åland,District heating,Services,GWh,2012,49.6
Åland,District heating,Services,GWh,2013,47.2
Åland,District heating,Services,GWh,2014,44.8
Åland,District heating,Services,GWh,2015,41.8
Åland,District heating,Services,GWh,2016,45.9
Åland,District heating,Services,GWh,2017,45.9
Åland,District heating,Services,GWh,2018,46.6
Åland,District heating,Services,GWh,2019,46.9
Åland,District heating,Services,GWh,2020,42.1
Åland,District heating,Services,GWh,2021,47.3
Åland,District heating,Services,GWh,2022,45.3
Åland,District heating,Services,GWh,2023,50.1
Åland,District heating,Services,GWh,2024,47.0
Åland,District heating,Industry,GWh,1990,0.7
Åland,District heating,Industry,GWh,2005,1.1
Åland,District heating,Industry,GWh,2006,1.0
Åland,District heating,Industry,GWh,2007,0.7
Åland,District heating,Industry,GWh,2008,0.9
Åland,District heating,Industry,GWh,2009,0.9
Åland,District heating,Industry,GWh,2010,1.1
Åland,District heating,Industry,GWh,2011,1.0
Åland,District heating,Industry,GWh,2012,1.0
Åland,District heating,Industry,GWh,2013,1.0
Åland,District heating,Industry,GWh,2014,0.9
Åland,District heating,Industry,GWh,2015,0.9
Åland,District heating,Industry,GWh,2016,1.1
Åland,District heating,Industry,GWh,2017,1.1
Åland,District heating,Industry,GWh,2018,1.5
Åland,District heating,Industry,GWh,2019,1.5
Åland,District heating,Industry,GWh,2020,1.4
Åland,District heating,Industry,GWh,2021,1.7
Åland,District heating,Industry,GWh,2022,1.6
Åland,District heating,Industry,GWh,2023,3.0
Åland,District heating,Industry,GWh,2024,2.9
Åland,Oil heating,Housing,GWh,1990,116.1
Åland,Oil heating,Housing,GWh,2005,86.0
Åland,Oil heating,Housing,GWh,2006,83.9
Åland,Oil heating,Housing,GWh,2007,79.7
Åland,Oil heating,Housing,GWh,2008,62.5
Åland,Oil heating,Housing,GWh,2009,63.1
Åland,Oil heating,Housing,GWh,2010,71.5
Åland,Oil heating,Housing,GWh,2011,54.5
Åland,Oil heating,Housing,GWh,2012,57.0
Åland,Oil heating,Housing,GWh,2013,50.9
Åland,Oil heating,Housing,GWh,2014,47.1
Åland,Oil heating,Housing,GWh,2015,43.0
Åland,Oil heating,Housing,GWh,2016,44.8
Åland,Oil heating,Housing,GWh,2017,42.6
Åland,Oil heating,Housing,GWh,2018,39.3
Åland,Oil heating,Housing,GWh,2019,34.6
Åland,Oil heating,Housing,GWh,2020,31.0
Åland,Oil heating,Housing,GWh,2021,27.9
Åland,Oil heating,Housing,GWh,2022,19.8
Åland,Oil heating,Housing,GWh,2023,10.2
Åland,Oil heating,Housing,GWh,2024,9.5
Åland,Oil heating,Agriculture,GWh,1990,7.7
Åland,Oil heating,Agriculture,GWh,2005,6.2
Åland,Oil heating,Agriculture,GWh,2006,6.3
Åland,Oil heating,Agriculture,GWh,2007,5.5
Åland,Oil heating,Agriculture,GWh,2008,5.0
Åland,Oil heating,Agriculture,GWh,2009,4.7
Åland,Oil heating,Agriculture,GWh,2010,5.7
Åland,Oil heating,Agriculture,GWh,2011,5.0
Åland,Oil heating,Agriculture,GWh,2012,5.4
Åland,Oil heating,Agriculture,GWh,2013,3.9
Åland,Oil heating,Agriculture,GWh,2014,3.7
Åland,Oil heating,Agriculture,GWh,2015,3.4
Åland,Oil heating,Agriculture,GWh,2016,2.7
Åland,Oil heating,Agriculture,GWh,2017,2.5
Åland,Oil heating,Agriculture,GWh,2018,2.6
Åland,Oil heating,Agriculture,GWh,2019,2.5
Åland,Oil heating,Agriculture,GWh,2020,2.2
Åland,Oil heating,Agriculture,GWh,2021,2.6
Åland,Oil heating,Agriculture,GWh,2022,2.4
Åland,Oil heating,Agriculture,GWh,2023,2.7
Åland,Oil heating,Agriculture,GWh,2024,1.8
Åland,Oil heating,Services,GWh,1990,34.6
Åland,Oil heating,Services,GWh,2005,27.8
Åland,Oil heating,Services,GWh,2006,24.9
Åland,Oil heating,Services,GWh,2007,23.8
Åland,Oil heating,Services,GWh,2008,19.0
Åland,Oil heating,Services,GWh,2009,21.5
Åland,Oil heating,Services,GWh,2010,24.1
Åland,Oil heating,Services,GWh,2011,20.1
Åland,Oil heating,Services,GWh,2012,22.2
Åland,Oil heating,Services,GWh,2013,20.8
Åland,Oil heating,Services,GWh,2014,19.9
Åland,Oil heating,Services,GWh,2015,18.7
Åland,Oil heating,Services,GWh,2016,21.3
Åland,Oil heating,Services,GWh,2017,21.2
Åland,Oil heating,Services,GWh,2018,21.3
Åland,Oil heating,Services,GWh,2019,20.9
Åland,Oil heating,Services,GWh,2020,18.6
Åland,Oil heating,Services,GWh,2021,22.3
Åland,Oil heating,Services,GWh,2022,23.4
Åland,Oil heating,Services,GWh,2023,25.7
Åland,Oil heating,Services,GWh,2024,24.8
Åland,Other heating,Housing,GWh,1990,64.0
Åland,Other heating,Housing,GWh,2005,74.6
Åland,Other heating,Housing,GWh,2006,71.2
Åland,Other heating,Housing,GWh,2007,74.2
Åland,Other heating,Housing,GWh,2008,72.4
Åland,Other heating,Housing,GWh,2009,76.3
Åland,Other heating,Housing,GWh,2010,88.0
Åland,Other heating,Housing,GWh,2011,75.6
Åland,Other heating,Housing,GWh,2012,81.1
Åland,Other heating,Housing,GWh,2013,79.5
Åland,Other heating,Housing,GWh,2014,77.3
Åland,Other heating,Housing,GWh,2015,75.4
Åland,Other heating,Housing,GWh,2016,82.2
Åland,Other heating,Housing,GWh,2017,81.2
Åland,Other heating,Housing,GWh,2018,81.0
Åland,Other heating,Housing,GWh,2019,78.2
Åland,Other heating,Housing,GWh,2020,73.2
Åland,Other heating,Housing,GWh,2021,82.2
Åland,Other heating,Housing,GWh,2022,78.4
Åland,Other heating,Housing,GWh,2023,78.5
Åland,Other heating,Housing,GWh,2024,73.9
Åland,Other heating,Agriculture,GWh,1990,7.7
Åland,Other heating,Agriculture,GWh,2005,8.6
Åland,Other heating,Agriculture,GWh,2006,9.3
Åland,Other heating,Agriculture,GWh,2007,10.4
Åland,Other heating,Agriculture,GWh,2008,10.5
Åland,Other heating,Agriculture,GWh,2009,8.1
Åland,Other heating,Agriculture,GWh,2010,8.8
Åland,Other heating,Agriculture,GWh,2011,10.2
Åland,Other heating,Agriculture,GWh,2012,10.9
Åland,Other heating,Agriculture,GWh,2013,10.9
Åland,Other heating,Agriculture,GWh,2014,9.9
Åland,Other heating,Agriculture,GWh,2015,10.0
Åland,Other heating,Agriculture,GWh,2016,9.9
Åland,Other heating,Agriculture,GWh,2017,10.3
Åland,Other heating,Agriculture,GWh,2018,8.3
Åland,Other heating,Agriculture,GWh,2019,8.4
Åland,Other heating,Agriculture,GWh,2020,10.9
Åland,Other heating,Agriculture,GWh,2021,8.7
Åland,Other heating,Agriculture,GWh,2022,10.7
Åland,Other heating,Agriculture,GWh,2023,9.5
Åland,Other heating,Agriculture,GWh,2024,2.6
Åland,Other heating,Services,GWh,1990,11.1
Åland,Other heating,Services,GWh,2005,3.7
Åland,Other heating,Services,GWh,2006,6.7
Åland,Other heating,Services,GWh,2007,6.8
Åland,Other heating,Services,GWh,2008,7.0
Åland,Other heating,Services,GWh,2009,4.7
Åland,Other heating,Services,GWh,2010,5.4
Åland,Other heating,Services,GWh,2011,4.3
Åland,Other heating,Services,GWh,2012,4.6
Åland,Other heating,Services,GWh,2013,4.5
Åland,Other heating,Services,GWh,2014,4.4
Åland,Other heating,Services,GWh,2015,4.0
Åland,Other heating,Services,GWh,2016,4.2
Åland,Other heating,Services,GWh,2017,4.4
Åland,Other heating,Services,GWh,2018,4.6
Åland,Other heating,Services,GWh,2019,4.6
Åland,Other heating,Services,GWh,2020,4.2
Åland,Other heating,Services,GWh,2021,5.0
Åland,Other heating,Services,GWh,2022,4.9
Åland,Other heating,Services,GWh,2023,4.9
Åland,Other heating,Services,GWh,2024,5.0
Åland,Industry,Industrial fuels,GWh,1990,27.4
Åland,Industry,Industrial fuels,GWh,2005,24.5
Åland,Industry,Industrial fuels,GWh,2006,23.6
Åland,Industry,Industrial fuels,GWh,2007,22.6
Åland,Industry,Industrial fuels,GWh,2008,19.1
Åland,Industry,Industrial fuels,GWh,2009,15.2
Åland,Industry,Industrial fuels,GWh,2010,21.5
Åland,Industry,Industrial fuels,GWh,2011,19.3
Åland,Industry,Industrial fuels,GWh,2012,19.8
Åland,Industry,Industrial fuels,GWh,2013,19.4
Åland,Industry,Industrial fuels,GWh,2014,14.3
Åland,Industry,Industrial fuels,GWh,2015,21.3
Åland,Industry,Industrial fuels,GWh,2016,20.2
Åland,Industry,Industrial fuels,GWh,2017,27.0
Åland,Industry,Industrial fuels,GWh,2018,23.2
Åland,Industry,Industrial fuels,GWh,2019,16.4
Åland,Industry,Industrial fuels,GWh,2020,16.2
Åland,Industry,Industrial fuels,GWh,2021,12.1
Åland,Industry,Industrial fuels,GWh,2022,16.9
Åland,Industry,Industrial fuels,GWh,2023,15.1
Åland,Industry,Industrial fuels,GWh,2024,18.6
Åland,Machinery,Mining and industrial machinery,GWh,1990,9.5
Åland,Machinery,Mining and industrial machinery,GWh,2005,9.8
Åland,Machinery,Mining and industrial machinery,GWh,2006,9.8
Åland,Machinery,Mining and industrial machinery,GWh,2007,10.1
Åland,Machinery,Mining and industrial machinery,GWh,2008,10.3
Åland,Machinery,Mining and industrial machinery,GWh,2009,9.0
Åland,Machinery,Mining and industrial machinery,GWh,2010,9.4
Åland,Machinery,Mining and industrial machinery,GWh,2011,9.2
Åland,Machinery,Mining and industrial machinery,GWh,2012,8.7
Åland,Machinery,Mining and industrial machinery,GWh,2013,8.4
Åland,Machinery,Mining and industrial machinery,GWh,2014,8.1
Åland,Machinery,Mining and industrial machinery,GWh,2015,8.0
Åland,Machinery,Mining and industrial machinery,GWh,2016,7.7
Åland,Machinery,Mining and industrial machinery,GWh,2017,8.0
Åland,Machinery,Mining and industrial machinery,GWh,2018,7.9
Åland,Machinery,Mining and industrial machinery,GWh,2019,8.1
Åland,Machinery,Mining and industrial machinery,GWh,2020,8.0
Åland,Machinery,Mining and industrial machinery,GWh,2021,7.5
Åland,Machinery,Mining and industrial machinery,GWh,2022,7.6
Åland,Machinery,Mining and industrial machinery,GWh,2023,7.4
Åland,Machinery,Mining and industrial machinery,GWh,2024,7.5
Åland,Machinery,Agricultural and forestry machinery,GWh,1990,14.4
Åland,Machinery,Agricultural and forestry machinery,GWh,2005,14.2
Åland,Machinery,Agricultural and forestry machinery,GWh,2006,13.9
Åland,Machinery,Agricultural and forestry machinery,GWh,2007,13.6
Åland,Machinery,Agricultural and forestry machinery,GWh,2008,13.5
Åland,Machinery,Agricultural and forestry machinery,GWh,2009,13.5
Åland,Machinery,Agricultural and forestry machinery,GWh,2010,13.5
Åland,Machinery,Agricultural and forestry machinery,GWh,2011,12.5
Åland,Machinery,Agricultural and forestry machinery,GWh,2012,13.3
Åland,Machinery,Agricultural and forestry machinery,GWh,2013,13.1
Åland,Machinery,Agricultural and forestry machinery,GWh,2014,12.6
Åland,Machinery,Agricultural and forestry machinery,GWh,2015,12.7
Åland,Machinery,Agricultural and forestry machinery,GWh,2016,12.0
Åland,Machinery,Agricultural and forestry machinery,GWh,2017,11.8
Åland,Machinery,Agricultural and forestry machinery,GWh,2018,10.4
Åland,Machinery,Agricultural and forestry machinery,GWh,2019,10.5
Åland,Machinery,Agricultural and forestry machinery,GWh,2020,9.9
Åland,Machinery,Agricultural and forestry machinery,GWh,2021,9.7
Åland,Machinery,Agricultural and forestry machinery,GWh,2022,9.5
Åland,Machinery,Agricultural and forestry machinery,GWh,2023,9.6
Åland,Machinery,Agricultural and forestry machinery,GWh,2024,9.4
Åland,Machinery,Other machinery,GWh,1990,3.9
Åland,Machinery,Other machinery,GWh,2005,4.4
Åland,Machinery,Other machinery,GWh,2006,4.5
Åland,Machinery,Other machinery,GWh,2007,4.5
Åland,Machinery,Other machinery,GWh,2008,4.3
Åland,Machinery,Other machinery,GWh,2009,4.1
Åland,Machinery,Other machinery,GWh,2010,4.0
Åland,Machinery,Other machinery,GWh,2011,4.2
Åland,Machinery,Other machinery,GWh,2012,4.4
Åland,Machinery,Other machinery,GWh,2013,4.5
Åland,Machinery,Other machinery,GWh,2014,4.4
Åland,Machinery,Other machinery,GWh,2015,4.6
Åland,Machinery,Other machinery,GWh,2016,4.6
Åland,Machinery,Other machinery,GWh,2017,4.5
Åland,Machinery,Other machinery,GWh,2018,4.2
Åland,Machinery,Other machinery,GWh,2019,4.3
Åland,Machinery,Other machinery,GWh,2020,4.3
Åland,Machinery,Other machinery,GWh,2021,4.1
Åland,Machinery,Other machinery,GWh,2022,4.1
Åland,Machinery,Other machinery,GWh,2023,4.0
Åland,Machinery,Other machinery,GWh,2024,3.8
Åland,Machinery,Construction machinery,GWh,1990,7.0
Åland,Machinery,Construction machinery,GWh,2005,5.8
Åland,Machinery,Construction machinery,GWh,2006,6.1
Åland,Machinery,Construction machinery,GWh,2007,10.0
Åland,Machinery,Construction machinery,GWh,2008,11.3
Åland,Machinery,Construction machinery,GWh,2009,10.9
Åland,Machinery,Construction machinery,GWh,2010,14.8
Åland,Machinery,Construction machinery,GWh,2011,13.2
Åland,Machinery,Construction machinery,GWh,2012,12.8
Åland,Machinery,Construction machinery,GWh,2013,11.1
Åland,Machinery,Construction machinery,GWh,2014,13.3
Åland,Machinery,Construction machinery,GWh,2015,10.1
Åland,Machinery,Construction machinery,GWh,2016,14.0
Åland,Machinery,Construction machinery,GWh,2017,11.6
Åland,Machinery,Construction machinery,GWh,2018,9.8
Åland,Machinery,Construction machinery,GWh,2019,12.0
Åland,Machinery,Construction machinery,GWh,2020,12.4
Åland,Machinery,Construction machinery,GWh,2021,9.7
Åland,Machinery,Construction machinery,GWh,2022,10.4
Åland,Machinery,Construction machinery,GWh,2023,15.2
Åland,Machinery,Construction machinery,GWh,2024,13.6
Åland,Machinery,Road construction machinery,GWh,1990,0.0
Åland,Machinery,Road construction machinery,GWh,2005,0.0
Åland,Machinery,Road construction machinery,GWh,2006,0.0
Åland,Machinery,Road construction machinery,GWh,2007,0.0
Åland,Machinery,Road construction machinery,GWh,2008,0.0
Åland,Machinery,Road construction machinery,GWh,2009,0.0
Åland,Machinery,Road construction machinery,GWh,2010,0.0
Åland,Machinery,Road construction machinery,GWh,2011,0.0
Åland,Machinery,Road construction machinery,GWh,2012,0.0
Åland,Machinery,Road construction machinery,GWh,2013,0.0
Åland,Machinery,Road construction machinery,GWh,2014,0.0
Åland,Machinery,Road construction machinery,GWh,2015,0.0
Åland,Machinery,Road construction machinery,GWh,2016,0.0
Åland,Machinery,Road construction machinery,GWh,2017,0.0
Åland,Machinery,Road construction machinery,GWh,2018,0.0
Åland,Machinery,Road construction machinery,GWh,2019,0.0
Åland,Machinery,Road construction machinery,GWh,2020,0.0
Åland,Machinery,Road construction machinery,GWh,2021,0.0
Åland,Machinery,Road construction machinery,GWh,2022,0.0
Åland,Machinery,Road construction machinery,GWh,2023,0.0
Åland,Machinery,Road construction machinery,GWh,2024,0.0
Åland,Road transport,Passenger cars,GWh,1990,143.5
Åland,Road transport,Passenger cars,GWh,2005,139.8
Åland,Road transport,Passenger cars,GWh,2006,161.0
Åland,Road transport,Passenger cars,GWh,2007,172.1
Åland,Road transport,Passenger cars,GWh,2008,158.0
Åland,Road transport,Passenger cars,GWh,2009,145.7
Åland,Road transport,Passenger cars,GWh,2010,150.4
Åland,Road transport,Passenger cars,GWh,2011,157.8
Åland,Road transport,Passenger cars,GWh,2012,151.7
Åland,Road transport,Passenger cars,GWh,2013,146.9
Åland,Road transport,Passenger cars,GWh,2014,144.8
Åland,Road transport,Passenger cars,GWh,2015,147.5
Åland,Road transport,Passenger cars,GWh,2016,143.5
Åland,Road transport,Passenger cars,GWh,2017,139.2
Åland,Road transport,Passenger cars,GWh,2018,140.9
Åland,Road transport,Passenger cars,GWh,2019,149.2
Åland,Road transport,Passenger cars,GWh,2020,125.4
Åland,Road transport,Passenger cars,GWh,2021,109.7
Åland,Road transport,Passenger cars,GWh,2022,109.6
Åland,Road transport,Passenger cars,GWh,2023,118.2
Åland,Road transport,Passenger cars,GWh,2024,120.8
Åland,Road transport,Trucks,GWh,1990,21.5
Åland,Road transport,Trucks,GWh,2005,31.1
Åland,Road transport,Trucks,GWh,2006,32.9
Åland,Road transport,Trucks,GWh,2007,38.6
Åland,Road transport,Trucks,GWh,2008,40.7
Åland,Road transport,Trucks,GWh,2009,35.6
Åland,Road transport,Trucks,GWh,2010,42.0
Åland,Road transport,Trucks,GWh,2011,50.0
Åland,Road transport,Trucks,GWh,2012,45.4
Åland,Road transport,Trucks,GWh,2013,45.0
Åland,Road transport,Trucks,GWh,2014,42.4
Åland,Road transport,Trucks,GWh,2015,46.7
Åland,Road transport,Trucks,GWh,2016,49.9
Åland,Road transport,Trucks,GWh,2017,50.8
Åland,Road transport,Trucks,GWh,2018,52.3
Åland,Road transport,Trucks,GWh,2019,70.7
Åland,Road transport,Trucks,GWh,2020,61.3
Åland,Road transport,Trucks,GWh,2021,57.7
Åland,Road transport,Trucks,GWh,2022,60.4
Åland,Road transport,Trucks,GWh,2023,47.9
Åland,Road transport,Trucks,GWh,2024,48.8
Åland,Road transport,Buses,GWh,1990,0.7
Åland,Road transport,Buses,GWh,2005,2.2
Åland,Road transport,Buses,GWh,2006,2.2
Åland,Road transport,Buses,GWh,2007,2.4
Åland,Road transport,Buses,GWh,2008,2.7
Åland,Road transport,Buses,GWh,2009,2.7
Åland,Road transport,Buses,GWh,2010,2.8
Åland,Road transport,Buses,GWh,2011,3.1
Åland,Road transport,Buses,GWh,2012,3.1
Åland,Road transport,Buses,GWh,2013,3.3
Åland,Road transport,Buses,GWh,2014,2.9
Åland,Road transport,Buses,GWh,2015,2.8
Åland,Road transport,Buses,GWh,2016,2.9
Åland,Road transport,Buses,GWh,2017,2.9
Åland,Road transport,Buses,GWh,2018,2.4
Åland,Road transport,Buses,GWh,2019,4.0
Åland,Road transport,Buses,GWh,2020,3.6
Åland,Road transport,Buses,GWh,2021,2.9
Åland,Road transport,Buses,GWh,2022,2.9
Åland,Road transport,Buses,GWh,2023,3.3
Åland,Road transport,Buses,GWh,2024,3.4
Åland,Road transport,Vancouver vans,GWh,1990,15.4
Åland,Road transport,Vancouver vans,GWh,2005,15.7
Åland,Road transport,Vancouver vans,GWh,2006,16.6
Åland,Road transport,Vancouver vans,GWh,2007,18.4
Åland,Road transport,Vancouver vans,GWh,2008,20.0
Åland,Road transport,Vancouver vans,GWh,2009,20.1
Åland,Road transport,Vancouver vans,GWh,2010,21.1
Åland,Road transport,Vancouver vans,GWh,2011,23.9
Åland,Road transport,Vancouver vans,GWh,2012,22.3
Åland,Road transport,Vancouver vans,GWh,2013,21.4
Åland,Road transport,Vancouver vans,GWh,2014,20.9
Åland,Road transport,Vancouver vans,GWh,2015,22.9
Åland,Road transport,Vancouver vans,GWh,2016,22.6
Åland,Road transport,Vancouver vans,GWh,2017,22.0
Åland,Road transport,Vancouver vans,GWh,2018,21.5
Åland,Road transport,Vancouver vans,GWh,2019,28.2
Åland,Road transport,Vancouver vans,GWh,2020,23.0
Åland,Road transport,Vancouver vans,GWh,2021,21.4
Åland,Road transport,Vancouver vans,GWh,2022,19.0
Åland,Road transport,Vancouver vans,GWh,2023,23.6
Åland,Road transport,Vancouver vans,GWh,2024,23.9
Åland,Road transport,Motorcycles and mopeds,GWh,1990,1.0
Åland,Road transport,Motorcycles and mopeds,GWh,2005,2.4
Åland,Road transport,Motorcycles and mopeds,GWh,2006,2.7
Åland,Road transport,Motorcycles and mopeds,GWh,2007,2.9
Åland,Road transport,Motorcycles and mopeds,GWh,2008,2.7
Åland,Road transport,Motorcycles and mopeds,GWh,2009,2.5
Åland,Road transport,Motorcycles and mopeds,GWh,2010,2.6
Åland,Road transport,Motorcycles and mopeds,GWh,2011,2.9
Åland,Road transport,Motorcycles and mopeds,GWh,2012,2.9
Åland,Road transport,Motorcycles and mopeds,GWh,2013,2.9
Åland,Road transport,Motorcycles and mopeds,GWh,2014,3.0
Åland,Road transport,Motorcycles and mopeds,GWh,2015,3.3
Åland,Road transport,Motorcycles and mopeds,GWh,2016,4.3
Åland,Road transport,Motorcycles and mopeds,GWh,2017,4.7
Åland,Road transport,Motorcycles and mopeds,GWh,2018,4.8
Åland,Road transport,Motorcycles and mopeds,GWh,2019,5.4
Åland,Road transport,Motorcycles and mopeds,GWh,2020,5.1
Åland,Road transport,Motorcycles and mopeds,GWh,2021,4.5
Åland,Road transport,Motorcycles and mopeds,GWh,2022,5.2
Åland,Road transport,Motorcycles and mopeds,GWh,2023,5.2
Åland,Road transport,Motorcycles and mopeds,GWh,2024,5.9
Åland,Water transport,Pleasure boats,GWh,1990,17.4
Åland,Water transport,Pleasure boats,GWh,2005,18.5
Åland,Water transport,Pleasure boats,GWh,2006,19.1
Åland,Water transport,Pleasure boats,GWh,2007,19.1
Åland,Water transport,Pleasure boats,GWh,2008,15.7
Åland,Water transport,Pleasure boats,GWh,2009,16.2
Åland,Water transport,Pleasure boats,GWh,2010,17.3
Åland,Water transport,Pleasure boats,GWh,2011,13.8
Åland,Water transport,Pleasure boats,GWh,2012,14.5
Åland,Water transport,Pleasure boats,GWh,2013,15.5
Åland,Water transport,Pleasure boats,GWh,2014,14.1
Åland,Water transport,Pleasure boats,GWh,2015,14.4
Åland,Water transport,Pleasure boats,GWh,2016,13.5
Åland,Water transport,Pleasure boats,GWh,2017,13.2
Åland,Water transport,Pleasure boats,GWh,2018,13.1
Åland,Water transport,Pleasure boats,GWh,2019,12.8
Åland,Water transport,Pleasure boats,GWh,2020,14.3
Åland,Water transport,Pleasure boats,GWh,2021,15.4
Åland,Water transport,Pleasure boats,GWh,2022,11.6
Åland,Water transport,Pleasure boats,GWh,2023,11.6
Åland,Water transport,Pleasure boats,GWh,2024,11.9
Åland,Water transport,Passenger traffic,GWh,1990,20.1
Åland,Water transport,Passenger traffic,GWh,2005,57.6
Åland,Water transport,Passenger traffic,GWh,2006,44.6
Åland,Water transport,Passenger traffic,GWh,2007,48.0
Åland,Water transport,Passenger traffic,GWh,2008,44.0
Åland,Water transport,Passenger traffic,GWh,2009,44.4
Åland,Water transport,Passenger traffic,GWh,2010,42.4
Åland,Water transport,Passenger traffic,GWh,2011,56.4
Åland,Water transport,Passenger traffic,GWh,2012,70.7
Åland,Water transport,Passenger traffic,GWh,2013,83.7
Åland,Water transport,Passenger traffic,GWh,2014,69.2
Åland,Water transport,Passenger traffic,GWh,2015,67.6
Åland,Water transport,Passenger traffic,GWh,2016,70.9
Åland,Water transport,Passenger traffic,GWh,2017,69.6
Åland,Water transport,Passenger traffic,GWh,2018,67.0
Åland,Water transport,Passenger traffic,GWh,2019,66.4
Åland,Water transport,Passenger traffic,GWh,2020,22.6
Åland,Water transport,Passenger traffic,GWh,2021,28.8
Åland,Water transport,Passenger traffic,GWh,2022,26.7
Åland,Water transport,Passenger traffic,GWh,2023,22.3
Åland,Water transport,Passenger traffic,GWh,2024,23.8
Åland,Water transport,Goods traffic,GWh,1990,68.9
Åland,Water transport,Goods traffic,GWh,2005,71.2
Åland,Water transport,Goods traffic,GWh,2006,80.2
Åland,Water transport,Goods traffic,GWh,2007,78.2
Åland,Water transport,Goods traffic,GWh,2008,78.6
Åland,Water transport,Goods traffic,GWh,2009,78.0
Åland,Water transport,Goods traffic,GWh,2010,67.8
Åland,Water transport,Goods traffic,GWh,2011,77.3
Åland,Water transport,Goods traffic,GWh,2012,86.0
Åland,Water transport,Goods traffic,GWh,2013,82.4
Åland,Water transport,Goods traffic,GWh,2014,70.7
Åland,Water transport,Goods traffic,GWh,2015,67.1
Åland,Water transport,Goods traffic,GWh,2016,64.5
Åland,Water transport,Goods traffic,GWh,2017,62.5
Åland,Water transport,Goods traffic,GWh,2018,65.6
Åland,Water transport,Goods traffic,GWh,2019,28.8
Åland,Water transport,Goods traffic,GWh,2020,21.2
Åland,Water transport,Goods traffic,GWh,2021,15.6
Åland,Water transport,Goods traffic,GWh,2022,15.5
Åland,Water transport,Goods traffic,GWh,2023,16.7
Åland,Water transport,Goods traffic,GWh,2024,19.1
Åland,Water transport,Fishing vessels,GWh,1990,53.3
Åland,Water transport,Fishing vessels,GWh,2005,34.3
Åland,Water transport,Fishing vessels,GWh,2006,35.8
Åland,Water transport,Fishing vessels,GWh,2007,32.5
Åland,Water transport,Fishing vessels,GWh,2008,30.2
Åland,Water transport,Fishing vessels,GWh,2009,29.5
Åland,Water transport,Fishing vessels,GWh,2010,31.2
Åland,Water transport,Fishing vessels,GWh,2011,32.8
Åland,Water transport,Fishing vessels,GWh,2012,33.8
Åland,Water transport,Fishing vessels,GWh,2013,35.4
Åland,Water transport,Fishing vessels,GWh,2014,31.2
Åland,Water transport,Fishing vessels,GWh,2015,33.8
Åland,Water transport,Fishing vessels,GWh,2016,28.0
Åland,Water transport,Fishing vessels,GWh,2017,25.6
Åland,Water transport,Fishing vessels,GWh,2018,25.4
Åland,Water transport,Fishing vessels,GWh,2019,30.4
Åland,Water transport,Fishing vessels,GWh,2020,31.7
Åland,Water transport,Fishing vessels,GWh,2021,29.8
Åland,Water transport,Fishing vessels,GWh,2022,30.8
Åland,Water transport,Fishing vessels,GWh,2023,31.0
Åland,Water transport,Fishing vessels,GWh,2024,32.1
Åland,Water transport,,GWh,1990,30.0
Åland,Water transport,,GWh,2005,36.5
Åland,Water transport,,GWh,2006,35.5
Åland,Water transport,,GWh,2007,36.2
Åland,Water transport,,GWh,2008,35.6
Åland,Water transport,,GWh,2009,35.4
Åland,Water transport,,GWh,2010,36.2
Åland,Water transport,,GWh,2011,35.1
Åland,Water transport,,GWh,2012,45.5
Åland,Water transport,,GWh,2013,38.9
Åland,Water transport,,GWh,2014,35.3
Åland,Water transport,,GWh,2015,37.0
Åland,Water transport,,GWh,2016,36.4
Åland,Water transport,,GWh,2017,36.2
Åland,Water transport,,GWh,2018,34.1
Åland,Water transport,,GWh,2019,34.3
Åland,Water transport,,GWh,2020,33.5
Åland,Water transport,,GWh,2021,35.3
Åland,Water transport,,GWh,2022,35.7
Åland,Water transport,,GWh,2023,36.8
Åland,Water transport,,GWh,2024,36.5
Åland,Water transport,Workboats and ships,GWh,1990,2.0
Åland,Water transport,Workboats and ships,GWh,2005,1.9
Åland,Water transport,Workboats and ships,GWh,2006,1.9
Åland,Water transport,Workboats and ships,GWh,2007,1.9
Åland,Water transport,Workboats and ships,GWh,2008,2.0
Åland,Water transport,Workboats and ships,GWh,2009,2.0
Åland,Water transport,Workboats and ships,GWh,2010,2.0
Åland,Water transport,Workboats and ships,GWh,2011,2.0
Åland,Water transport,Workboats and ships,GWh,2012,2.0
Åland,Water transport,Workboats and ships,GWh,2013,2.0
Åland,Water transport,Workboats and ships,GWh,2014,2.0
Åland,Water transport,Workboats and ships,GWh,2015,2.0
Åland,Water transport,Workboats and ships,GWh,2016,2.0
Åland,Water transport,Workboats and ships,GWh,2017,2.0
Åland,Water transport,Workboats and ships,GWh,2018,2.1
Åland,Water transport,Workboats and ships,GWh,2019,2.1
Åland,Water transport,Workboats and ships,GWh,2020,2.1
Åland,Water transport,Workboats and ships,GWh,2021,2.1
Åland,Water transport,Workboats and ships,GWh,2022,2.1
Åland,Water transport,Workboats and ships,GWh,2023,2.1
Åland,Water transport,Workboats and ships,GWh,2024,1.1
Åland,Emission credits,Wind power,GWh,1990,0.0
Åland,Emission credits,Wind power,GWh,2005,18.3
Åland,Emission credits,Wind power,GWh,2006,15.8
Åland,Emission credits,Wind power,GWh,2007,40.1
Åland,Emission credits,Wind power,GWh,2008,42.2
Åland,Emission credits,Wind power,GWh,2009,43.0
Åland,Emission credits,Wind power,GWh,2010,33.3
Åland,Emission credits,Wind power,GWh,2011,52.3
Åland,Emission credits,Wind power,GWh,2012,42.5
Åland,Emission credits,Wind power,GWh,2013,40.2
Åland,Emission credits,Wind power,GWh,2014,36.8
Åland,Emission credits,Wind power,GWh,2015,48.5
Åland,Emission credits,Wind power,GWh,2016,42.2
Åland,Emission credits,Wind power,GWh,2017,49.7
Åland,Emission credits,Wind power,GWh,2018,60.7
Åland,Emission credits,Wind power,GWh,2019,56.1
Åland,Emission credits,Wind power,GWh,2020,65.5
Åland,Emission credits,Wind power,GWh,2021,54.6
Åland,Emission credits,Wind power,GWh,2022,131.5
Åland,Emission credits,Wind power,GWh,2023,134.7
Åland,Emission credits,Wind power,GWh,2024,154.3
