region,sector,year,value_ktco2e
Central Finland,Electricity,1990,792.5
Central Finland,Electricity,2005,963.7
Central Finland,Electricity,2006,1738.7
Central Finland,Electricity,2007,1525.4
Central Finland,Electricity,2008,1135.4
Central Finland,Electricity,2009,1056.3
Central Finland,Electricity,2010,1359.9
Central Finland,Electricity,2011,1051.5
Central Finland,Electricity,2012,711.4
Central Finland,Electricity,2013,875.2
Central Finland,Electricity,2014,727.1
Central Finland,Electricity,2015,548.6
Central Finland,Electricity,2016,589.8
Central Finland,Electricity,2017,535.1
Central Finland,Electricity,2018,660.1
Central Finland,Electricity,2019,492.2
Central Finland,Electricity,2020,354.7
Central Finland,Electricity,2021,326.6
Central Finland,Electricity,2022,277.5
Central Finland,Electricity,2023,190.6
Central Finland,Electricity,2024,147.3
Central Finland,Electric heating,1990,89.6
Central Finland,Electric heating,2005,116.4
Central Finland,Electric heating,2006,165.9
Central Finland,Electric heating,2007,167.3
Central Finland,Electric heating,2008,111.0
Central Finland,Electric heating,2009,128.5
Central Finland,Electric heating,2010,166.8
Central Finland,Electric heating,2011,134.7
Central Finland,Electric heating,2012,95.1
Central Finland,Electric heating,2013,107.3
Central Finland,Electric heating,2014,83.9
Central Finland,Electric heating,2015,71.0
Central Finland,Electric heating,2016,82.5
Central Finland,Electric heating,2017,69.1
Central Finland,Electric heating,2018,74.9
Central Finland,Electric heating,2019,62.3
Central Finland,Electric heating,2020,47.3
Central Finland,Electric heating,2021,57.0
Central Finland,Electric heating,2022,47.4
Central Finland,Electric heating,2023,34.8
Central Finland,Electric heating,2024,25.2
Central Finland,District heating,1990,391.6
Central Finland,District heating,2005,276.8
Central Finland,District heating,2006,325.6
Central Finland,District heating,2007,348.0
Central Finland,District heating,2008,346.7
Central Finland,District heating,2009,374.5
Central Finland,District heating,2010,429.6
Central Finland,District heating,2011,332.7
Central Finland,District heating,2012,343.0
Central Finland,District heating,2013,283.3
Central Finland,District heating,2014,280.6
Central Finland,District heating,2015,266.2
Central Finland,District heating,2016,280.4
Central Finland,District heating,2017,248.0
Central Finland,District heating,2018,274.0
Central Finland,District heating,2019,271.4
Central Finland,District heating,2020,221.5
Central Finland,District heating,2021,226.6
Central Finland,District heating,2022,184.6
Central Finland,District heating,2023,172.6
Central Finland,District heating,2024,140.1
Central Finland,Oil heating,1990,217.4
Central Finland,Oil heating,2005,172.4
Central Finland,Oil heating,2006,171.6
Central Finland,Oil heating,2007,164.0
Central Finland,Oil heating,2008,124.8
Central Finland,Oil heating,2009,125.3
Central Finland,Oil heating,2010,136.5
Central Finland,Oil heating,2011,107.2
Central Finland,Oil heating,2012,118.0
Central Finland,Oil heating,2013,100.3
Central Finland,Oil heating,2014,99.6
Central Finland,Oil heating,2015,88.8
Central Finland,Oil heating,2016,94.1
Central Finland,Oil heating,2017,87.4
Central Finland,Oil heating,2018,82.3
Central Finland,Oil heating,2019,76.6
Central Finland,Oil heating,2020,69.0
Central Finland,Oil heating,2021,67.2
Central Finland,Oil heating,2022,52.5
Central Finland,Oil heating,2023,41.4
Central Finland,Oil heating,2024,38.5
Central Finland,Other heating,1990,87.0
Central Finland,Other heating,2005,59.3
Central Finland,Other heating,2006,58.3
Central Finland,Other heating,2007,61.5
Central Finland,Other heating,2008,59.8
Central Finland,Other heating,2009,60.4
Central Finland,Other heating,2010,66.5
Central Finland,Other heating,2011,59.8
Central Finland,Other heating,2012,63.9
Central Finland,Other heating,2013,59.7
Central Finland,Other heating,2014,59.3
Central Finland,Other heating,2015,56.4
Central Finland,Other heating,2016,60.1
Central Finland,Other heating,2017,58.6
Central Finland,Other heating,2018,52.1
Central Finland,Other heating,2019,52.2
Central Finland,Other heating,2020,51.7
Central Finland,Other heating,2021,53.2
Central Finland,Other heating,2022,51.4
Central Finland,Other heating,2023,47.8
Central Finland,Other heating,2024,38.6
Central Finland,Industry,1990,547.2
Central Finland,Industry,2005,331.1
Central Finland,Industry,2006,338.7
Central Finland,Industry,2007,378.2
Central Finland,Industry,2008,302.5
Central Finland,Industry,2009,249.9
Central Finland,Industry,2010,250.6
Central Finland,Industry,2011,220.7
Central Finland,Industry,2012,178.7
Central Finland,Industry,2013,166.5
Central Finland,Industry,2014,197.8
Central Finland,Industry,2015,190.0
Central Finland,Industry,2016,179.7
Central Finland,Industry,2017,193.7
Central Finland,Industry,2018,164.2
Central Finland,Industry,2019,164.5
Central Finland,Industry,2020,138.6
Central Finland,Industry,2021,99.4
Central Finland,Industry,2022,90.1
Central Finland,Industry,2023,84.0
Central Finland,Industry,2024,94.7
Central Finland,Machinery,1990,136.4
Central Finland,Machinery,2005,143.1
Central Finland,Machinery,2006,147.0
Central Finland,Machinery,2007,146.6
Central Finland,Machinery,2008,149.5
Central Finland,Machinery,2009,140.2
Central Finland,Machinery,2010,142.0
Central Finland,Machinery,2011,139.7
Central Finland,Machinery,2012,137.9
Central Finland,Machinery,2013,141.5
Central Finland,Machinery,2014,140.7
Central Finland,Machinery,2015,144.3
Central Finland,Machinery,2016,138.3
Central Finland,Machinery,2017,156.0
Central Finland,Machinery,2018,138.5
Central Finland,Machinery,2019,152.5
Central Finland,Machinery,2020,155.5
Central Finland,Machinery,2021,133.7
Central Finland,Machinery,2022,137.1
Central Finland,Machinery,2023,132.0
Central Finland,Machinery,2024,129.4
Central Finland,Road transport,1990,566.5
Central Finland,Road transport,2005,681.6
Central Finland,Road transport,2006,690.3
Central Finland,Road transport,2007,713.8
Central Finland,Road transport,2008,682.8
Central Finland,Road transport,2009,646.7
Central Finland,Road transport,2010,679.4
Central Finland,Road transport,2011,669.8
Central Finland,Road transport,2012,655.7
Central Finland,Road transport,2013,643.6
Central Finland,Road transport,2014,578.0
Central Finland,Road transport,2015,582.7
Central Finland,Road transport,2016,663.5
Central Finland,Road transport,2017,626.7
Central Finland,Road transport,2018,638.0
Central Finland,Road transport,2019,607.7
Central Finland,Road transport,2020,575.8
Central Finland,Road transport,2021,546.5
Central Finland,Road transport,2022,546.5
Central Finland,Road transport,2023,508.8
Central Finland,Road transport,2024,522.6
Central Finland,Rail transport,1990,13.5
Central Finland,Rail transport,2005,10.9
Central Finland,Rail transport,2006,13.9
Central Finland,Rail transport,2007,12.2
Central Finland,Rail transport,2008,11.0
Central Finland,Rail transport,2009,9.9
Central Finland,Rail transport,2010,11.4
Central Finland,Rail transport,2011,10.4
Central Finland,Rail transport,2012,9.3
Central Finland,Rail transport,2013,9.4
Central Finland,Rail transport,2014,8.0
Central Finland,Rail transport,2015,6.1
Central Finland,Rail transport,2016,5.5
Central Finland,Rail transport,2017,5.0
Central Finland,Rail transport,2018,6.9
Central Finland,Rail transport,2019,6.6
Central Finland,Rail transport,2020,5.4
Central Finland,Rail transport,2021,5.5
Central Finland,Rail transport,2022,5.5
Central Finland,Rail transport,2023,5.5
Central Finland,Rail transport,2024,5.1
Central Finland,Water transport,1990,11.5
Central Finland,Water transport,2005,11.6
Central Finland,Water transport,2006,11.8
Central Finland,Water transport,2007,12.0
Central Finland,Water transport,2008,10.4
Central Finland,Water transport,2009,10.3
Central Finland,Water transport,2010,10.7
Central Finland,Water transport,2011,9.2
Central Finland,Water transport,2012,9.5
Central Finland,Water transport,2013,9.9
Central Finland,Water transport,2014,9.4
Central Finland,Water transport,2015,9.3
Central Finland,Water transport,2016,9.2
Central Finland,Water transport,2017,9.0
Central Finland,Water transport,2018,9.0
Central Finland,Water transport,2019,9.0
Central Finland,Water transport,2020,9.9
Central Finland,Water transport,2021,10.3
Central Finland,Water transport,2022,8.8
Central Finland,Water transport,2023,8.7
Central Finland,Water transport,2024,7.5
Central Finland,Agriculture,1990,376.0
Central Finland,Agriculture,2005,285.7
Central Finland,Agriculture,2006,285.6
Central Finland,Agriculture,2007,279.0
Central Finland,Agriculture,2008,281.7
Central Finland,Agriculture,2009,274.0
Central Finland,Agriculture,2010,282.5
Central Finland,Agriculture,2011,272.7
Central Finland,Agriculture,2012,265.5
Central Finland,Agriculture,2013,267.1
Central Finland,Agriculture,2014,267.9
Central Finland,Agriculture,2015,265.8
Central Finland,Agriculture,2016,265.6
Central Finland,Agriculture,2017,257.0
Central Finland,Agriculture,2018,261.9
Central Finland,Agriculture,2019,259.8
Central Finland,Agriculture,2020,260.6
Central Finland,Agriculture,2021,261.8
Central Finland,Agriculture,2022,245.6
Central Finland,Agriculture,2023,246.9
Central Finland,Agriculture,2024,248.3
Central Finland,Waste treatment,1990,280.0
Central Finland,Waste treatment,2005,141.1
Central Finland,Waste treatment,2006,132.6
Central Finland,Waste treatment,2007,130.9
Central Finland,Waste treatment,2008,130.1
Central Finland,Waste treatment,2009,123.3
Central Finland,Waste treatment,2010,114.7
Central Finland,Waste treatment,2011,115.3
Central Finland,Waste treatment,2012,109.9
Central Finland,Waste treatment,2013,99.2
Central Finland,Waste treatment,2014,93.0
Central Finland,Waste treatment,2015,99.6
Central Finland,Waste treatment,2016,91.0
Central Finland,Waste treatment,2017,85.2
Central Finland,Waste treatment,2018,92.9
Central Finland,Waste treatment,2019,89.0
Central Finland,Waste treatment,2020,86.5
Central Finland,Waste treatment,2021,78.6
Central Finland,Waste treatment,2022,75.2
Central Finland,Waste treatment,2023,69.0
Central Finland,Waste treatment,2024,66.2
Central Finland,F-gases,1990,2.7
Central Finland,F-gases,2005,58.7
Central Finland,F-gases,2006,66.0
Central Finland,F-gases,2007,66.1
Central Finland,F-gases,2008,68.8
Central Finland,F-gases,2009,69.4
Central Finland,F-gases,2010,67.7
Central Finland,F-gases,2011,68.2
Central Finland,F-gases,2012,67.9
Central Finland,F-gases,2013,67.4
Central Finland,F-gases,2014,65.4
Central Finland,F-gases,2015,62.5
Central Finland,F-gases,2016,59.6
Central Finland,F-gases,2017,56.4
Central Finland,F-gases,2018,53.1
Central Finland,F-gases,2019,50.0
Central Finland,F-gases,2020,46.4
Central Finland,F-gases,2021,43.2
Central Finland,F-gases,2022,38.9
Central Finland,F-gases,2023,36.2
Central Finland,F-gases,2024,32.0
Central Finland,Emission credits,1990,0.0
Central Finland,Emission credits,2005,0.0
Central Finland,Emission credits,2006,0.0
Central Finland,Emission credits,2007,0.0
Central Finland,Emission credits,2008,0.0
Central Finland,Emission credits,2009,0.0
Central Finland,Emission credits,2010,0.0
Central Finland,Emission credits,2011,0.0
Central Finland,Emission credits,2012,0.0
Central Finland,Emission credits,2013,0.0
Central Finland,Emission credits,2014,0.0
Central Finland,Emission credits,2015,0.0
Central Finland,Emission credits,2016,0.0
Central Finland,Emission credits,2017,0.0
Central Finland,Emission credits,2018,0.0
Central Finland,Emission credits,2019,0.0
Central Finland,Emission credits,2020,0.0
Central Finland,Emission credits,2021,0.0
Central Finland,Emission credits,2022,0.0
Central Finland,Emission credits,2023,0.0
Central Finland,Emission credits,2024,0.0
Central Ostrobothnia,Electricity,1990,212.4
Central Ostrobothnia,Electricity,2005,293.7
Central Ostrobothnia,Electricity,2006,531.0
Central Ostrobothnia,Electricity,2007,465.0
Central Ostrobothnia,Electricity,2008,358.1
Central Ostrobothnia,Electricity,2009,371.3
Central Ostrobothnia,Electricity,2010,467.6
Central Ostrobothnia,Electricity,2011,379.7
Central Ostrobothnia,Electricity,2012,265.2
Central Ostrobothnia,Electricity,2013,324.5
Central Ostrobothnia,Electricity,2014,275.8
Central Ostrobothnia,Electricity,2015,221.0
Central Ostrobothnia,Electricity,2016,228.6
Central Ostrobothnia,Electricity,2017,196.7
Central Ostrobothnia,Electricity,2018,228.5
Central Ostrobothnia,Electricity,2019,176.3
Central Ostrobothnia,Electricity,2020,144.5
Central Ostrobothnia,Electricity,2021,157.2
Central Ostrobothnia,Electricity,2022,143.4
Central Ostrobothnia,Electricity,2023,93.2
Central Ostrobothnia,Electricity,2024,72.7
Central Ostrobothnia,Electric heating,1990,26.4
Central Ostrobothnia,Electric heating,2005,30.1
Central Ostrobothnia,Electric heating,2006,42.8
Central Ostrobothnia,Electric heating,2007,43.3
Central Ostrobothnia,Electric heating,2008,32.1
Central Ostrobothnia,Electric heating,2009,36.3
Central Ostrobothnia,Electric heating,2010,49.1
Central Ostrobothnia,Electric heating,2011,36.6
Central Ostrobothnia,Electric heating,2012,26.8
Central Ostrobothnia,Electric heating,2013,31.0
Central Ostrobothnia,Electric heating,2014,24.0
Central Ostrobothnia,Electric heating,2015,20.3
Central Ostrobothnia,Electric heating,2016,23.8
Central Ostrobothnia,Electric heating,2017,20.1
Central Ostrobothnia,Electric heating,2018,22.0
Central Ostrobothnia,Electric heating,2019,18.2
Central Ostrobothnia,Electric heating,2020,14.2
Central Ostrobothnia,Electric heating,2021,17.3
Central Ostrobothnia,Electric heating,2022,15.6
Central Ostrobothnia,Electric heating,2023,11.0
Central Ostrobothnia,Electric heating,2024,8.5
Central Ostrobothnia,District heating,1990,64.7
Central Ostrobothnia,District heating,2005,74.8
Central Ostrobothnia,District heating,2006,83.1
Central Ostrobothnia,District heating,2007,91.3
Central Ostrobothnia,District heating,2008,84.3
Central Ostrobothnia,District heating,2009,70.9
Central Ostrobothnia,District heating,2010,81.9
Central Ostrobothnia,District heating,2011,63.8
Central Ostrobothnia,District heating,2012,65.0
Central Ostrobothnia,District heating,2013,44.4
Central Ostrobothnia,District heating,2014,43.8
Central Ostrobothnia,District heating,2015,50.5
Central Ostrobothnia,District heating,2016,64.5
Central Ostrobothnia,District heating,2017,56.2
Central Ostrobothnia,District heating,2018,60.4
Central Ostrobothnia,District heating,2019,65.0
Central Ostrobothnia,District heating,2020,50.0
Central Ostrobothnia,District heating,2021,46.1
Central Ostrobothnia,District heating,2022,49.7
Central Ostrobothnia,District heating,2023,45.1
Central Ostrobothnia,District heating,2024,39.2
Central Ostrobothnia,Oil heating,1990,71.7
Central Ostrobothnia,Oil heating,2005,63.0
Central Ostrobothnia,Oil heating,2006,62.2
Central Ostrobothnia,Oil heating,2007,60.0
Central Ostrobothnia,Oil heating,2008,45.3
Central Ostrobothnia,Oil heating,2009,45.0
Central Ostrobothnia,Oil heating,2010,50.6
Central Ostrobothnia,Oil heating,2011,37.7
Central Ostrobothnia,Oil heating,2012,41.7
Central Ostrobothnia,Oil heating,2013,35.4
Central Ostrobothnia,Oil heating,2014,35.2
Central Ostrobothnia,Oil heating,2015,31.8
Central Ostrobothnia,Oil heating,2016,33.1
Central Ostrobothnia,Oil heating,2017,32.1
Central Ostrobothnia,Oil heating,2018,30.2
Central Ostrobothnia,Oil heating,2019,28.6
Central Ostrobothnia,Oil heating,2020,25.4
Central Ostrobothnia,Oil heating,2021,25.0
Central Ostrobothnia,Oil heating,2022,21.1
Central Ostrobothnia,Oil heating,2023,17.1
Central Ostrobothnia,Oil heating,2024,15.5
Central Ostrobothnia,Other heating,1990,20.3
Central Ostrobothnia,Other heating,2005,21.9
Central Ostrobothnia,Other heating,2006,22.7
Central Ostrobothnia,Other heating,2007,24.2
Central Ostrobothnia,Other heating,2008,22.6
Central Ostrobothnia,Other heating,2009,21.5
Central Ostrobothnia,Other heating,2010,23.4
Central Ostrobothnia,Other heating,2011,21.3
Central Ostrobothnia,Other heating,2012,22.8
Central Ostrobothnia,Other heating,2013,20.9
Central Ostrobothnia,Other heating,2014,20.2
Central Ostrobothnia,Other heating,2015,19.7
Central Ostrobothnia,Other heating,2016,20.7
Central Ostrobothnia,Other heating,2017,20.4
Central Ostrobothnia,Other heating,2018,18.7
Central Ostrobothnia,Other heating,2019,19.0
Central Ostrobothnia,Other heating,2020,20.1
Central Ostrobothnia,Other heating,2021,20.0
Central Ostrobothnia,Other heating,2022,20.2
Central Ostrobothnia,Other heating,2023,19.1
Central Ostrobothnia,Other heating,2024,14.2
Central Ostrobothnia,Industry,1990,186.5
Central Ostrobothnia,Industry,2005,189.3
Central Ostrobothnia,Industry,2006,239.2
Central Ostrobothnia,Industry,2007,214.4
Central Ostrobothnia,Industry,2008,210.3
Central Ostrobothnia,Industry,2009,168.0
Central Ostrobothnia,Industry,2010,205.1
Central Ostrobothnia,Industry,2011,106.8
Central Ostrobothnia,Industry,2012,101.7
Central Ostrobothnia,Industry,2013,104.7
Central Ostrobothnia,Industry,2014,116.4
Central Ostrobothnia,Industry,2015,89.6
Central Ostrobothnia,Industry,2016,110.7
Central Ostrobothnia,Industry,2017,108.0
Central Ostrobothnia,Industry,2018,96.2
Central Ostrobothnia,Industry,2019,93.6
Central Ostrobothnia,Industry,2020,85.3
Central Ostrobothnia,Industry,2021,65.1
Central Ostrobothnia,Industry,2022,65.8
Central Ostrobothnia,Industry,2023,65.1
Central Ostrobothnia,Industry,2024,71.0
Central Ostrobothnia,Machinery,1990,39.7
Central Ostrobothnia,Machinery,2005,41.7
Central Ostrobothnia,Machinery,2006,43.8
Central Ostrobothnia,Machinery,2007,45.5
Central Ostrobothnia,Machinery,2008,44.3
Central Ostrobothnia,Machinery,2009,44.2
Central Ostrobothnia,Machinery,2010,49.2
Central Ostrobothnia,Machinery,2011,44.4
Central Ostrobothnia,Machinery,2012,41.4
Central Ostrobothnia,Machinery,2013,44.2
Central Ostrobothnia,Machinery,2014,40.8
Central Ostrobothnia,Machinery,2015,44.9
Central Ostrobothnia,Machinery,2016,41.8
Central Ostrobothnia,Machinery,2017,41.7
Central Ostrobothnia,Machinery,2018,40.6
Central Ostrobothnia,Machinery,2019,40.8
Central Ostrobothnia,Machinery,2020,39.7
Central Ostrobothnia,Machinery,2021,37.8
Central Ostrobothnia,Machinery,2022,38.1
Central Ostrobothnia,Machinery,2023,36.7
Central Ostrobothnia,Machinery,2024,36.5
Central Ostrobothnia,Road transport,1990,168.6
Central Ostrobothnia,Road transport,2005,173.6
Central Ostrobothnia,Road transport,2006,175.9
Central Ostrobothnia,Road transport,2007,180.6
Central Ostrobothnia,Road transport,2008,172.2
Central Ostrobothnia,Road transport,2009,163.6
Central Ostrobothnia,Road transport,2010,170.5
Central Ostrobothnia,Road transport,2011,167.8
Central Ostrobothnia,Road transport,2012,164.5
Central Ostrobothnia,Road transport,2013,162.2
Central Ostrobothnia,Road transport,2014,146.9
Central Ostrobothnia,Road transport,2015,146.6
Central Ostrobothnia,Road transport,2016,163.2
Central Ostrobothnia,Road transport,2017,153.1
Central Ostrobothnia,Road transport,2018,154.7
Central Ostrobothnia,Road transport,2019,148.6
Central Ostrobothnia,Road transport,2020,140.0
Central Ostrobothnia,Road transport,2021,135.3
Central Ostrobothnia,Road transport,2022,131.6
Central Ostrobothnia,Road transport,2023,126.8
Central Ostrobothnia,Road transport,2024,130.4
Central Ostrobothnia,Rail transport,1990,6.2
Central Ostrobothnia,Rail transport,2005,5.6
Central Ostrobothnia,Rail transport,2006,8.2
Central Ostrobothnia,Rail transport,2007,7.8
Central Ostrobothnia,Rail transport,2008,6.9
Central Ostrobothnia,Rail transport,2009,6.6
Central Ostrobothnia,Rail transport,2010,8.0
Central Ostrobothnia,Rail transport,2011,6.8
Central Ostrobothnia,Rail transport,2012,5.7
Central Ostrobothnia,Rail transport,2013,6.2
Central Ostrobothnia,Rail transport,2014,5.3
Central Ostrobothnia,Rail transport,2015,4.1
Central Ostrobothnia,Rail transport,2016,4.1
Central Ostrobothnia,Rail transport,2017,4.0
Central Ostrobothnia,Rail transport,2018,4.3
Central Ostrobothnia,Rail transport,2019,3.6
Central Ostrobothnia,Rail transport,2020,3.2
Central Ostrobothnia,Rail transport,2021,3.2
Central Ostrobothnia,Rail transport,2022,2.4
Central Ostrobothnia,Rail transport,2023,2.0
Central Ostrobothnia,Rail transport,2024,1.8
Central Ostrobothnia,Water transport,1990,9.4
Central Ostrobothnia,Water transport,2005,8.4
Central Ostrobothnia,Water transport,2006,9.7
Central Ostrobothnia,Water transport,2007,10.3
Central Ostrobothnia,Water transport,2008,11.7
Central Ostrobothnia,Water transport,2009,10.6
Central Ostrobothnia,Water transport,2010,11.3
Central Ostrobothnia,Water transport,2011,9.9
Central Ostrobothnia,Water transport,2012,12.8
Central Ostrobothnia,Water transport,2013,10.2
Central Ostrobothnia,Water transport,2014,8.8
Central Ostrobothnia,Water transport,2015,10.0
Central Ostrobothnia,Water transport,2016,8.8
Central Ostrobothnia,Water transport,2017,8.6
Central Ostrobothnia,Water transport,2018,8.6
Central Ostrobothnia,Water transport,2019,7.9
Central Ostrobothnia,Water transport,2020,7.9
Central Ostrobothnia,Water transport,2021,7.5
Central Ostrobothnia,Water transport,2022,7.4
Central Ostrobothnia,Water transport,2023,7.2
Central Ostrobothnia,Water transport,2024,6.5
Central Ostrobothnia,Agriculture,1990,308.2
Central Ostrobothnia,Agriculture,2005,322.4
Central Ostrobothnia,Agriculture,2006,327.0
Central Ostrobothnia,Agriculture,2007,324.2
Central Ostrobothnia,Agriculture,2008,323.4
Central Ostrobothnia,Agriculture,2009,318.9
Central Ostrobothnia,Agriculture,2010,328.6
Central Ostrobothnia,Agriculture,2011,328.3
Central Ostrobothnia,Agriculture,2012,331.6
Central Ostrobothnia,Agriculture,2013,340.4
Central Ostrobothnia,Agriculture,2014,347.9
Central Ostrobothnia,Agriculture,2015,345.7
Central Ostrobothnia,Agriculture,2016,349.9
Central Ostrobothnia,Agriculture,2017,343.1
Central Ostrobothnia,Agriculture,2018,349.1
Central Ostrobothnia,Agriculture,2019,341.1
Central Ostrobothnia,Agriculture,2020,335.1
Central Ostrobothnia,Agriculture,2021,334.7
Central Ostrobothnia,Agriculture,2022,319.6
Central Ostrobothnia,Agriculture,2023,317.0
Central Ostrobothnia,Agriculture,2024,317.0
Central Ostrobothnia,Waste treatment,1990,62.1
Central Ostrobothnia,Waste treatment,2005,42.8
Central Ostrobothnia,Waste treatment,2006,42.6
Central Ostrobothnia,Waste treatment,2007,41.6
Central Ostrobothnia,Waste treatment,2008,39.5
Central Ostrobothnia,Waste treatment,2009,37.1
Central Ostrobothnia,Waste treatment,2010,37.0
Central Ostrobothnia,Waste treatment,2011,36.2
Central Ostrobothnia,Waste treatment,2012,34.4
Central Ostrobothnia,Waste treatment,2013,32.7
Central Ostrobothnia,Waste treatment,2014,30.9
Central Ostrobothnia,Waste treatment,2015,30.0
Central Ostrobothnia,Waste treatment,2016,28.6
Central Ostrobothnia,Waste treatment,2017,28.0
Central Ostrobothnia,Waste treatment,2018,27.3
Central Ostrobothnia,Waste treatment,2019,26.9
Central Ostrobothnia,Waste treatment,2020,25.8
Central Ostrobothnia,Waste treatment,2021,24.6
Central Ostrobothnia,Waste treatment,2022,23.6
Central Ostrobothnia,Waste treatment,2023,22.5
Central Ostrobothnia,Waste treatment,2024,22.1
Central Ostrobothnia,F-gases,1990,0.7
Central Ostrobothnia,F-gases,2005,17.1
Central Ostrobothnia,F-gases,2006,19.3
Central Ostrobothnia,F-gases,2007,19.7
Central Ostrobothnia,F-gases,2008,20.1
Central Ostrobothnia,F-gases,2009,19.7
Central Ostrobothnia,F-gases,2010,19.1
Central Ostrobothnia,F-gases,2011,19.6
Central Ostrobothnia,F-gases,2012,19.9
Central Ostrobothnia,F-gases,2013,19.5
Central Ostrobothnia,F-gases,2014,19.5
Central Ostrobothnia,F-gases,2015,18.1
Central Ostrobothnia,F-gases,2016,16.7
Central Ostrobothnia,F-gases,2017,15.1
Central Ostrobothnia,F-gases,2018,14.3
Central Ostrobothnia,F-gases,2019,13.4
Central Ostrobothnia,F-gases,2020,12.6
Central Ostrobothnia,F-gases,2021,11.5
Central Ostrobothnia,F-gases,2022,10.2
Central Ostrobothnia,F-gases,2023,9.5
Central Ostrobothnia,F-gases,2024,8.2
Central Ostrobothnia,Emission credits,1990,0.0
Central Ostrobothnia,Emission credits,2005,0.0
Central Ostrobothnia,Emission credits,2006,0.0
Central Ostrobothnia,Emission credits,2007,0.0
Central Ostrobothnia,Emission credits,2008,0.0
Central Ostrobothnia,Emission credits,2009,0.0
Central Ostrobothnia,Emission credits,2010,0.0
Central Ostrobothnia,Emission credits,2011,0.0
Central Ostrobothnia,Emission credits,2012,0.0
Central Ostrobothnia,Emission credits,2013,0.0
Central Ostrobothnia,Emission credits,2014,0.0
Central Ostrobothnia,Emission credits,2015,0.0
Central Ostrobothnia,Emission credits,2016,0.0
Central Ostrobothnia,Emission credits,2017,0.0
Central Ostrobothnia,Emission credits,2018,0.0
Central Ostrobothnia,Emission credits,2019,0.0
Central Ostrobothnia,Emission credits,2020,0.0
Central Ostrobothnia,Emission credits,2021,0.0
Central Ostrobothnia,Emission credits,2022,0.0
Central Ostrobothnia,Emission credits,2023,0.0
Central Ostrobothnia,Emission credits,2024,0.0
Kainuu,Electricity,1990,318.0
Kainuu,Electricity,2005,348.4
Kainuu,Electricity,2006,629.6
Kainuu,Electricity,2007,552.5
Kainuu,Electricity,2008,322.9
Kainuu,Electricity,2009,157.6
Kainuu,Electricity,2010,222.5
Kainuu,Electricity,2011,184.6
Kainuu,Electricity,2012,135.6
Kainuu,Electricity,2013,152.5
Kainuu,Electricity,2014,118.4
Kainuu,Electricity,2015,93.6
Kainuu,Electricity,2016,111.3
Kainuu,Electricity,2017,108.2
Kainuu,Electricity,2018,123.7
Kainuu,Electricity,2019,94.9
Kainuu,Electricity,2020,81.5
Kainuu,Electricity,2021,92.6
Kainuu,Electricity,2022,86.7
Kainuu,Electricity,2023,55.1
Kainuu,Electricity,2024,44.5
Kainuu,Electric heating,1990,35.2
Kainuu,Electric heating,2005,36.5
Kainuu,Electric heating,2006,52.6
Kainuu,Electric heating,2007,51.9
Kainuu,Electric heating,2008,38.4
Kainuu,Electric heating,2009,43.1
Kainuu,Electric heating,2010,56.0
Kainuu,Electric heating,2011,43.4
Kainuu,Electric heating,2012,32.0
Kainuu,Electric heating,2013,36.0
Kainuu,Electric heating,2014,27.5
Kainuu,Electric heating,2015,23.1
Kainuu,Electric heating,2016,25.9
Kainuu,Electric heating,2017,22.7
Kainuu,Electric heating,2018,23.8
Kainuu,Electric heating,2019,19.8
Kainuu,Electric heating,2020,16.9
Kainuu,Electric heating,2021,20.2
Kainuu,Electric heating,2022,15.7
Kainuu,Electric heating,2023,10.8
Kainuu,Electric heating,2024,8.4
Kainuu,District heating,1990,160.5
Kainuu,District heating,2005,89.5
Kainuu,District heating,2006,98.1
Kainuu,District heating,2007,79.1
Kainuu,District heating,2008,89.2
Kainuu,District heating,2009,94.8
Kainuu,District heating,2010,129.5
Kainuu,District heating,2011,89.0
Kainuu,District heating,2012,111.3
Kainuu,District heating,2013,81.3
Kainuu,District heating,2014,81.9
Kainuu,District heating,2015,72.0
Kainuu,District heating,2016,82.0
Kainuu,District heating,2017,74.4
Kainuu,District heating,2018,68.7
Kainuu,District heating,2019,84.8
Kainuu,District heating,2020,64.4
Kainuu,District heating,2021,58.9
Kainuu,District heating,2022,90.6
Kainuu,District heating,2023,46.6
Kainuu,District heating,2024,36.9
Kainuu,Oil heating,1990,47.6
Kainuu,Oil heating,2005,42.7
Kainuu,Oil heating,2006,43.3
Kainuu,Oil heating,2007,41.0
Kainuu,Oil heating,2008,31.5
Kainuu,Oil heating,2009,31.6
Kainuu,Oil heating,2010,33.6
Kainuu,Oil heating,2011,26.1
Kainuu,Oil heating,2012,28.5
Kainuu,Oil heating,2013,23.9
Kainuu,Oil heating,2014,23.7
Kainuu,Oil heating,2015,21.4
Kainuu,Oil heating,2016,21.9
Kainuu,Oil heating,2017,21.3
Kainuu,Oil heating,2018,20.2
Kainuu,Oil heating,2019,20.0
Kainuu,Oil heating,2020,18.0
Kainuu,Oil heating,2021,18.4
Kainuu,Oil heating,2022,15.8
Kainuu,Oil heating,2023,13.8
Kainuu,Oil heating,2024,13.0
Kainuu,Other heating,1990,23.0
Kainuu,Other heating,2005,22.2
Kainuu,Other heating,2006,22.0
Kainuu,Other heating,2007,22.8
Kainuu,Other heating,2008,22.9
Kainuu,Other heating,2009,23.0
Kainuu,Other heating,2010,24.8
Kainuu,Other heating,2011,22.2
Kainuu,Other heating,2012,24.0
Kainuu,Other heating,2013,22.4
Kainuu,Other heating,2014,22.3
Kainuu,Other heating,2015,21.0
Kainuu,Other heating,2016,21.4
Kainuu,Other heating,2017,20.7
Kainuu,Other heating,2018,19.6
Kainuu,Other heating,2019,19.7
Kainuu,Other heating,2020,19.3
Kainuu,Other heating,2021,20.4
Kainuu,Other heating,2022,19.3
Kainuu,Other heating,2023,18.6
Kainuu,Other heating,2024,15.6
Kainuu,Industry,1990,230.5
Kainuu,Industry,2005,82.8
Kainuu,Industry,2006,93.9
Kainuu,Industry,2007,88.9
Kainuu,Industry,2008,89.4
Kainuu,Industry,2009,30.8
Kainuu,Industry,2010,23.6
Kainuu,Industry,2011,55.4
Kainuu,Industry,2012,41.6
Kainuu,Industry,2013,39.7
Kainuu,Industry,2014,33.4
Kainuu,Industry,2015,33.0
Kainuu,Industry,2016,35.6
Kainuu,Industry,2017,36.1
Kainuu,Industry,2018,39.0
Kainuu,Industry,2019,29.3
Kainuu,Industry,2020,34.3
Kainuu,Industry,2021,25.9
Kainuu,Industry,2022,11.4
Kainuu,Industry,2023,16.6
Kainuu,Industry,2024,13.5
Kainuu,Machinery,1990,61.6
Kainuu,Machinery,2005,66.3
Kainuu,Machinery,2006,71.1
Kainuu,Machinery,2007,70.2
Kainuu,Machinery,2008,70.7
Kainuu,Machinery,2009,76.3
Kainuu,Machinery,2010,75.7
Kainuu,Machinery,2011,92.5
Kainuu,Machinery,2012,101.7
Kainuu,Machinery,2013,89.4
Kainuu,Machinery,2014,78.9
Kainuu,Machinery,2015,71.5
Kainuu,Machinery,2016,76.8
Kainuu,Machinery,2017,92.9
Kainuu,Machinery,2018,107.3
Kainuu,Machinery,2019,114.9
Kainuu,Machinery,2020,111.7
Kainuu,Machinery,2021,103.7
Kainuu,Machinery,2022,109.6
Kainuu,Machinery,2023,108.5
Kainuu,Machinery,2024,110.8
Kainuu,Road transport,1990,207.6
Kainuu,Road transport,2005,200.5
Kainuu,Road transport,2006,201.4
Kainuu,Road transport,2007,206.5
Kainuu,Road transport,2008,197.0
Kainuu,Road transport,2009,188.2
Kainuu,Road transport,2010,195.1
Kainuu,Road transport,2011,191.0
Kainuu,Road transport,2012,186.4
Kainuu,Road transport,2013,182.6
Kainuu,Road transport,2014,163.9
Kainuu,Road transport,2015,164.2
Kainuu,Road transport,2016,183.1
Kainuu,Road transport,2017,174.9
Kainuu,Road transport,2018,176.8
Kainuu,Road transport,2019,170.7
Kainuu,Road transport,2020,164.6
Kainuu,Road transport,2021,157.5
Kainuu,Road transport,2022,154.0
Kainuu,Road transport,2023,149.6
Kainuu,Road transport,2024,152.9
Kainuu,Rail transport,1990,18.8
Kainuu,Rail transport,2005,13.2
Kainuu,Rail transport,2006,14.8
Kainuu,Rail transport,2007,12.9
Kainuu,Rail transport,2008,13.1
Kainuu,Rail transport,2009,11.1
Kainuu,Rail transport,2010,12.2
Kainuu,Rail transport,2011,12.1
Kainuu,Rail transport,2012,11.5
Kainuu,Rail transport,2013,12.7
Kainuu,Rail transport,2014,12.9
Kainuu,Rail transport,2015,10.9
Kainuu,Rail transport,2016,12.0
Kainuu,Rail transport,2017,13.6
Kainuu,Rail transport,2018,13.2
Kainuu,Rail transport,2019,10.5
Kainuu,Rail transport,2020,9.9
Kainuu,Rail transport,2021,10.1
Kainuu,Rail transport,2022,3.9
Kainuu,Rail transport,2023,2.8
Kainuu,Rail transport,2024,3.0
Kainuu,Water transport,1990,4.3
Kainuu,Water transport,2005,3.7
Kainuu,Water transport,2006,3.8
Kainuu,Water transport,2007,3.8
Kainuu,Water transport,2008,3.4
Kainuu,Water transport,2009,3.3
Kainuu,Water transport,2010,3.4
Kainuu,Water transport,2011,3.0
Kainuu,Water transport,2012,3.1
Kainuu,Water transport,2013,3.2
Kainuu,Water transport,2014,3.0
Kainuu,Water transport,2015,3.0
Kainuu,Water transport,2016,2.9
Kainuu,Water transport,2017,2.8
Kainuu,Water transport,2018,2.8
Kainuu,Water transport,2019,2.8
Kainuu,Water transport,2020,3.0
Kainuu,Water transport,2021,3.0
Kainuu,Water transport,2022,2.6
Kainuu,Water transport,2023,2.6
Kainuu,Water transport,2024,2.1
Kainuu,Agriculture,1990,174.6
Kainuu,Agriculture,2005,118.1
Kainuu,Agriculture,2006,119.7
Kainuu,Agriculture,2007,116.5
Kainuu,Agriculture,2008,117.4
Kainuu,Agriculture,2009,115.2
Kainuu,Agriculture,2010,117.8
Kainuu,Agriculture,2011,116.5
Kainuu,Agriculture,2012,114.7
Kainuu,Agriculture,2013,117.2
Kainuu,Agriculture,2014,119.8
Kainuu,Agriculture,2015,119.8
Kainuu,Agriculture,2016,122.6
Kainuu,Agriculture,2017,120.9
Kainuu,Agriculture,2018,122.3
Kainuu,Agriculture,2019,121.9
Kainuu,Agriculture,2020,121.0
Kainuu,Agriculture,2021,121.3
Kainuu,Agriculture,2022,116.3
Kainuu,Agriculture,2023,116.6
Kainuu,Agriculture,2024,115.8
Kainuu,Waste treatment,1990,102.1
Kainuu,Waste treatment,2005,61.0
Kainuu,Waste treatment,2006,59.2
Kainuu,Waste treatment,2007,57.4
Kainuu,Waste treatment,2008,53.6
Kainuu,Waste treatment,2009,51.6
Kainuu,Waste treatment,2010,47.3
Kainuu,Waste treatment,2011,43.8
Kainuu,Waste treatment,2012,42.6
Kainuu,Waste treatment,2013,41.5
Kainuu,Waste treatment,2014,31.8
Kainuu,Waste treatment,2015,31.9
Kainuu,Waste treatment,2016,30.3
Kainuu,Waste treatment,2017,29.6
Kainuu,Waste treatment,2018,30.5
Kainuu,Waste treatment,2019,28.8
Kainuu,Waste treatment,2020,26.3
Kainuu,Waste treatment,2021,28.1
Kainuu,Waste treatment,2022,27.3
Kainuu,Waste treatment,2023,28.4
Kainuu,Waste treatment,2024,29.0
Kainuu,F-gases,1990,1.0
Kainuu,F-gases,2005,19.7
Kainuu,F-gases,2006,22.9
Kainuu,F-gases,2007,22.5
Kainuu,F-gases,2008,22.9
Kainuu,F-gases,2009,22.5
Kainuu,F-gases,2010,22.1
Kainuu,F-gases,2011,21.2
Kainuu,F-gases,2012,21.7
Kainuu,F-gases,2013,21.5
Kainuu,F-gases,2014,20.6
Kainuu,F-gases,2015,19.8
Kainuu,F-gases,2016,19.1
Kainuu,F-gases,2017,17.7
Kainuu,F-gases,2018,16.6
Kainuu,F-gases,2019,14.7
Kainuu,F-gases,2020,13.8
Kainuu,F-gases,2021,12.7
Kainuu,F-gases,2022,11.2
Kainuu,F-gases,2023,10.7
Kainuu,F-gases,2024,9.4
Kainuu,Emission credits,1990,0.0
Kainuu,Emission credits,2005,0.0
Kainuu,Emission credits,2006,0.0
Kainuu,Emission credits,2007,0.0
Kainuu,Emission credits,2008,0.0
Kainuu,Emission credits,2009,0.0
Kainuu,Emission credits,2010,0.0
Kainuu,Emission credits,2011,0.0
Kainuu,Emission credits,2012,0.0
Kainuu,Emission credits,2013,0.0
Kainuu,Emission credits,2014,0.0
Kainuu,Emission credits,2015,0.0
Kainuu,Emission credits,2016,0.0
Kainuu,Emission credits,2017,0.0
Kainuu,Emission credits,2018,0.0
Kainuu,Emission credits,2019,0.0
Kainuu,Emission credits,2020,0.0
Kainuu,Emission credits,2021,0.0
Kainuu,Emission credits,2022,0.0
Kainuu,Emission credits,2023,0.0
Kainuu,Emission credits,2024,0.0
Kanta-Häme,Electricity,1990,223.5
Kanta-Häme,Electricity,2005,266.9
Kanta-Häme,Electricity,2006,475.2
Kanta-Häme,Electricity,2007,413.5
Kanta-Häme,Electricity,2008,316.0
Kanta-Häme,Electricity,2009,321.7
Kanta-Häme,Electricity,2010,403.4
Kanta-Häme,Electricity,2011,311.6
Kanta-Häme,Electricity,2012,230.5
Kanta-Häme,Electricity,2013,280.0
Kanta-Häme,Electricity,2014,231.6
Kanta-Häme,Electricity,2015,179.3
Kanta-Häme,Electricity,2016,196.4
Kanta-Häme,Electricity,2017,174.9
Kanta-Häme,Electricity,2018,191.7
Kanta-Häme,Electricity,2019,157.1
Kanta-Häme,Electricity,2020,126.0
Kanta-Häme,Electricity,2021,142.6
Kanta-Häme,Electricity,2022,127.8
Kanta-Häme,Electricity,2023,83.2
Kanta-Häme,Electricity,2024,71.1
Kanta-Häme,Electric heating,1990,71.7
Kanta-Häme,Electric heating,2005,80.0
Kanta-Häme,Electric heating,2006,113.1
Kanta-Häme,Electric heating,2007,115.2
Kanta-Häme,Electric heating,2008,86.2
Kanta-Häme,Electric heating,2009,103.8
Kanta-Häme,Electric heating,2010,132.9
Kanta-Häme,Electric heating,2011,101.8
Kanta-Häme,Electric heating,2012,75.4
Kanta-Häme,Electric heating,2013,88.8
Kanta-Häme,Electric heating,2014,68.5
Kanta-Häme,Electric heating,2015,56.5
Kanta-Häme,Electric heating,2016,65.3
Kanta-Häme,Electric heating,2017,55.0
Kanta-Häme,Electric heating,2018,61.3
Kanta-Häme,Electric heating,2019,49.4
Kanta-Häme,Electric heating,2020,37.4
Kanta-Häme,Electric heating,2021,46.8
Kanta-Häme,Electric heating,2022,39.3
Kanta-Häme,Electric heating,2023,26.9
Kanta-Häme,Electric heating,2024,20.7
Kanta-Häme,District heating,1990,135.2
Kanta-Häme,District heating,2005,166.7
Kanta-Häme,District heating,2006,167.2
Kanta-Häme,District heating,2007,199.8
Kanta-Häme,District heating,2008,175.8
Kanta-Häme,District heating,2009,172.2
Kanta-Häme,District heating,2010,201.2
Kanta-Häme,District heating,2011,176.1
Kanta-Häme,District heating,2012,175.3
Kanta-Häme,District heating,2013,138.1
Kanta-Häme,District heating,2014,146.0
Kanta-Häme,District heating,2015,130.4
Kanta-Häme,District heating,2016,136.6
Kanta-Häme,District heating,2017,136.9
Kanta-Häme,District heating,2018,141.5
Kanta-Häme,District heating,2019,134.9
Kanta-Häme,District heating,2020,89.2
Kanta-Häme,District heating,2021,68.9
Kanta-Häme,District heating,2022,65.0
Kanta-Häme,District heating,2023,73.3
Kanta-Häme,District heating,2024,57.2
Kanta-Häme,Oil heating,1990,132.2
Kanta-Häme,Oil heating,2005,102.5
Kanta-Häme,Oil heating,2006,100.3
Kanta-Häme,Oil heating,2007,95.6
Kanta-Häme,Oil heating,2008,73.2
Kanta-Häme,Oil heating,2009,76.6
Kanta-Häme,Oil heating,2010,84.2
Kanta-Häme,Oil heating,2011,64.6
Kanta-Häme,Oil heating,2012,71.0
Kanta-Häme,Oil heating,2013,61.6
Kanta-Häme,Oil heating,2014,62.0
Kanta-Häme,Oil heating,2015,55.9
Kanta-Häme,Oil heating,2016,60.5
Kanta-Häme,Oil heating,2017,58.9
Kanta-Häme,Oil heating,2018,56.4
Kanta-Häme,Oil heating,2019,52.2
Kanta-Häme,Oil heating,2020,46.1
Kanta-Häme,Oil heating,2021,48.0
Kanta-Häme,Oil heating,2022,41.1
Kanta-Häme,Oil heating,2023,33.6
Kanta-Häme,Oil heating,2024,31.7
Kanta-Häme,Other heating,1990,53.7
Kanta-Häme,Other heating,2005,34.4
Kanta-Häme,Other heating,2006,33.9
Kanta-Häme,Other heating,2007,36.4
Kanta-Häme,Other heating,2008,35.5
Kanta-Häme,Other heating,2009,36.1
Kanta-Häme,Other heating,2010,41.1
Kanta-Häme,Other heating,2011,37.7
Kanta-Häme,Other heating,2012,39.8
Kanta-Häme,Other heating,2013,38.2
Kanta-Häme,Other heating,2014,37.5
Kanta-Häme,Other heating,2015,36.5
Kanta-Häme,Other heating,2016,38.5
Kanta-Häme,Other heating,2017,37.7
Kanta-Häme,Other heating,2018,34.5
Kanta-Häme,Other heating,2019,34.7
Kanta-Häme,Other heating,2020,37.4
Kanta-Häme,Other heating,2021,38.2
Kanta-Häme,Other heating,2022,37.8
Kanta-Häme,Other heating,2023,32.2
Kanta-Häme,Other heating,2024,21.8
Kanta-Häme,Industry,1990,323.8
Kanta-Häme,Industry,2005,209.3
Kanta-Häme,Industry,2006,202.0
Kanta-Häme,Industry,2007,185.4
Kanta-Häme,Industry,2008,177.3
Kanta-Häme,Industry,2009,156.0
Kanta-Häme,Industry,2010,151.2
Kanta-Häme,Industry,2011,131.6
Kanta-Häme,Industry,2012,125.2
Kanta-Häme,Industry,2013,133.2
Kanta-Häme,Industry,2014,125.8
Kanta-Häme,Industry,2015,141.4
Kanta-Häme,Industry,2016,141.0
Kanta-Häme,Industry,2017,146.2
Kanta-Häme,Industry,2018,134.8
Kanta-Häme,Industry,2019,125.6
Kanta-Häme,Industry,2020,131.9
Kanta-Häme,Industry,2021,148.2
Kanta-Häme,Industry,2022,132.9
Kanta-Häme,Industry,2023,140.9
Kanta-Häme,Industry,2024,149.7
Kanta-Häme,Machinery,1990,92.6
Kanta-Häme,Machinery,2005,95.7
Kanta-Häme,Machinery,2006,96.1
Kanta-Häme,Machinery,2007,97.0
Kanta-Häme,Machinery,2008,98.5
Kanta-Häme,Machinery,2009,91.9
Kanta-Häme,Machinery,2010,91.3
Kanta-Häme,Machinery,2011,84.5
Kanta-Häme,Machinery,2012,95.4
Kanta-Häme,Machinery,2013,90.9
Kanta-Häme,Machinery,2014,90.5
Kanta-Häme,Machinery,2015,84.1
Kanta-Häme,Machinery,2016,83.0
Kanta-Häme,Machinery,2017,86.6
Kanta-Häme,Machinery,2018,84.5
Kanta-Häme,Machinery,2019,84.1
Kanta-Häme,Machinery,2020,86.5
Kanta-Häme,Machinery,2021,78.7
Kanta-Häme,Machinery,2022,76.9
Kanta-Häme,Machinery,2023,78.6
Kanta-Häme,Machinery,2024,75.7
Kanta-Häme,Road transport,1990,390.5
Kanta-Häme,Road transport,2005,442.9
Kanta-Häme,Road transport,2006,450.0
Kanta-Häme,Road transport,2007,468.7
Kanta-Häme,Road transport,2008,447.7
Kanta-Häme,Road transport,2009,424.6
Kanta-Häme,Road transport,2010,443.9
Kanta-Häme,Road transport,2011,438.1
Kanta-Häme,Road transport,2012,429.0
Kanta-Häme,Road transport,2013,421.6
Kanta-Häme,Road transport,2014,379.0
Kanta-Häme,Road transport,2015,380.0
Kanta-Häme,Road transport,2016,428.7
Kanta-Häme,Road transport,2017,407.0
Kanta-Häme,Road transport,2018,413.6
Kanta-Häme,Road transport,2019,393.3
Kanta-Häme,Road transport,2020,370.9
Kanta-Häme,Road transport,2021,354.7
Kanta-Häme,Road transport,2022,348.7
Kanta-Häme,Road transport,2023,335.1
Kanta-Häme,Road transport,2024,343.5
Kanta-Häme,Rail transport,1990,11.2
Kanta-Häme,Rail transport,2005,11.2
Kanta-Häme,Rail transport,2006,16.5
Kanta-Häme,Rail transport,2007,20.6
Kanta-Häme,Rail transport,2008,16.5
Kanta-Häme,Rail transport,2009,15.9
Kanta-Häme,Rail transport,2010,19.5
Kanta-Häme,Rail transport,2011,15.9
Kanta-Häme,Rail transport,2012,11.5
Kanta-Häme,Rail transport,2013,13.5
Kanta-Häme,Rail transport,2014,11.3
Kanta-Häme,Rail transport,2015,8.6
Kanta-Häme,Rail transport,2016,8.4
Kanta-Häme,Rail transport,2017,7.5
Kanta-Häme,Rail transport,2018,9.2
Kanta-Häme,Rail transport,2019,7.7
Kanta-Häme,Rail transport,2020,5.4
Kanta-Häme,Rail transport,2021,6.0
Kanta-Häme,Rail transport,2022,5.5
Kanta-Häme,Rail transport,2023,4.1
Kanta-Häme,Rail transport,2024,3.7
Kanta-Häme,Water transport,1990,4.0
Kanta-Häme,Water transport,2005,4.0
Kanta-Häme,Water transport,2006,4.1
Kanta-Häme,Water transport,2007,4.2
Kanta-Häme,Water transport,2008,3.7
Kanta-Häme,Water transport,2009,3.6
Kanta-Häme,Water transport,2010,3.8
Kanta-Häme,Water transport,2011,3.2
Kanta-Häme,Water transport,2012,3.3
Kanta-Häme,Water transport,2013,3.5
Kanta-Häme,Water transport,2014,3.3
Kanta-Häme,Water transport,2015,3.3
Kanta-Häme,Water transport,2016,3.2
Kanta-Häme,Water transport,2017,3.2
Kanta-Häme,Water transport,2018,3.2
Kanta-Häme,Water transport,2019,3.2
Kanta-Häme,Water transport,2020,3.5
Kanta-Häme,Water transport,2021,3.7
Kanta-Häme,Water transport,2022,3.1
Kanta-Häme,Water transport,2023,3.1
Kanta-Häme,Water transport,2024,2.7
Kanta-Häme,Agriculture,1990,266.2
Kanta-Häme,Agriculture,2005,199.7
Kanta-Häme,Agriculture,2006,200.6
Kanta-Häme,Agriculture,2007,198.7
Kanta-Häme,Agriculture,2008,202.7
Kanta-Häme,Agriculture,2009,192.7
Kanta-Häme,Agriculture,2010,197.9
Kanta-Häme,Agriculture,2011,191.6
Kanta-Häme,Agriculture,2012,186.0
Kanta-Häme,Agriculture,2013,192.6
Kanta-Häme,Agriculture,2014,193.5
Kanta-Häme,Agriculture,2015,188.1
Kanta-Häme,Agriculture,2016,192.7
Kanta-Häme,Agriculture,2017,186.3
Kanta-Häme,Agriculture,2018,188.6
Kanta-Häme,Agriculture,2019,187.6
Kanta-Häme,Agriculture,2020,188.9
Kanta-Häme,Agriculture,2021,192.1
Kanta-Häme,Agriculture,2022,182.9
Kanta-Häme,Agriculture,2023,188.6
Kanta-Häme,Agriculture,2024,197.0
Kanta-Häme,Waste treatment,1990,136.6
Kanta-Häme,Waste treatment,2005,91.3
Kanta-Häme,Waste treatment,2006,92.0
Kanta-Häme,Waste treatment,2007,94.5
Kanta-Häme,Waste treatment,2008,87.6
Kanta-Häme,Waste treatment,2009,80.3
Kanta-Häme,Waste treatment,2010,81.1
Kanta-Häme,Waste treatment,2011,80.6
Kanta-Häme,Waste treatment,2012,73.7
Kanta-Häme,Waste treatment,2013,68.5
Kanta-Häme,Waste treatment,2014,54.4
Kanta-Häme,Waste treatment,2015,55.3
Kanta-Häme,Waste treatment,2016,46.2
Kanta-Häme,Waste treatment,2017,41.2
Kanta-Häme,Waste treatment,2018,40.2
Kanta-Häme,Waste treatment,2019,40.0
Kanta-Häme,Waste treatment,2020,45.0
Kanta-Häme,Waste treatment,2021,43.6
Kanta-Häme,Waste treatment,2022,42.9
Kanta-Häme,Waste treatment,2023,41.5
Kanta-Häme,Waste treatment,2024,41.7
Kanta-Häme,F-gases,1990,1.7
Kanta-Häme,F-gases,2005,38.2
Kanta-Häme,F-gases,2006,42.7
Kanta-Häme,F-gases,2007,44.1
Kanta-Häme,F-gases,2008,45.3
Kanta-Häme,F-gases,2009,44.7
Kanta-Häme,F-gases,2010,45.1
Kanta-Häme,F-gases,2011,44.2
Kanta-Häme,F-gases,2012,43.9
Kanta-Häme,F-gases,2013,43.3
Kanta-Häme,F-gases,2014,40.9
Kanta-Häme,F-gases,2015,40.0
Kanta-Häme,F-gases,2016,36.9
Kanta-Häme,F-gases,2017,35.0
Kanta-Häme,F-gases,2018,32.7
Kanta-Häme,F-gases,2019,31.7
Kanta-Häme,F-gases,2020,29.5
Kanta-Häme,F-gases,2021,27.4
Kanta-Häme,F-gases,2022,24.9
Kanta-Häme,F-gases,2023,22.9
Kanta-Häme,F-gases,2024,19.8
Kanta-Häme,Emission credits,1990,0.0
Kanta-Häme,Emission credits,2005,0.0
Kanta-Häme,Emission credits,2006,0.0
Kanta-Häme,Emission credits,2007,0.0
Kanta-Häme,Emission credits,2008,0.0
Kanta-Häme,Emission credits,2009,0.0
Kanta-Häme,Emission credits,2010,0.0
Kanta-Häme,Emission credits,2011,0.0
Kanta-Häme,Emission credits,2012,0.0
Kanta-Häme,Emission credits,2013,0.0
Kanta-Häme,Emission credits,2014,0.0
Kanta-Häme,Emission credits,2015,0.0
Kanta-Häme,Emission credits,2016,0.0
Kanta-Häme,Emission credits,2017,0.0
Kanta-Häme,Emission credits,2018,0.0
Kanta-Häme,Emission credits,2019,0.0
Kanta-Häme,Emission credits,2020,0.0
Kanta-Häme,Emission credits,2021,0.0
Kanta-Häme,Emission credits,2022,0.0
Kanta-Häme,Emission credits,2023,0.0
Kanta-Häme,Emission credits,2024,0.0
Kymenlaakso,Electricity,1990,1140.5
Kymenlaakso,Electricity,2005,987.6
Kymenlaakso,Electricity,2006,1788.3
Kymenlaakso,Electricity,2007,1567.0
Kymenlaakso,Electricity,2008,977.3
Kymenlaakso,Electricity,2009,940.5
Kymenlaakso,Electricity,2010,1195.3
Kymenlaakso,Electricity,2011,927.7
Kymenlaakso,Electricity,2012,577.8
Kymenlaakso,Electricity,2013,677.0
Kymenlaakso,Electricity,2014,580.1
Kymenlaakso,Electricity,2015,468.6
Kymenlaakso,Electricity,2016,486.6
Kymenlaakso,Electricity,2017,433.0
Kymenlaakso,Electricity,2018,478.3
Kymenlaakso,Electricity,2019,358.3
Kymenlaakso,Electricity,2020,275.3
Kymenlaakso,Electricity,2021,330.6
Kymenlaakso,Electricity,2022,288.8
Kymenlaakso,Electricity,2023,166.6
Kymenlaakso,Electricity,2024,138.2
Kymenlaakso,Electric heating,1990,66.8
Kymenlaakso,Electric heating,2005,71.3
Kymenlaakso,Electric heating,2006,98.9
Kymenlaakso,Electric heating,2007,100.1
Kymenlaakso,Electric heating,2008,71.7
Kymenlaakso,Electric heating,2009,84.1
Kymenlaakso,Electric heating,2010,110.4
Kymenlaakso,Electric heating,2011,84.3
Kymenlaakso,Electric heating,2012,59.9
Kymenlaakso,Electric heating,2013,70.3
Kymenlaakso,Electric heating,2014,54.6
Kymenlaakso,Electric heating,2015,45.6
Kymenlaakso,Electric heating,2016,52.6
Kymenlaakso,Electric heating,2017,43.9
Kymenlaakso,Electric heating,2018,48.8
Kymenlaakso,Electric heating,2019,40.5
Kymenlaakso,Electric heating,2020,30.0
Kymenlaakso,Electric heating,2021,36.3
Kymenlaakso,Electric heating,2022,32.7
Kymenlaakso,Electric heating,2023,22.4
Kymenlaakso,Electric heating,2024,17.1
Kymenlaakso,District heating,1990,162.6
Kymenlaakso,District heating,2005,119.8
Kymenlaakso,District heating,2006,104.3
Kymenlaakso,District heating,2007,118.8
Kymenlaakso,District heating,2008,90.3
Kymenlaakso,District heating,2009,120.0
Kymenlaakso,District heating,2010,135.3
Kymenlaakso,District heating,2011,140.4
Kymenlaakso,District heating,2012,127.0
Kymenlaakso,District heating,2013,109.8
Kymenlaakso,District heating,2014,102.9
Kymenlaakso,District heating,2015,85.2
Kymenlaakso,District heating,2016,102.9
Kymenlaakso,District heating,2017,83.6
Kymenlaakso,District heating,2018,83.3
Kymenlaakso,District heating,2019,74.4
Kymenlaakso,District heating,2020,65.1
Kymenlaakso,District heating,2021,75.8
Kymenlaakso,District heating,2022,83.3
Kymenlaakso,District heating,2023,77.9
Kymenlaakso,District heating,2024,69.7
Kymenlaakso,Oil heating,1990,176.0
Kymenlaakso,Oil heating,2005,135.2
Kymenlaakso,Oil heating,2006,132.3
Kymenlaakso,Oil heating,2007,125.8
Kymenlaakso,Oil heating,2008,94.0
Kymenlaakso,Oil heating,2009,96.8
Kymenlaakso,Oil heating,2010,105.0
Kymenlaakso,Oil heating,2011,80.6
Kymenlaakso,Oil heating,2012,87.0
Kymenlaakso,Oil heating,2013,76.7
Kymenlaakso,Oil heating,2014,74.9
Kymenlaakso,Oil heating,2015,67.1
Kymenlaakso,Oil heating,2016,70.4
Kymenlaakso,Oil heating,2017,67.7
Kymenlaakso,Oil heating,2018,64.1
Kymenlaakso,Oil heating,2019,58.5
Kymenlaakso,Oil heating,2020,51.5
Kymenlaakso,Oil heating,2021,51.4
Kymenlaakso,Oil heating,2022,42.1
Kymenlaakso,Oil heating,2023,32.1
Kymenlaakso,Oil heating,2024,30.0
Kymenlaakso,Other heating,1990,116.6
Kymenlaakso,Other heating,2005,124.4
Kymenlaakso,Other heating,2006,126.0
Kymenlaakso,Other heating,2007,123.9
Kymenlaakso,Other heating,2008,123.5
Kymenlaakso,Other heating,2009,126.2
Kymenlaakso,Other heating,2010,137.2
Kymenlaakso,Other heating,2011,121.4
Kymenlaakso,Other heating,2012,118.8
Kymenlaakso,Other heating,2013,115.5
Kymenlaakso,Other heating,2014,104.9
Kymenlaakso,Other heating,2015,98.0
Kymenlaakso,Other heating,2016,102.1
Kymenlaakso,Other heating,2017,102.2
Kymenlaakso,Other heating,2018,91.3
Kymenlaakso,Other heating,2019,93.3
Kymenlaakso,Other heating,2020,84.2
Kymenlaakso,Other heating,2021,100.0
Kymenlaakso,Other heating,2022,80.6
Kymenlaakso,Other heating,2023,52.7
Kymenlaakso,Other heating,2024,41.5
Kymenlaakso,Industry,1990,1276.8
Kymenlaakso,Industry,2005,612.9
Kymenlaakso,Industry,2006,712.2
Kymenlaakso,Industry,2007,664.8
Kymenlaakso,Industry,2008,768.0
Kymenlaakso,Industry,2009,559.1
Kymenlaakso,Industry,2010,656.7
Kymenlaakso,Industry,2011,610.5
Kymenlaakso,Industry,2012,446.3
Kymenlaakso,Industry,2013,476.7
Kymenlaakso,Industry,2014,448.8
Kymenlaakso,Industry,2015,450.1
Kymenlaakso,Industry,2016,357.5
Kymenlaakso,Industry,2017,370.3
Kymenlaakso,Industry,2018,382.5
Kymenlaakso,Industry,2019,324.9
Kymenlaakso,Industry,2020,317.4
Kymenlaakso,Industry,2021,381.4
Kymenlaakso,Industry,2022,318.0
Kymenlaakso,Industry,2023,200.2
Kymenlaakso,Industry,2024,272.5
Kymenlaakso,Machinery,1990,73.5
Kymenlaakso,Machinery,2005,75.0
Kymenlaakso,Machinery,2006,72.7
Kymenlaakso,Machinery,2007,75.8
Kymenlaakso,Machinery,2008,77.1
Kymenlaakso,Machinery,2009,74.7
Kymenlaakso,Machinery,2010,71.9
Kymenlaakso,Machinery,2011,65.8
Kymenlaakso,Machinery,2012,73.5
Kymenlaakso,Machinery,2013,68.2
Kymenlaakso,Machinery,2014,68.1
Kymenlaakso,Machinery,2015,71.6
Kymenlaakso,Machinery,2016,62.9
Kymenlaakso,Machinery,2017,65.5
Kymenlaakso,Machinery,2018,63.1
Kymenlaakso,Machinery,2019,64.9
Kymenlaakso,Machinery,2020,64.4
Kymenlaakso,Machinery,2021,58.0
Kymenlaakso,Machinery,2022,65.7
Kymenlaakso,Machinery,2023,59.0
Kymenlaakso,Machinery,2024,59.5
Kymenlaakso,Road transport,1990,385.2
Kymenlaakso,Road transport,2005,417.9
Kymenlaakso,Road transport,2006,423.4
Kymenlaakso,Road transport,2007,438.0
Kymenlaakso,Road transport,2008,416.3
Kymenlaakso,Road transport,2009,394.2
Kymenlaakso,Road transport,2010,413.5
Kymenlaakso,Road transport,2011,405.5
Kymenlaakso,Road transport,2012,395.9
Kymenlaakso,Road transport,2013,388.9
Kymenlaakso,Road transport,2014,350.2
Kymenlaakso,Road transport,2015,349.7
Kymenlaakso,Road transport,2016,386.7
Kymenlaakso,Road transport,2017,359.9
Kymenlaakso,Road transport,2018,363.5
Kymenlaakso,Road transport,2019,346.1
Kymenlaakso,Road transport,2020,322.0
Kymenlaakso,Road transport,2021,304.5
Kymenlaakso,Road transport,2022,292.7
Kymenlaakso,Road transport,2023,277.8
Kymenlaakso,Road transport,2024,283.8
Kymenlaakso,Rail transport,1990,19.5
Kymenlaakso,Rail transport,2005,15.9
Kymenlaakso,Rail transport,2006,21.4
Kymenlaakso,Rail transport,2007,19.7
Kymenlaakso,Rail transport,2008,17.9
Kymenlaakso,Rail transport,2009,16.2
Kymenlaakso,Rail transport,2010,18.9
Kymenlaakso,Rail transport,2011,17.6
Kymenlaakso,Rail transport,2012,15.1
Kymenlaakso,Rail transport,2013,16.0
Kymenlaakso,Rail transport,2014,14.2
Kymenlaakso,Rail transport,2015,10.9
Kymenlaakso,Rail transport,2016,11.1
Kymenlaakso,Rail transport,2017,10.9
Kymenlaakso,Rail transport,2018,11.8
Kymenlaakso,Rail transport,2019,11.6
Kymenlaakso,Rail transport,2020,9.8
Kymenlaakso,Rail transport,2021,9.9
Kymenlaakso,Rail transport,2022,9.9
Kymenlaakso,Rail transport,2023,7.9
Kymenlaakso,Rail transport,2024,7.4
Kymenlaakso,Water transport,1990,38.6
Kymenlaakso,Water transport,2005,26.9
Kymenlaakso,Water transport,2006,28.1
Kymenlaakso,Water transport,2007,29.4
Kymenlaakso,Water transport,2008,28.5
Kymenlaakso,Water transport,2009,27.2
Kymenlaakso,Water transport,2010,48.6
Kymenlaakso,Water transport,2011,51.2
Kymenlaakso,Water transport,2012,28.4
Kymenlaakso,Water transport,2013,24.7
Kymenlaakso,Water transport,2014,22.3
Kymenlaakso,Water transport,2015,22.8
Kymenlaakso,Water transport,2016,23.0
Kymenlaakso,Water transport,2017,21.6
Kymenlaakso,Water transport,2018,22.1
Kymenlaakso,Water transport,2019,44.9
Kymenlaakso,Water transport,2020,20.4
Kymenlaakso,Water transport,2021,17.0
Kymenlaakso,Water transport,2022,16.2
Kymenlaakso,Water transport,2023,15.3
Kymenlaakso,Water transport,2024,12.6
Kymenlaakso,Agriculture,1990,211.4
Kymenlaakso,Agriculture,2005,138.5
Kymenlaakso,Agriculture,2006,136.7
Kymenlaakso,Agriculture,2007,132.2
Kymenlaakso,Agriculture,2008,133.2
Kymenlaakso,Agriculture,2009,125.4
Kymenlaakso,Agriculture,2010,129.4
Kymenlaakso,Agriculture,2011,123.8
Kymenlaakso,Agriculture,2012,119.5
Kymenlaakso,Agriculture,2013,120.7
Kymenlaakso,Agriculture,2014,121.2
Kymenlaakso,Agriculture,2015,118.3
Kymenlaakso,Agriculture,2016,120.1
Kymenlaakso,Agriculture,2017,115.5
Kymenlaakso,Agriculture,2018,116.8
Kymenlaakso,Agriculture,2019,117.2
Kymenlaakso,Agriculture,2020,115.3
Kymenlaakso,Agriculture,2021,116.8
Kymenlaakso,Agriculture,2022,107.8
Kymenlaakso,Agriculture,2023,113.8
Kymenlaakso,Agriculture,2024,118.8
Kymenlaakso,Waste treatment,1990,639.9
Kymenlaakso,Waste treatment,2005,306.3
Kymenlaakso,Waste treatment,2006,291.1
Kymenlaakso,Waste treatment,2007,271.0
Kymenlaakso,Waste treatment,2008,252.1
Kymenlaakso,Waste treatment,2009,234.6
Kymenlaakso,Waste treatment,2010,232.4
Kymenlaakso,Waste treatment,2011,224.5
Kymenlaakso,Waste treatment,2012,206.9
Kymenlaakso,Waste treatment,2013,189.5
Kymenlaakso,Waste treatment,2014,175.4
Kymenlaakso,Waste treatment,2015,170.1
Kymenlaakso,Waste treatment,2016,166.3
Kymenlaakso,Waste treatment,2017,158.4
Kymenlaakso,Waste treatment,2018,156.4
Kymenlaakso,Waste treatment,2019,150.6
Kymenlaakso,Waste treatment,2020,148.1
Kymenlaakso,Waste treatment,2021,144.7
Kymenlaakso,Waste treatment,2022,137.2
Kymenlaakso,Waste treatment,2023,133.7
Kymenlaakso,Waste treatment,2024,131.3
Kymenlaakso,F-gases,1990,2.0
Kymenlaakso,F-gases,2005,38.2
Kymenlaakso,F-gases,2006,43.2
Kymenlaakso,F-gases,2007,44.2
Kymenlaakso,F-gases,2008,45.2
Kymenlaakso,F-gases,2009,44.0
Kymenlaakso,F-gases,2010,43.5
Kymenlaakso,F-gases,2011,43.2
Kymenlaakso,F-gases,2012,43.5
Kymenlaakso,F-gases,2013,43.2
Kymenlaakso,F-gases,2014,42.1
Kymenlaakso,F-gases,2015,39.8
Kymenlaakso,F-gases,2016,41.5
Kymenlaakso,F-gases,2017,37.7
Kymenlaakso,F-gases,2018,36.2
Kymenlaakso,F-gases,2019,30.4
Kymenlaakso,F-gases,2020,28.7
Kymenlaakso,F-gases,2021,26.0
Kymenlaakso,F-gases,2022,24.2
Kymenlaakso,F-gases,2023,21.6
Kymenlaakso,F-gases,2024,19.2
Kymenlaakso,Emission credits,1990,0.0
Kymenlaakso,Emission credits,2005,0.0
Kymenlaakso,Emission credits,2006,0.0
Kymenlaakso,Emission credits,2007,0.0
Kymenlaakso,Emission credits,2008,0.0
Kymenlaakso,Emission credits,2009,0.0
Kymenlaakso,Emission credits,2010,0.0
Kymenlaakso,Emission credits,2011,0.0
Kymenlaakso,Emission credits,2012,0.0
Kymenlaakso,Emission credits,2013,0.0
Kymenlaakso,Emission credits,2014,0.0
Kymenlaakso,Emission credits,2015,0.0
Kymenlaakso,Emission credits,2016,0.0
Kymenlaakso,Emission credits,2017,0.0
Kymenlaakso,Emission credits,2018,0.0
Kymenlaakso,Emission credits,2019,0.0
Kymenlaakso,Emission credits,2020,0.0
Kymenlaakso,Emission credits,2021,0.0
Kymenlaakso,Emission credits,2022,0.0
Kymenlaakso,Emission credits,2023,0.0
Kymenlaakso,Emission credits,2024,0.0
Lapland,Electricity,1990,587.1
Lapland,Electricity,2005,808.6
Lapland,Electricity,2006,1462.3
Lapland,Electricity,2007,1280.2
Lapland,Electricity,2008,961.5
Lapland,Electricity,2009,858.1
Lapland,Electricity,2010,1277.5
Lapland,Electricity,2011,982.2
Lapland,Electricity,2012,728.3
Lapland,Electricity,2013,1010.5
Lapland,Electricity,2014,863.6
Lapland,Electricity,2015,703.3
Lapland,Electricity,2016,763.3
Lapland,Electricity,2017,642.3
Lapland,Electricity,2018,745.5
Lapland,Electricity,2019,639.6
Lapland,Electricity,2020,486.7
Lapland,Electricity,2021,520.7
Lapland,Electricity,2022,424.7
Lapland,Electricity,2023,272.6
Lapland,Electricity,2024,220.6
Lapland,Electric heating,1990,129.2
Lapland,Electric heating,2005,142.5
Lapland,Electric heating,2006,209.8
Lapland,Electric heating,2007,207.5
Lapland,Electric heating,2008,156.7
Lapland,Electric heating,2009,169.4
Lapland,Electric heating,2010,215.1
Lapland,Electric heating,2011,179.9
Lapland,Electric heating,2012,124.9
Lapland,Electric heating,2013,146.5
Lapland,Electric heating,2014,113.7
Lapland,Electric heating,2015,95.9
Lapland,Electric heating,2016,104.4
Lapland,Electric heating,2017,95.5
Lapland,Electric heating,2018,102.0
Lapland,Electric heating,2019,90.3
Lapland,Electric heating,2020,68.0
Lapland,Electric heating,2021,78.2
Lapland,Electric heating,2022,69.0
Lapland,Electric heating,2023,48.4
Lapland,Electric heating,2024,36.8
Lapland,District heating,1990,272.1
Lapland,District heating,2005,215.4
Lapland,District heating,2006,240.4
Lapland,District heating,2007,314.0
Lapland,District heating,2008,341.2
Lapland,District heating,2009,323.0
Lapland,District heating,2010,353.9
Lapland,District heating,2011,319.2
Lapland,District heating,2012,366.3
Lapland,District heating,2013,284.2
Lapland,District heating,2014,260.8
Lapland,District heating,2015,233.9
Lapland,District heating,2016,234.5
Lapland,District heating,2017,239.6
Lapland,District heating,2018,242.7
Lapland,District heating,2019,241.8
Lapland,District heating,2020,207.5
Lapland,District heating,2021,158.4
Lapland,District heating,2022,151.3
Lapland,District heating,2023,151.1
Lapland,District heating,2024,128.0
Lapland,Oil heating,1990,191.8
Lapland,Oil heating,2005,156.4
Lapland,Oil heating,2006,159.1
Lapland,Oil heating,2007,151.3
Lapland,Oil heating,2008,121.7
Lapland,Oil heating,2009,116.0
Lapland,Oil heating,2010,122.2
Lapland,Oil heating,2011,99.1
Lapland,Oil heating,2012,110.8
Lapland,Oil heating,2013,96.8
Lapland,Oil heating,2014,95.9
Lapland,Oil heating,2015,91.0
Lapland,Oil heating,2016,92.0
Lapland,Oil heating,2017,91.1
Lapland,Oil heating,2018,84.0
Lapland,Oil heating,2019,85.5
Lapland,Oil heating,2020,76.2
Lapland,Oil heating,2021,75.7
Lapland,Oil heating,2022,64.6
Lapland,Oil heating,2023,55.5
Lapland,Oil heating,2024,52.0
Lapland,Other heating,1990,69.5
Lapland,Other heating,2005,48.3
Lapland,Other heating,2006,47.8
Lapland,Other heating,2007,49.9
Lapland,Other heating,2008,53.6
Lapland,Other heating,2009,52.7
Lapland,Other heating,2010,55.9
Lapland,Other heating,2011,48.7
Lapland,Other heating,2012,54.5
Lapland,Other heating,2013,50.1
Lapland,Other heating,2014,49.8
Lapland,Other heating,2015,48.4
Lapland,Other heating,2016,48.2
Lapland,Other heating,2017,49.0
Lapland,Other heating,2018,46.4
Lapland,Other heating,2019,48.7
Lapland,Other heating,2020,45.0
Lapland,Other heating,2021,46.7
Lapland,Other heating,2022,43.9
Lapland,Other heating,2023,42.7
Lapland,Other heating,2024,36.8
Lapland,Industry,1990,602.6
Lapland,Industry,2005,927.9
Lapland,Industry,2006,1015.7
Lapland,Industry,2007,788.9
Lapland,Industry,2008,810.6
Lapland,Industry,2009,570.5
Lapland,Industry,2010,794.7
Lapland,Industry,2011,724.5
Lapland,Industry,2012,702.3
Lapland,Industry,2013,851.4
Lapland,Industry,2014,944.0
Lapland,Industry,2015,913.1
Lapland,Industry,2016,1004.8
Lapland,Industry,2017,1007.8
Lapland,Industry,2018,882.5
Lapland,Industry,2019,803.1
Lapland,Industry,2020,710.8
Lapland,Industry,2021,540.8
Lapland,Industry,2022,476.0
Lapland,Industry,2023,417.0
Lapland,Industry,2024,299.5
Lapland,Machinery,1990,159.3
Lapland,Machinery,2005,177.9
Lapland,Machinery,2006,152.3
Lapland,Machinery,2007,169.2
Lapland,Machinery,2008,168.2
Lapland,Machinery,2009,177.8
Lapland,Machinery,2010,185.2
Lapland,Machinery,2011,183.9
Lapland,Machinery,2012,157.6
Lapland,Machinery,2013,160.0
Lapland,Machinery,2014,171.1
Lapland,Machinery,2015,179.7
Lapland,Machinery,2016,184.0
Lapland,Machinery,2017,178.5
Lapland,Machinery,2018,174.0
Lapland,Machinery,2019,187.5
Lapland,Machinery,2020,193.7
Lapland,Machinery,2021,176.6
Lapland,Machinery,2022,178.0
Lapland,Machinery,2023,187.1
Lapland,Machinery,2024,175.7
Lapland,Road transport,1990,493.7
Lapland,Road transport,2005,507.3
Lapland,Road transport,2006,513.5
Lapland,Road transport,2007,530.6
Lapland,Road transport,2008,506.6
Lapland,Road transport,2009,478.4
Lapland,Road transport,2010,501.1
Lapland,Road transport,2011,493.8
Lapland,Road transport,2012,483.4
Lapland,Road transport,2013,474.1
Lapland,Road transport,2014,426.5
Lapland,Road transport,2015,428.5
Lapland,Road transport,2016,487.9
Lapland,Road transport,2017,467.4
Lapland,Road transport,2018,488.6
Lapland,Road transport,2019,477.8
Lapland,Road transport,2020,449.4
Lapland,Road transport,2021,432.8
Lapland,Road transport,2022,432.1
Lapland,Road transport,2023,418.2
Lapland,Road transport,2024,432.9
Lapland,Rail transport,1990,14.2
Lapland,Rail transport,2005,10.3
Lapland,Rail transport,2006,11.9
Lapland,Rail transport,2007,10.4
Lapland,Rail transport,2008,10.5
Lapland,Rail transport,2009,9.1
Lapland,Rail transport,2010,10.0
Lapland,Rail transport,2011,9.5
Lapland,Rail transport,2012,9.2
Lapland,Rail transport,2013,8.9
Lapland,Rail transport,2014,7.8
Lapland,Rail transport,2015,6.5
Lapland,Rail transport,2016,5.8
Lapland,Rail transport,2017,6.0
Lapland,Rail transport,2018,6.5
Lapland,Rail transport,2019,6.2
Lapland,Rail transport,2020,5.7
Lapland,Rail transport,2021,6.3
Lapland,Rail transport,2022,5.8
Lapland,Rail transport,2023,6.0
Lapland,Rail transport,2024,6.2
Lapland,Water transport,1990,18.3
Lapland,Water transport,2005,15.7
Lapland,Water transport,2006,17.1
Lapland,Water transport,2007,17.1
Lapland,Water transport,2008,15.6
Lapland,Water transport,2009,15.2
Lapland,Water transport,2010,15.4
Lapland,Water transport,2011,13.9
Lapland,Water transport,2012,16.3
Lapland,Water transport,2013,14.0
Lapland,Water transport,2014,13.9
Lapland,Water transport,2015,14.2
Lapland,Water transport,2016,13.8
Lapland,Water transport,2017,14.3
Lapland,Water transport,2018,14.5
Lapland,Water transport,2019,13.5
Lapland,Water transport,2020,13.4
Lapland,Water transport,2021,13.2
Lapland,Water transport,2022,11.8
Lapland,Water transport,2023,11.9
Lapland,Water transport,2024,10.5
Lapland,Agriculture,1990,412.0
Lapland,Agriculture,2005,334.6
Lapland,Agriculture,2006,332.2
Lapland,Agriculture,2007,327.9
Lapland,Agriculture,2008,329.9
Lapland,Agriculture,2009,326.5
Lapland,Agriculture,2010,332.7
Lapland,Agriculture,2011,328.5
Lapland,Agriculture,2012,323.1
Lapland,Agriculture,2013,327.0
Lapland,Agriculture,2014,325.6
Lapland,Agriculture,2015,328.0
Lapland,Agriculture,2016,329.4
Lapland,Agriculture,2017,326.6
Lapland,Agriculture,2018,325.5
Lapland,Agriculture,2019,321.3
Lapland,Agriculture,2020,323.9
Lapland,Agriculture,2021,315.6
Lapland,Agriculture,2022,304.5
Lapland,Agriculture,2023,300.8
Lapland,Agriculture,2024,304.4
Lapland,Waste treatment,1990,249.6
Lapland,Waste treatment,2005,177.1
Lapland,Waste treatment,2006,170.8
Lapland,Waste treatment,2007,163.2
Lapland,Waste treatment,2008,157.5
Lapland,Waste treatment,2009,155.5
Lapland,Waste treatment,2010,164.7
Lapland,Waste treatment,2011,158.9
Lapland,Waste treatment,2012,153.9
Lapland,Waste treatment,2013,157.0
Lapland,Waste treatment,2014,148.8
Lapland,Waste treatment,2015,146.3
Lapland,Waste treatment,2016,139.5
Lapland,Waste treatment,2017,127.9
Lapland,Waste treatment,2018,121.8
Lapland,Waste treatment,2019,119.8
Lapland,Waste treatment,2020,113.8
Lapland,Waste treatment,2021,109.6
Lapland,Waste treatment,2022,104.0
Lapland,Waste treatment,2023,99.8
Lapland,Waste treatment,2024,97.1
Lapland,F-gases,1990,2.2
Lapland,F-gases,2005,52.2
Lapland,F-gases,2006,58.1
Lapland,F-gases,2007,58.3
Lapland,F-gases,2008,56.9
Lapland,F-gases,2009,59.9
Lapland,F-gases,2010,57.7
Lapland,F-gases,2011,56.6
Lapland,F-gases,2012,56.6
Lapland,F-gases,2013,55.5
Lapland,F-gases,2014,54.2
Lapland,F-gases,2015,51.6
Lapland,F-gases,2016,48.4
Lapland,F-gases,2017,45.2
Lapland,F-gases,2018,43.4
Lapland,F-gases,2019,43.2
Lapland,F-gases,2020,39.7
Lapland,F-gases,2021,36.9
Lapland,F-gases,2022,33.1
Lapland,F-gases,2023,30.7
Lapland,F-gases,2024,26.4
Lapland,Emission credits,1990,0.0
Lapland,Emission credits,2005,0.0
Lapland,Emission credits,2006,0.0
Lapland,Emission credits,2007,0.0
Lapland,Emission credits,2008,0.0
Lapland,Emission credits,2009,0.0
Lapland,Emission credits,2010,0.0
Lapland,Emission credits,2011,0.0
Lapland,Emission credits,2012,0.0
Lapland,Emission credits,2013,0.0
Lapland,Emission credits,2014,0.0
Lapland,Emission credits,2015,0.0
Lapland,Emission credits,2016,0.0
Lapland,Emission credits,2017,0.0
Lapland,Emission credits,2018,0.0
Lapland,Emission credits,2019,0.0
Lapland,Emission credits,2020,0.0
Lapland,Emission credits,2021,0.0
Lapland,Emission credits,2022,0.0
Lapland,Emission credits,2023,0.0
Lapland,Emission credits,2024,0.0
North Karelia,Electricity,1990,203.5
North Karelia,Electricity,2005,293.9
North Karelia,Electricity,2006,525.4
North Karelia,Electricity,2007,463.2
North Karelia,Electricity,2008,339.0
North Karelia,Electricity,2009,316.8
North Karelia,Electricity,2010,504.1
North Karelia,Electricity,2011,399.1
North Karelia,Electricity,2012,269.6
North Karelia,Electricity,2013,396.8
North Karelia,Electricity,2014,323.9
North Karelia,Electricity,2015,261.9
North Karelia,Electricity,2016,268.9
North Karelia,Electricity,2017,241.7
North Karelia,Electricity,2018,260.3
North Karelia,Electricity,2019,214.2
North Karelia,Electricity,2020,164.7
North Karelia,Electricity,2021,185.3
North Karelia,Electricity,2022,156.0
North Karelia,Electricity,2023,99.6
North Karelia,Electricity,2024,84.0
North Karelia,Electric heating,1990,80.1
North Karelia,Electric heating,2005,82.9
North Karelia,Electric heating,2006,118.9
North Karelia,Electric heating,2007,119.4
North Karelia,Electric heating,2008,86.5
North Karelia,Electric heating,2009,100.7
North Karelia,Electric heating,2010,131.9
North Karelia,Electric heating,2011,109.7
North Karelia,Electric heating,2012,75.0
North Karelia,Electric heating,2013,85.7
North Karelia,Electric heating,2014,65.8
North Karelia,Electric heating,2015,55.9
North Karelia,Electric heating,2016,63.1
North Karelia,Electric heating,2017,53.0
North Karelia,Electric heating,2018,58.3
North Karelia,Electric heating,2019,48.1
North Karelia,Electric heating,2020,36.1
North Karelia,Electric heating,2021,45.1
North Karelia,Electric heating,2022,35.3
North Karelia,Electric heating,2023,25.0
North Karelia,Electric heating,2024,19.3
North Karelia,District heating,1990,211.9
North Karelia,District heating,2005,137.9
North Karelia,District heating,2006,158.6
North Karelia,District heating,2007,194.3
North Karelia,District heating,2008,170.5
North Karelia,District heating,2009,144.1
North Karelia,District heating,2010,157.1
North Karelia,District heating,2011,152.8
North Karelia,District heating,2012,142.1
North Karelia,District heating,2013,109.4
North Karelia,District heating,2014,114.2
North Karelia,District heating,2015,114.2
North Karelia,District heating,2016,139.9
North Karelia,District heating,2017,130.8
North Karelia,District heating,2018,126.6
North Karelia,District heating,2019,117.7
North Karelia,District heating,2020,102.3
North Karelia,District heating,2021,107.4
North Karelia,District heating,2022,81.0
North Karelia,District heating,2023,70.9
North Karelia,District heating,2024,50.8
North Karelia,Oil heating,1990,121.6
North Karelia,Oil heating,2005,95.8
North Karelia,Oil heating,2006,96.9
North Karelia,Oil heating,2007,92.3
North Karelia,Oil heating,2008,68.6
North Karelia,Oil heating,2009,69.4
North Karelia,Oil heating,2010,73.6
North Karelia,Oil heating,2011,59.9
North Karelia,Oil heating,2012,64.9
North Karelia,Oil heating,2013,55.2
North Karelia,Oil heating,2014,55.7
North Karelia,Oil heating,2015,50.6
North Karelia,Oil heating,2016,51.8
North Karelia,Oil heating,2017,48.9
North Karelia,Oil heating,2018,43.3
North Karelia,Oil heating,2019,40.6
North Karelia,Oil heating,2020,36.5
North Karelia,Oil heating,2021,37.8
North Karelia,Oil heating,2022,30.9
North Karelia,Oil heating,2023,24.8
North Karelia,Oil heating,2024,23.5
North Karelia,Other heating,1990,61.8
North Karelia,Other heating,2005,45.7
North Karelia,Other heating,2006,45.1
North Karelia,Other heating,2007,47.5
North Karelia,Other heating,2008,46.3
North Karelia,Other heating,2009,47.7
North Karelia,Other heating,2010,50.9
North Karelia,Other heating,2011,45.4
North Karelia,Other heating,2012,49.2
North Karelia,Other heating,2013,45.6
North Karelia,Other heating,2014,45.5
North Karelia,Other heating,2015,43.5
North Karelia,Other heating,2016,45.8
North Karelia,Other heating,2017,45.7
North Karelia,Other heating,2018,43.0
North Karelia,Other heating,2019,42.6
North Karelia,Other heating,2020,44.6
North Karelia,Other heating,2021,46.0
North Karelia,Other heating,2022,44.5
North Karelia,Other heating,2023,41.2
North Karelia,Other heating,2024,33.6
North Karelia,Industry,1990,241.6
North Karelia,Industry,2005,139.1
North Karelia,Industry,2006,164.4
North Karelia,Industry,2007,87.1
North Karelia,Industry,2008,87.3
North Karelia,Industry,2009,81.7
North Karelia,Industry,2010,84.2
North Karelia,Industry,2011,101.5
North Karelia,Industry,2012,73.1
North Karelia,Industry,2013,62.4
North Karelia,Industry,2014,86.8
North Karelia,Industry,2015,76.0
North Karelia,Industry,2016,78.0
North Karelia,Industry,2017,79.2
North Karelia,Industry,2018,78.5
North Karelia,Industry,2019,82.7
North Karelia,Industry,2020,80.5
North Karelia,Industry,2021,64.0
North Karelia,Industry,2022,77.2
North Karelia,Industry,2023,69.8
North Karelia,Industry,2024,93.1
North Karelia,Machinery,1990,120.5
North Karelia,Machinery,2005,123.6
North Karelia,Machinery,2006,125.3
North Karelia,Machinery,2007,121.8
North Karelia,Machinery,2008,123.8
North Karelia,Machinery,2009,110.2
North Karelia,Machinery,2010,120.2
North Karelia,Machinery,2011,112.3
North Karelia,Machinery,2012,121.1
North Karelia,Machinery,2013,126.5
North Karelia,Machinery,2014,124.0
North Karelia,Machinery,2015,124.0
North Karelia,Machinery,2016,117.6
North Karelia,Machinery,2017,123.2
North Karelia,Machinery,2018,131.6
North Karelia,Machinery,2019,123.0
North Karelia,Machinery,2020,122.6
North Karelia,Machinery,2021,110.1
North Karelia,Machinery,2022,116.8
North Karelia,Machinery,2023,113.3
North Karelia,Machinery,2024,109.2
North Karelia,Road transport,1990,398.8
North Karelia,Road transport,2005,414.6
North Karelia,Road transport,2006,417.0
North Karelia,Road transport,2007,427.0
North Karelia,Road transport,2008,405.8
North Karelia,Road transport,2009,389.0
North Karelia,Road transport,2010,403.3
North Karelia,Road transport,2011,395.7
North Karelia,Road transport,2012,387.7
North Karelia,Road transport,2013,381.2
North Karelia,Road transport,2014,345.2
North Karelia,Road transport,2015,349.2
North Karelia,Road transport,2016,394.5
North Karelia,Road transport,2017,367.9
North Karelia,Road transport,2018,373.8
North Karelia,Road transport,2019,357.0
North Karelia,Road transport,2020,341.2
North Karelia,Road transport,2021,324.8
North Karelia,Road transport,2022,312.8
North Karelia,Road transport,2023,295.7
North Karelia,Road transport,2024,301.8
North Karelia,Rail transport,1990,26.9
North Karelia,Rail transport,2005,18.4
North Karelia,Rail transport,2006,18.9
North Karelia,Rail transport,2007,15.4
North Karelia,Rail transport,2008,14.8
North Karelia,Rail transport,2009,11.6
North Karelia,Rail transport,2010,11.9
North Karelia,Rail transport,2011,11.0
North Karelia,Rail transport,2012,10.3
North Karelia,Rail transport,2013,10.0
North Karelia,Rail transport,2014,8.8
North Karelia,Rail transport,2015,7.2
North Karelia,Rail transport,2016,6.2
North Karelia,Rail transport,2017,6.0
North Karelia,Rail transport,2018,7.0
North Karelia,Rail transport,2019,6.9
North Karelia,Rail transport,2020,5.6
North Karelia,Rail transport,2021,6.5
North Karelia,Rail transport,2022,6.6
North Karelia,Rail transport,2023,5.8
North Karelia,Rail transport,2024,6.0
North Karelia,Water transport,1990,10.1
North Karelia,Water transport,2005,9.7
North Karelia,Water transport,2006,9.8
North Karelia,Water transport,2007,10.1
North Karelia,Water transport,2008,8.7
North Karelia,Water transport,2009,8.6
North Karelia,Water transport,2010,8.9
North Karelia,Water transport,2011,7.9
North Karelia,Water transport,2012,8.5
North Karelia,Water transport,2013,8.7
North Karelia,Water transport,2014,8.1
North Karelia,Water transport,2015,8.2
North Karelia,Water transport,2016,8.0
North Karelia,Water transport,2017,7.6
North Karelia,Water transport,2018,7.6
North Karelia,Water transport,2019,7.7
North Karelia,Water transport,2020,8.1
North Karelia,Water transport,2021,8.3
North Karelia,Water transport,2022,7.1
North Karelia,Water transport,2023,7.1
North Karelia,Water transport,2024,6.1
North Karelia,Agriculture,1990,438.2
North Karelia,Agriculture,2005,321.6
North Karelia,Agriculture,2006,315.1
North Karelia,Agriculture,2007,311.5
North Karelia,Agriculture,2008,313.3
North Karelia,Agriculture,2009,307.3
North Karelia,Agriculture,2010,315.8
North Karelia,Agriculture,2011,305.4
North Karelia,Agriculture,2012,300.1
North Karelia,Agriculture,2013,306.6
North Karelia,Agriculture,2014,306.4
North Karelia,Agriculture,2015,303.3
North Karelia,Agriculture,2016,304.5
North Karelia,Agriculture,2017,291.8
North Karelia,Agriculture,2018,295.6
North Karelia,Agriculture,2019,287.3
North Karelia,Agriculture,2020,282.1
North Karelia,Agriculture,2021,283.7
North Karelia,Agriculture,2022,267.4
North Karelia,Agriculture,2023,267.8
North Karelia,Agriculture,2024,271.7
North Karelia,Waste treatment,1990,163.0
North Karelia,Waste treatment,2005,99.5
North Karelia,Waste treatment,2006,98.1
North Karelia,Waste treatment,2007,94.9
North Karelia,Waste treatment,2008,90.3
North Karelia,Waste treatment,2009,88.6
North Karelia,Waste treatment,2010,96.1
North Karelia,Waste treatment,2011,95.7
North Karelia,Waste treatment,2012,100.4
North Karelia,Waste treatment,2013,94.5
North Karelia,Waste treatment,2014,88.9
North Karelia,Waste treatment,2015,86.5
North Karelia,Waste treatment,2016,80.6
North Karelia,Waste treatment,2017,72.0
North Karelia,Waste treatment,2018,70.9
North Karelia,Waste treatment,2019,68.5
North Karelia,Waste treatment,2020,66.0
North Karelia,Waste treatment,2021,62.8
North Karelia,Waste treatment,2022,60.0
North Karelia,Waste treatment,2023,56.9
North Karelia,Waste treatment,2024,55.3
North Karelia,F-gases,1990,2.0
North Karelia,F-gases,2005,42.3
North Karelia,F-gases,2006,47.1
North Karelia,F-gases,2007,48.1
North Karelia,F-gases,2008,49.3
North Karelia,F-gases,2009,48.7
North Karelia,F-gases,2010,47.9
North Karelia,F-gases,2011,47.0
North Karelia,F-gases,2012,46.5
North Karelia,F-gases,2013,45.1
North Karelia,F-gases,2014,44.5
North Karelia,F-gases,2015,42.0
North Karelia,F-gases,2016,38.3
North Karelia,F-gases,2017,36.3
North Karelia,F-gases,2018,33.7
North Karelia,F-gases,2019,33.1
North Karelia,F-gases,2020,30.9
North Karelia,F-gases,2021,28.4
North Karelia,F-gases,2022,25.5
North Karelia,F-gases,2023,23.5
North Karelia,F-gases,2024,20.4
North Karelia,Emission credits,1990,0.0
North Karelia,Emission credits,2005,0.0
North Karelia,Emission credits,2006,0.0
North Karelia,Emission credits,2007,0.0
North Karelia,Emission credits,2008,0.0
North Karelia,Emission credits,2009,0.0
North Karelia,Emission credits,2010,0.0
North Karelia,Emission credits,2011,0.0
North Karelia,Emission credits,2012,0.0
North Karelia,Emission credits,2013,0.0
North Karelia,Emission credits,2014,0.0
North Karelia,Emission credits,2015,0.0
North Karelia,Emission credits,2016,0.0
North Karelia,Emission credits,2017,0.0
North Karelia,Emission credits,2018,0.0
North Karelia,Emission credits,2019,0.0
North Karelia,Emission credits,2020,0.0
North Karelia,Emission credits,2021,0.0
North Karelia,Emission credits,2022,0.0
North Karelia,Emission credits,2023,0.0
North Karelia,Emission credits,2024,0.0
North Ostrobothnia,Electricity,1990,585.5
North Ostrobothnia,Electricity,2005,821.8
North Ostrobothnia,Electricity,2006,1469.7
North Ostrobothnia,Electricity,2007,1295.0
North Ostrobothnia,Electricity,2008,971.7
North Ostrobothnia,Electricity,2009,985.0
North Ostrobothnia,Electricity,2010,1298.6
North Ostrobothnia,Electricity,2011,997.2
North Ostrobothnia,Electricity,2012,710.7
North Ostrobothnia,Electricity,2013,845.8
North Ostrobothnia,Electricity,2014,707.3
North Ostrobothnia,Electricity,2015,544.5
North Ostrobothnia,Electricity,2016,593.4
North Ostrobothnia,Electricity,2017,524.1
North Ostrobothnia,Electricity,2018,589.2
North Ostrobothnia,Electricity,2019,457.1
North Ostrobothnia,Electricity,2020,343.1
North Ostrobothnia,Electricity,2021,389.2
North Ostrobothnia,Electricity,2022,354.6
North Ostrobothnia,Electricity,2023,224.9
North Ostrobothnia,Electricity,2024,176.5
North Ostrobothnia,Electric heating,1990,150.6
North Ostrobothnia,Electric heating,2005,190.2
North Ostrobothnia,Electric heating,2006,276.4
North Ostrobothnia,Electric heating,2007,273.7
North Ostrobothnia,Electric heating,2008,198.3
North Ostrobothnia,Electric heating,2009,217.7
North Ostrobothnia,Electric heating,2010,285.6
North Ostrobothnia,Electric heating,2011,220.9
North Ostrobothnia,Electric heating,2012,160.5
North Ostrobothnia,Electric heating,2013,186.6
North Ostrobothnia,Electric heating,2014,142.3
North Ostrobothnia,Electric heating,2015,120.8
North Ostrobothnia,Electric heating,2016,134.3
North Ostrobothnia,Electric heating,2017,117.6
North Ostrobothnia,Electric heating,2018,128.7
North Ostrobothnia,Electric heating,2019,111.8
North Ostrobothnia,Electric heating,2020,87.0
North Ostrobothnia,Electric heating,2021,99.8
North Ostrobothnia,Electric heating,2022,85.0
North Ostrobothnia,Electric heating,2023,58.6
North Ostrobothnia,Electric heating,2024,45.2
North Ostrobothnia,District heating,1990,463.5
North Ostrobothnia,District heating,2005,522.6
North Ostrobothnia,District heating,2006,590.3
North Ostrobothnia,District heating,2007,561.4
North Ostrobothnia,District heating,2008,525.6
North Ostrobothnia,District heating,2009,464.9
North Ostrobothnia,District heating,2010,595.3
North Ostrobothnia,District heating,2011,535.4
North Ostrobothnia,District heating,2012,549.8
North Ostrobothnia,District heating,2013,454.7
North Ostrobothnia,District heating,2014,461.5
North Ostrobothnia,District heating,2015,447.3
North Ostrobothnia,District heating,2016,452.2
North Ostrobothnia,District heating,2017,435.3
North Ostrobothnia,District heating,2018,436.5
North Ostrobothnia,District heating,2019,468.9
North Ostrobothnia,District heating,2020,403.3
North Ostrobothnia,District heating,2021,337.2
North Ostrobothnia,District heating,2022,260.1
North Ostrobothnia,District heating,2023,248.7
North Ostrobothnia,District heating,2024,187.9
North Ostrobothnia,Oil heating,1990,240.8
North Ostrobothnia,Oil heating,2005,199.1
North Ostrobothnia,Oil heating,2006,202.1
North Ostrobothnia,Oil heating,2007,193.6
North Ostrobothnia,Oil heating,2008,150.1
North Ostrobothnia,Oil heating,2009,148.2
North Ostrobothnia,Oil heating,2010,159.2
North Ostrobothnia,Oil heating,2011,125.4
North Ostrobothnia,Oil heating,2012,139.3
North Ostrobothnia,Oil heating,2013,118.8
North Ostrobothnia,Oil heating,2014,117.2
North Ostrobothnia,Oil heating,2015,106.8
North Ostrobothnia,Oil heating,2016,112.2
North Ostrobothnia,Oil heating,2017,110.1
North Ostrobothnia,Oil heating,2018,102.7
North Ostrobothnia,Oil heating,2019,101.3
North Ostrobothnia,Oil heating,2020,89.4
North Ostrobothnia,Oil heating,2021,86.4
North Ostrobothnia,Oil heating,2022,69.3
North Ostrobothnia,Oil heating,2023,55.0
North Ostrobothnia,Oil heating,2024,50.5
North Ostrobothnia,Other heating,1990,95.5
North Ostrobothnia,Other heating,2005,82.7
North Ostrobothnia,Other heating,2006,79.8
North Ostrobothnia,Other heating,2007,86.3
North Ostrobothnia,Other heating,2008,85.9
North Ostrobothnia,Other heating,2009,82.9
North Ostrobothnia,Other heating,2010,90.6
North Ostrobothnia,Other heating,2011,93.0
North Ostrobothnia,Other heating,2012,104.9
North Ostrobothnia,Other heating,2013,84.0
North Ostrobothnia,Other heating,2014,82.5
North Ostrobothnia,Other heating,2015,80.4
North Ostrobothnia,Other heating,2016,84.3
North Ostrobothnia,Other heating,2017,86.9
North Ostrobothnia,Other heating,2018,79.2
North Ostrobothnia,Other heating,2019,79.2
North Ostrobothnia,Other heating,2020,82.4
North Ostrobothnia,Other heating,2021,80.5
North Ostrobothnia,Other heating,2022,81.2
North Ostrobothnia,Other heating,2023,74.8
North Ostrobothnia,Other heating,2024,51.8
North Ostrobothnia,Industry,1990,1828.9
North Ostrobothnia,Industry,2005,3256.3
North Ostrobothnia,Industry,2006,3345.7
North Ostrobothnia,Industry,2007,3333.3
North Ostrobothnia,Industry,2008,2242.8
North Ostrobothnia,Industry,2009,2454.4
North Ostrobothnia,Industry,2010,2778.8
North Ostrobothnia,Industry,2011,2745.4
North Ostrobothnia,Industry,2012,2428.3
North Ostrobothnia,Industry,2013,2467.8
North Ostrobothnia,Industry,2014,2601.4
North Ostrobothnia,Industry,2015,2555.2
North Ostrobothnia,Industry,2016,2094.6
North Ostrobothnia,Industry,2017,2059.8
North Ostrobothnia,Industry,2018,1878.1
North Ostrobothnia,Industry,2019,1654.4
North Ostrobothnia,Industry,2020,1414.9
North Ostrobothnia,Industry,2021,1789.7
North Ostrobothnia,Industry,2022,1425.6
North Ostrobothnia,Industry,2023,1812.1
North Ostrobothnia,Industry,2024,1856.4
North Ostrobothnia,Machinery,1990,222.3
North Ostrobothnia,Machinery,2005,241.5
North Ostrobothnia,Machinery,2006,243.3
North Ostrobothnia,Machinery,2007,251.3
North Ostrobothnia,Machinery,2008,250.0
North Ostrobothnia,Machinery,2009,239.4
North Ostrobothnia,Machinery,2010,238.9
North Ostrobothnia,Machinery,2011,233.0
North Ostrobothnia,Machinery,2012,236.8
North Ostrobothnia,Machinery,2013,252.5
North Ostrobothnia,Machinery,2014,239.8
North Ostrobothnia,Machinery,2015,237.6
North Ostrobothnia,Machinery,2016,232.5
North Ostrobothnia,Machinery,2017,242.9
North Ostrobothnia,Machinery,2018,236.4
North Ostrobothnia,Machinery,2019,247.9
North Ostrobothnia,Machinery,2020,245.3
North Ostrobothnia,Machinery,2021,258.4
North Ostrobothnia,Machinery,2022,238.6
North Ostrobothnia,Machinery,2023,236.5
North Ostrobothnia,Machinery,2024,223.4
North Ostrobothnia,Road transport,1990,835.2
North Ostrobothnia,Road transport,2005,977.3
North Ostrobothnia,Road transport,2006,990.2
North Ostrobothnia,Road transport,2007,1023.5
North Ostrobothnia,Road transport,2008,977.8
North Ostrobothnia,Road transport,2009,933.1
North Ostrobothnia,Road transport,2010,976.1
North Ostrobothnia,Road transport,2011,960.7
North Ostrobothnia,Road transport,2012,943.9
North Ostrobothnia,Road transport,2013,927.1
North Ostrobothnia,Road transport,2014,840.3
North Ostrobothnia,Road transport,2015,846.8
North Ostrobothnia,Road transport,2016,959.3
North Ostrobothnia,Road transport,2017,904.2
North Ostrobothnia,Road transport,2018,922.0
North Ostrobothnia,Road transport,2019,886.6
North Ostrobothnia,Road transport,2020,842.8
North Ostrobothnia,Road transport,2021,811.8
North Ostrobothnia,Road transport,2022,794.9
North Ostrobothnia,Road transport,2023,764.0
North Ostrobothnia,Road transport,2024,785.6
North Ostrobothnia,Rail transport,1990,27.3
North Ostrobothnia,Rail transport,2005,22.2
North Ostrobothnia,Rail transport,2006,30.2
North Ostrobothnia,Rail transport,2007,28.1
North Ostrobothnia,Rail transport,2008,27.0
North Ostrobothnia,Rail transport,2009,24.9
North Ostrobothnia,Rail transport,2010,29.4
North Ostrobothnia,Rail transport,2011,27.6
North Ostrobothnia,Rail transport,2012,25.1
North Ostrobothnia,Rail transport,2013,25.7
North Ostrobothnia,Rail transport,2014,22.7
North Ostrobothnia,Rail transport,2015,17.3
North Ostrobothnia,Rail transport,2016,17.8
North Ostrobothnia,Rail transport,2017,17.8
North Ostrobothnia,Rail transport,2018,17.6
North Ostrobothnia,Rail transport,2019,14.5
North Ostrobothnia,Rail transport,2020,13.1
North Ostrobothnia,Rail transport,2021,14.1
North Ostrobothnia,Rail transport,2022,8.9
North Ostrobothnia,Rail transport,2023,7.8
North Ostrobothnia,Rail transport,2024,7.4
North Ostrobothnia,Water transport,1990,47.0
North Ostrobothnia,Water transport,2005,39.1
North Ostrobothnia,Water transport,2006,40.8
North Ostrobothnia,Water transport,2007,40.4
North Ostrobothnia,Water transport,2008,38.7
North Ostrobothnia,Water transport,2009,37.1
North Ostrobothnia,Water transport,2010,36.6
North Ostrobothnia,Water transport,2011,38.6
North Ostrobothnia,Water transport,2012,39.9
North Ostrobothnia,Water transport,2013,40.0
North Ostrobothnia,Water transport,2014,38.4
North Ostrobothnia,Water transport,2015,37.7
North Ostrobothnia,Water transport,2016,36.7
North Ostrobothnia,Water transport,2017,37.2
North Ostrobothnia,Water transport,2018,36.7
North Ostrobothnia,Water transport,2019,37.3
North Ostrobothnia,Water transport,2020,36.5
North Ostrobothnia,Water transport,2021,36.7
North Ostrobothnia,Water transport,2022,37.0
North Ostrobothnia,Water transport,2023,36.8
North Ostrobothnia,Water transport,2024,32.1
North Ostrobothnia,Agriculture,1990,1038.6
North Ostrobothnia,Agriculture,2005,941.3
North Ostrobothnia,Agriculture,2006,964.9
North Ostrobothnia,Agriculture,2007,956.1
North Ostrobothnia,Agriculture,2008,972.8
North Ostrobothnia,Agriculture,2009,964.1
North Ostrobothnia,Agriculture,2010,991.9
North Ostrobothnia,Agriculture,2011,980.4
North Ostrobothnia,Agriculture,2012,973.5
North Ostrobothnia,Agriculture,2013,1004.5
North Ostrobothnia,Agriculture,2014,1020.7
North Ostrobothnia,Agriculture,2015,1014.8
North Ostrobothnia,Agriculture,2016,1029.4
North Ostrobothnia,Agriculture,2017,1016.1
North Ostrobothnia,Agriculture,2018,1036.0
North Ostrobothnia,Agriculture,2019,1029.9
North Ostrobothnia,Agriculture,2020,1034.6
North Ostrobothnia,Agriculture,2021,1044.2
North Ostrobothnia,Agriculture,2022,1008.1
North Ostrobothnia,Agriculture,2023,1015.9
North Ostrobothnia,Agriculture,2024,1022.1
North Ostrobothnia,Waste treatment,1990,337.3
North Ostrobothnia,Waste treatment,2005,228.5
North Ostrobothnia,Waste treatment,2006,227.7
North Ostrobothnia,Waste treatment,2007,225.7
North Ostrobothnia,Waste treatment,2008,218.7
North Ostrobothnia,Waste treatment,2009,212.4
North Ostrobothnia,Waste treatment,2010,225.6
North Ostrobothnia,Waste treatment,2011,219.0
North Ostrobothnia,Waste treatment,2012,209.8
North Ostrobothnia,Waste treatment,2013,192.6
North Ostrobothnia,Waste treatment,2014,179.7
North Ostrobothnia,Waste treatment,2015,174.3
North Ostrobothnia,Waste treatment,2016,165.6
North Ostrobothnia,Waste treatment,2017,157.8
North Ostrobothnia,Waste treatment,2018,166.3
North Ostrobothnia,Waste treatment,2019,170.6
North Ostrobothnia,Waste treatment,2020,158.8
North Ostrobothnia,Waste treatment,2021,143.8
North Ostrobothnia,Waste treatment,2022,137.9
North Ostrobothnia,Waste treatment,2023,126.8
North Ostrobothnia,Waste treatment,2024,122.8
North Ostrobothnia,F-gases,1990,3.8
North Ostrobothnia,F-gases,2005,86.0
North Ostrobothnia,F-gases,2006,98.5
North Ostrobothnia,F-gases,2007,100.7
North Ostrobothnia,F-gases,2008,97.5
North Ostrobothnia,F-gases,2009,104.5
North Ostrobothnia,F-gases,2010,102.4
North Ostrobothnia,F-gases,2011,100.9
North Ostrobothnia,F-gases,2012,101.8
North Ostrobothnia,F-gases,2013,100.8
North Ostrobothnia,F-gases,2014,99.7
North Ostrobothnia,F-gases,2015,93.5
North Ostrobothnia,F-gases,2016,90.1
North Ostrobothnia,F-gases,2017,84.6
North Ostrobothnia,F-gases,2018,80.7
North Ostrobothnia,F-gases,2019,77.0
North Ostrobothnia,F-gases,2020,71.9
North Ostrobothnia,F-gases,2021,67.0
North Ostrobothnia,F-gases,2022,60.4
North Ostrobothnia,F-gases,2023,56.0
North Ostrobothnia,F-gases,2024,48.2
North Ostrobothnia,Emission credits,1990,0.0
North Ostrobothnia,Emission credits,2005,0.0
North Ostrobothnia,Emission credits,2006,0.0
North Ostrobothnia,Emission credits,2007,0.0
North Ostrobothnia,Emission credits,2008,0.0
North Ostrobothnia,Emission credits,2009,0.0
North Ostrobothnia,Emission credits,2010,0.0
North Ostrobothnia,Emission credits,2011,0.0
North Ostrobothnia,Emission credits,2012,0.0
North Ostrobothnia,Emission credits,2013,0.0
North Ostrobothnia,Emission credits,2014,0.0
North Ostrobothnia,Emission credits,2015,0.0
North Ostrobothnia,Emission credits,2016,0.0
North Ostrobothnia,Emission credits,2017,0.0
North Ostrobothnia,Emission credits,2018,0.0
North Ostrobothnia,Emission credits,2019,0.0
North Ostrobothnia,Emission credits,2020,0.0
North Ostrobothnia,Emission credits,2021,0.0
North Ostrobothnia,Emission credits,2022,0.0
North Ostrobothnia,Emission credits,2023,0.0
North Ostrobothnia,Emission credits,2024,0.0
North Savo,Electricity,1990,517.3
North Savo,Electricity,2005,554.9
North Savo,Electricity,2006,992.6
North Savo,Electricity,2007,874.4
North Savo,Electricity,2008,664.3
North Savo,Electricity,2009,652.4
North Savo,Electricity,2010,779.4
North Savo,Electricity,2011,522.7
North Savo,Electricity,2012,381.2
North Savo,Electricity,2013,450.9
North Savo,Electricity,2014,381.7
North Savo,Electricity,2015,307.8
North Savo,Electricity,2016,351.8
North Savo,Electricity,2017,316.9
North Savo,Electricity,2018,359.4
North Savo,Electricity,2019,284.8
North Savo,Electricity,2020,231.1
North Savo,Electricity,2021,244.2
North Savo,Electricity,2022,222.1
North Savo,Electricity,2023,143.6
North Savo,Electricity,2024,106.0
North Savo,Electric heating,1990,95.8
North Savo,Electric heating,2005,104.0
North Savo,Electric heating,2006,149.4
North Savo,Electric heating,2007,149.3
North Savo,Electric heating,2008,109.6
North Savo,Electric heating,2009,125.1
North Savo,Electric heating,2010,163.8
North Savo,Electric heating,2011,128.3
North Savo,Electric heating,2012,91.2
North Savo,Electric heating,2013,103.4
North Savo,Electric heating,2014,78.5
North Savo,Electric heating,2015,66.0
North Savo,Electric heating,2016,73.1
North Savo,Electric heating,2017,62.1
North Savo,Electric heating,2018,69.7
North Savo,Electric heating,2019,56.9
North Savo,Electric heating,2020,43.3
North Savo,Electric heating,2021,52.1
North Savo,Electric heating,2022,43.6
North Savo,Electric heating,2023,30.1
North Savo,Electric heating,2024,24.8
North Savo,District heating,1990,387.4
North Savo,District heating,2005,393.5
North Savo,District heating,2006,451.9
North Savo,District heating,2007,429.9
North Savo,District heating,2008,399.9
North Savo,District heating,2009,404.4
North Savo,District heating,2010,481.8
North Savo,District heating,2011,424.3
North Savo,District heating,2012,388.8
North Savo,District heating,2013,326.8
North Savo,District heating,2014,260.9
North Savo,District heating,2015,248.3
North Savo,District heating,2016,254.8
North Savo,District heating,2017,225.4
North Savo,District heating,2018,243.8
North Savo,District heating,2019,223.6
North Savo,District heating,2020,200.2
North Savo,District heating,2021,199.5
North Savo,District heating,2022,172.3
North Savo,District heating,2023,162.0
North Savo,District heating,2024,139.6
North Savo,Oil heating,1990,155.5
North Savo,Oil heating,2005,121.2
North Savo,Oil heating,2006,123.6
North Savo,Oil heating,2007,116.3
North Savo,Oil heating,2008,89.5
North Savo,Oil heating,2009,89.3
North Savo,Oil heating,2010,95.9
North Savo,Oil heating,2011,76.3
North Savo,Oil heating,2012,83.5
North Savo,Oil heating,2013,71.3
North Savo,Oil heating,2014,71.6
North Savo,Oil heating,2015,65.3
North Savo,Oil heating,2016,69.2
North Savo,Oil heating,2017,65.2
North Savo,Oil heating,2018,62.1
North Savo,Oil heating,2019,57.7
North Savo,Oil heating,2020,51.4
North Savo,Oil heating,2021,51.8
North Savo,Oil heating,2022,43.1
North Savo,Oil heating,2023,35.8
North Savo,Oil heating,2024,33.6
North Savo,Other heating,1990,67.7
North Savo,Other heating,2005,64.8
North Savo,Other heating,2006,62.8
North Savo,Other heating,2007,63.0
North Savo,Other heating,2008,73.1
North Savo,Other heating,2009,74.4
North Savo,Other heating,2010,78.4
North Savo,Other heating,2011,72.1
North Savo,Other heating,2012,76.7
North Savo,Other heating,2013,60.4
North Savo,Other heating,2014,59.5
North Savo,Other heating,2015,57.7
North Savo,Other heating,2016,61.3
North Savo,Other heating,2017,61.6
North Savo,Other heating,2018,57.4
North Savo,Other heating,2019,57.3
North Savo,Other heating,2020,58.3
North Savo,Other heating,2021,58.8
North Savo,Other heating,2022,58.1
North Savo,Other heating,2023,54.1
North Savo,Other heating,2024,40.7
North Savo,Industry,1990,279.2
North Savo,Industry,2005,226.4
North Savo,Industry,2006,241.4
North Savo,Industry,2007,219.0
North Savo,Industry,2008,188.8
North Savo,Industry,2009,142.3
North Savo,Industry,2010,158.0
North Savo,Industry,2011,128.3
North Savo,Industry,2012,136.6
North Savo,Industry,2013,125.9
North Savo,Industry,2014,115.5
North Savo,Industry,2015,125.3
North Savo,Industry,2016,140.0
North Savo,Industry,2017,134.2
North Savo,Industry,2018,114.2
North Savo,Industry,2019,110.2
North Savo,Industry,2020,101.3
North Savo,Industry,2021,137.4
North Savo,Industry,2022,105.0
North Savo,Industry,2023,112.4
North Savo,Industry,2024,113.0
North Savo,Machinery,1990,162.8
North Savo,Machinery,2005,171.5
North Savo,Machinery,2006,205.8
North Savo,Machinery,2007,205.0
North Savo,Machinery,2008,210.5
North Savo,Machinery,2009,192.2
North Savo,Machinery,2010,188.1
North Savo,Machinery,2011,171.4
North Savo,Machinery,2012,178.9
North Savo,Machinery,2013,190.1
North Savo,Machinery,2014,187.0
North Savo,Machinery,2015,196.4
North Savo,Machinery,2016,179.4
North Savo,Machinery,2017,180.3
North Savo,Machinery,2018,179.6
North Savo,Machinery,2019,173.8
North Savo,Machinery,2020,190.0
North Savo,Machinery,2021,175.2
North Savo,Machinery,2022,175.0
North Savo,Machinery,2023,169.2
North Savo,Machinery,2024,170.4
North Savo,Road transport,1990,584.9
North Savo,Road transport,2005,597.6
North Savo,Road transport,2006,604.6
North Savo,Road transport,2007,623.7
North Savo,Road transport,2008,594.3
North Savo,Road transport,2009,568.3
North Savo,Road transport,2010,592.6
North Savo,Road transport,2011,583.5
North Savo,Road transport,2012,572.6
North Savo,Road transport,2013,564.2
North Savo,Road transport,2014,511.6
North Savo,Road transport,2015,511.9
North Savo,Road transport,2016,570.1
North Savo,Road transport,2017,542.7
North Savo,Road transport,2018,551.4
North Savo,Road transport,2019,530.0
North Savo,Road transport,2020,504.6
North Savo,Road transport,2021,482.3
North Savo,Road transport,2022,470.1
North Savo,Road transport,2023,450.1
North Savo,Road transport,2024,461.6
North Savo,Rail transport,1990,17.1
North Savo,Rail transport,2005,12.8
North Savo,Rail transport,2006,15.3
North Savo,Rail transport,2007,13.7
North Savo,Rail transport,2008,12.9
North Savo,Rail transport,2009,11.3
North Savo,Rail transport,2010,12.7
North Savo,Rail transport,2011,11.8
North Savo,Rail transport,2012,10.7
North Savo,Rail transport,2013,10.3
North Savo,Rail transport,2014,8.6
North Savo,Rail transport,2015,6.3
North Savo,Rail transport,2016,5.6
North Savo,Rail transport,2017,5.1
North Savo,Rail transport,2018,6.7
North Savo,Rail transport,2019,6.4
North Savo,Rail transport,2020,5.8
North Savo,Rail transport,2021,6.2
North Savo,Rail transport,2022,6.3
North Savo,Rail transport,2023,5.9
North Savo,Rail transport,2024,5.7
North Savo,Water transport,1990,16.6
North Savo,Water transport,2005,17.0
North Savo,Water transport,2006,16.8
North Savo,Water transport,2007,17.3
North Savo,Water transport,2008,15.2
North Savo,Water transport,2009,14.9
North Savo,Water transport,2010,15.4
North Savo,Water transport,2011,13.7
North Savo,Water transport,2012,14.7
North Savo,Water transport,2013,15.4
North Savo,Water transport,2014,14.3
North Savo,Water transport,2015,14.5
North Savo,Water transport,2016,14.1
North Savo,Water transport,2017,13.9
North Savo,Water transport,2018,13.7
North Savo,Water transport,2019,13.9
North Savo,Water transport,2020,13.9
North Savo,Water transport,2021,13.9
North Savo,Water transport,2022,12.4
North Savo,Water transport,2023,12.3
North Savo,Water transport,2024,9.8
North Savo,Agriculture,1990,669.7
North Savo,Agriculture,2005,570.5
North Savo,Agriculture,2006,576.7
North Savo,Agriculture,2007,574.0
North Savo,Agriculture,2008,584.4
North Savo,Agriculture,2009,580.9
North Savo,Agriculture,2010,605.9
North Savo,Agriculture,2011,592.7
North Savo,Agriculture,2012,585.4
North Savo,Agriculture,2013,600.7
North Savo,Agriculture,2014,609.9
North Savo,Agriculture,2015,605.4
North Savo,Agriculture,2016,615.5
North Savo,Agriculture,2017,600.3
North Savo,Agriculture,2018,616.2
North Savo,Agriculture,2019,601.3
North Savo,Agriculture,2020,602.0
North Savo,Agriculture,2021,608.5
North Savo,Agriculture,2022,578.8
North Savo,Agriculture,2023,577.7
North Savo,Agriculture,2024,587.9
North Savo,Waste treatment,1990,235.2
North Savo,Waste treatment,2005,156.6
North Savo,Waste treatment,2006,162.8
North Savo,Waste treatment,2007,157.7
North Savo,Waste treatment,2008,159.5
North Savo,Waste treatment,2009,154.3
North Savo,Waste treatment,2010,157.6
North Savo,Waste treatment,2011,153.5
North Savo,Waste treatment,2012,143.8
North Savo,Waste treatment,2013,128.6
North Savo,Waste treatment,2014,113.1
North Savo,Waste treatment,2015,108.9
North Savo,Waste treatment,2016,102.1
North Savo,Waste treatment,2017,93.7
North Savo,Waste treatment,2018,98.7
North Savo,Waste treatment,2019,96.4
North Savo,Waste treatment,2020,94.7
North Savo,Waste treatment,2021,95.8
North Savo,Waste treatment,2022,91.6
North Savo,Waste treatment,2023,91.4
North Savo,Waste treatment,2024,90.7
North Savo,F-gases,1990,2.9
North Savo,F-gases,2005,58.7
North Savo,F-gases,2006,66.2
North Savo,F-gases,2007,67.4
North Savo,F-gases,2008,69.7
North Savo,F-gases,2009,68.1
North Savo,F-gases,2010,65.6
North Savo,F-gases,2011,63.6
North Savo,F-gases,2012,64.3
North Savo,F-gases,2013,64.7
North Savo,F-gases,2014,62.8
North Savo,F-gases,2015,60.0
North Savo,F-gases,2016,53.0
North Savo,F-gases,2017,48.8
North Savo,F-gases,2018,46.7
North Savo,F-gases,2019,46.1
North Savo,F-gases,2020,43.3
North Savo,F-gases,2021,40.1
North Savo,F-gases,2022,36.0
North Savo,F-gases,2023,33.5
North Savo,F-gases,2024,29.3
North Savo,Emission credits,1990,0.0
North Savo,Emission credits,2005,0.0
North Savo,Emission credits,2006,0.0
North Savo,Emission credits,2007,0.0
North Savo,Emission credits,2008,0.0
North Savo,Emission credits,2009,0.0
North Savo,Emission credits,2010,0.0
North Savo,Emission credits,2011,0.0
North Savo,Emission credits,2012,0.0
North Savo,Emission credits,2013,0.0
North Savo,Emission credits,2014,0.0
North Savo,Emission credits,2015,0.0
North Savo,Emission credits,2016,0.0
North Savo,Emission credits,2017,0.0
North Savo,Emission credits,2018,0.0
North Savo,Emission credits,2019,0.0
North Savo,Emission credits,2020,0.0
North Savo,Emission credits,2021,0.0
North Savo,Emission credits,2022,0.0
North Savo,Emission credits,2023,0.0
North Savo,Emission credits,2024,0.0
Ostrobothnia,Electricity,1990,305.1
Ostrobothnia,Electricity,2005,492.2
Ostrobothnia,Electricity,2006,884.0
Ostrobothnia,Electricity,2007,774.9
Ostrobothnia,Electricity,2008,611.1
Ostrobothnia,Electricity,2009,547.2
Ostrobothnia,Electricity,2010,731.3
Ostrobothnia,Electricity,2011,552.6
Ostrobothnia,Electricity,2012,402.9
Ostrobothnia,Electricity,2013,481.0
Ostrobothnia,Electricity,2014,401.7
Ostrobothnia,Electricity,2015,302.2
Ostrobothnia,Electricity,2016,330.9
Ostrobothnia,Electricity,2017,295.5
Ostrobothnia,Electricity,2018,329.3
Ostrobothnia,Electricity,2019,266.9
Ostrobothnia,Electricity,2020,208.8
Ostrobothnia,Electricity,2021,229.6
Ostrobothnia,Electricity,2022,200.2
Ostrobothnia,Electricity,2023,132.3
Ostrobothnia,Electricity,2024,107.8
Ostrobothnia,Electric heating,1990,51.5
Ostrobothnia,Electric heating,2005,64.8
Ostrobothnia,Electric heating,2006,90.8
Ostrobothnia,Electric heating,2007,93.7
Ostrobothnia,Electric heating,2008,69.4
Ostrobothnia,Electric heating,2009,77.8
Ostrobothnia,Electric heating,2010,107.7
Ostrobothnia,Electric heating,2011,83.0
Ostrobothnia,Electric heating,2012,61.0
Ostrobothnia,Electric heating,2013,70.0
Ostrobothnia,Electric heating,2014,54.4
Ostrobothnia,Electric heating,2015,46.7
Ostrobothnia,Electric heating,2016,54.2
Ostrobothnia,Electric heating,2017,46.3
Ostrobothnia,Electric heating,2018,51.7
Ostrobothnia,Electric heating,2019,43.5
Ostrobothnia,Electric heating,2020,33.0
Ostrobothnia,Electric heating,2021,39.5
Ostrobothnia,Electric heating,2022,32.7
Ostrobothnia,Electric heating,2023,23.2
Ostrobothnia,Electric heating,2024,18.9
Ostrobothnia,District heating,1990,173.4
Ostrobothnia,District heating,2005,221.5
Ostrobothnia,District heating,2006,206.5
Ostrobothnia,District heating,2007,236.7
Ostrobothnia,District heating,2008,221.1
Ostrobothnia,District heating,2009,236.6
Ostrobothnia,District heating,2010,253.4
Ostrobothnia,District heating,2011,218.1
Ostrobothnia,District heating,2012,236.9
Ostrobothnia,District heating,2013,179.3
Ostrobothnia,District heating,2014,170.4
Ostrobothnia,District heating,2015,120.4
Ostrobothnia,District heating,2016,131.2
Ostrobothnia,District heating,2017,99.5
Ostrobothnia,District heating,2018,128.6
Ostrobothnia,District heating,2019,127.0
Ostrobothnia,District heating,2020,97.0
Ostrobothnia,District heating,2021,121.9
Ostrobothnia,District heating,2022,123.9
Ostrobothnia,District heating,2023,81.5
Ostrobothnia,District heating,2024,81.1
Ostrobothnia,Oil heating,1990,252.4
Ostrobothnia,Oil heating,2005,172.0
Ostrobothnia,Oil heating,2006,166.9
Ostrobothnia,Oil heating,2007,161.4
Ostrobothnia,Oil heating,2008,126.8
Ostrobothnia,Oil heating,2009,126.9
Ostrobothnia,Oil heating,2010,144.8
Ostrobothnia,Oil heating,2011,106.5
Ostrobothnia,Oil heating,2012,118.6
Ostrobothnia,Oil heating,2013,98.1
Ostrobothnia,Oil heating,2014,95.9
Ostrobothnia,Oil heating,2015,86.5
Ostrobothnia,Oil heating,2016,92.1
Ostrobothnia,Oil heating,2017,88.6
Ostrobothnia,Oil heating,2018,84.2
Ostrobothnia,Oil heating,2019,83.1
Ostrobothnia,Oil heating,2020,72.8
Ostrobothnia,Oil heating,2021,73.6
Ostrobothnia,Oil heating,2022,61.5
Ostrobothnia,Oil heating,2023,50.2
Ostrobothnia,Oil heating,2024,44.5
Ostrobothnia,Other heating,1990,230.7
Ostrobothnia,Other heating,2005,156.1
Ostrobothnia,Other heating,2006,142.7
Ostrobothnia,Other heating,2007,148.8
Ostrobothnia,Other heating,2008,124.3
Ostrobothnia,Other heating,2009,135.7
Ostrobothnia,Other heating,2010,148.1
Ostrobothnia,Other heating,2011,127.9
Ostrobothnia,Other heating,2012,119.5
Ostrobothnia,Other heating,2013,119.7
Ostrobothnia,Other heating,2014,109.3
Ostrobothnia,Other heating,2015,114.7
Ostrobothnia,Other heating,2016,126.1
Ostrobothnia,Other heating,2017,126.7
Ostrobothnia,Other heating,2018,125.4
Ostrobothnia,Other heating,2019,129.4
Ostrobothnia,Other heating,2020,92.3
Ostrobothnia,Other heating,2021,98.0
Ostrobothnia,Other heating,2022,97.4
Ostrobothnia,Other heating,2023,95.8
Ostrobothnia,Other heating,2024,90.0
Ostrobothnia,Industry,1990,307.5
Ostrobothnia,Industry,2005,224.1
Ostrobothnia,Industry,2006,190.0
Ostrobothnia,Industry,2007,245.7
Ostrobothnia,Industry,2008,205.2
Ostrobothnia,Industry,2009,137.8
Ostrobothnia,Industry,2010,109.5
Ostrobothnia,Industry,2011,111.3
Ostrobothnia,Industry,2012,105.4
Ostrobothnia,Industry,2013,98.2
Ostrobothnia,Industry,2014,83.1
Ostrobothnia,Industry,2015,77.7
Ostrobothnia,Industry,2016,77.4
Ostrobothnia,Industry,2017,78.7
Ostrobothnia,Industry,2018,101.4
Ostrobothnia,Industry,2019,71.9
Ostrobothnia,Industry,2020,72.3
Ostrobothnia,Industry,2021,54.5
Ostrobothnia,Industry,2022,52.7
Ostrobothnia,Industry,2023,63.9
Ostrobothnia,Industry,2024,71.7
Ostrobothnia,Machinery,1990,97.4
Ostrobothnia,Machinery,2005,101.3
Ostrobothnia,Machinery,2006,97.7
Ostrobothnia,Machinery,2007,103.4
Ostrobothnia,Machinery,2008,109.0
Ostrobothnia,Machinery,2009,98.2
Ostrobothnia,Machinery,2010,100.3
Ostrobothnia,Machinery,2011,93.4
Ostrobothnia,Machinery,2012,96.7
Ostrobothnia,Machinery,2013,100.7
Ostrobothnia,Machinery,2014,103.4
Ostrobothnia,Machinery,2015,99.9
Ostrobothnia,Machinery,2016,89.8
Ostrobothnia,Machinery,2017,99.6
Ostrobothnia,Machinery,2018,95.0
Ostrobothnia,Machinery,2019,100.4
Ostrobothnia,Machinery,2020,101.8
Ostrobothnia,Machinery,2021,105.1
Ostrobothnia,Machinery,2022,93.6
Ostrobothnia,Machinery,2023,89.3
Ostrobothnia,Machinery,2024,86.6
Ostrobothnia,Road transport,1990,418.8
Ostrobothnia,Road transport,2005,402.7
Ostrobothnia,Road transport,2006,406.7
Ostrobothnia,Road transport,2007,419.7
Ostrobothnia,Road transport,2008,400.1
Ostrobothnia,Road transport,2009,384.1
Ostrobothnia,Road transport,2010,398.1
Ostrobothnia,Road transport,2011,392.2
Ostrobothnia,Road transport,2012,384.1
Ostrobothnia,Road transport,2013,379.4
Ostrobothnia,Road transport,2014,345.6
Ostrobothnia,Road transport,2015,344.4
Ostrobothnia,Road transport,2016,381.5
Ostrobothnia,Road transport,2017,363.5
Ostrobothnia,Road transport,2018,367.7
Ostrobothnia,Road transport,2019,356.2
Ostrobothnia,Road transport,2020,337.4
Ostrobothnia,Road transport,2021,325.2
Ostrobothnia,Road transport,2022,318.5
Ostrobothnia,Road transport,2023,311.6
Ostrobothnia,Road transport,2024,320.1
Ostrobothnia,Rail transport,1990,7.1
Ostrobothnia,Rail transport,2005,5.2
Ostrobothnia,Rail transport,2006,5.8
Ostrobothnia,Rail transport,2007,5.0
Ostrobothnia,Rail transport,2008,4.6
Ostrobothnia,Rail transport,2009,3.8
Ostrobothnia,Rail transport,2010,4.1
Ostrobothnia,Rail transport,2011,3.7
Ostrobothnia,Rail transport,2012,2.1
Ostrobothnia,Rail transport,2013,2.2
Ostrobothnia,Rail transport,2014,1.9
Ostrobothnia,Rail transport,2015,1.4
Ostrobothnia,Rail transport,2016,1.4
Ostrobothnia,Rail transport,2017,1.3
Ostrobothnia,Rail transport,2018,1.3
Ostrobothnia,Rail transport,2019,1.2
Ostrobothnia,Rail transport,2020,1.1
Ostrobothnia,Rail transport,2021,1.2
Ostrobothnia,Rail transport,2022,1.0
Ostrobothnia,Rail transport,2023,1.0
Ostrobothnia,Rail transport,2024,0.9
Ostrobothnia,Water transport,1990,56.5
Ostrobothnia,Water transport,2005,46.7
Ostrobothnia,Water transport,2006,52.6
Ostrobothnia,Water transport,2007,52.1
Ostrobothnia,Water transport,2008,48.1
Ostrobothnia,Water transport,2009,48.5
Ostrobothnia,Water transport,2010,46.4
Ostrobothnia,Water transport,2011,44.5
Ostrobothnia,Water transport,2012,44.2
Ostrobothnia,Water transport,2013,45.0
Ostrobothnia,Water transport,2014,42.8
Ostrobothnia,Water transport,2015,41.1
Ostrobothnia,Water transport,2016,39.5
Ostrobothnia,Water transport,2017,38.9
Ostrobothnia,Water transport,2018,40.0
Ostrobothnia,Water transport,2019,42.1
Ostrobothnia,Water transport,2020,42.6
Ostrobothnia,Water transport,2021,42.6
Ostrobothnia,Water transport,2022,40.5
Ostrobothnia,Water transport,2023,40.3
Ostrobothnia,Water transport,2024,36.4
Ostrobothnia,Agriculture,1990,395.7
Ostrobothnia,Agriculture,2005,380.3
Ostrobothnia,Agriculture,2006,387.0
Ostrobothnia,Agriculture,2007,383.4
Ostrobothnia,Agriculture,2008,384.8
Ostrobothnia,Agriculture,2009,381.1
Ostrobothnia,Agriculture,2010,396.2
Ostrobothnia,Agriculture,2011,384.5
Ostrobothnia,Agriculture,2012,384.5
Ostrobothnia,Agriculture,2013,398.4
Ostrobothnia,Agriculture,2014,407.2
Ostrobothnia,Agriculture,2015,407.4
Ostrobothnia,Agriculture,2016,399.0
Ostrobothnia,Agriculture,2017,394.5
Ostrobothnia,Agriculture,2018,389.5
Ostrobothnia,Agriculture,2019,381.2
Ostrobothnia,Agriculture,2020,367.8
Ostrobothnia,Agriculture,2021,376.7
Ostrobothnia,Agriculture,2022,350.2
Ostrobothnia,Agriculture,2023,353.5
Ostrobothnia,Agriculture,2024,362.8
Ostrobothnia,Waste treatment,1990,177.0
Ostrobothnia,Waste treatment,2005,105.2
Ostrobothnia,Waste treatment,2006,107.0
Ostrobothnia,Waste treatment,2007,103.0
Ostrobothnia,Waste treatment,2008,100.1
Ostrobothnia,Waste treatment,2009,94.0
Ostrobothnia,Waste treatment,2010,92.8
Ostrobothnia,Waste treatment,2011,93.1
Ostrobothnia,Waste treatment,2012,87.3
Ostrobothnia,Waste treatment,2013,82.3
Ostrobothnia,Waste treatment,2014,79.1
Ostrobothnia,Waste treatment,2015,77.3
Ostrobothnia,Waste treatment,2016,72.9
Ostrobothnia,Waste treatment,2017,70.4
Ostrobothnia,Waste treatment,2018,68.6
Ostrobothnia,Waste treatment,2019,67.4
Ostrobothnia,Waste treatment,2020,64.5
Ostrobothnia,Waste treatment,2021,61.8
Ostrobothnia,Waste treatment,2022,59.4
Ostrobothnia,Waste treatment,2023,56.7
Ostrobothnia,Waste treatment,2024,55.7
Ostrobothnia,F-gases,1990,1.8
Ostrobothnia,F-gases,2005,40.7
Ostrobothnia,F-gases,2006,46.3
Ostrobothnia,F-gases,2007,48.5
Ostrobothnia,F-gases,2008,49.8
Ostrobothnia,F-gases,2009,49.1
Ostrobothnia,F-gases,2010,48.9
Ostrobothnia,F-gases,2011,48.4
Ostrobothnia,F-gases,2012,48.6
Ostrobothnia,F-gases,2013,49.0
Ostrobothnia,F-gases,2014,48.0
Ostrobothnia,F-gases,2015,45.6
Ostrobothnia,F-gases,2016,44.4
Ostrobothnia,F-gases,2017,41.8
Ostrobothnia,F-gases,2018,38.9
Ostrobothnia,F-gases,2019,37.3
Ostrobothnia,F-gases,2020,35.1
Ostrobothnia,F-gases,2021,32.1
Ostrobothnia,F-gases,2022,29.2
Ostrobothnia,F-gases,2023,26.6
Ostrobothnia,F-gases,2024,23.5
Ostrobothnia,Emission credits,1990,0.0
Ostrobothnia,Emission credits,2005,0.0
Ostrobothnia,Emission credits,2006,0.0
Ostrobothnia,Emission credits,2007,0.0
Ostrobothnia,Emission credits,2008,0.0
Ostrobothnia,Emission credits,2009,0.0
Ostrobothnia,Emission credits,2010,0.0
Ostrobothnia,Emission credits,2011,0.0
Ostrobothnia,Emission credits,2012,0.0
Ostrobothnia,Emission credits,2013,0.0
Ostrobothnia,Emission credits,2014,0.0
Ostrobothnia,Emission credits,2015,0.0
Ostrobothnia,Emission credits,2016,0.0
Ostrobothnia,Emission credits,2017,0.0
Ostrobothnia,Emission credits,2018,0.0
Ostrobothnia,Emission credits,2019,0.0
Ostrobothnia,Emission credits,2020,0.0
Ostrobothnia,Emission credits,2021,0.0
Ostrobothnia,Emission credits,2022,0.0
Ostrobothnia,Emission credits,2023,0.0
Ostrobothnia,Emission credits,2024,0.0
Pirkanmaa,Electricity,1990,774.1
Pirkanmaa,Electricity,2005,871.0
Pirkanmaa,Electricity,2006,1556.4
Pirkanmaa,Electricity,2007,1370.6
Pirkanmaa,Electricity,2008,1031.9
Pirkanmaa,Electricity,2009,924.4
Pirkanmaa,Electricity,2010,1279.9
Pirkanmaa,Electricity,2011,976.4
Pirkanmaa,Electricity,2012,695.2
Pirkanmaa,Electricity,2013,837.1
Pirkanmaa,Electricity,2014,711.8
Pirkanmaa,Electricity,2015,553.0
Pirkanmaa,Electricity,2016,588.1
Pirkanmaa,Electricity,2017,502.8
Pirkanmaa,Electricity,2018,572.3
Pirkanmaa,Electricity,2019,458.7
Pirkanmaa,Electricity,2020,355.3
Pirkanmaa,Electricity,2021,397.3
Pirkanmaa,Electricity,2022,359.2
Pirkanmaa,Electricity,2023,240.2
Pirkanmaa,Electricity,2024,197.2
Pirkanmaa,Electric heating,1990,133.3
Pirkanmaa,Electric heating,2005,165.0
Pirkanmaa,Electric heating,2006,233.3
Pirkanmaa,Electric heating,2007,236.6
Pirkanmaa,Electric heating,2008,163.5
Pirkanmaa,Electric heating,2009,194.1
Pirkanmaa,Electric heating,2010,263.6
Pirkanmaa,Electric heating,2011,206.1
Pirkanmaa,Electric heating,2012,152.4
Pirkanmaa,Electric heating,2013,178.0
Pirkanmaa,Electric heating,2014,138.3
Pirkanmaa,Electric heating,2015,115.9
Pirkanmaa,Electric heating,2016,134.1
Pirkanmaa,Electric heating,2017,114.1
Pirkanmaa,Electric heating,2018,128.9
Pirkanmaa,Electric heating,2019,105.2
Pirkanmaa,Electric heating,2020,80.1
Pirkanmaa,Electric heating,2021,99.7
Pirkanmaa,Electric heating,2022,84.5
Pirkanmaa,Electric heating,2023,59.6
Pirkanmaa,Electric heating,2024,45.7
Pirkanmaa,District heating,1990,521.2
Pirkanmaa,District heating,2005,485.3
Pirkanmaa,District heating,2006,488.4
Pirkanmaa,District heating,2007,543.7
Pirkanmaa,District heating,2008,511.9
Pirkanmaa,District heating,2009,562.5
Pirkanmaa,District heating,2010,614.6
Pirkanmaa,District heating,2011,542.6
Pirkanmaa,District heating,2012,626.3
Pirkanmaa,District heating,2013,482.0
Pirkanmaa,District heating,2014,505.7
Pirkanmaa,District heating,2015,416.2
Pirkanmaa,District heating,2016,462.8
Pirkanmaa,District heating,2017,401.2
Pirkanmaa,District heating,2018,420.3
Pirkanmaa,District heating,2019,403.7
Pirkanmaa,District heating,2020,381.0
Pirkanmaa,District heating,2021,417.4
Pirkanmaa,District heating,2022,376.5
Pirkanmaa,District heating,2023,289.8
Pirkanmaa,District heating,2024,246.2
Pirkanmaa,Oil heating,1990,353.5
Pirkanmaa,Oil heating,2005,283.2
Pirkanmaa,Oil heating,2006,275.9
Pirkanmaa,Oil heating,2007,265.1
Pirkanmaa,Oil heating,2008,204.5
Pirkanmaa,Oil heating,2009,209.0
Pirkanmaa,Oil heating,2010,226.9
Pirkanmaa,Oil heating,2011,174.7
Pirkanmaa,Oil heating,2012,192.9
Pirkanmaa,Oil heating,2013,166.3
Pirkanmaa,Oil heating,2014,165.7
Pirkanmaa,Oil heating,2015,149.0
Pirkanmaa,Oil heating,2016,159.2
Pirkanmaa,Oil heating,2017,152.2
Pirkanmaa,Oil heating,2018,145.5
Pirkanmaa,Oil heating,2019,136.3
Pirkanmaa,Oil heating,2020,121.2
Pirkanmaa,Oil heating,2021,120.5
Pirkanmaa,Oil heating,2022,99.4
Pirkanmaa,Oil heating,2023,74.7
Pirkanmaa,Oil heating,2024,68.3
Pirkanmaa,Other heating,1990,139.9
Pirkanmaa,Other heating,2005,89.0
Pirkanmaa,Other heating,2006,90.6
Pirkanmaa,Other heating,2007,93.6
Pirkanmaa,Other heating,2008,87.4
Pirkanmaa,Other heating,2009,90.4
Pirkanmaa,Other heating,2010,96.0
Pirkanmaa,Other heating,2011,83.9
Pirkanmaa,Other heating,2012,91.7
Pirkanmaa,Other heating,2013,87.0
Pirkanmaa,Other heating,2014,85.9
Pirkanmaa,Other heating,2015,81.9
Pirkanmaa,Other heating,2016,87.2
Pirkanmaa,Other heating,2017,85.3
Pirkanmaa,Other heating,2018,78.7
Pirkanmaa,Other heating,2019,78.1
Pirkanmaa,Other heating,2020,78.9
Pirkanmaa,Other heating,2021,81.8
Pirkanmaa,Other heating,2022,79.9
Pirkanmaa,Other heating,2023,69.6
Pirkanmaa,Other heating,2024,52.9
Pirkanmaa,Industry,1990,651.0
Pirkanmaa,Industry,2005,606.3
Pirkanmaa,Industry,2006,655.3
Pirkanmaa,Industry,2007,681.9
Pirkanmaa,Industry,2008,675.9
Pirkanmaa,Industry,2009,488.1
Pirkanmaa,Industry,2010,469.7
Pirkanmaa,Industry,2011,438.9
Pirkanmaa,Industry,2012,374.2
Pirkanmaa,Industry,2013,382.6
Pirkanmaa,Industry,2014,394.5
Pirkanmaa,Industry,2015,383.1
Pirkanmaa,Industry,2016,317.7
Pirkanmaa,Industry,2017,337.2
Pirkanmaa,Industry,2018,299.9
Pirkanmaa,Industry,2019,280.7
Pirkanmaa,Industry,2020,257.1
Pirkanmaa,Industry,2021,253.1
Pirkanmaa,Industry,2022,205.8
Pirkanmaa,Industry,2023,203.8
Pirkanmaa,Industry,2024,210.0
Pirkanmaa,Machinery,1990,184.3
Pirkanmaa,Machinery,2005,198.0
Pirkanmaa,Machinery,2006,208.4
Pirkanmaa,Machinery,2007,203.1
Pirkanmaa,Machinery,2008,206.9
Pirkanmaa,Machinery,2009,201.6
Pirkanmaa,Machinery,2010,200.0
Pirkanmaa,Machinery,2011,184.7
Pirkanmaa,Machinery,2012,208.7
Pirkanmaa,Machinery,2013,201.6
Pirkanmaa,Machinery,2014,196.7
Pirkanmaa,Machinery,2015,192.0
Pirkanmaa,Machinery,2016,187.1
Pirkanmaa,Machinery,2017,204.6
Pirkanmaa,Machinery,2018,201.8
Pirkanmaa,Machinery,2019,214.4
Pirkanmaa,Machinery,2020,213.2
Pirkanmaa,Machinery,2021,198.7
Pirkanmaa,Machinery,2022,200.9
Pirkanmaa,Machinery,2023,203.9
Pirkanmaa,Machinery,2024,193.8
Pirkanmaa,Road transport,1990,964.9
Pirkanmaa,Road transport,2005,1078.3
Pirkanmaa,Road transport,2006,1094.0
Pirkanmaa,Road transport,2007,1126.7
Pirkanmaa,Road transport,2008,1077.4
Pirkanmaa,Road transport,2009,1033.0
Pirkanmaa,Road transport,2010,1073.2
Pirkanmaa,Road transport,2011,1056.7
Pirkanmaa,Road transport,2012,1036.8
Pirkanmaa,Road transport,2013,1023.1
Pirkanmaa,Road transport,2014,931.8
Pirkanmaa,Road transport,2015,933.1
Pirkanmaa,Road transport,2016,1043.8
Pirkanmaa,Road transport,2017,984.2
Pirkanmaa,Road transport,2018,1000.7
Pirkanmaa,Road transport,2019,962.4
Pirkanmaa,Road transport,2020,908.0
Pirkanmaa,Road transport,2021,868.8
Pirkanmaa,Road transport,2022,852.1
Pirkanmaa,Road transport,2023,825.6
Pirkanmaa,Road transport,2024,846.6
Pirkanmaa,Rail transport,1990,28.6
Pirkanmaa,Rail transport,2005,26.6
Pirkanmaa,Rail transport,2006,37.1
Pirkanmaa,Rail transport,2007,33.3
Pirkanmaa,Rail transport,2008,27.7
Pirkanmaa,Rail transport,2009,25.6
Pirkanmaa,Rail transport,2010,30.4
Pirkanmaa,Rail transport,2011,25.1
Pirkanmaa,Rail transport,2012,19.4
Pirkanmaa,Rail transport,2013,21.7
Pirkanmaa,Rail transport,2014,18.2
Pirkanmaa,Rail transport,2015,13.8
Pirkanmaa,Rail transport,2016,13.4
Pirkanmaa,Rail transport,2017,12.3
Pirkanmaa,Rail transport,2018,14.6
Pirkanmaa,Rail transport,2019,13.0
Pirkanmaa,Rail transport,2020,9.9
Pirkanmaa,Rail transport,2021,11.2
Pirkanmaa,Rail transport,2022,10.3
Pirkanmaa,Rail transport,2023,8.4
Pirkanmaa,Rail transport,2024,7.9
Pirkanmaa,Water transport,1990,16.3
Pirkanmaa,Water transport,2005,16.9
Pirkanmaa,Water transport,2006,17.3
Pirkanmaa,Water transport,2007,17.6
Pirkanmaa,Water transport,2008,15.3
Pirkanmaa,Water transport,2009,15.0
Pirkanmaa,Water transport,2010,15.7
Pirkanmaa,Water transport,2011,13.4
Pirkanmaa,Water transport,2012,14.0
Pirkanmaa,Water transport,2013,14.5
Pirkanmaa,Water transport,2014,13.8
Pirkanmaa,Water transport,2015,13.9
Pirkanmaa,Water transport,2016,13.8
Pirkanmaa,Water transport,2017,13.6
Pirkanmaa,Water transport,2018,13.7
Pirkanmaa,Water transport,2019,13.8
Pirkanmaa,Water transport,2020,15.2
Pirkanmaa,Water transport,2021,15.9
Pirkanmaa,Water transport,2022,13.7
Pirkanmaa,Water transport,2023,13.7
Pirkanmaa,Water transport,2024,11.8
Pirkanmaa,Agriculture,1990,487.2
Pirkanmaa,Agriculture,2005,362.9
Pirkanmaa,Agriculture,2006,364.7
Pirkanmaa,Agriculture,2007,362.5
Pirkanmaa,Agriculture,2008,373.9
Pirkanmaa,Agriculture,2009,363.4
Pirkanmaa,Agriculture,2010,373.3
Pirkanmaa,Agriculture,2011,362.5
Pirkanmaa,Agriculture,2012,355.4
Pirkanmaa,Agriculture,2013,368.8
Pirkanmaa,Agriculture,2014,375.3
Pirkanmaa,Agriculture,2015,366.5
Pirkanmaa,Agriculture,2016,374.3
Pirkanmaa,Agriculture,2017,360.3
Pirkanmaa,Agriculture,2018,366.2
Pirkanmaa,Agriculture,2019,363.2
Pirkanmaa,Agriculture,2020,362.8
Pirkanmaa,Agriculture,2021,366.4
Pirkanmaa,Agriculture,2022,348.4
Pirkanmaa,Agriculture,2023,356.4
Pirkanmaa,Agriculture,2024,368.1
Pirkanmaa,Waste treatment,1990,436.0
Pirkanmaa,Waste treatment,2005,261.1
Pirkanmaa,Waste treatment,2006,294.6
Pirkanmaa,Waste treatment,2007,257.7
Pirkanmaa,Waste treatment,2008,274.6
Pirkanmaa,Waste treatment,2009,251.7
Pirkanmaa,Waste treatment,2010,261.6
Pirkanmaa,Waste treatment,2011,239.3
Pirkanmaa,Waste treatment,2012,255.9
Pirkanmaa,Waste treatment,2013,261.2
Pirkanmaa,Waste treatment,2014,244.5
Pirkanmaa,Waste treatment,2015,235.3
Pirkanmaa,Waste treatment,2016,218.4
Pirkanmaa,Waste treatment,2017,210.0
Pirkanmaa,Waste treatment,2018,193.2
Pirkanmaa,Waste treatment,2019,202.5
Pirkanmaa,Waste treatment,2020,189.2
Pirkanmaa,Waste treatment,2021,180.2
Pirkanmaa,Waste treatment,2022,171.0
Pirkanmaa,Waste treatment,2023,162.4
Pirkanmaa,Waste treatment,2024,157.7
Pirkanmaa,F-gases,1990,4.6
Pirkanmaa,F-gases,2005,102.8
Pirkanmaa,F-gases,2006,117.1
Pirkanmaa,F-gases,2007,119.1
Pirkanmaa,F-gases,2008,125.2
Pirkanmaa,F-gases,2009,122.7
Pirkanmaa,F-gases,2010,121.8
Pirkanmaa,F-gases,2011,119.0
Pirkanmaa,F-gases,2012,119.8
Pirkanmaa,F-gases,2013,117.5
Pirkanmaa,F-gases,2014,113.5
Pirkanmaa,F-gases,2015,108.9
Pirkanmaa,F-gases,2016,106.1
Pirkanmaa,F-gases,2017,100.7
Pirkanmaa,F-gases,2018,93.5
Pirkanmaa,F-gases,2019,89.2
Pirkanmaa,F-gases,2020,83.8
Pirkanmaa,F-gases,2021,77.8
Pirkanmaa,F-gases,2022,71.9
Pirkanmaa,F-gases,2023,66.0
Pirkanmaa,F-gases,2024,58.4
Pirkanmaa,Emission credits,1990,0.0
Pirkanmaa,Emission credits,2005,0.0
Pirkanmaa,Emission credits,2006,0.0
Pirkanmaa,Emission credits,2007,0.0
Pirkanmaa,Emission credits,2008,0.0
Pirkanmaa,Emission credits,2009,0.0
Pirkanmaa,Emission credits,2010,0.0
Pirkanmaa,Emission credits,2011,0.0
Pirkanmaa,Emission credits,2012,0.0
Pirkanmaa,Emission credits,2013,0.0
Pirkanmaa,Emission credits,2014,0.0
Pirkanmaa,Emission credits,2015,0.0
Pirkanmaa,Emission credits,2016,0.0
Pirkanmaa,Emission credits,2017,0.0
Pirkanmaa,Emission credits,2018,0.0
Pirkanmaa,Emission credits,2019,0.0
Pirkanmaa,Emission credits,2020,0.0
Pirkanmaa,Emission credits,2021,0.0
Pirkanmaa,Emission credits,2022,0.0
Pirkanmaa,Emission credits,2023,0.0
Pirkanmaa,Emission credits,2024,0.0
Päijät-Häme,Electricity,1990,272.4
Päijät-Häme,Electricity,2005,315.9
Päijät-Häme,Electricity,2006,560.7
Päijät-Häme,Electricity,2007,495.7
Päijät-Häme,Electricity,2008,371.0
Päijät-Häme,Electricity,2009,375.3
Päijät-Häme,Electricity,2010,473.7
Päijät-Häme,Electricity,2011,360.2
Päijät-Häme,Electricity,2012,263.6
Päijät-Häme,Electricity,2013,314.4
Päijät-Häme,Electricity,2014,264.3
Päijät-Häme,Electricity,2015,201.9
Päijät-Häme,Electricity,2016,221.1
Päijät-Häme,Electricity,2017,194.9
Päijät-Häme,Electricity,2018,219.3
Päijät-Häme,Electricity,2019,172.4
Päijät-Häme,Electricity,2020,135.4
Päijät-Häme,Electricity,2021,151.4
Päijät-Häme,Electricity,2022,137.4
Päijät-Häme,Electricity,2023,88.3
Päijät-Häme,Electricity,2024,71.1
Päijät-Häme,Electric heating,1990,67.4
Päijät-Häme,Electric heating,2005,77.2
Päijät-Häme,Electric heating,2006,109.0
Päijät-Häme,Electric heating,2007,110.4
Päijät-Häme,Electric heating,2008,77.7
Päijät-Häme,Electric heating,2009,91.5
Päijät-Häme,Electric heating,2010,120.5
Päijät-Häme,Electric heating,2011,86.1
Päijät-Häme,Electric heating,2012,65.9
Päijät-Häme,Electric heating,2013,78.8
Päijät-Häme,Electric heating,2014,61.0
Päijät-Häme,Electric heating,2015,51.0
Päijät-Häme,Electric heating,2016,60.1
Päijät-Häme,Electric heating,2017,48.8
Päijät-Häme,Electric heating,2018,53.3
Päijät-Häme,Electric heating,2019,43.4
Päijät-Häme,Electric heating,2020,33.1
Päijät-Häme,Electric heating,2021,40.0
Päijät-Häme,Electric heating,2022,34.6
Päijät-Häme,Electric heating,2023,23.7
Päijät-Häme,Electric heating,2024,18.3
Päijät-Häme,District heating,1990,311.0
Päijät-Häme,District heating,2005,353.5
Päijät-Häme,District heating,2006,385.3
Päijät-Häme,District heating,2007,393.3
Päijät-Häme,District heating,2008,370.5
Päijät-Häme,District heating,2009,383.6
Päijät-Häme,District heating,2010,443.9
Päijät-Häme,District heating,2011,450.3
Päijät-Häme,District heating,2012,361.9
Päijät-Häme,District heating,2013,317.1
Päijät-Häme,District heating,2014,309.7
Päijät-Häme,District heating,2015,282.5
Päijät-Häme,District heating,2016,289.5
Päijät-Häme,District heating,2017,273.5
Päijät-Häme,District heating,2018,291.9
Päijät-Häme,District heating,2019,197.4
Päijät-Häme,District heating,2020,98.9
Päijät-Häme,District heating,2021,119.6
Päijät-Häme,District heating,2022,91.2
Päijät-Häme,District heating,2023,119.5
Päijät-Häme,District heating,2024,108.0
Päijät-Häme,Oil heating,1990,120.0
Päijät-Häme,Oil heating,2005,95.5
Päijät-Häme,Oil heating,2006,93.1
Päijät-Häme,Oil heating,2007,87.7
Päijät-Häme,Oil heating,2008,66.9
Päijät-Häme,Oil heating,2009,69.6
Päijät-Häme,Oil heating,2010,76.6
Päijät-Häme,Oil heating,2011,57.8
Päijät-Häme,Oil heating,2012,63.7
Päijät-Häme,Oil heating,2013,55.9
Päijät-Häme,Oil heating,2014,56.0
Päijät-Häme,Oil heating,2015,50.1
Päijät-Häme,Oil heating,2016,53.0
Päijät-Häme,Oil heating,2017,52.1
Päijät-Häme,Oil heating,2018,49.4
Päijät-Häme,Oil heating,2019,45.3
Päijät-Häme,Oil heating,2020,37.3
Päijät-Häme,Oil heating,2021,38.1
Päijät-Häme,Oil heating,2022,31.1
Päijät-Häme,Oil heating,2023,23.9
Päijät-Häme,Oil heating,2024,22.1
Päijät-Häme,Other heating,1990,41.3
Päijät-Häme,Other heating,2005,41.9
Päijät-Häme,Other heating,2006,40.8
Päijät-Häme,Other heating,2007,44.1
Päijät-Häme,Other heating,2008,43.0
Päijät-Häme,Other heating,2009,44.6
Päijät-Häme,Other heating,2010,48.7
Päijät-Häme,Other heating,2011,45.4
Päijät-Häme,Other heating,2012,46.1
Päijät-Häme,Other heating,2013,44.1
Päijät-Häme,Other heating,2014,42.4
Päijät-Häme,Other heating,2015,40.7
Päijät-Häme,Other heating,2016,42.7
Päijät-Häme,Other heating,2017,42.3
Päijät-Häme,Other heating,2018,38.5
Päijät-Häme,Other heating,2019,40.2
Päijät-Häme,Other heating,2020,41.0
Päijät-Häme,Other heating,2021,43.8
Päijät-Häme,Other heating,2022,41.7
Päijät-Häme,Other heating,2023,34.0
Päijät-Häme,Other heating,2024,24.8
Päijät-Häme,Industry,1990,275.3
Päijät-Häme,Industry,2005,220.5
Päijät-Häme,Industry,2006,216.3
Päijät-Häme,Industry,2007,216.3
Päijät-Häme,Industry,2008,201.5
Päijät-Häme,Industry,2009,164.8
Päijät-Häme,Industry,2010,193.0
Päijät-Häme,Industry,2011,165.7
Päijät-Häme,Industry,2012,162.7
Päijät-Häme,Industry,2013,143.3
Päijät-Häme,Industry,2014,137.8
Päijät-Häme,Industry,2015,149.5
Päijät-Häme,Industry,2016,143.9
Päijät-Häme,Industry,2017,158.7
Päijät-Häme,Industry,2018,143.7
Päijät-Häme,Industry,2019,121.1
Päijät-Häme,Industry,2020,114.7
Päijät-Häme,Industry,2021,127.3
Päijät-Häme,Industry,2022,135.5
Päijät-Häme,Industry,2023,136.7
Päijät-Häme,Industry,2024,135.6
Päijät-Häme,Machinery,1990,95.5
Päijät-Häme,Machinery,2005,99.7
Päijät-Häme,Machinery,2006,99.8
Päijät-Häme,Machinery,2007,99.8
Päijät-Häme,Machinery,2008,103.0
Päijät-Häme,Machinery,2009,94.1
Päijät-Häme,Machinery,2010,94.7
Päijät-Häme,Machinery,2011,93.6
Päijät-Häme,Machinery,2012,98.8
Päijät-Häme,Machinery,2013,93.4
Päijät-Häme,Machinery,2014,91.4
Päijät-Häme,Machinery,2015,90.4
Päijät-Häme,Machinery,2016,87.7
Päijät-Häme,Machinery,2017,92.0
Päijät-Häme,Machinery,2018,87.3
Päijät-Häme,Machinery,2019,89.8
Päijät-Häme,Machinery,2020,93.3
Päijät-Häme,Machinery,2021,83.4
Päijät-Häme,Machinery,2022,87.0
Päijät-Häme,Machinery,2023,84.4
Päijät-Häme,Machinery,2024,80.4
Päijät-Häme,Road transport,1990,454.8
Päijät-Häme,Road transport,2005,499.2
Päijät-Häme,Road transport,2006,505.9
Päijät-Häme,Road transport,2007,523.7
Päijät-Häme,Road transport,2008,500.1
Päijät-Häme,Road transport,2009,475.2
Päijät-Häme,Road transport,2010,496.0
Päijät-Häme,Road transport,2011,490.2
Päijät-Häme,Road transport,2012,478.5
Päijät-Häme,Road transport,2013,470.8
Päijät-Häme,Road transport,2014,423.0
Päijät-Häme,Road transport,2015,422.6
Päijät-Häme,Road transport,2016,472.7
Päijät-Häme,Road transport,2017,448.4
Päijät-Häme,Road transport,2018,455.8
Päijät-Häme,Road transport,2019,433.3
Päijät-Häme,Road transport,2020,405.3
Päijät-Häme,Road transport,2021,386.1
Päijät-Häme,Road transport,2022,374.7
Päijät-Häme,Road transport,2023,362.2
Päijät-Häme,Road transport,2024,370.5
Päijät-Häme,Rail transport,1990,8.1
Päijät-Häme,Rail transport,2005,7.2
Päijät-Häme,Rail transport,2006,10.1
Päijät-Häme,Rail transport,2007,9.2
Päijät-Häme,Rail transport,2008,8.0
Päijät-Häme,Rail transport,2009,7.4
Päijät-Häme,Rail transport,2010,8.7
Päijät-Häme,Rail transport,2011,7.6
Päijät-Häme,Rail transport,2012,6.2
Päijät-Häme,Rail transport,2013,6.8
Päijät-Häme,Rail transport,2014,5.9
Päijät-Häme,Rail transport,2015,4.6
Päijät-Häme,Rail transport,2016,4.6
Päijät-Häme,Rail transport,2017,4.4
Päijät-Häme,Rail transport,2018,5.2
Päijät-Häme,Rail transport,2019,4.8
Päijät-Häme,Rail transport,2020,3.8
Päijät-Häme,Rail transport,2021,4.2
Päijät-Häme,Rail transport,2022,3.3
Päijät-Häme,Rail transport,2023,2.4
Päijät-Häme,Rail transport,2024,2.3
Päijät-Häme,Water transport,1990,7.9
Päijät-Häme,Water transport,2005,8.1
Päijät-Häme,Water transport,2006,8.3
Päijät-Häme,Water transport,2007,8.4
Päijät-Häme,Water transport,2008,7.1
Päijät-Häme,Water transport,2009,7.0
Päijät-Häme,Water transport,2010,7.4
Päijät-Häme,Water transport,2011,6.0
Päijät-Häme,Water transport,2012,6.3
Päijät-Häme,Water transport,2013,6.6
Päijät-Häme,Water transport,2014,6.2
Päijät-Häme,Water transport,2015,6.2
Päijät-Häme,Water transport,2016,6.1
Päijät-Häme,Water transport,2017,6.0
Päijät-Häme,Water transport,2018,6.0
Päijät-Häme,Water transport,2019,6.0
Päijät-Häme,Water transport,2020,6.7
Päijät-Häme,Water transport,2021,7.1
Päijät-Häme,Water transport,2022,5.8
Päijät-Häme,Water transport,2023,5.7
Päijät-Häme,Water transport,2024,5.5
Päijät-Häme,Agriculture,1990,272.6
Päijät-Häme,Agriculture,2005,191.4
Päijät-Häme,Agriculture,2006,191.6
Päijät-Häme,Agriculture,2007,187.5
Päijät-Häme,Agriculture,2008,191.8
Päijät-Häme,Agriculture,2009,183.8
Päijät-Häme,Agriculture,2010,187.5
Päijät-Häme,Agriculture,2011,180.6
Päijät-Häme,Agriculture,2012,175.9
Päijät-Häme,Agriculture,2013,180.9
Päijät-Häme,Agriculture,2014,181.9
Päijät-Häme,Agriculture,2015,175.2
Päijät-Häme,Agriculture,2016,178.6
Päijät-Häme,Agriculture,2017,173.6
Päijät-Häme,Agriculture,2018,174.1
Päijät-Häme,Agriculture,2019,169.9
Päijät-Häme,Agriculture,2020,168.3
Päijät-Häme,Agriculture,2021,167.0
Päijät-Häme,Agriculture,2022,155.6
Päijät-Häme,Agriculture,2023,158.4
Päijät-Häme,Agriculture,2024,164.1
Päijät-Häme,Waste treatment,1990,191.8
Päijät-Häme,Waste treatment,2005,115.2
Päijät-Häme,Waste treatment,2006,119.6
Päijät-Häme,Waste treatment,2007,119.9
Päijät-Häme,Waste treatment,2008,115.3
Päijät-Häme,Waste treatment,2009,105.1
Päijät-Häme,Waste treatment,2010,110.2
Päijät-Häme,Waste treatment,2011,102.6
Päijät-Häme,Waste treatment,2012,100.3
Päijät-Häme,Waste treatment,2013,105.4
Päijät-Häme,Waste treatment,2014,99.6
Päijät-Häme,Waste treatment,2015,95.7
Päijät-Häme,Waste treatment,2016,94.7
Päijät-Häme,Waste treatment,2017,89.5
Päijät-Häme,Waste treatment,2018,93.1
Päijät-Häme,Waste treatment,2019,92.7
Päijät-Häme,Waste treatment,2020,90.6
Päijät-Häme,Waste treatment,2021,89.2
Päijät-Häme,Waste treatment,2022,85.8
Päijät-Häme,Waste treatment,2023,83.9
Päijät-Häme,Waste treatment,2024,83.2
Päijät-Häme,F-gases,1990,2.2
Päijät-Häme,F-gases,2005,42.5
Päijät-Häme,F-gases,2006,48.2
Päijät-Häme,F-gases,2007,48.9
Päijät-Häme,F-gases,2008,51.5
Päijät-Häme,F-gases,2009,51.2
Päijät-Häme,F-gases,2010,49.5
Päijät-Häme,F-gases,2011,49.2
Päijät-Häme,F-gases,2012,49.6
Päijät-Häme,F-gases,2013,49.1
Päijät-Häme,F-gases,2014,47.9
Päijät-Häme,F-gases,2015,45.2
Päijät-Häme,F-gases,2016,42.0
Päijät-Häme,F-gases,2017,39.7
Päijät-Häme,F-gases,2018,36.6
Päijät-Häme,F-gases,2019,35.5
Päijät-Häme,F-gases,2020,33.0
Päijät-Häme,F-gases,2021,30.7
Päijät-Häme,F-gases,2022,27.7
Päijät-Häme,F-gases,2023,25.7
Päijät-Häme,F-gases,2024,22.8
Päijät-Häme,Emission credits,1990,0.0
Päijät-Häme,Emission credits,2005,0.0
Päijät-Häme,Emission credits,2006,0.0
Päijät-Häme,Emission credits,2007,0.0
Päijät-Häme,Emission credits,2008,0.0
Päijät-Häme,Emission credits,2009,0.0
Päijät-Häme,Emission credits,2010,0.0
Päijät-Häme,Emission credits,2011,0.0
Päijät-Häme,Emission credits,2012,0.0
Päijät-Häme,Emission credits,2013,0.0
Päijät-Häme,Emission credits,2014,0.0
Päijät-Häme,Emission credits,2015,0.0
Päijät-Häme,Emission credits,2016,0.0
Päijät-Häme,Emission credits,2017,0.0
Päijät-Häme,Emission credits,2018,0.0
Päijät-Häme,Emission credits,2019,0.0
Päijät-Häme,Emission credits,2020,0.0
Päijät-Häme,Emission credits,2021,0.0
Päijät-Häme,Emission credits,2022,0.0
Päijät-Häme,Emission credits,2023,0.0
Päijät-Häme,Emission credits,2024,0.0
Satakunta,Electricity,1990,638.4
Satakunta,Electricity,2005,910.3
Satakunta,Electricity,2006,1649.4
Satakunta,Electricity,2007,1444.2
Satakunta,Electricity,2008,1025.2
Satakunta,Electricity,2009,959.0
Satakunta,Electricity,2010,1259.5
Satakunta,Electricity,2011,978.5
Satakunta,Electricity,2012,723.2
Satakunta,Electricity,2013,852.7
Satakunta,Electricity,2014,704.5
Satakunta,Electricity,2015,559.7
Satakunta,Electricity,2016,613.5
Satakunta,Electricity,2017,519.8
Satakunta,Electricity,2018,606.0
Satakunta,Electricity,2019,460.5
Satakunta,Electricity,2020,332.4
Satakunta,Electricity,2021,382.9
Satakunta,Electricity,2022,317.3
Satakunta,Electricity,2023,229.1
Satakunta,Electricity,2024,170.8
Satakunta,Electric heating,1990,89.0
Satakunta,Electric heating,2005,94.7
Satakunta,Electric heating,2006,131.3
Satakunta,Electric heating,2007,134.4
Satakunta,Electric heating,2008,99.4
Satakunta,Electric heating,2009,114.8
Satakunta,Electric heating,2010,152.7
Satakunta,Electric heating,2011,123.2
Satakunta,Electric heating,2012,88.0
Satakunta,Electric heating,2013,101.6
Satakunta,Electric heating,2014,80.7
Satakunta,Electric heating,2015,68.5
Satakunta,Electric heating,2016,78.3
Satakunta,Electric heating,2017,64.8
Satakunta,Electric heating,2018,72.8
Satakunta,Electric heating,2019,59.1
Satakunta,Electric heating,2020,44.9
Satakunta,Electric heating,2021,55.2
Satakunta,Electric heating,2022,47.3
Satakunta,Electric heating,2023,32.8
Satakunta,Electric heating,2024,25.6
Satakunta,District heating,1990,266.1
Satakunta,District heating,2005,250.5
Satakunta,District heating,2006,235.4
Satakunta,District heating,2007,236.9
Satakunta,District heating,2008,264.6
Satakunta,District heating,2009,340.1
Satakunta,District heating,2010,232.1
Satakunta,District heating,2011,188.9
Satakunta,District heating,2012,204.6
Satakunta,District heating,2013,173.2
Satakunta,District heating,2014,156.7
Satakunta,District heating,2015,159.3
Satakunta,District heating,2016,175.8
Satakunta,District heating,2017,161.4
Satakunta,District heating,2018,171.6
Satakunta,District heating,2019,159.8
Satakunta,District heating,2020,113.4
Satakunta,District heating,2021,99.0
Satakunta,District heating,2022,77.4
Satakunta,District heating,2023,64.3
Satakunta,District heating,2024,64.2
Satakunta,Oil heating,1990,304.6
Satakunta,Oil heating,2005,212.2
Satakunta,Oil heating,2006,204.9
Satakunta,Oil heating,2007,198.7
Satakunta,Oil heating,2008,152.4
Satakunta,Oil heating,2009,156.6
Satakunta,Oil heating,2010,174.8
Satakunta,Oil heating,2011,133.0
Satakunta,Oil heating,2012,147.5
Satakunta,Oil heating,2013,126.4
Satakunta,Oil heating,2014,126.0
Satakunta,Oil heating,2015,113.6
Satakunta,Oil heating,2016,121.9
Satakunta,Oil heating,2017,118.2
Satakunta,Oil heating,2018,112.8
Satakunta,Oil heating,2019,106.2
Satakunta,Oil heating,2020,92.9
Satakunta,Oil heating,2021,96.1
Satakunta,Oil heating,2022,81.2
Satakunta,Oil heating,2023,65.5
Satakunta,Oil heating,2024,58.7
Satakunta,Other heating,1990,109.1
Satakunta,Other heating,2005,73.7
Satakunta,Other heating,2006,75.6
Satakunta,Other heating,2007,84.9
Satakunta,Other heating,2008,82.4
Satakunta,Other heating,2009,80.5
Satakunta,Other heating,2010,88.8
Satakunta,Other heating,2011,76.6
Satakunta,Other heating,2012,80.7
Satakunta,Other heating,2013,75.2
Satakunta,Other heating,2014,72.7
Satakunta,Other heating,2015,70.4
Satakunta,Other heating,2016,75.8
Satakunta,Other heating,2017,75.9
Satakunta,Other heating,2018,73.1
Satakunta,Other heating,2019,71.9
Satakunta,Other heating,2020,60.9
Satakunta,Other heating,2021,60.9
Satakunta,Other heating,2022,59.7
Satakunta,Other heating,2023,55.1
Satakunta,Other heating,2024,47.1
Satakunta,Industry,1990,617.3
Satakunta,Industry,2005,612.6
Satakunta,Industry,2006,604.4
Satakunta,Industry,2007,653.6
Satakunta,Industry,2008,520.5
Satakunta,Industry,2009,457.4
Satakunta,Industry,2010,618.3
Satakunta,Industry,2011,560.9
Satakunta,Industry,2012,453.3
Satakunta,Industry,2013,468.8
Satakunta,Industry,2014,435.9
Satakunta,Industry,2015,421.2
Satakunta,Industry,2016,438.9
Satakunta,Industry,2017,361.8
Satakunta,Industry,2018,327.7
Satakunta,Industry,2019,317.9
Satakunta,Industry,2020,229.0
Satakunta,Industry,2021,196.2
Satakunta,Industry,2022,259.5
Satakunta,Industry,2023,262.1
Satakunta,Industry,2024,292.4
Satakunta,Machinery,1990,121.1
Satakunta,Machinery,2005,122.7
Satakunta,Machinery,2006,119.8
Satakunta,Machinery,2007,123.5
Satakunta,Machinery,2008,125.4
Satakunta,Machinery,2009,118.8
Satakunta,Machinery,2010,114.8
Satakunta,Machinery,2011,111.4
Satakunta,Machinery,2012,134.3
Satakunta,Machinery,2013,116.9
Satakunta,Machinery,2014,117.2
Satakunta,Machinery,2015,113.3
Satakunta,Machinery,2016,112.9
Satakunta,Machinery,2017,114.7
Satakunta,Machinery,2018,108.8
Satakunta,Machinery,2019,113.8
Satakunta,Machinery,2020,113.8
Satakunta,Machinery,2021,101.9
Satakunta,Machinery,2022,104.4
Satakunta,Machinery,2023,104.3
Satakunta,Machinery,2024,108.7
Satakunta,Road transport,1990,585.1
Satakunta,Road transport,2005,552.3
Satakunta,Road transport,2006,556.6
Satakunta,Road transport,2007,573.0
Satakunta,Road transport,2008,547.5
Satakunta,Road transport,2009,522.8
Satakunta,Road transport,2010,542.1
Satakunta,Road transport,2011,532.3
Satakunta,Road transport,2012,521.3
Satakunta,Road transport,2013,512.5
Satakunta,Road transport,2014,464.0
Satakunta,Road transport,2015,461.8
Satakunta,Road transport,2016,512.7
Satakunta,Road transport,2017,485.8
Satakunta,Road transport,2018,491.2
Satakunta,Road transport,2019,472.4
Satakunta,Road transport,2020,445.7
Satakunta,Road transport,2021,426.7
Satakunta,Road transport,2022,417.3
Satakunta,Road transport,2023,405.3
Satakunta,Road transport,2024,414.3
Satakunta,Rail transport,1990,5.3
Satakunta,Rail transport,2005,4.1
Satakunta,Rail transport,2006,5.1
Satakunta,Rail transport,2007,4.3
Satakunta,Rail transport,2008,4.0
Satakunta,Rail transport,2009,3.4
Satakunta,Rail transport,2010,3.8
Satakunta,Rail transport,2011,3.4
Satakunta,Rail transport,2012,2.9
Satakunta,Rail transport,2013,3.0
Satakunta,Rail transport,2014,2.6
Satakunta,Rail transport,2015,2.0
Satakunta,Rail transport,2016,2.0
Satakunta,Rail transport,2017,2.0
Satakunta,Rail transport,2018,2.9
Satakunta,Rail transport,2019,2.3
Satakunta,Rail transport,2020,1.4
Satakunta,Rail transport,2021,1.9
Satakunta,Rail transport,2022,1.4
Satakunta,Rail transport,2023,1.2
Satakunta,Rail transport,2024,1.3
Satakunta,Water transport,1990,37.3
Satakunta,Water transport,2005,31.3
Satakunta,Water transport,2006,32.7
Satakunta,Water transport,2007,34.0
Satakunta,Water transport,2008,30.7
Satakunta,Water transport,2009,32.9
Satakunta,Water transport,2010,29.1
Satakunta,Water transport,2011,25.5
Satakunta,Water transport,2012,27.7
Satakunta,Water transport,2013,27.6
Satakunta,Water transport,2014,25.0
Satakunta,Water transport,2015,24.0
Satakunta,Water transport,2016,23.1
Satakunta,Water transport,2017,21.2
Satakunta,Water transport,2018,20.6
Satakunta,Water transport,2019,21.3
Satakunta,Water transport,2020,21.5
Satakunta,Water transport,2021,20.6
Satakunta,Water transport,2022,18.8
Satakunta,Water transport,2023,19.2
Satakunta,Water transport,2024,15.9
Satakunta,Agriculture,1990,352.4
Satakunta,Agriculture,2005,299.0
Satakunta,Agriculture,2006,300.5
Satakunta,Agriculture,2007,298.4
Satakunta,Agriculture,2008,308.9
Satakunta,Agriculture,2009,297.5
Satakunta,Agriculture,2010,307.3
Satakunta,Agriculture,2011,297.9
Satakunta,Agriculture,2012,293.2
Satakunta,Agriculture,2013,302.2
Satakunta,Agriculture,2014,301.1
Satakunta,Agriculture,2015,289.9
Satakunta,Agriculture,2016,299.0
Satakunta,Agriculture,2017,290.0
Satakunta,Agriculture,2018,298.1
Satakunta,Agriculture,2019,299.0
Satakunta,Agriculture,2020,298.3
Satakunta,Agriculture,2021,305.9
Satakunta,Agriculture,2022,289.5
Satakunta,Agriculture,2023,295.3
Satakunta,Agriculture,2024,303.7
Satakunta,Waste treatment,1990,251.9
Satakunta,Waste treatment,2005,169.9
Satakunta,Waste treatment,2006,171.0
Satakunta,Waste treatment,2007,167.7
Satakunta,Waste treatment,2008,170.9
Satakunta,Waste treatment,2009,158.6
Satakunta,Waste treatment,2010,151.0
Satakunta,Waste treatment,2011,145.5
Satakunta,Waste treatment,2012,140.8
Satakunta,Waste treatment,2013,134.0
Satakunta,Waste treatment,2014,130.6
Satakunta,Waste treatment,2015,124.4
Satakunta,Waste treatment,2016,117.2
Satakunta,Waste treatment,2017,111.8
Satakunta,Waste treatment,2018,104.9
Satakunta,Waste treatment,2019,106.4
Satakunta,Waste treatment,2020,103.7
Satakunta,Waste treatment,2021,98.9
Satakunta,Waste treatment,2022,94.2
Satakunta,Waste treatment,2023,89.4
Satakunta,Waste treatment,2024,87.0
Satakunta,F-gases,1990,2.6
Satakunta,F-gases,2005,52.2
Satakunta,F-gases,2006,59.0
Satakunta,F-gases,2007,60.0
Satakunta,F-gases,2008,61.5
Satakunta,F-gases,2009,60.9
Satakunta,F-gases,2010,58.9
Satakunta,F-gases,2011,58.8
Satakunta,F-gases,2012,58.3
Satakunta,F-gases,2013,57.4
Satakunta,F-gases,2014,55.6
Satakunta,F-gases,2015,53.0
Satakunta,F-gases,2016,50.0
Satakunta,F-gases,2017,46.0
Satakunta,F-gases,2018,42.9
Satakunta,F-gases,2019,41.1
Satakunta,F-gases,2020,37.8
Satakunta,F-gases,2021,35.3
Satakunta,F-gases,2022,31.8
Satakunta,F-gases,2023,29.4
Satakunta,F-gases,2024,25.8
Satakunta,Emission credits,1990,0.0
Satakunta,Emission credits,2005,0.0
Satakunta,Emission credits,2006,0.0
Satakunta,Emission credits,2007,0.0
Satakunta,Emission credits,2008,0.0
Satakunta,Emission credits,2009,0.0
Satakunta,Emission credits,2010,0.0
Satakunta,Emission credits,2011,0.0
Satakunta,Emission credits,2012,0.0
Satakunta,Emission credits,2013,0.0
Satakunta,Emission credits,2014,0.0
Satakunta,Emission credits,2015,0.0
Satakunta,Emission credits,2016,0.0
Satakunta,Emission credits,2017,0.0
Satakunta,Emission credits,2018,0.0
Satakunta,Emission credits,2019,0.0
Satakunta,Emission credits,2020,0.0
Satakunta,Emission credits,2021,0.0
Satakunta,Emission credits,2022,0.0
Satakunta,Emission credits,2023,0.0
Satakunta,Emission credits,2024,0.0
South Karelia,Electricity,1990,666.6
South Karelia,Electricity,2005,901.1
South Karelia,Electricity,2006,1632.6
South Karelia,Electricity,2007,1429.7
South Karelia,Electricity,2008,1061.5
South Karelia,Electricity,2009,1041.1
South Karelia,Electricity,2010,1365.5
South Karelia,Electricity,2011,1055.4
South Karelia,Electricity,2012,711.3
South Karelia,Electricity,2013,851.4
South Karelia,Electricity,2014,719.9
South Karelia,Electricity,2015,537.1
South Karelia,Electricity,2016,561.0
South Karelia,Electricity,2017,522.8
South Karelia,Electricity,2018,608.7
South Karelia,Electricity,2019,482.5
South Karelia,Electricity,2020,376.1
South Karelia,Electricity,2021,444.2
South Karelia,Electricity,2022,382.9
South Karelia,Electricity,2023,232.6
South Karelia,Electricity,2024,172.0
South Karelia,Electric heating,1990,44.3
South Karelia,Electric heating,2005,46.9
South Karelia,Electric heating,2006,66.6
South Karelia,Electric heating,2007,66.9
South Karelia,Electric heating,2008,48.5
South Karelia,Electric heating,2009,56.6
South Karelia,Electric heating,2010,76.5
South Karelia,Electric heating,2011,59.7
South Karelia,Electric heating,2012,40.8
South Karelia,Electric heating,2013,46.5
South Karelia,Electric heating,2014,36.3
South Karelia,Electric heating,2015,29.9
South Karelia,Electric heating,2016,35.1
South Karelia,Electric heating,2017,29.3
South Karelia,Electric heating,2018,32.3
South Karelia,Electric heating,2019,26.4
South Karelia,Electric heating,2020,20.2
South Karelia,Electric heating,2021,24.8
South Karelia,Electric heating,2022,20.3
South Karelia,Electric heating,2023,13.9
South Karelia,Electric heating,2024,10.8
South Karelia,District heating,1990,132.3
South Karelia,District heating,2005,144.3
South Karelia,District heating,2006,147.8
South Karelia,District heating,2007,151.9
South Karelia,District heating,2008,150.9
South Karelia,District heating,2009,157.4
South Karelia,District heating,2010,132.3
South Karelia,District heating,2011,107.5
South Karelia,District heating,2012,123.4
South Karelia,District heating,2013,102.6
South Karelia,District heating,2014,109.6
South Karelia,District heating,2015,113.9
South Karelia,District heating,2016,95.0
South Karelia,District heating,2017,67.2
South Karelia,District heating,2018,97.4
South Karelia,District heating,2019,73.5
South Karelia,District heating,2020,61.0
South Karelia,District heating,2021,65.6
South Karelia,District heating,2022,59.9
South Karelia,District heating,2023,45.3
South Karelia,District heating,2024,37.3
South Karelia,Oil heating,1990,99.9
South Karelia,Oil heating,2005,76.5
South Karelia,Oil heating,2006,76.6
South Karelia,Oil heating,2007,71.3
South Karelia,Oil heating,2008,54.9
South Karelia,Oil heating,2009,55.8
South Karelia,Oil heating,2010,60.7
South Karelia,Oil heating,2011,47.1
South Karelia,Oil heating,2012,51.5
South Karelia,Oil heating,2013,44.0
South Karelia,Oil heating,2014,43.4
South Karelia,Oil heating,2015,39.2
South Karelia,Oil heating,2016,41.2
South Karelia,Oil heating,2017,39.9
South Karelia,Oil heating,2018,37.9
South Karelia,Oil heating,2019,35.3
South Karelia,Oil heating,2020,32.1
South Karelia,Oil heating,2021,32.3
South Karelia,Oil heating,2022,26.3
South Karelia,Oil heating,2023,19.7
South Karelia,Oil heating,2024,18.3
South Karelia,Other heating,1990,44.5
South Karelia,Other heating,2005,37.4
South Karelia,Other heating,2006,36.1
South Karelia,Other heating,2007,38.9
South Karelia,Other heating,2008,40.2
South Karelia,Other heating,2009,41.1
South Karelia,Other heating,2010,46.4
South Karelia,Other heating,2011,41.0
South Karelia,Other heating,2012,42.3
South Karelia,Other heating,2013,38.5
South Karelia,Other heating,2014,37.9
South Karelia,Other heating,2015,36.4
South Karelia,Other heating,2016,46.6
South Karelia,Other heating,2017,45.7
South Karelia,Other heating,2018,43.0
South Karelia,Other heating,2019,42.3
South Karelia,Other heating,2020,38.7
South Karelia,Other heating,2021,42.2
South Karelia,Other heating,2022,38.6
South Karelia,Other heating,2023,32.5
South Karelia,Other heating,2024,26.7
South Karelia,Industry,1990,787.5
South Karelia,Industry,2005,554.0
South Karelia,Industry,2006,612.3
South Karelia,Industry,2007,624.6
South Karelia,Industry,2008,645.0
South Karelia,Industry,2009,482.0
South Karelia,Industry,2010,536.8
South Karelia,Industry,2011,519.8
South Karelia,Industry,2012,465.9
South Karelia,Industry,2013,469.0
South Karelia,Industry,2014,427.4
South Karelia,Industry,2015,385.3
South Karelia,Industry,2016,450.6
South Karelia,Industry,2017,358.5
South Karelia,Industry,2018,488.7
South Karelia,Industry,2019,393.8
South Karelia,Industry,2020,382.1
South Karelia,Industry,2021,431.2
South Karelia,Industry,2022,396.0
South Karelia,Industry,2023,384.3
South Karelia,Industry,2024,370.7
South Karelia,Machinery,1990,70.6
South Karelia,Machinery,2005,68.8
South Karelia,Machinery,2006,73.4
South Karelia,Machinery,2007,78.7
South Karelia,Machinery,2008,74.4
South Karelia,Machinery,2009,72.4
South Karelia,Machinery,2010,70.4
South Karelia,Machinery,2011,66.8
South Karelia,Machinery,2012,68.0
South Karelia,Machinery,2013,69.1
South Karelia,Machinery,2014,65.8
South Karelia,Machinery,2015,69.7
South Karelia,Machinery,2016,63.4
South Karelia,Machinery,2017,64.9
South Karelia,Machinery,2018,61.2
South Karelia,Machinery,2019,63.2
South Karelia,Machinery,2020,63.4
South Karelia,Machinery,2021,56.9
South Karelia,Machinery,2022,57.0
South Karelia,Machinery,2023,55.2
South Karelia,Machinery,2024,53.8
South Karelia,Road transport,1990,304.3
South Karelia,Road transport,2005,333.4
South Karelia,Road transport,2006,336.2
South Karelia,Road transport,2007,348.4
South Karelia,Road transport,2008,331.7
South Karelia,Road transport,2009,312.9
South Karelia,Road transport,2010,326.0
South Karelia,Road transport,2011,321.6
South Karelia,Road transport,2012,313.8
South Karelia,Road transport,2013,308.6
South Karelia,Road transport,2014,278.0
South Karelia,Road transport,2015,278.5
South Karelia,Road transport,2016,310.8
South Karelia,Road transport,2017,290.0
South Karelia,Road transport,2018,294.2
South Karelia,Road transport,2019,281.0
South Karelia,Road transport,2020,261.6
South Karelia,Road transport,2021,251.3
South Karelia,Road transport,2022,239.4
South Karelia,Road transport,2023,223.8
South Karelia,Road transport,2024,229.0
South Karelia,Rail transport,1990,17.7
South Karelia,Rail transport,2005,14.1
South Karelia,Rail transport,2006,18.2
South Karelia,Rail transport,2007,16.3
South Karelia,Rail transport,2008,14.7
South Karelia,Rail transport,2009,13.0
South Karelia,Rail transport,2010,15.0
South Karelia,Rail transport,2011,13.7
South Karelia,Rail transport,2012,11.6
South Karelia,Rail transport,2013,12.3
South Karelia,Rail transport,2014,11.0
South Karelia,Rail transport,2015,8.4
South Karelia,Rail transport,2016,8.7
South Karelia,Rail transport,2017,8.8
South Karelia,Rail transport,2018,9.5
South Karelia,Rail transport,2019,9.3
South Karelia,Rail transport,2020,7.6
South Karelia,Rail transport,2021,7.9
South Karelia,Rail transport,2022,7.4
South Karelia,Rail transport,2023,5.9
South Karelia,Rail transport,2024,5.4
South Karelia,Water transport,1990,9.1
South Karelia,Water transport,2005,9.5
South Karelia,Water transport,2006,9.5
South Karelia,Water transport,2007,9.9
South Karelia,Water transport,2008,8.4
South Karelia,Water transport,2009,8.2
South Karelia,Water transport,2010,8.6
South Karelia,Water transport,2011,7.8
South Karelia,Water transport,2012,8.4
South Karelia,Water transport,2013,9.0
South Karelia,Water transport,2014,7.9
South Karelia,Water transport,2015,9.7
South Karelia,Water transport,2016,8.9
South Karelia,Water transport,2017,7.9
South Karelia,Water transport,2018,8.0
South Karelia,Water transport,2019,8.2
South Karelia,Water transport,2020,7.7
South Karelia,Water transport,2021,7.5
South Karelia,Water transport,2022,6.4
South Karelia,Water transport,2023,6.3
South Karelia,Water transport,2024,5.8
South Karelia,Agriculture,1990,229.6
South Karelia,Agriculture,2005,160.2
South Karelia,Agriculture,2006,158.7
South Karelia,Agriculture,2007,155.1
South Karelia,Agriculture,2008,157.4
South Karelia,Agriculture,2009,152.0
South Karelia,Agriculture,2010,154.2
South Karelia,Agriculture,2011,147.7
South Karelia,Agriculture,2012,143.0
South Karelia,Agriculture,2013,144.5
South Karelia,Agriculture,2014,143.6
South Karelia,Agriculture,2015,139.8
South Karelia,Agriculture,2016,140.6
South Karelia,Agriculture,2017,136.5
South Karelia,Agriculture,2018,138.3
South Karelia,Agriculture,2019,136.3
South Karelia,Agriculture,2020,135.5
South Karelia,Agriculture,2021,135.2
South Karelia,Agriculture,2022,127.4
South Karelia,Agriculture,2023,128.4
South Karelia,Agriculture,2024,131.2
South Karelia,Waste treatment,1990,437.8
South Karelia,Waste treatment,2005,261.9
South Karelia,Waste treatment,2006,258.3
South Karelia,Waste treatment,2007,248.1
South Karelia,Waste treatment,2008,235.2
South Karelia,Waste treatment,2009,217.9
South Karelia,Waste treatment,2010,221.2
South Karelia,Waste treatment,2011,218.3
South Karelia,Waste treatment,2012,210.6
South Karelia,Waste treatment,2013,200.1
South Karelia,Waste treatment,2014,190.4
South Karelia,Waste treatment,2015,184.3
South Karelia,Waste treatment,2016,174.4
South Karelia,Waste treatment,2017,170.6
South Karelia,Waste treatment,2018,167.2
South Karelia,Waste treatment,2019,166.6
South Karelia,Waste treatment,2020,168.5
South Karelia,Waste treatment,2021,161.9
South Karelia,Waste treatment,2022,155.3
South Karelia,Waste treatment,2023,150.1
South Karelia,Waste treatment,2024,148.5
South Karelia,F-gases,1990,1.5
South Karelia,F-gases,2005,30.2
South Karelia,F-gases,2006,34.4
South Karelia,F-gases,2007,34.3
South Karelia,F-gases,2008,35.7
South Karelia,F-gases,2009,34.2
South Karelia,F-gases,2010,33.9
South Karelia,F-gases,2011,34.3
South Karelia,F-gases,2012,33.8
South Karelia,F-gases,2013,33.7
South Karelia,F-gases,2014,33.5
South Karelia,F-gases,2015,31.1
South Karelia,F-gases,2016,28.3
South Karelia,F-gases,2017,27.8
South Karelia,F-gases,2018,26.4
South Karelia,F-gases,2019,26.6
South Karelia,F-gases,2020,24.0
South Karelia,F-gases,2021,22.6
South Karelia,F-gases,2022,20.7
South Karelia,F-gases,2023,18.7
South Karelia,F-gases,2024,16.3
South Karelia,Emission credits,1990,0.0
South Karelia,Emission credits,2005,0.0
South Karelia,Emission credits,2006,0.0
South Karelia,Emission credits,2007,0.0
South Karelia,Emission credits,2008,0.0
South Karelia,Emission credits,2009,0.0
South Karelia,Emission credits,2010,0.0
South Karelia,Emission credits,2011,0.0
South Karelia,Emission credits,2012,0.0
South Karelia,Emission credits,2013,0.0
South Karelia,Emission credits,2014,0.0
South Karelia,Emission credits,2015,0.0
South Karelia,Emission credits,2016,0.0
South Karelia,Emission credits,2017,0.0
South Karelia,Emission credits,2018,0.0
South Karelia,Emission credits,2019,0.0
South Karelia,Emission credits,2020,0.0
South Karelia,Emission credits,2021,0.0
South Karelia,Emission credits,2022,0.0
South Karelia,Emission credits,2023,0.0
South Karelia,Emission credits,2024,0.0
South Ostrobothnia,Electricity,1990,181.9
South Ostrobothnia,Electricity,2005,243.8
South Ostrobothnia,Electricity,2006,432.6
South Ostrobothnia,Electricity,2007,382.7
South Ostrobothnia,Electricity,2008,298.2
South Ostrobothnia,Electricity,2009,313.6
South Ostrobothnia,Electricity,2010,403.9
South Ostrobothnia,Electricity,2011,307.9
South Ostrobothnia,Electricity,2012,225.1
South Ostrobothnia,Electricity,2013,270.7
South Ostrobothnia,Electricity,2014,226.9
South Ostrobothnia,Electricity,2015,175.2
South Ostrobothnia,Electricity,2016,193.6
South Ostrobothnia,Electricity,2017,170.7
South Ostrobothnia,Electricity,2018,193.7
South Ostrobothnia,Electricity,2019,157.5
South Ostrobothnia,Electricity,2020,124.7
South Ostrobothnia,Electricity,2021,138.9
South Ostrobothnia,Electricity,2022,126.4
South Ostrobothnia,Electricity,2023,80.9
South Ostrobothnia,Electricity,2024,65.0
South Ostrobothnia,Electric heating,1990,76.2
South Ostrobothnia,Electric heating,2005,83.9
South Ostrobothnia,Electric heating,2006,117.7
South Ostrobothnia,Electric heating,2007,118.5
South Ostrobothnia,Electric heating,2008,88.0
South Ostrobothnia,Electric heating,2009,100.0
South Ostrobothnia,Electric heating,2010,135.2
South Ostrobothnia,Electric heating,2011,105.2
South Ostrobothnia,Electric heating,2012,78.5
South Ostrobothnia,Electric heating,2013,88.8
South Ostrobothnia,Electric heating,2014,69.8
South Ostrobothnia,Electric heating,2015,57.3
South Ostrobothnia,Electric heating,2016,64.6
South Ostrobothnia,Electric heating,2017,53.7
South Ostrobothnia,Electric heating,2018,59.9
South Ostrobothnia,Electric heating,2019,49.6
South Ostrobothnia,Electric heating,2020,38.5
South Ostrobothnia,Electric heating,2021,47.1
South Ostrobothnia,Electric heating,2022,39.6
South Ostrobothnia,Electric heating,2023,27.8
South Ostrobothnia,Electric heating,2024,21.5
South Ostrobothnia,District heating,1990,156.5
South Ostrobothnia,District heating,2005,206.2
South Ostrobothnia,District heating,2006,224.9
South Ostrobothnia,District heating,2007,241.2
South Ostrobothnia,District heating,2008,217.3
South Ostrobothnia,District heating,2009,274.7
South Ostrobothnia,District heating,2010,319.0
South Ostrobothnia,District heating,2011,301.9
South Ostrobothnia,District heating,2012,299.2
South Ostrobothnia,District heating,2013,245.8
South Ostrobothnia,District heating,2014,250.5
South Ostrobothnia,District heating,2015,258.7
South Ostrobothnia,District heating,2016,285.8
South Ostrobothnia,District heating,2017,249.3
South Ostrobothnia,District heating,2018,270.4
South Ostrobothnia,District heating,2019,272.6
South Ostrobothnia,District heating,2020,248.3
South Ostrobothnia,District heating,2021,228.4
South Ostrobothnia,District heating,2022,175.0
South Ostrobothnia,District heating,2023,156.5
South Ostrobothnia,District heating,2024,147.4
South Ostrobothnia,Oil heating,1990,280.7
South Ostrobothnia,Oil heating,2005,199.7
South Ostrobothnia,Oil heating,2006,197.2
South Ostrobothnia,Oil heating,2007,188.3
South Ostrobothnia,Oil heating,2008,143.9
South Ostrobothnia,Oil heating,2009,146.6
South Ostrobothnia,Oil heating,2010,161.0
South Ostrobothnia,Oil heating,2011,124.1
South Ostrobothnia,Oil heating,2012,138.4
South Ostrobothnia,Oil heating,2013,116.9
South Ostrobothnia,Oil heating,2014,116.5
South Ostrobothnia,Oil heating,2015,106.4
South Ostrobothnia,Oil heating,2016,112.0
South Ostrobothnia,Oil heating,2017,107.5
South Ostrobothnia,Oil heating,2018,103.2
South Ostrobothnia,Oil heating,2019,97.5
South Ostrobothnia,Oil heating,2020,87.3
South Ostrobothnia,Oil heating,2021,91.2
South Ostrobothnia,Oil heating,2022,78.6
South Ostrobothnia,Oil heating,2023,63.6
South Ostrobothnia,Oil heating,2024,57.6
South Ostrobothnia,Other heating,1990,181.0
South Ostrobothnia,Other heating,2005,154.5
South Ostrobothnia,Other heating,2006,143.8
South Ostrobothnia,Other heating,2007,161.6
South Ostrobothnia,Other heating,2008,156.8
South Ostrobothnia,Other heating,2009,184.5
South Ostrobothnia,Other heating,2010,208.5
South Ostrobothnia,Other heating,2011,165.5
South Ostrobothnia,Other heating,2012,174.9
South Ostrobothnia,Other heating,2013,167.6
South Ostrobothnia,Other heating,2014,161.0
South Ostrobothnia,Other heating,2015,155.3
South Ostrobothnia,Other heating,2016,167.2
South Ostrobothnia,Other heating,2017,168.3
South Ostrobothnia,Other heating,2018,163.8
South Ostrobothnia,Other heating,2019,162.7
South Ostrobothnia,Other heating,2020,130.9
South Ostrobothnia,Other heating,2021,133.0
South Ostrobothnia,Other heating,2022,129.9
South Ostrobothnia,Other heating,2023,114.8
South Ostrobothnia,Other heating,2024,107.8
South Ostrobothnia,Industry,1990,162.9
South Ostrobothnia,Industry,2005,149.4
South Ostrobothnia,Industry,2006,144.6
South Ostrobothnia,Industry,2007,141.5
South Ostrobothnia,Industry,2008,141.9
South Ostrobothnia,Industry,2009,132.3
South Ostrobothnia,Industry,2010,150.4
South Ostrobothnia,Industry,2011,143.3
South Ostrobothnia,Industry,2012,129.1
South Ostrobothnia,Industry,2013,133.8
South Ostrobothnia,Industry,2014,131.7
South Ostrobothnia,Industry,2015,121.7
South Ostrobothnia,Industry,2016,108.8
South Ostrobothnia,Industry,2017,119.9
South Ostrobothnia,Industry,2018,106.4
South Ostrobothnia,Industry,2019,95.6
South Ostrobothnia,Industry,2020,91.5
South Ostrobothnia,Industry,2021,75.8
South Ostrobothnia,Industry,2022,96.3
South Ostrobothnia,Industry,2023,107.3
South Ostrobothnia,Industry,2024,101.1
South Ostrobothnia,Machinery,1990,160.5
South Ostrobothnia,Machinery,2005,164.8
South Ostrobothnia,Machinery,2006,168.0
South Ostrobothnia,Machinery,2007,171.0
South Ostrobothnia,Machinery,2008,172.0
South Ostrobothnia,Machinery,2009,161.1
South Ostrobothnia,Machinery,2010,162.3
South Ostrobothnia,Machinery,2011,154.4
South Ostrobothnia,Machinery,2012,163.2
South Ostrobothnia,Machinery,2013,165.1
South Ostrobothnia,Machinery,2014,157.8
South Ostrobothnia,Machinery,2015,156.0
South Ostrobothnia,Machinery,2016,154.8
South Ostrobothnia,Machinery,2017,156.9
South Ostrobothnia,Machinery,2018,153.6
South Ostrobothnia,Machinery,2019,165.8
South Ostrobothnia,Machinery,2020,154.7
South Ostrobothnia,Machinery,2021,142.5
South Ostrobothnia,Machinery,2022,142.3
South Ostrobothnia,Machinery,2023,138.1
South Ostrobothnia,Machinery,2024,140.0
South Ostrobothnia,Road transport,1990,514.2
South Ostrobothnia,Road transport,2005,533.8
South Ostrobothnia,Road transport,2006,539.7
South Ostrobothnia,Road transport,2007,556.1
South Ostrobothnia,Road transport,2008,531.2
South Ostrobothnia,Road transport,2009,506.6
South Ostrobothnia,Road transport,2010,528.4
South Ostrobothnia,Road transport,2011,520.3
South Ostrobothnia,Road transport,2012,510.8
South Ostrobothnia,Road transport,2013,503.8
South Ostrobothnia,Road transport,2014,456.4
South Ostrobothnia,Road transport,2015,458.0
South Ostrobothnia,Road transport,2016,511.2
South Ostrobothnia,Road transport,2017,481.1
South Ostrobothnia,Road transport,2018,487.2
South Ostrobothnia,Road transport,2019,470.6
South Ostrobothnia,Road transport,2020,446.8
South Ostrobothnia,Road transport,2021,432.0
South Ostrobothnia,Road transport,2022,423.4
South Ostrobothnia,Road transport,2023,414.7
South Ostrobothnia,Road transport,2024,424.8
South Ostrobothnia,Rail transport,1990,15.1
South Ostrobothnia,Rail transport,2005,12.8
South Ostrobothnia,Rail transport,2006,17.1
South Ostrobothnia,Rail transport,2007,15.4
South Ostrobothnia,Rail transport,2008,13.2
South Ostrobothnia,Rail transport,2009,12.0
South Ostrobothnia,Rail transport,2010,14.0
South Ostrobothnia,Rail transport,2011,11.7
South Ostrobothnia,Rail transport,2012,8.6
South Ostrobothnia,Rail transport,2013,9.9
South Ostrobothnia,Rail transport,2014,8.3
South Ostrobothnia,Rail transport,2015,6.5
South Ostrobothnia,Rail transport,2016,5.9
South Ostrobothnia,Rail transport,2017,5.4
South Ostrobothnia,Rail transport,2018,6.3
South Ostrobothnia,Rail transport,2019,5.4
South Ostrobothnia,Rail transport,2020,4.2
South Ostrobothnia,Rail transport,2021,4.4
South Ostrobothnia,Rail transport,2022,4.0
South Ostrobothnia,Rail transport,2023,3.4
South Ostrobothnia,Rail transport,2024,3.0
South Ostrobothnia,Water transport,1990,2.2
South Ostrobothnia,Water transport,2005,2.2
South Ostrobothnia,Water transport,2006,2.3
South Ostrobothnia,Water transport,2007,2.3
South Ostrobothnia,Water transport,2008,2.0
South Ostrobothnia,Water transport,2009,2.0
South Ostrobothnia,Water transport,2010,2.0
South Ostrobothnia,Water transport,2011,1.7
South Ostrobothnia,Water transport,2012,1.8
South Ostrobothnia,Water transport,2013,1.9
South Ostrobothnia,Water transport,2014,1.8
South Ostrobothnia,Water transport,2015,1.8
South Ostrobothnia,Water transport,2016,1.8
South Ostrobothnia,Water transport,2017,1.7
South Ostrobothnia,Water transport,2018,1.8
South Ostrobothnia,Water transport,2019,1.8
South Ostrobothnia,Water transport,2020,2.0
South Ostrobothnia,Water transport,2021,2.1
South Ostrobothnia,Water transport,2022,1.9
South Ostrobothnia,Water transport,2023,1.9
South Ostrobothnia,Water transport,2024,1.7
South Ostrobothnia,Agriculture,1990,937.6
South Ostrobothnia,Agriculture,2005,811.7
South Ostrobothnia,Agriculture,2006,817.1
South Ostrobothnia,Agriculture,2007,813.9
South Ostrobothnia,Agriculture,2008,834.6
South Ostrobothnia,Agriculture,2009,822.7
South Ostrobothnia,Agriculture,2010,849.2
South Ostrobothnia,Agriculture,2011,829.2
South Ostrobothnia,Agriculture,2012,823.2
South Ostrobothnia,Agriculture,2013,850.7
South Ostrobothnia,Agriculture,2014,864.1
South Ostrobothnia,Agriculture,2015,854.6
South Ostrobothnia,Agriculture,2016,868.5
South Ostrobothnia,Agriculture,2017,853.0
South Ostrobothnia,Agriculture,2018,870.7
South Ostrobothnia,Agriculture,2019,865.3
South Ostrobothnia,Agriculture,2020,874.9
South Ostrobothnia,Agriculture,2021,895.1
South Ostrobothnia,Agriculture,2022,860.5
South Ostrobothnia,Agriculture,2023,869.9
South Ostrobothnia,Agriculture,2024,889.4
South Ostrobothnia,Waste treatment,1990,197.0
South Ostrobothnia,Waste treatment,2005,130.5
South Ostrobothnia,Waste treatment,2006,129.4
South Ostrobothnia,Waste treatment,2007,127.5
South Ostrobothnia,Waste treatment,2008,123.4
South Ostrobothnia,Waste treatment,2009,117.0
South Ostrobothnia,Waste treatment,2010,118.3
South Ostrobothnia,Waste treatment,2011,118.7
South Ostrobothnia,Waste treatment,2012,113.1
South Ostrobothnia,Waste treatment,2013,105.6
South Ostrobothnia,Waste treatment,2014,98.2
South Ostrobothnia,Waste treatment,2015,94.2
South Ostrobothnia,Waste treatment,2016,88.7
South Ostrobothnia,Waste treatment,2017,84.4
South Ostrobothnia,Waste treatment,2018,81.6
South Ostrobothnia,Waste treatment,2019,79.6
South Ostrobothnia,Waste treatment,2020,76.3
South Ostrobothnia,Waste treatment,2021,72.2
South Ostrobothnia,Waste treatment,2022,68.8
South Ostrobothnia,Waste treatment,2023,65.0
South Ostrobothnia,Waste treatment,2024,62.8
South Ostrobothnia,F-gases,1990,2.2
South Ostrobothnia,F-gases,2005,51.2
South Ostrobothnia,F-gases,2006,57.3
South Ostrobothnia,F-gases,2007,58.2
South Ostrobothnia,F-gases,2008,61.4
South Ostrobothnia,F-gases,2009,59.3
South Ostrobothnia,F-gases,2010,58.2
South Ostrobothnia,F-gases,2011,56.5
South Ostrobothnia,F-gases,2012,56.0
South Ostrobothnia,F-gases,2013,55.9
South Ostrobothnia,F-gases,2014,53.9
South Ostrobothnia,F-gases,2015,51.8
South Ostrobothnia,F-gases,2016,48.6
South Ostrobothnia,F-gases,2017,44.8
South Ostrobothnia,F-gases,2018,42.0
South Ostrobothnia,F-gases,2019,40.3
South Ostrobothnia,F-gases,2020,36.9
South Ostrobothnia,F-gases,2021,34.6
South Ostrobothnia,F-gases,2022,30.8
South Ostrobothnia,F-gases,2023,28.8
South Ostrobothnia,F-gases,2024,24.4
South Ostrobothnia,Emission credits,1990,0.0
South Ostrobothnia,Emission credits,2005,0.0
South Ostrobothnia,Emission credits,2006,0.0
South Ostrobothnia,Emission credits,2007,0.0
South Ostrobothnia,Emission credits,2008,0.0
South Ostrobothnia,Emission credits,2009,0.0
South Ostrobothnia,Emission credits,2010,0.0
South Ostrobothnia,Emission credits,2011,0.0
South Ostrobothnia,Emission credits,2012,0.0
South Ostrobothnia,Emission credits,2013,0.0
South Ostrobothnia,Emission credits,2014,0.0
South Ostrobothnia,Emission credits,2015,0.0
South Ostrobothnia,Emission credits,2016,0.0
South Ostrobothnia,Emission credits,2017,0.0
South Ostrobothnia,Emission credits,2018,0.0
South Ostrobothnia,Emission credits,2019,0.0
South Ostrobothnia,Emission credits,2020,0.0
South Ostrobothnia,Emission credits,2021,0.0
South Ostrobothnia,Emission credits,2022,0.0
South Ostrobothnia,Emission credits,2023,0.0
South Ostrobothnia,Emission credits,2024,0.0
South Savo,Electricity,1990,155.0
South Savo,Electricity,2005,186.2
South Savo,Electricity,2006,329.3
South Savo,Electricity,2007,291.6
South Savo,Electricity,2008,220.0
South Savo,Electricity,2009,229.6
South Savo,Electricity,2010,298.6
South Savo,Electricity,2011,230.4
South Savo,Electricity,2012,159.7
South Savo,Electricity,2013,197.3
South Savo,Electricity,2014,166.2
South Savo,Electricity,2015,130.1
South Savo,Electricity,2016,141.4
South Savo,Electricity,2017,125.0
South Savo,Electricity,2018,139.0
South Savo,Electricity,2019,108.7
South Savo,Electricity,2020,85.2
South Savo,Electricity,2021,97.1
South Savo,Electricity,2022,82.6
South Savo,Electricity,2023,53.2
South Savo,Electricity,2024,43.1
South Savo,Electric heating,1990,68.4
South Savo,Electric heating,2005,71.1
South Savo,Electric heating,2006,100.9
South Savo,Electric heating,2007,101.8
South Savo,Electric heating,2008,74.4
South Savo,Electric heating,2009,88.8
South Savo,Electric heating,2010,118.2
South Savo,Electric heating,2011,96.4
South Savo,Electric heating,2012,64.0
South Savo,Electric heating,2013,73.0
South Savo,Electric heating,2014,56.3
South Savo,Electric heating,2015,48.8
South Savo,Electric heating,2016,56.6
South Savo,Electric heating,2017,47.6
South Savo,Electric heating,2018,52.8
South Savo,Electric heating,2019,42.0
South Savo,Electric heating,2020,32.4
South Savo,Electric heating,2021,39.5
South Savo,Electric heating,2022,32.4
South Savo,Electric heating,2023,21.7
South Savo,Electric heating,2024,17.1
South Savo,District heating,1990,214.6
South Savo,District heating,2005,160.7
South Savo,District heating,2006,130.7
South Savo,District heating,2007,193.2
South Savo,District heating,2008,181.0
South Savo,District heating,2009,158.4
South Savo,District heating,2010,174.8
South Savo,District heating,2011,131.4
South Savo,District heating,2012,133.1
South Savo,District heating,2013,113.7
South Savo,District heating,2014,94.6
South Savo,District heating,2015,93.9
South Savo,District heating,2016,112.1
South Savo,District heating,2017,94.9
South Savo,District heating,2018,104.5
South Savo,District heating,2019,100.1
South Savo,District heating,2020,89.0
South Savo,District heating,2021,94.5
South Savo,District heating,2022,75.0
South Savo,District heating,2023,71.0
South Savo,District heating,2024,56.7
South Savo,Oil heating,1990,123.5
South Savo,Oil heating,2005,97.2
South Savo,Oil heating,2006,97.9
South Savo,Oil heating,2007,93.6
South Savo,Oil heating,2008,72.5
South Savo,Oil heating,2009,72.8
South Savo,Oil heating,2010,78.0
South Savo,Oil heating,2011,62.8
South Savo,Oil heating,2012,68.7
South Savo,Oil heating,2013,57.3
South Savo,Oil heating,2014,57.1
South Savo,Oil heating,2015,51.2
South Savo,Oil heating,2016,54.2
South Savo,Oil heating,2017,50.0
South Savo,Oil heating,2018,47.3
South Savo,Oil heating,2019,43.7
South Savo,Oil heating,2020,39.0
South Savo,Oil heating,2021,40.4
South Savo,Oil heating,2022,33.7
South Savo,Oil heating,2023,27.9
South Savo,Oil heating,2024,26.4
South Savo,Other heating,1990,69.8
South Savo,Other heating,2005,45.7
South Savo,Other heating,2006,43.3
South Savo,Other heating,2007,45.2
South Savo,Other heating,2008,45.2
South Savo,Other heating,2009,48.1
South Savo,Other heating,2010,51.2
South Savo,Other heating,2011,43.1
South Savo,Other heating,2012,47.3
South Savo,Other heating,2013,44.1
South Savo,Other heating,2014,44.5
South Savo,Other heating,2015,42.0
South Savo,Other heating,2016,45.5
South Savo,Other heating,2017,44.6
South Savo,Other heating,2018,42.6
South Savo,Other heating,2019,39.8
South Savo,Other heating,2020,40.1
South Savo,Other heating,2021,42.6
South Savo,Other heating,2022,41.2
South Savo,Other heating,2023,38.2
South Savo,Other heating,2024,31.6
South Savo,Industry,1990,95.5
South Savo,Industry,2005,60.7
South Savo,Industry,2006,59.3
South Savo,Industry,2007,57.1
South Savo,Industry,2008,49.9
South Savo,Industry,2009,32.2
South Savo,Industry,2010,27.8
South Savo,Industry,2011,22.8
South Savo,Industry,2012,26.9
South Savo,Industry,2013,28.5
South Savo,Industry,2014,39.3
South Savo,Industry,2015,39.3
South Savo,Industry,2016,42.2
South Savo,Industry,2017,50.7
South Savo,Industry,2018,36.8
South Savo,Industry,2019,25.0
South Savo,Industry,2020,14.7
South Savo,Industry,2021,14.9
South Savo,Industry,2022,15.7
South Savo,Industry,2023,15.9
South Savo,Industry,2024,20.4
South Savo,Machinery,1990,100.2
South Savo,Machinery,2005,102.8
South Savo,Machinery,2006,99.0
South Savo,Machinery,2007,97.7
South Savo,Machinery,2008,101.5
South Savo,Machinery,2009,92.4
South Savo,Machinery,2010,99.8
South Savo,Machinery,2011,93.5
South Savo,Machinery,2012,94.4
South Savo,Machinery,2013,99.5
South Savo,Machinery,2014,93.0
South Savo,Machinery,2015,97.0
South Savo,Machinery,2016,91.0
South Savo,Machinery,2017,95.2
South Savo,Machinery,2018,90.4
South Savo,Machinery,2019,92.9
South Savo,Machinery,2020,94.9
South Savo,Machinery,2021,88.2
South Savo,Machinery,2022,88.7
South Savo,Machinery,2023,86.2
South Savo,Machinery,2024,84.2
South Savo,Road transport,1990,360.7
South Savo,Road transport,2005,376.5
South Savo,Road transport,2006,380.3
South Savo,Road transport,2007,393.0
South Savo,Road transport,2008,374.4
South Savo,Road transport,2009,353.8
South Savo,Road transport,2010,368.6
South Savo,Road transport,2011,362.8
South Savo,Road transport,2012,354.3
South Savo,Road transport,2013,346.9
South Savo,Road transport,2014,311.5
South Savo,Road transport,2015,312.0
South Savo,Road transport,2016,345.3
South Savo,Road transport,2017,328.1
South Savo,Road transport,2018,333.0
South Savo,Road transport,2019,315.1
South Savo,Road transport,2020,299.2
South Savo,Road transport,2021,283.8
South Savo,Road transport,2022,279.3
South Savo,Road transport,2023,266.3
South Savo,Road transport,2024,272.8
South Savo,Rail transport,1990,8.3
South Savo,Rail transport,2005,6.8
South Savo,Rail transport,2006,9.4
South Savo,Rail transport,2007,9.0
South Savo,Rail transport,2008,8.2
South Savo,Rail transport,2009,7.6
South Savo,Rail transport,2010,9.0
South Savo,Rail transport,2011,8.2
South Savo,Rail transport,2012,7.3
South Savo,Rail transport,2013,7.6
South Savo,Rail transport,2014,6.5
South Savo,Rail transport,2015,4.9
South Savo,Rail transport,2016,4.5
South Savo,Rail transport,2017,4.4
South Savo,Rail transport,2018,5.0
South Savo,Rail transport,2019,4.6
South Savo,Rail transport,2020,3.7
South Savo,Rail transport,2021,3.7
South Savo,Rail transport,2022,4.0
South Savo,Rail transport,2023,3.7
South Savo,Rail transport,2024,3.6
South Savo,Water transport,1990,16.8
South Savo,Water transport,2005,16.5
South Savo,Water transport,2006,16.7
South Savo,Water transport,2007,17.0
South Savo,Water transport,2008,14.6
South Savo,Water transport,2009,14.3
South Savo,Water transport,2010,14.8
South Savo,Water transport,2011,13.0
South Savo,Water transport,2012,13.7
South Savo,Water transport,2013,14.5
South Savo,Water transport,2014,13.2
South Savo,Water transport,2015,13.4
South Savo,Water transport,2016,13.1
South Savo,Water transport,2017,12.9
South Savo,Water transport,2018,12.8
South Savo,Water transport,2019,12.7
South Savo,Water transport,2020,13.4
South Savo,Water transport,2021,13.5
South Savo,Water transport,2022,11.4
South Savo,Water transport,2023,11.2
South Savo,Water transport,2024,10.0
South Savo,Agriculture,1990,323.2
South Savo,Agriculture,2005,229.8
South Savo,Agriculture,2006,229.6
South Savo,Agriculture,2007,221.2
South Savo,Agriculture,2008,221.7
South Savo,Agriculture,2009,215.4
South Savo,Agriculture,2010,222.2
South Savo,Agriculture,2011,212.3
South Savo,Agriculture,2012,206.4
South Savo,Agriculture,2013,208.1
South Savo,Agriculture,2014,210.3
South Savo,Agriculture,2015,206.2
South Savo,Agriculture,2016,207.9
South Savo,Agriculture,2017,199.4
South Savo,Agriculture,2018,203.9
South Savo,Agriculture,2019,202.4
South Savo,Agriculture,2020,202.0
South Savo,Agriculture,2021,206.0
South Savo,Agriculture,2022,194.8
South Savo,Agriculture,2023,197.7
South Savo,Agriculture,2024,201.3
South Savo,Waste treatment,1990,146.3
South Savo,Waste treatment,2005,94.9
South Savo,Waste treatment,2006,97.2
South Savo,Waste treatment,2007,97.3
South Savo,Waste treatment,2008,94.0
South Savo,Waste treatment,2009,84.9
South Savo,Waste treatment,2010,83.6
South Savo,Waste treatment,2011,85.7
South Savo,Waste treatment,2012,81.0
South Savo,Waste treatment,2013,76.2
South Savo,Waste treatment,2014,73.2
South Savo,Waste treatment,2015,72.7
South Savo,Waste treatment,2016,71.4
South Savo,Waste treatment,2017,69.3
South Savo,Waste treatment,2018,66.0
South Savo,Waste treatment,2019,65.8
South Savo,Waste treatment,2020,65.9
South Savo,Waste treatment,2021,64.6
South Savo,Waste treatment,2022,61.3
South Savo,Waste treatment,2023,59.8
South Savo,Waste treatment,2024,58.7
South Savo,F-gases,1990,1.8
South Savo,F-gases,2005,38.2
South Savo,F-gases,2006,43.2
South Savo,F-gases,2007,44.6
South Savo,F-gases,2008,45.4
South Savo,F-gases,2009,45.3
South Savo,F-gases,2010,43.2
South Savo,F-gases,2011,42.6
South Savo,F-gases,2012,42.4
South Savo,F-gases,2013,42.0
South Savo,F-gases,2014,41.8
South Savo,F-gases,2015,39.1
South Savo,F-gases,2016,35.2
South Savo,F-gases,2017,32.8
South Savo,F-gases,2018,30.7
South Savo,F-gases,2019,29.4
South Savo,F-gases,2020,27.8
South Savo,F-gases,2021,25.1
South Savo,F-gases,2022,22.6
South Savo,F-gases,2023,20.6
South Savo,F-gases,2024,17.7
South Savo,Emission credits,1990,0.0
South Savo,Emission credits,2005,0.0
South Savo,Emission credits,2006,0.0
South Savo,Emission credits,2007,0.0
South Savo,Emission credits,2008,0.0
South Savo,Emission credits,2009,0.0
South Savo,Emission credits,2010,0.0
South Savo,Emission credits,2011,0.0
South Savo,Emission credits,2012,0.0
South Savo,Emission credits,2013,0.0
South Savo,Emission credits,2014,0.0
South Savo,Emission credits,2015,0.0
South Savo,Emission credits,2016,0.0
South Savo,Emission credits,2017,0.0
South Savo,Emission credits,2018,0.0
South Savo,Emission credits,2019,0.0
South Savo,Emission credits,2020,0.0
South Savo,Emission credits,2021,0.0
South Savo,Emission credits,2022,0.0
South Savo,Emission credits,2023,0.0
South Savo,Emission credits,2024,0.0
Southwest Finland,Electricity,1990,543.8
Southwest Finland,Electricity,2005,627.8
Southwest Finland,Electricity,2006,1115.0
Southwest Finland,Electricity,2007,984.2
Southwest Finland,Electricity,2008,757.7
Southwest Finland,Electricity,2009,784.9
Southwest Finland,Electricity,2010,994.1
Southwest Finland,Electricity,2011,759.5
Southwest Finland,Electricity,2012,545.4
Southwest Finland,Electricity,2013,661.7
Southwest Finland,Electricity,2014,548.9
Southwest Finland,Electricity,2015,428.7
Southwest Finland,Electricity,2016,461.9
Southwest Finland,Electricity,2017,414.1
Southwest Finland,Electricity,2018,485.7
Southwest Finland,Electricity,2019,385.7
Southwest Finland,Electricity,2020,297.4
Southwest Finland,Electricity,2021,328.8
Southwest Finland,Electricity,2022,297.4
Southwest Finland,Electricity,2023,194.5
Southwest Finland,Electricity,2024,154.1
Southwest Finland,Electric heating,1990,146.7
Southwest Finland,Electric heating,2005,171.5
Southwest Finland,Electric heating,2006,236.1
Southwest Finland,Electric heating,2007,243.2
Southwest Finland,Electric heating,2008,178.8
Southwest Finland,Electric heating,2009,208.4
Southwest Finland,Electric heating,2010,280.0
Southwest Finland,Electric heating,2011,218.7
Southwest Finland,Electric heating,2012,157.0
Southwest Finland,Electric heating,2013,188.2
Southwest Finland,Electric heating,2014,139.3
Southwest Finland,Electric heating,2015,118.0
Southwest Finland,Electric heating,2016,138.0
Southwest Finland,Electric heating,2017,115.4
Southwest Finland,Electric heating,2018,129.0
Southwest Finland,Electric heating,2019,104.3
Southwest Finland,Electric heating,2020,79.9
Southwest Finland,Electric heating,2021,98.8
Southwest Finland,Electric heating,2022,85.5
Southwest Finland,Electric heating,2023,59.6
Southwest Finland,Electric heating,2024,45.4
Southwest Finland,District heating,1990,495.5
Southwest Finland,District heating,2005,625.3
Southwest Finland,District heating,2006,584.3
Southwest Finland,District heating,2007,622.0
Southwest Finland,District heating,2008,623.7
Southwest Finland,District heating,2009,658.3
Southwest Finland,District heating,2010,747.3
Southwest Finland,District heating,2011,592.6
Southwest Finland,District heating,2012,715.0
Southwest Finland,District heating,2013,661.0
Southwest Finland,District heating,2014,644.3
Southwest Finland,District heating,2015,501.2
Southwest Finland,District heating,2016,549.4
Southwest Finland,District heating,2017,521.4
Southwest Finland,District heating,2018,435.6
Southwest Finland,District heating,2019,328.7
Southwest Finland,District heating,2020,185.3
Southwest Finland,District heating,2021,241.3
Southwest Finland,District heating,2022,210.4
Southwest Finland,District heating,2023,150.3
Southwest Finland,District heating,2024,123.0
Southwest Finland,Oil heating,1990,547.0
Southwest Finland,Oil heating,2005,342.0
Southwest Finland,Oil heating,2006,327.1
Southwest Finland,Oil heating,2007,316.8
Southwest Finland,Oil heating,2008,246.6
Southwest Finland,Oil heating,2009,255.6
Southwest Finland,Oil heating,2010,280.9
Southwest Finland,Oil heating,2011,215.0
Southwest Finland,Oil heating,2012,232.6
Southwest Finland,Oil heating,2013,205.5
Southwest Finland,Oil heating,2014,197.4
Southwest Finland,Oil heating,2015,182.4
Southwest Finland,Oil heating,2016,192.8
Southwest Finland,Oil heating,2017,183.8
Southwest Finland,Oil heating,2018,177.7
Southwest Finland,Oil heating,2019,164.7
Southwest Finland,Oil heating,2020,145.2
Southwest Finland,Oil heating,2021,150.8
Southwest Finland,Oil heating,2022,125.9
Southwest Finland,Oil heating,2023,100.9
Southwest Finland,Oil heating,2024,90.6
Southwest Finland,Other heating,1990,324.9
Southwest Finland,Other heating,2005,122.2
Southwest Finland,Other heating,2006,115.0
Southwest Finland,Other heating,2007,125.4
Southwest Finland,Other heating,2008,121.5
Southwest Finland,Other heating,2009,122.6
Southwest Finland,Other heating,2010,134.0
Southwest Finland,Other heating,2011,122.1
Southwest Finland,Other heating,2012,118.9
Southwest Finland,Other heating,2013,112.2
Southwest Finland,Other heating,2014,105.2
Southwest Finland,Other heating,2015,100.9
Southwest Finland,Other heating,2016,105.0
Southwest Finland,Other heating,2017,98.8
Southwest Finland,Other heating,2018,90.8
Southwest Finland,Other heating,2019,87.9
Southwest Finland,Other heating,2020,93.1
Southwest Finland,Other heating,2021,91.4
Southwest Finland,Other heating,2022,94.0
Southwest Finland,Other heating,2023,86.2
Southwest Finland,Other heating,2024,57.4
Southwest Finland,Industry,1990,735.7
Southwest Finland,Industry,2005,739.8
Southwest Finland,Industry,2006,649.8
Southwest Finland,Industry,2007,735.5
Southwest Finland,Industry,2008,730.7
Southwest Finland,Industry,2009,598.5
Southwest Finland,Industry,2010,638.3
Southwest Finland,Industry,2011,626.0
Southwest Finland,Industry,2012,517.9
Southwest Finland,Industry,2013,534.5
Southwest Finland,Industry,2014,519.5
Southwest Finland,Industry,2015,467.1
Southwest Finland,Industry,2016,514.3
Southwest Finland,Industry,2017,372.2
Southwest Finland,Industry,2018,444.1
Southwest Finland,Industry,2019,393.6
Southwest Finland,Industry,2020,415.7
Southwest Finland,Industry,2021,368.9
Southwest Finland,Industry,2022,285.4
Southwest Finland,Industry,2023,295.0
Southwest Finland,Industry,2024,216.8
Southwest Finland,Machinery,1990,217.6
Southwest Finland,Machinery,2005,218.6
Southwest Finland,Machinery,2006,225.0
Southwest Finland,Machinery,2007,233.0
Southwest Finland,Machinery,2008,236.3
Southwest Finland,Machinery,2009,225.7
Southwest Finland,Machinery,2010,218.3
Southwest Finland,Machinery,2011,203.4
Southwest Finland,Machinery,2012,226.3
Southwest Finland,Machinery,2013,217.9
Southwest Finland,Machinery,2014,212.6
Southwest Finland,Machinery,2015,204.9
Southwest Finland,Machinery,2016,195.9
Southwest Finland,Machinery,2017,204.8
Southwest Finland,Machinery,2018,211.3
Southwest Finland,Machinery,2019,213.4
Southwest Finland,Machinery,2020,218.7
Southwest Finland,Machinery,2021,202.8
Southwest Finland,Machinery,2022,205.9
Southwest Finland,Machinery,2023,200.7
Southwest Finland,Machinery,2024,201.5
Southwest Finland,Road transport,1990,970.4
Southwest Finland,Road transport,2005,989.2
Southwest Finland,Road transport,2006,1000.1
Southwest Finland,Road transport,2007,1028.5
Southwest Finland,Road transport,2008,982.9
Southwest Finland,Road transport,2009,941.6
Southwest Finland,Road transport,2010,972.4
Southwest Finland,Road transport,2011,955.5
Southwest Finland,Road transport,2012,935.4
Southwest Finland,Road transport,2013,920.5
Southwest Finland,Road transport,2014,836.4
Southwest Finland,Road transport,2015,837.3
Southwest Finland,Road transport,2016,934.8
Southwest Finland,Road transport,2017,886.7
Southwest Finland,Road transport,2018,900.6
Southwest Finland,Road transport,2019,867.5
Southwest Finland,Road transport,2020,817.1
Southwest Finland,Road transport,2021,775.0
Southwest Finland,Road transport,2022,761.6
Southwest Finland,Road transport,2023,739.9
Southwest Finland,Road transport,2024,758.9
Southwest Finland,Rail transport,1990,8.7
Southwest Finland,Rail transport,2005,8.2
Southwest Finland,Rail transport,2006,11.8
Southwest Finland,Rail transport,2007,10.5
Southwest Finland,Rail transport,2008,8.7
Southwest Finland,Rail transport,2009,7.9
Southwest Finland,Rail transport,2010,9.4
Southwest Finland,Rail transport,2011,7.9
Southwest Finland,Rail transport,2012,6.0
Southwest Finland,Rail transport,2013,6.6
Southwest Finland,Rail transport,2014,5.4
Southwest Finland,Rail transport,2015,3.9
Southwest Finland,Rail transport,2016,3.6
Southwest Finland,Rail transport,2017,3.4
Southwest Finland,Rail transport,2018,3.8
Southwest Finland,Rail transport,2019,3.3
Southwest Finland,Rail transport,2020,2.6
Southwest Finland,Rail transport,2021,2.8
Southwest Finland,Rail transport,2022,2.3
Southwest Finland,Rail transport,2023,1.9
Southwest Finland,Rail transport,2024,1.8
Southwest Finland,Water transport,1990,99.7
Southwest Finland,Water transport,2005,100.4
Southwest Finland,Water transport,2006,107.0
Southwest Finland,Water transport,2007,115.2
Southwest Finland,Water transport,2008,106.8
Southwest Finland,Water transport,2009,106.0
Southwest Finland,Water transport,2010,99.5
Southwest Finland,Water transport,2011,100.8
Southwest Finland,Water transport,2012,110.0
Southwest Finland,Water transport,2013,110.3
Southwest Finland,Water transport,2014,102.4
Southwest Finland,Water transport,2015,96.6
Southwest Finland,Water transport,2016,94.6
Southwest Finland,Water transport,2017,94.4
Southwest Finland,Water transport,2018,95.0
Southwest Finland,Water transport,2019,81.9
Southwest Finland,Water transport,2020,69.8
Southwest Finland,Water transport,2021,66.7
Southwest Finland,Water transport,2022,60.6
Southwest Finland,Water transport,2023,59.0
Southwest Finland,Water transport,2024,57.6
Southwest Finland,Agriculture,1990,541.1
Southwest Finland,Agriculture,2005,436.8
Southwest Finland,Agriculture,2006,442.4
Southwest Finland,Agriculture,2007,440.3
Southwest Finland,Agriculture,2008,457.7
Southwest Finland,Agriculture,2009,429.7
Southwest Finland,Agriculture,2010,450.6
Southwest Finland,Agriculture,2011,436.1
Southwest Finland,Agriculture,2012,420.5
Southwest Finland,Agriculture,2013,437.8
Southwest Finland,Agriculture,2014,445.7
Southwest Finland,Agriculture,2015,425.6
Southwest Finland,Agriculture,2016,440.1
Southwest Finland,Agriculture,2017,423.8
Southwest Finland,Agriculture,2018,434.2
Southwest Finland,Agriculture,2019,434.6
Southwest Finland,Agriculture,2020,432.0
Southwest Finland,Agriculture,2021,445.4
Southwest Finland,Agriculture,2022,411.7
Southwest Finland,Agriculture,2023,424.2
Southwest Finland,Agriculture,2024,455.7
Southwest Finland,Waste treatment,1990,313.8
Southwest Finland,Waste treatment,2005,229.9
Southwest Finland,Waste treatment,2006,236.3
Southwest Finland,Waste treatment,2007,231.8
Southwest Finland,Waste treatment,2008,225.2
Southwest Finland,Waste treatment,2009,210.4
Southwest Finland,Waste treatment,2010,204.7
Southwest Finland,Waste treatment,2011,202.5
Southwest Finland,Waste treatment,2012,195.4
Southwest Finland,Waste treatment,2013,179.4
Southwest Finland,Waste treatment,2014,170.9
Southwest Finland,Waste treatment,2015,167.4
Southwest Finland,Waste treatment,2016,154.7
Southwest Finland,Waste treatment,2017,152.9
Southwest Finland,Waste treatment,2018,143.7
Southwest Finland,Waste treatment,2019,137.3
Southwest Finland,Waste treatment,2020,134.1
Southwest Finland,Waste treatment,2021,129.9
Southwest Finland,Waste treatment,2022,123.9
Southwest Finland,Waste treatment,2023,119.3
Southwest Finland,Waste treatment,2024,117.2
Southwest Finland,F-gases,1990,4.6
Southwest Finland,F-gases,2005,102.7
Southwest Finland,F-gases,2006,116.1
Southwest Finland,F-gases,2007,119.2
Southwest Finland,F-gases,2008,121.3
Southwest Finland,F-gases,2009,120.9
Southwest Finland,F-gases,2010,119.0
Southwest Finland,F-gases,2011,116.5
Southwest Finland,F-gases,2012,117.2
Southwest Finland,F-gases,2013,117.3
Southwest Finland,F-gases,2014,111.6
Southwest Finland,F-gases,2015,108.9
Southwest Finland,F-gases,2016,102.6
Southwest Finland,F-gases,2017,94.6
Southwest Finland,F-gases,2018,89.9
Southwest Finland,F-gases,2019,84.9
Southwest Finland,F-gases,2020,80.3
Southwest Finland,F-gases,2021,73.8
Southwest Finland,F-gases,2022,68.4
Southwest Finland,F-gases,2023,62.5
Southwest Finland,F-gases,2024,55.7
Southwest Finland,Emission credits,1990,0.0
Southwest Finland,Emission credits,2005,0.0
Southwest Finland,Emission credits,2006,0.0
Southwest Finland,Emission credits,2007,0.0
Southwest Finland,Emission credits,2008,0.0
Southwest Finland,Emission credits,2009,0.0
Southwest Finland,Emission credits,2010,0.0
Southwest Finland,Emission credits,2011,0.0
Southwest Finland,Emission credits,2012,0.0
Southwest Finland,Emission credits,2013,0.0
Southwest Finland,Emission credits,2014,0.0
Southwest Finland,Emission credits,2015,0.0
Southwest Finland,Emission credits,2016,0.0
Southwest Finland,Emission credits,2017,0.0
Southwest Finland,Emission credits,2018,0.0
Southwest Finland,Emission credits,2019,0.0
Southwest Finland,Emission credits,2020,0.0
Southwest Finland,Emission credits,2021,0.0
Southwest Finland,Emission credits,2022,0.0
Southwest Finland,Emission credits,2023,0.0
Southwest Finland,Emission credits,2024,0.0
Uusimaa,Electricity,1990,1676.2
Uusimaa,Electricity,2005,2123.5
Uusimaa,Electricity,2006,3722.0
Uusimaa,Electricity,2007,3341.3
Uusimaa,Electricity,2008,2620.1
Uusimaa,Electricity,2009,2755.1
Uusimaa,Electricity,2010,3435.3
Uusimaa,Electricity,2011,2663.2
Uusimaa,Electricity,2012,1905.5
Uusimaa,Electricity,2013,2285.9
Uusimaa,Electricity,2014,1902.9
Uusimaa,Electricity,2015,1484.6
Uusimaa,Electricity,2016,1595.5
Uusimaa,Electricity,2017,1425.4
Uusimaa,Electricity,2018,1631.0
Uusimaa,Electricity,2019,1309.7
Uusimaa,Electricity,2020,1010.1
Uusimaa,Electricity,2021,1111.7
Uusimaa,Electricity,2022,1073.2
Uusimaa,Electricity,2023,715.5
Uusimaa,Electricity,2024,598.5
Uusimaa,Electric heating,1990,326.1
Uusimaa,Electric heating,2005,417.5
Uusimaa,Electric heating,2006,579.3
Uusimaa,Electric heating,2007,587.1
Uusimaa,Electric heating,2008,430.2
Uusimaa,Electric heating,2009,506.1
Uusimaa,Electric heating,2010,660.8
Uusimaa,Electric heating,2011,517.8
Uusimaa,Electric heating,2012,373.0
Uusimaa,Electric heating,2013,436.5
Uusimaa,Electric heating,2014,329.8
Uusimaa,Electric heating,2015,274.6
Uusimaa,Electric heating,2016,322.4
Uusimaa,Electric heating,2017,272.4
Uusimaa,Electric heating,2018,302.7
Uusimaa,Electric heating,2019,248.5
Uusimaa,Electric heating,2020,190.3
Uusimaa,Electric heating,2021,230.9
Uusimaa,Electric heating,2022,200.6
Uusimaa,Electric heating,2023,141.5
Uusimaa,Electric heating,2024,105.5
Uusimaa,District heating,1990,2447.9
Uusimaa,District heating,2005,2412.9
Uusimaa,District heating,2006,2572.4
Uusimaa,District heating,2007,2432.6
Uusimaa,District heating,2008,2176.6
Uusimaa,District heating,2009,2494.9
Uusimaa,District heating,2010,2663.2
Uusimaa,District heating,2011,2333.3
Uusimaa,District heating,2012,2674.6
Uusimaa,District heating,2013,2514.2
Uusimaa,District heating,2014,2333.1
Uusimaa,District heating,2015,2121.4
Uusimaa,District heating,2016,2474.2
Uusimaa,District heating,2017,2427.9
Uusimaa,District heating,2018,2327.6
Uusimaa,District heating,2019,2183.2
Uusimaa,District heating,2020,1723.6
Uusimaa,District heating,2021,1939.4
Uusimaa,District heating,2022,2179.4
Uusimaa,District heating,2023,1657.7
Uusimaa,District heating,2024,1359.2
Uusimaa,Oil heating,1990,709.0
Uusimaa,Oil heating,2005,510.3
Uusimaa,Oil heating,2006,503.5
Uusimaa,Oil heating,2007,470.6
Uusimaa,Oil heating,2008,356.8
Uusimaa,Oil heating,2009,368.4
Uusimaa,Oil heating,2010,406.1
Uusimaa,Oil heating,2011,313.2
Uusimaa,Oil heating,2012,338.5
Uusimaa,Oil heating,2013,299.3
Uusimaa,Oil heating,2014,289.2
Uusimaa,Oil heating,2015,257.8
Uusimaa,Oil heating,2016,281.3
Uusimaa,Oil heating,2017,268.1
Uusimaa,Oil heating,2018,257.9
Uusimaa,Oil heating,2019,235.9
Uusimaa,Oil heating,2020,205.9
Uusimaa,Oil heating,2021,210.2
Uusimaa,Oil heating,2022,173.3
Uusimaa,Oil heating,2023,132.1
Uusimaa,Oil heating,2024,123.9
Uusimaa,Other heating,1990,299.5
Uusimaa,Other heating,2005,101.9
Uusimaa,Other heating,2006,105.0
Uusimaa,Other heating,2007,109.3
Uusimaa,Other heating,2008,102.4
Uusimaa,Other heating,2009,102.4
Uusimaa,Other heating,2010,112.4
Uusimaa,Other heating,2011,97.8
Uusimaa,Other heating,2012,103.2
Uusimaa,Other heating,2013,99.7
Uusimaa,Other heating,2014,97.4
Uusimaa,Other heating,2015,99.9
Uusimaa,Other heating,2016,105.7
Uusimaa,Other heating,2017,102.9
Uusimaa,Other heating,2018,97.9
Uusimaa,Other heating,2019,97.9
Uusimaa,Other heating,2020,99.0
Uusimaa,Other heating,2021,107.4
Uusimaa,Other heating,2022,106.6
Uusimaa,Other heating,2023,95.7
Uusimaa,Other heating,2024,76.0
Uusimaa,Industry,1990,2634.6
Uusimaa,Industry,2005,2576.0
Uusimaa,Industry,2006,2520.5
Uusimaa,Industry,2007,2781.7
Uusimaa,Industry,2008,3453.1
Uusimaa,Industry,2009,2992.4
Uusimaa,Industry,2010,3164.3
Uusimaa,Industry,2011,3177.4
Uusimaa,Industry,2012,2869.3
Uusimaa,Industry,2013,2802.8
Uusimaa,Industry,2014,2735.0
Uusimaa,Industry,2015,2651.5
Uusimaa,Industry,2016,2946.6
Uusimaa,Industry,2017,2854.8
Uusimaa,Industry,2018,2866.0
Uusimaa,Industry,2019,3212.8
Uusimaa,Industry,2020,3149.6
Uusimaa,Industry,2021,2519.2
Uusimaa,Industry,2022,2183.1
Uusimaa,Industry,2023,2083.8
Uusimaa,Industry,2024,1469.9
Uusimaa,Machinery,1990,325.8
Uusimaa,Machinery,2005,349.8
Uusimaa,Machinery,2006,338.6
Uusimaa,Machinery,2007,347.9
Uusimaa,Machinery,2008,374.2
Uusimaa,Machinery,2009,356.6
Uusimaa,Machinery,2010,333.4
Uusimaa,Machinery,2011,326.7
Uusimaa,Machinery,2012,362.0
Uusimaa,Machinery,2013,339.4
Uusimaa,Machinery,2014,334.4
Uusimaa,Machinery,2015,361.6
Uusimaa,Machinery,2016,367.1
Uusimaa,Machinery,2017,391.4
Uusimaa,Machinery,2018,405.4
Uusimaa,Machinery,2019,424.3
Uusimaa,Machinery,2020,420.5
Uusimaa,Machinery,2021,401.5
Uusimaa,Machinery,2022,421.5
Uusimaa,Machinery,2023,427.7
Uusimaa,Machinery,2024,397.4
Uusimaa,Road transport,1990,2478.0
Uusimaa,Road transport,2005,2692.0
Uusimaa,Road transport,2006,2725.4
Uusimaa,Road transport,2007,2804.4
Uusimaa,Road transport,2008,2694.4
Uusimaa,Road transport,2009,2587.4
Uusimaa,Road transport,2010,2668.1
Uusimaa,Road transport,2011,2625.4
Uusimaa,Road transport,2012,2572.7
Uusimaa,Road transport,2013,2541.5
Uusimaa,Road transport,2014,2320.5
Uusimaa,Road transport,2015,2315.1
Uusimaa,Road transport,2016,2595.8
Uusimaa,Road transport,2017,2464.4
Uusimaa,Road transport,2018,2490.3
Uusimaa,Road transport,2019,2414.4
Uusimaa,Road transport,2020,2265.2
Uusimaa,Road transport,2021,2146.2
Uusimaa,Road transport,2022,2092.7
Uusimaa,Road transport,2023,2018.1
Uusimaa,Road transport,2024,2049.4
Uusimaa,Rail transport,1990,36.4
Uusimaa,Rail transport,2005,39.0
Uusimaa,Rail transport,2006,61.8
Uusimaa,Rail transport,2007,48.0
Uusimaa,Rail transport,2008,39.7
Uusimaa,Rail transport,2009,40.7
Uusimaa,Rail transport,2010,50.3
Uusimaa,Rail transport,2011,41.3
Uusimaa,Rail transport,2012,30.0
Uusimaa,Rail transport,2013,35.8
Uusimaa,Rail transport,2014,30.4
Uusimaa,Rail transport,2015,24.3
Uusimaa,Rail transport,2016,26.0
Uusimaa,Rail transport,2017,26.8
Uusimaa,Rail transport,2018,31.4
Uusimaa,Rail transport,2019,24.4
Uusimaa,Rail transport,2020,18.8
Uusimaa,Rail transport,2021,19.4
Uusimaa,Rail transport,2022,17.8
Uusimaa,Rail transport,2023,12.7
Uusimaa,Rail transport,2024,10.5
Uusimaa,Water transport,1990,130.9
Uusimaa,Water transport,2005,129.4
Uusimaa,Water transport,2006,134.5
Uusimaa,Water transport,2007,134.0
Uusimaa,Water transport,2008,126.8
Uusimaa,Water transport,2009,114.0
Uusimaa,Water transport,2010,123.6
Uusimaa,Water transport,2011,120.3
Uusimaa,Water transport,2012,109.2
Uusimaa,Water transport,2013,110.4
Uusimaa,Water transport,2014,101.5
Uusimaa,Water transport,2015,104.0
Uusimaa,Water transport,2016,99.9
Uusimaa,Water transport,2017,104.4
Uusimaa,Water transport,2018,105.3
Uusimaa,Water transport,2019,128.5
Uusimaa,Water transport,2020,103.6
Uusimaa,Water transport,2021,96.5
Uusimaa,Water transport,2022,88.2
Uusimaa,Water transport,2023,87.3
Uusimaa,Water transport,2024,68.4
Uusimaa,Agriculture,1990,366.4
Uusimaa,Agriculture,2005,264.4
Uusimaa,Agriculture,2006,262.8
Uusimaa,Agriculture,2007,258.9
Uusimaa,Agriculture,2008,268.7
Uusimaa,Agriculture,2009,252.4
Uusimaa,Agriculture,2010,258.4
Uusimaa,Agriculture,2011,245.1
Uusimaa,Agriculture,2012,238.4
Uusimaa,Agriculture,2013,246.7
Uusimaa,Agriculture,2014,248.8
Uusimaa,Agriculture,2015,242.0
Uusimaa,Agriculture,2016,246.5
Uusimaa,Agriculture,2017,237.4
Uusimaa,Agriculture,2018,238.4
Uusimaa,Agriculture,2019,242.2
Uusimaa,Agriculture,2020,239.5
Uusimaa,Agriculture,2021,247.5
Uusimaa,Agriculture,2022,227.3
Uusimaa,Agriculture,2023,237.6
Uusimaa,Agriculture,2024,249.6
Uusimaa,Waste treatment,1990,832.9
Uusimaa,Waste treatment,2005,431.1
Uusimaa,Waste treatment,2006,497.9
Uusimaa,Waste treatment,2007,481.2
Uusimaa,Waste treatment,2008,408.4
Uusimaa,Waste treatment,2009,445.1
Uusimaa,Waste treatment,2010,423.1
Uusimaa,Waste treatment,2011,393.3
Uusimaa,Waste treatment,2012,403.4
Uusimaa,Waste treatment,2013,375.7
Uusimaa,Waste treatment,2014,372.0
Uusimaa,Waste treatment,2015,344.8
Uusimaa,Waste treatment,2016,306.2
Uusimaa,Waste treatment,2017,287.6
Uusimaa,Waste treatment,2018,275.0
Uusimaa,Waste treatment,2019,257.4
Uusimaa,Waste treatment,2020,247.9
Uusimaa,Waste treatment,2021,217.2
Uusimaa,Waste treatment,2022,200.8
Uusimaa,Waste treatment,2023,185.1
Uusimaa,Waste treatment,2024,176.8
Uusimaa,F-gases,1990,13.7
Uusimaa,F-gases,2005,270.2
Uusimaa,F-gases,2006,311.2
Uusimaa,F-gases,2007,314.5
Uusimaa,F-gases,2008,332.4
Uusimaa,F-gases,2009,333.3
Uusimaa,F-gases,2010,331.8
Uusimaa,F-gases,2011,330.4
Uusimaa,F-gases,2012,335.7
Uusimaa,F-gases,2013,334.9
Uusimaa,F-gases,2014,332.6
Uusimaa,F-gases,2015,297.7
Uusimaa,F-gases,2016,297.5
Uusimaa,F-gases,2017,280.4
Uusimaa,F-gases,2018,274.3
Uusimaa,F-gases,2019,263.3
Uusimaa,F-gases,2020,249.2
Uusimaa,F-gases,2021,230.9
Uusimaa,F-gases,2022,219.8
Uusimaa,F-gases,2023,200.6
Uusimaa,F-gases,2024,181.7
Uusimaa,Emission credits,1990,0.0
Uusimaa,Emission credits,2005,0.0
Uusimaa,Emission credits,2006,0.0
Uusimaa,Emission credits,2007,0.0
Uusimaa,Emission credits,2008,0.0
Uusimaa,Emission credits,2009,0.0
Uusimaa,Emission credits,2010,0.0
Uusimaa,Emission credits,2011,0.0
Uusimaa,Emission credits,2012,0.0
Uusimaa,Emission credits,2013,0.0
Uusimaa,Emission credits,2014,0.0
Uusimaa,Emission credits,2015,0.0
Uusimaa,Emission credits,2016,0.0
Uusimaa,Emission credits,2017,0.0
Uusimaa,Emission credits,2018,0.0
Uusimaa,Emission credits,2019,0.0
Uusimaa,Emission credits,2020,0.0
Uusimaa,Emission credits,2021,0.0
Uusimaa,Emission credits,2022,0.0
Uusimaa,Emission credits,2023,0.0
Uusimaa,Emission credits,2024,0.0
Åland,Electricity,1990,24.4
Åland,Electricity,2005,29.9
Åland,Electricity,2006,53.1
Åland,Electricity,2007,47.1
Åland,Electricity,2008,35.4
Åland,Electricity,2009,37.7
Åland,Electricity,2010,48.7
Åland,Electricity,2011,37.4
Åland,Electricity,2012,27.5
Åland,Electricity,2013,33.1
Åland,Electricity,2014,27.9
Åland,Electricity,2015,21.5
Åland,Electricity,2016,24.1
Åland,Electricity,2017,21.4
Åland,Electricity,2018,24.5
Åland,Electricity,2019,19.7
Åland,Electricity,2020,15.5
Åland,Electricity,2021,18.0
Åland,Electricity,2022,15.7
Åland,Electricity,2023,9.7
Åland,Electricity,2024,7.8
Åland,Electric heating,1990,9.8
Åland,Electric heating,2005,11.9
Åland,Electric heating,2006,16.0
Åland,Electric heating,2007,16.4
Åland,Electric heating,2008,12.0
Åland,Electric heating,2009,14.3
Åland,Electric heating,2010,20.2
Åland,Electric heating,2011,15.8
Åland,Electric heating,2012,11.2
Åland,Electric heating,2013,13.8
Åland,Electric heating,2014,10.1
Åland,Electric heating,2015,8.8
Åland,Electric heating,2016,10.2
Åland,Electric heating,2017,8.9
Åland,Electric heating,2018,10.0
Åland,Electric heating,2019,7.8
Åland,Electric heating,2020,5.9
Åland,Electric heating,2021,7.1
Åland,Electric heating,2022,6.2
Åland,Electric heating,2023,4.3
Åland,Electric heating,2024,3.4
Åland,District heating,1990,8.1
Åland,District heating,2005,21.7
Åland,District heating,2006,22.6
Åland,District heating,2007,22.4
Åland,District heating,2008,10.6
Åland,District heating,2009,10.2
Åland,District heating,2010,13.1
Åland,District heating,2011,10.4
Åland,District heating,2012,12.8
Åland,District heating,2013,8.2
Åland,District heating,2014,6.5
Åland,District heating,2015,4.9
Åland,District heating,2016,7.8
Åland,District heating,2017,7.2
Åland,District heating,2018,10.5
Åland,District heating,2019,11.2
Åland,District heating,2020,3.8
Åland,District heating,2021,4.3
Åland,District heating,2022,2.8
Åland,District heating,2023,4.0
Åland,District heating,2024,3.4
Åland,Oil heating,1990,42.2
Åland,Oil heating,2005,32.0
Åland,Oil heating,2006,30.7
Åland,Oil heating,2007,29.1
Åland,Oil heating,2008,23.0
Åland,Oil heating,2009,23.3
Åland,Oil heating,2010,26.2
Åland,Oil heating,2011,20.4
Åland,Oil heating,2012,22.1
Åland,Oil heating,2013,19.7
Åland,Oil heating,2014,18.6
Åland,Oil heating,2015,17.3
Åland,Oil heating,2016,18.3
Åland,Oil heating,2017,17.6
Åland,Oil heating,2018,16.8
Åland,Oil heating,2019,15.4
Åland,Oil heating,2020,13.7
Åland,Oil heating,2021,13.6
Åland,Oil heating,2022,11.6
Åland,Oil heating,2023,9.7
Åland,Oil heating,2024,9.0
Åland,Other heating,1990,6.9
Åland,Other heating,2005,4.5
Åland,Other heating,2006,5.2
Åland,Other heating,2007,5.7
Åland,Other heating,2008,5.7
Åland,Other heating,2009,4.5
Åland,Other heating,2010,5.1
Åland,Other heating,2011,4.9
Åland,Other heating,2012,5.1
Åland,Other heating,2013,5.0
Åland,Other heating,2014,4.8
Åland,Other heating,2015,4.9
Åland,Other heating,2016,5.0
Åland,Other heating,2017,5.1
Åland,Other heating,2018,4.7
Åland,Other heating,2019,4.7
Åland,Other heating,2020,5.2
Åland,Other heating,2021,5.0
Åland,Other heating,2022,5.4
Åland,Other heating,2023,5.0
Åland,Other heating,2024,3.1
Åland,Industry,1990,5.2
Åland,Industry,2005,5.2
Åland,Industry,2006,4.8
Åland,Industry,2007,4.4
Åland,Industry,2008,3.6
Åland,Industry,2009,2.9
Åland,Industry,2010,3.7
Åland,Industry,2011,3.0
Åland,Industry,2012,3.1
Åland,Industry,2013,3.2
Åland,Industry,2014,2.6
Åland,Industry,2015,3.4
Åland,Industry,2016,3.1
Åland,Industry,2017,3.9
Åland,Industry,2018,3.2
Åland,Industry,2019,2.7
Åland,Industry,2020,2.8
Åland,Industry,2021,2.2
Åland,Industry,2022,3.2
Åland,Industry,2023,2.7
Åland,Industry,2024,3.6
Åland,Machinery,1990,9.4
Åland,Machinery,2005,9.2
Åland,Machinery,2006,9.2
Åland,Machinery,2007,10.3
Åland,Machinery,2008,10.5
Åland,Machinery,2009,9.9
Åland,Machinery,2010,11.0
Åland,Machinery,2011,10.3
Åland,Machinery,2012,10.5
Åland,Machinery,2013,9.8
Åland,Machinery,2014,10.2
Åland,Machinery,2015,9.4
Åland,Machinery,2016,10.2
Åland,Machinery,2017,9.5
Åland,Machinery,2018,8.6
Åland,Machinery,2019,9.3
Åland,Machinery,2020,9.2
Åland,Machinery,2021,8.0
Åland,Machinery,2022,8.1
Åland,Machinery,2023,9.2
Åland,Machinery,2024,8.4
Åland,Road transport,1990,54.5
Åland,Road transport,2005,53.2
Åland,Road transport,2006,60.0
Åland,Road transport,2007,65.1
Åland,Road transport,2008,60.6
Åland,Road transport,2009,54.5
Åland,Road transport,2010,57.6
Åland,Road transport,2011,61.1
Åland,Road transport,2012,58.2
Åland,Road transport,2013,56.5
Åland,Road transport,2014,51.2
Åland,Road transport,2015,52.7
Åland,Road transport,2016,56.5
Åland,Road transport,2017,52.9
Åland,Road transport,2018,54.0
Åland,Road transport,2019,61.2
Åland,Road transport,2020,52.3
Åland,Road transport,2021,43.8
Åland,Road transport,2022,45.5
Åland,Road transport,2023,43.3
Åland,Road transport,2024,43.3
Åland,Rail transport,1990,0.0
Åland,Rail transport,2005,0.0
Åland,Rail transport,2006,0.0
Åland,Rail transport,2007,0.0
Åland,Rail transport,2008,0.0
Åland,Rail transport,2009,0.0
Åland,Rail transport,2010,0.0
Åland,Rail transport,2011,0.0
Åland,Rail transport,2012,0.0
Åland,Rail transport,2013,0.0
Åland,Rail transport,2014,0.0
Åland,Rail transport,2015,0.0
Åland,Rail transport,2016,0.0
Åland,Rail transport,2017,0.0
Åland,Rail transport,2018,0.0
Åland,Rail transport,2019,0.0
Åland,Rail transport,2020,0.0
Åland,Rail transport,2021,0.0
Åland,Rail transport,2022,0.0
Åland,Rail transport,2023,0.0
Åland,Rail transport,2024,0.0
Åland,Water transport,1990,53.1
Åland,Water transport,2005,61.1
Åland,Water transport,2006,60.1
Åland,Water transport,2007,59.8
Åland,Water transport,2008,57.1
Åland,Water transport,2009,56.3
Åland,Water transport,2010,53.8
Åland,Water transport,2011,59.7
Åland,Water transport,2012,68.6
Åland,Water transport,2013,69.9
Åland,Water transport,2014,59.9
Åland,Water transport,2015,59.3
Åland,Water transport,2016,57.6
Åland,Water transport,2017,55.8
Åland,Water transport,2018,55.3
Åland,Water transport,2019,46.5
Åland,Water transport,2020,33.2
Åland,Water transport,2021,32.7
Åland,Water transport,2022,31.5
Åland,Water transport,2023,31.3
Åland,Water transport,2024,31.2
Åland,Agriculture,1990,36.0
Åland,Agriculture,2005,39.7
Åland,Agriculture,2006,41.6
Åland,Agriculture,2007,40.5
Åland,Agriculture,2008,42.3
Åland,Agriculture,2009,41.8
Åland,Agriculture,2010,42.8
Åland,Agriculture,2011,40.9
Åland,Agriculture,2012,40.3
Åland,Agriculture,2013,42.3
Åland,Agriculture,2014,44.8
Åland,Agriculture,2015,42.2
Åland,Agriculture,2016,44.3
Åland,Agriculture,2017,43.2
Åland,Agriculture,2018,42.7
Åland,Agriculture,2019,40.8
Åland,Agriculture,2020,42.1
Åland,Agriculture,2021,43.7
Åland,Agriculture,2022,39.8
Åland,Agriculture,2023,38.5
Åland,Agriculture,2024,39.6
Åland,Waste treatment,1990,16.9
Åland,Waste treatment,2005,14.8
Åland,Waste treatment,2006,14.9
Åland,Waste treatment,2007,14.7
Åland,Waste treatment,2008,14.4
Åland,Waste treatment,2009,13.6
Åland,Waste treatment,2010,13.7
Åland,Waste treatment,2011,13.5
Åland,Waste treatment,2012,12.9
Åland,Waste treatment,2013,12.3
Åland,Waste treatment,2014,11.6
Åland,Waste treatment,2015,11.1
Åland,Waste treatment,2016,10.5
Åland,Waste treatment,2017,10.0
Åland,Waste treatment,2018,9.7
Åland,Waste treatment,2019,9.5
Åland,Waste treatment,2020,9.1
Åland,Waste treatment,2021,8.6
Åland,Waste treatment,2022,8.1
Åland,Waste treatment,2023,7.7
Åland,Waste treatment,2024,7.5
Åland,F-gases,1990,0.3
Åland,F-gases,2005,7.9
Åland,F-gases,2006,9.4
Åland,F-gases,2007,10.0
Åland,F-gases,2008,10.3
Åland,F-gases,2009,9.5
Åland,F-gases,2010,9.6
Åland,F-gases,2011,9.2
Åland,F-gases,2012,9.3
Åland,F-gases,2013,9.4
Åland,F-gases,2014,9.3
Åland,F-gases,2015,8.8
Åland,F-gases,2016,8.9
Åland,F-gases,2017,8.1
Åland,F-gases,2018,8.0
Åland,F-gases,2019,7.8
Åland,F-gases,2020,7.0
Åland,F-gases,2021,6.5
Åland,F-gases,2022,5.4
Åland,F-gases,2023,5.4
Åland,F-gases,2024,4.3
Åland,Emission credits,1990,0.0
Åland,Emission credits,2005,0.0
Åland,Emission credits,2006,0.0
Åland,Emission credits,2007,0.0
Åland,Emission credits,2008,0.0
Åland,Emission credits,2009,0.0
Åland,Emission credits,2010,0.0
Åland,Emission credits,2011,0.0
Åland,Emission credits,2012,0.0
Åland,Emission credits,2013,0.0
Åland,Emission credits,2014,0.0
Åland,Emission credits,2015,0.0
Åland,Emission credits,2016,0.0
Åland,Emission credits,2017,0.0
Åland,Emission credits,2018,0.0
Åland,Emission credits,2019,0.0
Åland,Emission credits,2020,0.0
Åland,Emission credits,2021,0.0
Åland,Emission credits,2022,0.0
Åland,Emission credits,2023,0.0
Åland,Emission credits,2024,0.0
