model,check,region,sector,independent_forecast,bottom_up_forecast,abs_diff,pct_diff
GRU,subclass -> sector,Central Finland,Agriculture,252.89334409236906,252.1575821965933,0.7357618957757666,0.29093762764552245
GRU,subclass -> sector,Central Finland,District heating,221.88981304168703,207.6217489466071,14.268064095079922,6.430247472604496
GRU,subclass -> sector,Central Finland,Electric heating,54.91154843866824,44.35681294202804,10.554735496640198,19.221340131081867
GRU,subclass -> sector,Central Finland,Electricity,367.5257336974144,230.9445808261633,136.5811528712511,37.16233731369107
GRU,subclass -> sector,Central Finland,Emission credits,-0.5807773172855377,,,
GRU,subclass -> sector,Central Finland,F-gases,48.27226341068745,42.478550183773045,5.793713226914406,12.002157797373307
GRU,subclass -> sector,Central Finland,Industry,148.29117446839808,112.94459537863729,35.346579089760795,23.835929020370262
GRU,subclass -> sector,Central Finland,Machinery,135.12017323076725,133.22256890684366,1.8976043239235878,1.404382690275813
GRU,subclass -> sector,Central Finland,Oil heating,68.81078130751848,51.5358034685254,17.27497783899308,25.10504532972882
GRU,subclass -> sector,Central Finland,Other heating,49.974150443077086,46.82986719757318,3.1442832455039067,6.29181930583371
GRU,subclass -> sector,Central Finland,Rail transport,4.336829894781113,4.785633608698845,-0.4488037139177319,-10.348658462666858
GRU,subclass -> sector,Central Finland,Road transport,561.8592765629292,560.8471426382662,1.012133924662976,0.180140111035368
GRU,subclass -> sector,Central Finland,Waste treatment,76.82682124674321,71.76668335795404,5.060137888789171,6.586421000730493
GRU,subclass -> sector,Central Finland,Water transport,8.64157909154892,7.969956731796265,0.6716223597526545,7.771986492717185
GRU,subclass -> sector,Central Ostrobothnia,Agriculture,313.48743725717065,321.25794580429795,-7.770508547127292,-2.4787304445481575
GRU,subclass -> sector,Central Ostrobothnia,District heating,39.60104853957891,43.294144831597805,-3.6930962920188932,-9.32575380757371
GRU,subclass -> sector,Central Ostrobothnia,Electric heating,14.344707599282266,14.169993570446968,0.1747140288352984,1.2179685617575096
GRU,subclass -> sector,Central Ostrobothnia,Electricity,121.83452669829127,114.92744479328394,6.907081905007331,5.669231942856313
GRU,subclass -> sector,Central Ostrobothnia,Emission credits,-0.6590189635753632,,,
GRU,subclass -> sector,Central Ostrobothnia,F-gases,12.417821383476257,10.870291906595229,1.547529476881028,12.462165697923826
GRU,subclass -> sector,Central Ostrobothnia,Industry,75.3409414768219,76.6315380692482,-1.2905965924262972,-1.7130083154367537
GRU,subclass -> sector,Central Ostrobothnia,Machinery,38.83178636133671,40.12810832709074,-1.2963219657540321,-3.3383011373505322
GRU,subclass -> sector,Central Ostrobothnia,Oil heating,22.506166183948515,21.043098725378513,1.463067458570002,6.500740493125246
GRU,subclass -> sector,Central Ostrobothnia,Other heating,17.77279723882675,17.26484703719616,0.5079502016305923,2.858020573829064
GRU,subclass -> sector,Central Ostrobothnia,Rail transport,2.952580186724663,2.7528272002935408,0.19975298643112227,6.765370414976298
GRU,subclass -> sector,Central Ostrobothnia,Road transport,140.2103378534317,140.43336514234545,-0.22302728891375523,-0.15906622316743568
GRU,subclass -> sector,Central Ostrobothnia,Waste treatment,23.663171428442002,24.796892322599888,-1.1337208941578858,-4.791077550979525
GRU,subclass -> sector,Central Ostrobothnia,Water transport,7.6625333547592165,7.146520818769932,0.5160125359892849,6.734228904449576
GRU,subclass -> sector,Kainuu,Agriculture,114.4770701982081,114.39084573984147,0.08622445836662962,0.07532028747533345
GRU,subclass -> sector,Kainuu,District heating,58.75858688354492,53.99988935440779,4.75869752913713,8.098726980225901
GRU,subclass -> sector,Kainuu,Electric heating,18.07593860626221,12.961137914657595,5.114800691604614,28.29618313614236
GRU,subclass -> sector,Kainuu,Electricity,50.29958806037903,-0.3947037577629118,50.69429181814194,100.78470574607712
GRU,subclass -> sector,Kainuu,Emission credits,-0.5784251391887665,,,
GRU,subclass -> sector,Kainuu,F-gases,14.572916889190676,12.014451634883882,2.5584652543067943,17.556301691423986
GRU,subclass -> sector,Kainuu,Industry,17.5410367846489,11.609174056351186,5.9318627282977126,33.81705882681349
GRU,subclass -> sector,Kainuu,Machinery,82.79346667528152,86.95762267112733,-4.164155995845803,-5.02957076574381
GRU,subclass -> sector,Kainuu,Oil heating,16.896836155653,12.662183621525767,4.234652534127232,25.06180740061499
GRU,subclass -> sector,Kainuu,Other heating,18.711366403102875,18.31039316803217,0.4009732350707047,2.142939357994785
GRU,subclass -> sector,Kainuu,Rail transport,9.265114641189575,7.147602117061616,2.1175125241279584,22.85468238799995
GRU,subclass -> sector,Kainuu,Road transport,160.15955099314453,158.04730511754752,2.1122458755970115,1.3188385347605176
GRU,subclass -> sector,Kainuu,Waste treatment,27.0471627548337,27.643374060094356,-0.5962113052606561,-2.204339548162422
GRU,subclass -> sector,Kainuu,Water transport,2.625951740145683,1.3971374168992041,1.228814323246479,46.7950078617327
GRU,subclass -> sector,Kanta-Häme,Agriculture,186.96532654501496,188.27996423840523,-1.3146376933902673,-0.7031451861603583
GRU,subclass -> sector,Kanta-Häme,District heating,112.2983880877495,105.03969365507365,7.258694432675853,6.46375656523577
GRU,subclass -> sector,Kanta-Häme,Electric heating,44.14843801259995,35.56856428235769,8.579873730242255,19.434150145456027
GRU,subclass -> sector,Kanta-Häme,Electricity,124.54147318303585,98.33729927837851,26.20417390465734,21.0405202660046
GRU,subclass -> sector,Kanta-Häme,Emission credits,-0.5967061817646027,,,
GRU,subclass -> sector,Kanta-Häme,F-gases,29.257686692476277,24.93482086658478,4.322865825891498,14.77514566113369
GRU,subclass -> sector,Kanta-Häme,Industry,123.77414344884455,141.38983233124017,-17.615688882395617,-14.23212343996234
GRU,subclass -> sector,Kanta-Häme,Machinery,80.86601021140814,79.94722457230091,0.9187856391072273,1.1361827258513737
GRU,subclass -> sector,Kanta-Häme,Oil heating,46.540989494323725,38.946618428826326,7.594371065497398,16.31759691405708
GRU,subclass -> sector,Kanta-Häme,Other heating,32.179275476932524,28.94483736157417,3.234438115358355,10.051308077700313
GRU,subclass -> sector,Kanta-Häme,Rail transport,5.313705924153328,5.461513152718544,-0.1478072285652159,-2.781622292896593
GRU,subclass -> sector,Kanta-Häme,Road transport,363.64887163341047,365.0162617385388,-1.3673901051283224,-0.37601934497593326
GRU,subclass -> sector,Kanta-Häme,Waste treatment,35.28483833447099,42.27173554003239,-6.986897205561398,-19.80141481542698
GRU,subclass -> sector,Kanta-Häme,Water transport,3.0895632922649385,1.2346895605325698,1.8548737317323687,60.036761065107456
GRU,subclass -> sector,Kymenlaakso,Agriculture,113.5074513554573,115.44030341506004,-1.9328520596027374,-1.7028415637224226
GRU,subclass -> sector,Kymenlaakso,District heating,77.88678837865591,76.23765597194432,1.649132406711587,2.1173454972801458
GRU,subclass -> sector,Kymenlaakso,Electric heating,32.730930322408675,28.655722725391385,4.07520759701729,12.450631732356438
GRU,subclass -> sector,Kymenlaakso,Electricity,208.72777963429692,141.13175614327193,67.596023491025,32.38477581156524
GRU,subclass -> sector,Kymenlaakso,Emission credits,-0.6145535409450531,,,
GRU,subclass -> sector,Kymenlaakso,F-gases,32.506906640529635,29.420237213373184,3.086669427156451,9.495426499019716
GRU,subclass -> sector,Kymenlaakso,Industry,325.3673713095486,274.7370707318187,50.63030057772994,15.560964325940722
GRU,subclass -> sector,Kymenlaakso,Machinery,61.09822267591952,62.52301081418992,-1.4247881382703937,-2.3319633139376763
GRU,subclass -> sector,Kymenlaakso,Oil heating,48.43659979850054,38.160799610614774,10.275800187885764,21.21494950230564
GRU,subclass -> sector,Kymenlaakso,Other heating,80.2577647820115,73.79031780809163,6.467446973919877,8.058344250535933
GRU,subclass -> sector,Kymenlaakso,Rail transport,9.075138734281063,8.675573967397213,0.39956476688385045,4.402850232740868
GRU,subclass -> sector,Kymenlaakso,Road transport,330.3126193448901,316.51575509980324,13.796864245086851,4.176911034295393
GRU,subclass -> sector,Kymenlaakso,Waste treatment,135.92722679674625,128.405505977571,7.521720819175243,5.533638106530762
GRU,subclass -> sector,Kymenlaakso,Water transport,17.81579846143723,15.612412208318709,2.20338625311852,12.36759754488584
GRU,subclass -> sector,Lapland,Agriculture,319.6366722494364,313.13952262699604,6.497149622440361,2.0326671457054055
GRU,subclass -> sector,Lapland,District heating,193.46884675025942,182.79847681671382,10.6703699335456,5.515291021153148
GRU,subclass -> sector,Lapland,Electric heating,80.52725405097007,61.96705343723298,18.560200613737095,23.04834659081922
GRU,subclass -> sector,Lapland,Electricity,521.7654375314712,345.4809807389975,176.2844567924737,33.7861506554544
GRU,subclass -> sector,Lapland,Emission credits,-0.5649848282337189,,,
GRU,subclass -> sector,Lapland,F-gases,39.31767231374979,32.979346084594724,6.338326229155065,16.120807403286914
GRU,subclass -> sector,Lapland,Industry,526.3110324680805,395.46894254684446,130.84208992123604,24.860221779442043
GRU,subclass -> sector,Lapland,Machinery,158.77132873982194,163.6908826082945,-4.919553868472548,-3.0985152719444735
GRU,subclass -> sector,Lapland,Oil heating,74.93151533901693,60.24094045609236,14.690574882924565,19.605335373853258
GRU,subclass -> sector,Lapland,Other heating,44.89803434312343,43.411867070198056,1.4861672729253712,3.3100942940344833
GRU,subclass -> sector,Lapland,Rail transport,5.373505067825318,5.4900906652212145,-0.11658559739589691,-2.169637804828193
GRU,subclass -> sector,Lapland,Road transport,423.50442234855143,432.44743442833425,-8.943012079782818,-2.111669113202923
GRU,subclass -> sector,Lapland,Waste treatment,112.22336689680816,104.93898870050907,7.2843781962990874,6.490963867620575
GRU,subclass -> sector,Lapland,Water transport,13.320617048442365,11.582726290822029,1.7378907576203364,13.046623525773946
GRU,subclass -> sector,North Karelia,Agriculture,285.956620195508,280.6164985209703,5.34012167453767,1.867458662396639
GRU,subclass -> sector,North Karelia,District heating,95.17168176621199,85.4441525325179,9.727529233694085,10.221033245571551
GRU,subclass -> sector,North Karelia,Electric heating,43.56309222877025,30.862649863958367,12.700442364811884,29.15413418798624
GRU,subclass -> sector,North Karelia,Electricity,197.9562620818615,130.83185974657533,67.12440233528616,33.908703685023106
GRU,subclass -> sector,North Karelia,Emission credits,-0.5914243161678314,,,
GRU,subclass -> sector,North Karelia,F-gases,30.296971970796587,24.258002704381944,6.038969266414643,19.932583600221296
GRU,subclass -> sector,North Karelia,Industry,62.87704730182885,81.06645884513854,-18.18941154330969,-28.92853962431634
GRU,subclass -> sector,North Karelia,Machinery,108.83630137741565,112.58909685760736,-3.7527954801917076,-3.4481100815600123
GRU,subclass -> sector,North Karelia,Oil heating,36.40851672887802,25.99945582002401,10.40906090885401,28.5896318885133
GRU,subclass -> sector,North Karelia,Other heating,41.575417537987235,38.89149511307478,2.6839224249124527,6.455551342232864
GRU,subclass -> sector,North Karelia,Rail transport,5.015770621597767,5.395508174598217,-0.3797375530004503,-7.570871589807379
GRU,subclass -> sector,North Karelia,Road transport,331.5236921936273,325.0498494282365,6.4738427653908275,1.952754182530569
GRU,subclass -> sector,North Karelia,Waste treatment,65.41836631447077,60.026751856505875,5.391614457964899,8.241744271092038
GRU,subclass -> sector,North Karelia,Water transport,7.333122140169143,6.758881330490112,0.574240809679031,7.830782014845668
GRU,subclass -> sector,North Ostrobothnia,Agriculture,970.4244443595409,989.9260539412498,-19.501609581708976,-2.0095958727193457
GRU,subclass -> sector,North Ostrobothnia,District heating,391.6412666320801,362.1576893776655,29.48357725441457,7.528210065287209
GRU,subclass -> sector,North Ostrobothnia,Electric heating,98.49227879047393,78.07605534642934,20.41622344404459,20.728755283931175
GRU,subclass -> sector,North Ostrobothnia,Electricity,408.7627464294434,288.3639474734664,120.39879895597699,29.454445153738845
GRU,subclass -> sector,North Ostrobothnia,Emission credits,-0.5471301376819611,,,
GRU,subclass -> sector,North Ostrobothnia,F-gases,74.30939003229142,66.16118260622025,8.148207426071167,10.965246010672855
GRU,subclass -> sector,North Ostrobothnia,Industry,1830.5700039416552,1888.7044478476046,-58.13444390594941,-3.1757563917671567
GRU,subclass -> sector,North Ostrobothnia,Machinery,230.72446763515472,227.2312626093626,3.493205025792122,1.5140158569207047
GRU,subclass -> sector,North Ostrobothnia,Oil heating,88.44683109223844,67.08299307525158,21.36383801698686,24.154441434659407
GRU,subclass -> sector,North Ostrobothnia,Other heating,75.11128213554622,70.4012265920639,4.710055543482312,6.270769729349741
GRU,subclass -> sector,North Ostrobothnia,Rail transport,14.737091453373434,12.159438502788547,2.5776529505848877,17.490920503142043
GRU,subclass -> sector,North Ostrobothnia,Road transport,823.7395780205726,832.2389150723815,-8.49933705180888,-1.0317990392342922
GRU,subclass -> sector,North Ostrobothnia,Waste treatment,145.54609196037055,136.98162376880646,8.564468191564089,5.884368364831143
GRU,subclass -> sector,North Ostrobothnia,Water transport,36.056536397337915,35.70762722343207,0.3489091739058452,0.9676724632142022
GRU,subclass -> sector,North Savo,Agriculture,572.7085627492518,574.5488023236394,-1.840239574387624,-0.32132216874035696
GRU,subclass -> sector,North Savo,District heating,194.62725734114647,189.31837499886748,5.3088823422789915,2.727717800068198
GRU,subclass -> sector,North Savo,Electric heating,47.97231546789407,40.86426689475775,7.1080485731363225,14.816980385058653
GRU,subclass -> sector,North Savo,Electricity,208.2276495933533,151.10786328464746,57.11978630870584,27.431412888852545
GRU,subclass -> sector,North Savo,Emission credits,-0.5496305525302887,,,
GRU,subclass -> sector,North Savo,F-gases,41.42970668971539,34.10764878988266,7.322057899832728,17.673448558713485
GRU,subclass -> sector,North Savo,Industry,108.17692449986934,111.50887553691864,-3.3319510370492935,-3.0800940703886606
GRU,subclass -> sector,North Savo,Machinery,168.22105559557676,170.30319495946168,-2.08213936388492,-1.2377400418236755
GRU,subclass -> sector,North Savo,Oil heating,51.97595631927253,41.90885751694441,10.067098802328118,19.368761087316962
GRU,subclass -> sector,North Savo,Other heating,54.271567249298094,50.21984925866128,4.051717990636817,7.465636604937402
GRU,subclass -> sector,North Savo,Rail transport,4.638533192127943,5.102227893471718,-0.46369470134377533,-9.996580430441067
GRU,subclass -> sector,North Savo,Road transport,496.06425052881247,493.4094473004341,2.6548032283783414,0.5351732614370575
GRU,subclass -> sector,North Savo,Waste treatment,87.33074924200773,93.90669641643763,-6.575947174429899,-7.529933307003789
GRU,subclass -> sector,North Savo,Water transport,13.025015181303024,12.344716235995293,0.6802989453077313,5.223018444418228
GRU,subclass -> sector,Ostrobothnia,Agriculture,374.3811673358083,375.1511675804853,-0.7700002446770213,-0.20567280404528332
GRU,subclass -> sector,Ostrobothnia,District heating,83.82235486134887,90.78354136198759,-6.961186500638718,-8.304689735993774
GRU,subclass -> sector,Ostrobothnia,Electric heating,38.67651246190071,32.38105418980122,6.295458272099488,16.277212890642588
GRU,subclass -> sector,Ostrobothnia,Electricity,214.87719570845363,155.66284203231336,59.21435367614026,27.557300103861447
GRU,subclass -> sector,Ostrobothnia,Emission credits,-0.5913250744342804,,,
GRU,subclass -> sector,Ostrobothnia,F-gases,35.62649348974228,31.76248649954796,3.8640069901943193,10.845880724430147
GRU,subclass -> sector,Ostrobothnia,Industry,67.41317201927305,74.38938529640437,-6.976213277131322,-10.348442401044208
GRU,subclass -> sector,Ostrobothnia,Machinery,88.0440749168396,90.19074689894914,-2.146671982109538,-2.438178814573425
GRU,subclass -> sector,Ostrobothnia,Oil heating,70.10550778508187,57.86113152354955,12.244376261532317,17.46564092948181
GRU,subclass -> sector,Ostrobothnia,Other heating,103.61538232564926,102.31514899432659,1.3002333313226728,1.2548651581829942
GRU,subclass -> sector,Ostrobothnia,Rail transport,0.8155066177248954,0.8472785264253617,-0.03177190870046631,-3.8959719038336864
GRU,subclass -> sector,Ostrobothnia,Road transport,333.94163362830875,333.8876272663474,0.05400636196134201,0.016172395569416596
GRU,subclass -> sector,Ostrobothnia,Waste treatment,62.770102691650386,61.75934154838324,1.0107611432671462,1.610258865167663
GRU,subclass -> sector,Ostrobothnia,Water transport,38.028212659060955,39.46724301800132,-1.4390303589403644,-3.784112526775532
GRU,subclass -> sector,Pirkanmaa,Agriculture,356.0464929562062,356.9645024716854,-0.9180095154792411,-0.25783416875058407
GRU,subclass -> sector,Pirkanmaa,District heating,359.0487597227097,338.92738922834394,20.12137049436575,5.604077426671885
GRU,subclass -> sector,Pirkanmaa,Electric heating,99.14920782148837,71.51127288937568,27.6379349321127,27.87509405206039
GRU,subclass -> sector,Pirkanmaa,Electricity,389.14972479343413,249.670067691803,139.47965710163112,35.842157456405445
GRU,subclass -> sector,Pirkanmaa,Emission credits,-0.5736214816570282,,,
GRU,subclass -> sector,Pirkanmaa,F-gases,85.43032538294793,72.31426792144775,13.116057461500176,15.352929305497142
GRU,subclass -> sector,Pirkanmaa,Industry,272.9734366029501,219.22966634631155,53.74377025663853,19.68827843670768
GRU,subclass -> sector,Pirkanmaa,Machinery,187.71805055141448,187.08738406449555,0.6306664869189262,0.3359647540907057
GRU,subclass -> sector,Pirkanmaa,Oil heating,124.68416794538498,87.72770596295595,36.95646198242903,29.64005983391328
GRU,subclass -> sector,Pirkanmaa,Other heating,75.05048530697822,67.47633421868086,7.574151088297356,10.092074764496038
GRU,subclass -> sector,Pirkanmaa,Rail transport,9.80426087975502,9.241660206764935,0.5626006729900848,5.738328262478288
GRU,subclass -> sector,Pirkanmaa,Road transport,900.6555563956498,898.8134030625224,1.842153333127385,0.20453472140887383
GRU,subclass -> sector,Pirkanmaa,Waste treatment,179.79950554668903,168.21132656633853,11.588178980350506,6.4450560890677036
GRU,subclass -> sector,Pirkanmaa,Water transport,13.181078694760801,12.115816009044648,1.065262685716153,8.081756511624288
GRU,subclass -> sector,Päijät-Häme,Agriculture,168.92411494255066,168.92060669660566,0.003508245944999544,0.002076817715571671
GRU,subclass -> sector,Päijät-Häme,District heating,224.77427544593812,214.27084874510763,10.503426700830488,4.6728775701722745
GRU,subclass -> sector,Päijät-Häme,Electric heating,35.9514363154769,30.077476358413698,5.8739599570631995,16.33859605919136
GRU,subclass -> sector,Päijät-Häme,Electricity,131.4075790286064,107.7228245511651,23.684754477441288,18.023887703071757
GRU,subclass -> sector,Päijät-Häme,Emission credits,-0.6187587678432465,,,
GRU,subclass -> sector,Päijät-Häme,F-gases,32.63637571334839,27.813124948740004,4.823250764608389,14.778757319660535
GRU,subclass -> sector,Päijät-Häme,Industry,131.51678363084793,135.40210180729628,-3.885318176448351,-2.9542375270931047
GRU,subclass -> sector,Päijät-Häme,Machinery,84.73594797849655,85.2814108222723,-0.545462843775752,-0.6437207074312477
GRU,subclass -> sector,Päijät-Häme,Oil heating,39.211067385971546,30.565879166126255,8.645188219845291,22.04782679019409
GRU,subclass -> sector,Päijät-Häme,Other heating,35.9754545301199,31.84834306240082,4.127111467719079,11.472020358391074
GRU,subclass -> sector,Päijät-Häme,Rail transport,3.2893736988306053,3.2985292643308646,-0.00915556550025931,-0.2783376514354139
GRU,subclass -> sector,Päijät-Häme,Road transport,403.4717836871743,407.2860361710191,-3.8142524838447684,-0.9453579254013189
GRU,subclass -> sector,Päijät-Häme,Waste treatment,84.79274237155914,83.40102395415306,1.3917184174060822,1.6413178516005718
GRU,subclass -> sector,Päijät-Häme,Water transport,5.609537744522095,4.282073186337948,1.3274645581841469,23.664419755094105
GRU,subclass -> sector,Satakunta,Agriculture,291.7944062441587,290.77437218874695,1.0200340554117702,0.34957286143390204
GRU,subclass -> sector,Satakunta,District heating,129.2900247901678,114.3811161413789,14.908908648788895,11.531368079622089
GRU,subclass -> sector,Satakunta,Electric heating,50.76677434891462,40.951738560199736,9.815035788714887,19.33358168722163
GRU,subclass -> sector,Satakunta,Electricity,332.84389462471,206.25538451075545,126.58851011395456,38.0323966154423
GRU,subclass -> sector,Satakunta,Emission credits,-0.613620936870575,,,
GRU,subclass -> sector,Satakunta,F-gases,37.43132284283638,31.69425921440125,5.737063628435131,15.326905897831747
GRU,subclass -> sector,Satakunta,Industry,313.2679533429444,289.54524415880445,23.722709184139944,7.572657506454209
GRU,subclass -> sector,Satakunta,Machinery,106.0744822502136,111.29838341921568,-5.223901169002076,-4.924748212939363
GRU,subclass -> sector,Satakunta,Oil heating,93.02859504222869,74.51338354498148,18.515211497247208,19.902710009586357
GRU,subclass -> sector,Satakunta,Other heating,66.52129412889482,61.96702181845904,4.554272310435785,6.846337507522343
GRU,subclass -> sector,Satakunta,Rail transport,1.5217273592948914,1.0809858188033103,0.4407415404915811,28.963239557958882
GRU,subclass -> sector,Satakunta,Road transport,446.280855190754,437.4043806701899,8.876474520564102,1.9889884177913093
GRU,subclass -> sector,Satakunta,Waste treatment,93.74162583798172,92.93545562922955,0.8061702087521638,0.8599917075745067
GRU,subclass -> sector,Satakunta,Water transport,18.940246626734734,18.653683370351793,0.2865632563829408,1.512985876215825
GRU,subclass -> sector,South Karelia,Agriculture,131.95073924660682,132.93733580857514,-0.9865965619683266,-0.7477006704179548
GRU,subclass -> sector,South Karelia,District heating,49.04652134478093,52.64596370756627,-3.5994423627853394,-7.338833140647107
GRU,subclass -> sector,South Karelia,Electric heating,23.078438138961793,16.819911217689512,6.258526921272281,27.118502922892457
GRU,subclass -> sector,South Karelia,Electricity,338.37659494876857,216.58319729864593,121.79339765012264,35.993446198181225
GRU,subclass -> sector,South Karelia,Emission credits,-0.606591522693634,,,
GRU,subclass -> sector,South Karelia,F-gases,23.66039396524429,20.497596037387844,3.1627979278564453,13.367477872525738
GRU,subclass -> sector,South Karelia,Industry,341.0318738054484,355.5447650179267,-14.51289121247828,-4.255582051769619
GRU,subclass -> sector,South Karelia,Machinery,58.89873268902302,58.18051591813565,0.7182167708873735,1.2194095494031365
GRU,subclass -> sector,South Karelia,Oil heating,29.71994846612215,23.03641912341118,6.6835293427109725,22.488361143457382
GRU,subclass -> sector,South Karelia,Other heating,33.88634958714247,31.366271347552537,2.5200782395899317,7.436853689740978
GRU,subclass -> sector,South Karelia,Rail transport,6.613205599784852,6.479730719327927,0.1334748804569248,2.018308344462588
GRU,subclass -> sector,South Karelia,Road transport,259.82267036437986,255.40674319565292,4.415927168726938,1.6995927116498204
GRU,subclass -> sector,South Karelia,Waste treatment,152.15297221839427,147.84517306387426,4.307799154520012,2.8312290530458846
GRU,subclass -> sector,South Karelia,Water transport,7.451512572169303,5.726885387301445,1.7246271848678578,23.14465913013658
GRU,subclass -> sector,South Ostrobothnia,Agriculture,839.0843161463738,845.2955551624298,-6.21123901605597,-0.7402401518576892
GRU,subclass -> sector,South Ostrobothnia,District heating,177.68663222789763,175.87893086373808,1.8077013641595556,1.0173536081437071
GRU,subclass -> sector,South Ostrobothnia,Electric heating,41.32936695665122,33.700861404836175,7.628505551815046,18.45783304597017
GRU,subclass -> sector,South Ostrobothnia,Electricity,120.0475303843617,99.90668155103921,20.140848833322494,16.777395394004866
GRU,subclass -> sector,South Ostrobothnia,Emission credits,-0.5986102521419525,,,
GRU,subclass -> sector,South Ostrobothnia,F-gases,36.36834339499474,30.0350179374218,6.33332545757294,17.414390831023045
GRU,subclass -> sector,South Ostrobothnia,Industry,102.33622928857804,102.12259849309922,0.2136307954788208,0.20875382742157042
GRU,subclass -> sector,South Ostrobothnia,Machinery,149.83839863538742,146.59180740863084,3.2465912267565784,2.166728459676577
GRU,subclass -> sector,South Ostrobothnia,Oil heating,81.43923250287773,67.69762054160238,13.741611961275353,16.873454647045918
GRU,subclass -> sector,South Ostrobothnia,Other heating,131.72125130891803,117.33627233952285,14.384978969395178,10.920773092003918
GRU,subclass -> sector,South Ostrobothnia,Rail transport,3.3911230668425563,3.665661695599556,-0.2745386287569995,-8.09580258060702
GRU,subclass -> sector,South Ostrobothnia,Road transport,438.9168863967061,441.19458396881816,-2.2776975721120607,-0.518935963209538
GRU,subclass -> sector,South Ostrobothnia,Waste treatment,71.44459801465273,68.88579187244177,2.5588061422109547,3.5815250044323346
GRU,subclass -> sector,South Ostrobothnia,Water transport,1.6754287704825401,0.12372779548168189,1.5517009750008581,92.61515633123292
GRU,subclass -> sector,South Savo,Agriculture,198.89123305082322,197.47220862358807,1.4190244272351435,0.7134675598660181
GRU,subclass -> sector,South Savo,District heating,89.22040051817895,75.48083627671004,13.739564241468912,15.399576959609625
GRU,subclass -> sector,South Savo,Electric heating,41.08704764246941,28.110182404518135,12.976865237951273,31.58383476679353
GRU,subclass -> sector,South Savo,Electricity,106.00518810898065,67.03021813929081,38.97496996968984,36.767040052436755
GRU,subclass -> sector,South Savo,Emission credits,-0.4688228368759155,,,
GRU,subclass -> sector,South Savo,F-gases,27.97287186980248,21.81577316522598,6.157098704576498,22.010963812490285
GRU,subclass -> sector,South Savo,Industry,22.536358286067845,18.78595270961523,3.7504055764526143,16.64157770677237
GRU,subclass -> sector,South Savo,Machinery,89.15765122175218,86.95381717979907,2.203834041953101,2.471839501998256
GRU,subclass -> sector,South Savo,Oil heating,43.45238732397556,30.483809751272204,12.968577572703353,29.845489215612623
GRU,subclass -> sector,South Savo,Other heating,40.76325395107269,37.11057816296816,3.6526757881045313,8.960707092934152
GRU,subclass -> sector,South Savo,Rail transport,4.107083385437727,3.563637898862362,0.5434454865753655,13.231907793794301
GRU,subclass -> sector,South Savo,Road transport,304.9594748169184,294.1060640916229,10.853410725295475,3.558968197925738
GRU,subclass -> sector,South Savo,Waste treatment,63.37676700502634,61.34008182734251,2.036685177683829,3.2136148212203723
GRU,subclass -> sector,South Savo,Water transport,12.424712601304055,10.996130831539631,1.428581769764424,11.497905952484446
GRU,subclass -> sector,Southwest Finland,Agriculture,427.44447231292725,429.8819223612547,-2.4374500483274346,-0.5702378218013322
GRU,subclass -> sector,Southwest Finland,District heating,367.7555653586984,330.45166478306055,37.30390057563784,10.14366717720578
GRU,subclass -> sector,Southwest Finland,Electric heating,93.72506045997143,70.65654236078262,23.068518099188807,24.612966890579948
GRU,subclass -> sector,Southwest Finland,Electricity,316.88709629923113,234.2602377653122,82.62685853391892,26.07454184751523
GRU,subclass -> sector,Southwest Finland,Emission credits,-0.585278183221817,,,
GRU,subclass -> sector,Southwest Finland,F-gases,81.36933417320252,69.33896270394325,12.030371469259265,14.784896044069198
GRU,subclass -> sector,Southwest Finland,Industry,344.034387537837,265.00411925315854,79.03026828467847,22.97161886934535
GRU,subclass -> sector,Southwest Finland,Machinery,193.92807609140874,200.66435788422825,-6.736281792819511,-3.4735980104522564
GRU,subclass -> sector,Southwest Finland,Oil heating,152.1890540778637,113.0834594115615,39.10559466630218,25.695405562015512
GRU,subclass -> sector,Southwest Finland,Other heating,86.38432650566101,80.70636551380157,5.677960991859436,6.572906476833322
GRU,subclass -> sector,Southwest Finland,Rail transport,2.3934989929199215,1.9497408762574195,0.443758116662502,18.540142192462106
GRU,subclass -> sector,Southwest Finland,Road transport,815.0798881888388,803.0270660877227,12.052822101116135,1.4787289290008492
GRU,subclass -> sector,Southwest Finland,Waste treatment,129.05780868530272,128.95047774910927,0.10733093619344913,0.08316500743877277
GRU,subclass -> sector,Southwest Finland,Water transport,89.46990556716919,70.25347059518099,19.216434971988207,21.478099088370602
GRU,subclass -> sector,Uusimaa,Agriculture,237.07657226882876,239.75735684484243,-2.6807845760136786,-1.1307673931500286
GRU,subclass -> sector,Uusimaa,District heating,1989.5845848143101,1906.8062708079815,82.77831400632863,4.1605827989491795
GRU,subclass -> sector,Uusimaa,Electric heating,197.99316488504405,187.98894154727458,10.004223337769474,5.052812476419569
GRU,subclass -> sector,Uusimaa,Electricity,965.8542647987605,922.4621579661966,43.392106832563854,4.492614301558711
GRU,subclass -> sector,Uusimaa,Emission credits,-0.6488352119922638,,,
GRU,subclass -> sector,Uusimaa,F-gases,246.903632235527,224.88749555349355,22.016136682033448,8.916894612968575
GRU,subclass -> sector,Uusimaa,Industry,2378.3280805289746,1983.3434907078743,394.98458982110037,16.60765783555186
GRU,subclass -> sector,Uusimaa,Machinery,350.9449404418468,348.63547335416075,2.3094670876860732,0.6580710594597565
GRU,subclass -> sector,Uusimaa,Oil heating,203.3194016173482,167.58537583500146,35.73402578234675,17.575315241975286
GRU,subclass -> sector,Uusimaa,Other heating,94.27396988272667,85.34131928682326,8.93265059590341,9.475203608180813
GRU,subclass -> sector,Uusimaa,Rail transport,16.932749676704407,19.37592852860689,-2.443178851902484,-14.428718894154208
GRU,subclass -> sector,Uusimaa,Road transport,2235.960732203722,2221.809190905094,14.151541298627762,0.632906521783156
GRU,subclass -> sector,Uusimaa,Waste treatment,218.689285543561,219.76432292014357,-1.0750373765825714,-0.49158209736271385
GRU,subclass -> sector,Uusimaa,Water transport,93.12888553142548,86.12262310981751,7.006262421607971,7.523189375270439
GRU,subclass -> sector,Åland,Agriculture,39.16428703814746,36.740047943592074,2.4242390945553822,6.189922702267206
GRU,subclass -> sector,Åland,District heating,3.6810364648699765,3.2855999767780304,0.3954364880919461,10.742531128550336
GRU,subclass -> sector,Åland,Electric heating,7.258829638361932,5.245232939720155,2.013596698641777,27.739963588623034
GRU,subclass -> sector,Åland,Electricity,16.659081538021564,11.850641529262063,4.808440008759501,28.86377617988748
GRU,subclass -> sector,Åland,Emission credits,-0.5551020801067352,,,
GRU,subclass -> sector,Åland,F-gases,7.053842449188233,6.038455998897553,1.0153864502906798,14.394799112752116
GRU,subclass -> sector,Åland,Industry,2.693695352226496,3.301056325435639,-0.607360973209143,-22.547500507328113
GRU,subclass -> sector,Åland,Machinery,8.602624559402466,9.004630652070045,-0.4020060926675786,-4.673063317963765
GRU,subclass -> sector,Åland,Oil heating,13.969354450702665,11.165682938694953,2.8036715120077123,20.070158015545854
GRU,subclass -> sector,Åland,Other heating,4.256384915113449,4.0295710667967795,0.2268138483166693,5.328790812863405
GRU,subclass -> sector,Åland,Rail transport,-0.6366094648838043,,,
GRU,subclass -> sector,Åland,Road transport,48.712426443398,45.09420474171639,3.6182217016816125,7.42771807084143
GRU,subclass -> sector,Åland,Waste treatment,8.865992432832718,7.963105493783952,0.9028869390487655,10.183709786455228
GRU,subclass -> sector,Åland,Water transport,49.16300635337829,41.72055552005768,7.442450833320613,15.138315138470364
GRU,sector -> region,Central Finland,,2404.109804708883,1998.772711609304,405.3370930995791,16.86017386999767
GRU,sector -> region,Central Ostrobothnia,,1071.796606911719,829.9668365985154,241.82977031320354,22.56302816725771
GRU,sector -> region,Kainuu,,607.9211038604379,590.646161646396,17.27494221404197,2.8416421315763083
GRU,sector -> region,Kanta-Häme,,1446.1269980281593,1187.3120041549205,258.8149938732388,17.897113754610857
GRU,sector -> region,Kymenlaakso,,1768.1386165589092,1473.0360446937382,295.10257186517106,16.690013390437088
GRU,sector -> region,Lapland,,3170.2847790554165,2513.484720319323,656.8000587360934,20.71738359516669
GRU,sector -> region,North Karelia,,1474.8997473388908,1311.3414381429552,163.55830919593564,11.089452655411874
GRU,sector -> region,North Ostrobothnia,,5725.187911736965,5188.014878742397,537.1730329945685,9.382627108069814
GRU,sector -> region,North Savo,,2390.1771792694926,2048.1199130970986,342.05726617239407,14.310958582448546
GRU,sector -> region,Ostrobothnia,,1754.0264505058528,1511.5259914264084,242.50045907944445,13.82535930455943
GRU,sector -> region,Pirkanmaa,,3475.4950066529213,3052.117431118712,423.3775755342094,12.181792082099511
GRU,sector -> region,Päijät-Häme,,1709.6243138223888,1381.6777137055992,327.94660011678957,19.18237810876499
GRU,sector -> region,Satakunta,,2305.1704523347316,1980.889581692964,324.2808706417677,14.067544129473303
GRU,sector -> region,South Karelia,,1675.28934359923,1455.083361424133,220.205982175097,13.144355213410563
GRU,sector -> region,South Ostrobothnia,,2541.7422008514404,2194.6807268425823,347.0614740088581,13.654471877305197
GRU,sector -> region,South Savo,,1169.353096614778,1043.4856069449336,125.86748966984442,10.763856531805907
GRU,sector -> region,Southwest Finland,,3614.5959948360924,3099.13319606781,515.4627987682825,14.260592318053977
GRU,sector -> region,Uusimaa,,10812.835882727803,9228.341429216787,1584.4944535110153,14.653828752196763
GRU,sector -> region,Åland,,231.8877281010151,208.8888500906527,22.998878010362404,9.91810916373445
RNN,subclass -> sector,Central Finland,Agriculture,256.0587183646858,256.0875472165644,-0.028828851878643036,-0.01125868787548339
RNN,subclass -> sector,Central Finland,District heating,210.57483475208284,208.16949231326578,2.4053424388170583,1.142274404084872
RNN,subclass -> sector,Central Finland,Electric heating,52.11931857466696,48.78906363546848,3.3302549391984826,6.389674750692503
RNN,subclass -> sector,Central Finland,Electricity,331.1080300331116,355.93864228427407,-24.83061225116245,-7.499247979180488
RNN,subclass -> sector,Central Finland,Emission credits,-0.8044215142726898,,,
RNN,subclass -> sector,Central Finland,F-gases,47.76175606250763,47.69604013115168,0.06571593135594611,0.13759111216501582
RNN,subclass -> sector,Central Finland,Industry,141.07755113840102,155.26647123396396,-14.188920095562935,-10.057532173664688
RNN,subclass -> sector,Central Finland,Machinery,137.34194929450751,130.9351614050567,6.406787889450811,4.6648441516673795
RNN,subclass -> sector,Central Finland,Oil heating,66.04558818936349,65.67605671212077,0.36953147724271673,0.5595097074208948
RNN,subclass -> sector,Central Finland,Other heating,49.634504246711735,47.46497877687216,2.169525469839577,4.371002597418523
RNN,subclass -> sector,Central Finland,Rail transport,4.338263586908579,5.193621723353862,-0.8553581364452834,-19.716601338527852
RNN,subclass -> sector,Central Finland,Road transport,557.2155583381654,562.9823481306433,-5.766789792477994,-1.0349297872580614
RNN,subclass -> sector,Central Finland,Waste treatment,77.94619458913803,79.12529783546925,-1.1791032463312234,-1.5127143185711518
RNN,subclass -> sector,Central Finland,Water transport,8.126032680273056,7.126260368525982,0.9997723117470736,12.303326248910416
RNN,subclass -> sector,Central Ostrobothnia,Agriculture,317.29710472524164,317.13527253568174,0.16183218955990242,0.05100336156550764
RNN,subclass -> sector,Central Ostrobothnia,District heating,38.518617685139176,38.990388093888754,-0.47177040874957754,-1.2247854079446645
RNN,subclass -> sector,Central Ostrobothnia,Electric heating,13.961992299556734,12.73600126504898,1.2259910345077536,8.780917566805108
RNN,subclass -> sector,Central Ostrobothnia,Electricity,127.1247356638312,116.83281473219395,10.29192093163725,8.09592317175252
RNN,subclass -> sector,Central Ostrobothnia,Emission credits,-0.7495978474617004,,,
RNN,subclass -> sector,Central Ostrobothnia,F-gases,12.24143236875534,12.385127827525137,-0.1436954587697965,-1.1738451387156328
RNN,subclass -> sector,Central Ostrobothnia,Industry,76.45673650503159,81.75925403535365,-5.3025175303220635,-6.935317635448783
RNN,subclass -> sector,Central Ostrobothnia,Machinery,39.744648499786855,38.985097233951095,0.7595512658357606,1.9110780809643693
RNN,subclass -> sector,Central Ostrobothnia,Oil heating,22.9931476354599,23.003162632137535,-0.01001499667763639,-0.043556440537924956
RNN,subclass -> sector,Central Ostrobothnia,Other heating,17.600868967175483,17.234764203429222,0.3661047637462609,2.080038005106585
RNN,subclass -> sector,Central Ostrobothnia,Rail transport,3.2274623543024066,2.4798724770545957,0.7475898772478109,23.163395732601728
RNN,subclass -> sector,Central Ostrobothnia,Road transport,138.71186039447784,140.40338673591614,-1.6915263414383048,-1.2194532872876422
RNN,subclass -> sector,Central Ostrobothnia,Waste treatment,25.526097982376815,25.566965150088073,-0.040867167711258645,-0.16009954885965447
RNN,subclass -> sector,Central Ostrobothnia,Water transport,7.231494295597077,5.978335586935282,1.253158708661795,17.329180629026915
RNN,subclass -> sector,Kainuu,Agriculture,115.20799095928669,113.64656008034945,1.5614308789372444,1.3553147363615063
RNN,subclass -> sector,Kainuu,District heating,55.80735330581665,55.5230268791318,0.2843264266848493,0.5094784286342688
RNN,subclass -> sector,Kainuu,Electric heating,16.073796176910403,14.628592860698703,1.4452033162116997,8.991051648942129
RNN,subclass -> sector,Kainuu,Electricity,20.299493288993837,19.345786102116104,0.9537071868777325,4.698182231941829
RNN,subclass -> sector,Kainuu,Emission credits,-0.7462087273597717,,,
RNN,subclass -> sector,Kainuu,F-gases,14.302082148194314,14.280564743280411,0.021517404913902638,0.1504494568758947
RNN,subclass -> sector,Kainuu,Industry,16.973081526160243,18.2635237172246,-1.2904421910643578,-7.602875111837689
RNN,subclass -> sector,Kainuu,Machinery,82.27768026590347,84.75248780995608,-2.4748075440526094,-3.0078722881522335
RNN,subclass -> sector,Kainuu,Oil heating,16.223789688944816,15.491308650374414,0.7324810385704019,4.514857826772297
RNN,subclass -> sector,Kainuu,Other heating,18.49969872236252,18.34264515787363,0.15705356448889063,0.8489520118457041
RNN,subclass -> sector,Kainuu,Rail transport,9.20351974964142,7.548130774497987,1.655388975143432,17.986477132381097
RNN,subclass -> sector,Kainuu,Road transport,156.71309647560122,157.8906766463071,-1.1775801707058804,-0.7514242250259018
RNN,subclass -> sector,Kainuu,Waste treatment,27.259292271733283,26.53647672608495,0.7228155456483343,2.651629904558685
RNN,subclass -> sector,Kainuu,Water transport,2.482354211807251,0.41199404075741763,2.070360171049833,83.40309216155457
RNN,subclass -> sector,Kanta-Häme,Agriculture,189.3967275083065,187.9840411774814,1.412686330825096,0.7458874022853108
RNN,subclass -> sector,Kanta-Häme,District heating,116.78151554465295,105.52976218089461,11.25175336375834,9.634875272239539
RNN,subclass -> sector,Kanta-Häme,Electric heating,47.57306170165539,36.158731541037554,11.414330160617837,23.99326373442274
RNN,subclass -> sector,Kanta-Häme,Electricity,143.94236292243002,109.30578967928888,34.63657324314114,24.06280718193202
RNN,subclass -> sector,Kanta-Häme,Emission credits,-0.7493111491203308,,,
RNN,subclass -> sector,Kanta-Häme,F-gases,29.771929165720945,28.630776527523995,1.1411526381969495,3.832981839520361
RNN,subclass -> sector,Kanta-Häme,Industry,127.83177428245544,135.99647984206678,-8.164705559611335,-6.387070511569921
RNN,subclass -> sector,Kanta-Häme,Machinery,83.70056866854429,78.39536158144473,5.305207087099561,6.338316658406794
RNN,subclass -> sector,Kanta-Häme,Oil heating,49.61402577459812,45.554462251067164,4.059563523530954,8.182290108797037
RNN,subclass -> sector,Kanta-Häme,Other heating,31.96100192070007,28.857561221718786,3.1034406989812844,9.710085768529334
RNN,subclass -> sector,Kanta-Häme,Rail transport,6.6624058648943905,5.257349659502506,1.405056205391884,21.089321693765594
RNN,subclass -> sector,Kanta-Häme,Road transport,371.66622787415986,368.4033988460899,3.262829028069973,0.8778922547610954
RNN,subclass -> sector,Kanta-Häme,Waste treatment,38.553675587475304,41.84203101396561,-3.2883554264903054,-8.52929163402146
RNN,subclass -> sector,Kanta-Häme,Water transport,2.978602406382561,0.5339658297598362,2.4446365766227247,82.07327609030153
RNN,subclass -> sector,Kymenlaakso,Agriculture,115.31255933642387,115.3001206047833,0.012438731640571632,0.010786970397805228
RNN,subclass -> sector,Kymenlaakso,District heating,73.59690362662076,71.99832837805151,1.5985752485692473,2.172068619461629
RNN,subclass -> sector,Kymenlaakso,Electric heating,28.64467149376869,29.40285302996635,-0.7581815361976609,-2.646850170240543
RNN,subclass -> sector,Kymenlaakso,Electricity,137.02727805972103,152.37574472725396,-15.348466667532932,-11.20103010500111
RNN,subclass -> sector,Kymenlaakso,Emission credits,-0.792163074016571,,,
RNN,subclass -> sector,Kymenlaakso,F-gases,31.767658454179763,31.659041798114778,0.10861665606498505,0.34190954370039206
RNN,subclass -> sector,Kymenlaakso,Industry,287.97701170295477,308.8162859380245,-20.83927423506975,-7.236436725222095
RNN,subclass -> sector,Kymenlaakso,Machinery,62.06729100644588,60.40505039393902,1.6622406125068565,2.6781265712631597
RNN,subclass -> sector,Kymenlaakso,Oil heating,47.41308679580688,46.093590283393866,1.3194965124130178,2.782979556036228
RNN,subclass -> sector,Kymenlaakso,Other heating,75.52320188879968,72.68562737703323,2.837574511766448,3.757222205626943
RNN,subclass -> sector,Kymenlaakso,Rail transport,8.6883485481143,8.465872061625124,0.2224764864891764,2.5606303114699767
RNN,subclass -> sector,Kymenlaakso,Road transport,321.61034848988055,316.43004699200395,5.180301497876599,1.6107384361854875
RNN,subclass -> sector,Kymenlaakso,Waste treatment,138.04800594821572,134.63534898608924,3.4126569621264764,2.4720798672069373
RNN,subclass -> sector,Kymenlaakso,Water transport,14.497887074947359,17.864003282040358,-3.3661162070929986,-23.21797783147115
RNN,subclass -> sector,Lapland,Agriculture,319.50171195566656,312.6403819117695,6.8613300438970555,2.147509633641375
RNN,subclass -> sector,Lapland,District heating,194.60095319598915,172.80303351134063,21.79791968464852,11.201342710122855
RNN,subclass -> sector,Lapland,Electric heating,73.93355041742325,65.0065756201744,8.926974797248846,12.074321802277613
RNN,subclass -> sector,Lapland,Electricity,500.55336098670955,437.2397202640772,63.31364072263233,12.648729517633466
RNN,subclass -> sector,Lapland,Emission credits,-0.6276686787605286,,,
RNN,subclass -> sector,Lapland,F-gases,38.863740065693854,37.825961363315585,1.0377787023782687,2.670300646885877
RNN,subclass -> sector,Lapland,Industry,502.74726100564,472.21034275293346,30.536918252706528,6.074009869615969
RNN,subclass -> sector,Lapland,Machinery,163.8686349183321,153.37878259643912,10.489852321892982,6.4013789625579385
RNN,subclass -> sector,Lapland,Oil heating,71.91319177746773,68.42371971160173,3.4894720658659963,4.85233929911499
RNN,subclass -> sector,Lapland,Other heating,44.809787461161605,43.19401383846998,1.615773622691627,3.6058497802340197
RNN,subclass -> sector,Lapland,Rail transport,5.750138950347901,4.656071121245622,1.0940678291022783,19.026806805009187
RNN,subclass -> sector,Lapland,Road transport,422.64135828167196,428.2023826241493,-5.561024342477367,-1.3157785516038372
RNN,subclass -> sector,Lapland,Waste treatment,117.73629051819444,109.89068296849726,7.845607549697178,6.663712195420963
RNN,subclass -> sector,Lapland,Water transport,12.882720583677294,11.414792286604643,1.4679282970726515,11.394552008933196
RNN,subclass -> sector,North Karelia,Agriculture,289.88668927401307,282.07169215753675,7.81499711647632,2.6958799440043477
RNN,subclass -> sector,North Karelia,District heating,93.1847920447588,83.22628301382065,9.958509030938146,10.68683935695735
RNN,subclass -> sector,North Karelia,Electric heating,41.9340694591403,31.60188470184804,10.332184757292257,24.63911776404083
RNN,subclass -> sector,North Karelia,Electricity,189.07523221969603,154.15910990834234,34.91612231135369,18.46678800890372
RNN,subclass -> sector,North Karelia,Emission credits,-0.7330254316329956,,,
RNN,subclass -> sector,North Karelia,F-gases,29.874545830488206,28.40680099129677,1.467744839191436,4.913028126082981
RNN,subclass -> sector,North Karelia,Industry,67.18175765275954,72.11439380943774,-4.9326361566782,-7.342225522251705
RNN,subclass -> sector,North Karelia,Machinery,112.34997554719448,107.90135932639241,4.448616220802066,3.9596058647412438
RNN,subclass -> sector,North Karelia,Oil heating,35.95878586769104,33.137904220819465,2.8208816468715767,7.844763327802283
RNN,subclass -> sector,North Karelia,Other heating,41.29603450596333,38.43624376282096,2.8597907431423693,6.925097717867809
RNN,subclass -> sector,North Karelia,Rail transport,5.508224299550056,4.089757907390595,1.418466392159461,25.75179068643464
RNN,subclass -> sector,North Karelia,Road transport,332.65642013847827,326.6128338970244,6.043586241453852,1.8167652495442677
RNN,subclass -> sector,North Karelia,Waste treatment,67.29995968341828,62.90082527622581,4.39913440719247,6.5366077897909225
RNN,subclass -> sector,North Karelia,Water transport,6.954067146778106,6.316412791609764,0.6376543551683422,9.169516798004667
RNN,subclass -> sector,North Ostrobothnia,Agriculture,972.9640898883342,967.5428607694804,5.42122911885383,0.5571869686861739
RNN,subclass -> sector,North Ostrobothnia,District heating,385.948889541626,342.0947173774243,43.854172164201714,11.362689037992913
RNN,subclass -> sector,North Ostrobothnia,Electric heating,86.95541260242462,69.6715738683939,17.28383873403071,19.876668072470025
RNN,subclass -> sector,North Ostrobothnia,Electricity,348.8722954273224,271.8713276028633,77.00096782445911,22.07139083088931
RNN,subclass -> sector,North Ostrobothnia,Emission credits,-0.7561113238334656,,,
RNN,subclass -> sector,North Ostrobothnia,F-gases,72.00075875520706,69.24370512962342,2.7570536255836373,3.8292007935044827
RNN,subclass -> sector,North Ostrobothnia,Industry,1829.8149895787237,1834.7022502869368,-4.887260708213034,-0.2670904291443269
RNN,subclass -> sector,North Ostrobothnia,Machinery,232.03350827097893,221.9638280786574,10.069680192321528,4.339752593216714
RNN,subclass -> sector,North Ostrobothnia,Oil heating,82.34057136178018,71.76197513639926,10.57859622538092,12.847368011210039
RNN,subclass -> sector,North Ostrobothnia,Other heating,73.58823092728854,66.22998515069486,7.358245776593677,9.999215477627466
RNN,subclass -> sector,North Ostrobothnia,Rail transport,14.840434677898886,11.015235933661462,3.825198744237424,25.77551687171334
RNN,subclass -> sector,North Ostrobothnia,Road transport,813.0476992607116,809.5463478237391,3.501351436972527,0.43064526720341717
RNN,subclass -> sector,North Ostrobothnia,Waste treatment,147.8494318112731,139.60128864645958,8.248143164813513,5.578745257095141
RNN,subclass -> sector,North Ostrobothnia,Water transport,35.282465922832486,35.42082824856043,-0.1383623257279467,-0.39215605289767386
RNN,subclass -> sector,North Savo,Agriculture,574.1279434159399,575.0622021958231,-0.9342587798832938,-0.162726582218704
RNN,subclass -> sector,North Savo,District heating,176.33875833749772,189.7529185388237,-13.414160201325984,-7.60704018095239
RNN,subclass -> sector,North Savo,Electric heating,40.964078781008716,39.9299032151699,1.0341755658388152,2.524591292208596
RNN,subclass -> sector,North Savo,Electricity,162.92970466613772,192.6967747062445,-29.767070040106773,-18.269885225105533
RNN,subclass -> sector,North Savo,Emission credits,-0.7228477001190186,,,
RNN,subclass -> sector,North Savo,F-gases,39.18425143957138,41.68479780703783,-2.5005463674664483,-6.381508579595314
RNN,subclass -> sector,North Savo,Industry,105.56278614997863,120.93469250798225,-15.371906358003613,-14.561861162099238
RNN,subclass -> sector,North Savo,Machinery,170.43783327415585,168.35583268404008,2.0820005901157685,1.2215601138080594
RNN,subclass -> sector,North Savo,Oil heating,48.4284826129675,50.98376913070679,-2.5552865177392903,-5.276412515669181
RNN,subclass -> sector,North Savo,Other heating,52.29024206995964,50.450674551725385,1.8395675182342544,3.5179938845436562
RNN,subclass -> sector,North Savo,Rail transport,4.410168144106865,5.065060502290725,-0.6548923581838606,-14.849600667923912
RNN,subclass -> sector,North Savo,Road transport,483.59521876573564,499.568297181651,-15.973078415915381,-3.302985181839256
RNN,subclass -> sector,North Savo,Waste treatment,88.6227341517806,98.05679902583361,-9.434064874053007,-10.645197267210987
RNN,subclass -> sector,North Savo,Water transport,12.26216366291046,12.05180725604296,0.21035640686750057,1.7154917570034445
RNN,subclass -> sector,Ostrobothnia,Agriculture,377.07385332882404,373.07023050636053,4.003622822463512,1.0617609221958404
RNN,subclass -> sector,Ostrobothnia,District heating,80.54753973335029,84.68621763437986,-4.138677901029567,-5.138180402195411
RNN,subclass -> sector,Ostrobothnia,Electric heating,35.9502587378025,29.8522042632103,6.0980544745922,16.962477291380267
RNN,subclass -> sector,Ostrobothnia,Electricity,200.3918179348111,148.74516762495043,51.64665030986066,25.77283386223967
RNN,subclass -> sector,Ostrobothnia,Emission credits,-0.7134086489677429,,,
RNN,subclass -> sector,Ostrobothnia,F-gases,34.59865465462208,34.624321177601814,-0.025666522979733486,-0.07418358672019827
RNN,subclass -> sector,Ostrobothnia,Industry,69.40470181256534,77.56251344159246,-8.157811629027123,-11.753975474252663
RNN,subclass -> sector,Ostrobothnia,Machinery,90.04639015197755,87.996028278023,2.050361873954543,2.277006185915954
RNN,subclass -> sector,Ostrobothnia,Oil heating,68.68142550587655,63.68795849606394,4.993467009812605,7.2704766580381355
RNN,subclass -> sector,Ostrobothnia,Other heating,105.90171957910061,101.43685530871153,4.464864270389086,4.2160451106312475
RNN,subclass -> sector,Ostrobothnia,Rail transport,0.934449042379856,0.3209701865911484,0.6134788557887076,65.65139755789133
RNN,subclass -> sector,Ostrobothnia,Road transport,333.0798396572471,334.3317431733012,-1.251903516054142,-0.375856886848031
RNN,subclass -> sector,Ostrobothnia,Waste treatment,63.760821151733396,63.89070281237363,-0.12988166064023687,-0.20370136126564914
RNN,subclass -> sector,Ostrobothnia,Water transport,36.56785429120063,38.03609667494893,-1.4682423837482972,-4.015117682476661
RNN,subclass -> sector,Pirkanmaa,Agriculture,358.6464592903852,355.0557341568172,3.5907251335680144,1.0011879500142262
RNN,subclass -> sector,Pirkanmaa,District heating,355.0659249827266,337.38818552643056,17.677739456296024,4.9787203481032485
RNN,subclass -> sector,Pirkanmaa,Electric heating,87.34279849231243,79.01362615525721,8.329172337055212,9.536186704377595
RNN,subclass -> sector,Pirkanmaa,Electricity,340.854275894165,285.590604236722,55.26367165744301,16.21328396496406
RNN,subclass -> sector,Pirkanmaa,Emission credits,-0.7782545685768127,,,
RNN,subclass -> sector,Pirkanmaa,F-gases,84.1407280921936,82.72152993977069,1.4191981524229078,1.6866958304281396
RNN,subclass -> sector,Pirkanmaa,Industry,269.8038359969854,257.7612856417894,12.042550355196,4.463446678100809
RNN,subclass -> sector,Pirkanmaa,Machinery,189.45486707687377,186.49954255223275,2.9553245246410142,1.5599095289760243
RNN,subclass -> sector,Pirkanmaa,Oil heating,120.35647156387569,108.10924517214298,12.24722639173271,10.175793816980462
RNN,subclass -> sector,Pirkanmaa,Other heating,74.18102017641067,67.95696101263165,6.2240591637790175,8.390366092266616
RNN,subclass -> sector,Pirkanmaa,Rail transport,10.155339813232422,10.148561905324458,0.00677790790796351,0.06674230535478376
RNN,subclass -> sector,Pirkanmaa,Road transport,903.9742214262484,896.2926464274527,7.681574998795668,0.8497559793990627
RNN,subclass -> sector,Pirkanmaa,Waste treatment,182.2291502058506,175.88596922755238,6.343180978298221,3.480881610397023
RNN,subclass -> sector,Pirkanmaa,Water transport,12.440362548828126,10.938799009472133,1.5015635393559936,12.070094689462566
RNN,subclass -> sector,Päijät-Häme,Agriculture,172.29555861651897,169.15463312491775,3.140925491601223,1.8229869166807904
RNN,subclass -> sector,Päijät-Häme,District heating,233.71411025524142,206.54384207278486,27.170268182456567,11.625429099160362
RNN,subclass -> sector,Päijät-Häme,Electric heating,37.817547211050986,28.382327359914783,9.435219851136203,24.94931730627696
RNN,subclass -> sector,Päijät-Häme,Electricity,131.6700481057167,111.48429191112518,20.185756194591505,15.330560355218026
RNN,subclass -> sector,Päijät-Häme,Emission credits,-0.7793328762054443,,,
RNN,subclass -> sector,Päijät-Häme,F-gases,32.277578705549246,31.301914277672765,0.975664427876481,3.0227311558185193
RNN,subclass -> sector,Päijät-Häme,Industry,133.47663921266795,140.67781647443772,-7.201177261769772,-5.395084341534968
RNN,subclass -> sector,Päijät-Häme,Machinery,86.93107931464911,82.3964468754828,4.534632439166316,5.216353546874882
RNN,subclass -> sector,Päijät-Häme,Oil heating,40.49333472847939,34.79333524405956,5.699999484419827,14.076389417271079
RNN,subclass -> sector,Päijät-Häme,Other heating,35.72854119539261,32.07027471363545,3.6582664817571597,10.239059192903497
RNN,subclass -> sector,Päijät-Häme,Rail transport,3.5889535620808606,3.2012619748711586,0.387691587209702,10.80235730286017
RNN,subclass -> sector,Päijät-Häme,Road transport,404.7608764559031,402.3859715521336,2.3749049037695045,0.5867427021515109
RNN,subclass -> sector,Päijät-Häme,Waste treatment,86.53621029853821,85.55313837230204,0.983071926236164,1.1360237787681007
RNN,subclass -> sector,Päijät-Häme,Water transport,5.408935260772705,3.1249240905046465,2.2840111702680588,42.226631678001844
RNN,subclass -> sector,Satakunta,Agriculture,293.6358477115631,291.1970176771283,2.4388300344347726,0.8305627713515491
RNN,subclass -> sector,Satakunta,District heating,122.44097782373426,118.73492886424066,3.7060489594936,3.0268044451824125
RNN,subclass -> sector,Satakunta,Electric heating,47.303635168075566,44.99951923489571,2.304115933179858,4.8709066966905485
RNN,subclass -> sector,Satakunta,Electricity,316.2974740982055,349.3287759959697,-33.031301897764195,-10.443112766530813
RNN,subclass -> sector,Satakunta,Emission credits,-0.6991300582885742,,,
RNN,subclass -> sector,Satakunta,F-gases,37.38606567978859,37.782598820328715,-0.39653314054012867,-1.0606442088248398
RNN,subclass -> sector,Satakunta,Industry,315.2462644182146,328.92218939438465,-13.675924976170052,-4.338171937234182
RNN,subclass -> sector,Satakunta,Machinery,110.54117258936166,108.43356627374888,2.1076063156127844,1.9066256185305002
RNN,subclass -> sector,Satakunta,Oil heating,93.8448130518198,90.92072188258172,2.924091169238082,3.11587936951128
RNN,subclass -> sector,Satakunta,Other heating,65.62755911350251,63.84599973261356,1.7815593808889503,2.714651291247558
RNN,subclass -> sector,Satakunta,Rail transport,1.610405443608761,1.204503333568573,0.40590211004018784,25.204963858703866
RNN,subclass -> sector,Satakunta,Road transport,440.6648486137391,445.53222229033713,-4.867373676598049,-1.1045522900022606
RNN,subclass -> sector,Satakunta,Waste treatment,99.34335683807733,100.82725033238529,-1.4838934943079636,-1.4937017849382777
RNN,subclass -> sector,Satakunta,Water transport,17.933360850811006,18.478939945250747,-0.5455790944397414,-3.0422579402625947
RNN,subclass -> sector,South Karelia,Agriculture,136.07536269128323,133.5057761862874,2.56958650499584,1.888355433470723
RNN,subclass -> sector,South Karelia,District heating,52.11311922669411,48.29613597095013,3.8169832557439776,7.324419095199332
RNN,subclass -> sector,South Karelia,Electric heating,19.70189722776413,16.62018871605396,3.081708511710172,15.641684027096609
RNN,subclass -> sector,South Karelia,Electricity,316.54356043040747,258.7788211405277,57.76473928987974,18.248590876824803
RNN,subclass -> sector,South Karelia,Emission credits,-0.7137548923492432,,,
RNN,subclass -> sector,South Karelia,F-gases,23.330067783594128,22.693882715702053,0.6361850678920753,2.7268890677610687
RNN,subclass -> sector,South Karelia,Industry,352.135760743171,351.15006089396775,0.985699849203229,0.27992040544900687
RNN,subclass -> sector,South Karelia,Machinery,60.80317850112915,56.07305448353291,4.730124017596246,7.77940254802371
RNN,subclass -> sector,South Karelia,Oil heating,30.524369060993195,27.325412911176684,3.19895614981651,10.480007443968518
RNN,subclass -> sector,South Karelia,Other heating,33.80786236226559,31.097182650864127,2.710679711401461,8.017897382435416
RNN,subclass -> sector,South Karelia,Rail transport,6.910218530893326,5.595883727073669,1.3143348038196567,19.02016264671943
RNN,subclass -> sector,South Karelia,Road transport,260.8169395446777,257.1265343561768,3.690405188500904,1.414940760727982
RNN,subclass -> sector,South Karelia,Waste treatment,158.69974018186332,154.18787181079387,4.511868371069454,2.843021901547564
RNN,subclass -> sector,South Karelia,Water transport,7.041274774074554,4.998521928489208,2.042752845585346,29.011122433491852
RNN,subclass -> sector,South Ostrobothnia,Agriculture,838.4253793478013,838.1349560119211,0.29042333588017755,0.03463913939557669
RNN,subclass -> sector,South Ostrobothnia,District heating,185.64246635437013,169.3196392774582,16.32282707691192,8.79261485664251
RNN,subclass -> sector,South Ostrobothnia,Electric heating,40.361011308431635,34.64644999504088,5.714561313390753,14.158617755440014
RNN,subclass -> sector,South Ostrobothnia,Electricity,127.97572608590123,106.38086641430854,21.594859671592687,16.87418413793375
RNN,subclass -> sector,South Ostrobothnia,Emission credits,-0.7651275396347046,,,
RNN,subclass -> sector,South Ostrobothnia,F-gases,37.174552935361866,36.322475251555446,0.8520776838064208,2.2920993435697556
RNN,subclass -> sector,South Ostrobothnia,Industry,104.27051311135293,105.20774454772473,-0.9372314363718033,-0.8988460959915981
RNN,subclass -> sector,South Ostrobothnia,Machinery,152.86899765729905,144.1007180415094,8.768279615789652,5.735812852941142
RNN,subclass -> sector,South Ostrobothnia,Oil heating,85.11700308024885,80.98723936155439,4.129763718694463,4.851866923464041
RNN,subclass -> sector,South Ostrobothnia,Other heating,139.81019264608625,116.5051027148962,23.305089931190054,16.669092210025248
RNN,subclass -> sector,South Ostrobothnia,Rail transport,4.261022593080997,3.4012188918888566,0.8598037011921407,20.178341757405384
RNN,subclass -> sector,South Ostrobothnia,Road transport,443.49189986437557,445.92484900280834,-2.4329491384327753,-0.5485893066314844
RNN,subclass -> sector,South Ostrobothnia,Waste treatment,76.30736234486102,75.37674786746503,0.9306144773959915,1.2195605362300461
RNN,subclass -> sector,South Ostrobothnia,Water transport,1.6519965365529061,-0.8502603247761727,2.5022568613290788,151.46865056692826
RNN,subclass -> sector,South Savo,Agriculture,200.56179885864256,199.71036749705672,0.8514313615858384,0.42452319755365453
RNN,subclass -> sector,South Savo,District heating,78.34418822675944,74.51019185185432,3.8339963749051265,4.8937853102874795
RNN,subclass -> sector,South Savo,Electric heating,34.62316790223122,28.8008736550808,5.822294247150424,16.81618003179662
RNN,subclass -> sector,South Savo,Electricity,84.36895564943552,74.44226104021072,9.926694609224796,11.765814253374856
RNN,subclass -> sector,South Savo,Emission credits,-0.67105633020401,,,
RNN,subclass -> sector,South Savo,F-gases,26.070771384239197,25.35413635969162,0.7166350245475783,2.748806370113054
RNN,subclass -> sector,South Savo,Industry,21.101598607748745,20.61024200618267,0.49135660156607486,2.3285278556366964
RNN,subclass -> sector,South Savo,Machinery,89.25006844699384,84.79186995625494,4.458198490738894,4.995176550913959
RNN,subclass -> sector,South Savo,Oil heating,37.2480090290308,35.07958786189556,2.168421167135236,5.821576034963871
RNN,subclass -> sector,South Savo,Other heating,39.48961789608002,37.13868682384491,2.350931072235113,5.953288984516816
RNN,subclass -> sector,South Savo,Rail transport,4.054081575572491,3.0746165722608563,0.9794650033116348,24.15997273496701
RNN,subclass -> sector,South Savo,Road transport,294.2818201035261,295.87527074553077,-1.5934506420046546,-0.541470975490124
RNN,subclass -> sector,South Savo,Waste treatment,63.51286274418235,64.21848102658987,-0.7056182824075208,-1.1109848492416663
RNN,subclass -> sector,South Savo,Water transport,11.437380027770997,10.228724506497382,1.2086555212736148,10.56759081484474
RNN,subclass -> sector,Southwest Finland,Agriculture,428.0154717683792,418.67527171298866,9.34020005539054,2.182210847846405
RNN,subclass -> sector,Southwest Finland,District heating,359.44040096104146,320.4618201732636,38.978580787777844,10.844240292287735
RNN,subclass -> sector,Southwest Finland,Electric heating,76.17576675415039,74.5467606574297,1.629006096720687,2.138483360434218
RNN,subclass -> sector,Southwest Finland,Electricity,250.19790688008075,247.30473107099536,2.893175809085392,1.1563549212552302
RNN,subclass -> sector,Southwest Finland,Emission credits,-0.7797595858573914,,,
RNN,subclass -> sector,Southwest Finland,F-gases,79.37390268445016,77.85138693451881,1.522515749931344,1.918156596109535
RNN,subclass -> sector,Southwest Finland,Industry,311.45539150238034,311.8755504608154,-0.42015895843508133,-0.1349018093436569
RNN,subclass -> sector,Southwest Finland,Machinery,199.10623342990877,193.0711041122675,6.035129317641264,3.0311101835823773
RNN,subclass -> sector,Southwest Finland,Oil heating,141.08458046615124,135.49781391583383,5.586766550317407,3.9598704067151926
RNN,subclass -> sector,Southwest Finland,Other heating,83.42415974140167,77.61502889320255,5.809130848199118,6.9633675259136805
RNN,subclass -> sector,Southwest Finland,Rail transport,2.313758474588394,0.7456472970545289,1.568111177533865,67.77333048181808
RNN,subclass -> sector,Southwest Finland,Road transport,796.0130550622939,801.0444898441433,-5.031434781849384,-0.632079430086186
RNN,subclass -> sector,Southwest Finland,Waste treatment,135.55380450636147,127.18643654584885,8.367367960512624,6.1727282321463335
RNN,subclass -> sector,Southwest Finland,Water transport,84.64541220664978,75.149442923069,9.495969283580777,11.21852801708581
RNN,subclass -> sector,Uusimaa,Agriculture,240.83590734004974,240.20275253616273,0.6331548038870096,0.2628988388317955
RNN,subclass -> sector,Uusimaa,District heating,1957.2460723638535,1935.2319155544042,22.014156809449332,1.1247516150517471
RNN,subclass -> sector,Uusimaa,Electric heating,200.8577198028564,191.66198041439054,9.195739388465853,4.578235478074506
RNN,subclass -> sector,Uusimaa,Electricity,984.153627383709,949.4779404193163,34.67568696439275,3.523401834790285
RNN,subclass -> sector,Uusimaa,Emission credits,-0.7170199751853943,,,
RNN,subclass -> sector,Uusimaa,F-gases,246.8318201422691,244.68008677065373,2.1517333716153644,0.8717406736194495
RNN,subclass -> sector,Uusimaa,Industry,2245.1515467464924,2258.6413873195647,-13.489840573072343,-0.6008432077834934
RNN,subclass -> sector,Uusimaa,Machinery,355.38400048613545,354.83343669474124,0.550563791394211,0.15492081541124134
RNN,subclass -> sector,Uusimaa,Oil heating,211.52366093099118,194.8006871677935,16.722973763197672,7.9059589313053165
RNN,subclass -> sector,Uusimaa,Other heating,93.5400803923607,88.96333126127718,4.576749131083517,4.892821464217273
RNN,subclass -> sector,Uusimaa,Rail transport,18.86478673964739,18.63563620597124,0.22915053367614746,1.2146998364659523
RNN,subclass -> sector,Uusimaa,Road transport,2217.347710525989,2241.3263724416493,-23.97866191566027,-1.0814118959255226
RNN,subclass -> sector,Uusimaa,Waste treatment,248.13741158396007,241.37263179570434,6.764779788255737,2.7262232426273205
RNN,subclass -> sector,Uusimaa,Water transport,88.45324048399925,87.5354948244989,0.9177456595003548,1.0375489405234062
RNN,subclass -> sector,Åland,Agriculture,39.919372032582764,36.64957720786333,3.2697948247194333,8.190997649087715
RNN,subclass -> sector,Åland,District heating,3.209375043213368,2.711050823330879,0.4983242198824889,15.527141987853954
RNN,subclass -> sector,Åland,Electric heating,6.965937089920045,5.7233120739459995,1.2426250159740455,17.83859084475752
RNN,subclass -> sector,Åland,Electricity,15.590825887024401,13.296237689256667,2.294588197767734,14.71755386401579
RNN,subclass -> sector,Åland,Emission credits,-0.6736588478088379,,,
RNN,subclass -> sector,Åland,F-gases,7.035670518875122,6.768432372808457,0.2672381460666653,3.7983323032214975
RNN,subclass -> sector,Åland,Industry,2.8231007456779484,3.165607243776322,-0.3425064980983734,-12.132280387893942
RNN,subclass -> sector,Åland,Machinery,8.84847469329834,7.618958616256713,1.2295160770416258,13.895231886381923
RNN,subclass -> sector,Åland,Oil heating,14.50928747653961,13.438240203261376,1.071047273278234,7.381804757883763
RNN,subclass -> sector,Åland,Other heating,4.284555351734161,3.980973773449659,0.30358157828450194,7.085486202474388
RNN,subclass -> sector,Åland,Rail transport,-0.8660591244697571,,,
RNN,subclass -> sector,Åland,Road transport,48.85334160625935,45.70148958563805,3.1518520206212983,6.451661067576729
RNN,subclass -> sector,Åland,Waste treatment,9.113830751180648,7.963612315058708,1.15021843612194,12.62058148241271
RNN,subclass -> sector,Åland,Water transport,47.74049461483955,44.70023213326931,3.040262481570238,6.368309557951688
RNN,sector -> region,Central Finland,,1916.4695646584034,1938.543878336251,-22.074313677847613,-1.1518217708707623
RNN,sector -> region,Central Ostrobothnia,,826.6867861509323,839.8866015292704,-13.19981537833803,-1.5967129993448417
RNN,sector -> region,Kainuu,,606.9374667719006,550.5770200639963,56.360446707904316,9.286038478999634
RNN,sector -> region,Kanta-Häme,,1231.5584941625596,1239.6845680728554,-8.126073910295872,-0.6598203779042972
RNN,sector -> region,Kymenlaakso,,1494.9466292917728,1341.3820893518628,153.56453993991,10.272242294874486
RNN,sector -> region,Lapland,,2840.26513364017,2469.1750314392148,371.09010220095524,13.065333155195793
RNN,sector -> region,North Karelia,,1316.122219568491,1312.4275282382964,3.6946913301944733,0.28072554928871496
RNN,sector -> region,North Ostrobothnia,,5093.47191605568,5094.782666702568,-1.310750646888664,-0.025733932933975863
RNN,sector -> region,North Savo,,2095.786577755213,1958.4315177716317,137.3550599835812,6.553866764940425
RNN,sector -> region,Ostrobothnia,,1473.7943238854411,1496.2259169325232,-22.43159304708206,-1.5220300881567026
RNN,sector -> region,Pirkanmaa,,2760.803041934967,2987.8672009915113,-227.0641590565442,-8.224569286818864
RNN,sector -> region,Päijät-Häme,,1429.7923240691423,1403.920080046356,25.87224402278639,1.8095106252322593
RNN,sector -> region,Satakunta,,1904.7401741027832,1961.1766513422133,-56.43647723943013,-2.9629488581566883
RNN,sector -> region,South Karelia,,1381.5819077819585,1457.7895961664617,-76.20768838450317,-5.515973244528784
RNN,sector -> region,South Ostrobothnia,,2312.6750229656695,2236.592996326089,76.08202663958036,3.289784595071046
RNN,sector -> region,South Savo,,980.2098712086678,983.6732641220093,-3.463392913341522,-0.35333177262037924
RNN,sector -> region,Southwest Finland,,3234.0697909832,2946.0200848519803,288.04970613121986,8.906725109467997
RNN,sector -> region,Uusimaa,,9671.857588529589,9107.610564947128,564.2470235824603,5.833905414939455
RNN,sector -> region,Åland,,212.42874388694767,207.35454783886672,5.07419604808095,2.388657935472886
LSTM,subclass -> sector,Central Finland,Agriculture,252.0593864932656,258.5658071741462,-6.506420680880581,-2.58130465657323
LSTM,subclass -> sector,Central Finland,District heating,223.422062933445,227.3008751153946,-3.8788121819495984,-1.736091830422788
LSTM,subclass -> sector,Central Finland,Electric heating,54.741806331276884,60.46874375939369,-5.7269374281168055,-10.461725346546894
LSTM,subclass -> sector,Central Finland,Electricity,446.424080491066,285.9077214568853,160.51635903418065,35.956026130492965
LSTM,subclass -> sector,Central Finland,Emission credits,-0.21764886379241943,,,
LSTM,subclass -> sector,Central Finland,F-gases,47.97160432338715,46.13182845413685,1.8397758692502961,3.835135170481191
LSTM,subclass -> sector,Central Finland,Industry,128.90193126797675,137.72387744188308,-8.821946173906326,-6.843920868467214
LSTM,subclass -> sector,Central Finland,Machinery,137.68287453949452,131.90899650752544,5.773878031969076,4.193606540596181
LSTM,subclass -> sector,Central Finland,Oil heating,67.1011642768979,75.20768268555402,-8.106518408656115,-12.081039868703273
LSTM,subclass -> sector,Central Finland,Other heating,53.307828116416935,47.53566124737262,5.772166869044312,10.827991071852894
LSTM,subclass -> sector,Central Finland,Rail transport,5.005038113892079,5.0994008660316466,-0.0943627521395678,-1.8853553158297187
LSTM,subclass -> sector,Central Finland,Road transport,594.052590557933,593.1285229071975,0.9240676507354237,0.1555531724670271
LSTM,subclass -> sector,Central Finland,Waste treatment,80.43847801238299,71.32415877580644,9.114319236576549,11.330795238534296
LSTM,subclass -> sector,Central Finland,Water transport,8.722597181797028,8.439392645657062,0.28320453613996577,3.2467914112894984
LSTM,subclass -> sector,Central Ostrobothnia,Agriculture,317.73199159801004,323.05195305496454,-5.319961456954502,-1.6743549902539372
LSTM,subclass -> sector,Central Ostrobothnia,District heating,40.92237000465393,43.479135268926626,-2.5567652642726983,-6.2478425955826316
LSTM,subclass -> sector,Central Ostrobothnia,Electric heating,17.131001389026643,16.828151631355286,0.3028497576713569,1.7678462034644922
LSTM,subclass -> sector,Central Ostrobothnia,Electricity,168.6195700138807,108.95448286235332,59.66508715152737,35.38443796684796
LSTM,subclass -> sector,Central Ostrobothnia,Emission credits,-0.21210098266601562,,,
LSTM,subclass -> sector,Central Ostrobothnia,F-gases,12.668917322158814,11.535425342619417,1.1334919795393965,8.947031152826614
LSTM,subclass -> sector,Central Ostrobothnia,Industry,67.68574355840683,83.86522288322448,-16.17947932481765,-23.903821505419653
LSTM,subclass -> sector,Central Ostrobothnia,Machinery,40.0682875096798,38.49792731106281,1.5703601986169886,3.91920966983582
LSTM,subclass -> sector,Central Ostrobothnia,Oil heating,25.036675989627838,26.823867042362686,-1.7871910527348476,-7.138292053926179
LSTM,subclass -> sector,Central Ostrobothnia,Other heating,19.103876401484012,17.499113473296166,1.6047629281878457,8.400195303101867
LSTM,subclass -> sector,Central Ostrobothnia,Rail transport,3.880223873257637,2.7794229805469506,1.1008008927106863,28.36952012736601
LSTM,subclass -> sector,Central Ostrobothnia,Road transport,151.10039693713188,147.22554324567318,3.8748536914586964,2.5644232377965896
LSTM,subclass -> sector,Central Ostrobothnia,Waste treatment,26.465621407330037,22.277600097656254,4.188021309673783,15.824383056102546
LSTM,subclass -> sector,Central Ostrobothnia,Water transport,8.39745928645134,6.9173680424690245,1.480091243982316,17.62546495903029
LSTM,subclass -> sector,Kainuu,Agriculture,116.58929997086524,115.47606894448401,1.1132310263812286,0.9548312123491748
LSTM,subclass -> sector,Kainuu,District heating,59.8338047504425,58.386316752433785,1.447487998008718,2.419180936338522
LSTM,subclass -> sector,Kainuu,Electric heating,17.019498939812184,18.112522023916245,-1.0930230841040611,-6.4221813343003324
LSTM,subclass -> sector,Kainuu,Electricity,43.337436413764955,0.7125086545944193,42.62492775917053,98.35590493218903
LSTM,subclass -> sector,Kainuu,Emission credits,-0.1564091444015503,,,
LSTM,subclass -> sector,Kainuu,F-gases,14.413666039705278,13.233321166038515,1.1803448736667637,8.18906772513857
LSTM,subclass -> sector,Kainuu,Industry,14.212991438806059,15.296971678733827,-1.0839802399277687,-7.6266860822004885
LSTM,subclass -> sector,Kainuu,Machinery,102.35184978246689,97.74828261435033,4.603567168116555,4.497785997908908
LSTM,subclass -> sector,Kainuu,Oil heating,16.52644818276167,16.83174786567688,-0.30529968291521214,-1.8473399700830013
LSTM,subclass -> sector,Kainuu,Other heating,19.85732733607292,18.431716176867486,1.4256111592054346,7.1792700753623695
LSTM,subclass -> sector,Kainuu,Rail transport,10.53410180360079,8.044142699241638,2.4899591043591514,23.637127785380127
LSTM,subclass -> sector,Kainuu,Road transport,168.35434403270483,168.81774721443654,-0.4634031817317066,-0.2752546626546714
LSTM,subclass -> sector,Kainuu,Waste treatment,29.157198229432108,25.237608636915684,3.9195895925164237,13.442956904411613
LSTM,subclass -> sector,Kainuu,Water transport,2.712028059363365,2.0259681612253186,0.6860598981380464,25.296932152652413
LSTM,subclass -> sector,Kanta-Häme,Agriculture,189.93823448568583,191.42943110316992,-1.4911966174840927,-0.7850955451502171
LSTM,subclass -> sector,Kanta-Häme,District heating,116.7004850447178,112.37047568410634,4.330009360611456,3.7103610657250172
LSTM,subclass -> sector,Kanta-Häme,Electric heating,39.806940992176536,45.195170333981515,-5.38822934180498,-13.535904059706464
LSTM,subclass -> sector,Kanta-Häme,Electricity,151.795065651834,108.95490246713163,42.84016318470236,28.22236875799577
LSTM,subclass -> sector,Kanta-Häme,Emission credits,-0.20864331722259521,,,
LSTM,subclass -> sector,Kanta-Häme,F-gases,29.121866869926457,26.822073048353197,2.2997938215732603,7.897137336165111
LSTM,subclass -> sector,Kanta-Häme,Industry,125.50747836381197,146.59500866830348,-21.08753030449151,-16.80181179591905
LSTM,subclass -> sector,Kanta-Häme,Machinery,82.4054821357131,78.89511415064334,3.510367985069763,4.259871909114686
LSTM,subclass -> sector,Kanta-Häme,Oil heating,47.291373297572136,48.52563926279545,-1.2342659652233152,-2.6099177908345506
LSTM,subclass -> sector,Kanta-Häme,Other heating,34.40629516839981,28.896092361211778,5.51020280718803,16.015100667533748
LSTM,subclass -> sector,Kanta-Häme,Rail transport,7.578420375287533,5.260892316699028,2.317528058588505,30.580621604810034
LSTM,subclass -> sector,Kanta-Häme,Road transport,386.3531065389514,386.531722125411,-0.17861558645961395,-0.046231176464374114
LSTM,subclass -> sector,Kanta-Häme,Waste treatment,37.27920364290476,34.79034565389156,2.488857989013198,6.676263830241166
LSTM,subclass -> sector,Kanta-Häme,Water transport,3.120169308781624,2.054045045375824,1.0661242634058001,34.168795276757095
LSTM,subclass -> sector,Kymenlaakso,Agriculture,114.26954086124897,116.65198591202497,-2.382445050775999,-2.084934474068525
LSTM,subclass -> sector,Kymenlaakso,District heating,77.42130106091498,75.88506434857845,1.5362367123365317,1.9842558718146865
LSTM,subclass -> sector,Kymenlaakso,Electric heating,31.948411943018435,33.75628038048744,-1.8078684374690042,-5.658711427326737
LSTM,subclass -> sector,Kymenlaakso,Electricity,312.62308808565143,141.52138295769694,171.1017051279545,54.73098809678337
LSTM,subclass -> sector,Kymenlaakso,Emission credits,-0.22505605220794678,,,
LSTM,subclass -> sector,Kymenlaakso,F-gases,33.20094324350357,31.161798593401905,2.039144650101669,6.141827462991336
LSTM,subclass -> sector,Kymenlaakso,Industry,276.87924291938543,282.11915522813797,-5.239912308752537,-1.8924901171729076
LSTM,subclass -> sector,Kymenlaakso,Machinery,62.63129383027553,60.81865252256394,1.8126413077115942,2.8941463553725533
LSTM,subclass -> sector,Kymenlaakso,Oil heating,50.24313400834799,49.6619531005621,0.5811809077858854,1.1567369736317028
LSTM,subclass -> sector,Kymenlaakso,Other heating,93.88132057935,72.35118028223513,21.53014029711487,22.93335901567048
LSTM,subclass -> sector,Kymenlaakso,Rail transport,10.674150110781193,8.385298153758049,2.2888519570231445,21.44294330947566
LSTM,subclass -> sector,Kymenlaakso,Road transport,354.94216145575047,341.4544149897993,13.487746465951147,3.799984315932731
LSTM,subclass -> sector,Kymenlaakso,Waste treatment,142.1210607096553,127.91325681507587,14.207803894579428,9.996972879061964
LSTM,subclass -> sector,Kymenlaakso,Water transport,19.557821691036228,13.890473510324956,5.667348180711272,28.977399785318326
LSTM,subclass -> sector,Lapland,Agriculture,320.0805660545826,316.7779590055346,3.3026070490479924,1.0318049264149345
LSTM,subclass -> sector,Lapland,District heating,199.71509495526553,196.33382560014724,3.3812693551182917,1.693046464953321
LSTM,subclass -> sector,Lapland,Electric heating,72.8149961411953,78.96750932335854,-6.152513182163247,-8.449513847714735
LSTM,subclass -> sector,Lapland,Electricity,560.3384334921836,430.021057677269,130.3173758149146,23.256904760706988
LSTM,subclass -> sector,Lapland,Emission credits,-0.04538893699645996,,,
LSTM,subclass -> sector,Lapland,F-gases,38.60639422535896,35.91543918251991,2.6909550428390503,6.970231478057777
LSTM,subclass -> sector,Lapland,Industry,495.9730080783367,419.99626226425164,75.97674581408506,15.318725933989713
LSTM,subclass -> sector,Lapland,Machinery,177.44017494916918,168.7879638671875,8.652211081981676,4.876128579370626
LSTM,subclass -> sector,Lapland,Oil heating,75.01738772839309,73.2393622353673,1.778025493025794,2.3701511701037745
LSTM,subclass -> sector,Lapland,Other heating,46.75443314909934,44.00407965481281,2.7503534942865286,5.8825512556545885
LSTM,subclass -> sector,Lapland,Rail transport,5.998424151539803,6.024118708074093,-0.025694556534290314,-0.4283551126956317
LSTM,subclass -> sector,Lapland,Road transport,444.3900871604681,452.9606682062149,-8.570581045746792,-1.9286166126050373
LSTM,subclass -> sector,Lapland,Waste treatment,119.22626674622298,104.83787167072296,14.388395075500014,12.068141918866072
LSTM,subclass -> sector,Lapland,Water transport,13.624791719019415,11.90920684337616,1.7155848756432555,12.591641112930915
LSTM,subclass -> sector,North Karelia,Agriculture,285.78190424740313,286.97753580212594,-1.1956315547228087,-0.41837203019255664
LSTM,subclass -> sector,North Karelia,District heating,98.81509328335524,95.51334315240383,3.3017501309514046,3.3413419157370394
LSTM,subclass -> sector,North Karelia,Electric heating,39.799517332017416,43.1484138429165,-3.348896510899081,-8.41441488589361
LSTM,subclass -> sector,North Karelia,Electricity,212.77882975786923,159.4374989390373,53.34133081883192,25.068908819327305
LSTM,subclass -> sector,North Karelia,Emission credits,-0.1292252540588379,,,
LSTM,subclass -> sector,North Karelia,F-gases,28.831839847564698,27.29097930788994,1.5408605396747568,5.34430181293098
LSTM,subclass -> sector,North Karelia,Industry,66.40149004161357,85.65029423832893,-19.248804196715355,-28.988512433459253
LSTM,subclass -> sector,North Karelia,Machinery,113.17139932215213,111.26396333575248,1.9074359863996477,1.6854399590571174
LSTM,subclass -> sector,North Karelia,Oil heating,35.72555123567581,37.20278664827346,-1.4772354125976506,-4.134954847449554
LSTM,subclass -> sector,North Karelia,Other heating,43.33448184430599,39.14180456399917,4.1926772803068175,9.675152677192383
LSTM,subclass -> sector,North Karelia,Rail transport,6.106545308232307,5.386845868825913,0.7196994394063942,11.785705387891888
LSTM,subclass -> sector,North Karelia,Road transport,353.6114751249552,348.43145724385977,5.180017881095409,1.464889644563982
LSTM,subclass -> sector,North Karelia,Waste treatment,68.25403818637133,59.02503596544266,9.22900222092867,13.521547539397424
LSTM,subclass -> sector,North Karelia,Water transport,7.44631460160017,7.0329956516623495,0.41331894993782026,5.550651188562465
LSTM,subclass -> sector,North Ostrobothnia,Agriculture,1015.4706398308276,989.4219329535961,26.048706877231552,2.5651856248223126
LSTM,subclass -> sector,North Ostrobothnia,District heating,403.1957533836365,396.0466356217861,7.149117761850391,1.773113357929661
LSTM,subclass -> sector,North Ostrobothnia,Electric heating,96.10808537006378,101.51024623066186,-5.402160860598087,-5.620922360274986
LSTM,subclass -> sector,North Ostrobothnia,Electricity,444.0056337833405,349.4606149047613,94.54501887857919,21.293652982050652
LSTM,subclass -> sector,North Ostrobothnia,Emission credits,-0.1985914707183838,,,
LSTM,subclass -> sector,North Ostrobothnia,F-gases,74.07201585769654,70.11462605893612,3.957389798760417,5.3426246780743165
LSTM,subclass -> sector,North Ostrobothnia,Industry,1704.4748637259006,1993.2517674714327,-288.7769037455321,-16.942279988469856
LSTM,subclass -> sector,North Ostrobothnia,Machinery,233.89357209205627,227.14038074836137,6.753191343694908,2.8872924053838362
LSTM,subclass -> sector,North Ostrobothnia,Oil heating,87.06768495738507,90.14124507755041,-3.0735601201653395,-3.5300813633320804
LSTM,subclass -> sector,North Ostrobothnia,Other heating,80.65429459810258,70.77776249349118,9.8765321046114,12.245512968436213
LSTM,subclass -> sector,North Ostrobothnia,Rail transport,16.884347121417523,12.316011953353884,4.568335168063639,27.056629049451246
LSTM,subclass -> sector,North Ostrobothnia,Road transport,861.8880599617958,870.2731487035751,-8.385088741779327,-0.972874452182457
LSTM,subclass -> sector,North Ostrobothnia,Waste treatment,153.2664983019233,135.39026847481728,17.876229827106016,11.663494648315908
LSTM,subclass -> sector,North Ostrobothnia,Water transport,36.42905848324299,36.1781927227974,0.25086576044559195,0.6886418998750344
LSTM,subclass -> sector,North Savo,Agriculture,580.4109744340182,578.7819666832685,1.629007750749679,0.2806645329782383
LSTM,subclass -> sector,North Savo,District heating,190.18050078749656,205.74033389911054,-15.559833111613983,-8.181613281689796
LSTM,subclass -> sector,North Savo,Electric heating,49.33067524284124,51.91540258228779,-2.5847273394465518,-5.239594485019018
LSTM,subclass -> sector,North Savo,Electricity,246.58345603942874,163.73585094213487,82.84760509729387,33.598200961238256
LSTM,subclass -> sector,North Savo,Emission credits,-0.22136175632476807,,,
LSTM,subclass -> sector,North Savo,F-gases,40.4667128443718,37.708163782954216,2.7585490614175825,6.816835041745299
LSTM,subclass -> sector,North Savo,Industry,97.15458356142044,116.47595376968384,-19.321370208263403,-19.88724515096971
LSTM,subclass -> sector,North Savo,Machinery,172.362591175735,171.5405386954546,0.822052480280405,0.4769320736436763
LSTM,subclass -> sector,North Savo,Oil heating,51.59267955869437,54.67672792226077,-3.084048363566396,-5.977685962323067
LSTM,subclass -> sector,North Savo,Other heating,58.73916866779328,51.07081050872803,7.668358159065249,13.054931373705012
LSTM,subclass -> sector,North Savo,Rail transport,5.163356432318687,5.540380692481994,-0.37702426016330737,-7.301922017302971
LSTM,subclass -> sector,North Savo,Road transport,522.9938040152192,519.4090581789612,3.58474583625798,0.6854279742391868
LSTM,subclass -> sector,North Savo,Waste treatment,91.02117798775434,86.38747093975545,4.633707047998897,5.090801009653269
LSTM,subclass -> sector,North Savo,Water transport,13.562317115068435,12.696342325210571,0.865974789857864,6.385153676252868
LSTM,subclass -> sector,Ostrobothnia,Agriculture,373.78806909173727,385.49518114328384,-11.707112051546574,-3.1320186543121964
LSTM,subclass -> sector,Ostrobothnia,District heating,88.41257975250484,92.2498647481203,-3.8372849956154624,-4.340202498736327
LSTM,subclass -> sector,Ostrobothnia,Electric heating,32.29324814975261,39.5409354954958,-7.247687345743195,-22.44335197293778
LSTM,subclass -> sector,Ostrobothnia,Electricity,227.3106459379196,169.00633594691757,58.304309991002015,25.64961695939459
LSTM,subclass -> sector,Ostrobothnia,Emission credits,-0.09544670581817627,,,
LSTM,subclass -> sector,Ostrobothnia,F-gases,35.194840335845946,33.878918781876564,1.3159215539693818,3.738961567696375
LSTM,subclass -> sector,Ostrobothnia,Industry,54.510228212177765,80.30721541196108,-25.796987199783317,-47.325039806052736
LSTM,subclass -> sector,Ostrobothnia,Machinery,91.15143966674805,88.7858763962984,2.365563270449641,2.5952012157988946
LSTM,subclass -> sector,Ostrobothnia,Oil heating,67.5160154849291,74.68373406678438,-7.167718581855283,-10.61632344618331
LSTM,subclass -> sector,Ostrobothnia,Other heating,110.53655454814435,102.75415038466454,7.782404163479811,7.040570601547177
LSTM,subclass -> sector,Ostrobothnia,Rail transport,1.0314643412828446,0.8370512425899506,0.19441309869289403,18.848261729639642
LSTM,subclass -> sector,Ostrobothnia,Road transport,351.10635497197507,348.7765653163195,2.3297896556555884,0.6635566752534428
LSTM,subclass -> sector,Ostrobothnia,Waste treatment,63.52384891510009,58.00996572375297,5.513883191347119,8.680020630860149
LSTM,subclass -> sector,Ostrobothnia,Water transport,38.118732587993144,39.389982423186304,-1.27124983519316,-3.3349740373938492
LSTM,subclass -> sector,Pirkanmaa,Agriculture,360.1489830583334,361.0119031488896,-0.8629200905562016,-0.23960086829300703
LSTM,subclass -> sector,Pirkanmaa,District heating,374.57879269272087,354.3845435000956,20.19424919262525,5.3911886061289245
LSTM,subclass -> sector,Pirkanmaa,Electric heating,98.10308441370725,90.84065245389937,7.262431959807884,7.402857925630273
LSTM,subclass -> sector,Pirkanmaa,Electricity,477.87654529809953,284.87343001663686,193.00311528146267,40.38765182774712
LSTM,subclass -> sector,Pirkanmaa,Emission credits,-0.20584368705749512,,,
LSTM,subclass -> sector,Pirkanmaa,F-gases,85.31237727999687,78.60814374685287,6.7042335331439915,7.858453540850899
LSTM,subclass -> sector,Pirkanmaa,Industry,256.88767709732053,257.02604415416715,-0.13836705684661865,-0.053862862714975236
LSTM,subclass -> sector,Pirkanmaa,Machinery,196.26440925598143,190.74123521745204,5.52317403852939,2.8141495747839285
LSTM,subclass -> sector,Pirkanmaa,Oil heating,127.97704290300608,119.6385111838579,8.338531719148179,6.515646501902658
LSTM,subclass -> sector,Pirkanmaa,Other heating,80.7481868520379,67.6503811120987,13.097805739939204,16.22055708066793
LSTM,subclass -> sector,Pirkanmaa,Rail transport,12.473397099971772,9.516658875346184,2.956738224625587,23.704354162125398
LSTM,subclass -> sector,Pirkanmaa,Road transport,963.1407438412308,940.7000172615052,22.440726579725606,2.3299529921480358
LSTM,subclass -> sector,Pirkanmaa,Waste treatment,190.60809748470783,161.46840451955794,29.13969296514989,15.287751858227178
LSTM,subclass -> sector,Pirkanmaa,Water transport,13.108742937445642,12.547824074327945,0.5609188631176973,4.278967600435664
LSTM,subclass -> sector,Päijät-Häme,Agriculture,170.16102887094019,174.11346943825484,-3.952440567314653,-2.3227648501775393
LSTM,subclass -> sector,Päijät-Häme,District heating,253.1118381381035,244.36101222634312,8.750825911760387,3.457296180270217
LSTM,subclass -> sector,Päijät-Häme,Electric heating,40.31314369291067,42.81429643034936,-2.5011527374386873,-6.2043108235156845
LSTM,subclass -> sector,Päijät-Häme,Electricity,169.12346203625202,131.12318656742573,38.00027546882629,22.468955525922734
LSTM,subclass -> sector,Päijät-Häme,Emission credits,-0.16971147060394287,,,
LSTM,subclass -> sector,Päijät-Häme,F-gases,32.48392377495766,30.88707421422005,1.5968495607376099,4.915814886773761
LSTM,subclass -> sector,Päijät-Häme,Industry,132.5079299017787,142.11364820972085,-9.60571830794214,-7.24916487267016
LSTM,subclass -> sector,Päijät-Häme,Machinery,86.79687842130662,84.27622154355049,2.5206568777561245,2.904087017416702
LSTM,subclass -> sector,Päijät-Häme,Oil heating,43.303738181293014,44.965982833504675,-1.6622446522116618,-3.838570807103537
LSTM,subclass -> sector,Päijät-Häme,Other heating,39.51094046533108,31.899487829208375,7.611452636122706,19.26416467560772
LSTM,subclass -> sector,Päijät-Häme,Rail transport,4.206399887800218,3.1316734939813617,1.0747263938188558,25.54979132953752
LSTM,subclass -> sector,Päijät-Häme,Road transport,439.9292476221919,432.34015617519617,7.589091446995724,1.7250709035633798
LSTM,subclass -> sector,Päijät-Häme,Waste treatment,88.59797129631043,79.95008552074432,8.64788577556611,9.760816922820718
LSTM,subclass -> sector,Päijät-Häme,Water transport,5.875058019161225,4.803758355975152,1.071299663186073,18.23470780530302
LSTM,subclass -> sector,Satakunta,Agriculture,297.53885408639906,296.6175747811794,0.9212793052196275,0.30963327732387763
LSTM,subclass -> sector,Satakunta,District heating,126.31184915006159,129.84238945841793,-3.5305403083563363,-2.7950982683833305
LSTM,subclass -> sector,Satakunta,Electric heating,52.58259563595057,54.06451918780804,-1.48192355185747,-2.8182776714131683
LSTM,subclass -> sector,Satakunta,Electricity,411.33931117057796,244.84018801152698,166.49912315905098,40.477318514788294
LSTM,subclass -> sector,Satakunta,Emission credits,-0.20227015018463135,,,
LSTM,subclass -> sector,Satakunta,F-gases,37.356242537498474,34.614917954802515,2.7413245826959596,7.338330614874335
LSTM,subclass -> sector,Satakunta,Industry,280.44088828116656,311.9923933386803,-31.551505057513737,-11.250679332423376
LSTM,subclass -> sector,Satakunta,Machinery,108.68388621062039,109.60064656436444,-0.9167603537440527,-0.8435108328454937
LSTM,subclass -> sector,Satakunta,Oil heating,94.43056460916995,97.18075420558452,-2.7501895964145717,-2.91239346899712
LSTM,subclass -> sector,Satakunta,Other heating,71.46840307712556,63.909368976950645,7.559034100174912,10.576749688974491
LSTM,subclass -> sector,Satakunta,Rail transport,1.9469847604632378,1.3889895468950273,0.5579952135682105,28.659454603817704
LSTM,subclass -> sector,Satakunta,Road transport,474.6653850436211,467.0693383425475,7.59604670107359,1.6002950584600821
LSTM,subclass -> sector,Satakunta,Waste treatment,100.73387035727502,87.15642971396446,13.577440643310567,13.478525738319355
LSTM,subclass -> sector,Satakunta,Water transport,20.055600360035896,19.460338550806046,0.5952618092298501,2.9680577920569644
LSTM,subclass -> sector,South Karelia,Agriculture,133.5503199711442,136.7630522727966,-3.2127323016524088,-2.405634297504172
LSTM,subclass -> sector,South Karelia,District heating,63.50444304049015,62.0456089258194,1.4588341146707506,2.2972158243173704
LSTM,subclass -> sector,South Karelia,Electric heating,23.51098271608353,25.495007276535034,-1.9840245604515054,-8.43871387432165
LSTM,subclass -> sector,South Karelia,Electricity,494.3861419349908,314.376942512393,180.00919942259782,36.41064830782981
LSTM,subclass -> sector,South Karelia,Emission credits,-0.17169368267059326,,,
LSTM,subclass -> sector,South Karelia,F-gases,23.946925842761992,22.42406265735626,1.5228631854057326,6.359326434653913
LSTM,subclass -> sector,South Karelia,Industry,345.5633347928524,384.6259315498173,-39.06259675696492,-11.304033971191116
LSTM,subclass -> sector,South Karelia,Machinery,61.323007446527484,57.529410406947136,3.793597039580348,6.186254062781075
LSTM,subclass -> sector,South Karelia,Oil heating,32.911775048077104,34.040365535020825,-1.1285904869437218,-3.429138918502849
LSTM,subclass -> sector,South Karelia,Other heating,37.37477242797613,32.85283561497927,4.521936812996863,12.098901262103896
LSTM,subclass -> sector,South Karelia,Rail transport,8.219275507330895,6.816069352626801,1.403206154704094,17.07213918614303
LSTM,subclass -> sector,South Karelia,Road transport,290.87565517425537,277.4617359697819,13.413919204473473,4.611564758294253
LSTM,subclass -> sector,South Karelia,Waste treatment,166.01639647632837,151.79799372553825,14.21840275079012,8.564456916650077
LSTM,subclass -> sector,South Karelia,Water transport,7.741820941865444,6.060106727480888,1.6817142143845558,21.722463319841847
LSTM,subclass -> sector,South Ostrobothnia,Agriculture,869.8098418831826,855.69802428931,14.111817593872615,1.62240261196859
LSTM,subclass -> sector,South Ostrobothnia,District heating,199.01475032567978,185.09207914471628,13.922671180963505,6.99579863210119
LSTM,subclass -> sector,South Ostrobothnia,Electric heating,45.04396690875293,46.02154058367014,-0.9775736749172097,-2.1702655028086526
LSTM,subclass -> sector,South Ostrobothnia,Electricity,141.78889216035603,116.93343305587769,24.855459104478342,17.529905711068032
LSTM,subclass -> sector,South Ostrobothnia,Emission credits,-0.10342133045196533,,,
LSTM,subclass -> sector,South Ostrobothnia,F-gases,37.15274715125561,33.72173470258713,3.4310124486684828,9.234882240874962
LSTM,subclass -> sector,South Ostrobothnia,Industry,104.57940706014634,107.20008643865586,-2.6206793785095215,-2.5059229653140993
LSTM,subclass -> sector,South Ostrobothnia,Machinery,152.42779322862626,144.98055349886417,7.447239729762089,4.885749227237046
LSTM,subclass -> sector,South Ostrobothnia,Oil heating,93.01901295483114,92.53378603607416,0.4852269187569789,0.5216427301723777
LSTM,subclass -> sector,South Ostrobothnia,Other heating,149.145235042274,120.33053462952375,28.814700412750256,19.319893394236136
LSTM,subclass -> sector,South Ostrobothnia,Rail transport,5.158664019405842,3.952110782265663,1.206553237140179,23.38887030830796
LSTM,subclass -> sector,South Ostrobothnia,Road transport,472.71623244583606,467.809991518408,4.90624092742803,1.0378828969005602
LSTM,subclass -> sector,South Ostrobothnia,Waste treatment,79.32666675299406,65.98175181448461,13.344914938509447,16.82273500796725
LSTM,subclass -> sector,South Ostrobothnia,Water transport,1.6930748045444488,0.8975818455219268,0.795492959022522,46.98510407734543
LSTM,subclass -> sector,South Savo,Agriculture,198.23482043743132,201.91633159071208,-3.681511153280752,-1.8571465624238017
LSTM,subclass -> sector,South Savo,District heating,86.67199178338052,84.42173554599285,2.250256237387674,2.59628997913391
LSTM,subclass -> sector,South Savo,Electric heating,37.53741712272168,39.611591726541526,-2.0741746038198485,-5.525618869936406
LSTM,subclass -> sector,South Savo,Electricity,110.34469889700412,80.01515976190566,30.329539135098457,27.486176896824094
LSTM,subclass -> sector,South Savo,Emission credits,-0.19898951053619385,,,
LSTM,subclass -> sector,South Savo,F-gases,26.585666930675508,24.747664211690424,1.8380027189850843,6.913509914112141
LSTM,subclass -> sector,South Savo,Industry,19.17211568802595,21.926285450160503,-2.754169762134552,-14.365497303225036
LSTM,subclass -> sector,South Savo,Machinery,90.19376590251923,86.65871623456476,3.5350496679544676,3.9193946860752256
LSTM,subclass -> sector,South Savo,Oil heating,40.06559380590915,42.40940908193589,-2.3438152760267386,-5.849945185839369
LSTM,subclass -> sector,South Savo,Other heating,42.792458039522174,37.3392559081316,5.453202131390576,12.743372036152067
LSTM,subclass -> sector,South Savo,Rail transport,4.344005385041237,3.8279397606849668,0.5160656243562705,11.879949001291845
LSTM,subclass -> sector,South Savo,Road transport,322.0762631595135,317.0135228723288,5.062740287184681,1.5719072984516334
LSTM,subclass -> sector,South Savo,Waste treatment,64.0656127974391,58.42491464614868,5.640698151290422,8.804564422297851
LSTM,subclass -> sector,South Savo,Water transport,12.494170737266542,11.496881210803986,0.9972895264625556,7.9820385636953555
LSTM,subclass -> sector,Southwest Finland,Agriculture,436.39893605709074,439.4822021126747,-3.0832660555839766,-0.7065246500006628
LSTM,subclass -> sector,Southwest Finland,District heating,398.66111332029107,364.4150009691715,34.246112351119564,8.590281621876086
LSTM,subclass -> sector,Southwest Finland,Electric heating,88.75962401330472,96.65504911243916,-7.895425099134442,-8.895289031362896
LSTM,subclass -> sector,Southwest Finland,Electricity,354.16890230625876,267.39606573879723,86.77283656746152,24.50041096279731
LSTM,subclass -> sector,Southwest Finland,Emission credits,-0.14098036289215088,,,
LSTM,subclass -> sector,Southwest Finland,F-gases,80.58421701192856,75.28058390021324,5.303633111715314,6.581478741588118
LSTM,subclass -> sector,Southwest Finland,Industry,323.77796729207034,301.1096235156059,22.66834377646444,7.0012002255904
LSTM,subclass -> sector,Southwest Finland,Machinery,203.0273970246315,200.99161581099034,2.0357812136411724,1.0027125616914594
LSTM,subclass -> sector,Southwest Finland,Oil heating,154.20465576797724,155.87498697638512,-1.6703312084078732,-1.0831911657201343
LSTM,subclass -> sector,Southwest Finland,Other heating,93.63527860641479,82.60409924387932,11.031179362535468,11.781007678637634
LSTM,subclass -> sector,Southwest Finland,Rail transport,3.252102798223495,2.288118004798889,0.963984793424606,29.641891823075078
LSTM,subclass -> sector,Southwest Finland,Road transport,863.7959074303507,849.4336163759231,14.362291054427601,1.6626949642714832
LSTM,subclass -> sector,Southwest Finland,Waste treatment,139.8598098218441,117.96806854009628,21.891741281747812,15.6526319531207
LSTM,subclass -> sector,Southwest Finland,Water transport,92.8789208650589,71.85970023274422,21.019220632314685,22.630776107802657
LSTM,subclass -> sector,Uusimaa,Agriculture,241.1514013826847,245.04038580805064,-3.8889844253659476,-1.6126733674644889
LSTM,subclass -> sector,Uusimaa,District heating,2081.3670138239863,1973.991371577978,107.37564224600828,5.158899969723872
LSTM,subclass -> sector,Uusimaa,Electric heating,210.1988950312137,229.91296103596684,-19.714066004753136,-9.378767667558705
LSTM,subclass -> sector,Uusimaa,Electricity,1272.333963981271,962.5163212925195,309.81764268875145,24.350339726788274
LSTM,subclass -> sector,Uusimaa,Emission credits,-0.04977738857269287,,,
LSTM,subclass -> sector,Uusimaa,F-gases,252.98619539737697,242.8031467854977,10.183048611879286,4.025140026270725
LSTM,subclass -> sector,Uusimaa,Industry,2375.814159157872,2024.1168247699736,351.6973343878983,14.803234210564705
LSTM,subclass -> sector,Uusimaa,Machinery,386.618852931261,371.34715931713583,15.271693614125184,3.950064384687525
LSTM,subclass -> sector,Uusimaa,Oil heating,230.92369864434005,219.85607237219813,11.067626272141922,4.7927632967579745
LSTM,subclass -> sector,Uusimaa,Other heating,98.29167647063733,90.1766131132841,8.115063357353222,8.256104330235363
LSTM,subclass -> sector,Uusimaa,Rail transport,23.368732000887395,18.338057881593706,5.030674119293689,21.527373068862513
LSTM,subclass -> sector,Uusimaa,Road transport,2390.759630432725,2335.3775520741938,55.38207835853109,2.3165055011618625
LSTM,subclass -> sector,Uusimaa,Waste treatment,270.77589876502753,191.85077160596845,78.92512715905909,29.14776666572837
LSTM,subclass -> sector,Uusimaa,Water transport,99.01690499186516,86.45238454639912,12.564520445466044,12.689268005799914
LSTM,subclass -> sector,Åland,Agriculture,39.99263947308064,39.09644381925464,0.8961956538259983,2.2409014899585076
LSTM,subclass -> sector,Åland,District heating,4.644672057032586,5.091707833111286,-0.4470357760787005,-9.624700529757213
LSTM,subclass -> sector,Åland,Electric heating,7.110771521925927,7.059977209568023,0.05079431235790377,0.7143291301271668
LSTM,subclass -> sector,Åland,Electricity,18.61626681089401,14.077213685214518,4.539053125679493,24.38218774895993
LSTM,subclass -> sector,Åland,Emission credits,-0.12362515926361084,,,
LSTM,subclass -> sector,Åland,F-gases,7.135692310333252,6.42239312529564,0.713299185037612,9.99621555997696
LSTM,subclass -> sector,Åland,Industry,2.7603819191455843,3.367223203182221,-0.6068412840366366,-21.98396098118448
LSTM,subclass -> sector,Åland,Machinery,8.900268006324769,8.959444874525069,-0.05917686820029999,-0.6648886096266687
LSTM,subclass -> sector,Åland,Oil heating,14.812490141391754,14.695724791288374,0.11676535010338007,0.7882898080525509
LSTM,subclass -> sector,Åland,Other heating,4.602037167549133,4.1794365093111985,0.42260065823793447,9.182904067308852
LSTM,subclass -> sector,Åland,Rail transport,-0.4823716878890991,,,
LSTM,subclass -> sector,Åland,Road transport,53.065819615125655,49.21396031975746,3.851859295368193,7.258644685609031
LSTM,subclass -> sector,Åland,Waste treatment,9.444254773855208,7.533919978141785,1.910334795713423,20.22748053135813
LSTM,subclass -> sector,Åland,Water transport,52.86772368699312,43.4440836250782,9.423640061914924,17.82494006685102
LSTM,sector -> region,Central Finland,,2384.204068228975,2099.6137937754393,284.5902744535356,11.93648975965945
LSTM,sector -> region,Central Ostrobothnia,,1059.9489930015059,898.6000343084335,161.3489586930724,15.22233237244494
LSTM,sector -> region,Kainuu,,729.6413926083595,614.7435858353972,114.89780677296233,15.747161268115525
LSTM,sector -> region,Kanta-Häme,,1447.7089185342193,1251.0954785585404,196.61343997567883,13.581006337568645
LSTM,sector -> region,Kymenlaakso,,1961.8979728978127,1580.1684144467115,381.7295584511012,19.457156474211
LSTM,sector -> region,Lapland,,3325.5590400271117,2569.934669613838,755.6243704132735,22.721724718112753
LSTM,sector -> region,North Karelia,,1607.9294635400177,1359.9292548790575,248.0002086609602,15.423575118460914
LSTM,sector -> region,North Ostrobothnia,,5859.502351081372,5207.2119159966705,652.2904350847011,11.132181472106089
LSTM,sector -> region,North Savo,,2402.467584782839,2119.3406361058355,283.1269486770034,11.784839490460616
LSTM,sector -> region,Ostrobothnia,,1751.4727293089034,1534.3985752902925,217.0741540186109,12.39380724496145
LSTM,sector -> region,Pirkanmaa,,3386.509862076491,3237.0222365275026,149.4876255489885,4.414209071794282
LSTM,sector -> region,Päijät-Häme,,1661.0636568240823,1505.7518488377334,155.31180798634887,9.35014184124055
LSTM,sector -> region,Satakunta,,2412.7820813536646,2077.3521651297806,335.429916223884,13.902205210165302
LSTM,sector -> region,South Karelia,,1862.0084612440317,1688.7531576380131,173.25530360601851,9.3047538296504
LSTM,sector -> region,South Ostrobothnia,,2468.9386247031393,2350.7728634074333,118.16576129570603,4.786095535684451
LSTM,sector -> region,South Savo,,1131.9191994294524,1054.379591175914,77.53960825353852,6.850277678179026
LSTM,sector -> region,Southwest Finland,,3734.32746360302,3232.863851952553,501.4636116504671,13.428485223591938
LSTM,sector -> region,Uusimaa,,11172.648277902603,9933.557245622575,1239.0910322800282,11.090396846472983
LSTM,sector -> region,Åland,,253.0389651358128,223.34702063649894,29.69194449931385,11.734139239534665
SARIMA,subclass -> sector,Central Finland,Agriculture,247.86255034607888,241.85062582088707,6.011924525191802,2.425507409972839
SARIMA,subclass -> sector,Central Finland,District heating,149.36357558306426,148.3289047012001,1.034670881864173,0.6927196793630389
SARIMA,subclass -> sector,Central Finland,Electric heating,18.67029724123089,18.76907671494507,-0.09877947371417761,-0.5290728499813927
SARIMA,subclass -> sector,Central Finland,Electricity,180.72112697956044,184.72496879546438,-4.0038418159039395,-2.215480770190623
SARIMA,subclass -> sector,Central Finland,Emission credits,0.0,,,
SARIMA,subclass -> sector,Central Finland,F-gases,28.141535506404605,28.482945219239713,-0.3414097128351088,-1.2131879326819566
SARIMA,subclass -> sector,Central Finland,Industry,96.700086608165,96.700086608165,0.0,0.0
SARIMA,subclass -> sector,Central Finland,Machinery,131.93333701233254,131.7070116838787,0.22632532845383935,0.17154521637899864
SARIMA,subclass -> sector,Central Finland,Oil heating,36.52393463426302,35.97846475133488,0.5454698829281384,1.493458709720815
SARIMA,subclass -> sector,Central Finland,Other heating,40.586995639739946,38.426767488474894,2.160228151265052,5.322463802050694
SARIMA,subclass -> sector,Central Finland,Rail transport,5.017161253910905,5.393682915849796,-0.3765216619388907,-7.504675311071374
SARIMA,subclass -> sector,Central Finland,Road transport,522.0682144192948,528.0145029922066,-5.94628857291184,-1.1389869003088027
SARIMA,subclass -> sector,Central Finland,Waste treatment,63.97754280352505,68.06604102490657,-4.088498221381521,-6.390520864387201
SARIMA,subclass -> sector,Central Finland,Water transport,6.9149308142168096,3.5931182555545673,3.3218125586622422,48.038261667531565
SARIMA,subclass -> sector,Central Ostrobothnia,Agriculture,316.0489474723218,309.1752003007222,6.873747171599575,2.174899561151536
SARIMA,subclass -> sector,Central Ostrobothnia,District heating,40.54831482197068,40.61296350231295,-0.06464868034227322,-0.1594361704700093
SARIMA,subclass -> sector,Central Ostrobothnia,Electric heating,8.904993906602758,9.246770170034669,-0.34177626343191037,-3.8380291667408617
SARIMA,subclass -> sector,Central Ostrobothnia,Electricity,98.85444449614924,92.70692845036565,6.14751604578359,6.218755339850257
SARIMA,subclass -> sector,Central Ostrobothnia,Emission credits,0.0,,,
SARIMA,subclass -> sector,Central Ostrobothnia,F-gases,7.15077578929598,7.307314439289251,-0.15653864999327105,-2.189114224887239
SARIMA,subclass -> sector,Central Ostrobothnia,Industry,68.15357588376474,68.15357588376474,0.0,0.0
SARIMA,subclass -> sector,Central Ostrobothnia,Machinery,36.85492105664909,36.820159984967376,0.034761071681714384,0.09431867084529558
SARIMA,subclass -> sector,Central Ostrobothnia,Oil heating,15.28001868833808,15.15851086427022,0.12150782406786043,0.7952073001101554
SARIMA,subclass -> sector,Central Ostrobothnia,Other heating,15.864230399185587,14.289984770120546,1.5742456290650413,9.923239826029363
SARIMA,subclass -> sector,Central Ostrobothnia,Rail transport,1.800457647479479,1.6307322974725862,0.1697253500068927,9.426789363498605
SARIMA,subclass -> sector,Central Ostrobothnia,Road transport,131.06090421040662,131.50190186789135,-0.4409976574847292,-0.336482996315016
SARIMA,subclass -> sector,Central Ostrobothnia,Waste treatment,21.267148703599936,21.70283187122474,-0.4356831676248021,-2.0486204977306293
SARIMA,subclass -> sector,Central Ostrobothnia,Water transport,6.899763226175482,6.492231782281047,0.40753144389443463,5.906455490362212
SARIMA,subclass -> sector,Kainuu,Agriculture,116.16155156985317,113.3383894693567,2.823162100496475,2.4303756814050304
SARIMA,subclass -> sector,Kainuu,District heating,52.61903337282206,52.626528184371594,-0.007494811549534575,-0.014243537117893302
SARIMA,subclass -> sector,Kainuu,Electric heating,6.528288318914102,6.784847550138474,-0.2565592312243723,-3.9299617095809833
SARIMA,subclass -> sector,Kainuu,Electricity,47.1914340191746,45.48601065019331,1.7054233689812932,3.613840953187296
SARIMA,subclass -> sector,Kainuu,Emission credits,0.0,,,
SARIMA,subclass -> sector,Kainuu,F-gases,8.384843816060666,8.364410878792425,0.020432937268241247,0.24368894300813546
SARIMA,subclass -> sector,Kainuu,Industry,17.400087054976943,17.400087054976943,0.0,0.0
SARIMA,subclass -> sector,Kainuu,Machinery,115.19702429919718,113.09545640011589,2.1015678990812887,1.8243248138276213
SARIMA,subclass -> sector,Kainuu,Oil heating,12.828928008016387,12.819131455640028,0.009796552376359458,0.07636298504627904
SARIMA,subclass -> sector,Kainuu,Other heating,16.768627222666765,18.08313208125405,-1.3145048585872843,-7.839072579599242
SARIMA,subclass -> sector,Kainuu,Rail transport,1.9551471084391676,1.9050355211440915,0.05011158729507614,2.5630596837841635
SARIMA,subclass -> sector,Kainuu,Road transport,153.73292486160838,152.32736468563542,1.4055601759729655,0.9142870190222829
SARIMA,subclass -> sector,Kainuu,Waste treatment,28.33981343616406,28.34393599453752,-0.004122558373460095,-0.014546879014381063
SARIMA,subclass -> sector,Kainuu,Water transport,2.053457071921538,1.6960992082882702,0.3573578636332677,17.402743330731887
SARIMA,subclass -> sector,Kanta-Häme,Agriculture,190.49378273446473,190.0303382386095,0.46344449585524217,0.24328589059583747
SARIMA,subclass -> sector,Kanta-Häme,District heating,59.491921021465856,59.37868548789739,0.11323553356846361,0.19033766539091249
SARIMA,subclass -> sector,Kanta-Häme,Electric heating,18.956197402832675,19.44927303664504,-0.49307563381236363,-2.601131563119732
SARIMA,subclass -> sector,Kanta-Häme,Electricity,90.65113100047196,83.1689843595203,7.482146640951669,8.253781898113013
SARIMA,subclass -> sector,Kanta-Häme,Emission credits,0.0,,,
SARIMA,subclass -> sector,Kanta-Häme,F-gases,17.225071265068774,17.324832045430202,-0.09976078036142866,-0.5791603345278254
SARIMA,subclass -> sector,Kanta-Häme,Industry,146.50212799435656,146.50212799435656,0.0,0.0
SARIMA,subclass -> sector,Kanta-Häme,Machinery,76.81166032155691,76.27234906534167,0.5393112562152425,0.7021215971084623
SARIMA,subclass -> sector,Kanta-Häme,Oil heating,31.90051050159904,30.126154723341315,1.7743557782577248,5.56215480679779
SARIMA,subclass -> sector,Kanta-Häme,Other heating,18.199078559355282,31.78594556049349,-13.58686700113821,-74.65689516546345
SARIMA,subclass -> sector,Kanta-Häme,Rail transport,3.7811809807579646,4.106277381690845,-0.32509640093288006,-8.597747703356747
SARIMA,subclass -> sector,Kanta-Häme,Road transport,343.0004378783482,342.17346734004343,0.8269705383047494,0.24109897451444384
SARIMA,subclass -> sector,Kanta-Häme,Waste treatment,41.28455231750393,40.29187327849012,0.992679039013808,2.404480570309901
SARIMA,subclass -> sector,Kanta-Häme,Water transport,2.804058257205392,2.6159656351700167,0.18809262203537536,6.707871405740125
SARIMA,subclass -> sector,Kymenlaakso,Agriculture,117.04083192532427,113.81677211228714,3.2240598130371296,2.7546453318908237
SARIMA,subclass -> sector,Kymenlaakso,District heating,69.87671013896683,70.0921886223149,-0.21547848334806474,-0.3083695310204693
SARIMA,subclass -> sector,Kymenlaakso,Electric heating,16.56341247869014,16.672926089472085,-0.10951361078194566,-0.6611778274727006
SARIMA,subclass -> sector,Kymenlaakso,Electricity,188.87076314176397,148.18658187027293,40.68418127149104,21.540751249548357
SARIMA,subclass -> sector,Kymenlaakso,Emission credits,0.0,,,
SARIMA,subclass -> sector,Kymenlaakso,F-gases,17.4472333508866,17.388229610734346,0.05900374015225296,0.3381839341837807
SARIMA,subclass -> sector,Kymenlaakso,Industry,247.0687989707754,247.0687989707754,0.0,0.0
SARIMA,subclass -> sector,Kymenlaakso,Machinery,60.16050411319912,58.859746426691494,1.3007576865076231,2.162145589837634
SARIMA,subclass -> sector,Kymenlaakso,Oil heating,29.058530456454022,28.953932625443965,0.10459783101005726,0.3599556803700156
SARIMA,subclass -> sector,Kymenlaakso,Other heating,30.286411589893447,41.07039674803114,-10.783985158137696,-35.60667834857102
SARIMA,subclass -> sector,Kymenlaakso,Rail transport,8.015897291270619,7.729240359644654,0.2866569316259646,3.576105346785524
SARIMA,subclass -> sector,Kymenlaakso,Road transport,285.7624067145617,279.3699530162362,6.3924536983254825,2.236982034068143
SARIMA,subclass -> sector,Kymenlaakso,Waste treatment,128.33009512378356,129.50458480975124,-1.1744896859676714,-0.9152098615954365
SARIMA,subclass -> sector,Kymenlaakso,Water transport,16.817090316206247,15.502900508850324,1.3141898073559233,7.814608726275725
SARIMA,subclass -> sector,Lapland,Agriculture,304.64033085082303,302.140536706126,2.4997941446970344,0.8205722918286678
SARIMA,subclass -> sector,Lapland,District heating,130.95494341266553,127.98743641646584,2.9675069961996883,2.2660519098148693
SARIMA,subclass -> sector,Lapland,Electric heating,33.804990422091585,33.59984822503591,0.20514219705567172,0.6068399798202905
SARIMA,subclass -> sector,Lapland,Electricity,253.3828830279557,254.34655211285366,-0.9636690848979583,-0.38032130402101266
SARIMA,subclass -> sector,Lapland,Emission credits,0.0,,,
SARIMA,subclass -> sector,Lapland,F-gases,23.07807359890728,22.158608393054692,0.919465205852589,3.984150591737971
SARIMA,subclass -> sector,Lapland,Industry,278.43058048697094,278.43058048697094,0.0,0.0
SARIMA,subclass -> sector,Lapland,Machinery,177.2256624924421,176.8134064321293,0.41225606031278517,0.23261645887788182
SARIMA,subclass -> sector,Lapland,Oil heating,50.72501131342937,50.06174444499684,0.6632668684325296,1.307573623462023
SARIMA,subclass -> sector,Lapland,Other heating,39.719899775622565,37.77956166533415,1.9403381102884154,4.885052885957346
SARIMA,subclass -> sector,Lapland,Rail transport,5.963589128986197,6.281479040335068,-0.3178899113488711,-5.330513294481641
SARIMA,subclass -> sector,Lapland,Road transport,432.9058244416595,432.88597003881324,0.019854402846249286,0.004586309937468851
SARIMA,subclass -> sector,Lapland,Waste treatment,92.85652807339868,96.31800526084574,-3.461477187447059,-3.727769344026007
SARIMA,subclass -> sector,Lapland,Water transport,11.165684870428718,7.435291212144975,3.7303936582837434,33.409447799868914
SARIMA,subclass -> sector,North Karelia,Agriculture,270.65948927807193,262.42578906294756,8.233700215124372,3.042088137048533
SARIMA,subclass -> sector,North Karelia,District heating,51.50524419701264,51.26474955140899,0.24049464560364697,0.4669323470901938
SARIMA,subclass -> sector,North Karelia,Electric heating,14.994456137573293,15.153195217214504,-0.1587390796412116,-1.0586517989368167
SARIMA,subclass -> sector,North Karelia,Electricity,100.81370221204432,104.02093025499559,-3.2072280429512716,-3.1813413976261065
SARIMA,subclass -> sector,North Karelia,Emission credits,0.0,,,
SARIMA,subclass -> sector,North Karelia,F-gases,17.70332632709495,17.80819005846488,-0.10486373136993166,-0.5923391425567164
SARIMA,subclass -> sector,North Karelia,Industry,87.92796113811143,87.92796113811143,0.0,0.0
SARIMA,subclass -> sector,North Karelia,Machinery,110.84784089677245,109.61157852500534,1.2362623717671113,1.1152787115794038
SARIMA,subclass -> sector,North Karelia,Oil heating,22.572660528867164,22.77556303017736,-0.20290250131019505,-0.8988860708320676
SARIMA,subclass -> sector,North Karelia,Other heating,34.96388617249306,41.202801895674526,-6.238915723181464,-17.843885237476176
SARIMA,subclass -> sector,North Karelia,Rail transport,5.874807911126491,5.97979482753802,-0.10498691641152913,-1.787069773169791
SARIMA,subclass -> sector,North Karelia,Road transport,301.5171529216858,302.9158583589277,-1.3987054372419152,-0.4638891763498464
SARIMA,subclass -> sector,North Karelia,Waste treatment,54.04685477089769,54.14023602725332,-0.09338125635563443,-0.17277833604096593
SARIMA,subclass -> sector,North Karelia,Water transport,6.337962649540103,4.936664202570078,1.4012984469700243,22.109604055046077
SARIMA,subclass -> sector,North Ostrobothnia,Agriculture,1019.5935971817942,999.7348348526357,19.85876232915848,1.9477135188028893
SARIMA,subclass -> sector,North Ostrobothnia,District heating,188.13142369637893,184.18716044339016,3.944263252988776,2.0965467519952083
SARIMA,subclass -> sector,North Ostrobothnia,Electric heating,36.40151913633663,39.25542766084207,-2.853908524505435,-7.8400808323865085
SARIMA,subclass -> sector,North Ostrobothnia,Electricity,219.01758398473615,220.35409682685287,-1.3365128421167185,-0.610230839826022
SARIMA,subclass -> sector,North Ostrobothnia,Emission credits,0.0,,,
SARIMA,subclass -> sector,North Ostrobothnia,F-gases,42.75407872713143,42.27420276922858,0.4798759579028484,1.1224097727974727
SARIMA,subclass -> sector,North Ostrobothnia,Industry,1834.6400741119432,1834.6400741119432,0.0,0.0
SARIMA,subclass -> sector,North Ostrobothnia,Machinery,234.91050194771503,236.10590066004687,-1.195398712331837,-0.5088741041462257
SARIMA,subclass -> sector,North Ostrobothnia,Oil heating,48.01849272705108,47.935987540259006,0.0825051867920763,0.17181960970965096
SARIMA,subclass -> sector,North Ostrobothnia,Other heating,56.524988427762935,76.09331659969844,-19.568328171935505,-34.6188981479283
SARIMA,subclass -> sector,North Ostrobothnia,Rail transport,6.444469201902228,7.082456336230653,-0.6379871343284247,-9.899762328604327
SARIMA,subclass -> sector,North Ostrobothnia,Road transport,783.9810984965022,791.719177803822,-7.738079307319822,-0.987023707862307
SARIMA,subclass -> sector,North Ostrobothnia,Waste treatment,121.7923727958426,121.64714956614932,0.14522322969327206,0.11923836145035617
SARIMA,subclass -> sector,North Ostrobothnia,Water transport,29.870563321405236,32.700181671837356,-2.8296183504321206,-9.472932666135616
SARIMA,subclass -> sector,North Savo,Agriculture,584.3757992902275,573.9732984920851,10.402500798142455,1.7801046536795582
SARIMA,subclass -> sector,North Savo,District heating,134.3957543205451,134.40131788988705,-0.005563569341944685,-0.0041396912946186585
SARIMA,subclass -> sector,North Savo,Electric heating,22.176188332139244,23.3738637350544,-1.1976754029151557,-5.400727054520018
SARIMA,subclass -> sector,North Savo,Electricity,108.45623831781045,106.17206362729299,2.2841746905174602,2.106079581908529
SARIMA,subclass -> sector,North Savo,Emission credits,0.0,,,
SARIMA,subclass -> sector,North Savo,F-gases,25.96651906937334,26.766197415895505,-0.799678346522164,-3.0796517022004632
SARIMA,subclass -> sector,North Savo,Industry,116.34574207764071,116.34574207764071,0.0,0.0
SARIMA,subclass -> sector,North Savo,Machinery,169.1832400873495,170.64859681246773,-1.4653567251182267,-0.8661358680455944
SARIMA,subclass -> sector,North Savo,Oil heating,32.55060973172579,31.90447740498109,0.6461323267447021,1.985008367185646
SARIMA,subclass -> sector,North Savo,Other heating,39.535684034118425,42.602599190224254,-3.0669151561058285,-7.75733424381667
SARIMA,subclass -> sector,North Savo,Rail transport,5.636819485606468,5.791682180703306,-0.15486269509683837,-2.747341749940332
SARIMA,subclass -> sector,North Savo,Road transport,463.51278377522436,460.3484642134807,3.164319561743639,0.6826822630372461
SARIMA,subclass -> sector,North Savo,Waste treatment,90.12019163169906,90.30429144793231,-0.18409981623325677,-0.2042825396839271
SARIMA,subclass -> sector,North Savo,Water transport,10.35983507473271,129.13649158321974,-118.77665650848702,-1146.5110752407566
SARIMA,subclass -> sector,Ostrobothnia,Agriculture,361.16644872244274,352.34443185929905,8.822016863143688,2.4426457369863357
SARIMA,subclass -> sector,Ostrobothnia,District heating,77.71567533331029,78.06502689897303,-0.3493515656627437,-0.4495252266218236
SARIMA,subclass -> sector,Ostrobothnia,Electric heating,17.915107428659518,18.17228928794244,-0.25718185928292314,-1.4355585659034285
SARIMA,subclass -> sector,Ostrobothnia,Electricity,108.24064916301322,114.09959633034961,-5.858947167336396,-5.412889901013685
SARIMA,subclass -> sector,Ostrobothnia,Emission credits,0.0,,,
SARIMA,subclass -> sector,Ostrobothnia,F-gases,20.66010148717944,20.787721893446665,-0.12762040626722637,-0.6177143241354396
SARIMA,subclass -> sector,Ostrobothnia,Industry,73.88776304010834,73.88776304010834,0.0,0.0
SARIMA,subclass -> sector,Ostrobothnia,Machinery,92.07495047672106,90.6078909769106,1.4670594998104605,1.5933318369596856
SARIMA,subclass -> sector,Ostrobothnia,Oil heating,45.33383298483021,44.40517941682235,0.92865356800786,2.0484779399055224
SARIMA,subclass -> sector,Ostrobothnia,Other heating,92.89080271994384,95.04277072241229,-2.1519680024684504,-2.3166642331172564
SARIMA,subclass -> sector,Ostrobothnia,Rail transport,0.8115891601741227,0.9134353303936027,-0.10184617021947995,-12.548981087626812
SARIMA,subclass -> sector,Ostrobothnia,Road transport,322.08511098635347,318.6063833486441,3.478727637709369,1.0800647155207246
SARIMA,subclass -> sector,Ostrobothnia,Waste treatment,53.39370791617454,54.106007138619205,-0.7122992224446634,-1.3340508652497738
SARIMA,subclass -> sector,Ostrobothnia,Water transport,35.17481654882703,31.768661071008964,3.406155477818068,9.683506019398564
SARIMA,subclass -> sector,Pirkanmaa,Agriculture,363.0038239390984,356.0392009954628,6.964622943635618,1.9186086989552158
SARIMA,subclass -> sector,Pirkanmaa,District heating,253.99028340134748,254.09440269696756,-0.10411929562008027,-0.04099341684483032
SARIMA,subclass -> sector,Pirkanmaa,Electric heating,41.25565684179056,41.846751094058526,-0.5910942522679647,-1.4327592808295966
SARIMA,subclass -> sector,Pirkanmaa,Electricity,198.68546413570405,241.18738283340815,-42.5019186977041,-21.39155920771078
SARIMA,subclass -> sector,Pirkanmaa,Emission credits,0.0,,,
SARIMA,subclass -> sector,Pirkanmaa,F-gases,51.80319791502953,51.78033368835717,0.0228642266723611,0.04413670891489029
SARIMA,subclass -> sector,Pirkanmaa,Industry,204.72416325289234,204.72416325289234,0.0,0.0
SARIMA,subclass -> sector,Pirkanmaa,Machinery,199.9030256479623,195.48970565833073,4.41331998963156,2.2077304609704127
SARIMA,subclass -> sector,Pirkanmaa,Oil heating,65.98581941960018,66.27312422989512,-0.28730481029494115,-0.43540386831901823
SARIMA,subclass -> sector,Pirkanmaa,Other heating,54.126157909862194,54.62619683963318,-0.5000389297709873,-0.9238396906052635
SARIMA,subclass -> sector,Pirkanmaa,Rail transport,7.998807923523315,8.57899555379813,-0.580187630274815,-7.25342620827997
SARIMA,subclass -> sector,Pirkanmaa,Road transport,848.2956526856584,852.0450454994684,-3.7493928138100046,-0.44199128003775906
SARIMA,subclass -> sector,Pirkanmaa,Waste treatment,157.90496715811008,157.4954879234176,0.40947923469246916,0.25932004677373954
SARIMA,subclass -> sector,Pirkanmaa,Water transport,12.193302287307226,19.658611637085944,-7.4653093497787175,-61.22467215095476
SARIMA,subclass -> sector,Päijät-Häme,Agriculture,162.29499898700456,156.5236676826909,5.771331304313662,3.556074642063241
SARIMA,subclass -> sector,Päijät-Häme,District heating,79.47016733885417,79.59362483659311,-0.12345749773893999,-0.15535074591264858
SARIMA,subclass -> sector,Päijät-Häme,Electric heating,19.899257509953614,20.464965323415694,-0.5657078134620797,-2.842858901539982
SARIMA,subclass -> sector,Päijät-Häme,Electricity,82.36160291084744,72.62990609145402,9.73169681939342,11.815817657079265
SARIMA,subclass -> sector,Päijät-Häme,Emission credits,0.0,,,
SARIMA,subclass -> sector,Päijät-Häme,F-gases,20.363858164701437,20.324287155088832,0.03957100961260451,0.19431980567020748
SARIMA,subclass -> sector,Päijät-Häme,Industry,135.80615832951008,135.80615832951008,0.0,0.0
SARIMA,subclass -> sector,Päijät-Häme,Machinery,82.90714390176649,82.99909573159415,-0.09195182982766426,-0.11090941684906487
SARIMA,subclass -> sector,Päijät-Häme,Oil heating,21.554050157402955,21.16505628675104,0.38899387065191604,1.804736779450762
SARIMA,subclass -> sector,Päijät-Häme,Other heating,20.72081741207062,29.581059103218188,-8.860241691147568,-42.76009732119042
SARIMA,subclass -> sector,Päijät-Häme,Rail transport,2.195784632734892,2.479799400852257,-0.2840147681173648,-12.934545760237832
SARIMA,subclass -> sector,Päijät-Häme,Road transport,372.8013534426876,367.5481231465531,5.253230296134518,1.4091231825267825
SARIMA,subclass -> sector,Päijät-Häme,Waste treatment,83.50068306579801,83.21361597255127,0.2870670932467476,0.34379011369348983
SARIMA,subclass -> sector,Päijät-Häme,Water transport,5.208358273028296,5.483629606947127,-0.2752713339188313,-5.285184303551765
SARIMA,subclass -> sector,Satakunta,Agriculture,296.09042502373364,296.2817488924751,-0.19132386874144913,-0.06461670238951943
SARIMA,subclass -> sector,Satakunta,District heating,62.936457212682434,64.31972292801841,-1.3832657153359733,-2.1978766784750463
SARIMA,subclass -> sector,Satakunta,Electric heating,24.490621316151575,24.94548678562486,-0.4548654694732832,-1.8573047355613608
SARIMA,subclass -> sector,Satakunta,Electricity,176.7183561633177,179.73795552398076,-3.019599360663051,-1.7087072482003114
SARIMA,subclass -> sector,Satakunta,Emission credits,0.0,,,
SARIMA,subclass -> sector,Satakunta,F-gases,22.478659415993565,22.9451014634245,-0.46644204743093454,-2.0750438840630374
SARIMA,subclass -> sector,Satakunta,Industry,327.4464297115871,327.4464297115871,0.0,0.0
SARIMA,subclass -> sector,Satakunta,Machinery,106.77234946304624,106.03501406012774,0.7373354029185037,0.6905677421416062
SARIMA,subclass -> sector,Satakunta,Oil heating,58.56783515143208,58.36495436606819,0.2028807853638881,0.3464030808707932
SARIMA,subclass -> sector,Satakunta,Other heating,48.91467835129415,48.75528974645998,0.15938860483417017,0.3258502564188959
SARIMA,subclass -> sector,Satakunta,Rail transport,1.2946641028138033,1.3283596608903365,-0.03369555807653324,-2.6026486718292277
SARIMA,subclass -> sector,Satakunta,Road transport,416.42253718246735,413.04345879691164,3.379078385555715,0.8114542523127359
SARIMA,subclass -> sector,Satakunta,Waste treatment,82.86532591113027,83.00199544717111,-0.13666953604084142,-0.16492970315161012
SARIMA,subclass -> sector,Satakunta,Water transport,14.853526088466946,12.37629080598126,2.4772352824856867,16.67775898955832
SARIMA,subclass -> sector,South Karelia,Agriculture,130.7662167151963,127.2988314867265,3.4673852284697944,2.6515909961833826
SARIMA,subclass -> sector,South Karelia,District heating,39.79583628715479,39.60968827126076,0.18614801589403385,0.4677575175222999
SARIMA,subclass -> sector,South Karelia,Electric heating,9.872781091329104,10.078750898568364,-0.20596980723925995,-2.086238976980413
SARIMA,subclass -> sector,South Karelia,Electricity,214.02490132075758,203.0878064454811,10.937094875276472,5.110197368522613
SARIMA,subclass -> sector,South Karelia,Emission credits,0.0,,,
SARIMA,subclass -> sector,South Karelia,F-gases,14.529944873450441,14.300176469197623,0.22976840425281786,1.5813439504003743
SARIMA,subclass -> sector,South Karelia,Industry,381.1404870862466,381.1404870862466,0.0,0.0
SARIMA,subclass -> sector,South Karelia,Machinery,54.21805699938172,54.02099404073454,0.19706295864718015,0.3634637048122683
SARIMA,subclass -> sector,South Karelia,Oil heating,17.655185061406275,17.184576060793724,0.4706090006125514,2.665556883010471
SARIMA,subclass -> sector,South Karelia,Other heating,27.015945629004133,27.20260052132921,-0.18665489232507682,-0.6909063813212794
SARIMA,subclass -> sector,South Karelia,Rail transport,5.4260829961711465,5.458636740105348,-0.03255374393420141,-0.599949244366011
SARIMA,subclass -> sector,South Karelia,Road transport,230.88689605783807,227.5186436146959,3.3682524431421825,1.4588322250641812
SARIMA,subclass -> sector,South Karelia,Waste treatment,145.57381382362672,145.3447111693056,0.22910265432111032,0.15737902875766163
SARIMA,subclass -> sector,South Karelia,Water transport,5.994586546531744,5.722486085023491,0.27210046150825296,4.539103062340148
SARIMA,subclass -> sector,South Ostrobothnia,Agriculture,878.3335009461223,872.0517345445048,6.28176640161746,0.7151914841971614
SARIMA,subclass -> sector,South Ostrobothnia,District heating,146.17466081321845,146.97681761745505,-0.8021568042366027,-0.5487659761096325
SARIMA,subclass -> sector,South Ostrobothnia,Electric heating,21.20467940219985,21.363410154418546,-0.1587307522186947,-0.7485647352075854
SARIMA,subclass -> sector,South Ostrobothnia,Electricity,77.17436455405405,79.76001097288736,-2.5856464188333064,-3.350395476236519
SARIMA,subclass -> sector,South Ostrobothnia,Emission credits,0.0,,,
SARIMA,subclass -> sector,South Ostrobothnia,F-gases,21.011631104930558,21.036913524390354,-0.02528241945979559,-0.12032582969659532
SARIMA,subclass -> sector,South Ostrobothnia,Industry,101.32101897657866,101.32101897657866,0.0,0.0
SARIMA,subclass -> sector,South Ostrobothnia,Machinery,140.09495846071982,140.6763407705731,-0.581382309853268,-0.4149916001554598
SARIMA,subclass -> sector,South Ostrobothnia,Oil heating,57.45667582217294,57.098428061834426,0.35824776033851435,0.6235093750416101
SARIMA,subclass -> sector,South Ostrobothnia,Other heating,109.48595990713105,109.50955633274609,-0.023596425615039607,-0.02155201053637812
SARIMA,subclass -> sector,South Ostrobothnia,Rail transport,2.730225071361063,3.4437983234374085,-0.7135732520763454,-26.13605960773839
SARIMA,subclass -> sector,South Ostrobothnia,Road transport,423.7468169233345,426.4416144147664,-2.6947974914318706,-0.6359451879775232
SARIMA,subclass -> sector,South Ostrobothnia,Waste treatment,61.5609749299551,61.26735486534716,0.29362006460794277,0.47695811338600075
SARIMA,subclass -> sector,South Ostrobothnia,Water transport,1.6408291954133678,1.6790005820390785,-0.038171386625710735,-2.3263473573246825
SARIMA,subclass -> sector,South Savo,Agriculture,199.89432949291574,197.48350753248283,2.410821960432912,1.2060481988401535
SARIMA,subclass -> sector,South Savo,District heating,59.639463604102026,59.5383672598916,0.10109634421042557,0.16951249743210656
SARIMA,subclass -> sector,South Savo,Electric heating,14.843083310019619,15.376597797835165,-0.5335144878155464,-3.594364302027496
SARIMA,subclass -> sector,South Savo,Electricity,53.47781473508243,52.6488755665831,0.8289391684993319,1.550061782826613
SARIMA,subclass -> sector,South Savo,Emission credits,0.0,,,
SARIMA,subclass -> sector,South Savo,F-gases,15.023922098296216,15.438113807955986,-0.4141917096597698,-2.7568813719204597
SARIMA,subclass -> sector,South Savo,Industry,22.21112204889813,22.21112204889813,0.0,0.0
SARIMA,subclass -> sector,South Savo,Machinery,86.25291905903579,85.82739483028995,0.42552422874584295,0.4933447277936101
SARIMA,subclass -> sector,South Savo,Oil heating,25.43861757396939,24.935900960849914,0.5027166131194747,1.9761947034177292
SARIMA,subclass -> sector,South Savo,Other heating,33.15113609195194,33.15768386326666,-0.006547771314721729,-0.01975127276652013
SARIMA,subclass -> sector,South Savo,Rail transport,3.843442281761963,3.951112297651263,-0.10767001588929981,-2.801395415776616
SARIMA,subclass -> sector,South Savo,Road transport,273.96217563362416,269.7136112550868,4.248564378537367,1.5507850193959143
SARIMA,subclass -> sector,South Savo,Waste treatment,57.71604903642775,57.584195315700526,0.13185372072722146,0.2284524372830881
SARIMA,subclass -> sector,South Savo,Water transport,9.621413027930643,8.461613876814049,1.1597991511165944,12.054353635476783
SARIMA,subclass -> sector,Southwest Finland,Agriculture,425.99393834755733,433.64335790089183,-7.649419553334496,-1.7956639437187332
SARIMA,subclass -> sector,Southwest Finland,District heating,125.70530939324891,125.76216451641162,-0.05685512316270547,-0.045228895610799805
SARIMA,subclass -> sector,Southwest Finland,Electric heating,40.74956873299569,42.71878186530836,-1.9692131323126674,-4.832476007821302
SARIMA,subclass -> sector,Southwest Finland,Electricity,195.0661789815074,194.51429524487443,0.5518837366329592,0.28292128318424625
SARIMA,subclass -> sector,Southwest Finland,Emission credits,0.0,,,
SARIMA,subclass -> sector,Southwest Finland,F-gases,49.50533281915417,50.38089331890811,-0.8755604997539379,-1.7686185505557772
SARIMA,subclass -> sector,Southwest Finland,Industry,243.96674779346608,243.96674779346608,0.0,0.0
SARIMA,subclass -> sector,Southwest Finland,Machinery,202.60732051553165,202.02311492814212,0.5842055873895333,0.2883437705523324
SARIMA,subclass -> sector,Southwest Finland,Oil heating,88.77217647449513,88.91266611676318,-0.14048964226805083,-0.15825864347081148
SARIMA,subclass -> sector,Southwest Finland,Other heating,50.50637449967501,55.135680361099446,-4.6293058614244345,-9.16578532370052
SARIMA,subclass -> sector,Southwest Finland,Rail transport,1.610590159446618,1.8274820084106196,-0.2168918489640015,-13.466607112421652
SARIMA,subclass -> sector,Southwest Finland,Road transport,762.2478412719786,760.4332408967852,1.8146003751934359,0.23805910321311963
SARIMA,subclass -> sector,Southwest Finland,Waste treatment,111.72548263202674,112.05506550563322,-0.3295828736064834,-0.2949934659866098
SARIMA,subclass -> sector,Southwest Finland,Water transport,57.16422128569573,53.34527588028951,3.818945405406218,6.6806567456239225
SARIMA,subclass -> sector,Uusimaa,Agriculture,241.35940551409038,238.1103237928753,3.2490817212150773,1.3461591497934804
SARIMA,subclass -> sector,Uusimaa,District heating,1528.432118655772,1530.48209453804,-2.0499758822679723,-0.13412279533034732
SARIMA,subclass -> sector,Uusimaa,Electric heating,93.59900467415902,100.19913822578992,-6.600133551630904,-7.051499719048914
SARIMA,subclass -> sector,Uusimaa,Electricity,783.8724351335304,744.2252761758996,39.647158957630836,5.057858546955673
SARIMA,subclass -> sector,Uusimaa,Emission credits,0.0,,,
SARIMA,subclass -> sector,Uusimaa,F-gases,168.45707748888933,166.82173087408196,1.6353466148073608,0.9707794051664116
SARIMA,subclass -> sector,Uusimaa,Industry,1373.878111812346,1373.878111812346,0.0,0.0
SARIMA,subclass -> sector,Uusimaa,Machinery,391.708492900324,385.5688096640446,6.1396832362794385,1.5674113141687156
SARIMA,subclass -> sector,Uusimaa,Oil heating,121.26028446643548,120.34541840193967,0.9148660644958113,0.7544647190309403
SARIMA,subclass -> sector,Uusimaa,Other heating,87.06649409144751,75.84981195204338,11.216682139404128,12.882891698410464
SARIMA,subclass -> sector,Uusimaa,Rail transport,12.644848181180777,10.40795680964414,2.236891371536636,17.690140201649736
SARIMA,subclass -> sector,Uusimaa,Road transport,2059.3839226485316,2025.0824636020254,34.301459046506125,1.6656175018785093
SARIMA,subclass -> sector,Uusimaa,Waste treatment,175.85736192970592,176.17543555100514,-0.3180736212992201,-0.1808702335853083
SARIMA,subclass -> sector,Uusimaa,Water transport,74.56461228662346,102.15586479101516,-27.591252504391704,-37.003146208729696
SARIMA,subclass -> sector,Åland,Agriculture,40.5865336773407,38.98067597201152,1.6058577053291785,3.956626890326736
SARIMA,subclass -> sector,Åland,District heating,4.203442973706911,4.138058711069782,0.06538426263712882,1.5554930338324082
SARIMA,subclass -> sector,Åland,Electric heating,3.170417422112386,3.3392423774556343,-0.16882495534324837,-5.325007179362636
SARIMA,subclass -> sector,Åland,Electricity,9.195126165821256,9.340229625912322,-0.14510346009106634,-1.578047516416068
SARIMA,subclass -> sector,Åland,Emission credits,0.0,,,
SARIMA,subclass -> sector,Åland,F-gases,3.969177690086509,4.047848999439228,-0.07867130935271938,-1.9820556169407655
SARIMA,subclass -> sector,Åland,Industry,3.108599777322242,3.108599777322242,0.0,0.0
SARIMA,subclass -> sector,Åland,Machinery,8.62821003652785,8.336505429927229,0.2917046066006215,3.3808241265068784
SARIMA,subclass -> sector,Åland,Oil heating,8.837028198026255,8.194473920929905,0.6425542770963499,7.271157935649272
SARIMA,subclass -> sector,Åland,Other heating,4.722569484099976,5.027769266657309,-0.3051997825573327,-6.462578974960227
SARIMA,subclass -> sector,Åland,Rail transport,0.0,,,
SARIMA,subclass -> sector,Åland,Road transport,43.86957619335147,44.2128875735896,-0.34331138023812713,-0.7825728215951098
SARIMA,subclass -> sector,Åland,Waste treatment,7.0595295426560725,6.947346824068635,0.11218271858743734,1.5890962408980838
SARIMA,subclass -> sector,Åland,Water transport,30.827958600579638,31.51110185763514,-0.6831432570555016,-2.2159860336735266
SARIMA,sector -> region,Central Finland,,1503.473880323032,1528.481288841787,-25.007408518755028,-1.6633084781879952
SARIMA,sector -> region,Central Ostrobothnia,,762.7917505312408,768.6884963019395,-5.896745770698658,-0.77304792121728
SARIMA,sector -> region,Kainuu,,551.2541058019171,579.161160159815,-27.90705435789789,-5.062466485814396
SARIMA,sector -> region,Kanta-Häme,,1048.6226530878675,1041.1017102349872,7.520942852880353,0.7172210929006269
SARIMA,sector -> region,Kymenlaakso,,1302.9489664509283,1215.298685611776,87.6502808391524,6.727069370790548
SARIMA,sector -> region,Lapland,,1837.7880479034638,1834.854001895381,2.9340460080827597,0.15965094622472378
SARIMA,sector -> region,North Karelia,,1110.926192748336,1079.7653451412914,31.160847607044616,2.8049431015714332
SARIMA,sector -> region,North Ostrobothnia,,4364.943820413482,4622.080763756502,-257.13694334302,-5.890956537412249
SARIMA,sector -> region,North Savo,,1836.429432628935,1802.6154052281927,33.81402740074236,1.8412919549179734
SARIMA,sector -> region,Ostrobothnia,,1319.4616811159472,1301.3505559677378,18.11112514820934,1.3726147115459757
SARIMA,sector -> region,Pirkanmaa,,2486.8266952525346,2459.870322517886,26.95637273464854,1.0839666787440188
SARIMA,sector -> region,Päijät-Häme,,1119.570422609532,1089.0842341263601,30.486188483171873,2.723025534393241
SARIMA,sector -> region,Satakunta,,1643.4461435043868,1639.8518650941169,3.594278410269908,0.21870375396699537
SARIMA,sector -> region,South Karelia,,1268.173828809763,1276.9007344880947,-8.726905678331605,-0.6881474353182473
SARIMA,sector -> region,South Ostrobothnia,,2057.0315084844965,2041.9362961071918,15.095212377304733,0.7338347669951845
SARIMA,sector -> region,South Savo,,852.7922179714323,855.0754879940158,-2.283270022583565,-0.2677404852514792
SARIMA,sector -> region,Southwest Finland,,2162.1902534395035,2355.621082906779,-193.43082946727554,-8.946059633724438
SARIMA,sector -> region,Uusimaa,,6753.447134847174,7112.084169783036,-358.63703493586127,-5.31042929299508
SARIMA,sector -> region,Åland,,163.7102684852323,168.17816976163127,-4.467901276398976,-2.7291515173356453
