Year,Emission category,Greenhouse gas,"Emission, thousand tonnes of CO2 eq. (GWP=AR5)"
1990,Emissions without LULUCF,Total,71844
1990,Emissions with LULUCF,Total,43012
1990,1 Energy,Total,53368
1990,1A1 Energy industries,Total,18909
1990,1A2 Manufacturing industries and construction,Total,13354
1990,1A2(-1A2gvii) Manufacturing industries and construction excl. off-road vehicles and other machinery,Total,12411
1990,1A2gvii Off-road vehicles and other machinery production,Total,944
1990,1A3 Transport,Total,12091
1990,1A3a Domestic aviation,Total,388
1990,1A3b Road transportation,Total,11060
1990,1A3bi Cars,Total,-
1990,1A3bii Light duty trucks,Total,-
1990,1A3biii Heavyduty trucks,Total,-
1990,1A3biv Motorcycles,Total,-
1990,1A3c Railways,Total,193
1990,1A3d Domestic navigation,Total,450
1990,1A4 Other sectors,Total,7750
1990,1A4a Commercial and institutional,Total,2500
1990,"1A4ai Commercial/institutional, stationary",Total,2073
1990,"1A4aii Commercial/institutional, off-road vehicles and other machinery",Total,427
1990,1A4b Residential,Total,3357
1990,"1A4bi Residential, stationary",Total,3213
1990,"1A4bii Residential, off-road vehicles and other machinery",Total,144
1990,"1A4c Agriculture, forestry anf fishing",Total,1893
1990,"1A4ci Agriculture/forestry, stationary",Total,778
1990,"1A4cii Agriculture/forestry, off-road vehicles and other machinery",Total,937
1990,1A4ciii Fishing,Total,178
1990,1A5 Other fuel use,Total,1139
1990,1B Fugitive emissions from fuels,Total,125
1990,1D International transport,Total,2864
1990,1D1a International aviation,Total,1015
1990,1D1b International navigation,Total,1849
1990,2 Industrial processes and product use,Total,5276
1990,2A Mineral industry,Total,1218
1990,2B Chemical industry,Total,1750
1990,2C Metal industry,Total,1976
1990,2D Non-energy products from fuels and solvent use,Total,220
1990,2F Product uses as substitutes for ozone-depleting substances,Total,0
1990,2F1 Refrigeration and air conditioning,Total,0
1990,2F1a Commercial refrigeration,Total,-
1990,2F1b Domestic refrigeration,Total,-
1990,2F1c Industrial refrigeration,Total,-
1990,2F1d Transport refrigeration,Total,-
1990,2F1e Mobile air-conditioning,Total,-
1990,2F1f Stationary air-conditioning,Total,0
1990,2F2 Foam blowing agents,Total,-
1990,2F4 Aerosols,Total,-
1990,2G Other product manufacture and use,Total,104
1990,2H Other emissions from industrial processses,Total,8
1990,3 Agriculture,Total,7829
1990,3A  Enteric fermentation,Total,2714
1990,3A1 Cattle,Total,2491
1990,3A1a Dairy cattle,Total,1508
1990,3A1b Non-dairy cattle,Total,983
1990,3A2 Sheep,Total,24
1990,3A3 Swine,Total,36
1990,3A4d Goats,Total,1
1990,3A4e Horses and ponies,Total,23
1990,3A4hii Reindeer,Total,133
1990,3A4hiv Fur-bearing animals,Total,7
1990,3B Manure management,Total,909
1990,3B1 Cattle,Total,569
1990,3B1a Dairy cattle,Total,346
1990,3B1b Non-dairy cattle,Total,223
1990,3B2 Sheep,Total,9
1990,3B3 Swine,Total,135
1990,3B4d Goats,Total,0
1990,3B4e Horses and ponies,Total,8
1990,3B4g Poultry,Total,8
1990,3B4hii Reindeer,Total,1
1990,3B4hiv Fur-bearing animals,Total,87
1990,3B5 Indirect N2O emissions from manure management,Total,91
1990,3D Agricultural soils,Total,3555
1990,3D1 Direct N2O emissions from managed soils,Total,3165
1990,3D1a Inorganic N fertilizers,Total,1522
1990,3D1b Organic N fertilizers,Total,209
1990,3D1c Urine and dung deposited by grazing animals,Total,45
1990,3D1d Crop residues,Total,203
1990,3D1e N2O emissions from nitrogen mineralization associated with loss of soil organic matter in mineral soils,Total,1
1990,3D1f Cultivation of organic soils of croplands and grasslands,Total,1184
1990,3D2 Indirect N2O emissions from managed soils,Total,390
1990,3F Field burning of agricultural residues,Total,4
1990,3G Liming,Total,642
1990,3H Urea application,Total,5
1990,"4 Land use, land-use change and forestry (LULUCF)",Total,-28832
1990,4A Forest land,Total,-34776
1990,4Ai1 Forest land: biomass (mineral soils),Total,-13402
1990,4Ai2 Forest land: biomass (organic soils),Total,-16890
1990,4Aiv Forest land: DOM + SOM (mineral soils),Total,-9437
1990,4Av Forest land: DOM + SOM (organic soils),Total,2198
1990,4(i)A Forest land: N2O emissions from N-fertilization,Total,34
1990,4(ii)A Forest land: emissions and removals from drainage and rewetting,Total,2708
1990,4(iii)A Forest land: N2O emissions from nitrogen mineralization associated with loss of soil organic matter in mineral soils,Total,7
1990,"4(iv)A Forest land: biomass burning (wildfires, prescribed and restoration burnings)",Total,5
1990,4B Cropland,Total,5267
1990,4Bi Cropland: biomass,Total,162
1990,4Biv Cropland: DOM + SOM (mineral soils),Total,-157
1990,4Bv Cropland: DOM + SOM (organic soils),Total,5257
1990,4(iii)B Cropland: N2O emissions from nitrogen mineralization associated with loss of soil organic matter in mineral soils,Total,4
1990,4C Grassland,Total,1036
1990,4Ci Grassland: biomass,Total,-27
1990,4Civ Grassland: DOM + SOM (mineral soils),Total,-43
1990,4Cv Grassland: DOM + SOM (organic soils),Total,1105
1990,4(iii)C Grassland: N2O emissions from nitrogen mineralization associated with loss of soil organic matter in mineral soils,Total,1
1990,"4(iv)C Grassland: biomass burning (wildfires, prescribed and restoration burnings)",Total,0
1990,4D Wetlands,Total,1647
1990,4Di Wetlands: biomass,Total,2
1990,4Diii Wetlands: dead wood,Total,0
1990,4Dv Wetlands: SOM,Total,1331
1990,4(ii)D Wetlands: emissions and removals from drainage and rewetting,Total,313
1990,4E Settlements,Total,947
1990,4Ei Settlements: biomass,Total,672
1990,4Eiii Settlements: dead wood,Total,13
1990,4Eiv-v Settlements: SOM  and litter,Total,236
1990,4(i)E Settlements: N2O emissions from N-fertilization,Total,2
1990,4(ii)E Settlements: emissions and removals from drainage and rewetting,Total,10
1990,4(iii)E Settlements: N2O emissions from nitrogen mineralization associated with loss of soil organic matter in mineral soils,Total,14
1990,4G Harvested wood products,Total,-2952
1990,5 Waste management,Total,5208
1990,5A Waste disposal,Total,4847
1990,5B Biological treatment of  waste,Total,45
1990,5D Wastewater treatment and discharge,Total,315
1990,Indirect CO2 emission,Total,164
1991,Emissions without LULUCF,Total,69663
1991,Emissions with LULUCF,Total,28427
1991,1 Energy,Total,52043
1991,1A1 Energy industries,Total,18723
1991,1A2 Manufacturing industries and construction,Total,12849
1991,1A2(-1A2gvii) Manufacturing industries and construction excl. off-road vehicles and other machinery,Total,11902
1991,1A2gvii Off-road vehicles and other machinery production,Total,947
1991,1A3 Transport,Total,11720
1991,1A3a Domestic aviation,Total,342
1991,1A3b Road transportation,Total,10741
1991,1A3bi Cars,Total,-
1991,1A3bii Light duty trucks,Total,-
1991,1A3biii Heavyduty trucks,Total,-
1991,1A3biv Motorcycles,Total,-
1991,1A3c Railways,Total,184
1991,1A3d Domestic navigation,Total,452
1991,1A4 Other sectors,Total,7588
1991,1A4a Commercial and institutional,Total,2439
1991,"1A4ai Commercial/institutional, stationary",Total,2004
1991,"1A4aii Commercial/institutional, off-road vehicles and other machinery",Total,434
1991,1A4b Residential,Total,3231
1991,"1A4bi Residential, stationary",Total,3077
1991,"1A4bii Residential, off-road vehicles and other machinery",Total,154
1991,"1A4c Agriculture, forestry anf fishing",Total,1918
1991,"1A4ci Agriculture/forestry, stationary",Total,823
1991,"1A4cii Agriculture/forestry, off-road vehicles and other machinery",Total,923
1991,1A4ciii Fishing,Total,172
1991,1A5 Other fuel use,Total,1006
1991,1B Fugitive emissions from fuels,Total,158
1991,1D International transport,Total,2717
1991,1D1a International aviation,Total,955
1991,1D1b International navigation,Total,1761
1991,2 Industrial processes and product use,Total,4897
1991,2A Mineral industry,Total,1050
1991,2B Chemical industry,Total,1586
1991,2C Metal industry,Total,1987
1991,2D Non-energy products from fuels and solvent use,Total,175
1991,2F Product uses as substitutes for ozone-depleting substances,Total,0
1991,2F1 Refrigeration and air conditioning,Total,0
1991,2F1a Commercial refrigeration,Total,-
1991,2F1b Domestic refrigeration,Total,-
1991,2F1c Industrial refrigeration,Total,-
1991,2F1d Transport refrigeration,Total,-
1991,2F1e Mobile air-conditioning,Total,-
1991,2F1f Stationary air-conditioning,Total,0
1991,2F2 Foam blowing agents,Total,-
1991,2F4 Aerosols,Total,-
1991,2G Other product manufacture and use,Total,91
1991,2H Other emissions from industrial processses,Total,8
1991,3 Agriculture,Total,7301
1991,3A  Enteric fermentation,Total,2597
1991,3A1 Cattle,Total,2363
1991,3A1a Dairy cattle,Total,1380
1991,3A1b Non-dairy cattle,Total,982
1991,3A2 Sheep,Total,25
1991,3A3 Swine,Total,35
1991,3A4d Goats,Total,1
1991,3A4e Horses and ponies,Total,24
1991,3A4hii Reindeer,Total,145
1991,3A4hiv Fur-bearing animals,Total,5
1991,3B Manure management,Total,859
1991,3B1 Cattle,Total,538
1991,3B1a Dairy cattle,Total,316
1991,3B1b Non-dairy cattle,Total,222
1991,3B2 Sheep,Total,9
1991,3B3 Swine,Total,135
1991,3B4d Goats,Total,0
1991,3B4e Horses and ponies,Total,11
1991,3B4g Poultry,Total,8
1991,3B4hii Reindeer,Total,1
1991,3B4hiv Fur-bearing animals,Total,71
1991,3B5 Indirect N2O emissions from manure management,Total,87
1991,3D Agricultural soils,Total,3383
1991,3D1 Direct N2O emissions from managed soils,Total,3009
1991,3D1a Inorganic N fertilizers,Total,1349
1991,3D1b Organic N fertilizers,Total,200
1991,3D1c Urine and dung deposited by grazing animals,Total,42
1991,3D1d Crop residues,Total,251
1991,3D1e N2O emissions from nitrogen mineralization associated with loss of soil organic matter in mineral soils,Total,1
1991,3D1f Cultivation of organic soils of croplands and grasslands,Total,1166
1991,3D2 Indirect N2O emissions from managed soils,Total,374
1991,3F Field burning of agricultural residues,Total,4
1991,3G Liming,Total,455
1991,3H Urea application,Total,2
1991,"4 Land use, land-use change and forestry (LULUCF)",Total,-41236
1991,4A Forest land,Total,-49018
1991,4Ai1 Forest land: biomass (mineral soils),Total,-25537
1991,4Ai2 Forest land: biomass (organic soils),Total,-19889
1991,4Aiv Forest land: DOM + SOM (mineral soils),Total,-9100
1991,4Av Forest land: DOM + SOM (organic soils),Total,2768
1991,4(i)A Forest land: N2O emissions from N-fertilization,Total,26
1991,4(ii)A Forest land: emissions and removals from drainage and rewetting,Total,2702
1991,4(iii)A Forest land: N2O emissions from nitrogen mineralization associated with loss of soil organic matter in mineral soils,Total,8
1991,"4(iv)A Forest land: biomass burning (wildfires, prescribed and restoration burnings)",Total,2
1991,4B Cropland,Total,5245
1991,4Bi Cropland: biomass,Total,202
1991,4Biv Cropland: DOM + SOM (mineral soils),Total,-165
1991,4Bv Cropland: DOM + SOM (organic soils),Total,5204
1991,4(iii)B Cropland: N2O emissions from nitrogen mineralization associated with loss of soil organic matter in mineral soils,Total,4
1991,4C Grassland,Total,1014
1991,4Ci Grassland: biomass,Total,-7
1991,4Civ Grassland: DOM + SOM (mineral soils),Total,-39
1991,4Cv Grassland: DOM + SOM (organic soils),Total,1058
1991,4(iii)C Grassland: N2O emissions from nitrogen mineralization associated with loss of soil organic matter in mineral soils,Total,1
1991,"4(iv)C Grassland: biomass burning (wildfires, prescribed and restoration burnings)",Total,0
1991,4D Wetlands,Total,1630
1991,4Di Wetlands: biomass,Total,33
1991,4Diii Wetlands: dead wood,Total,1
1991,4Dv Wetlands: SOM,Total,1282
1991,4(ii)D Wetlands: emissions and removals from drainage and rewetting,Total,315
1991,4E Settlements,Total,982
1991,4Ei Settlements: biomass,Total,706
1991,4Eiii Settlements: dead wood,Total,13
1991,4Eiv-v Settlements: SOM  and litter,Total,237
1991,4(i)E Settlements: N2O emissions from N-fertilization,Total,2
1991,4(ii)E Settlements: emissions and removals from drainage and rewetting,Total,10
1991,4(iii)E Settlements: N2O emissions from nitrogen mineralization associated with loss of soil organic matter in mineral soils,Total,14
1991,4G Harvested wood products,Total,-1088
1991,5 Waste management,Total,5269
1991,5A Waste disposal,Total,4911
1991,5B Biological treatment of  waste,Total,51
1991,5D Wastewater treatment and discharge,Total,308
1991,Indirect CO2 emission,Total,153
1992,Emissions without LULUCF,Total,68188
1992,Emissions with LULUCF,Total,32745
1992,1 Energy,Total,51436
1992,1A1 Energy industries,Total,18538
1992,1A2 Manufacturing industries and construction,Total,12336
1992,1A2(-1A2gvii) Manufacturing industries and construction excl. off-road vehicles and other machinery,Total,11401
1992,1A2gvii Off-road vehicles and other machinery production,Total,935
1992,1A3 Transport,Total,11632
1992,1A3a Domestic aviation,Total,314
1992,1A3b Road transportation,Total,10701
1992,1A3bi Cars,Total,-
1992,1A3bii Light duty trucks,Total,-
1992,1A3biii Heavyduty trucks,Total,-
1992,1A3biv Motorcycles,Total,-
1992,1A3c Railways,Total,189
1992,1A3d Domestic navigation,Total,427
1992,1A4 Other sectors,Total,7679
1992,1A4a Commercial and institutional,Total,2535
1992,"1A4ai Commercial/institutional, stationary",Total,2105
1992,"1A4aii Commercial/institutional, off-road vehicles and other machinery",Total,430
1992,1A4b Residential,Total,3258
1992,"1A4bi Residential, stationary",Total,3097
1992,"1A4bii Residential, off-road vehicles and other machinery",Total,161
1992,"1A4c Agriculture, forestry anf fishing",Total,1886
1992,"1A4ci Agriculture/forestry, stationary",Total,818
1992,"1A4cii Agriculture/forestry, off-road vehicles and other machinery",Total,901
1992,1A4ciii Fishing,Total,167
1992,1A5 Other fuel use,Total,1067
1992,1B Fugitive emissions from fuels,Total,184
1992,1D International transport,Total,3069
1992,1D1a International aviation,Total,845
1992,1D1b International navigation,Total,2225
1992,2 Industrial processes and product use,Total,4624
1992,2A Mineral industry,Total,952
1992,2B Chemical industry,Total,1419
1992,2C Metal industry,Total,1991
1992,2D Non-energy products from fuels and solvent use,Total,177
1992,2F Product uses as substitutes for ozone-depleting substances,Total,0
1992,2F1 Refrigeration and air conditioning,Total,0
1992,2F1a Commercial refrigeration,Total,-
1992,2F1b Domestic refrigeration,Total,-
1992,2F1c Industrial refrigeration,Total,-
1992,2F1d Transport refrigeration,Total,0
1992,2F1e Mobile air-conditioning,Total,-
1992,2F1f Stationary air-conditioning,Total,0
1992,2F2 Foam blowing agents,Total,-
1992,2F4 Aerosols,Total,-
1992,2G Other product manufacture and use,Total,76
1992,2H Other emissions from industrial processses,Total,8
1992,3 Agriculture,Total,6698
1992,3A  Enteric fermentation,Total,2501
1992,3A1 Cattle,Total,2282
1992,3A1a Dairy cattle,Total,1318
1992,3A1b Non-dairy cattle,Total,964
1992,3A2 Sheep,Total,25
1992,3A3 Swine,Total,33
1992,3A4d Goats,Total,1
1992,3A4e Horses and ponies,Total,25
1992,3A4hii Reindeer,Total,129
1992,3A4hiv Fur-bearing animals,Total,6
1992,3B Manure management,Total,844
1992,3B1 Cattle,Total,517
1992,3B1a Dairy cattle,Total,301
1992,3B1b Non-dairy cattle,Total,216
1992,3B2 Sheep,Total,9
1992,3B3 Swine,Total,130
1992,3B4d Goats,Total,0
1992,3B4e Horses and ponies,Total,13
1992,3B4g Poultry,Total,8
1992,3B4hii Reindeer,Total,1
1992,3B4hiv Fur-bearing animals,Total,80
1992,3B5 Indirect N2O emissions from manure management,Total,86
1992,3D Agricultural soils,Total,3050
1992,3D1 Direct N2O emissions from managed soils,Total,2717
1992,3D1a Inorganic N fertilizers,Total,1088
1992,3D1b Organic N fertilizers,Total,195
1992,3D1c Urine and dung deposited by grazing animals,Total,40
1992,3D1d Crop residues,Total,238
1992,3D1e N2O emissions from nitrogen mineralization associated with loss of soil organic matter in mineral soils,Total,1
1992,3D1f Cultivation of organic soils of croplands and grasslands,Total,1156
1992,3D2 Indirect N2O emissions from managed soils,Total,333
1992,3F Field burning of agricultural residues,Total,3
1992,3G Liming,Total,297
1992,3H Urea application,Total,3
1992,"4 Land use, land-use change and forestry (LULUCF)",Total,-35443
1992,4A Forest land,Total,-43023
1992,4Ai1 Forest land: biomass (mineral soils),Total,-19482
1992,4Ai2 Forest land: biomass (organic soils),Total,-19134
1992,4Aiv Forest land: DOM + SOM (mineral soils),Total,-9278
1992,4Av Forest land: DOM + SOM (organic soils),Total,2150
1992,4(i)A Forest land: N2O emissions from N-fertilization,Total,11
1992,4(ii)A Forest land: emissions and removals from drainage and rewetting,Total,2698
1992,4(iii)A Forest land: N2O emissions from nitrogen mineralization associated with loss of soil organic matter in mineral soils,Total,9
1992,"4(iv)A Forest land: biomass burning (wildfires, prescribed and restoration burnings)",Total,4
1992,4B Cropland,Total,5271
1992,4Bi Cropland: biomass,Total,251
1992,4Biv Cropland: DOM + SOM (mineral soils),Total,-169
1992,4Bv Cropland: DOM + SOM (organic soils),Total,5185
1992,4(iii)B Cropland: N2O emissions from nitrogen mineralization associated with loss of soil organic matter in mineral soils,Total,4
1992,4C Grassland,Total,979
1992,4Ci Grassland: biomass,Total,-9
1992,4Civ Grassland: DOM + SOM (mineral soils),Total,-35
1992,4Cv Grassland: DOM + SOM (organic soils),Total,1022
1992,4(iii)C Grassland: N2O emissions from nitrogen mineralization associated with loss of soil organic matter in mineral soils,Total,1
1992,"4(iv)C Grassland: biomass burning (wildfires, prescribed and restoration burnings)",Total,0
1992,4D Wetlands,Total,1818
1992,4Di Wetlands: biomass,Total,57
1992,4Diii Wetlands: dead wood,Total,1
1992,4Dv Wetlands: SOM,Total,1442
1992,4(ii)D Wetlands: emissions and removals from drainage and rewetting,Total,317
1992,4E Settlements,Total,1019
1992,4Ei Settlements: biomass,Total,739
1992,4Eiii Settlements: dead wood,Total,14
1992,4Eiv-v Settlements: SOM  and litter,Total,239
1992,4(i)E Settlements: N2O emissions from N-fertilization,Total,2
1992,4(ii)E Settlements: emissions and removals from drainage and rewetting,Total,10
1992,4(iii)E Settlements: N2O emissions from nitrogen mineralization associated with loss of soil organic matter in mineral soils,Total,14
1992,4G Harvested wood products,Total,-1507
1992,5 Waste management,Total,5283
1992,5A Waste disposal,Total,4929
1992,5B Biological treatment of  waste,Total,57
1992,5D Wastewater treatment and discharge,Total,298
1992,Indirect CO2 emission,Total,147
1993,Emissions without LULUCF,Total,70359
1993,Emissions with LULUCF,Total,33681
1993,1 Energy,Total,53380
1993,1A1 Energy industries,Total,21290
1993,1A2 Manufacturing industries and construction,Total,12421
1993,1A2(-1A2gvii) Manufacturing industries and construction excl. off-road vehicles and other machinery,Total,11502
1993,1A2gvii Off-road vehicles and other machinery production,Total,918
1993,1A3 Transport,Total,11168
1993,1A3a Domestic aviation,Total,285
1993,1A3b Road transportation,Total,10222
1993,1A3bi Cars,Total,-
1993,1A3bii Light duty trucks,Total,-
1993,1A3biii Heavyduty trucks,Total,-
1993,1A3biv Motorcycles,Total,-
1993,1A3c Railways,Total,208
1993,1A3d Domestic navigation,Total,454
1993,1A4 Other sectors,Total,7266
1993,1A4a Commercial and institutional,Total,2223
1993,"1A4ai Commercial/institutional, stationary",Total,1799
1993,"1A4aii Commercial/institutional, off-road vehicles and other machinery",Total,424
1993,1A4b Residential,Total,3181
1993,"1A4bi Residential, stationary",Total,3020
1993,"1A4bii Residential, off-road vehicles and other machinery",Total,161
1993,"1A4c Agriculture, forestry anf fishing",Total,1862
1993,"1A4ci Agriculture/forestry, stationary",Total,816
1993,"1A4cii Agriculture/forestry, off-road vehicles and other machinery",Total,882
1993,1A4ciii Fishing,Total,164
1993,1A5 Other fuel use,Total,984
1993,1B Fugitive emissions from fuels,Total,251
1993,1D International transport,Total,2534
1993,1D1a International aviation,Total,794
1993,1D1b International navigation,Total,1740
1993,2 Industrial processes and product use,Total,4640
1993,2A Mineral industry,Total,858
1993,2B Chemical industry,Total,1413
1993,2C Metal industry,Total,2113
1993,2D Non-energy products from fuels and solvent use,Total,179
1993,2F Product uses as substitutes for ozone-depleting substances,Total,0
1993,2F1 Refrigeration and air conditioning,Total,0
1993,2F1a Commercial refrigeration,Total,-
1993,2F1b Domestic refrigeration,Total,0
1993,2F1c Industrial refrigeration,Total,-
1993,2F1d Transport refrigeration,Total,0
1993,2F1e Mobile air-conditioning,Total,-
1993,2F1f Stationary air-conditioning,Total,0
1993,2F2 Foam blowing agents,Total,-
1993,2F4 Aerosols,Total,-
1993,2G Other product manufacture and use,Total,72
1993,2H Other emissions from industrial processses,Total,6
1993,3 Agriculture,Total,6921
1993,3A  Enteric fermentation,Total,2513
1993,3A1 Cattle,Total,2301
1993,3A1a Dairy cattle,Total,1331
1993,3A1b Non-dairy cattle,Total,969
1993,3A2 Sheep,Total,28
1993,3A3 Swine,Total,33
1993,3A4d Goats,Total,1
1993,3A4e Horses and ponies,Total,25
1993,3A4hii Reindeer,Total,120
1993,3A4hiv Fur-bearing animals,Total,6
1993,3B Manure management,Total,827
1993,3B1 Cattle,Total,500
1993,3B1a Dairy cattle,Total,293
1993,3B1b Non-dairy cattle,Total,208
1993,3B2 Sheep,Total,11
1993,3B3 Swine,Total,123
1993,3B4d Goats,Total,0
1993,3B4e Horses and ponies,Total,15
1993,3B4g Poultry,Total,8
1993,3B4hii Reindeer,Total,1
1993,3B4hiv Fur-bearing animals,Total,82
1993,3B5 Indirect N2O emissions from manure management,Total,87
1993,3D Agricultural soils,Total,3105
1993,3D1 Direct N2O emissions from managed soils,Total,2762
1993,3D1a Inorganic N fertilizers,Total,1121
1993,3D1b Organic N fertilizers,Total,196
1993,3D1c Urine and dung deposited by grazing animals,Total,40
1993,3D1d Crop residues,Total,258
1993,3D1e N2O emissions from nitrogen mineralization associated with loss of soil organic matter in mineral soils,Total,1
1993,3D1f Cultivation of organic soils of croplands and grasslands,Total,1146
1993,3D2 Indirect N2O emissions from managed soils,Total,343
1993,3F Field burning of agricultural residues,Total,4
1993,3G Liming,Total,472
1993,3H Urea application,Total,1
1993,"4 Land use, land-use change and forestry (LULUCF)",Total,-36678
1993,4A Forest land,Total,-41937
1993,4Ai1 Forest land: biomass (mineral soils),Total,-17039
1993,4Ai2 Forest land: biomass (organic soils),Total,-19252
1993,4Aiv Forest land: DOM + SOM (mineral soils),Total,-9327
1993,4Av Forest land: DOM + SOM (organic soils),Total,974
1993,4(i)A Forest land: N2O emissions from N-fertilization,Total,4
1993,4(ii)A Forest land: emissions and removals from drainage and rewetting,Total,2692
1993,4(iii)A Forest land: N2O emissions from nitrogen mineralization associated with loss of soil organic matter in mineral soils,Total,9
1993,"4(iv)A Forest land: biomass burning (wildfires, prescribed and restoration burnings)",Total,1
1993,4B Cropland,Total,5297
1993,4Bi Cropland: biomass,Total,302
1993,4Biv Cropland: DOM + SOM (mineral soils),Total,-171
1993,4Bv Cropland: DOM + SOM (organic soils),Total,5162
1993,4(iii)B Cropland: N2O emissions from nitrogen mineralization associated with loss of soil organic matter in mineral soils,Total,4
1993,4C Grassland,Total,967
1993,4Ci Grassland: biomass,Total,8
1993,4Civ Grassland: DOM + SOM (mineral soils),Total,-33
1993,4Cv Grassland: DOM + SOM (organic soils),Total,992
1993,4(iii)C Grassland: N2O emissions from nitrogen mineralization associated with loss of soil organic matter in mineral soils,Total,1
1993,"4(iv)C Grassland: biomass burning (wildfires, prescribed and restoration burnings)",Total,0
1993,4D Wetlands,Total,1767
1993,4Di Wetlands: biomass,Total,78
1993,4Diii Wetlands: dead wood,Total,2
1993,4Dv Wetlands: SOM,Total,1367
1993,4(ii)D Wetlands: emissions and removals from drainage and rewetting,Total,320
1993,4E Settlements,Total,1082
1993,4Ei Settlements: biomass,Total,798
1993,4Eiii Settlements: dead wood,Total,15
1993,4Eiv-v Settlements: SOM  and litter,Total,243
1993,4(i)E Settlements: N2O emissions from N-fertilization,Total,2
1993,4(ii)E Settlements: emissions and removals from drainage and rewetting,Total,10
1993,4(iii)E Settlements: N2O emissions from nitrogen mineralization associated with loss of soil organic matter in mineral soils,Total,15
1993,4G Harvested wood products,Total,-3854
1993,5 Waste management,Total,5277
1993,5A Waste disposal,Total,4919
1993,5B Biological treatment of  waste,Total,61
1993,5D Wastewater treatment and discharge,Total,297
1993,Indirect CO2 emission,Total,140
1994,Emissions without LULUCF,Total,75949
1994,Emissions with LULUCF,Total,45546
1994,1 Energy,Total,58694
1994,1A1 Energy industries,Total,26259
1994,1A2 Manufacturing industries and construction,Total,12755
1994,1A2(-1A2gvii) Manufacturing industries and construction excl. off-road vehicles and other machinery,Total,11843
1994,1A2gvii Off-road vehicles and other machinery production,Total,911
1994,1A3 Transport,Total,11515
1994,1A3a Domestic aviation,Total,261
1994,1A3b Road transportation,Total,10540
1994,1A3bi Cars,Total,-
1994,1A3bii Light duty trucks,Total,-
1994,1A3biii Heavyduty trucks,Total,-
1994,1A3biv Motorcycles,Total,-
1994,1A3c Railways,Total,213
1994,1A3d Domestic navigation,Total,502
1994,1A4 Other sectors,Total,6754
1994,1A4a Commercial and institutional,Total,1918
1994,"1A4ai Commercial/institutional, stationary",Total,1501
1994,"1A4aii Commercial/institutional, off-road vehicles and other machinery",Total,418
1994,1A4b Residential,Total,2959
1994,"1A4bi Residential, stationary",Total,2799
1994,"1A4bii Residential, off-road vehicles and other machinery",Total,160
1994,"1A4c Agriculture, forestry anf fishing",Total,1877
1994,"1A4ci Agriculture/forestry, stationary",Total,835
1994,"1A4cii Agriculture/forestry, off-road vehicles and other machinery",Total,881
1994,1A4ciii Fishing,Total,161
1994,1A5 Other fuel use,Total,1239
1994,1B Fugitive emissions from fuels,Total,171
1994,1D International transport,Total,2188
1994,1D1a International aviation,Total,836
1994,1D1b International navigation,Total,1352
1994,2 Industrial processes and product use,Total,4926
1994,2A Mineral industry,Total,898
1994,2B Chemical industry,Total,1545
1994,2C Metal industry,Total,2122
1994,2D Non-energy products from fuels and solvent use,Total,197
1994,2F Product uses as substitutes for ozone-depleting substances,Total,81
1994,2F1 Refrigeration and air conditioning,Total,81
1994,2F1a Commercial refrigeration,Total,78
1994,2F1b Domestic refrigeration,Total,1
1994,2F1c Industrial refrigeration,Total,1
1994,2F1d Transport refrigeration,Total,0
1994,2F1e Mobile air-conditioning,Total,-
1994,2F1f Stationary air-conditioning,Total,1
1994,2F2 Foam blowing agents,Total,0
1994,2F4 Aerosols,Total,0
1994,2G Other product manufacture and use,Total,75
1994,2H Other emissions from industrial processses,Total,8
1994,3 Agriculture,Total,6984
1994,3A  Enteric fermentation,Total,2515
1994,3A1 Cattle,Total,2302
1994,3A1a Dairy cattle,Total,1330
1994,3A1b Non-dairy cattle,Total,972
1994,3A2 Sheep,Total,28
1994,3A3 Swine,Total,33
1994,3A4d Goats,Total,1
1994,3A4e Horses and ponies,Total,24
1994,3A4hii Reindeer,Total,119
1994,3A4hiv Fur-bearing animals,Total,7
1994,3B Manure management,Total,893
1994,3B1 Cattle,Total,529
1994,3B1a Dairy cattle,Total,311
1994,3B1b Non-dairy cattle,Total,217
1994,3B2 Sheep,Total,11
1994,3B3 Swine,Total,137
1994,3B4d Goats,Total,0
1994,3B4e Horses and ponies,Total,17
1994,3B4g Poultry,Total,9
1994,3B4hii Reindeer,Total,1
1994,3B4hiv Fur-bearing animals,Total,101
1994,3B5 Indirect N2O emissions from manure management,Total,90
1994,3D Agricultural soils,Total,3098
1994,3D1 Direct N2O emissions from managed soils,Total,2755
1994,3D1a Inorganic N fertilizers,Total,1127
1994,3D1b Organic N fertilizers,Total,199
1994,3D1c Urine and dung deposited by grazing animals,Total,39
1994,3D1d Crop residues,Total,252
1994,3D1e N2O emissions from nitrogen mineralization associated with loss of soil organic matter in mineral soils,Total,1
1994,3D1f Cultivation of organic soils of croplands and grasslands,Total,1137
1994,3D2 Indirect N2O emissions from managed soils,Total,343
1994,3F Field burning of agricultural residues,Total,4
1994,3G Liming,Total,472
1994,3H Urea application,Total,1
1994,"4 Land use, land-use change and forestry (LULUCF)",Total,-30403
1994,4A Forest land,Total,-34326
1994,4Ai1 Forest land: biomass (mineral soils),Total,-8938
1994,4Ai2 Forest land: biomass (organic soils),Total,-18467
1994,4Aiv Forest land: DOM + SOM (mineral soils),Total,-9863
1994,4Av Forest land: DOM + SOM (organic soils),Total,212
1994,4(i)A Forest land: N2O emissions from N-fertilization,Total,15
1994,4(ii)A Forest land: emissions and removals from drainage and rewetting,Total,2702
1994,4(iii)A Forest land: N2O emissions from nitrogen mineralization associated with loss of soil organic matter in mineral soils,Total,9
1994,"4(iv)A Forest land: biomass burning (wildfires, prescribed and restoration burnings)",Total,3
1994,4B Cropland,Total,5289
1994,4Bi Cropland: biomass,Total,317
1994,4Biv Cropland: DOM + SOM (mineral soils),Total,-172
1994,4Bv Cropland: DOM + SOM (organic soils),Total,5140
1994,4(iii)B Cropland: N2O emissions from nitrogen mineralization associated with loss of soil organic matter in mineral soils,Total,4
1994,4C Grassland,Total,938
1994,4Ci Grassland: biomass,Total,6
1994,4Civ Grassland: DOM + SOM (mineral soils),Total,-31
1994,4Cv Grassland: DOM + SOM (organic soils),Total,963
1994,4(iii)C Grassland: N2O emissions from nitrogen mineralization associated with loss of soil organic matter in mineral soils,Total,1
1994,"4(iv)C Grassland: biomass burning (wildfires, prescribed and restoration burnings)",Total,0
1994,4D Wetlands,Total,1979
1994,4Di Wetlands: biomass,Total,88
1994,4Diii Wetlands: dead wood,Total,2
1994,4Dv Wetlands: SOM,Total,1573
1994,4(ii)D Wetlands: emissions and removals from drainage and rewetting,Total,316
1994,4E Settlements,Total,1140
1994,4Ei Settlements: biomass,Total,852
1994,4Eiii Settlements: dead wood,Total,16
1994,4Eiv-v Settlements: SOM  and litter,Total,246
1994,4(i)E Settlements: N2O emissions from N-fertilization,Total,3
1994,4(ii)E Settlements: emissions and removals from drainage and rewetting,Total,10
1994,4(iii)E Settlements: N2O emissions from nitrogen mineralization associated with loss of soil organic matter in mineral soils,Total,15
1994,4G Harvested wood products,Total,-5424
1994,5 Waste management,Total,5206
1994,5A Waste disposal,Total,4845
1994,5B Biological treatment of  waste,Total,66
1994,5D Wastewater treatment and discharge,Total,295
1994,Indirect CO2 emission,Total,139
1995,Emissions without LULUCF,Total,72301
1995,Emissions with LULUCF,Total,43289
1995,1 Energy,Total,55172
1995,1A1 Energy industries,Total,23931
1995,1A2 Manufacturing industries and construction,Total,12149
1995,1A2(-1A2gvii) Manufacturing industries and construction excl. off-road vehicles and other machinery,Total,11223
1995,1A2gvii Off-road vehicles and other machinery production,Total,926
1995,1A3 Transport,Total,11312
1995,1A3a Domestic aviation,Total,264
1995,1A3b Road transportation,Total,10385
1995,1A3bi Cars,Total,-
1995,1A3bii Light duty trucks,Total,-
1995,1A3biii Heavyduty trucks,Total,-
1995,1A3biv Motorcycles,Total,-
1995,1A3c Railways,Total,195
1995,1A3d Domestic navigation,Total,468
1995,1A4 Other sectors,Total,6270
1995,1A4a Commercial and institutional,Total,1597
1995,"1A4ai Commercial/institutional, stationary",Total,1186
1995,"1A4aii Commercial/institutional, off-road vehicles and other machinery",Total,411
1995,1A4b Residential,Total,2908
1995,"1A4bi Residential, stationary",Total,2748
1995,"1A4bii Residential, off-road vehicles and other machinery",Total,160
1995,"1A4c Agriculture, forestry anf fishing",Total,1765
1995,"1A4ci Agriculture/forestry, stationary",Total,726
1995,"1A4cii Agriculture/forestry, off-road vehicles and other machinery",Total,879
1995,1A4ciii Fishing,Total,159
1995,1A5 Other fuel use,Total,1331
1995,1B Fugitive emissions from fuels,Total,179
1995,1D International transport,Total,1972
1995,1D1a International aviation,Total,904
1995,1D1b International navigation,Total,1068
1995,2 Industrial processes and product use,Total,4994
1995,2A Mineral industry,Total,874
1995,2B Chemical industry,Total,1610
1995,2C Metal industry,Total,2076
1995,2D Non-energy products from fuels and solvent use,Total,187
1995,2F Product uses as substitutes for ozone-depleting substances,Total,150
1995,2F1 Refrigeration and air conditioning,Total,147
1995,2F1a Commercial refrigeration,Total,139
1995,2F1b Domestic refrigeration,Total,1
1995,2F1c Industrial refrigeration,Total,1
1995,2F1d Transport refrigeration,Total,1
1995,2F1e Mobile air-conditioning,Total,3
1995,2F1f Stationary air-conditioning,Total,2
1995,2F2 Foam blowing agents,Total,0
1995,2F4 Aerosols,Total,2
1995,2G Other product manufacture and use,Total,85
1995,2H Other emissions from industrial processses,Total,11
1995,3 Agriculture,Total,6880
1995,3A  Enteric fermentation,Total,2372
1995,3A1 Cattle,Total,2150
1995,3A1a Dairy cattle,Total,1285
1995,3A1b Non-dairy cattle,Total,865
1995,3A2 Sheep,Total,37
1995,3A3 Swine,Total,35
1995,3A4d Goats,Total,1
1995,3A4e Horses and ponies,Total,25
1995,3A4hii Reindeer,Total,116
1995,3A4hiv Fur-bearing animals,Total,8
1995,3B Manure management,Total,875
1995,3B1 Cattle,Total,493
1995,3B1a Dairy cattle,Total,300
1995,3B1b Non-dairy cattle,Total,193
1995,3B2 Sheep,Total,14
1995,3B3 Swine,Total,145
1995,3B4d Goats,Total,0
1995,3B4e Horses and ponies,Total,19
1995,3B4g Poultry,Total,9
1995,3B4hii Reindeer,Total,0
1995,3B4hiv Fur-bearing animals,Total,106
1995,3B5 Indirect N2O emissions from manure management,Total,88
1995,3D Agricultural soils,Total,3220
1995,3D1 Direct N2O emissions from managed soils,Total,2874
1995,3D1a Inorganic N fertilizers,Total,1302
1995,3D1b Organic N fertilizers,Total,192
1995,3D1c Urine and dung deposited by grazing animals,Total,36
1995,3D1d Crop residues,Total,199
1995,3D1e N2O emissions from nitrogen mineralization associated with loss of soil organic matter in mineral soils,Total,6
1995,3D1f Cultivation of organic soils of croplands and grasslands,Total,1139
1995,3D2 Indirect N2O emissions from managed soils,Total,347
1995,3F Field burning of agricultural residues,Total,4
1995,3G Liming,Total,410
1995,3H Urea application,Total,1
1995,"4 Land use, land-use change and forestry (LULUCF)",Total,-29011
1995,4A Forest land,Total,-33640
1995,4Ai1 Forest land: biomass (mineral soils),Total,-7495
1995,4Ai2 Forest land: biomass (organic soils),Total,-18656
1995,4Aiv Forest land: DOM + SOM (mineral soils),Total,-10694
1995,4Av Forest land: DOM + SOM (organic soils),Total,471
1995,4(i)A Forest land: N2O emissions from N-fertilization,Total,8
1995,4(ii)A Forest land: emissions and removals from drainage and rewetting,Total,2714
1995,4(iii)A Forest land: N2O emissions from nitrogen mineralization associated with loss of soil organic matter in mineral soils,Total,9
1995,"4(iv)A Forest land: biomass burning (wildfires, prescribed and restoration burnings)",Total,2
1995,4B Cropland,Total,5613
1995,4Bi Cropland: biomass,Total,333
1995,4Biv Cropland: DOM + SOM (mineral soils),Total,110
1995,4Bv Cropland: DOM + SOM (organic soils),Total,5167
1995,4(iii)B Cropland: N2O emissions from nitrogen mineralization associated with loss of soil organic matter in mineral soils,Total,4
1995,4C Grassland,Total,920
1995,4Ci Grassland: biomass,Total,5
1995,4Civ Grassland: DOM + SOM (mineral soils),Total,-30
1995,4Cv Grassland: DOM + SOM (organic soils),Total,944
1995,4(iii)C Grassland: N2O emissions from nitrogen mineralization associated with loss of soil organic matter in mineral soils,Total,1
1995,"4(iv)C Grassland: biomass burning (wildfires, prescribed and restoration burnings)",Total,0
1995,4D Wetlands,Total,1848
1995,4Di Wetlands: biomass,Total,91
1995,4Diii Wetlands: dead wood,Total,2
1995,4Dv Wetlands: SOM,Total,1439
1995,4(ii)D Wetlands: emissions and removals from drainage and rewetting,Total,316
1995,4E Settlements,Total,1148
1995,4Ei Settlements: biomass,Total,854
1995,4Eiii Settlements: dead wood,Total,17
1995,4Eiv-v Settlements: SOM  and litter,Total,250
1995,4(i)E Settlements: N2O emissions from N-fertilization,Total,3
1995,4(ii)E Settlements: emissions and removals from drainage and rewetting,Total,10
1995,4(iii)E Settlements: N2O emissions from nitrogen mineralization associated with loss of soil organic matter in mineral soils,Total,15
1995,4G Harvested wood products,Total,-4900
1995,5 Waste management,Total,5125
1995,5A Waste disposal,Total,4755
1995,5B Biological treatment of  waste,Total,75
1995,5D Wastewater treatment and discharge,Total,295
1995,Indirect CO2 emission,Total,130
1996,Emissions without LULUCF,Total,78146
1996,Emissions with LULUCF,Total,41975
1996,1 Energy,Total,60946
1996,1A1 Energy industries,Total,29702
1996,1A2 Manufacturing industries and construction,Total,12012
1996,1A2(-1A2gvii) Manufacturing industries and construction excl. off-road vehicles and other machinery,Total,11087
1996,1A2gvii Off-road vehicles and other machinery production,Total,924
1996,1A3 Transport,Total,11306
1996,1A3a Domestic aviation,Total,308
1996,1A3b Road transportation,Total,10324
1996,1A3bi Cars,Total,-
1996,1A3bii Light duty trucks,Total,-
1996,1A3biii Heavyduty trucks,Total,-
1996,1A3biv Motorcycles,Total,-
1996,1A3c Railways,Total,178
1996,1A3d Domestic navigation,Total,497
1996,1A4 Other sectors,Total,6369
1996,1A4a Commercial and institutional,Total,1658
1996,"1A4ai Commercial/institutional, stationary",Total,1254
1996,"1A4aii Commercial/institutional, off-road vehicles and other machinery",Total,404
1996,1A4b Residential,Total,2968
1996,"1A4bi Residential, stationary",Total,2807
1996,"1A4bii Residential, off-road vehicles and other machinery",Total,160
1996,"1A4c Agriculture, forestry anf fishing",Total,1744
1996,"1A4ci Agriculture/forestry, stationary",Total,725
1996,"1A4cii Agriculture/forestry, off-road vehicles and other machinery",Total,861
1996,1A4ciii Fishing,Total,158
1996,1A5 Other fuel use,Total,1386
1996,1B Fugitive emissions from fuels,Total,171
1996,1D International transport,Total,2177
1996,1D1a International aviation,Total,967
1996,1D1b International navigation,Total,1210
1996,2 Industrial processes and product use,Total,5214
1996,2A Mineral industry,Total,914
1996,2B Chemical industry,Total,1588
1996,2C Metal industry,Total,2199
1996,2D Non-energy products from fuels and solvent use,Total,167
1996,2F Product uses as substitutes for ozone-depleting substances,Total,232
1996,2F1 Refrigeration and air conditioning,Total,217
1996,2F1a Commercial refrigeration,Total,199
1996,2F1b Domestic refrigeration,Total,1
1996,2F1c Industrial refrigeration,Total,2
1996,2F1d Transport refrigeration,Total,2
1996,2F1e Mobile air-conditioning,Total,9
1996,2F1f Stationary air-conditioning,Total,4
1996,2F2 Foam blowing agents,Total,1
1996,2F4 Aerosols,Total,14
1996,2G Other product manufacture and use,Total,79
1996,2H Other emissions from industrial processses,Total,35
1996,3 Agriculture,Total,6864
1996,3A  Enteric fermentation,Total,2395
1996,3A1 Cattle,Total,2169
1996,3A1a Dairy cattle,Total,1272
1996,3A1b Non-dairy cattle,Total,897
1996,3A2 Sheep,Total,35
1996,3A3 Swine,Total,36
1996,3A4d Goats,Total,1
1996,3A4e Horses and ponies,Total,26
1996,3A4hii Reindeer,Total,119
1996,3A4hiv Fur-bearing animals,Total,9
1996,3B Manure management,Total,863
1996,3B1 Cattle,Total,469
1996,3B1a Dairy cattle,Total,281
1996,3B1b Non-dairy cattle,Total,188
1996,3B2 Sheep,Total,13
1996,3B3 Swine,Total,135
1996,3B4d Goats,Total,1
1996,3B4e Horses and ponies,Total,20
1996,3B4g Poultry,Total,9
1996,3B4hii Reindeer,Total,1
1996,3B4hiv Fur-bearing animals,Total,125
1996,3B5 Indirect N2O emissions from manure management,Total,91
1996,3D Agricultural soils,Total,3124
1996,3D1 Direct N2O emissions from managed soils,Total,2788
1996,3D1a Inorganic N fertilizers,Total,1196
1996,3D1b Organic N fertilizers,Total,196
1996,3D1c Urine and dung deposited by grazing animals,Total,37
1996,3D1d Crop residues,Total,188
1996,3D1e N2O emissions from nitrogen mineralization associated with loss of soil organic matter in mineral soils,Total,24
1996,3D1f Cultivation of organic soils of croplands and grasslands,Total,1147
1996,3D2 Indirect N2O emissions from managed soils,Total,335
1996,3F Field burning of agricultural residues,Total,4
1996,3G Liming,Total,477
1996,3H Urea application,Total,1
1996,"4 Land use, land-use change and forestry (LULUCF)",Total,-36171
1996,4A Forest land,Total,-42039
1996,4Ai1 Forest land: biomass (mineral soils),Total,-13873
1996,4Ai2 Forest land: biomass (organic soils),Total,-20668
1996,4Aiv Forest land: DOM + SOM (mineral soils),Total,-11348
1996,4Av Forest land: DOM + SOM (organic soils),Total,1106
1996,4(i)A Forest land: N2O emissions from N-fertilization,Total,10
1996,4(ii)A Forest land: emissions and removals from drainage and rewetting,Total,2724
1996,4(iii)A Forest land: N2O emissions from nitrogen mineralization associated with loss of soil organic matter in mineral soils,Total,9
1996,"4(iv)A Forest land: biomass burning (wildfires, prescribed and restoration burnings)",Total,2
1996,4B Cropland,Total,5974
1996,4Bi Cropland: biomass,Total,410
1996,4Biv Cropland: DOM + SOM (mineral soils),Total,338
1996,4Bv Cropland: DOM + SOM (organic soils),Total,5222
1996,4(iii)B Cropland: N2O emissions from nitrogen mineralization associated with loss of soil organic matter in mineral soils,Total,4
1996,4C Grassland,Total,895
1996,4Ci Grassland: biomass,Total,-9
1996,4Civ Grassland: DOM + SOM (mineral soils),Total,-29
1996,4Cv Grassland: DOM + SOM (organic soils),Total,931
1996,4(iii)C Grassland: N2O emissions from nitrogen mineralization associated with loss of soil organic matter in mineral soils,Total,1
1996,"4(iv)C Grassland: biomass burning (wildfires, prescribed and restoration burnings)",Total,0
1996,4D Wetlands,Total,1894
1996,4Di Wetlands: biomass,Total,71
1996,4Diii Wetlands: dead wood,Total,2
1996,4Dv Wetlands: SOM,Total,1506
1996,4(ii)D Wetlands: emissions and removals from drainage and rewetting,Total,316
1996,4E Settlements,Total,1218
1996,4Ei Settlements: biomass,Total,916
1996,4Eiii Settlements: dead wood,Total,19
1996,4Eiv-v Settlements: SOM  and litter,Total,255
1996,4(i)E Settlements: N2O emissions from N-fertilization,Total,3
1996,4(ii)E Settlements: emissions and removals from drainage and rewetting,Total,10
1996,4(iii)E Settlements: N2O emissions from nitrogen mineralization associated with loss of soil organic matter in mineral soils,Total,16
1996,4G Harvested wood products,Total,-4113
1996,5 Waste management,Total,5006
1996,5A Waste disposal,Total,4630
1996,5B Biological treatment of  waste,Total,84
1996,5D Wastewater treatment and discharge,Total,292
1996,Indirect CO2 emission,Total,116
1997,Emissions without LULUCF,Total,76780
1997,Emissions with LULUCF,Total,44186
1997,1 Energy,Total,59369
1997,1A1 Energy industries,Total,27322
1997,1A2 Manufacturing industries and construction,Total,12290
1997,1A2(-1A2gvii) Manufacturing industries and construction excl. off-road vehicles and other machinery,Total,11357
1997,1A2gvii Off-road vehicles and other machinery production,Total,933
1997,1A3 Transport,Total,11858
1997,1A3a Domestic aviation,Total,342
1997,1A3b Road transportation,Total,10801
1997,1A3bi Cars,Total,-
1997,1A3bii Light duty trucks,Total,-
1997,1A3biii Heavyduty trucks,Total,-
1997,1A3biv Motorcycles,Total,-
1997,1A3c Railways,Total,189
1997,1A3d Domestic navigation,Total,527
1997,1A4 Other sectors,Total,6379
1997,1A4a Commercial and institutional,Total,1671
1997,"1A4ai Commercial/institutional, stationary",Total,1257
1997,"1A4aii Commercial/institutional, off-road vehicles and other machinery",Total,414
1997,1A4b Residential,Total,2967
1997,"1A4bi Residential, stationary",Total,2804
1997,"1A4bii Residential, off-road vehicles and other machinery",Total,163
1997,"1A4c Agriculture, forestry anf fishing",Total,1740
1997,"1A4ci Agriculture/forestry, stationary",Total,700
1997,"1A4cii Agriculture/forestry, off-road vehicles and other machinery",Total,882
1997,1A4ciii Fishing,Total,158
1997,1A5 Other fuel use,Total,1326
1997,1B Fugitive emissions from fuels,Total,195
1997,1D International transport,Total,2314
1997,1D1a International aviation,Total,1005
1997,1D1b International navigation,Total,1309
1997,2 Industrial processes and product use,Total,5511
1997,2A Mineral industry,Total,943
1997,2B Chemical industry,Total,1563
1997,2C Metal industry,Total,2415
1997,2D Non-energy products from fuels and solvent use,Total,152
1997,2F Product uses as substitutes for ozone-depleting substances,Total,328
1997,2F1 Refrigeration and air conditioning,Total,293
1997,2F1a Commercial refrigeration,Total,259
1997,2F1b Domestic refrigeration,Total,1
1997,2F1c Industrial refrigeration,Total,5
1997,2F1d Transport refrigeration,Total,4
1997,2F1e Mobile air-conditioning,Total,17
1997,2F1f Stationary air-conditioning,Total,8
1997,2F2 Foam blowing agents,Total,1
1997,2F4 Aerosols,Total,34
1997,2G Other product manufacture and use,Total,75
1997,2H Other emissions from industrial processses,Total,34
1997,3 Agriculture,Total,6920
1997,3A  Enteric fermentation,Total,2418
1997,3A1 Cattle,Total,2195
1997,3A1a Dairy cattle,Total,1292
1997,3A1b Non-dairy cattle,Total,903
1997,3A2 Sheep,Total,35
1997,3A3 Swine,Total,38
1997,3A4d Goats,Total,1
1997,3A4e Horses and ponies,Total,28
1997,3A4hii Reindeer,Total,113
1997,3A4hiv Fur-bearing animals,Total,9
1997,3B Manure management,Total,952
1997,3B1 Cattle,Total,523
1997,3B1a Dairy cattle,Total,318
1997,3B1b Non-dairy cattle,Total,205
1997,3B2 Sheep,Total,13
1997,3B3 Swine,Total,164
1997,3B4d Goats,Total,1
1997,3B4e Horses and ponies,Total,21
1997,3B4g Poultry,Total,9
1997,3B4hii Reindeer,Total,0
1997,3B4hiv Fur-bearing animals,Total,126
1997,3B5 Indirect N2O emissions from manure management,Total,94
1997,3D Agricultural soils,Total,3054
1997,3D1 Direct N2O emissions from managed soils,Total,2725
1997,3D1a Inorganic N fertilizers,Total,1128
1997,3D1b Organic N fertilizers,Total,201
1997,3D1c Urine and dung deposited by grazing animals,Total,36
1997,3D1d Crop residues,Total,185
1997,3D1e N2O emissions from nitrogen mineralization associated with loss of soil organic matter in mineral soils,Total,23
1997,3D1f Cultivation of organic soils of croplands and grasslands,Total,1150
1997,3D2 Indirect N2O emissions from managed soils,Total,329
1997,3F Field burning of agricultural residues,Total,4
1997,3G Liming,Total,491
1997,3H Urea application,Total,1
1997,"4 Land use, land-use change and forestry (LULUCF)",Total,-32593
1997,4A Forest land,Total,-36108
1997,4Ai1 Forest land: biomass (mineral soils),Total,-7828
1997,4Ai2 Forest land: biomass (organic soils),Total,-20170
1997,4Aiv Forest land: DOM + SOM (mineral soils),Total,-11144
1997,4Av Forest land: DOM + SOM (organic soils),Total,272
1997,4(i)A Forest land: N2O emissions from N-fertilization,Total,16
1997,4(ii)A Forest land: emissions and removals from drainage and rewetting,Total,2735
1997,4(iii)A Forest land: N2O emissions from nitrogen mineralization associated with loss of soil organic matter in mineral soils,Total,8
1997,"4(iv)A Forest land: biomass burning (wildfires, prescribed and restoration burnings)",Total,3
1997,4B Cropland,Total,6104
1997,4Bi Cropland: biomass,Total,550
1997,4Biv Cropland: DOM + SOM (mineral soils),Total,297
1997,4Bv Cropland: DOM + SOM (organic soils),Total,5253
1997,4(iii)B Cropland: N2O emissions from nitrogen mineralization associated with loss of soil organic matter in mineral soils,Total,4
1997,4C Grassland,Total,900
1997,4Ci Grassland: biomass,Total,12
1997,4Civ Grassland: DOM + SOM (mineral soils),Total,-29
1997,4Cv Grassland: DOM + SOM (organic soils),Total,917
1997,4(iii)C Grassland: N2O emissions from nitrogen mineralization associated with loss of soil organic matter in mineral soils,Total,1
1997,"4(iv)C Grassland: biomass burning (wildfires, prescribed and restoration burnings)",Total,0
1997,4D Wetlands,Total,1966
1997,4Di Wetlands: biomass,Total,50
1997,4Diii Wetlands: dead wood,Total,1
1997,4Dv Wetlands: SOM,Total,1599
1997,4(ii)D Wetlands: emissions and removals from drainage and rewetting,Total,316
1997,4E Settlements,Total,1324
1997,4Ei Settlements: biomass,Total,1013
1997,4Eiii Settlements: dead wood,Total,22
1997,4Eiv-v Settlements: SOM  and litter,Total,261
1997,4(i)E Settlements: N2O emissions from N-fertilization,Total,3
1997,4(ii)E Settlements: emissions and removals from drainage and rewetting,Total,10
1997,4(iii)E Settlements: N2O emissions from nitrogen mineralization associated with loss of soil organic matter in mineral soils,Total,16
1997,4G Harvested wood products,Total,-6779
1997,5 Waste management,Total,4865
1997,5A Waste disposal,Total,4498
1997,5B Biological treatment of  waste,Total,85
1997,5D Wastewater treatment and discharge,Total,282
1997,Indirect CO2 emission,Total,115
1998,Emissions without LULUCF,Total,73156
1998,Emissions with LULUCF,Total,43235
1998,1 Energy,Total,56056
1998,1A1 Energy industries,Total,24084
1998,1A2 Manufacturing industries and construction,Total,11916
1998,1A2(-1A2gvii) Manufacturing industries and construction excl. off-road vehicles and other machinery,Total,10958
1998,1A2gvii Off-road vehicles and other machinery production,Total,958
1998,1A3 Transport,Total,11979
1998,1A3a Domestic aviation,Total,390
1998,1A3b Road transportation,Total,10897
1998,1A3bi Cars,Total,-
1998,1A3bii Light duty trucks,Total,-
1998,1A3biii Heavyduty trucks,Total,-
1998,1A3biv Motorcycles,Total,-
1998,1A3c Railways,Total,178
1998,1A3d Domestic navigation,Total,514
1998,1A4 Other sectors,Total,6475
1998,1A4a Commercial and institutional,Total,1695
1998,"1A4ai Commercial/institutional, stationary",Total,1265
1998,"1A4aii Commercial/institutional, off-road vehicles and other machinery",Total,429
1998,1A4b Residential,Total,3009
1998,"1A4bi Residential, stationary",Total,2842
1998,"1A4bii Residential, off-road vehicles and other machinery",Total,167
1998,"1A4c Agriculture, forestry anf fishing",Total,1772
1998,"1A4ci Agriculture/forestry, stationary",Total,711
1998,"1A4cii Agriculture/forestry, off-road vehicles and other machinery",Total,908
1998,1A4ciii Fishing,Total,152
1998,1A5 Other fuel use,Total,1444
1998,1B Fugitive emissions from fuels,Total,158
1998,1D International transport,Total,2703
1998,1D1a International aviation,Total,1030
1998,1D1b International navigation,Total,1674
1998,2 Industrial processes and product use,Total,5543
1998,2A Mineral industry,Total,956
1998,2B Chemical industry,Total,1489
1998,2C Metal industry,Total,2420
1998,2D Non-energy products from fuels and solvent use,Total,147
1998,2F Product uses as substitutes for ozone-depleting substances,Total,433
1998,2F1 Refrigeration and air conditioning,Total,380
1998,2F1a Commercial refrigeration,Total,320
1998,2F1b Domestic refrigeration,Total,1
1998,2F1c Industrial refrigeration,Total,7
1998,2F1d Transport refrigeration,Total,5
1998,2F1e Mobile air-conditioning,Total,31
1998,2F1f Stationary air-conditioning,Total,15
1998,2F2 Foam blowing agents,Total,2
1998,2F4 Aerosols,Total,52
1998,2G Other product manufacture and use,Total,73
1998,2H Other emissions from industrial processses,Total,25
1998,3 Agriculture,Total,6801
1998,3A  Enteric fermentation,Total,2356
1998,3A1 Cattle,Total,2143
1998,3A1a Dairy cattle,Total,1266
1998,3A1b Non-dairy cattle,Total,877
1998,3A2 Sheep,Total,29
1998,3A3 Swine,Total,35
1998,3A4d Goats,Total,1
1998,3A4e Horses and ponies,Total,28
1998,3A4hii Reindeer,Total,109
1998,3A4hiv Fur-bearing animals,Total,10
1998,3B Manure management,Total,896
1998,3B1 Cattle,Total,484
1998,3B1a Dairy cattle,Total,295
1998,3B1b Non-dairy cattle,Total,190
1998,3B2 Sheep,Total,11
1998,3B3 Swine,Total,141
1998,3B4d Goats,Total,1
1998,3B4e Horses and ponies,Total,22
1998,3B4g Poultry,Total,10
1998,3B4hii Reindeer,Total,0
1998,3B4hiv Fur-bearing animals,Total,134
1998,3B5 Indirect N2O emissions from manure management,Total,93
1998,3D Agricultural soils,Total,3094
1998,3D1 Direct N2O emissions from managed soils,Total,2765
1998,3D1a Inorganic N fertilizers,Total,1132
1998,3D1b Organic N fertilizers,Total,195
1998,3D1c Urine and dung deposited by grazing animals,Total,35
1998,3D1d Crop residues,Total,166
1998,3D1e N2O emissions from nitrogen mineralization associated with loss of soil organic matter in mineral soils,Total,84
1998,3D1f Cultivation of organic soils of croplands and grasslands,Total,1153
1998,3D2 Indirect N2O emissions from managed soils,Total,329
1998,3F Field burning of agricultural residues,Total,3
1998,3G Liming,Total,452
1998,3H Urea application,Total,1
1998,"4 Land use, land-use change and forestry (LULUCF)",Total,-29921
1998,4A Forest land,Total,-34210
1998,4Ai1 Forest land: biomass (mineral soils),Total,-6237
1998,4Ai2 Forest land: biomass (organic soils),Total,-20293
1998,4Aiv Forest land: DOM + SOM (mineral soils),Total,-10894
1998,4Av Forest land: DOM + SOM (organic soils),Total,440
1998,4(i)A Forest land: N2O emissions from N-fertilization,Total,17
1998,4(ii)A Forest land: emissions and removals from drainage and rewetting,Total,2747
1998,4(iii)A Forest land: N2O emissions from nitrogen mineralization associated with loss of soil organic matter in mineral soils,Total,8
1998,"4(iv)A Forest land: biomass burning (wildfires, prescribed and restoration burnings)",Total,1
1998,4B Cropland,Total,6990
1998,4Bi Cropland: biomass,Total,655
1998,4Biv Cropland: DOM + SOM (mineral soils),Total,1053
1998,4Bv Cropland: DOM + SOM (organic soils),Total,5277
1998,4(iii)B Cropland: N2O emissions from nitrogen mineralization associated with loss of soil organic matter in mineral soils,Total,4
1998,4C Grassland,Total,874
1998,4Ci Grassland: biomass,Total,-5
1998,4Civ Grassland: DOM + SOM (mineral soils),Total,-28
1998,4Cv Grassland: DOM + SOM (organic soils),Total,906
1998,4(iii)C Grassland: N2O emissions from nitrogen mineralization associated with loss of soil organic matter in mineral soils,Total,1
1998,"4(iv)C Grassland: biomass burning (wildfires, prescribed and restoration burnings)",Total,0
1998,4D Wetlands,Total,1772
1998,4Di Wetlands: biomass,Total,37
1998,4Diii Wetlands: dead wood,Total,1
1998,4Dv Wetlands: SOM,Total,1416
1998,4(ii)D Wetlands: emissions and removals from drainage and rewetting,Total,318
1998,4E Settlements,Total,1380
1998,4Ei Settlements: biomass,Total,1060
1998,4Eiii Settlements: dead wood,Total,23
1998,4Eiv-v Settlements: SOM  and litter,Total,267
1998,4(i)E Settlements: N2O emissions from N-fertilization,Total,3
1998,4(ii)E Settlements: emissions and removals from drainage and rewetting,Total,10
1998,4(iii)E Settlements: N2O emissions from nitrogen mineralization associated with loss of soil organic matter in mineral soils,Total,17
1998,4G Harvested wood products,Total,-6725
1998,5 Waste management,Total,4643
1998,5A Waste disposal,Total,4275
1998,5B Biological treatment of  waste,Total,90
1998,5D Wastewater treatment and discharge,Total,278
1998,Indirect CO2 emission,Total,112
1999,Emissions without LULUCF,Total,72532
1999,Emissions with LULUCF,Total,42579
1999,1 Energy,Total,55399
1999,1A1 Energy industries,Total,23502
1999,1A2 Manufacturing industries and construction,Total,11852
1999,1A2(-1A2gvii) Manufacturing industries and construction excl. off-road vehicles and other machinery,Total,10862
1999,1A2gvii Off-road vehicles and other machinery production,Total,990
1999,1A3 Transport,Total,12185
1999,1A3a Domestic aviation,Total,386
1999,1A3b Road transportation,Total,11091
1999,1A3bi Cars,Total,-
1999,1A3bii Light duty trucks,Total,-
1999,1A3biii Heavyduty trucks,Total,-
1999,1A3biv Motorcycles,Total,-
1999,1A3c Railways,Total,172
1999,1A3d Domestic navigation,Total,535
1999,1A4 Other sectors,Total,6388
1999,1A4a Commercial and institutional,Total,1689
1999,"1A4ai Commercial/institutional, stationary",Total,1246
1999,"1A4aii Commercial/institutional, off-road vehicles and other machinery",Total,443
1999,1A4b Residential,Total,2956
1999,"1A4bi Residential, stationary",Total,2782
1999,"1A4bii Residential, off-road vehicles and other machinery",Total,174
1999,"1A4c Agriculture, forestry anf fishing",Total,1743
1999,"1A4ci Agriculture/forestry, stationary",Total,687
1999,"1A4cii Agriculture/forestry, off-road vehicles and other machinery",Total,910
1999,1A4ciii Fishing,Total,146
1999,1A5 Other fuel use,Total,1341
1999,1B Fugitive emissions from fuels,Total,130
1999,1D International transport,Total,2889
1999,1D1a International aviation,Total,1102
1999,1D1b International navigation,Total,1786
1999,2 Industrial processes and product use,Total,5742
1999,2A Mineral industry,Total,1030
1999,2B Chemical industry,Total,1502
1999,2C Metal industry,Total,2448
1999,2D Non-energy products from fuels and solvent use,Total,141
1999,2F Product uses as substitutes for ozone-depleting substances,Total,525
1999,2F1 Refrigeration and air conditioning,Total,469
1999,2F1a Commercial refrigeration,Total,381
1999,2F1b Domestic refrigeration,Total,1
1999,2F1c Industrial refrigeration,Total,11
1999,2F1d Transport refrigeration,Total,6
1999,2F1e Mobile air-conditioning,Total,51
1999,2F1f Stationary air-conditioning,Total,19
1999,2F2 Foam blowing agents,Total,2
1999,2F4 Aerosols,Total,54
1999,2G Other product manufacture and use,Total,73
1999,2H Other emissions from industrial processses,Total,22
1999,3 Agriculture,Total,6755
1999,3A  Enteric fermentation,Total,2317
1999,3A1 Cattle,Total,2111
1999,3A1a Dairy cattle,Total,1248
1999,3A1b Non-dairy cattle,Total,864
1999,3A2 Sheep,Total,25
1999,3A3 Swine,Total,35
1999,3A4d Goats,Total,1
1999,3A4e Horses and ponies,Total,28
1999,3A4hii Reindeer,Total,109
1999,3A4hiv Fur-bearing animals,Total,7
1999,3B Manure management,Total,881
1999,3B1 Cattle,Total,508
1999,3B1a Dairy cattle,Total,312
1999,3B1b Non-dairy cattle,Total,196
1999,3B2 Sheep,Total,10
1999,3B3 Swine,Total,149
1999,3B4d Goats,Total,1
1999,3B4e Horses and ponies,Total,22
1999,3B4g Poultry,Total,10
1999,3B4hii Reindeer,Total,0
1999,3B4hiv Fur-bearing animals,Total,95
1999,3B5 Indirect N2O emissions from manure management,Total,87
1999,3D Agricultural soils,Total,3101
1999,3D1 Direct N2O emissions from managed soils,Total,2770
1999,3D1a Inorganic N fertilizers,Total,1084
1999,3D1b Organic N fertilizers,Total,188
1999,3D1c Urine and dung deposited by grazing animals,Total,34
1999,3D1d Crop residues,Total,180
1999,3D1e N2O emissions from nitrogen mineralization associated with loss of soil organic matter in mineral soils,Total,130
1999,3D1f Cultivation of organic soils of croplands and grasslands,Total,1154
1999,3D2 Indirect N2O emissions from managed soils,Total,331
1999,3F Field burning of agricultural residues,Total,3
1999,3G Liming,Total,453
1999,3H Urea application,Total,1
1999,"4 Land use, land-use change and forestry (LULUCF)",Total,-29953
1999,4A Forest land,Total,-35560
1999,4Ai1 Forest land: biomass (mineral soils),Total,-7104
1999,4Ai2 Forest land: biomass (organic soils),Total,-20929
1999,4Aiv Forest land: DOM + SOM (mineral soils),Total,-10933
1999,4Av Forest land: DOM + SOM (organic soils),Total,647
1999,4(i)A Forest land: N2O emissions from N-fertilization,Total,12
1999,4(ii)A Forest land: emissions and removals from drainage and rewetting,Total,2738
1999,4(iii)A Forest land: N2O emissions from nitrogen mineralization associated with loss of soil organic matter in mineral soils,Total,7
1999,"4(iv)A Forest land: biomass burning (wildfires, prescribed and restoration burnings)",Total,2
1999,4B Cropland,Total,7666
1999,4Bi Cropland: biomass,Total,783
1999,4Biv Cropland: DOM + SOM (mineral soils),Total,1586
1999,4Bv Cropland: DOM + SOM (organic soils),Total,5293
1999,4(iii)B Cropland: N2O emissions from nitrogen mineralization associated with loss of soil organic matter in mineral soils,Total,4
1999,4C Grassland,Total,860
1999,4Ci Grassland: biomass,Total,-14
1999,4Civ Grassland: DOM + SOM (mineral soils),Total,-27
1999,4Cv Grassland: DOM + SOM (organic soils),Total,901
1999,4(iii)C Grassland: N2O emissions from nitrogen mineralization associated with loss of soil organic matter in mineral soils,Total,1
1999,"4(iv)C Grassland: biomass burning (wildfires, prescribed and restoration burnings)",Total,0
1999,4D Wetlands,Total,2183
1999,4Di Wetlands: biomass,Total,70
1999,4Diii Wetlands: dead wood,Total,1
1999,4Dv Wetlands: SOM,Total,1791
1999,4(ii)D Wetlands: emissions and removals from drainage and rewetting,Total,321
1999,4E Settlements,Total,1381
1999,4Ei Settlements: biomass,Total,1054
1999,4Eiii Settlements: dead wood,Total,23
1999,4Eiv-v Settlements: SOM  and litter,Total,275
1999,4(i)E Settlements: N2O emissions from N-fertilization,Total,3
1999,4(ii)E Settlements: emissions and removals from drainage and rewetting,Total,10
1999,4(iii)E Settlements: N2O emissions from nitrogen mineralization associated with loss of soil organic matter in mineral soils,Total,17
1999,4G Harvested wood products,Total,-6483
1999,5 Waste management,Total,4528
1999,5A Waste disposal,Total,4159
1999,5B Biological treatment of  waste,Total,95
1999,5D Wastewater treatment and discharge,Total,274
1999,Indirect CO2 emission,Total,108
2000,Emissions without LULUCF,Total,70538
2000,Emissions with LULUCF,Total,40594
2000,1 Energy,Total,53529
2000,1A1 Energy industries,Total,21980
2000,1A2 Manufacturing industries and construction,Total,11873
2000,1A2(-1A2gvii) Manufacturing industries and construction excl. off-road vehicles and other machinery,Total,10850
2000,1A2gvii Off-road vehicles and other machinery production,Total,1024
2000,1A3 Transport,Total,12071
2000,1A3a Domestic aviation,Total,382
2000,1A3b Road transportation,Total,10991
2000,1A3bi Cars,Total,-
2000,1A3bii Light duty trucks,Total,-
2000,1A3biii Heavyduty trucks,Total,-
2000,1A3biv Motorcycles,Total,-
2000,1A3c Railways,Total,162
2000,1A3d Domestic navigation,Total,536
2000,1A4 Other sectors,Total,6028
2000,1A4a Commercial and institutional,Total,1588
2000,"1A4ai Commercial/institutional, stationary",Total,1141
2000,"1A4aii Commercial/institutional, off-road vehicles and other machinery",Total,446
2000,1A4b Residential,Total,2749
2000,"1A4bi Residential, stationary",Total,2571
2000,"1A4bii Residential, off-road vehicles and other machinery",Total,178
2000,"1A4c Agriculture, forestry anf fishing",Total,1692
2000,"1A4ci Agriculture/forestry, stationary",Total,644
2000,"1A4cii Agriculture/forestry, off-road vehicles and other machinery",Total,906
2000,1A4ciii Fishing,Total,141
2000,1A5 Other fuel use,Total,1447
2000,1B Fugitive emissions from fuels,Total,129
2000,1D International transport,Total,3137
2000,1D1a International aviation,Total,1071
2000,1D1b International navigation,Total,2066
2000,2 Industrial processes and product use,Total,5978
2000,2A Mineral industry,Total,1080
2000,2B Chemical industry,Total,1599
2000,2C Metal industry,Total,2389
2000,2D Non-energy products from fuels and solvent use,Total,138
2000,2F Product uses as substitutes for ozone-depleting substances,Total,695
2000,2F1 Refrigeration and air conditioning,Total,579
2000,2F1a Commercial refrigeration,Total,458
2000,2F1b Domestic refrigeration,Total,1
2000,2F1c Industrial refrigeration,Total,18
2000,2F1d Transport refrigeration,Total,7
2000,2F1e Mobile air-conditioning,Total,72
2000,2F1f Stationary air-conditioning,Total,23
2000,2F2 Foam blowing agents,Total,39
2000,2F4 Aerosols,Total,77
2000,2G Other product manufacture and use,Total,56
2000,2H Other emissions from industrial processses,Total,20
2000,3 Agriculture,Total,6675
2000,3A  Enteric fermentation,Total,2310
2000,3A1 Cattle,Total,2102
2000,3A1a Dairy cattle,Total,1262
2000,3A1b Non-dairy cattle,Total,840
2000,3A2 Sheep,Total,23
2000,3A3 Swine,Total,34
2000,3A4d Goats,Total,1
2000,3A4e Horses and ponies,Total,29
2000,3A4hii Reindeer,Total,113
2000,3A4hiv Fur-bearing animals,Total,7
2000,3B Manure management,Total,865
2000,3B1 Cattle,Total,494
2000,3B1a Dairy cattle,Total,308
2000,3B1b Non-dairy cattle,Total,187
2000,3B2 Sheep,Total,9
2000,3B3 Swine,Total,139
2000,3B4d Goats,Total,1
2000,3B4e Horses and ponies,Total,22
2000,3B4g Poultry,Total,11
2000,3B4hii Reindeer,Total,0
2000,3B4hiv Fur-bearing animals,Total,102
2000,3B5 Indirect N2O emissions from manure management,Total,88
2000,3D Agricultural soils,Total,3144
2000,3D1 Direct N2O emissions from managed soils,Total,2809
2000,3D1a Inorganic N fertilizers,Total,1115
2000,3D1b Organic N fertilizers,Total,187
2000,3D1c Urine and dung deposited by grazing animals,Total,34
2000,3D1d Crop residues,Total,202
2000,3D1e N2O emissions from nitrogen mineralization associated with loss of soil organic matter in mineral soils,Total,106
2000,3D1f Cultivation of organic soils of croplands and grasslands,Total,1166
2000,3D2 Indirect N2O emissions from managed soils,Total,335
2000,3F Field burning of agricultural residues,Total,4
2000,3G Liming,Total,350
2000,3H Urea application,Total,1
2000,"4 Land use, land-use change and forestry (LULUCF)",Total,-29944
2000,4A Forest land,Total,-35206
2000,4Ai1 Forest land: biomass (mineral soils),Total,-7134
2000,4Ai2 Forest land: biomass (organic soils),Total,-21281
2000,4Aiv Forest land: DOM + SOM (mineral soils),Total,-10251
2000,4Av Forest land: DOM + SOM (organic soils),Total,713
2000,4(i)A Forest land: N2O emissions from N-fertilization,Total,12
2000,4(ii)A Forest land: emissions and removals from drainage and rewetting,Total,2728
2000,4(iii)A Forest land: N2O emissions from nitrogen mineralization associated with loss of soil organic matter in mineral soils,Total,6
2000,"4(iv)A Forest land: biomass burning (wildfires, prescribed and restoration burnings)",Total,1
2000,4B Cropland,Total,7626
2000,4Bi Cropland: biomass,Total,941
2000,4Biv Cropland: DOM + SOM (mineral soils),Total,1318
2000,4Bv Cropland: DOM + SOM (organic soils),Total,5362
2000,4(iii)B Cropland: N2O emissions from nitrogen mineralization associated with loss of soil organic matter in mineral soils,Total,4
2000,4C Grassland,Total,849
2000,4Ci Grassland: biomass,Total,-23
2000,4Civ Grassland: DOM + SOM (mineral soils),Total,-25
2000,4Cv Grassland: DOM + SOM (organic soils),Total,896
2000,4(iii)C Grassland: N2O emissions from nitrogen mineralization associated with loss of soil organic matter in mineral soils,Total,1
2000,"4(iv)C Grassland: biomass burning (wildfires, prescribed and restoration burnings)",Total,0
2000,4D Wetlands,Total,1988
2000,4Di Wetlands: biomass,Total,80
2000,4Diii Wetlands: dead wood,Total,1
2000,4Dv Wetlands: SOM,Total,1587
2000,4(ii)D Wetlands: emissions and removals from drainage and rewetting,Total,320
2000,4E Settlements,Total,1405
2000,4Ei Settlements: biomass,Total,1070
2000,4Eiii Settlements: dead wood,Total,24
2000,4Eiv-v Settlements: SOM  and litter,Total,282
2000,4(i)E Settlements: N2O emissions from N-fertilization,Total,3
2000,4(ii)E Settlements: emissions and removals from drainage and rewetting,Total,10
2000,4(iii)E Settlements: N2O emissions from nitrogen mineralization associated with loss of soil organic matter in mineral soils,Total,18
2000,4G Harvested wood products,Total,-6606
2000,5 Waste management,Total,4251
2000,5A Waste disposal,Total,3879
2000,5B Biological treatment of  waste,Total,100
2000,5D Wastewater treatment and discharge,Total,271
2000,Indirect CO2 emission,Total,106
2001,Emissions without LULUCF,Total,75914
2001,Emissions with LULUCF,Total,45655
2001,1 Energy,Total,59015
2001,1A1 Energy industries,Total,27453
2001,1A2 Manufacturing industries and construction,Total,11457
2001,1A2(-1A2gvii) Manufacturing industries and construction excl. off-road vehicles and other machinery,Total,10409
2001,1A2gvii Off-road vehicles and other machinery production,Total,1047
2001,1A3 Transport,Total,12178
2001,1A3a Domestic aviation,Total,375
2001,1A3b Road transportation,Total,11173
2001,1A3bi Cars,Total,-
2001,1A3bii Light duty trucks,Total,-
2001,1A3biii Heavyduty trucks,Total,-
2001,1A3biv Motorcycles,Total,-
2001,1A3c Railways,Total,143
2001,1A3d Domestic navigation,Total,488
2001,1A4 Other sectors,Total,6268
2001,1A4a Commercial and institutional,Total,1632
2001,"1A4ai Commercial/institutional, stationary",Total,1184
2001,"1A4aii Commercial/institutional, off-road vehicles and other machinery",Total,448
2001,1A4b Residential,Total,2942
2001,"1A4bi Residential, stationary",Total,2763
2001,"1A4bii Residential, off-road vehicles and other machinery",Total,178
2001,"1A4c Agriculture, forestry anf fishing",Total,1695
2001,"1A4ci Agriculture/forestry, stationary",Total,658
2001,"1A4cii Agriculture/forestry, off-road vehicles and other machinery",Total,902
2001,1A4ciii Fishing,Total,135
2001,1A5 Other fuel use,Total,1519
2001,1B Fugitive emissions from fuels,Total,141
2001,1D International transport,Total,2948
2001,1D1a International aviation,Total,1098
2001,1D1b International navigation,Total,1850
2001,2 Industrial processes and product use,Total,6012
2001,2A Mineral industry,Total,1084
2001,2B Chemical industry,Total,1503
2001,2C Metal industry,Total,2440
2001,2D Non-energy products from fuels and solvent use,Total,144
2001,2F Product uses as substitutes for ozone-depleting substances,Total,766
2001,2F1 Refrigeration and air conditioning,Total,678
2001,2F1a Commercial refrigeration,Total,527
2001,2F1b Domestic refrigeration,Total,1
2001,2F1c Industrial refrigeration,Total,25
2001,2F1d Transport refrigeration,Total,8
2001,2F1e Mobile air-conditioning,Total,91
2001,2F1f Stationary air-conditioning,Total,27
2001,2F2 Foam blowing agents,Total,28
2001,2F4 Aerosols,Total,60
2001,2G Other product manufacture and use,Total,54
2001,2H Other emissions from industrial processses,Total,21
2001,3 Agriculture,Total,6710
2001,3A  Enteric fermentation,Total,2277
2001,3A1 Cattle,Total,2082
2001,3A1a Dairy cattle,Total,1245
2001,3A1b Non-dairy cattle,Total,837
2001,3A2 Sheep,Total,21
2001,3A3 Swine,Total,32
2001,3A4d Goats,Total,1
2001,3A4e Horses and ponies,Total,30
2001,3A4hii Reindeer,Total,103
2001,3A4hiv Fur-bearing animals,Total,8
2001,3B Manure management,Total,880
2001,3B1 Cattle,Total,506
2001,3B1a Dairy cattle,Total,316
2001,3B1b Non-dairy cattle,Total,190
2001,3B2 Sheep,Total,8
2001,3B3 Swine,Total,137
2001,3B4d Goats,Total,1
2001,3B4e Horses and ponies,Total,20
2001,3B4g Poultry,Total,9
2001,3B4hii Reindeer,Total,0
2001,3B4hiv Fur-bearing animals,Total,111
2001,3B5 Indirect N2O emissions from manure management,Total,87
2001,3D Agricultural soils,Total,3129
2001,3D1 Direct N2O emissions from managed soils,Total,2798
2001,3D1a Inorganic N fertilizers,Total,1104
2001,3D1b Organic N fertilizers,Total,184
2001,3D1c Urine and dung deposited by grazing animals,Total,33
2001,3D1d Crop residues,Total,195
2001,3D1e N2O emissions from nitrogen mineralization associated with loss of soil organic matter in mineral soils,Total,106
2001,3D1f Cultivation of organic soils of croplands and grasslands,Total,1177
2001,3D2 Indirect N2O emissions from managed soils,Total,331
2001,3F Field burning of agricultural residues,Total,3
2001,3G Liming,Total,419
2001,3H Urea application,Total,1
2001,"4 Land use, land-use change and forestry (LULUCF)",Total,-30259
2001,4A Forest land,Total,-38547
2001,4Ai1 Forest land: biomass (mineral soils),Total,-11091
2001,4Ai2 Forest land: biomass (organic soils),Total,-22113
2001,4Aiv Forest land: DOM + SOM (mineral soils),Total,-9522
2001,4Av Forest land: DOM + SOM (organic soils),Total,1439
2001,4(i)A Forest land: N2O emissions from N-fertilization,Total,14
2001,4(ii)A Forest land: emissions and removals from drainage and rewetting,Total,2717
2001,4(iii)A Forest land: N2O emissions from nitrogen mineralization associated with loss of soil organic matter in mineral soils,Total,5
2001,"4(iv)A Forest land: biomass burning (wildfires, prescribed and restoration burnings)",Total,3
2001,4B Cropland,Total,7850
2001,4Bi Cropland: biomass,Total,1098
2001,4Biv Cropland: DOM + SOM (mineral soils),Total,1317
2001,4Bv Cropland: DOM + SOM (organic soils),Total,5431
2001,4(iii)B Cropland: N2O emissions from nitrogen mineralization associated with loss of soil organic matter in mineral soils,Total,4
2001,4C Grassland,Total,867
2001,4Ci Grassland: biomass,Total,2
2001,4Civ Grassland: DOM + SOM (mineral soils),Total,-23
2001,4Cv Grassland: DOM + SOM (organic soils),Total,888
2001,4(iii)C Grassland: N2O emissions from nitrogen mineralization associated with loss of soil organic matter in mineral soils,Total,1
2001,"4(iv)C Grassland: biomass burning (wildfires, prescribed and restoration burnings)",Total,0
2001,4D Wetlands,Total,2198
2001,4Di Wetlands: biomass,Total,79
2001,4Diii Wetlands: dead wood,Total,1
2001,4Dv Wetlands: SOM,Total,1798
2001,4(ii)D Wetlands: emissions and removals from drainage and rewetting,Total,320
2001,4E Settlements,Total,1575
2001,4Ei Settlements: biomass,Total,1227
2001,4Eiii Settlements: dead wood,Total,26
2001,4Eiv-v Settlements: SOM  and litter,Total,291
2001,4(i)E Settlements: N2O emissions from N-fertilization,Total,3
2001,4(ii)E Settlements: emissions and removals from drainage and rewetting,Total,10
2001,4(iii)E Settlements: N2O emissions from nitrogen mineralization associated with loss of soil organic matter in mineral soils,Total,19
2001,4G Harvested wood products,Total,-4203
2001,5 Waste management,Total,4072
2001,5A Waste disposal,Total,3700
2001,5B Biological treatment of  waste,Total,106
2001,5D Wastewater treatment and discharge,Total,267
2001,Indirect CO2 emission,Total,106
2002,Emissions without LULUCF,Total,78312
2002,Emissions with LULUCF,Total,47108
2002,1 Energy,Total,61626
2002,1A1 Energy industries,Total,30280
2002,1A2 Manufacturing industries and construction,Total,11148
2002,1A2(-1A2gvii) Manufacturing industries and construction excl. off-road vehicles and other machinery,Total,10092
2002,1A2gvii Off-road vehicles and other machinery production,Total,1057
2002,1A3 Transport,Total,12360
2002,1A3a Domestic aviation,Total,326
2002,1A3b Road transportation,Total,11384
2002,1A3bi Cars,Total,-
2002,1A3bii Light duty trucks,Total,-
2002,1A3biii Heavyduty trucks,Total,-
2002,1A3biv Motorcycles,Total,-
2002,1A3c Railways,Total,138
2002,1A3d Domestic navigation,Total,513
2002,1A4 Other sectors,Total,6224
2002,1A4a Commercial and institutional,Total,1618
2002,"1A4ai Commercial/institutional, stationary",Total,1171
2002,"1A4aii Commercial/institutional, off-road vehicles and other machinery",Total,447
2002,1A4b Residential,Total,2892
2002,"1A4bi Residential, stationary",Total,2712
2002,"1A4bii Residential, off-road vehicles and other machinery",Total,180
2002,"1A4c Agriculture, forestry anf fishing",Total,1713
2002,"1A4ci Agriculture/forestry, stationary",Total,669
2002,"1A4cii Agriculture/forestry, off-road vehicles and other machinery",Total,907
2002,1A4ciii Fishing,Total,137
2002,1A5 Other fuel use,Total,1480
2002,1B Fugitive emissions from fuels,Total,134
2002,1D International transport,Total,3173
2002,1D1a International aviation,Total,1086
2002,1D1b International navigation,Total,2088
2002,2 Industrial processes and product use,Total,6030
2002,2A Mineral industry,Total,1084
2002,2B Chemical industry,Total,1557
2002,2C Metal industry,Total,2318
2002,2D Non-energy products from fuels and solvent use,Total,143
2002,2F Product uses as substitutes for ozone-depleting substances,Total,858
2002,2F1 Refrigeration and air conditioning,Total,775
2002,2F1a Commercial refrigeration,Total,588
2002,2F1b Domestic refrigeration,Total,0
2002,2F1c Industrial refrigeration,Total,33
2002,2F1d Transport refrigeration,Total,9
2002,2F1e Mobile air-conditioning,Total,113
2002,2F1f Stationary air-conditioning,Total,32
2002,2F2 Foam blowing agents,Total,14
2002,2F4 Aerosols,Total,69
2002,2G Other product manufacture and use,Total,50
2002,2H Other emissions from industrial processses,Total,19
2002,3 Agriculture,Total,6772
2002,3A  Enteric fermentation,Total,2305
2002,3A1 Cattle,Total,2099
2002,3A1a Dairy cattle,Total,1244
2002,3A1b Non-dairy cattle,Total,855
2002,3A2 Sheep,Total,23
2002,3A3 Swine,Total,33
2002,3A4d Goats,Total,1
2002,3A4e Horses and ponies,Total,30
2002,3A4hii Reindeer,Total,111
2002,3A4hiv Fur-bearing animals,Total,8
2002,3B Manure management,Total,898
2002,3B1 Cattle,Total,512
2002,3B1a Dairy cattle,Total,319
2002,3B1b Non-dairy cattle,Total,193
2002,3B2 Sheep,Total,9
2002,3B3 Swine,Total,143
2002,3B4d Goats,Total,1
2002,3B4e Horses and ponies,Total,18
2002,3B4g Poultry,Total,10
2002,3B4hii Reindeer,Total,0
2002,3B4hiv Fur-bearing animals,Total,116
2002,3B5 Indirect N2O emissions from manure management,Total,90
2002,3D Agricultural soils,Total,3118
2002,3D1 Direct N2O emissions from managed soils,Total,2789
2002,3D1a Inorganic N fertilizers,Total,1069
2002,3D1b Organic N fertilizers,Total,188
2002,3D1c Urine and dung deposited by grazing animals,Total,33
2002,3D1d Crop residues,Total,201
2002,3D1e N2O emissions from nitrogen mineralization associated with loss of soil organic matter in mineral soils,Total,98
2002,3D1f Cultivation of organic soils of croplands and grasslands,Total,1201
2002,3D2 Indirect N2O emissions from managed soils,Total,329
2002,3F Field burning of agricultural residues,Total,3
2002,3G Liming,Total,446
2002,3H Urea application,Total,1
2002,"4 Land use, land-use change and forestry (LULUCF)",Total,-31204
2002,4A Forest land,Total,-39327
2002,4Ai1 Forest land: biomass (mineral soils),Total,-11633
2002,4Ai2 Forest land: biomass (organic soils),Total,-22607
2002,4Aiv Forest land: DOM + SOM (mineral soils),Total,-9131
2002,4Av Forest land: DOM + SOM (organic soils),Total,1333
2002,4(i)A Forest land: N2O emissions from N-fertilization,Total,15
2002,4(ii)A Forest land: emissions and removals from drainage and rewetting,Total,2690
2002,4(iii)A Forest land: N2O emissions from nitrogen mineralization associated with loss of soil organic matter in mineral soils,Total,4
2002,"4(iv)A Forest land: biomass burning (wildfires, prescribed and restoration burnings)",Total,3
2002,4B Cropland,Total,8041
2002,4Bi Cropland: biomass,Total,1240
2002,4Biv Cropland: DOM + SOM (mineral soils),Total,1230
2002,4Bv Cropland: DOM + SOM (organic soils),Total,5567
2002,4(iii)B Cropland: N2O emissions from nitrogen mineralization associated with loss of soil organic matter in mineral soils,Total,5
2002,4C Grassland,Total,847
2002,4Ci Grassland: biomass,Total,-19
2002,4Civ Grassland: DOM + SOM (mineral soils),Total,-20
2002,4Cv Grassland: DOM + SOM (organic soils),Total,885
2002,4(iii)C Grassland: N2O emissions from nitrogen mineralization associated with loss of soil organic matter in mineral soils,Total,1
2002,"4(iv)C Grassland: biomass burning (wildfires, prescribed and restoration burnings)",Total,0
2002,4D Wetlands,Total,2235
2002,4Di Wetlands: biomass,Total,76
2002,4Diii Wetlands: dead wood,Total,1
2002,4Dv Wetlands: SOM,Total,1838
2002,4(ii)D Wetlands: emissions and removals from drainage and rewetting,Total,320
2002,4E Settlements,Total,1549
2002,4Ei Settlements: biomass,Total,1194
2002,4Eiii Settlements: dead wood,Total,26
2002,4Eiv-v Settlements: SOM  and litter,Total,298
2002,4(i)E Settlements: N2O emissions from N-fertilization,Total,3
2002,4(ii)E Settlements: emissions and removals from drainage and rewetting,Total,9
2002,4(iii)E Settlements: N2O emissions from nitrogen mineralization associated with loss of soil organic matter in mineral soils,Total,19
2002,4G Harvested wood products,Total,-4550
2002,5 Waste management,Total,3788
2002,5A Waste disposal,Total,3413
2002,5B Biological treatment of  waste,Total,111
2002,5D Wastewater treatment and discharge,Total,264
2002,Indirect CO2 emission,Total,96
2003,Emissions without LULUCF,Total,85846
2003,Emissions with LULUCF,Total,53623
2003,1 Energy,Total,69203
2003,1A1 Energy industries,Total,37318
2003,1A2 Manufacturing industries and construction,Total,11539
2003,1A2(-1A2gvii) Manufacturing industries and construction excl. off-road vehicles and other machinery,Total,10480
2003,1A2gvii Off-road vehicles and other machinery production,Total,1060
2003,1A3 Transport,Total,12548
2003,1A3a Domestic aviation,Total,329
2003,1A3b Road transportation,Total,11559
2003,1A3bi Cars,Total,-
2003,1A3bii Light duty trucks,Total,-
2003,1A3biii Heavyduty trucks,Total,-
2003,1A3biv Motorcycles,Total,-
2003,1A3c Railways,Total,137
2003,1A3d Domestic navigation,Total,522
2003,1A4 Other sectors,Total,6130
2003,1A4a Commercial and institutional,Total,1591
2003,"1A4ai Commercial/institutional, stationary",Total,1150
2003,"1A4aii Commercial/institutional, off-road vehicles and other machinery",Total,442
2003,1A4b Residential,Total,2827
2003,"1A4bi Residential, stationary",Total,2646
2003,"1A4bii Residential, off-road vehicles and other machinery",Total,182
2003,"1A4c Agriculture, forestry anf fishing",Total,1712
2003,"1A4ci Agriculture/forestry, stationary",Total,664
2003,"1A4cii Agriculture/forestry, off-road vehicles and other machinery",Total,911
2003,1A4ciii Fishing,Total,137
2003,1A5 Other fuel use,Total,1533
2003,1B Fugitive emissions from fuels,Total,135
2003,1D International transport,Total,3194
2003,1D1a International aviation,Total,1122
2003,1D1b International navigation,Total,2073
2003,2 Industrial processes and product use,Total,6398
2003,2A Mineral industry,Total,1128
2003,2B Chemical industry,Total,1652
2003,2C Metal industry,Total,2481
2003,2D Non-energy products from fuels and solvent use,Total,118
2003,2F Product uses as substitutes for ozone-depleting substances,Total,951
2003,2F1 Refrigeration and air conditioning,Total,871
2003,2F1a Commercial refrigeration,Total,642
2003,2F1b Domestic refrigeration,Total,0
2003,2F1c Industrial refrigeration,Total,42
2003,2F1d Transport refrigeration,Total,10
2003,2F1e Mobile air-conditioning,Total,139
2003,2F1f Stationary air-conditioning,Total,38
2003,2F2 Foam blowing agents,Total,15
2003,2F4 Aerosols,Total,66
2003,2G Other product manufacture and use,Total,47
2003,2H Other emissions from industrial processses,Total,22
2003,3 Agriculture,Total,6586
2003,3A  Enteric fermentation,Total,2274
2003,3A1 Cattle,Total,2065
2003,3A1a Dairy cattle,Total,1209
2003,3A1b Non-dairy cattle,Total,856
2003,3A2 Sheep,Total,23
2003,3A3 Swine,Total,35
2003,3A4d Goats,Total,1
2003,3A4e Horses and ponies,Total,30
2003,3A4hii Reindeer,Total,110
2003,3A4hiv Fur-bearing animals,Total,9
2003,3B Manure management,Total,918
2003,3B1 Cattle,Total,509
2003,3B1a Dairy cattle,Total,315
2003,3B1b Non-dairy cattle,Total,194
2003,3B2 Sheep,Total,9
2003,3B3 Swine,Total,152
2003,3B4d Goats,Total,1
2003,3B4e Horses and ponies,Total,15
2003,3B4g Poultry,Total,10
2003,3B4hii Reindeer,Total,0
2003,3B4hiv Fur-bearing animals,Total,129
2003,3B5 Indirect N2O emissions from manure management,Total,93
2003,3D Agricultural soils,Total,3088
2003,3D1 Direct N2O emissions from managed soils,Total,2765
2003,3D1a Inorganic N fertilizers,Total,1061
2003,3D1b Organic N fertilizers,Total,189
2003,3D1c Urine and dung deposited by grazing animals,Total,32
2003,3D1d Crop residues,Total,197
2003,3D1e N2O emissions from nitrogen mineralization associated with loss of soil organic matter in mineral soils,Total,60
2003,3D1f Cultivation of organic soils of croplands and grasslands,Total,1226
2003,3D2 Indirect N2O emissions from managed soils,Total,322
2003,3F Field burning of agricultural residues,Total,3
2003,3G Liming,Total,302
2003,3H Urea application,Total,1
2003,"4 Land use, land-use change and forestry (LULUCF)",Total,-32223
2003,4A Forest land,Total,-39522
2003,4Ai1 Forest land: biomass (mineral soils),Total,-12304
2003,4Ai2 Forest land: biomass (organic soils),Total,-23007
2003,4Aiv Forest land: DOM + SOM (mineral soils),Total,-8540
2003,4Av Forest land: DOM + SOM (organic soils),Total,1647
2003,4(i)A Forest land: N2O emissions from N-fertilization,Total,14
2003,4(ii)A Forest land: emissions and removals from drainage and rewetting,Total,2663
2003,4(iii)A Forest land: N2O emissions from nitrogen mineralization associated with loss of soil organic matter in mineral soils,Total,3
2003,"4(iv)A Forest land: biomass burning (wildfires, prescribed and restoration burnings)",Total,2
2003,4B Cropland,Total,7802
2003,4Bi Cropland: biomass,Total,1315
2003,4Biv Cropland: DOM + SOM (mineral soils),Total,785
2003,4Bv Cropland: DOM + SOM (organic soils),Total,5698
2003,4(iii)B Cropland: N2O emissions from nitrogen mineralization associated with loss of soil organic matter in mineral soils,Total,5
2003,4C Grassland,Total,845
2003,4Ci Grassland: biomass,Total,-25
2003,4Civ Grassland: DOM + SOM (mineral soils),Total,-19
2003,4Cv Grassland: DOM + SOM (organic soils),Total,888
2003,4(iii)C Grassland: N2O emissions from nitrogen mineralization associated with loss of soil organic matter in mineral soils,Total,1
2003,"4(iv)C Grassland: biomass burning (wildfires, prescribed and restoration burnings)",Total,0
2003,4D Wetlands,Total,2157
2003,4Di Wetlands: biomass,Total,112
2003,4Diii Wetlands: dead wood,Total,1
2003,4Dv Wetlands: SOM,Total,1723
2003,4(ii)D Wetlands: emissions and removals from drainage and rewetting,Total,320
2003,4E Settlements,Total,1592
2003,4Ei Settlements: biomass,Total,1227
2003,4Eiii Settlements: dead wood,Total,27
2003,4Eiv-v Settlements: SOM  and litter,Total,306
2003,4(i)E Settlements: N2O emissions from N-fertilization,Total,3
2003,4(ii)E Settlements: emissions and removals from drainage and rewetting,Total,9
2003,4(iii)E Settlements: N2O emissions from nitrogen mineralization associated with loss of soil organic matter in mineral soils,Total,20
2003,4G Harvested wood products,Total,-5097
2003,5 Waste management,Total,3563
2003,5A Waste disposal,Total,3181
2003,5B Biological treatment of  waste,Total,115
2003,5D Wastewater treatment and discharge,Total,267
2003,Indirect CO2 emission,Total,96
2004,Emissions without LULUCF,Total,81967
2004,Emissions with LULUCF,Total,47664
2004,1 Energy,Total,65281
2004,1A1 Energy industries,Total,33219
2004,1A2 Manufacturing industries and construction,Total,11615
2004,1A2(-1A2gvii) Manufacturing industries and construction excl. off-road vehicles and other machinery,Total,10551
2004,1A2gvii Off-road vehicles and other machinery production,Total,1064
2004,1A3 Transport,Total,12891
2004,1A3a Domestic aviation,Total,335
2004,1A3b Road transportation,Total,11908
2004,1A3bi Cars,Total,-
2004,1A3bii Light duty trucks,Total,-
2004,1A3biii Heavyduty trucks,Total,-
2004,1A3biv Motorcycles,Total,-
2004,1A3c Railways,Total,141
2004,1A3d Domestic navigation,Total,508
2004,1A4 Other sectors,Total,6032
2004,1A4a Commercial and institutional,Total,1561
2004,"1A4ai Commercial/institutional, stationary",Total,1126
2004,"1A4aii Commercial/institutional, off-road vehicles and other machinery",Total,435
2004,1A4b Residential,Total,2781
2004,"1A4bi Residential, stationary",Total,2593
2004,"1A4bii Residential, off-road vehicles and other machinery",Total,188
2004,"1A4c Agriculture, forestry anf fishing",Total,1690
2004,"1A4ci Agriculture/forestry, stationary",Total,653
2004,"1A4cii Agriculture/forestry, off-road vehicles and other machinery",Total,912
2004,1A4ciii Fishing,Total,125
2004,1A5 Other fuel use,Total,1399
2004,1B Fugitive emissions from fuels,Total,126
2004,1D International transport,Total,2954
2004,1D1a International aviation,Total,1292
2004,1D1b International navigation,Total,1662
2004,2 Industrial processes and product use,Total,6777
2004,2A Mineral industry,Total,1189
2004,2B Chemical industry,Total,1784
2004,2C Metal industry,Total,2576
2004,2D Non-energy products from fuels and solvent use,Total,111
2004,2F Product uses as substitutes for ozone-depleting substances,Total,1051
2004,2F1 Refrigeration and air conditioning,Total,961
2004,2F1a Commercial refrigeration,Total,692
2004,2F1b Domestic refrigeration,Total,0
2004,2F1c Industrial refrigeration,Total,48
2004,2F1d Transport refrigeration,Total,11
2004,2F1e Mobile air-conditioning,Total,165
2004,2F1f Stationary air-conditioning,Total,45
2004,2F2 Foam blowing agents,Total,26
2004,2F4 Aerosols,Total,64
2004,2G Other product manufacture and use,Total,46
2004,2H Other emissions from industrial processses,Total,19
2004,3 Agriculture,Total,6426
2004,3A  Enteric fermentation,Total,2246
2004,3A1 Cattle,Total,2034
2004,3A1a Dairy cattle,Total,1191
2004,3A1b Non-dairy cattle,Total,842
2004,3A2 Sheep,Total,26
2004,3A3 Swine,Total,35
2004,3A4d Goats,Total,1
2004,3A4e Horses and ponies,Total,31
2004,3A4hii Reindeer,Total,112
2004,3A4hiv Fur-bearing animals,Total,8
2004,3B Manure management,Total,857
2004,3B1 Cattle,Total,474
2004,3B1a Dairy cattle,Total,292
2004,3B1b Non-dairy cattle,Total,182
2004,3B2 Sheep,Total,10
2004,3B3 Swine,Total,137
2004,3B4d Goats,Total,1
2004,3B4e Horses and ponies,Total,13
2004,3B4g Poultry,Total,9
2004,3B4hii Reindeer,Total,0
2004,3B4hiv Fur-bearing animals,Total,121
2004,3B5 Indirect N2O emissions from manure management,Total,92
2004,3D Agricultural soils,Total,3043
2004,3D1 Direct N2O emissions from managed soils,Total,2730
2004,3D1a Inorganic N fertilizers,Total,1031
2004,3D1b Organic N fertilizers,Total,186
2004,3D1c Urine and dung deposited by grazing animals,Total,32
2004,3D1d Crop residues,Total,197
2004,3D1e N2O emissions from nitrogen mineralization associated with loss of soil organic matter in mineral soils,Total,32
2004,3D1f Cultivation of organic soils of croplands and grasslands,Total,1253
2004,3D2 Indirect N2O emissions from managed soils,Total,313
2004,3F Field burning of agricultural residues,Total,3
2004,3G Liming,Total,276
2004,3H Urea application,Total,1
2004,"4 Land use, land-use change and forestry (LULUCF)",Total,-34302
2004,4A Forest land,Total,-41152
2004,4Ai1 Forest land: biomass (mineral soils),Total,-13819
2004,4Ai2 Forest land: biomass (organic soils),Total,-23410
2004,4Aiv Forest land: DOM + SOM (mineral soils),Total,-7782
2004,4Av Forest land: DOM + SOM (organic soils),Total,1206
2004,4(i)A Forest land: N2O emissions from N-fertilization,Total,15
2004,4(ii)A Forest land: emissions and removals from drainage and rewetting,Total,2636
2004,4(iii)A Forest land: N2O emissions from nitrogen mineralization associated with loss of soil organic matter in mineral soils,Total,2
2004,"4(iv)A Forest land: biomass burning (wildfires, prescribed and restoration burnings)",Total,1
2004,4B Cropland,Total,7544
2004,4Bi Cropland: biomass,Total,1250
2004,4Biv Cropland: DOM + SOM (mineral soils),Total,447
2004,4Bv Cropland: DOM + SOM (organic soils),Total,5842
2004,4(iii)B Cropland: N2O emissions from nitrogen mineralization associated with loss of soil organic matter in mineral soils,Total,5
2004,4C Grassland,Total,899
2004,4Ci Grassland: biomass,Total,30
2004,4Civ Grassland: DOM + SOM (mineral soils),Total,-19
2004,4Cv Grassland: DOM + SOM (organic soils),Total,887
2004,4(iii)C Grassland: N2O emissions from nitrogen mineralization associated with loss of soil organic matter in mineral soils,Total,1
2004,"4(iv)C Grassland: biomass burning (wildfires, prescribed and restoration burnings)",Total,0
2004,4D Wetlands,Total,2076
2004,4Di Wetlands: biomass,Total,93
2004,4Diii Wetlands: dead wood,Total,1
2004,4Dv Wetlands: SOM,Total,1660
2004,4(ii)D Wetlands: emissions and removals from drainage and rewetting,Total,322
2004,4E Settlements,Total,1731
2004,4Ei Settlements: biomass,Total,1350
2004,4Eiii Settlements: dead wood,Total,32
2004,4Eiv-v Settlements: SOM  and litter,Total,316
2004,4(i)E Settlements: N2O emissions from N-fertilization,Total,3
2004,4(ii)E Settlements: emissions and removals from drainage and rewetting,Total,9
2004,4(iii)E Settlements: N2O emissions from nitrogen mineralization associated with loss of soil organic matter in mineral soils,Total,21
2004,4G Harvested wood products,Total,-5400
2004,5 Waste management,Total,3389
2004,5A Waste disposal,Total,3000
2004,5B Biological treatment of  waste,Total,120
2004,5D Wastewater treatment and discharge,Total,269
2004,Indirect CO2 emission,Total,93
2005,Emissions without LULUCF,Total,69937
2005,Emissions with LULUCF,Total,35546
2005,1 Energy,Total,53588
2005,1A1 Energy industries,Total,22004
2005,1A2 Manufacturing industries and construction,Total,11339
2005,1A2(-1A2gvii) Manufacturing industries and construction excl. off-road vehicles and other machinery,Total,10271
2005,1A2gvii Off-road vehicles and other machinery production,Total,1068
2005,1A3 Transport,Total,12870
2005,1A3a Domestic aviation,Total,305
2005,1A3b Road transportation,Total,11924
2005,1A3bi Cars,Total,-
2005,1A3bii Light duty trucks,Total,-
2005,1A3biii Heavyduty trucks,Total,-
2005,1A3biv Motorcycles,Total,-
2005,1A3c Railways,Total,129
2005,1A3d Domestic navigation,Total,513
2005,1A4 Other sectors,Total,5720
2005,1A4a Commercial and institutional,Total,1500
2005,"1A4ai Commercial/institutional, stationary",Total,1072
2005,"1A4aii Commercial/institutional, off-road vehicles and other machinery",Total,427
2005,1A4b Residential,Total,2574
2005,"1A4bi Residential, stationary",Total,2380
2005,"1A4bii Residential, off-road vehicles and other machinery",Total,194
2005,"1A4c Agriculture, forestry anf fishing",Total,1647
2005,"1A4ci Agriculture/forestry, stationary",Total,619
2005,"1A4cii Agriculture/forestry, off-road vehicles and other machinery",Total,910
2005,1A4ciii Fishing,Total,117
2005,1A5 Other fuel use,Total,1503
2005,1B Fugitive emissions from fuels,Total,152
2005,1D International transport,Total,2928
2005,1D1a International aviation,Total,1300
2005,1D1b International navigation,Total,1628
2005,2 Industrial processes and product use,Total,6702
2005,2A Mineral industry,Total,1176
2005,2B Chemical industry,Total,1826
2005,2C Metal industry,Total,2404
2005,2D Non-energy products from fuels and solvent use,Total,103
2005,2F Product uses as substitutes for ozone-depleting substances,Total,1125
2005,2F1 Refrigeration and air conditioning,Total,1039
2005,2F1a Commercial refrigeration,Total,728
2005,2F1b Domestic refrigeration,Total,3
2005,2F1c Industrial refrigeration,Total,53
2005,2F1d Transport refrigeration,Total,10
2005,2F1e Mobile air-conditioning,Total,192
2005,2F1f Stationary air-conditioning,Total,54
2005,2F2 Foam blowing agents,Total,5
2005,2F4 Aerosols,Total,81
2005,2G Other product manufacture and use,Total,52
2005,2H Other emissions from industrial processses,Total,15
2005,3 Agriculture,Total,6442
2005,3A  Enteric fermentation,Total,2220
2005,3A1 Cattle,Total,2007
2005,3A1a Dairy cattle,Total,1171
2005,3A1b Non-dairy cattle,Total,836
2005,3A2 Sheep,Total,21
2005,3A3 Swine,Total,36
2005,3A4d Goats,Total,1
2005,3A4e Horses and ponies,Total,32
2005,3A4hii Reindeer,Total,115
2005,3A4hiv Fur-bearing animals,Total,8
2005,3B Manure management,Total,888
2005,3B1 Cattle,Total,497
2005,3B1a Dairy cattle,Total,309
2005,3B1b Non-dairy cattle,Total,188
2005,3B2 Sheep,Total,8
2005,3B3 Swine,Total,155
2005,3B4d Goats,Total,1
2005,3B4e Horses and ponies,Total,11
2005,3B4g Poultry,Total,10
2005,3B4hii Reindeer,Total,0
2005,3B4hiv Fur-bearing animals,Total,114
2005,3B5 Indirect N2O emissions from manure management,Total,91
2005,3D Agricultural soils,Total,3040
2005,3D1 Direct N2O emissions from managed soils,Total,2726
2005,3D1a Inorganic N fertilizers,Total,997
2005,3D1b Organic N fertilizers,Total,185
2005,3D1c Urine and dung deposited by grazing animals,Total,32
2005,3D1d Crop residues,Total,217
2005,3D1e N2O emissions from nitrogen mineralization associated with loss of soil organic matter in mineral soils,Total,38
2005,3D1f Cultivation of organic soils of croplands and grasslands,Total,1258
2005,3D2 Indirect N2O emissions from managed soils,Total,315
2005,3F Field burning of agricultural residues,Total,3
2005,3G Liming,Total,290
2005,3H Urea application,Total,1
2005,"4 Land use, land-use change and forestry (LULUCF)",Total,-34392
2005,4A Forest land,Total,-44886
2005,4Ai1 Forest land: biomass (mineral soils),Total,-17749
2005,4Ai2 Forest land: biomass (organic soils),Total,-23977
2005,4Aiv Forest land: DOM + SOM (mineral soils),Total,-7561
2005,4Av Forest land: DOM + SOM (organic soils),Total,1775
2005,4(i)A Forest land: N2O emissions from N-fertilization,Total,14
2005,4(ii)A Forest land: emissions and removals from drainage and rewetting,Total,2609
2005,4(iii)A Forest land: N2O emissions from nitrogen mineralization associated with loss of soil organic matter in mineral soils,Total,1
2005,"4(iv)A Forest land: biomass burning (wildfires, prescribed and restoration burnings)",Total,2
2005,4B Cropland,Total,7494
2005,4Bi Cropland: biomass,Total,1088
2005,4Biv Cropland: DOM + SOM (mineral soils),Total,518
2005,4Bv Cropland: DOM + SOM (organic soils),Total,5882
2005,4(iii)B Cropland: N2O emissions from nitrogen mineralization associated with loss of soil organic matter in mineral soils,Total,5
2005,4C Grassland,Total,926
2005,4Ci Grassland: biomass,Total,55
2005,4Civ Grassland: DOM + SOM (mineral soils),Total,-19
2005,4Cv Grassland: DOM + SOM (organic soils),Total,889
2005,4(iii)C Grassland: N2O emissions from nitrogen mineralization associated with loss of soil organic matter in mineral soils,Total,1
2005,"4(iv)C Grassland: biomass burning (wildfires, prescribed and restoration burnings)",Total,0
2005,4D Wetlands,Total,2301
2005,4Di Wetlands: biomass,Total,125
2005,4Diii Wetlands: dead wood,Total,2
2005,4Dv Wetlands: SOM,Total,1850
2005,4(ii)D Wetlands: emissions and removals from drainage and rewetting,Total,324
2005,4E Settlements,Total,1745
2005,4Ei Settlements: biomass,Total,1353
2005,4Eiii Settlements: dead wood,Total,33
2005,4Eiv-v Settlements: SOM  and litter,Total,325
2005,4(i)E Settlements: N2O emissions from N-fertilization,Total,3
2005,4(ii)E Settlements: emissions and removals from drainage and rewetting,Total,9
2005,4(iii)E Settlements: N2O emissions from nitrogen mineralization associated with loss of soil organic matter in mineral soils,Total,22
2005,4G Harvested wood products,Total,-1971
2005,5 Waste management,Total,3119
2005,5A Waste disposal,Total,2722
2005,5B Biological treatment of  waste,Total,134
2005,5D Wastewater treatment and discharge,Total,263
2005,Indirect CO2 emission,Total,86
2006,Emissions without LULUCF,Total,81367
2006,Emissions with LULUCF,Total,43009
2006,1 Energy,Total,64715
2006,1A1 Energy industries,Total,32928
2006,1A2 Manufacturing industries and construction,Total,11601
2006,1A2(-1A2gvii) Manufacturing industries and construction excl. off-road vehicles and other machinery,Total,10515
2006,1A2gvii Off-road vehicles and other machinery production,Total,1086
2006,1A3 Transport,Total,13033
2006,1A3a Domestic aviation,Total,285
2006,1A3b Road transportation,Total,12071
2006,1A3bi Cars,Total,-
2006,1A3bii Light duty trucks,Total,-
2006,1A3biii Heavyduty trucks,Total,-
2006,1A3biv Motorcycles,Total,-
2006,1A3c Railways,Total,130
2006,1A3d Domestic navigation,Total,547
2006,1A4 Other sectors,Total,5610
2006,1A4a Commercial and institutional,Total,1489
2006,"1A4ai Commercial/institutional, stationary",Total,1061
2006,"1A4aii Commercial/institutional, off-road vehicles and other machinery",Total,428
2006,1A4b Residential,Total,2522
2006,"1A4bi Residential, stationary",Total,2324
2006,"1A4bii Residential, off-road vehicles and other machinery",Total,197
2006,"1A4c Agriculture, forestry anf fishing",Total,1600
2006,"1A4ci Agriculture/forestry, stationary",Total,586
2006,"1A4cii Agriculture/forestry, off-road vehicles and other machinery",Total,888
2006,1A4ciii Fishing,Total,125
2006,1A5 Other fuel use,Total,1414
2006,1B Fugitive emissions from fuels,Total,128
2006,1D International transport,Total,3249
2006,1D1a International aviation,Total,1445
2006,1D1b International navigation,Total,1803
2006,2 Industrial processes and product use,Total,6879
2006,2A Mineral industry,Total,1270
2006,2B Chemical industry,Total,1677
2006,2C Metal industry,Total,2473
2006,2D Non-energy products from fuels and solvent use,Total,114
2006,2F Product uses as substitutes for ozone-depleting substances,Total,1275
2006,2F1 Refrigeration and air conditioning,Total,1188
2006,2F1a Commercial refrigeration,Total,835
2006,2F1b Domestic refrigeration,Total,3
2006,2F1c Industrial refrigeration,Total,52
2006,2F1d Transport refrigeration,Total,11
2006,2F1e Mobile air-conditioning,Total,216
2006,2F1f Stationary air-conditioning,Total,71
2006,2F2 Foam blowing agents,Total,5
2006,2F4 Aerosols,Total,82
2006,2G Other product manufacture and use,Total,47
2006,2H Other emissions from industrial processses,Total,23
2006,3 Agriculture,Total,6483
2006,3A  Enteric fermentation,Total,2212
2006,3A1 Cattle,Total,1996
2006,3A1a Dairy cattle,Total,1149
2006,3A1b Non-dairy cattle,Total,848
2006,3A2 Sheep,Total,27
2006,3A3 Swine,Total,35
2006,3A4d Goats,Total,1
2006,3A4e Horses and ponies,Total,33
2006,3A4hii Reindeer,Total,110
2006,3A4hiv Fur-bearing animals,Total,9
2006,3B Manure management,Total,903
2006,3B1 Cattle,Total,497
2006,3B1a Dairy cattle,Total,305
2006,3B1b Non-dairy cattle,Total,192
2006,3B2 Sheep,Total,10
2006,3B3 Swine,Total,158
2006,3B4d Goats,Total,1
2006,3B4e Horses and ponies,Total,12
2006,3B4g Poultry,Total,9
2006,3B4hii Reindeer,Total,0
2006,3B4hiv Fur-bearing animals,Total,122
2006,3B5 Indirect N2O emissions from manure management,Total,93
2006,3D Agricultural soils,Total,3044
2006,3D1 Direct N2O emissions from managed soils,Total,2734
2006,3D1a Inorganic N fertilizers,Total,987
2006,3D1b Organic N fertilizers,Total,187
2006,3D1c Urine and dung deposited by grazing animals,Total,31
2006,3D1d Crop residues,Total,203
2006,3D1e N2O emissions from nitrogen mineralization associated with loss of soil organic matter in mineral soils,Total,41
2006,3D1f Cultivation of organic soils of croplands and grasslands,Total,1285
2006,3D2 Indirect N2O emissions from managed soils,Total,310
2006,3F Field burning of agricultural residues,Total,3
2006,3G Liming,Total,321
2006,3H Urea application,Total,1
2006,"4 Land use, land-use change and forestry (LULUCF)",Total,-38358
2006,4A Forest land,Total,-46264
2006,4Ai1 Forest land: biomass (mineral soils),Total,-20900
2006,4Ai2 Forest land: biomass (organic soils),Total,-24646
2006,4Aiv Forest land: DOM + SOM (mineral soils),Total,-6638
2006,4Av Forest land: DOM + SOM (organic soils),Total,3309
2006,4(i)A Forest land: N2O emissions from N-fertilization,Total,23
2006,4(ii)A Forest land: emissions and removals from drainage and rewetting,Total,2583
2006,4(iii)A Forest land: N2O emissions from nitrogen mineralization associated with loss of soil organic matter in mineral soils,Total,1
2006,"4(iv)A Forest land: biomass burning (wildfires, prescribed and restoration burnings)",Total,3
2006,4B Cropland,Total,7541
2006,4Bi Cropland: biomass,Total,965
2006,4Biv Cropland: DOM + SOM (mineral soils),Total,561
2006,4Bv Cropland: DOM + SOM (organic soils),Total,6010
2006,4(iii)B Cropland: N2O emissions from nitrogen mineralization associated with loss of soil organic matter in mineral soils,Total,5
2006,4C Grassland,Total,923
2006,4Ci Grassland: biomass,Total,46
2006,4Civ Grassland: DOM + SOM (mineral soils),Total,-20
2006,4Cv Grassland: DOM + SOM (organic soils),Total,895
2006,4(iii)C Grassland: N2O emissions from nitrogen mineralization associated with loss of soil organic matter in mineral soils,Total,1
2006,"4(iv)C Grassland: biomass burning (wildfires, prescribed and restoration burnings)",Total,0
2006,4D Wetlands,Total,2572
2006,4Di Wetlands: biomass,Total,139
2006,4Diii Wetlands: dead wood,Total,3
2006,4Dv Wetlands: SOM,Total,2105
2006,4(ii)D Wetlands: emissions and removals from drainage and rewetting,Total,325
2006,4E Settlements,Total,1633
2006,4Ei Settlements: biomass,Total,1233
2006,4Eiii Settlements: dead wood,Total,32
2006,4Eiv-v Settlements: SOM  and litter,Total,334
2006,4(i)E Settlements: N2O emissions from N-fertilization,Total,3
2006,4(ii)E Settlements: emissions and removals from drainage and rewetting,Total,9
2006,4(iii)E Settlements: N2O emissions from nitrogen mineralization associated with loss of soil organic matter in mineral soils,Total,23
2006,4G Harvested wood products,Total,-4763
2006,5 Waste management,Total,3203
2006,5A Waste disposal,Total,2802
2006,5B Biological treatment of  waste,Total,138
2006,5D Wastewater treatment and discharge,Total,263
2006,Indirect CO2 emission,Total,87
2007,Emissions without LULUCF,Total,79658
2007,Emissions with LULUCF,Total,50853
2007,1 Energy,Total,62603
2007,1A1 Energy industries,Total,30818
2007,1A2 Manufacturing industries and construction,Total,11428
2007,1A2(-1A2gvii) Manufacturing industries and construction excl. off-road vehicles and other machinery,Total,10298
2007,1A2gvii Off-road vehicles and other machinery production,Total,1130
2007,1A3 Transport,Total,13389
2007,1A3a Domestic aviation,Total,268
2007,1A3b Road transportation,Total,12451
2007,1A3bi Cars,Total,-
2007,1A3bii Light duty trucks,Total,-
2007,1A3biii Heavyduty trucks,Total,-
2007,1A3biv Motorcycles,Total,-
2007,1A3c Railways,Total,110
2007,1A3d Domestic navigation,Total,560
2007,1A4 Other sectors,Total,5474
2007,1A4a Commercial and institutional,Total,1452
2007,"1A4ai Commercial/institutional, stationary",Total,1014
2007,"1A4aii Commercial/institutional, off-road vehicles and other machinery",Total,437
2007,1A4b Residential,Total,2388
2007,"1A4bi Residential, stationary",Total,2185
2007,"1A4bii Residential, off-road vehicles and other machinery",Total,204
2007,"1A4c Agriculture, forestry anf fishing",Total,1634
2007,"1A4ci Agriculture/forestry, stationary",Total,628
2007,"1A4cii Agriculture/forestry, off-road vehicles and other machinery",Total,885
2007,1A4ciii Fishing,Total,121
2007,1A5 Other fuel use,Total,1349
2007,1B Fugitive emissions from fuels,Total,145
2007,1D International transport,Total,3139
2007,1D1a International aviation,Total,1668
2007,1D1b International navigation,Total,1471
2007,2 Industrial processes and product use,Total,7470
2007,2A Mineral industry,Total,1295
2007,2B Chemical industry,Total,2184
2007,2C Metal industry,Total,2495
2007,2D Non-energy products from fuels and solvent use,Total,131
2007,2F Product uses as substitutes for ozone-depleting substances,Total,1307
2007,2F1 Refrigeration and air conditioning,Total,1221
2007,2F1a Commercial refrigeration,Total,837
2007,2F1b Domestic refrigeration,Total,3
2007,2F1c Industrial refrigeration,Total,53
2007,2F1d Transport refrigeration,Total,12
2007,2F1e Mobile air-conditioning,Total,235
2007,2F1f Stationary air-conditioning,Total,80
2007,2F2 Foam blowing agents,Total,5
2007,2F4 Aerosols,Total,80
2007,2G Other product manufacture and use,Total,45
2007,2H Other emissions from industrial processses,Total,12
2007,3 Agriculture,Total,6411
2007,3A  Enteric fermentation,Total,2189
2007,3A1 Cattle,Total,1974
2007,3A1a Dairy cattle,Total,1123
2007,3A1b Non-dairy cattle,Total,851
2007,3A2 Sheep,Total,27
2007,3A3 Swine,Total,37
2007,3A4d Goats,Total,1
2007,3A4e Horses and ponies,Total,34
2007,3A4hii Reindeer,Total,108
2007,3A4hiv Fur-bearing animals,Total,8
2007,3B Manure management,Total,877
2007,3B1 Cattle,Total,477
2007,3B1a Dairy cattle,Total,288
2007,3B1b Non-dairy cattle,Total,189
2007,3B2 Sheep,Total,10
2007,3B3 Swine,Total,159
2007,3B4d Goats,Total,0
2007,3B4e Horses and ponies,Total,13
2007,3B4g Poultry,Total,9
2007,3B4hii Reindeer,Total,0
2007,3B4hiv Fur-bearing animals,Total,117
2007,3B5 Indirect N2O emissions from manure management,Total,92
2007,3D Agricultural soils,Total,3064
2007,3D1 Direct N2O emissions from managed soils,Total,2754
2007,3D1a Inorganic N fertilizers,Total,991
2007,3D1b Organic N fertilizers,Total,184
2007,3D1c Urine and dung deposited by grazing animals,Total,30
2007,3D1d Crop residues,Total,221
2007,3D1e N2O emissions from nitrogen mineralization associated with loss of soil organic matter in mineral soils,Total,35
2007,3D1f Cultivation of organic soils of croplands and grasslands,Total,1293
2007,3D2 Indirect N2O emissions from managed soils,Total,310
2007,3F Field burning of agricultural residues,Total,3
2007,3G Liming,Total,275
2007,3H Urea application,Total,2
2007,"4 Land use, land-use change and forestry (LULUCF)",Total,-28806
2007,4A Forest land,Total,-35377
2007,4Ai1 Forest land: biomass (mineral soils),Total,-13664
2007,4Ai2 Forest land: biomass (organic soils),Total,-23132
2007,4Aiv Forest land: DOM + SOM (mineral soils),Total,-4522
2007,4Av Forest land: DOM + SOM (organic soils),Total,3360
2007,4(i)A Forest land: N2O emissions from N-fertilization,Total,21
2007,4(ii)A Forest land: emissions and removals from drainage and rewetting,Total,2556
2007,4(iii)A Forest land: N2O emissions from nitrogen mineralization associated with loss of soil organic matter in mineral soils,Total,1
2007,"4(iv)A Forest land: biomass burning (wildfires, prescribed and restoration burnings)",Total,1
2007,4B Cropland,Total,7256
2007,4Bi Cropland: biomass,Total,734
2007,4Biv Cropland: DOM + SOM (mineral soils),Total,458
2007,4Bv Cropland: DOM + SOM (organic soils),Total,6059
2007,4(iii)B Cropland: N2O emissions from nitrogen mineralization associated with loss of soil organic matter in mineral soils,Total,5
2007,4C Grassland,Total,919
2007,4Ci Grassland: biomass,Total,45
2007,4Civ Grassland: DOM + SOM (mineral soils),Total,-20
2007,4Cv Grassland: DOM + SOM (organic soils),Total,893
2007,4(iii)C Grassland: N2O emissions from nitrogen mineralization associated with loss of soil organic matter in mineral soils,Total,1
2007,"4(iv)C Grassland: biomass burning (wildfires, prescribed and restoration burnings)",Total,0
2007,4D Wetlands,Total,2269
2007,4Di Wetlands: biomass,Total,208
2007,4Diii Wetlands: dead wood,Total,4
2007,4Dv Wetlands: SOM,Total,1729
2007,4(ii)D Wetlands: emissions and removals from drainage and rewetting,Total,328
2007,4E Settlements,Total,1737
2007,4Ei Settlements: biomass,Total,1325
2007,4Eiii Settlements: dead wood,Total,33
2007,4Eiv-v Settlements: SOM  and litter,Total,344
2007,4(i)E Settlements: N2O emissions from N-fertilization,Total,3
2007,4(ii)E Settlements: emissions and removals from drainage and rewetting,Total,8
2007,4(iii)E Settlements: N2O emissions from nitrogen mineralization associated with loss of soil organic matter in mineral soils,Total,24
2007,4G Harvested wood products,Total,-5610
2007,5 Waste management,Total,3087
2007,5A Waste disposal,Total,2672
2007,5B Biological treatment of  waste,Total,151
2007,5D Wastewater treatment and discharge,Total,263
2007,Indirect CO2 emission,Total,87
2008,Emissions without LULUCF,Total,71484
2008,Emissions with LULUCF,Total,39564
2008,1 Energy,Total,54330
2008,1A1 Energy industries,Total,24367
2008,1A2 Manufacturing industries and construction,Total,10883
2008,1A2(-1A2gvii) Manufacturing industries and construction excl. off-road vehicles and other machinery,Total,9668
2008,1A2gvii Off-road vehicles and other machinery production,Total,1215
2008,1A3 Transport,Total,12745
2008,1A3a Domestic aviation,Total,260
2008,1A3b Road transportation,Total,11901
2008,1A3bi Cars,Total,-
2008,1A3bii Light duty trucks,Total,-
2008,1A3biii Heavyduty trucks,Total,-
2008,1A3biv Motorcycles,Total,-
2008,1A3c Railways,Total,116
2008,1A3d Domestic navigation,Total,467
2008,1A4 Other sectors,Total,4982
2008,1A4a Commercial and institutional,Total,1268
2008,"1A4ai Commercial/institutional, stationary",Total,843
2008,"1A4aii Commercial/institutional, off-road vehicles and other machinery",Total,426
2008,1A4b Residential,Total,2096
2008,"1A4bi Residential, stationary",Total,1900
2008,"1A4bii Residential, off-road vehicles and other machinery",Total,196
2008,"1A4c Agriculture, forestry anf fishing",Total,1618
2008,"1A4ci Agriculture/forestry, stationary",Total,623
2008,"1A4cii Agriculture/forestry, off-road vehicles and other machinery",Total,878
2008,1A4ciii Fishing,Total,117
2008,1A5 Other fuel use,Total,1194
2008,1B Fugitive emissions from fuels,Total,159
2008,1D International transport,Total,3092
2008,1D1a International aviation,Total,1805
2008,1D1b International navigation,Total,1287
2008,2 Industrial processes and product use,Total,7627
2008,2A Mineral industry,Total,1227
2008,2B Chemical industry,Total,2315
2008,2C Metal industry,Total,2554
2008,2D Non-energy products from fuels and solvent use,Total,127
2008,2F Product uses as substitutes for ozone-depleting substances,Total,1336
2008,2F1 Refrigeration and air conditioning,Total,1247
2008,2F1a Commercial refrigeration,Total,831
2008,2F1b Domestic refrigeration,Total,3
2008,2F1c Industrial refrigeration,Total,54
2008,2F1d Transport refrigeration,Total,14
2008,2F1e Mobile air-conditioning,Total,251
2008,2F1f Stationary air-conditioning,Total,93
2008,2F2 Foam blowing agents,Total,6
2008,2F4 Aerosols,Total,83
2008,2G Other product manufacture and use,Total,43
2008,2H Other emissions from industrial processses,Total,25
2008,3 Agriculture,Total,6499
2008,3A  Enteric fermentation,Total,2165
2008,3A1 Cattle,Total,1948
2008,3A1a Dairy cattle,Total,1095
2008,3A1b Non-dairy cattle,Total,853
2008,3A2 Sheep,Total,28
2008,3A3 Swine,Total,37
2008,3A4d Goats,Total,1
2008,3A4e Horses and ponies,Total,35
2008,3A4hii Reindeer,Total,109
2008,3A4hiv Fur-bearing animals,Total,7
2008,3B Manure management,Total,838
2008,3B1 Cattle,Total,457
2008,3B1a Dairy cattle,Total,271
2008,3B1b Non-dairy cattle,Total,186
2008,3B2 Sheep,Total,9
2008,3B3 Swine,Total,150
2008,3B4d Goats,Total,0
2008,3B4e Horses and ponies,Total,14
2008,3B4g Poultry,Total,9
2008,3B4hii Reindeer,Total,0
2008,3B4hiv Fur-bearing animals,Total,106
2008,3B5 Indirect N2O emissions from manure management,Total,91
2008,3D Agricultural soils,Total,3166
2008,3D1 Direct N2O emissions from managed soils,Total,2849
2008,3D1a Inorganic N fertilizers,Total,1085
2008,3D1b Organic N fertilizers,Total,183
2008,3D1c Urine and dung deposited by grazing animals,Total,30
2008,3D1d Crop residues,Total,207
2008,3D1e N2O emissions from nitrogen mineralization associated with loss of soil organic matter in mineral soils,Total,34
2008,3D1f Cultivation of organic soils of croplands and grasslands,Total,1311
2008,3D2 Indirect N2O emissions from managed soils,Total,317
2008,3F Field burning of agricultural residues,Total,3
2008,3G Liming,Total,325
2008,3H Urea application,Total,2
2008,"4 Land use, land-use change and forestry (LULUCF)",Total,-31920
2008,4A Forest land,Total,-42478
2008,4Ai1 Forest land: biomass (mineral soils),Total,-20886
2008,4Ai2 Forest land: biomass (organic soils),Total,-23791
2008,4Aiv Forest land: DOM + SOM (mineral soils),Total,-3928
2008,4Av Forest land: DOM + SOM (organic soils),Total,3602
2008,4(i)A Forest land: N2O emissions from N-fertilization,Total,45
2008,4(ii)A Forest land: emissions and removals from drainage and rewetting,Total,2478
2008,4(iii)A Forest land: N2O emissions from nitrogen mineralization associated with loss of soil organic matter in mineral soils,Total,1
2008,"4(iv)A Forest land: biomass burning (wildfires, prescribed and restoration burnings)",Total,2
2008,4B Cropland,Total,7280
2008,4Bi Cropland: biomass,Total,655
2008,4Biv Cropland: DOM + SOM (mineral soils),Total,466
2008,4Bv Cropland: DOM + SOM (organic soils),Total,6154
2008,4(iii)B Cropland: N2O emissions from nitrogen mineralization associated with loss of soil organic matter in mineral soils,Total,5
2008,4C Grassland,Total,906
2008,4Ci Grassland: biomass,Total,35
2008,4Civ Grassland: DOM + SOM (mineral soils),Total,-20
2008,4Cv Grassland: DOM + SOM (organic soils),Total,889
2008,4(iii)C Grassland: N2O emissions from nitrogen mineralization associated with loss of soil organic matter in mineral soils,Total,1
2008,"4(iv)C Grassland: biomass burning (wildfires, prescribed and restoration burnings)",Total,0
2008,4D Wetlands,Total,2412
2008,4Di Wetlands: biomass,Total,193
2008,4Diii Wetlands: dead wood,Total,4
2008,4Dv Wetlands: SOM,Total,1882
2008,4(ii)D Wetlands: emissions and removals from drainage and rewetting,Total,332
2008,4E Settlements,Total,1746
2008,4Ei Settlements: biomass,Total,1326
2008,4Eiii Settlements: dead wood,Total,34
2008,4Eiv-v Settlements: SOM  and litter,Total,351
2008,4(i)E Settlements: N2O emissions from N-fertilization,Total,3
2008,4(ii)E Settlements: emissions and removals from drainage and rewetting,Total,7
2008,4(iii)E Settlements: N2O emissions from nitrogen mineralization associated with loss of soil organic matter in mineral soils,Total,25
2008,4G Harvested wood products,Total,-1785
2008,5 Waste management,Total,2951
2008,5A Waste disposal,Total,2546
2008,5B Biological treatment of  waste,Total,142
2008,5D Wastewater treatment and discharge,Total,263
2008,Indirect CO2 emission,Total,78
2009,Emissions without LULUCF,Total,67783
2009,Emissions with LULUCF,Total,24757
2009,1 Energy,Total,52462
2009,1A1 Energy industries,Total,25454
2009,1A2 Manufacturing industries and construction,Total,8697
2009,1A2(-1A2gvii) Manufacturing industries and construction excl. off-road vehicles and other machinery,Total,7493
2009,1A2gvii Off-road vehicles and other machinery production,Total,1204
2009,1A3 Transport,Total,12173
2009,1A3a Domestic aviation,Total,238
2009,1A3b Road transportation,Total,11358
2009,1A3bi Cars,Total,-
2009,1A3bii Light duty trucks,Total,-
2009,1A3biii Heavyduty trucks,Total,-
2009,1A3biv Motorcycles,Total,-
2009,1A3c Railways,Total,93
2009,1A3d Domestic navigation,Total,485
2009,1A4 Other sectors,Total,4899
2009,1A4a Commercial and institutional,Total,1247
2009,"1A4ai Commercial/institutional, stationary",Total,905
2009,"1A4aii Commercial/institutional, off-road vehicles and other machinery",Total,342
2009,1A4b Residential,Total,2101
2009,"1A4bi Residential, stationary",Total,1913
2009,"1A4bii Residential, off-road vehicles and other machinery",Total,188
2009,"1A4c Agriculture, forestry anf fishing",Total,1551
2009,"1A4ci Agriculture/forestry, stationary",Total,591
2009,"1A4cii Agriculture/forestry, off-road vehicles and other machinery",Total,845
2009,1A4ciii Fishing,Total,115
2009,1A5 Other fuel use,Total,1105
2009,1B Fugitive emissions from fuels,Total,134
2009,1D International transport,Total,2369
2009,1D1a International aviation,Total,1582
2009,1D1b International navigation,Total,788
2009,2 Industrial processes and product use,Total,6065
2009,2A Mineral industry,Total,910
2009,2B Chemical industry,Total,1662
2009,2C Metal industry,Total,1969
2009,2D Non-energy products from fuels and solvent use,Total,131
2009,2F Product uses as substitutes for ozone-depleting substances,Total,1338
2009,2F1 Refrigeration and air conditioning,Total,1246
2009,2F1a Commercial refrigeration,Total,822
2009,2F1b Domestic refrigeration,Total,3
2009,2F1c Industrial refrigeration,Total,53
2009,2F1d Transport refrigeration,Total,15
2009,2F1e Mobile air-conditioning,Total,251
2009,2F1f Stationary air-conditioning,Total,101
2009,2F2 Foam blowing agents,Total,6
2009,2F4 Aerosols,Total,86
2009,2G Other product manufacture and use,Total,36
2009,2H Other emissions from industrial processses,Total,20
2009,3 Agriculture,Total,6350
2009,3A  Enteric fermentation,Total,2176
2009,3A1 Cattle,Total,1961
2009,3A1a Dairy cattle,Total,1103
2009,3A1b Non-dairy cattle,Total,858
2009,3A2 Sheep,Total,27
2009,3A3 Swine,Total,36
2009,3A4d Goats,Total,1
2009,3A4e Horses and ponies,Total,36
2009,3A4hii Reindeer,Total,107
2009,3A4hiv Fur-bearing animals,Total,7
2009,3B Manure management,Total,857
2009,3B1 Cattle,Total,479
2009,3B1a Dairy cattle,Total,286
2009,3B1b Non-dairy cattle,Total,193
2009,3B2 Sheep,Total,9
2009,3B3 Swine,Total,156
2009,3B4d Goats,Total,0
2009,3B4e Horses and ponies,Total,15
2009,3B4g Poultry,Total,8
2009,3B4hii Reindeer,Total,0
2009,3B4hiv Fur-bearing animals,Total,99
2009,3B5 Indirect N2O emissions from manure management,Total,90
2009,3D Agricultural soils,Total,2974
2009,3D1 Direct N2O emissions from managed soils,Total,2680
2009,3D1a Inorganic N fertilizers,Total,906
2009,3D1b Organic N fertilizers,Total,183
2009,3D1c Urine and dung deposited by grazing animals,Total,29
2009,3D1d Crop residues,Total,214
2009,3D1e N2O emissions from nitrogen mineralization associated with loss of soil organic matter in mineral soils,Total,25
2009,3D1f Cultivation of organic soils of croplands and grasslands,Total,1322
2009,3D2 Indirect N2O emissions from managed soils,Total,294
2009,3F Field burning of agricultural residues,Total,3
2009,3G Liming,Total,338
2009,3H Urea application,Total,1
2009,"4 Land use, land-use change and forestry (LULUCF)",Total,-43027
2009,4A Forest land,Total,-57188
2009,4Ai1 Forest land: biomass (mineral soils),Total,-34341
2009,4Ai2 Forest land: biomass (organic soils),Total,-26205
2009,4Aiv Forest land: DOM + SOM (mineral soils),Total,-3753
2009,4Av Forest land: DOM + SOM (organic soils),Total,4677
2009,4(i)A Forest land: N2O emissions from N-fertilization,Total,32
2009,4(ii)A Forest land: emissions and removals from drainage and rewetting,Total,2399
2009,4(iii)A Forest land: N2O emissions from nitrogen mineralization associated with loss of soil organic matter in mineral soils,Total,1
2009,"4(iv)A Forest land: biomass burning (wildfires, prescribed and restoration burnings)",Total,2
2009,4B Cropland,Total,7412
2009,4Bi Cropland: biomass,Total,829
2009,4Biv Cropland: DOM + SOM (mineral soils),Total,361
2009,4Bv Cropland: DOM + SOM (organic soils),Total,6217
2009,4(iii)B Cropland: N2O emissions from nitrogen mineralization associated with loss of soil organic matter in mineral soils,Total,5
2009,4C Grassland,Total,856
2009,4Ci Grassland: biomass,Total,-15
2009,4Civ Grassland: DOM + SOM (mineral soils),Total,-19
2009,4Cv Grassland: DOM + SOM (organic soils),Total,889
2009,4(iii)C Grassland: N2O emissions from nitrogen mineralization associated with loss of soil organic matter in mineral soils,Total,1
2009,"4(iv)C Grassland: biomass burning (wildfires, prescribed and restoration burnings)",Total,0
2009,4D Wetlands,Total,2541
2009,4Di Wetlands: biomass,Total,229
2009,4Diii Wetlands: dead wood,Total,4
2009,4Dv Wetlands: SOM,Total,1972
2009,4(ii)D Wetlands: emissions and removals from drainage and rewetting,Total,335
2009,4E Settlements,Total,1708
2009,4Ei Settlements: biomass,Total,1286
2009,4Eiii Settlements: dead wood,Total,30
2009,4Eiv-v Settlements: SOM  and litter,Total,356
2009,4(i)E Settlements: N2O emissions from N-fertilization,Total,3
2009,4(ii)E Settlements: emissions and removals from drainage and rewetting,Total,7
2009,4(iii)E Settlements: N2O emissions from nitrogen mineralization associated with loss of soil organic matter in mineral soils,Total,26
2009,4G Harvested wood products,Total,1646
2009,5 Waste management,Total,2837
2009,5A Waste disposal,Total,2442
2009,5B Biological treatment of  waste,Total,143
2009,5D Wastewater treatment and discharge,Total,252
2009,Indirect CO2 emission,Total,69
2010,Emissions without LULUCF,Total,75791
2010,Emissions with LULUCF,Total,44667
2010,1 Energy,Total,60073
2010,1A1 Energy industries,Total,30824
2010,1A2 Manufacturing industries and construction,Total,9999
2010,1A2(-1A2gvii) Manufacturing industries and construction excl. off-road vehicles and other machinery,Total,8837
2010,1A2gvii Off-road vehicles and other machinery production,Total,1162
2010,1A3 Transport,Total,12668
2010,1A3a Domestic aviation,Total,229
2010,1A3b Road transportation,Total,11806
2010,1A3bi Cars,Total,-
2010,1A3bii Light duty trucks,Total,-
2010,1A3biii Heavyduty trucks,Total,-
2010,1A3biv Motorcycles,Total,-
2010,1A3c Railways,Total,96
2010,1A3d Domestic navigation,Total,537
2010,1A4 Other sectors,Total,5227
2010,1A4a Commercial and institutional,Total,1358
2010,"1A4ai Commercial/institutional, stationary",Total,990
2010,"1A4aii Commercial/institutional, off-road vehicles and other machinery",Total,368
2010,1A4b Residential,Total,2278
2010,"1A4bi Residential, stationary",Total,2085
2010,"1A4bii Residential, off-road vehicles and other machinery",Total,193
2010,"1A4c Agriculture, forestry anf fishing",Total,1591
2010,"1A4ci Agriculture/forestry, stationary",Total,638
2010,"1A4cii Agriculture/forestry, off-road vehicles and other machinery",Total,842
2010,1A4ciii Fishing,Total,112
2010,1A5 Other fuel use,Total,1207
2010,1B Fugitive emissions from fuels,Total,147
2010,1D International transport,Total,2327
2010,1D1a International aviation,Total,1666
2010,1D1b International navigation,Total,661
2010,2 Industrial processes and product use,Total,6232
2010,2A Mineral industry,Total,1168
2010,2B Chemical industry,Total,1136
2010,2C Metal industry,Total,2439
2010,2D Non-energy products from fuels and solvent use,Total,115
2010,2F Product uses as substitutes for ozone-depleting substances,Total,1319
2010,2F1 Refrigeration and air conditioning,Total,1236
2010,2F1a Commercial refrigeration,Total,812
2010,2F1b Domestic refrigeration,Total,3
2010,2F1c Industrial refrigeration,Total,51
2010,2F1d Transport refrigeration,Total,15
2010,2F1e Mobile air-conditioning,Total,249
2010,2F1f Stationary air-conditioning,Total,105
2010,2F2 Foam blowing agents,Total,12
2010,2F4 Aerosols,Total,70
2010,2G Other product manufacture and use,Total,39
2010,2H Other emissions from industrial processses,Total,16
2010,3 Agriculture,Total,6582
2010,3A  Enteric fermentation,Total,2216
2010,3A1 Cattle,Total,1999
2010,3A1a Dairy cattle,Total,1115
2010,3A1b Non-dairy cattle,Total,884
2010,3A2 Sheep,Total,29
2010,3A3 Swine,Total,35
2010,3A4d Goats,Total,1
2010,3A4e Horses and ponies,Total,37
2010,3A4hii Reindeer,Total,108
2010,3A4hiv Fur-bearing animals,Total,7
2010,3B Manure management,Total,938
2010,3B1 Cattle,Total,535
2010,3B1a Dairy cattle,Total,324
2010,3B1b Non-dairy cattle,Total,211
2010,3B2 Sheep,Total,9
2010,3B3 Swine,Total,177
2010,3B4d Goats,Total,0
2010,3B4e Horses and ponies,Total,17
2010,3B4g Poultry,Total,9
2010,3B4hii Reindeer,Total,0
2010,3B4hiv Fur-bearing animals,Total,100
2010,3B5 Indirect N2O emissions from manure management,Total,91
2010,3D Agricultural soils,Total,3147
2010,3D1 Direct N2O emissions from managed soils,Total,2833
2010,3D1a Inorganic N fertilizers,Total,1043
2010,3D1b Organic N fertilizers,Total,184
2010,3D1c Urine and dung deposited by grazing animals,Total,29
2010,3D1d Crop residues,Total,207
2010,3D1e N2O emissions from nitrogen mineralization associated with loss of soil organic matter in mineral soils,Total,51
2010,3D1f Cultivation of organic soils of croplands and grasslands,Total,1318
2010,3D2 Indirect N2O emissions from managed soils,Total,313
2010,3F Field burning of agricultural residues,Total,2
2010,3G Liming,Total,277
2010,3H Urea application,Total,2
2010,"4 Land use, land-use change and forestry (LULUCF)",Total,-31125
2010,4A Forest land,Total,-41953
2010,4Ai1 Forest land: biomass (mineral soils),Total,-22032
2010,4Ai2 Forest land: biomass (organic soils),Total,-23065
2010,4Aiv Forest land: DOM + SOM (mineral soils),Total,-2835
2010,4Av Forest land: DOM + SOM (organic soils),Total,3626
2010,4(i)A Forest land: N2O emissions from N-fertilization,Total,29
2010,4(ii)A Forest land: emissions and removals from drainage and rewetting,Total,2321
2010,4(iii)A Forest land: N2O emissions from nitrogen mineralization associated with loss of soil organic matter in mineral soils,Total,1
2010,"4(iv)A Forest land: biomass burning (wildfires, prescribed and restoration burnings)",Total,1
2010,4B Cropland,Total,7873
2010,4Bi Cropland: biomass,Total,935
2010,4Biv Cropland: DOM + SOM (mineral soils),Total,715
2010,4Bv Cropland: DOM + SOM (organic soils),Total,6217
2010,4(iii)B Cropland: N2O emissions from nitrogen mineralization associated with loss of soil organic matter in mineral soils,Total,5
2010,4C Grassland,Total,820
2010,4Ci Grassland: biomass,Total,-47
2010,4Civ Grassland: DOM + SOM (mineral soils),Total,-20
2010,4Cv Grassland: DOM + SOM (organic soils),Total,885
2010,4(iii)C Grassland: N2O emissions from nitrogen mineralization associated with loss of soil organic matter in mineral soils,Total,1
2010,"4(iv)C Grassland: biomass burning (wildfires, prescribed and restoration burnings)",Total,0
2010,4D Wetlands,Total,2526
2010,4Di Wetlands: biomass,Total,212
2010,4Diii Wetlands: dead wood,Total,3
2010,4Dv Wetlands: SOM,Total,1973
2010,4(ii)D Wetlands: emissions and removals from drainage and rewetting,Total,338
2010,4E Settlements,Total,1805
2010,4Ei Settlements: biomass,Total,1375
2010,4Eiii Settlements: dead wood,Total,30
2010,4Eiv-v Settlements: SOM  and litter,Total,363
2010,4(i)E Settlements: N2O emissions from N-fertilization,Total,3
2010,4(ii)E Settlements: emissions and removals from drainage and rewetting,Total,6
2010,4(iii)E Settlements: N2O emissions from nitrogen mineralization associated with loss of soil organic matter in mineral soils,Total,27
2010,4G Harvested wood products,Total,-2195
2010,5 Waste management,Total,2837
2010,5A Waste disposal,Total,2429
2010,5B Biological treatment of  waste,Total,148
2010,5D Wastewater treatment and discharge,Total,260
2010,Indirect CO2 emission,Total,67
2011,Emissions without LULUCF,Total,68027
2011,Emissions with LULUCF,Total,37543
2011,1 Energy,Total,52593
2011,1A1 Energy industries,Total,24780
2011,1A2 Manufacturing industries and construction,Total,9599
2011,1A2(-1A2gvii) Manufacturing industries and construction excl. off-road vehicles and other machinery,Total,8536
2011,1A2gvii Off-road vehicles and other machinery production,Total,1062
2011,1A3 Transport,Total,12490
2011,1A3a Domestic aviation,Total,256
2011,1A3b Road transportation,Total,11624
2011,1A3bi Cars,Total,-
2011,1A3bii Light duty trucks,Total,-
2011,1A3biii Heavyduty trucks,Total,-
2011,1A3biv Motorcycles,Total,-
2011,1A3c Railways,Total,99
2011,1A3d Domestic navigation,Total,511
2011,1A4 Other sectors,Total,4555
2011,1A4a Commercial and institutional,Total,1244
2011,"1A4ai Commercial/institutional, stationary",Total,873
2011,"1A4aii Commercial/institutional, off-road vehicles and other machinery",Total,371
2011,1A4b Residential,Total,1794
2011,"1A4bi Residential, stationary",Total,1595
2011,"1A4bii Residential, off-road vehicles and other machinery",Total,199
2011,"1A4c Agriculture, forestry anf fishing",Total,1517
2011,"1A4ci Agriculture/forestry, stationary",Total,581
2011,"1A4cii Agriculture/forestry, off-road vehicles and other machinery",Total,826
2011,1A4ciii Fishing,Total,109
2011,1A5 Other fuel use,Total,1036
2011,1B Fugitive emissions from fuels,Total,132
2011,1D International transport,Total,2587
2011,1D1a International aviation,Total,1971
2011,1D1b International navigation,Total,615
2011,2 Industrial processes and product use,Total,6214
2011,2A Mineral industry,Total,1257
2011,2B Chemical industry,Total,1104
2011,2C Metal industry,Total,2383
2011,2D Non-energy products from fuels and solvent use,Total,113
2011,2F Product uses as substitutes for ozone-depleting substances,Total,1301
2011,2F1 Refrigeration and air conditioning,Total,1240
2011,2F1a Commercial refrigeration,Total,809
2011,2F1b Domestic refrigeration,Total,3
2011,2F1c Industrial refrigeration,Total,55
2011,2F1d Transport refrigeration,Total,15
2011,2F1e Mobile air-conditioning,Total,249
2011,2F1f Stationary air-conditioning,Total,108
2011,2F2 Foam blowing agents,Total,15
2011,2F4 Aerosols,Total,46
2011,2G Other product manufacture and use,Total,38
2011,2H Other emissions from industrial processses,Total,17
2011,3 Agriculture,Total,6416
2011,3A  Enteric fermentation,Total,2194
2011,3A1 Cattle,Total,1975
2011,3A1a Dairy cattle,Total,1100
2011,3A1b Non-dairy cattle,Total,874
2011,3A2 Sheep,Total,30
2011,3A3 Swine,Total,34
2011,3A4d Goats,Total,1
2011,3A4e Horses and ponies,Total,38
2011,3A4hii Reindeer,Total,109
2011,3A4hiv Fur-bearing animals,Total,7
2011,3B Manure management,Total,939
2011,3B1 Cattle,Total,536
2011,3B1a Dairy cattle,Total,325
2011,3B1b Non-dairy cattle,Total,210
2011,3B2 Sheep,Total,8
2011,3B3 Swine,Total,174
2011,3B4d Goats,Total,0
2011,3B4e Horses and ponies,Total,18
2011,3B4g Poultry,Total,9
2011,3B4hii Reindeer,Total,0
2011,3B4hiv Fur-bearing animals,Total,101
2011,3B5 Indirect N2O emissions from manure management,Total,92
2011,3D Agricultural soils,Total,3078
2011,3D1 Direct N2O emissions from managed soils,Total,2774
2011,3D1a Inorganic N fertilizers,Total,974
2011,3D1b Organic N fertilizers,Total,184
2011,3D1c Urine and dung deposited by grazing animals,Total,29
2011,3D1d Crop residues,Total,215
2011,3D1e N2O emissions from nitrogen mineralization associated with loss of soil organic matter in mineral soils,Total,43
2011,3D1f Cultivation of organic soils of croplands and grasslands,Total,1330
2011,3D2 Indirect N2O emissions from managed soils,Total,304
2011,3F Field burning of agricultural residues,Total,2
2011,3G Liming,Total,200
2011,3H Urea application,Total,3
2011,"4 Land use, land-use change and forestry (LULUCF)",Total,-30484
2011,4A Forest land,Total,-41251
2011,4Ai1 Forest land: biomass (mineral soils),Total,-22405
2011,4Ai2 Forest land: biomass (organic soils),Total,-22070
2011,4Aiv Forest land: DOM + SOM (mineral soils),Total,-3269
2011,4Av Forest land: DOM + SOM (organic soils),Total,4219
2011,4(i)A Forest land: N2O emissions from N-fertilization,Total,27
2011,4(ii)A Forest land: emissions and removals from drainage and rewetting,Total,2245
2011,4(iii)A Forest land: N2O emissions from nitrogen mineralization associated with loss of soil organic matter in mineral soils,Total,1
2011,"4(iv)A Forest land: biomass burning (wildfires, prescribed and restoration burnings)",Total,2
2011,4B Cropland,Total,7832
2011,4Bi Cropland: biomass,Total,925
2011,4Biv Cropland: DOM + SOM (mineral soils),Total,619
2011,4Bv Cropland: DOM + SOM (organic soils),Total,6283
2011,4(iii)B Cropland: N2O emissions from nitrogen mineralization associated with loss of soil organic matter in mineral soils,Total,5
2011,4C Grassland,Total,775
2011,4Ci Grassland: biomass,Total,-87
2011,4Civ Grassland: DOM + SOM (mineral soils),Total,-21
2011,4Cv Grassland: DOM + SOM (organic soils),Total,881
2011,4(iii)C Grassland: N2O emissions from nitrogen mineralization associated with loss of soil organic matter in mineral soils,Total,1
2011,"4(iv)C Grassland: biomass burning (wildfires, prescribed and restoration burnings)",Total,0
2011,4D Wetlands,Total,2457
2011,4Di Wetlands: biomass,Total,207
2011,4Diii Wetlands: dead wood,Total,3
2011,4Dv Wetlands: SOM,Total,1907
2011,4(ii)D Wetlands: emissions and removals from drainage and rewetting,Total,340
2011,4E Settlements,Total,1874
2011,4Ei Settlements: biomass,Total,1441
2011,4Eiii Settlements: dead wood,Total,30
2011,4Eiv-v Settlements: SOM  and litter,Total,368
2011,4(i)E Settlements: N2O emissions from N-fertilization,Total,3
2011,4(ii)E Settlements: emissions and removals from drainage and rewetting,Total,5
2011,4(iii)E Settlements: N2O emissions from nitrogen mineralization associated with loss of soil organic matter in mineral soils,Total,28
2011,4G Harvested wood products,Total,-2171
2011,5 Waste management,Total,2738
2011,5A Waste disposal,Total,2324
2011,5B Biological treatment of  waste,Total,150
2011,5D Wastewater treatment and discharge,Total,264
2011,Indirect CO2 emission,Total,66
2012,Emissions without LULUCF,Total,62404
2012,Emissions with LULUCF,Total,30220
2012,1 Energy,Total,47324
2012,1A1 Energy industries,Total,20711
2012,1A2 Manufacturing industries and construction,Total,8380
2012,1A2(-1A2gvii) Manufacturing industries and construction excl. off-road vehicles and other machinery,Total,7231
2012,1A2gvii Off-road vehicles and other machinery production,Total,1150
2012,1A3 Transport,Total,12183
2012,1A3a Domestic aviation,Total,213
2012,1A3b Road transportation,Total,11385
2012,1A3bi Cars,Total,-
2012,1A3bii Light duty trucks,Total,-
2012,1A3biii Heavyduty trucks,Total,-
2012,1A3biv Motorcycles,Total,-
2012,1A3c Railways,Total,99
2012,1A3d Domestic navigation,Total,486
2012,1A4 Other sectors,Total,4844
2012,1A4a Commercial and institutional,Total,1340
2012,"1A4ai Commercial/institutional, stationary",Total,959
2012,"1A4aii Commercial/institutional, off-road vehicles and other machinery",Total,381
2012,1A4b Residential,Total,1914
2012,"1A4bi Residential, stationary",Total,1706
2012,"1A4bii Residential, off-road vehicles and other machinery",Total,208
2012,"1A4c Agriculture, forestry anf fishing",Total,1590
2012,"1A4ci Agriculture/forestry, stationary",Total,596
2012,"1A4cii Agriculture/forestry, off-road vehicles and other machinery",Total,882
2012,1A4ciii Fishing,Total,112
2012,1A5 Other fuel use,Total,1058
2012,1B Fugitive emissions from fuels,Total,148
2012,1D International transport,Total,2254
2012,1D1a International aviation,Total,1903
2012,1D1b International navigation,Total,351
2012,2 Industrial processes and product use,Total,6021
2012,2A Mineral industry,Total,1121
2012,2B Chemical industry,Total,1128
2012,2C Metal industry,Total,2291
2012,2D Non-energy products from fuels and solvent use,Total,117
2012,2F Product uses as substitutes for ozone-depleting substances,Total,1309
2012,2F1 Refrigeration and air conditioning,Total,1236
2012,2F1a Commercial refrigeration,Total,807
2012,2F1b Domestic refrigeration,Total,3
2012,2F1c Industrial refrigeration,Total,58
2012,2F1d Transport refrigeration,Total,16
2012,2F1e Mobile air-conditioning,Total,243
2012,2F1f Stationary air-conditioning,Total,109
2012,2F2 Foam blowing agents,Total,17
2012,2F4 Aerosols,Total,57
2012,2G Other product manufacture and use,Total,37
2012,2H Other emissions from industrial processses,Total,17
2012,3 Agriculture,Total,6323
2012,3A  Enteric fermentation,Total,2186
2012,3A1 Cattle,Total,1969
2012,3A1a Dairy cattle,Total,1101
2012,3A1b Non-dairy cattle,Total,868
2012,3A2 Sheep,Total,30
2012,3A3 Swine,Total,34
2012,3A4d Goats,Total,1
2012,3A4e Horses and ponies,Total,38
2012,3A4hii Reindeer,Total,107
2012,3A4hiv Fur-bearing animals,Total,8
2012,3B Manure management,Total,883
2012,3B1 Cattle,Total,492
2012,3B1a Dairy cattle,Total,293
2012,3B1b Non-dairy cattle,Total,199
2012,3B2 Sheep,Total,8
2012,3B3 Swine,Total,149
2012,3B4d Goats,Total,0
2012,3B4e Horses and ponies,Total,18
2012,3B4g Poultry,Total,10
2012,3B4hii Reindeer,Total,0
2012,3B4hiv Fur-bearing animals,Total,113
2012,3B5 Indirect N2O emissions from manure management,Total,93
2012,3D Agricultural soils,Total,3048
2012,3D1 Direct N2O emissions from managed soils,Total,2751
2012,3D1a Inorganic N fertilizers,Total,925
2012,3D1b Organic N fertilizers,Total,184
2012,3D1c Urine and dung deposited by grazing animals,Total,28
2012,3D1d Crop residues,Total,210
2012,3D1e N2O emissions from nitrogen mineralization associated with loss of soil organic matter in mineral soils,Total,58
2012,3D1f Cultivation of organic soils of croplands and grasslands,Total,1345
2012,3D2 Indirect N2O emissions from managed soils,Total,297
2012,3F Field burning of agricultural residues,Total,2
2012,3G Liming,Total,202
2012,3H Urea application,Total,2
2012,"4 Land use, land-use change and forestry (LULUCF)",Total,-32184
2012,4A Forest land,Total,-43490
2012,4Ai1 Forest land: biomass (mineral soils),Total,-24239
2012,4Ai2 Forest land: biomass (organic soils),Total,-21633
2012,4Aiv Forest land: DOM + SOM (mineral soils),Total,-4579
2012,4Av Forest land: DOM + SOM (organic soils),Total,4750
2012,4(i)A Forest land: N2O emissions from N-fertilization,Total,19
2012,4(ii)A Forest land: emissions and removals from drainage and rewetting,Total,2191
2012,4(iii)A Forest land: N2O emissions from nitrogen mineralization associated with loss of soil organic matter in mineral soils,Total,1
2012,"4(iv)A Forest land: biomass burning (wildfires, prescribed and restoration burnings)",Total,1
2012,4B Cropland,Total,8143
2012,4Bi Cropland: biomass,Total,972
2012,4Biv Cropland: DOM + SOM (mineral soils),Total,799
2012,4Bv Cropland: DOM + SOM (organic soils),Total,6367
2012,4(iii)B Cropland: N2O emissions from nitrogen mineralization associated with loss of soil organic matter in mineral soils,Total,6
2012,4C Grassland,Total,776
2012,4Ci Grassland: biomass,Total,-86
2012,4Civ Grassland: DOM + SOM (mineral soils),Total,-22
2012,4Cv Grassland: DOM + SOM (organic soils),Total,883
2012,4(iii)C Grassland: N2O emissions from nitrogen mineralization associated with loss of soil organic matter in mineral soils,Total,1
2012,"4(iv)C Grassland: biomass burning (wildfires, prescribed and restoration burnings)",Total,0
2012,4D Wetlands,Total,2311
2012,4Di Wetlands: biomass,Total,156
2012,4Diii Wetlands: dead wood,Total,2
2012,4Dv Wetlands: SOM,Total,1810
2012,4(ii)D Wetlands: emissions and removals from drainage and rewetting,Total,341
2012,4E Settlements,Total,1751
2012,4Ei Settlements: biomass,Total,1311
2012,4Eiii Settlements: dead wood,Total,28
2012,4Eiv-v Settlements: SOM  and litter,Total,375
2012,4(i)E Settlements: N2O emissions from N-fertilization,Total,3
2012,4(ii)E Settlements: emissions and removals from drainage and rewetting,Total,5
2012,4(iii)E Settlements: N2O emissions from nitrogen mineralization associated with loss of soil organic matter in mineral soils,Total,28
2012,4G Harvested wood products,Total,-1675
2012,5 Waste management,Total,2675
2012,5A Waste disposal,Total,2278
2012,5B Biological treatment of  waste,Total,131
2012,5D Wastewater treatment and discharge,Total,265
2012,Indirect CO2 emission,Total,61
2013,Emissions without LULUCF,Total,62928
2013,Emissions with LULUCF,Total,37782
2013,1 Energy,Total,47950
2013,1A1 Energy industries,Total,22040
2013,1A2 Manufacturing industries and construction,Total,8353
2013,1A2(-1A2gvii) Manufacturing industries and construction excl. off-road vehicles and other machinery,Total,7237
2013,1A2gvii Off-road vehicles and other machinery production,Total,1116
2013,1A3 Transport,Total,11962
2013,1A3a Domestic aviation,Total,182
2013,1A3b Road transportation,Total,11209
2013,1A3bi Cars,Total,-
2013,1A3bii Light duty trucks,Total,-
2013,1A3biii Heavyduty trucks,Total,-
2013,1A3biv Motorcycles,Total,-
2013,1A3c Railways,Total,92
2013,1A3d Domestic navigation,Total,478
2013,1A4 Other sectors,Total,4450
2013,1A4a Commercial and institutional,Total,1237
2013,"1A4ai Commercial/institutional, stationary",Total,864
2013,"1A4aii Commercial/institutional, off-road vehicles and other machinery",Total,374
2013,1A4b Residential,Total,1696
2013,"1A4bi Residential, stationary",Total,1487
2013,"1A4bii Residential, off-road vehicles and other machinery",Total,209
2013,"1A4c Agriculture, forestry anf fishing",Total,1517
2013,"1A4ci Agriculture/forestry, stationary",Total,523
2013,"1A4cii Agriculture/forestry, off-road vehicles and other machinery",Total,876
2013,1A4ciii Fishing,Total,118
2013,1A5 Other fuel use,Total,1021
2013,1B Fugitive emissions from fuels,Total,124
2013,1D International transport,Total,2335
2013,1D1a International aviation,Total,1964
2013,1D1b International navigation,Total,372
2013,2 Industrial processes and product use,Total,5865
2013,2A Mineral industry,Total,1062
2013,2B Chemical industry,Total,1230
2013,2C Metal industry,Total,2095
2013,2D Non-energy products from fuels and solvent use,Total,127
2013,2F Product uses as substitutes for ozone-depleting substances,Total,1290
2013,2F1 Refrigeration and air conditioning,Total,1210
2013,2F1a Commercial refrigeration,Total,801
2013,2F1b Domestic refrigeration,Total,2
2013,2F1c Industrial refrigeration,Total,59
2013,2F1d Transport refrigeration,Total,15
2013,2F1e Mobile air-conditioning,Total,227
2013,2F1f Stationary air-conditioning,Total,105
2013,2F2 Foam blowing agents,Total,10
2013,2F4 Aerosols,Total,70
2013,2G Other product manufacture and use,Total,35
2013,2H Other emissions from industrial processses,Total,27
2013,3 Agriculture,Total,6517
2013,3A  Enteric fermentation,Total,2209
2013,3A1 Cattle,Total,1991
2013,3A1a Dairy cattle,Total,1120
2013,3A1b Non-dairy cattle,Total,870
2013,3A2 Sheep,Total,31
2013,3A3 Swine,Total,33
2013,3A4d Goats,Total,1
2013,3A4e Horses and ponies,Total,38
2013,3A4hii Reindeer,Total,107
2013,3A4hiv Fur-bearing animals,Total,8
2013,3B Manure management,Total,934
2013,3B1 Cattle,Total,527
2013,3B1a Dairy cattle,Total,321
2013,3B1b Non-dairy cattle,Total,206
2013,3B2 Sheep,Total,9
2013,3B3 Swine,Total,156
2013,3B4d Goats,Total,0
2013,3B4e Horses and ponies,Total,18
2013,3B4g Poultry,Total,11
2013,3B4hii Reindeer,Total,0
2013,3B4hiv Fur-bearing animals,Total,118
2013,3B5 Indirect N2O emissions from manure management,Total,94
2013,3D Agricultural soils,Total,3056
2013,3D1 Direct N2O emissions from managed soils,Total,2759
2013,3D1a Inorganic N fertilizers,Total,920
2013,3D1b Organic N fertilizers,Total,189
2013,3D1c Urine and dung deposited by grazing animals,Total,28
2013,3D1d Crop residues,Total,214
2013,3D1e N2O emissions from nitrogen mineralization associated with loss of soil organic matter in mineral soils,Total,49
2013,3D1f Cultivation of organic soils of croplands and grasslands,Total,1358
2013,3D2 Indirect N2O emissions from managed soils,Total,297
2013,3F Field burning of agricultural residues,Total,3
2013,3G Liming,Total,314
2013,3H Urea application,Total,1
2013,"4 Land use, land-use change and forestry (LULUCF)",Total,-25145
2013,4A Forest land,Total,-35818
2013,4Ai1 Forest land: biomass (mineral soils),Total,-18550
2013,4Ai2 Forest land: biomass (organic soils),Total,-19431
2013,4Aiv Forest land: DOM + SOM (mineral soils),Total,-4494
2013,4Av Forest land: DOM + SOM (organic soils),Total,4495
2013,4(i)A Forest land: N2O emissions from N-fertilization,Total,22
2013,4(ii)A Forest land: emissions and removals from drainage and rewetting,Total,2139
2013,4(iii)A Forest land: N2O emissions from nitrogen mineralization associated with loss of soil organic matter in mineral soils,Total,1
2013,"4(iv)A Forest land: biomass burning (wildfires, prescribed and restoration burnings)",Total,1
2013,4B Cropland,Total,8067
2013,4Bi Cropland: biomass,Total,925
2013,4Biv Cropland: DOM + SOM (mineral soils),Total,698
2013,4Bv Cropland: DOM + SOM (organic soils),Total,6438
2013,4(iii)B Cropland: N2O emissions from nitrogen mineralization associated with loss of soil organic matter in mineral soils,Total,6
2013,4C Grassland,Total,780
2013,4Ci Grassland: biomass,Total,-80
2013,4Civ Grassland: DOM + SOM (mineral soils),Total,-22
2013,4Cv Grassland: DOM + SOM (organic soils),Total,881
2013,4(iii)C Grassland: N2O emissions from nitrogen mineralization associated with loss of soil organic matter in mineral soils,Total,1
2013,"4(iv)C Grassland: biomass burning (wildfires, prescribed and restoration burnings)",Total,0
2013,4D Wetlands,Total,2527
2013,4Di Wetlands: biomass,Total,164
2013,4Diii Wetlands: dead wood,Total,2
2013,4Dv Wetlands: SOM,Total,2018
2013,4(ii)D Wetlands: emissions and removals from drainage and rewetting,Total,343
2013,4E Settlements,Total,1667
2013,4Ei Settlements: biomass,Total,1224
2013,4Eiii Settlements: dead wood,Total,26
2013,4Eiv-v Settlements: SOM  and litter,Total,380
2013,4(i)E Settlements: N2O emissions from N-fertilization,Total,3
2013,4(ii)E Settlements: emissions and removals from drainage and rewetting,Total,5
2013,4(iii)E Settlements: N2O emissions from nitrogen mineralization associated with loss of soil organic matter in mineral soils,Total,29
2013,4G Harvested wood products,Total,-2367
2013,5 Waste management,Total,2536
2013,5A Waste disposal,Total,2144
2013,5B Biological treatment of  waste,Total,134
2013,5D Wastewater treatment and discharge,Total,258
2013,Indirect CO2 emission,Total,59
2014,Emissions without LULUCF,Total,58758
2014,Emissions with LULUCF,Total,32659
2014,1 Energy,Total,44127
2014,1A1 Energy industries,Total,20847
2014,1A2 Manufacturing industries and construction,Total,7029
2014,1A2(-1A2gvii) Manufacturing industries and construction excl. off-road vehicles and other machinery,Total,5947
2014,1A2gvii Off-road vehicles and other machinery production,Total,1082
2014,1A3 Transport,Total,10840
2014,1A3a Domestic aviation,Total,183
2014,1A3b Road transportation,Total,10160
2014,1A3bi Cars,Total,-
2014,1A3bii Light duty trucks,Total,-
2014,1A3biii Heavyduty trucks,Total,-
2014,1A3biv Motorcycles,Total,-
2014,1A3c Railways,Total,84
2014,1A3d Domestic navigation,Total,413
2014,1A4 Other sectors,Total,4335
2014,1A4a Commercial and institutional,Total,1220
2014,"1A4ai Commercial/institutional, stationary",Total,850
2014,"1A4aii Commercial/institutional, off-road vehicles and other machinery",Total,370
2014,1A4b Residential,Total,1654
2014,"1A4bi Residential, stationary",Total,1447
2014,"1A4bii Residential, off-road vehicles and other machinery",Total,207
2014,"1A4c Agriculture, forestry anf fishing",Total,1460
2014,"1A4ci Agriculture/forestry, stationary",Total,488
2014,"1A4cii Agriculture/forestry, off-road vehicles and other machinery",Total,862
2014,1A4ciii Fishing,Total,111
2014,1A5 Other fuel use,Total,956
2014,1B Fugitive emissions from fuels,Total,121
2014,1D International transport,Total,2206
2014,1D1a International aviation,Total,1935
2014,1D1b International navigation,Total,272
2014,2 Industrial processes and product use,Total,5599
2014,2A Mineral industry,Total,1033
2014,2B Chemical industry,Total,1060
2014,2C Metal industry,Total,2070
2014,2D Non-energy products from fuels and solvent use,Total,115
2014,2F Product uses as substitutes for ozone-depleting substances,Total,1255
2014,2F1 Refrigeration and air conditioning,Total,1177
2014,2F1a Commercial refrigeration,Total,791
2014,2F1b Domestic refrigeration,Total,1
2014,2F1c Industrial refrigeration,Total,61
2014,2F1d Transport refrigeration,Total,14
2014,2F1e Mobile air-conditioning,Total,213
2014,2F1f Stationary air-conditioning,Total,97
2014,2F2 Foam blowing agents,Total,9
2014,2F4 Aerosols,Total,69
2014,2G Other product manufacture and use,Total,36
2014,2H Other emissions from industrial processses,Total,30
2014,3 Agriculture,Total,6591
2014,3A  Enteric fermentation,Total,2247
2014,3A1 Cattle,Total,2032
2014,3A1a Dairy cattle,Total,1153
2014,3A1b Non-dairy cattle,Total,879
2014,3A2 Sheep,Total,32
2014,3A3 Swine,Total,32
2014,3A4d Goats,Total,1
2014,3A4e Horses and ponies,Total,38
2014,3A4hii Reindeer,Total,104
2014,3A4hiv Fur-bearing animals,Total,9
2014,3B Manure management,Total,955
2014,3B1 Cattle,Total,542
2014,3B1a Dairy cattle,Total,332
2014,3B1b Non-dairy cattle,Total,210
2014,3B2 Sheep,Total,9
2014,3B3 Swine,Total,150
2014,3B4d Goats,Total,0
2014,3B4e Horses and ponies,Total,18
2014,3B4g Poultry,Total,11
2014,3B4hii Reindeer,Total,0
2014,3B4hiv Fur-bearing animals,Total,129
2014,3B5 Indirect N2O emissions from manure management,Total,95
2014,3D Agricultural soils,Total,3141
2014,3D1 Direct N2O emissions from managed soils,Total,2834
2014,3D1a Inorganic N fertilizers,Total,982
2014,3D1b Organic N fertilizers,Total,193
2014,3D1c Urine and dung deposited by grazing animals,Total,27
2014,3D1d Crop residues,Total,216
2014,3D1e N2O emissions from nitrogen mineralization associated with loss of soil organic matter in mineral soils,Total,48
2014,3D1f Cultivation of organic soils of croplands and grasslands,Total,1369
2014,3D2 Indirect N2O emissions from managed soils,Total,306
2014,3F Field burning of agricultural residues,Total,3
2014,3G Liming,Total,244
2014,3H Urea application,Total,2
2014,"4 Land use, land-use change and forestry (LULUCF)",Total,-26099
2014,4A Forest land,Total,-35876
2014,4Ai1 Forest land: biomass (mineral soils),Total,-19367
2014,4Ai2 Forest land: biomass (organic soils),Total,-18590
2014,4Aiv Forest land: DOM + SOM (mineral soils),Total,-4598
2014,4Av Forest land: DOM + SOM (organic soils),Total,4568
2014,4(i)A Forest land: N2O emissions from N-fertilization,Total,22
2014,4(ii)A Forest land: emissions and removals from drainage and rewetting,Total,2087
2014,4(iii)A Forest land: N2O emissions from nitrogen mineralization associated with loss of soil organic matter in mineral soils,Total,1
2014,"4(iv)A Forest land: biomass burning (wildfires, prescribed and restoration burnings)",Total,2
2014,4B Cropland,Total,7993
2014,4Bi Cropland: biomass,Total,799
2014,4Biv Cropland: DOM + SOM (mineral soils),Total,687
2014,4Bv Cropland: DOM + SOM (organic soils),Total,6501
2014,4(iii)B Cropland: N2O emissions from nitrogen mineralization associated with loss of soil organic matter in mineral soils,Total,6
2014,4C Grassland,Total,765
2014,4Ci Grassland: biomass,Total,-86
2014,4Civ Grassland: DOM + SOM (mineral soils),Total,-24
2014,4Cv Grassland: DOM + SOM (organic soils),Total,874
2014,4(iii)C Grassland: N2O emissions from nitrogen mineralization associated with loss of soil organic matter in mineral soils,Total,1
2014,"4(iv)C Grassland: biomass burning (wildfires, prescribed and restoration burnings)",Total,0
2014,4D Wetlands,Total,2403
2014,4Di Wetlands: biomass,Total,119
2014,4Diii Wetlands: dead wood,Total,2
2014,4Dv Wetlands: SOM,Total,1938
2014,4(ii)D Wetlands: emissions and removals from drainage and rewetting,Total,344
2014,4E Settlements,Total,1643
2014,4Ei Settlements: biomass,Total,1196
2014,4Eiii Settlements: dead wood,Total,24
2014,4Eiv-v Settlements: SOM  and litter,Total,384
2014,4(i)E Settlements: N2O emissions from N-fertilization,Total,3
2014,4(ii)E Settlements: emissions and removals from drainage and rewetting,Total,5
2014,4(iii)E Settlements: N2O emissions from nitrogen mineralization associated with loss of soil organic matter in mineral soils,Total,29
2014,4G Harvested wood products,Total,-3027
2014,5 Waste management,Total,2386
2014,5A Waste disposal,Total,1997
2014,5B Biological treatment of  waste,Total,133
2014,5D Wastewater treatment and discharge,Total,256
2014,Indirect CO2 emission,Total,55
2015,Emissions without LULUCF,Total,55174
2015,Emissions with LULUCF,Total,34159
2015,1 Energy,Total,40548
2015,1A1 Energy industries,Total,17663
2015,1A2 Manufacturing industries and construction,Total,6721
2015,1A2(-1A2gvii) Manufacturing industries and construction excl. off-road vehicles and other machinery,Total,5696
2015,1A2gvii Off-road vehicles and other machinery production,Total,1025
2015,1A3 Transport,Total,10850
2015,1A3a Domestic aviation,Total,180
2015,1A3b Road transportation,Total,10175
2015,1A3bi Cars,Total,-
2015,1A3bii Light duty trucks,Total,-
2015,1A3biii Heavyduty trucks,Total,-
2015,1A3biv Motorcycles,Total,-
2015,1A3c Railways,Total,68
2015,1A3d Domestic navigation,Total,426
2015,1A4 Other sectors,Total,4211
2015,1A4a Commercial and institutional,Total,1143
2015,"1A4ai Commercial/institutional, stationary",Total,781
2015,"1A4aii Commercial/institutional, off-road vehicles and other machinery",Total,362
2015,1A4b Residential,Total,1504
2015,"1A4bi Residential, stationary",Total,1303
2015,"1A4bii Residential, off-road vehicles and other machinery",Total,201
2015,"1A4c Agriculture, forestry anf fishing",Total,1563
2015,"1A4ci Agriculture/forestry, stationary",Total,498
2015,"1A4cii Agriculture/forestry, off-road vehicles and other machinery",Total,960
2015,1A4ciii Fishing,Total,105
2015,1A5 Other fuel use,Total,954
2015,1B Fugitive emissions from fuels,Total,151
2015,1D International transport,Total,2904
2015,1D1a International aviation,Total,1978
2015,1D1b International navigation,Total,926
2015,2 Industrial processes and product use,Total,5763
2015,2A Mineral industry,Total,967
2015,2B Chemical industry,Total,1268
2015,2C Metal industry,Total,2150
2015,2D Non-energy products from fuels and solvent use,Total,139
2015,2F Product uses as substitutes for ozone-depleting substances,Total,1188
2015,2F1 Refrigeration and air conditioning,Total,1128
2015,2F1a Commercial refrigeration,Total,773
2015,2F1b Domestic refrigeration,Total,1
2015,2F1c Industrial refrigeration,Total,64
2015,2F1d Transport refrigeration,Total,13
2015,2F1e Mobile air-conditioning,Total,189
2015,2F1f Stationary air-conditioning,Total,88
2015,2F2 Foam blowing agents,Total,5
2015,2F4 Aerosols,Total,55
2015,2G Other product manufacture and use,Total,34
2015,2H Other emissions from industrial processses,Total,17
2015,3 Agriculture,Total,6497
2015,3A  Enteric fermentation,Total,2285
2015,3A1 Cattle,Total,2063
2015,3A1a Dairy cattle,Total,1177
2015,3A1b Non-dairy cattle,Total,886
2015,3A2 Sheep,Total,36
2015,3A3 Swine,Total,32
2015,3A4d Goats,Total,1
2015,3A4e Horses and ponies,Total,37
2015,3A4hii Reindeer,Total,106
2015,3A4hiv Fur-bearing animals,Total,9
2015,3B Manure management,Total,920
2015,3B1 Cattle,Total,515
2015,3B1a Dairy cattle,Total,310
2015,3B1b Non-dairy cattle,Total,204
2015,3B2 Sheep,Total,11
2015,3B3 Swine,Total,133
2015,3B4d Goats,Total,0
2015,3B4e Horses and ponies,Total,18
2015,3B4g Poultry,Total,11
2015,3B4hii Reindeer,Total,0
2015,3B4hiv Fur-bearing animals,Total,135
2015,3B5 Indirect N2O emissions from manure management,Total,96
2015,3D Agricultural soils,Total,3123
2015,3D1 Direct N2O emissions from managed soils,Total,2828
2015,3D1a Inorganic N fertilizers,Total,956
2015,3D1b Organic N fertilizers,Total,196
2015,3D1c Urine and dung deposited by grazing animals,Total,27
2015,3D1d Crop residues,Total,247
2015,3D1e N2O emissions from nitrogen mineralization associated with loss of soil organic matter in mineral soils,Total,24
2015,3D1f Cultivation of organic soils of croplands and grasslands,Total,1378
2015,3D2 Indirect N2O emissions from managed soils,Total,295
2015,3F Field burning of agricultural residues,Total,3
2015,3G Liming,Total,165
2015,3H Urea application,Total,2
2015,"4 Land use, land-use change and forestry (LULUCF)",Total,-21015
2015,4A Forest land,Total,-30338
2015,4Ai1 Forest land: biomass (mineral soils),Total,-15360
2015,4Ai2 Forest land: biomass (organic soils),Total,-16865
2015,4Aiv Forest land: DOM + SOM (mineral soils),Total,-4764
2015,4Av Forest land: DOM + SOM (organic soils),Total,4594
2015,4(i)A Forest land: N2O emissions from N-fertilization,Total,21
2015,4(ii)A Forest land: emissions and removals from drainage and rewetting,Total,2035
2015,4(iii)A Forest land: N2O emissions from nitrogen mineralization associated with loss of soil organic matter in mineral soils,Total,2
2015,"4(iv)A Forest land: biomass burning (wildfires, prescribed and restoration burnings)",Total,1
2015,4B Cropland,Total,7662
2015,4Bi Cropland: biomass,Total,823
2015,4Biv Cropland: DOM + SOM (mineral soils),Total,271
2015,4Bv Cropland: DOM + SOM (organic soils),Total,6562
2015,4(iii)B Cropland: N2O emissions from nitrogen mineralization associated with loss of soil organic matter in mineral soils,Total,6
2015,4C Grassland,Total,776
2015,4Ci Grassland: biomass,Total,-63
2015,4Civ Grassland: DOM + SOM (mineral soils),Total,-26
2015,4Cv Grassland: DOM + SOM (organic soils),Total,864
2015,4(iii)C Grassland: N2O emissions from nitrogen mineralization associated with loss of soil organic matter in mineral soils,Total,1
2015,"4(iv)C Grassland: biomass burning (wildfires, prescribed and restoration burnings)",Total,0
2015,4D Wetlands,Total,2339
2015,4Di Wetlands: biomass,Total,88
2015,4Diii Wetlands: dead wood,Total,2
2015,4Dv Wetlands: SOM,Total,1904
2015,4(ii)D Wetlands: emissions and removals from drainage and rewetting,Total,346
2015,4E Settlements,Total,1454
2015,4Ei Settlements: biomass,Total,1010
2015,4Eiii Settlements: dead wood,Total,21
2015,4Eiv-v Settlements: SOM  and litter,Total,385
2015,4(i)E Settlements: N2O emissions from N-fertilization,Total,3
2015,4(ii)E Settlements: emissions and removals from drainage and rewetting,Total,5
2015,4(iii)E Settlements: N2O emissions from nitrogen mineralization associated with loss of soil organic matter in mineral soils,Total,29
2015,4G Harvested wood products,Total,-2909
2015,5 Waste management,Total,2311
2015,5A Waste disposal,Total,1937
2015,5B Biological treatment of  waste,Total,118
2015,5D Wastewater treatment and discharge,Total,256
2015,Indirect CO2 emission,Total,55
2016,Emissions without LULUCF,Total,58015
2016,Emissions with LULUCF,Total,42086
2016,1 Energy,Total,43247
2016,1A1 Energy industries,Total,19020
2016,1A2 Manufacturing industries and construction,Total,6774
2016,1A2(-1A2gvii) Manufacturing industries and construction excl. off-road vehicles and other machinery,Total,5821
2016,1A2gvii Off-road vehicles and other machinery production,Total,953
2016,1A3 Transport,Total,12061
2016,1A3a Domestic aviation,Total,183
2016,1A3b Road transportation,Total,11402
2016,1A3bi Cars,Total,-
2016,1A3bii Light duty trucks,Total,-
2016,1A3biii Heavyduty trucks,Total,-
2016,1A3biv Motorcycles,Total,-
2016,1A3c Railways,Total,64
2016,1A3d Domestic navigation,Total,412
2016,1A4 Other sectors,Total,4352
2016,1A4a Commercial and institutional,Total,1218
2016,"1A4ai Commercial/institutional, stationary",Total,865
2016,"1A4aii Commercial/institutional, off-road vehicles and other machinery",Total,352
2016,1A4b Residential,Total,1552
2016,"1A4bi Residential, stationary",Total,1357
2016,"1A4bii Residential, off-road vehicles and other machinery",Total,195
2016,"1A4c Agriculture, forestry anf fishing",Total,1583
2016,"1A4ci Agriculture/forestry, stationary",Total,517
2016,"1A4cii Agriculture/forestry, off-road vehicles and other machinery",Total,970
2016,1A4ciii Fishing,Total,96
2016,1A5 Other fuel use,Total,898
2016,1B Fugitive emissions from fuels,Total,142
2016,1D International transport,Total,2876
2016,1D1a International aviation,Total,1982
2016,1D1b International navigation,Total,894
2016,2 Industrial processes and product use,Total,5990
2016,2A Mineral industry,Total,1085
2016,2B Chemical industry,Total,1374
2016,2C Metal industry,Total,2197
2016,2D Non-energy products from fuels and solvent use,Total,145
2016,2F Product uses as substitutes for ozone-depleting substances,Total,1130
2016,2F1 Refrigeration and air conditioning,Total,1076
2016,2F1a Commercial refrigeration,Total,723
2016,2F1b Domestic refrigeration,Total,1
2016,2F1c Industrial refrigeration,Total,64
2016,2F1d Transport refrigeration,Total,14
2016,2F1e Mobile air-conditioning,Total,181
2016,2F1f Stationary air-conditioning,Total,94
2016,2F2 Foam blowing agents,Total,5
2016,2F4 Aerosols,Total,48
2016,2G Other product manufacture and use,Total,35
2016,2H Other emissions from industrial processses,Total,24
2016,3 Agriculture,Total,6562
2016,3A  Enteric fermentation,Total,2284
2016,3A1 Cattle,Total,2065
2016,3A1a Dairy cattle,Total,1185
2016,3A1b Non-dairy cattle,Total,881
2016,3A2 Sheep,Total,36
2016,3A3 Swine,Total,30
2016,3A4d Goats,Total,1
2016,3A4e Horses and ponies,Total,37
2016,3A4hii Reindeer,Total,107
2016,3A4hiv Fur-bearing animals,Total,7
2016,3B Manure management,Total,945
2016,3B1 Cattle,Total,561
2016,3B1a Dairy cattle,Total,348
2016,3B1b Non-dairy cattle,Total,213
2016,3B2 Sheep,Total,11
2016,3B3 Swine,Total,143
2016,3B4d Goats,Total,0
2016,3B4e Horses and ponies,Total,18
2016,3B4g Poultry,Total,12
2016,3B4hii Reindeer,Total,0
2016,3B4hiv Fur-bearing animals,Total,109
2016,3B5 Indirect N2O emissions from manure management,Total,91
2016,3D Agricultural soils,Total,3071
2016,3D1 Direct N2O emissions from managed soils,Total,2781
2016,3D1a Inorganic N fertilizers,Total,920
2016,3D1b Organic N fertilizers,Total,193
2016,3D1c Urine and dung deposited by grazing animals,Total,26
2016,3D1d Crop residues,Total,232
2016,3D1e N2O emissions from nitrogen mineralization associated with loss of soil organic matter in mineral soils,Total,24
2016,3D1f Cultivation of organic soils of croplands and grasslands,Total,1386
2016,3D2 Indirect N2O emissions from managed soils,Total,290
2016,3F Field burning of agricultural residues,Total,2
2016,3G Liming,Total,256
2016,3H Urea application,Total,3
2016,"4 Land use, land-use change and forestry (LULUCF)",Total,-15929
2016,4A Forest land,Total,-24290
2016,4Ai1 Forest land: biomass (mineral soils),Total,-11179
2016,4Ai2 Forest land: biomass (organic soils),Total,-15201
2016,4Aiv Forest land: DOM + SOM (mineral soils),Total,-4814
2016,4Av Forest land: DOM + SOM (organic soils),Total,4889
2016,4(i)A Forest land: N2O emissions from N-fertilization,Total,29
2016,4(ii)A Forest land: emissions and removals from drainage and rewetting,Total,1983
2016,4(iii)A Forest land: N2O emissions from nitrogen mineralization associated with loss of soil organic matter in mineral soils,Total,2
2016,"4(iv)A Forest land: biomass burning (wildfires, prescribed and restoration burnings)",Total,1
2016,4B Cropland,Total,7668
2016,4Bi Cropland: biomass,Total,766
2016,4Biv Cropland: DOM + SOM (mineral soils),Total,281
2016,4Bv Cropland: DOM + SOM (organic soils),Total,6616
2016,4(iii)B Cropland: N2O emissions from nitrogen mineralization associated with loss of soil organic matter in mineral soils,Total,6
2016,4C Grassland,Total,801
2016,4Ci Grassland: biomass,Total,-27
2016,4Civ Grassland: DOM + SOM (mineral soils),Total,-27
2016,4Cv Grassland: DOM + SOM (organic soils),Total,854
2016,4(iii)C Grassland: N2O emissions from nitrogen mineralization associated with loss of soil organic matter in mineral soils,Total,1
2016,"4(iv)C Grassland: biomass burning (wildfires, prescribed and restoration burnings)",Total,0
2016,4D Wetlands,Total,2358
2016,4Di Wetlands: biomass,Total,80
2016,4Diii Wetlands: dead wood,Total,2
2016,4Dv Wetlands: SOM,Total,1931
2016,4(ii)D Wetlands: emissions and removals from drainage and rewetting,Total,345
2016,4E Settlements,Total,1352
2016,4Ei Settlements: biomass,Total,911
2016,4Eiii Settlements: dead wood,Total,19
2016,4Eiv-v Settlements: SOM  and litter,Total,384
2016,4(i)E Settlements: N2O emissions from N-fertilization,Total,3
2016,4(ii)E Settlements: emissions and removals from drainage and rewetting,Total,5
2016,4(iii)E Settlements: N2O emissions from nitrogen mineralization associated with loss of soil organic matter in mineral soils,Total,29
2016,4G Harvested wood products,Total,-3818
2016,5 Waste management,Total,2160
2016,5A Waste disposal,Total,1800
2016,5B Biological treatment of  waste,Total,105
2016,5D Wastewater treatment and discharge,Total,255
2016,Indirect CO2 emission,Total,55
2017,Emissions without LULUCF,Total,55158
2017,Emissions with LULUCF,Total,44299
2017,1 Energy,Total,40823
2017,1A1 Energy industries,Total,17398
2017,1A2 Manufacturing industries and construction,Total,6583
2017,1A2(-1A2gvii) Manufacturing industries and construction excl. off-road vehicles and other machinery,Total,5486
2017,1A2gvii Off-road vehicles and other machinery production,Total,1096
2017,1A3 Transport,Total,11477
2017,1A3a Domestic aviation,Total,194
2017,1A3b Road transportation,Total,10789
2017,1A3bi Cars,Total,6052
2017,1A3bii Light duty trucks,Total,1041
2017,1A3biii Heavyduty trucks,Total,3602
2017,1A3biv Motorcycles,Total,93
2017,1A3c Railways,Total,67
2017,1A3d Domestic navigation,Total,427
2017,1A4 Other sectors,Total,4249
2017,1A4a Commercial and institutional,Total,1204
2017,"1A4ai Commercial/institutional, stationary",Total,863
2017,"1A4aii Commercial/institutional, off-road vehicles and other machinery",Total,341
2017,1A4b Residential,Total,1465
2017,"1A4bi Residential, stationary",Total,1278
2017,"1A4bii Residential, off-road vehicles and other machinery",Total,187
2017,"1A4c Agriculture, forestry anf fishing",Total,1579
2017,"1A4ci Agriculture/forestry, stationary",Total,493
2017,"1A4cii Agriculture/forestry, off-road vehicles and other machinery",Total,993
2017,1A4ciii Fishing,Total,93
2017,1A5 Other fuel use,Total,935
2017,1B Fugitive emissions from fuels,Total,182
2017,1D International transport,Total,3217
2017,1D1a International aviation,Total,2113
2017,1D1b International navigation,Total,1104
2017,2 Industrial processes and product use,Total,5828
2017,2A Mineral industry,Total,1136
2017,2B Chemical industry,Total,1507
2017,2C Metal industry,Total,1928
2017,2D Non-energy products from fuels and solvent use,Total,142
2017,2F Product uses as substitutes for ozone-depleting substances,Total,1061
2017,2F1 Refrigeration and air conditioning,Total,1015
2017,2F1a Commercial refrigeration,Total,671
2017,2F1b Domestic refrigeration,Total,1
2017,2F1c Industrial refrigeration,Total,62
2017,2F1d Transport refrigeration,Total,13
2017,2F1e Mobile air-conditioning,Total,170
2017,2F1f Stationary air-conditioning,Total,99
2017,2F2 Foam blowing agents,Total,5
2017,2F4 Aerosols,Total,40
2017,2G Other product manufacture and use,Total,38
2017,2H Other emissions from industrial processses,Total,17
2017,3 Agriculture,Total,6401
2017,3A  Enteric fermentation,Total,2268
2017,3A1 Cattle,Total,2050
2017,3A1a Dairy cattle,Total,1169
2017,3A1b Non-dairy cattle,Total,881
2017,3A2 Sheep,Total,37
2017,3A3 Swine,Total,28
2017,3A4d Goats,Total,1
2017,3A4e Horses and ponies,Total,37
2017,3A4hii Reindeer,Total,108
2017,3A4hiv Fur-bearing animals,Total,7
2017,3B Manure management,Total,862
2017,3B1 Cattle,Total,511
2017,3B1a Dairy cattle,Total,307
2017,3B1b Non-dairy cattle,Total,204
2017,3B2 Sheep,Total,12
2017,3B3 Swine,Total,112
2017,3B4d Goats,Total,0
2017,3B4e Horses and ponies,Total,18
2017,3B4g Poultry,Total,12
2017,3B4hii Reindeer,Total,0
2017,3B4hiv Fur-bearing animals,Total,108
2017,3B5 Indirect N2O emissions from manure management,Total,89
2017,3D Agricultural soils,Total,3080
2017,3D1 Direct N2O emissions from managed soils,Total,2789
2017,3D1a Inorganic N fertilizers,Total,926
2017,3D1b Organic N fertilizers,Total,192
2017,3D1c Urine and dung deposited by grazing animals,Total,25
2017,3D1d Crop residues,Total,237
2017,3D1e N2O emissions from nitrogen mineralization associated with loss of soil organic matter in mineral soils,Total,19
2017,3D1f Cultivation of organic soils of croplands and grasslands,Total,1390
2017,3D2 Indirect N2O emissions from managed soils,Total,291
2017,3F Field burning of agricultural residues,Total,3
2017,3G Liming,Total,187
2017,3H Urea application,Total,2
2017,"4 Land use, land-use change and forestry (LULUCF)",Total,-10859
2017,4A Forest land,Total,-18413
2017,4Ai1 Forest land: biomass (mineral soils),Total,-7650
2017,4Ai2 Forest land: biomass (organic soils),Total,-13094
2017,4Aiv Forest land: DOM + SOM (mineral soils),Total,-4409
2017,4Av Forest land: DOM + SOM (organic soils),Total,4721
2017,4(i)A Forest land: N2O emissions from N-fertilization,Total,49
2017,4(ii)A Forest land: emissions and removals from drainage and rewetting,Total,1968
2017,4(iii)A Forest land: N2O emissions from nitrogen mineralization associated with loss of soil organic matter in mineral soils,Total,2
2017,"4(iv)A Forest land: biomass burning (wildfires, prescribed and restoration burnings)",Total,1
2017,4B Cropland,Total,7564
2017,4Bi Cropland: biomass,Total,743
2017,4Biv Cropland: DOM + SOM (mineral soils),Total,162
2017,4Bv Cropland: DOM + SOM (organic soils),Total,6653
2017,4(iii)B Cropland: N2O emissions from nitrogen mineralization associated with loss of soil organic matter in mineral soils,Total,6
2017,4C Grassland,Total,797
2017,4Ci Grassland: biomass,Total,-17
2017,4Civ Grassland: DOM + SOM (mineral soils),Total,-27
2017,4Cv Grassland: DOM + SOM (organic soils),Total,840
2017,4(iii)C Grassland: N2O emissions from nitrogen mineralization associated with loss of soil organic matter in mineral soils,Total,1
2017,"4(iv)C Grassland: biomass burning (wildfires, prescribed and restoration burnings)",Total,0
2017,4D Wetlands,Total,2352
2017,4Di Wetlands: biomass,Total,61
2017,4Diii Wetlands: dead wood,Total,1
2017,4Dv Wetlands: SOM,Total,1945
2017,4(ii)D Wetlands: emissions and removals from drainage and rewetting,Total,345
2017,4E Settlements,Total,1340
2017,4Ei Settlements: biomass,Total,907
2017,4Eiii Settlements: dead wood,Total,18
2017,4Eiv-v Settlements: SOM  and litter,Total,378
2017,4(i)E Settlements: N2O emissions from N-fertilization,Total,3
2017,4(ii)E Settlements: emissions and removals from drainage and rewetting,Total,5
2017,4(iii)E Settlements: N2O emissions from nitrogen mineralization associated with loss of soil organic matter in mineral soils,Total,29
2017,4G Harvested wood products,Total,-4498
2017,5 Waste management,Total,2051
2017,5A Waste disposal,Total,1689
2017,5B Biological treatment of  waste,Total,108
2017,5D Wastewater treatment and discharge,Total,253
2017,Indirect CO2 emission,Total,54
2018,Emissions without LULUCF,Total,56219
2018,Emissions with LULUCF,Total,57855
2018,1 Energy,Total,41823
2018,1A1 Energy industries,Total,18552
2018,1A2 Manufacturing industries and construction,Total,6720
2018,1A2(-1A2gvii) Manufacturing industries and construction excl. off-road vehicles and other machinery,Total,5588
2018,1A2gvii Off-road vehicles and other machinery production,Total,1132
2018,1A3 Transport,Total,11678
2018,1A3a Domestic aviation,Total,218
2018,1A3b Road transportation,Total,10957
2018,1A3bi Cars,Total,6056
2018,1A3bii Light duty trucks,Total,1072
2018,1A3biii Heavyduty trucks,Total,3735
2018,1A3biv Motorcycles,Total,94
2018,1A3c Railways,Total,72
2018,1A3d Domestic navigation,Total,432
2018,1A4 Other sectors,Total,4025
2018,1A4a Commercial and institutional,Total,1186
2018,"1A4ai Commercial/institutional, stationary",Total,851
2018,"1A4aii Commercial/institutional, off-road vehicles and other machinery",Total,335
2018,1A4b Residential,Total,1365
2018,"1A4bi Residential, stationary",Total,1184
2018,"1A4bii Residential, off-road vehicles and other machinery",Total,181
2018,"1A4c Agriculture, forestry anf fishing",Total,1474
2018,"1A4ci Agriculture/forestry, stationary",Total,447
2018,"1A4cii Agriculture/forestry, off-road vehicles and other machinery",Total,936
2018,1A4ciii Fishing,Total,91
2018,1A5 Other fuel use,Total,724
2018,1B Fugitive emissions from fuels,Total,125
2018,1D International transport,Total,3426
2018,1D1a International aviation,Total,2406
2018,1D1b International navigation,Total,1020
2018,2 Industrial processes and product use,Total,5839
2018,2A Mineral industry,Total,1062
2018,2B Chemical industry,Total,1461
2018,2C Metal industry,Total,2096
2018,2D Non-energy products from fuels and solvent use,Total,159
2018,2F Product uses as substitutes for ozone-depleting substances,Total,1011
2018,2F1 Refrigeration and air conditioning,Total,983
2018,2F1a Commercial refrigeration,Total,656
2018,2F1b Domestic refrigeration,Total,1
2018,2F1c Industrial refrigeration,Total,60
2018,2F1d Transport refrigeration,Total,12
2018,2F1e Mobile air-conditioning,Total,149
2018,2F1f Stationary air-conditioning,Total,106
2018,2F2 Foam blowing agents,Total,5
2018,2F4 Aerosols,Total,24
2018,2G Other product manufacture and use,Total,38
2018,2H Other emissions from industrial processses,Total,12
2018,3 Agriculture,Total,6495
2018,3A  Enteric fermentation,Total,2252
2018,3A1 Cattle,Total,2040
2018,3A1a Dairy cattle,Total,1170
2018,3A1b Non-dairy cattle,Total,870
2018,3A2 Sheep,Total,37
2018,3A3 Swine,Total,27
2018,3A4d Goats,Total,1
2018,3A4e Horses and ponies,Total,37
2018,3A4hii Reindeer,Total,103
2018,3A4hiv Fur-bearing animals,Total,7
2018,3B Manure management,Total,972
2018,3B1 Cattle,Total,602
2018,3B1a Dairy cattle,Total,381
2018,3B1b Non-dairy cattle,Total,221
2018,3B2 Sheep,Total,12
2018,3B3 Swine,Total,139
2018,3B4d Goats,Total,0
2018,3B4e Horses and ponies,Total,18
2018,3B4g Poultry,Total,12
2018,3B4hii Reindeer,Total,0
2018,3B4hiv Fur-bearing animals,Total,100
2018,3B5 Indirect N2O emissions from manure management,Total,87
2018,3D Agricultural soils,Total,3067
2018,3D1 Direct N2O emissions from managed soils,Total,2781
2018,3D1a Inorganic N fertilizers,Total,922
2018,3D1b Organic N fertilizers,Total,191
2018,3D1c Urine and dung deposited by grazing animals,Total,25
2018,3D1d Crop residues,Total,208
2018,3D1e N2O emissions from nitrogen mineralization associated with loss of soil organic matter in mineral soils,Total,43
2018,3D1f Cultivation of organic soils of croplands and grasslands,Total,1393
2018,3D2 Indirect N2O emissions from managed soils,Total,286
2018,3F Field burning of agricultural residues,Total,2
2018,3G Liming,Total,201
2018,3H Urea application,Total,1
2018,"4 Land use, land-use change and forestry (LULUCF)",Total,1635
2018,4A Forest land,Total,-6536
2018,4Ai1 Forest land: biomass (mineral soils),Total,585
2018,4Ai2 Forest land: biomass (organic soils),Total,-9559
2018,4Aiv Forest land: DOM + SOM (mineral soils),Total,-3674
2018,4Av Forest land: DOM + SOM (organic soils),Total,4100
2018,4(i)A Forest land: N2O emissions from N-fertilization,Total,55
2018,4(ii)A Forest land: emissions and removals from drainage and rewetting,Total,1953
2018,4(iii)A Forest land: N2O emissions from nitrogen mineralization associated with loss of soil organic matter in mineral soils,Total,2
2018,"4(iv)A Forest land: biomass burning (wildfires, prescribed and restoration burnings)",Total,2
2018,4B Cropland,Total,8104
2018,4Bi Cropland: biomass,Total,782
2018,4Biv Cropland: DOM + SOM (mineral soils),Total,628
2018,4Bv Cropland: DOM + SOM (organic soils),Total,6688
2018,4(iii)B Cropland: N2O emissions from nitrogen mineralization associated with loss of soil organic matter in mineral soils,Total,6
2018,4C Grassland,Total,798
2018,4Ci Grassland: biomass,Total,-2
2018,4Civ Grassland: DOM + SOM (mineral soils),Total,-27
2018,4Cv Grassland: DOM + SOM (organic soils),Total,827
2018,4(iii)C Grassland: N2O emissions from nitrogen mineralization associated with loss of soil organic matter in mineral soils,Total,1
2018,"4(iv)C Grassland: biomass burning (wildfires, prescribed and restoration burnings)",Total,0
2018,4D Wetlands,Total,2472
2018,4Di Wetlands: biomass,Total,22
2018,4Diii Wetlands: dead wood,Total,1
2018,4Dv Wetlands: SOM,Total,2105
2018,4(ii)D Wetlands: emissions and removals from drainage and rewetting,Total,344
2018,4E Settlements,Total,1382
2018,4Ei Settlements: biomass,Total,957
2018,4Eiii Settlements: dead wood,Total,19
2018,4Eiv-v Settlements: SOM  and litter,Total,371
2018,4(i)E Settlements: N2O emissions from N-fertilization,Total,3
2018,4(ii)E Settlements: emissions and removals from drainage and rewetting,Total,5
2018,4(iii)E Settlements: N2O emissions from nitrogen mineralization associated with loss of soil organic matter in mineral soils,Total,28
2018,4G Harvested wood products,Total,-4584
2018,5 Waste management,Total,2008
2018,5A Waste disposal,Total,1643
2018,5B Biological treatment of  waste,Total,114
2018,5D Wastewater treatment and discharge,Total,252
2018,Indirect CO2 emission,Total,54
2019,Emissions without LULUCF,Total,52768
2019,Emissions with LULUCF,Total,51068
2019,1 Energy,Total,38800
2019,1A1 Energy industries,Total,16106
2019,1A2 Manufacturing industries and construction,Total,6528
2019,1A2(-1A2gvii) Manufacturing industries and construction excl. off-road vehicles and other machinery,Total,5397
2019,1A2gvii Off-road vehicles and other machinery production,Total,1131
2019,1A3 Transport,Total,11270
2019,1A3a Domestic aviation,Total,212
2019,1A3b Road transportation,Total,10552
2019,1A3bi Cars,Total,5886
2019,1A3bii Light duty trucks,Total,1035
2019,1A3biii Heavyduty trucks,Total,3539
2019,1A3biv Motorcycles,Total,92
2019,1A3c Railways,Total,70
2019,1A3d Domestic navigation,Total,436
2019,1A4 Other sectors,Total,4044
2019,1A4a Commercial and institutional,Total,1180
2019,"1A4ai Commercial/institutional, stationary",Total,853
2019,"1A4aii Commercial/institutional, off-road vehicles and other machinery",Total,327
2019,1A4b Residential,Total,1274
2019,"1A4bi Residential, stationary",Total,1098
2019,"1A4bii Residential, off-road vehicles and other machinery",Total,176
2019,"1A4c Agriculture, forestry anf fishing",Total,1591
2019,"1A4ci Agriculture/forestry, stationary",Total,439
2019,"1A4cii Agriculture/forestry, off-road vehicles and other machinery",Total,1047
2019,1A4ciii Fishing,Total,104
2019,1A5 Other fuel use,Total,756
2019,1B Fugitive emissions from fuels,Total,96
2019,1D International transport,Total,3647
2019,1D1a International aviation,Total,2593
2019,1D1b International navigation,Total,1054
2019,2 Industrial processes and product use,Total,5503
2019,2A Mineral industry,Total,973
2019,2B Chemical industry,Total,1489
2019,2C Metal industry,Total,1875
2019,2D Non-energy products from fuels and solvent use,Total,155
2019,2F Product uses as substitutes for ozone-depleting substances,Total,966
2019,2F1 Refrigeration and air conditioning,Total,940
2019,2F1a Commercial refrigeration,Total,611
2019,2F1b Domestic refrigeration,Total,1
2019,2F1c Industrial refrigeration,Total,56
2019,2F1d Transport refrigeration,Total,11
2019,2F1e Mobile air-conditioning,Total,148
2019,2F1f Stationary air-conditioning,Total,112
2019,2F2 Foam blowing agents,Total,5
2019,2F4 Aerosols,Total,21
2019,2G Other product manufacture and use,Total,36
2019,2H Other emissions from industrial processses,Total,10
2019,3 Agriculture,Total,6434
2019,3A  Enteric fermentation,Total,2208
2019,3A1 Cattle,Total,1996
2019,3A1a Dairy cattle,Total,1129
2019,3A1b Non-dairy cattle,Total,867
2019,3A2 Sheep,Total,36
2019,3A3 Swine,Total,27
2019,3A4d Goats,Total,1
2019,3A4e Horses and ponies,Total,37
2019,3A4hii Reindeer,Total,105
2019,3A4hiv Fur-bearing animals,Total,6
2019,3B Manure management,Total,872
2019,3B1 Cattle,Total,533
2019,3B1a Dairy cattle,Total,323
2019,3B1b Non-dairy cattle,Total,210
2019,3B2 Sheep,Total,12
2019,3B3 Swine,Total,121
2019,3B4d Goats,Total,0
2019,3B4e Horses and ponies,Total,18
2019,3B4g Poultry,Total,13
2019,3B4hii Reindeer,Total,0
2019,3B4hiv Fur-bearing animals,Total,91
2019,3B5 Indirect N2O emissions from manure management,Total,84
2019,3D Agricultural soils,Total,3160
2019,3D1 Direct N2O emissions from managed soils,Total,2864
2019,3D1a Inorganic N fertilizers,Total,978
2019,3D1b Organic N fertilizers,Total,189
2019,3D1c Urine and dung deposited by grazing animals,Total,24
2019,3D1d Crop residues,Total,242
2019,3D1e N2O emissions from nitrogen mineralization associated with loss of soil organic matter in mineral soils,Total,29
2019,3D1f Cultivation of organic soils of croplands and grasslands,Total,1402
2019,3D2 Indirect N2O emissions from managed soils,Total,297
2019,3F Field burning of agricultural residues,Total,3
2019,3G Liming,Total,188
2019,3H Urea application,Total,2
2019,"4 Land use, land-use change and forestry (LULUCF)",Total,-1700
2019,4A Forest land,Total,-10686
2019,4Ai1 Forest land: biomass (mineral soils),Total,-3956
2019,4Ai2 Forest land: biomass (organic soils),Total,-9851
2019,4Aiv Forest land: DOM + SOM (mineral soils),Total,-3509
2019,4Av Forest land: DOM + SOM (organic soils),Total,4628
2019,4(i)A Forest land: N2O emissions from N-fertilization,Total,58
2019,4(ii)A Forest land: emissions and removals from drainage and rewetting,Total,1940
2019,4(iii)A Forest land: N2O emissions from nitrogen mineralization associated with loss of soil organic matter in mineral soils,Total,2
2019,"4(iv)A Forest land: biomass burning (wildfires, prescribed and restoration burnings)",Total,1
2019,4B Cropland,Total,7906
2019,4Bi Cropland: biomass,Total,717
2019,4Biv Cropland: DOM + SOM (mineral soils),Total,440
2019,4Bv Cropland: DOM + SOM (organic soils),Total,6744
2019,4(iii)B Cropland: N2O emissions from nitrogen mineralization associated with loss of soil organic matter in mineral soils,Total,6
2019,4C Grassland,Total,796
2019,4Ci Grassland: biomass,Total,5
2019,4Civ Grassland: DOM + SOM (mineral soils),Total,-27
2019,4Cv Grassland: DOM + SOM (organic soils),Total,817
2019,4(iii)C Grassland: N2O emissions from nitrogen mineralization associated with loss of soil organic matter in mineral soils,Total,1
2019,"4(iv)C Grassland: biomass burning (wildfires, prescribed and restoration burnings)",Total,0
2019,4D Wetlands,Total,2359
2019,4Di Wetlands: biomass,Total,9
2019,4Diii Wetlands: dead wood,Total,0
2019,4Dv Wetlands: SOM,Total,2007
2019,4(ii)D Wetlands: emissions and removals from drainage and rewetting,Total,342
2019,4E Settlements,Total,1336
2019,4Ei Settlements: biomass,Total,920
2019,4Eiii Settlements: dead wood,Total,18
2019,4Eiv-v Settlements: SOM  and litter,Total,362
2019,4(i)E Settlements: N2O emissions from N-fertilization,Total,5
2019,4(ii)E Settlements: emissions and removals from drainage and rewetting,Total,5
2019,4(iii)E Settlements: N2O emissions from nitrogen mineralization associated with loss of soil organic matter in mineral soils,Total,27
2019,4G Harvested wood products,Total,-3412
2019,5 Waste management,Total,1978
2019,5A Waste disposal,Total,1596
2019,5B Biological treatment of  waste,Total,133
2019,5D Wastewater treatment and discharge,Total,249
2019,Indirect CO2 emission,Total,53
2020,Emissions without LULUCF,Total,47839
2020,Emissions with LULUCF,Total,45261
2020,1 Energy,Total,34238
2020,1A1 Energy industries,Total,12967
2020,1A2 Manufacturing industries and construction,Total,6219
2020,1A2(-1A2gvii) Manufacturing industries and construction excl. off-road vehicles and other machinery,Total,5048
2020,1A2gvii Off-road vehicles and other machinery production,Total,1171
2020,1A3 Transport,Total,10461
2020,1A3a Domestic aviation,Total,90
2020,1A3b Road transportation,Total,9950
2020,1A3bi Cars,Total,5468
2020,1A3bii Light duty trucks,Total,1011
2020,1A3biii Heavyduty trucks,Total,3383
2020,1A3biv Motorcycles,Total,88
2020,1A3c Railways,Total,64
2020,1A3d Domestic navigation,Total,357
2020,1A4 Other sectors,Total,3783
2020,1A4a Commercial and institutional,Total,1074
2020,"1A4ai Commercial/institutional, stationary",Total,758
2020,"1A4aii Commercial/institutional, off-road vehicles and other machinery",Total,316
2020,1A4b Residential,Total,1125
2020,"1A4bi Residential, stationary",Total,954
2020,"1A4bii Residential, off-road vehicles and other machinery",Total,171
2020,"1A4c Agriculture, forestry anf fishing",Total,1583
2020,"1A4ci Agriculture/forestry, stationary",Total,444
2020,"1A4cii Agriculture/forestry, off-road vehicles and other machinery",Total,1040
2020,1A4ciii Fishing,Total,99
2020,1A5 Other fuel use,Total,707
2020,1B Fugitive emissions from fuels,Total,102
2020,1D International transport,Total,1864
2020,1D1a International aviation,Total,876
2020,1D1b International navigation,Total,988
2020,2 Industrial processes and product use,Total,5185
2020,2A Mineral industry,Total,947
2020,2B Chemical industry,Total,1402
2020,2C Metal industry,Total,1757
2020,2D Non-energy products from fuels and solvent use,Total,133
2020,2F Product uses as substitutes for ozone-depleting substances,Total,900
2020,2F1 Refrigeration and air conditioning,Total,876
2020,2F1a Commercial refrigeration,Total,548
2020,2F1b Domestic refrigeration,Total,0
2020,2F1c Industrial refrigeration,Total,56
2020,2F1d Transport refrigeration,Total,11
2020,2F1e Mobile air-conditioning,Total,141
2020,2F1f Stationary air-conditioning,Total,120
2020,2F2 Foam blowing agents,Total,4
2020,2F4 Aerosols,Total,20
2020,2G Other product manufacture and use,Total,35
2020,2H Other emissions from industrial processses,Total,11
2020,3 Agriculture,Total,6435
2020,3A  Enteric fermentation,Total,2229
2020,3A1 Cattle,Total,2016
2020,3A1a Dairy cattle,Total,1147
2020,3A1b Non-dairy cattle,Total,869
2020,3A2 Sheep,Total,34
2020,3A3 Swine,Total,28
2020,3A4d Goats,Total,1
2020,3A4e Horses and ponies,Total,37
2020,3A4hii Reindeer,Total,109
2020,3A4hiv Fur-bearing animals,Total,4
2020,3B Manure management,Total,876
2020,3B1 Cattle,Total,557
2020,3B1a Dairy cattle,Total,342
2020,3B1b Non-dairy cattle,Total,215
2020,3B2 Sheep,Total,12
2020,3B3 Swine,Total,131
2020,3B4d Goats,Total,0
2020,3B4e Horses and ponies,Total,18
2020,3B4g Poultry,Total,12
2020,3B4hii Reindeer,Total,0
2020,3B4hiv Fur-bearing animals,Total,64
2020,3B5 Indirect N2O emissions from manure management,Total,82
2020,3D Agricultural soils,Total,3125
2020,3D1 Direct N2O emissions from managed soils,Total,2836
2020,3D1a Inorganic N fertilizers,Total,928
2020,3D1b Organic N fertilizers,Total,189
2020,3D1c Urine and dung deposited by grazing animals,Total,24
2020,3D1d Crop residues,Total,226
2020,3D1e N2O emissions from nitrogen mineralization associated with loss of soil organic matter in mineral soils,Total,55
2020,3D1f Cultivation of organic soils of croplands and grasslands,Total,1413
2020,3D2 Indirect N2O emissions from managed soils,Total,289
2020,3F Field burning of agricultural residues,Total,2
2020,3G Liming,Total,201
2020,3H Urea application,Total,2
2020,"4 Land use, land-use change and forestry (LULUCF)",Total,-2578
2020,4A Forest land,Total,-13838
2020,4Ai1 Forest land: biomass (mineral soils),Total,-7915
2020,4Ai2 Forest land: biomass (organic soils),Total,-10737
2020,4Aiv Forest land: DOM + SOM (mineral soils),Total,-3086
2020,4Av Forest land: DOM + SOM (organic soils),Total,5906
2020,4(i)A Forest land: N2O emissions from N-fertilization,Total,63
2020,4(ii)A Forest land: emissions and removals from drainage and rewetting,Total,1927
2020,4(iii)A Forest land: N2O emissions from nitrogen mineralization associated with loss of soil organic matter in mineral soils,Total,2
2020,"4(iv)A Forest land: biomass burning (wildfires, prescribed and restoration burnings)",Total,3
2020,4B Cropland,Total,8131
2020,4Bi Cropland: biomass,Total,588
2020,4Biv Cropland: DOM + SOM (mineral soils),Total,732
2020,4Bv Cropland: DOM + SOM (organic soils),Total,6806
2020,4(iii)B Cropland: N2O emissions from nitrogen mineralization associated with loss of soil organic matter in mineral soils,Total,5
2020,4C Grassland,Total,757
2020,4Ci Grassland: biomass,Total,-29
2020,4Civ Grassland: DOM + SOM (mineral soils),Total,-28
2020,4Cv Grassland: DOM + SOM (organic soils),Total,813
2020,4(iii)C Grassland: N2O emissions from nitrogen mineralization associated with loss of soil organic matter in mineral soils,Total,1
2020,"4(iv)C Grassland: biomass burning (wildfires, prescribed and restoration burnings)",Total,0
2020,4D Wetlands,Total,2363
2020,4Di Wetlands: biomass,Total,9
2020,4Diii Wetlands: dead wood,Total,0
2020,4Dv Wetlands: SOM,Total,2015
2020,4(ii)D Wetlands: emissions and removals from drainage and rewetting,Total,339
2020,4E Settlements,Total,1314
2020,4Ei Settlements: biomass,Total,906
2020,4Eiii Settlements: dead wood,Total,18
2020,4Eiv-v Settlements: SOM  and litter,Total,355
2020,4(i)E Settlements: N2O emissions from N-fertilization,Total,4
2020,4(ii)E Settlements: emissions and removals from drainage and rewetting,Total,5
2020,4(iii)E Settlements: N2O emissions from nitrogen mineralization associated with loss of soil organic matter in mineral soils,Total,26
2020,4G Harvested wood products,Total,-1306
2020,5 Waste management,Total,1915
2020,5A Waste disposal,Total,1551
2020,5B Biological treatment of  waste,Total,120
2020,5D Wastewater treatment and discharge,Total,245
2020,Indirect CO2 emission,Total,66
2021,Emissions without LULUCF,Total,47951
2021,Emissions with LULUCF,Total,55456
2021,1 Energy,Total,34076
2021,1A1 Energy industries,Total,13320
2021,1A2 Manufacturing industries and construction,Total,6359
2021,1A2(-1A2gvii) Manufacturing industries and construction excl. off-road vehicles and other machinery,Total,5217
2021,1A2gvii Off-road vehicles and other machinery production,Total,1142
2021,1A3 Transport,Total,10002
2021,1A3a Domestic aviation,Total,81
2021,1A3b Road transportation,Total,9489
2021,1A3bi Cars,Total,5280
2021,1A3bii Light duty trucks,Total,956
2021,1A3biii Heavyduty trucks,Total,3160
2021,1A3biv Motorcycles,Total,92
2021,1A3c Railways,Total,71
2021,1A3d Domestic navigation,Total,361
2021,1A4 Other sectors,Total,3636
2021,1A4a Commercial and institutional,Total,1179
2021,"1A4ai Commercial/institutional, stationary",Total,883
2021,"1A4aii Commercial/institutional, off-road vehicles and other machinery",Total,297
2021,1A4b Residential,Total,1075
2021,"1A4bi Residential, stationary",Total,908
2021,"1A4bii Residential, off-road vehicles and other machinery",Total,167
2021,"1A4c Agriculture, forestry anf fishing",Total,1381
2021,"1A4ci Agriculture/forestry, stationary",Total,372
2021,"1A4cii Agriculture/forestry, off-road vehicles and other machinery",Total,911
2021,1A4ciii Fishing,Total,98
2021,1A5 Other fuel use,Total,665
2021,1B Fugitive emissions from fuels,Total,93
2021,1D International transport,Total,1715
2021,1D1a International aviation,Total,830
2021,1D1b International navigation,Total,885
2021,2 Industrial processes and product use,Total,5485
2021,2A Mineral industry,Total,1017
2021,2B Chemical industry,Total,1327
2021,2C Metal industry,Total,2094
2021,2D Non-energy products from fuels and solvent use,Total,154
2021,2F Product uses as substitutes for ozone-depleting substances,Total,829
2021,2F1 Refrigeration and air conditioning,Total,807
2021,2F1a Commercial refrigeration,Total,491
2021,2F1b Domestic refrigeration,Total,0
2021,2F1c Industrial refrigeration,Total,55
2021,2F1d Transport refrigeration,Total,10
2021,2F1e Mobile air-conditioning,Total,126
2021,2F1f Stationary air-conditioning,Total,125
2021,2F2 Foam blowing agents,Total,4
2021,2F4 Aerosols,Total,18
2021,2G Other product manufacture and use,Total,52
2021,2H Other emissions from industrial processses,Total,12
2021,3 Agriculture,Total,6515
2021,3A  Enteric fermentation,Total,2208
2021,3A1 Cattle,Total,2006
2021,3A1a Dairy cattle,Total,1123
2021,3A1b Non-dairy cattle,Total,883
2021,3A2 Sheep,Total,32
2021,3A3 Swine,Total,26
2021,3A4d Goats,Total,1
2021,3A4e Horses and ponies,Total,37
2021,3A4hii Reindeer,Total,102
2021,3A4hiv Fur-bearing animals,Total,4
2021,3B Manure management,Total,912
2021,3B1 Cattle,Total,595
2021,3B1a Dairy cattle,Total,367
2021,3B1b Non-dairy cattle,Total,228
2021,3B2 Sheep,Total,12
2021,3B3 Swine,Total,136
2021,3B4d Goats,Total,0
2021,3B4e Horses and ponies,Total,18
2021,3B4g Poultry,Total,12
2021,3B4hii Reindeer,Total,0
2021,3B4hiv Fur-bearing animals,Total,59
2021,3B5 Indirect N2O emissions from manure management,Total,79
2021,3D Agricultural soils,Total,3194
2021,3D1 Direct N2O emissions from managed soils,Total,2903
2021,3D1a Inorganic N fertilizers,Total,971
2021,3D1b Organic N fertilizers,Total,185
2021,3D1c Urine and dung deposited by grazing animals,Total,23
2021,3D1d Crop residues,Total,204
2021,3D1e N2O emissions from nitrogen mineralization associated with loss of soil organic matter in mineral soils,Total,97
2021,3D1f Cultivation of organic soils of croplands and grasslands,Total,1422
2021,3D2 Indirect N2O emissions from managed soils,Total,291
2021,3F Field burning of agricultural residues,Total,-
2021,3G Liming,Total,200
2021,3H Urea application,Total,1
2021,"4 Land use, land-use change and forestry (LULUCF)",Total,7505
2021,4A Forest land,Total,-1801
2021,4Ai1 Forest land: biomass (mineral soils),Total,658
2021,4Ai2 Forest land: biomass (organic soils),Total,-8546
2021,4Aiv Forest land: DOM + SOM (mineral soils),Total,-1810
2021,4Av Forest land: DOM + SOM (organic soils),Total,5932
2021,4(i)A Forest land: N2O emissions from N-fertilization,Total,49
2021,4(ii)A Forest land: emissions and removals from drainage and rewetting,Total,1912
2021,4(iii)A Forest land: N2O emissions from nitrogen mineralization associated with loss of soil organic matter in mineral soils,Total,1
2021,"4(iv)A Forest land: biomass burning (wildfires, prescribed and restoration burnings)",Total,2
2021,4B Cropland,Total,8636
2021,4Bi Cropland: biomass,Total,550
2021,4Biv Cropland: DOM + SOM (mineral soils),Total,1227
2021,4Bv Cropland: DOM + SOM (organic soils),Total,6854
2021,4(iii)B Cropland: N2O emissions from nitrogen mineralization associated with loss of soil organic matter in mineral soils,Total,5
2021,4C Grassland,Total,722
2021,4Ci Grassland: biomass,Total,-58
2021,4Civ Grassland: DOM + SOM (mineral soils),Total,-29
2021,4Cv Grassland: DOM + SOM (organic soils),Total,807
2021,4(iii)C Grassland: N2O emissions from nitrogen mineralization associated with loss of soil organic matter in mineral soils,Total,1
2021,"4(iv)C Grassland: biomass burning (wildfires, prescribed and restoration burnings)",Total,0
2021,4D Wetlands,Total,2485
2021,4Di Wetlands: biomass,Total,0
2021,4Diii Wetlands: dead wood,Total,0
2021,4Dv Wetlands: SOM,Total,2151
2021,4(ii)D Wetlands: emissions and removals from drainage and rewetting,Total,335
2021,4E Settlements,Total,1181
2021,4Ei Settlements: biomass,Total,787
2021,4Eiii Settlements: dead wood,Total,15
2021,4Eiv-v Settlements: SOM  and litter,Total,345
2021,4(i)E Settlements: N2O emissions from N-fertilization,Total,3
2021,4(ii)E Settlements: emissions and removals from drainage and rewetting,Total,5
2021,4(iii)E Settlements: N2O emissions from nitrogen mineralization associated with loss of soil organic matter in mineral soils,Total,26
2021,4G Harvested wood products,Total,-3718
2021,5 Waste management,Total,1819
2021,5A Waste disposal,Total,1470
2021,5B Biological treatment of  waste,Total,109
2021,5D Wastewater treatment and discharge,Total,241
2021,Indirect CO2 emission,Total,56
2022,Emissions without LULUCF,Total,45799
2022,Emissions with LULUCF,Total,53656
2022,1 Energy,Total,32730
2022,1A1 Energy industries,Total,12813
2022,1A2 Manufacturing industries and construction,Total,5824
2022,1A2(-1A2gvii) Manufacturing industries and construction excl. off-road vehicles and other machinery,Total,4698
2022,1A2gvii Off-road vehicles and other machinery production,Total,1127
2022,1A3 Transport,Total,9832
2022,1A3a Domestic aviation,Total,138
2022,1A3b Road transportation,Total,9288
2022,1A3bi Cars,Total,5026
2022,1A3bii Light duty trucks,Total,952
2022,1A3biii Heavyduty trucks,Total,3221
2022,1A3biv Motorcycles,Total,88
2022,1A3c Railways,Total,59
2022,1A3d Domestic navigation,Total,346
2022,1A4 Other sectors,Total,3406
2022,1A4a Commercial and institutional,Total,1101
2022,"1A4ai Commercial/institutional, stationary",Total,816
2022,"1A4aii Commercial/institutional, off-road vehicles and other machinery",Total,285
2022,1A4b Residential,Total,856
2022,"1A4bi Residential, stationary",Total,693
2022,"1A4bii Residential, off-road vehicles and other machinery",Total,163
2022,"1A4c Agriculture, forestry anf fishing",Total,1449
2022,"1A4ci Agriculture/forestry, stationary",Total,375
2022,"1A4cii Agriculture/forestry, off-road vehicles and other machinery",Total,976
2022,1A4ciii Fishing,Total,98
2022,1A5 Other fuel use,Total,763
2022,1B Fugitive emissions from fuels,Total,92
2022,1D International transport,Total,2709
2022,1D1a International aviation,Total,1642
2022,1D1b International navigation,Total,1067
2022,2 Industrial processes and product use,Total,5127
2022,2A Mineral industry,Total,940
2022,2B Chemical industry,Total,1265
2022,2C Metal industry,Total,1974
2022,2D Non-energy products from fuels and solvent use,Total,134
2022,2F Product uses as substitutes for ozone-depleting substances,Total,760
2022,2F1 Refrigeration and air conditioning,Total,739
2022,2F1a Commercial refrigeration,Total,430
2022,2F1b Domestic refrigeration,Total,0
2022,2F1c Industrial refrigeration,Total,54
2022,2F1d Transport refrigeration,Total,8
2022,2F1e Mobile air-conditioning,Total,116
2022,2F1f Stationary air-conditioning,Total,131
2022,2F2 Foam blowing agents,Total,4
2022,2F4 Aerosols,Total,17
2022,2G Other product manufacture and use,Total,44
2022,2H Other emissions from industrial processses,Total,9
2022,3 Agriculture,Total,6167
2022,3A  Enteric fermentation,Total,2172
2022,3A1 Cattle,Total,1972
2022,3A1a Dairy cattle,Total,1098
2022,3A1b Non-dairy cattle,Total,875
2022,3A2 Sheep,Total,32
2022,3A3 Swine,Total,24
2022,3A4d Goats,Total,1
2022,3A4e Horses and ponies,Total,36
2022,3A4hii Reindeer,Total,103
2022,3A4hiv Fur-bearing animals,Total,3
2022,3B Manure management,Total,828
2022,3B1 Cattle,Total,560
2022,3B1a Dairy cattle,Total,337
2022,3B1b Non-dairy cattle,Total,222
2022,3B2 Sheep,Total,12
2022,3B3 Swine,Total,114
2022,3B4d Goats,Total,0
2022,3B4e Horses and ponies,Total,17
2022,3B4g Poultry,Total,13
2022,3B4hii Reindeer,Total,0
2022,3B4hiv Fur-bearing animals,Total,38
2022,3B5 Indirect N2O emissions from manure management,Total,74
2022,3D Agricultural soils,Total,2946
2022,3D1 Direct N2O emissions from managed soils,Total,2684
2022,3D1a Inorganic N fertilizers,Total,720
2022,3D1b Organic N fertilizers,Total,179
2022,3D1c Urine and dung deposited by grazing animals,Total,22
2022,3D1d Crop residues,Total,230
2022,3D1e N2O emissions from nitrogen mineralization associated with loss of soil organic matter in mineral soils,Total,98
2022,3D1f Cultivation of organic soils of croplands and grasslands,Total,1435
2022,3D2 Indirect N2O emissions from managed soils,Total,262
2022,3F Field burning of agricultural residues,Total,-
2022,3G Liming,Total,215
2022,3H Urea application,Total,6
2022,"4 Land use, land-use change and forestry (LULUCF)",Total,7857
2022,4A Forest land,Total,-1607
2022,4Ai1 Forest land: biomass (mineral soils),Total,-605
2022,4Ai2 Forest land: biomass (organic soils),Total,-8927
2022,4Aiv Forest land: DOM + SOM (mineral soils),Total,-1298
2022,4Av Forest land: DOM + SOM (organic soils),Total,7289
2022,4(i)A Forest land: N2O emissions from N-fertilization,Total,10
2022,4(ii)A Forest land: emissions and removals from drainage and rewetting,Total,1911
2022,4(iii)A Forest land: N2O emissions from nitrogen mineralization associated with loss of soil organic matter in mineral soils,Total,13
2022,"4(iv)A Forest land: biomass burning (wildfires, prescribed and restoration burnings)",Total,1
2022,4B Cropland,Total,8648
2022,4Bi Cropland: biomass,Total,480
2022,4Biv Cropland: DOM + SOM (mineral soils),Total,1247
2022,4Bv Cropland: DOM + SOM (organic soils),Total,6915
2022,4(iii)B Cropland: N2O emissions from nitrogen mineralization associated with loss of soil organic matter in mineral soils,Total,5
2022,4C Grassland,Total,697
2022,4Ci Grassland: biomass,Total,-76
2022,4Civ Grassland: DOM + SOM (mineral soils),Total,-30
2022,4Cv Grassland: DOM + SOM (organic soils),Total,802
2022,4(iii)C Grassland: N2O emissions from nitrogen mineralization associated with loss of soil organic matter in mineral soils,Total,1
2022,"4(iv)C Grassland: biomass burning (wildfires, prescribed and restoration burnings)",Total,0
2022,4D Wetlands,Total,2323
2022,4Di Wetlands: biomass,Total,0
2022,4Diii Wetlands: dead wood,Total,0
2022,4Dv Wetlands: SOM,Total,1993
2022,4(ii)D Wetlands: emissions and removals from drainage and rewetting,Total,330
2022,4E Settlements,Total,1082
2022,4Ei Settlements: biomass,Total,701
2022,4Eiii Settlements: dead wood,Total,13
2022,4Eiv-v Settlements: SOM  and litter,Total,335
2022,4(i)E Settlements: N2O emissions from N-fertilization,Total,3
2022,4(ii)E Settlements: emissions and removals from drainage and rewetting,Total,5
2022,4(iii)E Settlements: N2O emissions from nitrogen mineralization associated with loss of soil organic matter in mineral soils,Total,25
2022,4G Harvested wood products,Total,-3286
2022,5 Waste management,Total,1728
2022,5A Waste disposal,Total,1384
2022,5B Biological treatment of  waste,Total,109
2022,5D Wastewater treatment and discharge,Total,234
2022,Indirect CO2 emission,Total,47
2023,Emissions without LULUCF,Total,41224
2023,Emissions with LULUCF,Total,48078
2023,1 Energy,Total,28422
2023,1A1 Energy industries,Total,9986
2023,1A2 Manufacturing industries and construction,Total,4999
2023,1A2(-1A2gvii) Manufacturing industries and construction excl. off-road vehicles and other machinery,Total,3892
2023,1A2gvii Off-road vehicles and other machinery production,Total,1107
2023,1A3 Transport,Total,9450
2023,1A3a Domestic aviation,Total,136
2023,1A3b Road transportation,Total,8937
2023,1A3bi Cars,Total,4896
2023,1A3bii Light duty trucks,Total,937
2023,1A3biii Heavyduty trucks,Total,3014
2023,1A3biv Motorcycles,Total,89
2023,1A3c Railways,Total,56
2023,1A3d Domestic navigation,Total,321
2023,1A4 Other sectors,Total,3196
2023,1A4a Commercial and institutional,Total,1144
2023,"1A4ai Commercial/institutional, stationary",Total,869
2023,"1A4aii Commercial/institutional, off-road vehicles and other machinery",Total,275
2023,1A4b Residential,Total,589
2023,"1A4bi Residential, stationary",Total,432
2023,"1A4bii Residential, off-road vehicles and other machinery",Total,157
2023,"1A4c Agriculture, forestry anf fishing",Total,1463
2023,"1A4ci Agriculture/forestry, stationary",Total,383
2023,"1A4cii Agriculture/forestry, off-road vehicles and other machinery",Total,982
2023,1A4ciii Fishing,Total,98
2023,1A5 Other fuel use,Total,666
2023,1B Fugitive emissions from fuels,Total,126
2023,1D International transport,Total,2830
2023,1D1a International aviation,Total,1937
2023,1D1b International navigation,Total,893
2023,2 Industrial processes and product use,Total,4875
2023,2A Mineral industry,Total,765
2023,2B Chemical industry,Total,1262
2023,2C Metal industry,Total,1975
2023,2D Non-energy products from fuels and solvent use,Total,122
2023,2F Product uses as substitutes for ozone-depleting substances,Total,695
2023,2F1 Refrigeration and air conditioning,Total,673
2023,2F1a Commercial refrigeration,Total,369
2023,2F1b Domestic refrigeration,Total,0
2023,2F1c Industrial refrigeration,Total,51
2023,2F1d Transport refrigeration,Total,8
2023,2F1e Mobile air-conditioning,Total,107
2023,2F1f Stationary air-conditioning,Total,138
2023,2F2 Foam blowing agents,Total,5
2023,2F4 Aerosols,Total,17
2023,2G Other product manufacture and use,Total,48
2023,2H Other emissions from industrial processses,Total,9
2023,3 Agriculture,Total,6235
2023,3A  Enteric fermentation,Total,2107
2023,3A1 Cattle,Total,1915
2023,3A1a Dairy cattle,Total,1071
2023,3A1b Non-dairy cattle,Total,843
2023,3A2 Sheep,Total,30
2023,3A3 Swine,Total,24
2023,3A4d Goats,Total,1
2023,3A4e Horses and ponies,Total,36
2023,3A4hii Reindeer,Total,100
2023,3A4hiv Fur-bearing animals,Total,2
2023,3B Manure management,Total,798
2023,3B1 Cattle,Total,539
2023,3B1a Dairy cattle,Total,325
2023,3B1b Non-dairy cattle,Total,214
2023,3B2 Sheep,Total,11
2023,3B3 Swine,Total,111
2023,3B4d Goats,Total,0
2023,3B4e Horses and ponies,Total,17
2023,3B4g Poultry,Total,13
2023,3B4hii Reindeer,Total,0
2023,3B4hiv Fur-bearing animals,Total,35
2023,3B5 Indirect N2O emissions from manure management,Total,71
2023,3D Agricultural soils,Total,3147
2023,3D1 Direct N2O emissions from managed soils,Total,2871
2023,3D1a Inorganic N fertilizers,Total,924
2023,3D1b Organic N fertilizers,Total,174
2023,3D1c Urine and dung deposited by grazing animals,Total,22
2023,3D1d Crop residues,Total,242
2023,3D1e N2O emissions from nitrogen mineralization associated with loss of soil organic matter in mineral soils,Total,69
2023,3D1f Cultivation of organic soils of croplands and grasslands,Total,1440
2023,3D2 Indirect N2O emissions from managed soils,Total,275
2023,3F Field burning of agricultural residues,Total,-
2023,3G Liming,Total,175
2023,3H Urea application,Total,9
2023,"4 Land use, land-use change and forestry (LULUCF)",Total,6854
2023,4A Forest land,Total,-3639
2023,4Ai1 Forest land: biomass (mineral soils),Total,-3367
2023,4Ai2 Forest land: biomass (organic soils),Total,-9513
2023,4Aiv Forest land: DOM + SOM (mineral soils),Total,-1482
2023,4Av Forest land: DOM + SOM (organic soils),Total,8745
2023,4(i)A Forest land: N2O emissions from N-fertilization,Total,66
2023,4(ii)A Forest land: emissions and removals from drainage and rewetting,Total,1909
2023,4(iii)A Forest land: N2O emissions from nitrogen mineralization associated with loss of soil organic matter in mineral soils,Total,1
2023,"4(iv)A Forest land: biomass burning (wildfires, prescribed and restoration burnings)",Total,2
2023,4B Cropland,Total,8242
2023,4Bi Cropland: biomass,Total,401
2023,4Biv Cropland: DOM + SOM (mineral soils),Total,893
2023,4Bv Cropland: DOM + SOM (organic soils),Total,6944
2023,4(iii)B Cropland: N2O emissions from nitrogen mineralization associated with loss of soil organic matter in mineral soils,Total,5
2023,4C Grassland,Total,666
2023,4Ci Grassland: biomass,Total,-100
2023,4Civ Grassland: DOM + SOM (mineral soils),Total,-31
2023,4Cv Grassland: DOM + SOM (organic soils),Total,797
2023,4(iii)C Grassland: N2O emissions from nitrogen mineralization associated with loss of soil organic matter in mineral soils,Total,1
2023,"4(iv)C Grassland: biomass burning (wildfires, prescribed and restoration burnings)",Total,0
2023,4D Wetlands,Total,2253
2023,4Di Wetlands: biomass,Total,0
2023,4Diii Wetlands: dead wood,Total,0
2023,4Dv Wetlands: SOM,Total,1927
2023,4(ii)D Wetlands: emissions and removals from drainage and rewetting,Total,326
2023,4E Settlements,Total,968
2023,4Ei Settlements: biomass,Total,602
2023,4Eiii Settlements: dead wood,Total,12
2023,4Eiv-v Settlements: SOM  and litter,Total,324
2023,4(i)E Settlements: N2O emissions from N-fertilization,Total,2
2023,4(ii)E Settlements: emissions and removals from drainage and rewetting,Total,5
2023,4(iii)E Settlements: N2O emissions from nitrogen mineralization associated with loss of soil organic matter in mineral soils,Total,24
2023,4G Harvested wood products,Total,-1637
2023,5 Waste management,Total,1648
2023,5A Waste disposal,Total,1326
2023,5B Biological treatment of  waste,Total,90
2023,5D Wastewater treatment and discharge,Total,233
2023,Indirect CO2 emission,Total,43
2024,Emissions without LULUCF,Total,39283
2024,Emissions with LULUCF,Total,49052
2024,1 Energy,Total,26660
2024,1A1 Energy industries,Total,8366
2024,1A2 Manufacturing industries and construction,Total,4845
2024,1A2(-1A2gvii) Manufacturing industries and construction excl. off-road vehicles and other machinery,Total,3745
2024,1A2gvii Off-road vehicles and other machinery production,Total,1100
2024,1A3 Transport,Total,9632
2024,1A3a Domestic aviation,Total,148
2024,1A3b Road transportation,Total,9145
2024,1A3bi Cars,Total,5007
2024,1A3bii Light duty trucks,Total,972
2024,1A3biii Heavyduty trucks,Total,3072
2024,1A3biv Motorcycles,Total,93
2024,1A3c Railways,Total,46
2024,1A3d Domestic navigation,Total,294
2024,1A4 Other sectors,Total,3096
2024,1A4a Commercial and institutional,Total,1135
2024,"1A4ai Commercial/institutional, stationary",Total,859
2024,"1A4aii Commercial/institutional, off-road vehicles and other machinery",Total,275
2024,1A4b Residential,Total,536
2024,"1A4bi Residential, stationary",Total,384
2024,"1A4bii Residential, off-road vehicles and other machinery",Total,151
2024,"1A4c Agriculture, forestry anf fishing",Total,1425
2024,"1A4ci Agriculture/forestry, stationary",Total,415
2024,"1A4cii Agriculture/forestry, off-road vehicles and other machinery",Total,918
2024,1A4ciii Fishing,Total,92
2024,1A5 Other fuel use,Total,624
2024,1B Fugitive emissions from fuels,Total,98
2024,1D International transport,Total,2986
2024,1D1a International aviation,Total,2049
2024,1D1b International navigation,Total,937
2024,2 Industrial processes and product use,Total,4556
2024,2A Mineral industry,Total,586
2024,2B Chemical industry,Total,1213
2024,2C Metal industry,Total,1971
2024,2D Non-energy products from fuels and solvent use,Total,121
2024,2F Product uses as substitutes for ozone-depleting substances,Total,611
2024,2F1 Refrigeration and air conditioning,Total,591
2024,2F1a Commercial refrigeration,Total,304
2024,2F1b Domestic refrigeration,Total,0
2024,2F1c Industrial refrigeration,Total,48
2024,2F1d Transport refrigeration,Total,7
2024,2F1e Mobile air-conditioning,Total,99
2024,2F1f Stationary air-conditioning,Total,133
2024,2F2 Foam blowing agents,Total,4
2024,2F4 Aerosols,Total,16
2024,2G Other product manufacture and use,Total,47
2024,2H Other emissions from industrial processses,Total,7
2024,3 Agriculture,Total,6401
2024,3A  Enteric fermentation,Total,2076
2024,3A1 Cattle,Total,1884
2024,3A1a Dairy cattle,Total,1061
2024,3A1b Non-dairy cattle,Total,824
2024,3A2 Sheep,Total,28
2024,3A3 Swine,Total,23
2024,3A4d Goats,Total,1
2024,3A4e Horses and ponies,Total,35
2024,3A4hii Reindeer,Total,102
2024,3A4hiv Fur-bearing animals,Total,2
2024,3B Manure management,Total,803
2024,3B1 Cattle,Total,554
2024,3B1a Dairy cattle,Total,341
2024,3B1b Non-dairy cattle,Total,213
2024,3B2 Sheep,Total,11
2024,3B3 Swine,Total,116
2024,3B4d Goats,Total,0
2024,3B4e Horses and ponies,Total,17
2024,3B4g Poultry,Total,14
2024,3B4hii Reindeer,Total,0
2024,3B4hiv Fur-bearing animals,Total,22
2024,3B5 Indirect N2O emissions from manure management,Total,70
2024,3D Agricultural soils,Total,3352
2024,3D1 Direct N2O emissions from managed soils,Total,3053
2024,3D1a Inorganic N fertilizers,Total,1073
2024,3D1b Organic N fertilizers,Total,172
2024,3D1c Urine and dung deposited by grazing animals,Total,21
2024,3D1d Crop residues,Total,253
2024,3D1e N2O emissions from nitrogen mineralization associated with loss of soil organic matter in mineral soils,Total,87
2024,3D1f Cultivation of organic soils of croplands and grasslands,Total,1446
2024,3D2 Indirect N2O emissions from managed soils,Total,299
2024,3F Field burning of agricultural residues,Total,-
2024,3G Liming,Total,167
2024,3H Urea application,Total,4
2024,"4 Land use, land-use change and forestry (LULUCF)",Total,9768
2024,4A Forest land,Total,-131
2024,4Ai1 Forest land: biomass (mineral soils),Total,-1912
2024,4Ai2 Forest land: biomass (organic soils),Total,-9194
2024,4Aiv Forest land: DOM + SOM (mineral soils),Total,-758
2024,4Av Forest land: DOM + SOM (organic soils),Total,9710
2024,4(i)A Forest land: N2O emissions from N-fertilization,Total,80
2024,4(ii)A Forest land: emissions and removals from drainage and rewetting,Total,1908
2024,4(iii)A Forest land: N2O emissions from nitrogen mineralization associated with loss of soil organic matter in mineral soils,Total,34
2024,"4(iv)A Forest land: biomass burning (wildfires, prescribed and restoration burnings)",Total,1
2024,4B Cropland,Total,8436
2024,4Bi Cropland: biomass,Total,387
2024,4Biv Cropland: DOM + SOM (mineral soils),Total,1095
2024,4Bv Cropland: DOM + SOM (organic soils),Total,6950
2024,4(iii)B Cropland: N2O emissions from nitrogen mineralization associated with loss of soil organic matter in mineral soils,Total,4
2024,4C Grassland,Total,654
2024,4Ci Grassland: biomass,Total,-106
2024,4Civ Grassland: DOM + SOM (mineral soils),Total,-32
2024,4Cv Grassland: DOM + SOM (organic soils),Total,791
2024,4(iii)C Grassland: N2O emissions from nitrogen mineralization associated with loss of soil organic matter in mineral soils,Total,1
2024,"4(iv)C Grassland: biomass burning (wildfires, prescribed and restoration burnings)",Total,0
2024,4D Wetlands,Total,2087
2024,4Di Wetlands: biomass,Total,0
2024,4Diii Wetlands: dead wood,Total,0
2024,4Dv Wetlands: SOM,Total,1764
2024,4(ii)D Wetlands: emissions and removals from drainage and rewetting,Total,323
2024,4E Settlements,Total,865
2024,4Ei Settlements: biomass,Total,515
2024,4Eiii Settlements: dead wood,Total,9
2024,4Eiv-v Settlements: SOM  and litter,Total,311
2024,4(i)E Settlements: N2O emissions from N-fertilization,Total,3
2024,4(ii)E Settlements: emissions and removals from drainage and rewetting,Total,5
2024,4(iii)E Settlements: N2O emissions from nitrogen mineralization associated with loss of soil organic matter in mineral soils,Total,23
2024,4G Harvested wood products,Total,-2143
2024,5 Waste management,Total,1624
2024,5A Waste disposal,Total,1291
2024,5B Biological treatment of  waste,Total,104
2024,5D Wastewater treatment and discharge,Total,230
2024,Indirect CO2 emission,Total,42
2025*,Emissions without LULUCF,Total,36541
2025*,Emissions with LULUCF,Total,45976
2025*,1 Energy,Total,24070
2025*,1A1 Energy industries,Total,6923
2025*,1A2 Manufacturing industries and construction,Total,4774
2025*,1A2(-1A2gvii) Manufacturing industries and construction excl. off-road vehicles and other machinery,Total,3690
2025*,1A2gvii Off-road vehicles and other machinery production,Total,1084
2025*,1A3 Transport,Total,8972
2025*,1A3a Domestic aviation,Total,153
2025*,1A3b Road transportation,Total,8528
2025*,1A3bi Cars,Total,4694
2025*,1A3bii Light duty trucks,Total,888
2025*,1A3biii Heavyduty trucks,Total,2855
2025*,1A3biv Motorcycles,Total,91
2025*,1A3c Railways,Total,40
2025*,1A3d Domestic navigation,Total,252
2025*,1A4 Other sectors,Total,2765
2025*,1A4a Commercial and institutional,Total,.
2025*,"1A4ai Commercial/institutional, stationary",Total,.
2025*,"1A4aii Commercial/institutional, off-road vehicles and other machinery",Total,265
2025*,1A4b Residential,Total,.
2025*,"1A4bi Residential, stationary",Total,.
2025*,"1A4bii Residential, off-road vehicles and other machinery",Total,147
2025*,"1A4c Agriculture, forestry anf fishing",Total,.
2025*,"1A4ci Agriculture/forestry, stationary",Total,.
2025*,"1A4cii Agriculture/forestry, off-road vehicles and other machinery",Total,864
2025*,1A4ciii Fishing,Total,95
2025*,1A5 Other fuel use,Total,556
2025*,1B Fugitive emissions from fuels,Total,80
2025*,1D International transport,Total,2986
2025*,1D1a International aviation,Total,2049
2025*,1D1b International navigation,Total,938
2025*,2 Industrial processes and product use,Total,4684
2025*,2A Mineral industry,Total,678
2025*,2B Chemical industry,Total,1292
2025*,2C Metal industry,Total,2011
2025*,2D Non-energy products from fuels and solvent use,Total,121
2025*,2F Product uses as substitutes for ozone-depleting substances,Total,529
2025*,2F1 Refrigeration and air conditioning,Total,509
2025*,2F1a Commercial refrigeration,Total,239
2025*,2F1b Domestic refrigeration,Total,0
2025*,2F1c Industrial refrigeration,Total,45
2025*,2F1d Transport refrigeration,Total,7
2025*,2F1e Mobile air-conditioning,Total,87
2025*,2F1f Stationary air-conditioning,Total,131
2025*,2F2 Foam blowing agents,Total,4
2025*,2F4 Aerosols,Total,16
2025*,2G Other product manufacture and use,Total,47
2025*,2H Other emissions from industrial processses,Total,7
2025*,3 Agriculture,Total,6256
2025*,3A  Enteric fermentation,Total,2032
2025*,3A1 Cattle,Total,.
2025*,3A1a Dairy cattle,Total,.
2025*,3A1b Non-dairy cattle,Total,.
2025*,3A2 Sheep,Total,.
2025*,3A3 Swine,Total,.
2025*,3A4d Goats,Total,.
2025*,3A4e Horses and ponies,Total,.
2025*,3A4hii Reindeer,Total,.
2025*,3A4hiv Fur-bearing animals,Total,.
2025*,3B Manure management,Total,738
2025*,3B1 Cattle,Total,.
2025*,3B1a Dairy cattle,Total,.
2025*,3B1b Non-dairy cattle,Total,.
2025*,3B2 Sheep,Total,.
2025*,3B3 Swine,Total,.
2025*,3B4d Goats,Total,.
2025*,3B4e Horses and ponies,Total,.
2025*,3B4g Poultry,Total,.
2025*,3B4hii Reindeer,Total,.
2025*,3B4hiv Fur-bearing animals,Total,.
2025*,3B5 Indirect N2O emissions from manure management,Total,.
2025*,3D Agricultural soils,Total,3315
2025*,3D1 Direct N2O emissions from managed soils,Total,.
2025*,3D1a Inorganic N fertilizers,Total,.
2025*,3D1b Organic N fertilizers,Total,.
2025*,3D1c Urine and dung deposited by grazing animals,Total,.
2025*,3D1d Crop residues,Total,.
2025*,3D1e N2O emissions from nitrogen mineralization associated with loss of soil organic matter in mineral soils,Total,.
2025*,3D1f Cultivation of organic soils of croplands and grasslands,Total,.
2025*,3D2 Indirect N2O emissions from managed soils,Total,.
2025*,3F Field burning of agricultural residues,Total,-
2025*,3G Liming,Total,167
2025*,3H Urea application,Total,4
2025*,"4 Land use, land-use change and forestry (LULUCF)",Total,9435
2025*,4A Forest land,Total,1338
2025*,4Ai1 Forest land: biomass (mineral soils),Total,.
2025*,4Ai2 Forest land: biomass (organic soils),Total,.
2025*,4Aiv Forest land: DOM + SOM (mineral soils),Total,.
2025*,4Av Forest land: DOM + SOM (organic soils),Total,.
2025*,4(i)A Forest land: N2O emissions from N-fertilization,Total,.
2025*,4(ii)A Forest land: emissions and removals from drainage and rewetting,Total,.
2025*,4(iii)A Forest land: N2O emissions from nitrogen mineralization associated with loss of soil organic matter in mineral soils,Total,.
2025*,"4(iv)A Forest land: biomass burning (wildfires, prescribed and restoration burnings)",Total,.
2025*,4B Cropland,Total,8190
2025*,4Bi Cropland: biomass,Total,.
2025*,4Biv Cropland: DOM + SOM (mineral soils),Total,.
2025*,4Bv Cropland: DOM + SOM (organic soils),Total,.
2025*,4(iii)B Cropland: N2O emissions from nitrogen mineralization associated with loss of soil organic matter in mineral soils,Total,.
2025*,4C Grassland,Total,654
2025*,4Ci Grassland: biomass,Total,.
2025*,4Civ Grassland: DOM + SOM (mineral soils),Total,.
2025*,4Cv Grassland: DOM + SOM (organic soils),Total,.
2025*,4(iii)C Grassland: N2O emissions from nitrogen mineralization associated with loss of soil organic matter in mineral soils,Total,.
2025*,"4(iv)C Grassland: biomass burning (wildfires, prescribed and restoration burnings)",Total,.
2025*,4D Wetlands,Total,2087
2025*,4Di Wetlands: biomass,Total,.
2025*,4Diii Wetlands: dead wood,Total,.
2025*,4Dv Wetlands: SOM,Total,.
2025*,4(ii)D Wetlands: emissions and removals from drainage and rewetting,Total,.
2025*,4E Settlements,Total,865
2025*,4Ei Settlements: biomass,Total,.
2025*,4Eiii Settlements: dead wood,Total,.
2025*,4Eiv-v Settlements: SOM  and litter,Total,.
2025*,4(i)E Settlements: N2O emissions from N-fertilization,Total,.
2025*,4(ii)E Settlements: emissions and removals from drainage and rewetting,Total,.
2025*,4(iii)E Settlements: N2O emissions from nitrogen mineralization associated with loss of soil organic matter in mineral soils,Total,.
2025*,4G Harvested wood products,Total,-3700
2025*,5 Waste management,Total,1489
2025*,5A Waste disposal,Total,1156
2025*,5B Biological treatment of  waste,Total,104
2025*,5D Wastewater treatment and discharge,Total,230
2025*,Indirect CO2 emission,Total,42
