Year,Emission category,Greenhouse gas,"Emission, thousand tonnes of CO2 eq. (GWP=AR5)"
1990,Emissions without LULUCF,Carbon dioxide (CO2),57086
1990,Emissions with LULUCF,Carbon dioxide (CO2),25155
1990,1 Energy,Carbon dioxide (CO2),52533
1990,1A1 Energy industries,Carbon dioxide (CO2),18794
1990,1A2 Manufacturing industries and construction,Carbon dioxide (CO2),13189
1990,1A2(-1A2gvii) Manufacturing industries and construction excl. off-road vehicles and other machinery,Carbon dioxide (CO2),12253
1990,1A2gvii Off-road vehicles and other machinery production,Carbon dioxide (CO2),935
1990,1A3 Transport,Carbon dioxide (CO2),11821
1990,1A3a Domestic aviation,Carbon dioxide (CO2),385
1990,1A3b Road transportation,Carbon dioxide (CO2),10804
1990,1A3bi Cars,Carbon dioxide (CO2),-
1990,1A3bii Light duty trucks,Carbon dioxide (CO2),-
1990,1A3biii Heavyduty trucks,Carbon dioxide (CO2),-
1990,1A3biv Motorcycles,Carbon dioxide (CO2),-
1990,1A3c Railways,Carbon dioxide (CO2),191
1990,1A3d Domestic navigation,Carbon dioxide (CO2),441
1990,1A4 Other sectors,Carbon dioxide (CO2),7490
1990,1A4a Commercial and institutional,Carbon dioxide (CO2),2473
1990,"1A4ai Commercial/institutional, stationary",Carbon dioxide (CO2),2050
1990,"1A4aii Commercial/institutional, off-road vehicles and other machinery",Carbon dioxide (CO2),423
1990,1A4b Residential,Carbon dioxide (CO2),3148
1990,"1A4bi Residential, stationary",Carbon dioxide (CO2),3009
1990,"1A4bii Residential, off-road vehicles and other machinery",Carbon dioxide (CO2),139
1990,"1A4c Agriculture, forestry anf fishing",Carbon dioxide (CO2),1870
1990,"1A4ci Agriculture/forestry, stationary",Carbon dioxide (CO2),766
1990,"1A4cii Agriculture/forestry, off-road vehicles and other machinery",Carbon dioxide (CO2),928
1990,1A4ciii Fishing,Carbon dioxide (CO2),176
1990,1A5 Other fuel use,Carbon dioxide (CO2),1127
1990,1B Fugitive emissions from fuels,Carbon dioxide (CO2),111
1990,1D International transport,Carbon dioxide (CO2),2840
1990,1D1a International aviation,Carbon dioxide (CO2),1008
1990,1D1b International navigation,Carbon dioxide (CO2),1832
1990,2 Industrial processes and product use,Carbon dioxide (CO2),3742
1990,2A Mineral industry,Carbon dioxide (CO2),1218
1990,2B Chemical industry,Carbon dioxide (CO2),330
1990,2C Metal industry,Carbon dioxide (CO2),1976
1990,2D Non-energy products from fuels and solvent use,Carbon dioxide (CO2),218
1990,2F Product uses as substitutes for ozone-depleting substances,Carbon dioxide (CO2),-
1990,2F1 Refrigeration and air conditioning,Carbon dioxide (CO2),-
1990,2F1a Commercial refrigeration,Carbon dioxide (CO2),-
1990,2F1b Domestic refrigeration,Carbon dioxide (CO2),-
1990,2F1c Industrial refrigeration,Carbon dioxide (CO2),-
1990,2F1d Transport refrigeration,Carbon dioxide (CO2),-
1990,2F1e Mobile air-conditioning,Carbon dioxide (CO2),-
1990,2F1f Stationary air-conditioning,Carbon dioxide (CO2),-
1990,2F2 Foam blowing agents,Carbon dioxide (CO2),-
1990,2F4 Aerosols,Carbon dioxide (CO2),-
1990,2G Other product manufacture and use,Carbon dioxide (CO2),-
1990,2H Other emissions from industrial processses,Carbon dioxide (CO2),-
1990,3 Agriculture,Carbon dioxide (CO2),647
1990,3A  Enteric fermentation,Carbon dioxide (CO2),-
1990,3A1 Cattle,Carbon dioxide (CO2),-
1990,3A1a Dairy cattle,Carbon dioxide (CO2),-
1990,3A1b Non-dairy cattle,Carbon dioxide (CO2),-
1990,3A2 Sheep,Carbon dioxide (CO2),-
1990,3A3 Swine,Carbon dioxide (CO2),-
1990,3A4d Goats,Carbon dioxide (CO2),-
1990,3A4e Horses and ponies,Carbon dioxide (CO2),-
1990,3A4hii Reindeer,Carbon dioxide (CO2),-
1990,3A4hiv Fur-bearing animals,Carbon dioxide (CO2),-
1990,3B Manure management,Carbon dioxide (CO2),-
1990,3B1 Cattle,Carbon dioxide (CO2),-
1990,3B1a Dairy cattle,Carbon dioxide (CO2),-
1990,3B1b Non-dairy cattle,Carbon dioxide (CO2),-
1990,3B2 Sheep,Carbon dioxide (CO2),-
1990,3B3 Swine,Carbon dioxide (CO2),-
1990,3B4d Goats,Carbon dioxide (CO2),-
1990,3B4e Horses and ponies,Carbon dioxide (CO2),-
1990,3B4g Poultry,Carbon dioxide (CO2),-
1990,3B4hii Reindeer,Carbon dioxide (CO2),-
1990,3B4hiv Fur-bearing animals,Carbon dioxide (CO2),-
1990,3B5 Indirect N2O emissions from manure management,Carbon dioxide (CO2),-
1990,3D Agricultural soils,Carbon dioxide (CO2),-
1990,3D1 Direct N2O emissions from managed soils,Carbon dioxide (CO2),-
1990,3D1a Inorganic N fertilizers,Carbon dioxide (CO2),-
1990,3D1b Organic N fertilizers,Carbon dioxide (CO2),-
1990,3D1c Urine and dung deposited by grazing animals,Carbon dioxide (CO2),-
1990,3D1d Crop residues,Carbon dioxide (CO2),-
1990,3D1e N2O emissions from nitrogen mineralization associated with loss of soil organic matter in mineral soils,Carbon dioxide (CO2),-
1990,3D1f Cultivation of organic soils of croplands and grasslands,Carbon dioxide (CO2),-
1990,3D2 Indirect N2O emissions from managed soils,Carbon dioxide (CO2),-
1990,3F Field burning of agricultural residues,Carbon dioxide (CO2),-
1990,3G Liming,Carbon dioxide (CO2),642
1990,3H Urea application,Carbon dioxide (CO2),5
1990,"4 Land use, land-use change and forestry (LULUCF)",Carbon dioxide (CO2),-31931
1990,4A Forest land,Carbon dioxide (CO2),-37531
1990,4Ai1 Forest land: biomass (mineral soils),Carbon dioxide (CO2),-13402
1990,4Ai2 Forest land: biomass (organic soils),Carbon dioxide (CO2),-16890
1990,4Aiv Forest land: DOM + SOM (mineral soils),Carbon dioxide (CO2),-9437
1990,4Av Forest land: DOM + SOM (organic soils),Carbon dioxide (CO2),2198
1990,4(i)A Forest land: N2O emissions from N-fertilization,Carbon dioxide (CO2),-
1990,4(ii)A Forest land: emissions and removals from drainage and rewetting,Carbon dioxide (CO2),-
1990,4(iii)A Forest land: N2O emissions from nitrogen mineralization associated with loss of soil organic matter in mineral soils,Carbon dioxide (CO2),-
1990,"4(iv)A Forest land: biomass burning (wildfires, prescribed and restoration burnings)",Carbon dioxide (CO2),-
1990,4B Cropland,Carbon dioxide (CO2),5262
1990,4Bi Cropland: biomass,Carbon dioxide (CO2),162
1990,4Biv Cropland: DOM + SOM (mineral soils),Carbon dioxide (CO2),-157
1990,4Bv Cropland: DOM + SOM (organic soils),Carbon dioxide (CO2),5257
1990,4(iii)B Cropland: N2O emissions from nitrogen mineralization associated with loss of soil organic matter in mineral soils,Carbon dioxide (CO2),-
1990,4C Grassland,Carbon dioxide (CO2),1035
1990,4Ci Grassland: biomass,Carbon dioxide (CO2),-27
1990,4Civ Grassland: DOM + SOM (mineral soils),Carbon dioxide (CO2),-43
1990,4Cv Grassland: DOM + SOM (organic soils),Carbon dioxide (CO2),1105
1990,4(iii)C Grassland: N2O emissions from nitrogen mineralization associated with loss of soil organic matter in mineral soils,Carbon dioxide (CO2),-
1990,"4(iv)C Grassland: biomass burning (wildfires, prescribed and restoration burnings)",Carbon dioxide (CO2),0
1990,4D Wetlands,Carbon dioxide (CO2),1334
1990,4Di Wetlands: biomass,Carbon dioxide (CO2),2
1990,4Diii Wetlands: dead wood,Carbon dioxide (CO2),0
1990,4Dv Wetlands: SOM,Carbon dioxide (CO2),1331
1990,4(ii)D Wetlands: emissions and removals from drainage and rewetting,Carbon dioxide (CO2),-
1990,4E Settlements,Carbon dioxide (CO2),921
1990,4Ei Settlements: biomass,Carbon dioxide (CO2),672
1990,4Eiii Settlements: dead wood,Carbon dioxide (CO2),13
1990,4Eiv-v Settlements: SOM  and litter,Carbon dioxide (CO2),236
1990,4(i)E Settlements: N2O emissions from N-fertilization,Carbon dioxide (CO2),-
1990,4(ii)E Settlements: emissions and removals from drainage and rewetting,Carbon dioxide (CO2),-
1990,4(iii)E Settlements: N2O emissions from nitrogen mineralization associated with loss of soil organic matter in mineral soils,Carbon dioxide (CO2),-
1990,4G Harvested wood products,Carbon dioxide (CO2),-2952
1990,5 Waste management,Carbon dioxide (CO2),-
1990,5A Waste disposal,Carbon dioxide (CO2),-
1990,5B Biological treatment of  waste,Carbon dioxide (CO2),-
1990,5D Wastewater treatment and discharge,Carbon dioxide (CO2),-
1990,Indirect CO2 emission,Carbon dioxide (CO2),164
1991,Emissions without LULUCF,Carbon dioxide (CO2),55350
1991,Emissions with LULUCF,Carbon dioxide (CO2),11029
1991,1 Energy,Carbon dioxide (CO2),51177
1991,1A1 Energy industries,Carbon dioxide (CO2),18599
1991,1A2 Manufacturing industries and construction,Carbon dioxide (CO2),12694
1991,1A2(-1A2gvii) Manufacturing industries and construction excl. off-road vehicles and other machinery,Carbon dioxide (CO2),11756
1991,1A2gvii Off-road vehicles and other machinery production,Carbon dioxide (CO2),939
1991,1A3 Transport,Carbon dioxide (CO2),11454
1991,1A3a Domestic aviation,Carbon dioxide (CO2),340
1991,1A3b Road transportation,Carbon dioxide (CO2),10489
1991,1A3bi Cars,Carbon dioxide (CO2),-
1991,1A3bii Light duty trucks,Carbon dioxide (CO2),-
1991,1A3biii Heavyduty trucks,Carbon dioxide (CO2),-
1991,1A3biv Motorcycles,Carbon dioxide (CO2),-
1991,1A3c Railways,Carbon dioxide (CO2),183
1991,1A3d Domestic navigation,Carbon dioxide (CO2),443
1991,1A4 Other sectors,Carbon dioxide (CO2),7330
1991,1A4a Commercial and institutional,Carbon dioxide (CO2),2412
1991,"1A4ai Commercial/institutional, stationary",Carbon dioxide (CO2),1982
1991,"1A4aii Commercial/institutional, off-road vehicles and other machinery",Carbon dioxide (CO2),430
1991,1A4b Residential,Carbon dioxide (CO2),3023
1991,"1A4bi Residential, stationary",Carbon dioxide (CO2),2873
1991,"1A4bii Residential, off-road vehicles and other machinery",Carbon dioxide (CO2),149
1991,"1A4c Agriculture, forestry anf fishing",Carbon dioxide (CO2),1896
1991,"1A4ci Agriculture/forestry, stationary",Carbon dioxide (CO2),811
1991,"1A4cii Agriculture/forestry, off-road vehicles and other machinery",Carbon dioxide (CO2),914
1991,1A4ciii Fishing,Carbon dioxide (CO2),170
1991,1A5 Other fuel use,Carbon dioxide (CO2),996
1991,1B Fugitive emissions from fuels,Carbon dioxide (CO2),103
1991,1D International transport,Carbon dioxide (CO2),2694
1991,1D1a International aviation,Carbon dioxide (CO2),948
1991,1D1b International navigation,Carbon dioxide (CO2),1745
1991,2 Industrial processes and product use,Carbon dioxide (CO2),3562
1991,2A Mineral industry,Carbon dioxide (CO2),1050
1991,2B Chemical industry,Carbon dioxide (CO2),351
1991,2C Metal industry,Carbon dioxide (CO2),1987
1991,2D Non-energy products from fuels and solvent use,Carbon dioxide (CO2),173
1991,2F Product uses as substitutes for ozone-depleting substances,Carbon dioxide (CO2),-
1991,2F1 Refrigeration and air conditioning,Carbon dioxide (CO2),-
1991,2F1a Commercial refrigeration,Carbon dioxide (CO2),-
1991,2F1b Domestic refrigeration,Carbon dioxide (CO2),-
1991,2F1c Industrial refrigeration,Carbon dioxide (CO2),-
1991,2F1d Transport refrigeration,Carbon dioxide (CO2),-
1991,2F1e Mobile air-conditioning,Carbon dioxide (CO2),-
1991,2F1f Stationary air-conditioning,Carbon dioxide (CO2),-
1991,2F2 Foam blowing agents,Carbon dioxide (CO2),-
1991,2F4 Aerosols,Carbon dioxide (CO2),-
1991,2G Other product manufacture and use,Carbon dioxide (CO2),-
1991,2H Other emissions from industrial processses,Carbon dioxide (CO2),-
1991,3 Agriculture,Carbon dioxide (CO2),458
1991,3A  Enteric fermentation,Carbon dioxide (CO2),-
1991,3A1 Cattle,Carbon dioxide (CO2),-
1991,3A1a Dairy cattle,Carbon dioxide (CO2),-
1991,3A1b Non-dairy cattle,Carbon dioxide (CO2),-
1991,3A2 Sheep,Carbon dioxide (CO2),-
1991,3A3 Swine,Carbon dioxide (CO2),-
1991,3A4d Goats,Carbon dioxide (CO2),-
1991,3A4e Horses and ponies,Carbon dioxide (CO2),-
1991,3A4hii Reindeer,Carbon dioxide (CO2),-
1991,3A4hiv Fur-bearing animals,Carbon dioxide (CO2),-
1991,3B Manure management,Carbon dioxide (CO2),-
1991,3B1 Cattle,Carbon dioxide (CO2),-
1991,3B1a Dairy cattle,Carbon dioxide (CO2),-
1991,3B1b Non-dairy cattle,Carbon dioxide (CO2),-
1991,3B2 Sheep,Carbon dioxide (CO2),-
1991,3B3 Swine,Carbon dioxide (CO2),-
1991,3B4d Goats,Carbon dioxide (CO2),-
1991,3B4e Horses and ponies,Carbon dioxide (CO2),-
1991,3B4g Poultry,Carbon dioxide (CO2),-
1991,3B4hii Reindeer,Carbon dioxide (CO2),-
1991,3B4hiv Fur-bearing animals,Carbon dioxide (CO2),-
1991,3B5 Indirect N2O emissions from manure management,Carbon dioxide (CO2),-
1991,3D Agricultural soils,Carbon dioxide (CO2),-
1991,3D1 Direct N2O emissions from managed soils,Carbon dioxide (CO2),-
1991,3D1a Inorganic N fertilizers,Carbon dioxide (CO2),-
1991,3D1b Organic N fertilizers,Carbon dioxide (CO2),-
1991,3D1c Urine and dung deposited by grazing animals,Carbon dioxide (CO2),-
1991,3D1d Crop residues,Carbon dioxide (CO2),-
1991,3D1e N2O emissions from nitrogen mineralization associated with loss of soil organic matter in mineral soils,Carbon dioxide (CO2),-
1991,3D1f Cultivation of organic soils of croplands and grasslands,Carbon dioxide (CO2),-
1991,3D2 Indirect N2O emissions from managed soils,Carbon dioxide (CO2),-
1991,3F Field burning of agricultural residues,Carbon dioxide (CO2),-
1991,3G Liming,Carbon dioxide (CO2),455
1991,3H Urea application,Carbon dioxide (CO2),2
1991,"4 Land use, land-use change and forestry (LULUCF)",Carbon dioxide (CO2),-44320
1991,4A Forest land,Carbon dioxide (CO2),-51757
1991,4Ai1 Forest land: biomass (mineral soils),Carbon dioxide (CO2),-25537
1991,4Ai2 Forest land: biomass (organic soils),Carbon dioxide (CO2),-19889
1991,4Aiv Forest land: DOM + SOM (mineral soils),Carbon dioxide (CO2),-9100
1991,4Av Forest land: DOM + SOM (organic soils),Carbon dioxide (CO2),2768
1991,4(i)A Forest land: N2O emissions from N-fertilization,Carbon dioxide (CO2),-
1991,4(ii)A Forest land: emissions and removals from drainage and rewetting,Carbon dioxide (CO2),-
1991,4(iii)A Forest land: N2O emissions from nitrogen mineralization associated with loss of soil organic matter in mineral soils,Carbon dioxide (CO2),-
1991,"4(iv)A Forest land: biomass burning (wildfires, prescribed and restoration burnings)",Carbon dioxide (CO2),-
1991,4B Cropland,Carbon dioxide (CO2),5240
1991,4Bi Cropland: biomass,Carbon dioxide (CO2),202
1991,4Biv Cropland: DOM + SOM (mineral soils),Carbon dioxide (CO2),-165
1991,4Bv Cropland: DOM + SOM (organic soils),Carbon dioxide (CO2),5204
1991,4(iii)B Cropland: N2O emissions from nitrogen mineralization associated with loss of soil organic matter in mineral soils,Carbon dioxide (CO2),-
1991,4C Grassland,Carbon dioxide (CO2),1013
1991,4Ci Grassland: biomass,Carbon dioxide (CO2),-7
1991,4Civ Grassland: DOM + SOM (mineral soils),Carbon dioxide (CO2),-39
1991,4Cv Grassland: DOM + SOM (organic soils),Carbon dioxide (CO2),1058
1991,4(iii)C Grassland: N2O emissions from nitrogen mineralization associated with loss of soil organic matter in mineral soils,Carbon dioxide (CO2),-
1991,"4(iv)C Grassland: biomass burning (wildfires, prescribed and restoration burnings)",Carbon dioxide (CO2),0
1991,4D Wetlands,Carbon dioxide (CO2),1315
1991,4Di Wetlands: biomass,Carbon dioxide (CO2),33
1991,4Diii Wetlands: dead wood,Carbon dioxide (CO2),1
1991,4Dv Wetlands: SOM,Carbon dioxide (CO2),1282
1991,4(ii)D Wetlands: emissions and removals from drainage and rewetting,Carbon dioxide (CO2),-
1991,4E Settlements,Carbon dioxide (CO2),956
1991,4Ei Settlements: biomass,Carbon dioxide (CO2),706
1991,4Eiii Settlements: dead wood,Carbon dioxide (CO2),13
1991,4Eiv-v Settlements: SOM  and litter,Carbon dioxide (CO2),237
1991,4(i)E Settlements: N2O emissions from N-fertilization,Carbon dioxide (CO2),-
1991,4(ii)E Settlements: emissions and removals from drainage and rewetting,Carbon dioxide (CO2),-
1991,4(iii)E Settlements: N2O emissions from nitrogen mineralization associated with loss of soil organic matter in mineral soils,Carbon dioxide (CO2),-
1991,4G Harvested wood products,Carbon dioxide (CO2),-1088
1991,5 Waste management,Carbon dioxide (CO2),-
1991,5A Waste disposal,Carbon dioxide (CO2),-
1991,5B Biological treatment of  waste,Carbon dioxide (CO2),-
1991,5D Wastewater treatment and discharge,Carbon dioxide (CO2),-
1991,Indirect CO2 emission,Carbon dioxide (CO2),153
1992,Emissions without LULUCF,Carbon dioxide (CO2),54420
1992,Emissions with LULUCF,Carbon dioxide (CO2),15907
1992,1 Energy,Carbon dioxide (CO2),50554
1992,1A1 Energy industries,Carbon dioxide (CO2),18405
1992,1A2 Manufacturing industries and construction,Carbon dioxide (CO2),12192
1992,1A2(-1A2gvii) Manufacturing industries and construction excl. off-road vehicles and other machinery,Carbon dioxide (CO2),11266
1992,1A2gvii Off-road vehicles and other machinery production,Carbon dioxide (CO2),926
1992,1A3 Transport,Carbon dioxide (CO2),11372
1992,1A3a Domestic aviation,Carbon dioxide (CO2),312
1992,1A3b Road transportation,Carbon dioxide (CO2),10454
1992,1A3bi Cars,Carbon dioxide (CO2),-
1992,1A3bii Light duty trucks,Carbon dioxide (CO2),-
1992,1A3biii Heavyduty trucks,Carbon dioxide (CO2),-
1992,1A3biv Motorcycles,Carbon dioxide (CO2),-
1992,1A3c Railways,Carbon dioxide (CO2),188
1992,1A3d Domestic navigation,Carbon dioxide (CO2),419
1992,1A4 Other sectors,Carbon dioxide (CO2),7418
1992,1A4a Commercial and institutional,Carbon dioxide (CO2),2507
1992,"1A4ai Commercial/institutional, stationary",Carbon dioxide (CO2),2082
1992,"1A4aii Commercial/institutional, off-road vehicles and other machinery",Carbon dioxide (CO2),425
1992,1A4b Residential,Carbon dioxide (CO2),3048
1992,"1A4bi Residential, stationary",Carbon dioxide (CO2),2892
1992,"1A4bii Residential, off-road vehicles and other machinery",Carbon dioxide (CO2),156
1992,"1A4c Agriculture, forestry anf fishing",Carbon dioxide (CO2),1864
1992,"1A4ci Agriculture/forestry, stationary",Carbon dioxide (CO2),805
1992,"1A4cii Agriculture/forestry, off-road vehicles and other machinery",Carbon dioxide (CO2),893
1992,1A4ciii Fishing,Carbon dioxide (CO2),166
1992,1A5 Other fuel use,Carbon dioxide (CO2),1057
1992,1B Fugitive emissions from fuels,Carbon dioxide (CO2),110
1992,1D International transport,Carbon dioxide (CO2),3043
1992,1D1a International aviation,Carbon dioxide (CO2),838
1992,1D1b International navigation,Carbon dioxide (CO2),2205
1992,2 Industrial processes and product use,Carbon dioxide (CO2),3419
1992,2A Mineral industry,Carbon dioxide (CO2),952
1992,2B Chemical industry,Carbon dioxide (CO2),300
1992,2C Metal industry,Carbon dioxide (CO2),1991
1992,2D Non-energy products from fuels and solvent use,Carbon dioxide (CO2),176
1992,2F Product uses as substitutes for ozone-depleting substances,Carbon dioxide (CO2),-
1992,2F1 Refrigeration and air conditioning,Carbon dioxide (CO2),-
1992,2F1a Commercial refrigeration,Carbon dioxide (CO2),-
1992,2F1b Domestic refrigeration,Carbon dioxide (CO2),-
1992,2F1c Industrial refrigeration,Carbon dioxide (CO2),-
1992,2F1d Transport refrigeration,Carbon dioxide (CO2),-
1992,2F1e Mobile air-conditioning,Carbon dioxide (CO2),-
1992,2F1f Stationary air-conditioning,Carbon dioxide (CO2),-
1992,2F2 Foam blowing agents,Carbon dioxide (CO2),-
1992,2F4 Aerosols,Carbon dioxide (CO2),-
1992,2G Other product manufacture and use,Carbon dioxide (CO2),-
1992,2H Other emissions from industrial processses,Carbon dioxide (CO2),-
1992,3 Agriculture,Carbon dioxide (CO2),299
1992,3A  Enteric fermentation,Carbon dioxide (CO2),-
1992,3A1 Cattle,Carbon dioxide (CO2),-
1992,3A1a Dairy cattle,Carbon dioxide (CO2),-
1992,3A1b Non-dairy cattle,Carbon dioxide (CO2),-
1992,3A2 Sheep,Carbon dioxide (CO2),-
1992,3A3 Swine,Carbon dioxide (CO2),-
1992,3A4d Goats,Carbon dioxide (CO2),-
1992,3A4e Horses and ponies,Carbon dioxide (CO2),-
1992,3A4hii Reindeer,Carbon dioxide (CO2),-
1992,3A4hiv Fur-bearing animals,Carbon dioxide (CO2),-
1992,3B Manure management,Carbon dioxide (CO2),-
1992,3B1 Cattle,Carbon dioxide (CO2),-
1992,3B1a Dairy cattle,Carbon dioxide (CO2),-
1992,3B1b Non-dairy cattle,Carbon dioxide (CO2),-
1992,3B2 Sheep,Carbon dioxide (CO2),-
1992,3B3 Swine,Carbon dioxide (CO2),-
1992,3B4d Goats,Carbon dioxide (CO2),-
1992,3B4e Horses and ponies,Carbon dioxide (CO2),-
1992,3B4g Poultry,Carbon dioxide (CO2),-
1992,3B4hii Reindeer,Carbon dioxide (CO2),-
1992,3B4hiv Fur-bearing animals,Carbon dioxide (CO2),-
1992,3B5 Indirect N2O emissions from manure management,Carbon dioxide (CO2),-
1992,3D Agricultural soils,Carbon dioxide (CO2),-
1992,3D1 Direct N2O emissions from managed soils,Carbon dioxide (CO2),-
1992,3D1a Inorganic N fertilizers,Carbon dioxide (CO2),-
1992,3D1b Organic N fertilizers,Carbon dioxide (CO2),-
1992,3D1c Urine and dung deposited by grazing animals,Carbon dioxide (CO2),-
1992,3D1d Crop residues,Carbon dioxide (CO2),-
1992,3D1e N2O emissions from nitrogen mineralization associated with loss of soil organic matter in mineral soils,Carbon dioxide (CO2),-
1992,3D1f Cultivation of organic soils of croplands and grasslands,Carbon dioxide (CO2),-
1992,3D2 Indirect N2O emissions from managed soils,Carbon dioxide (CO2),-
1992,3F Field burning of agricultural residues,Carbon dioxide (CO2),-
1992,3G Liming,Carbon dioxide (CO2),297
1992,3H Urea application,Carbon dioxide (CO2),3
1992,"4 Land use, land-use change and forestry (LULUCF)",Carbon dioxide (CO2),-38513
1992,4A Forest land,Carbon dioxide (CO2),-45744
1992,4Ai1 Forest land: biomass (mineral soils),Carbon dioxide (CO2),-19482
1992,4Ai2 Forest land: biomass (organic soils),Carbon dioxide (CO2),-19134
1992,4Aiv Forest land: DOM + SOM (mineral soils),Carbon dioxide (CO2),-9278
1992,4Av Forest land: DOM + SOM (organic soils),Carbon dioxide (CO2),2150
1992,4(i)A Forest land: N2O emissions from N-fertilization,Carbon dioxide (CO2),-
1992,4(ii)A Forest land: emissions and removals from drainage and rewetting,Carbon dioxide (CO2),-
1992,4(iii)A Forest land: N2O emissions from nitrogen mineralization associated with loss of soil organic matter in mineral soils,Carbon dioxide (CO2),-
1992,"4(iv)A Forest land: biomass burning (wildfires, prescribed and restoration burnings)",Carbon dioxide (CO2),-
1992,4B Cropland,Carbon dioxide (CO2),5267
1992,4Bi Cropland: biomass,Carbon dioxide (CO2),251
1992,4Biv Cropland: DOM + SOM (mineral soils),Carbon dioxide (CO2),-169
1992,4Bv Cropland: DOM + SOM (organic soils),Carbon dioxide (CO2),5185
1992,4(iii)B Cropland: N2O emissions from nitrogen mineralization associated with loss of soil organic matter in mineral soils,Carbon dioxide (CO2),-
1992,4C Grassland,Carbon dioxide (CO2),978
1992,4Ci Grassland: biomass,Carbon dioxide (CO2),-9
1992,4Civ Grassland: DOM + SOM (mineral soils),Carbon dioxide (CO2),-35
1992,4Cv Grassland: DOM + SOM (organic soils),Carbon dioxide (CO2),1022
1992,4(iii)C Grassland: N2O emissions from nitrogen mineralization associated with loss of soil organic matter in mineral soils,Carbon dioxide (CO2),-
1992,"4(iv)C Grassland: biomass burning (wildfires, prescribed and restoration burnings)",Carbon dioxide (CO2),0
1992,4D Wetlands,Carbon dioxide (CO2),1501
1992,4Di Wetlands: biomass,Carbon dioxide (CO2),57
1992,4Diii Wetlands: dead wood,Carbon dioxide (CO2),1
1992,4Dv Wetlands: SOM,Carbon dioxide (CO2),1442
1992,4(ii)D Wetlands: emissions and removals from drainage and rewetting,Carbon dioxide (CO2),-
1992,4E Settlements,Carbon dioxide (CO2),992
1992,4Ei Settlements: biomass,Carbon dioxide (CO2),739
1992,4Eiii Settlements: dead wood,Carbon dioxide (CO2),14
1992,4Eiv-v Settlements: SOM  and litter,Carbon dioxide (CO2),239
1992,4(i)E Settlements: N2O emissions from N-fertilization,Carbon dioxide (CO2),-
1992,4(ii)E Settlements: emissions and removals from drainage and rewetting,Carbon dioxide (CO2),-
1992,4(iii)E Settlements: N2O emissions from nitrogen mineralization associated with loss of soil organic matter in mineral soils,Carbon dioxide (CO2),-
1992,4G Harvested wood products,Carbon dioxide (CO2),-1507
1992,5 Waste management,Carbon dioxide (CO2),-
1992,5A Waste disposal,Carbon dioxide (CO2),-
1992,5B Biological treatment of  waste,Carbon dioxide (CO2),-
1992,5D Wastewater treatment and discharge,Carbon dioxide (CO2),-
1992,Indirect CO2 emission,Carbon dioxide (CO2),147
1993,Emissions without LULUCF,Carbon dioxide (CO2),56461
1993,Emissions with LULUCF,Carbon dioxide (CO2),16725
1993,1 Energy,Carbon dioxide (CO2),52455
1993,1A1 Energy industries,Carbon dioxide (CO2),21137
1993,1A2 Manufacturing industries and construction,Carbon dioxide (CO2),12260
1993,1A2(-1A2gvii) Manufacturing industries and construction excl. off-road vehicles and other machinery,Carbon dioxide (CO2),11350
1993,1A2gvii Off-road vehicles and other machinery production,Carbon dioxide (CO2),910
1993,1A3 Transport,Carbon dioxide (CO2),10916
1993,1A3a Domestic aviation,Carbon dioxide (CO2),282
1993,1A3b Road transportation,Carbon dioxide (CO2),9983
1993,1A3bi Cars,Carbon dioxide (CO2),-
1993,1A3bii Light duty trucks,Carbon dioxide (CO2),-
1993,1A3biii Heavyduty trucks,Carbon dioxide (CO2),-
1993,1A3biv Motorcycles,Carbon dioxide (CO2),-
1993,1A3c Railways,Carbon dioxide (CO2),206
1993,1A3d Domestic navigation,Carbon dioxide (CO2),445
1993,1A4 Other sectors,Carbon dioxide (CO2),7010
1993,1A4a Commercial and institutional,Carbon dioxide (CO2),2198
1993,"1A4ai Commercial/institutional, stationary",Carbon dioxide (CO2),1779
1993,"1A4aii Commercial/institutional, off-road vehicles and other machinery",Carbon dioxide (CO2),419
1993,1A4b Residential,Carbon dioxide (CO2),2972
1993,"1A4bi Residential, stationary",Carbon dioxide (CO2),2816
1993,"1A4bii Residential, off-road vehicles and other machinery",Carbon dioxide (CO2),156
1993,"1A4c Agriculture, forestry anf fishing",Carbon dioxide (CO2),1840
1993,"1A4ci Agriculture/forestry, stationary",Carbon dioxide (CO2),804
1993,"1A4cii Agriculture/forestry, off-road vehicles and other machinery",Carbon dioxide (CO2),874
1993,1A4ciii Fishing,Carbon dioxide (CO2),162
1993,1A5 Other fuel use,Carbon dioxide (CO2),975
1993,1B Fugitive emissions from fuels,Carbon dioxide (CO2),157
1993,1D International transport,Carbon dioxide (CO2),2512
1993,1D1a International aviation,Carbon dioxide (CO2),788
1993,1D1b International navigation,Carbon dioxide (CO2),1725
1993,2 Industrial processes and product use,Carbon dioxide (CO2),3393
1993,2A Mineral industry,Carbon dioxide (CO2),858
1993,2B Chemical industry,Carbon dioxide (CO2),245
1993,2C Metal industry,Carbon dioxide (CO2),2113
1993,2D Non-energy products from fuels and solvent use,Carbon dioxide (CO2),177
1993,2F Product uses as substitutes for ozone-depleting substances,Carbon dioxide (CO2),-
1993,2F1 Refrigeration and air conditioning,Carbon dioxide (CO2),-
1993,2F1a Commercial refrigeration,Carbon dioxide (CO2),-
1993,2F1b Domestic refrigeration,Carbon dioxide (CO2),-
1993,2F1c Industrial refrigeration,Carbon dioxide (CO2),-
1993,2F1d Transport refrigeration,Carbon dioxide (CO2),-
1993,2F1e Mobile air-conditioning,Carbon dioxide (CO2),-
1993,2F1f Stationary air-conditioning,Carbon dioxide (CO2),-
1993,2F2 Foam blowing agents,Carbon dioxide (CO2),-
1993,2F4 Aerosols,Carbon dioxide (CO2),-
1993,2G Other product manufacture and use,Carbon dioxide (CO2),-
1993,2H Other emissions from industrial processses,Carbon dioxide (CO2),-
1993,3 Agriculture,Carbon dioxide (CO2),473
1993,3A  Enteric fermentation,Carbon dioxide (CO2),-
1993,3A1 Cattle,Carbon dioxide (CO2),-
1993,3A1a Dairy cattle,Carbon dioxide (CO2),-
1993,3A1b Non-dairy cattle,Carbon dioxide (CO2),-
1993,3A2 Sheep,Carbon dioxide (CO2),-
1993,3A3 Swine,Carbon dioxide (CO2),-
1993,3A4d Goats,Carbon dioxide (CO2),-
1993,3A4e Horses and ponies,Carbon dioxide (CO2),-
1993,3A4hii Reindeer,Carbon dioxide (CO2),-
1993,3A4hiv Fur-bearing animals,Carbon dioxide (CO2),-
1993,3B Manure management,Carbon dioxide (CO2),-
1993,3B1 Cattle,Carbon dioxide (CO2),-
1993,3B1a Dairy cattle,Carbon dioxide (CO2),-
1993,3B1b Non-dairy cattle,Carbon dioxide (CO2),-
1993,3B2 Sheep,Carbon dioxide (CO2),-
1993,3B3 Swine,Carbon dioxide (CO2),-
1993,3B4d Goats,Carbon dioxide (CO2),-
1993,3B4e Horses and ponies,Carbon dioxide (CO2),-
1993,3B4g Poultry,Carbon dioxide (CO2),-
1993,3B4hii Reindeer,Carbon dioxide (CO2),-
1993,3B4hiv Fur-bearing animals,Carbon dioxide (CO2),-
1993,3B5 Indirect N2O emissions from manure management,Carbon dioxide (CO2),-
1993,3D Agricultural soils,Carbon dioxide (CO2),-
1993,3D1 Direct N2O emissions from managed soils,Carbon dioxide (CO2),-
1993,3D1a Inorganic N fertilizers,Carbon dioxide (CO2),-
1993,3D1b Organic N fertilizers,Carbon dioxide (CO2),-
1993,3D1c Urine and dung deposited by grazing animals,Carbon dioxide (CO2),-
1993,3D1d Crop residues,Carbon dioxide (CO2),-
1993,3D1e N2O emissions from nitrogen mineralization associated with loss of soil organic matter in mineral soils,Carbon dioxide (CO2),-
1993,3D1f Cultivation of organic soils of croplands and grasslands,Carbon dioxide (CO2),-
1993,3D2 Indirect N2O emissions from managed soils,Carbon dioxide (CO2),-
1993,3F Field burning of agricultural residues,Carbon dioxide (CO2),-
1993,3G Liming,Carbon dioxide (CO2),472
1993,3H Urea application,Carbon dioxide (CO2),1
1993,"4 Land use, land-use change and forestry (LULUCF)",Carbon dioxide (CO2),-39737
1993,4A Forest land,Carbon dioxide (CO2),-44644
1993,4Ai1 Forest land: biomass (mineral soils),Carbon dioxide (CO2),-17039
1993,4Ai2 Forest land: biomass (organic soils),Carbon dioxide (CO2),-19252
1993,4Aiv Forest land: DOM + SOM (mineral soils),Carbon dioxide (CO2),-9327
1993,4Av Forest land: DOM + SOM (organic soils),Carbon dioxide (CO2),974
1993,4(i)A Forest land: N2O emissions from N-fertilization,Carbon dioxide (CO2),-
1993,4(ii)A Forest land: emissions and removals from drainage and rewetting,Carbon dioxide (CO2),-
1993,4(iii)A Forest land: N2O emissions from nitrogen mineralization associated with loss of soil organic matter in mineral soils,Carbon dioxide (CO2),-
1993,"4(iv)A Forest land: biomass burning (wildfires, prescribed and restoration burnings)",Carbon dioxide (CO2),-
1993,4B Cropland,Carbon dioxide (CO2),5293
1993,4Bi Cropland: biomass,Carbon dioxide (CO2),302
1993,4Biv Cropland: DOM + SOM (mineral soils),Carbon dioxide (CO2),-171
1993,4Bv Cropland: DOM + SOM (organic soils),Carbon dioxide (CO2),5162
1993,4(iii)B Cropland: N2O emissions from nitrogen mineralization associated with loss of soil organic matter in mineral soils,Carbon dioxide (CO2),-
1993,4C Grassland,Carbon dioxide (CO2),967
1993,4Ci Grassland: biomass,Carbon dioxide (CO2),8
1993,4Civ Grassland: DOM + SOM (mineral soils),Carbon dioxide (CO2),-33
1993,4Cv Grassland: DOM + SOM (organic soils),Carbon dioxide (CO2),992
1993,4(iii)C Grassland: N2O emissions from nitrogen mineralization associated with loss of soil organic matter in mineral soils,Carbon dioxide (CO2),-
1993,"4(iv)C Grassland: biomass burning (wildfires, prescribed and restoration burnings)",Carbon dioxide (CO2),0
1993,4D Wetlands,Carbon dioxide (CO2),1447
1993,4Di Wetlands: biomass,Carbon dioxide (CO2),78
1993,4Diii Wetlands: dead wood,Carbon dioxide (CO2),2
1993,4Dv Wetlands: SOM,Carbon dioxide (CO2),1367
1993,4(ii)D Wetlands: emissions and removals from drainage and rewetting,Carbon dioxide (CO2),-
1993,4E Settlements,Carbon dioxide (CO2),1055
1993,4Ei Settlements: biomass,Carbon dioxide (CO2),798
1993,4Eiii Settlements: dead wood,Carbon dioxide (CO2),15
1993,4Eiv-v Settlements: SOM  and litter,Carbon dioxide (CO2),243
1993,4(i)E Settlements: N2O emissions from N-fertilization,Carbon dioxide (CO2),-
1993,4(ii)E Settlements: emissions and removals from drainage and rewetting,Carbon dioxide (CO2),-
1993,4(iii)E Settlements: N2O emissions from nitrogen mineralization associated with loss of soil organic matter in mineral soils,Carbon dioxide (CO2),-
1993,4G Harvested wood products,Carbon dioxide (CO2),-3854
1993,5 Waste management,Carbon dioxide (CO2),-
1993,5A Waste disposal,Carbon dioxide (CO2),-
1993,5B Biological treatment of  waste,Carbon dioxide (CO2),-
1993,5D Wastewater treatment and discharge,Carbon dioxide (CO2),-
1993,Indirect CO2 emission,Carbon dioxide (CO2),140
1994,Emissions without LULUCF,Carbon dioxide (CO2),61880
1994,Emissions with LULUCF,Carbon dioxide (CO2),28400
1994,1 Energy,Carbon dioxide (CO2),57738
1994,1A1 Energy industries,Carbon dioxide (CO2),26084
1994,1A2 Manufacturing industries and construction,Carbon dioxide (CO2),12589
1994,1A2(-1A2gvii) Manufacturing industries and construction excl. off-road vehicles and other machinery,Carbon dioxide (CO2),11686
1994,1A2gvii Off-road vehicles and other machinery production,Carbon dioxide (CO2),903
1994,1A3 Transport,Carbon dioxide (CO2),11272
1994,1A3a Domestic aviation,Carbon dioxide (CO2),259
1994,1A3b Road transportation,Carbon dioxide (CO2),10310
1994,1A3bi Cars,Carbon dioxide (CO2),-
1994,1A3bii Light duty trucks,Carbon dioxide (CO2),-
1994,1A3biii Heavyduty trucks,Carbon dioxide (CO2),-
1994,1A3biv Motorcycles,Carbon dioxide (CO2),-
1994,1A3c Railways,Carbon dioxide (CO2),211
1994,1A3d Domestic navigation,Carbon dioxide (CO2),493
1994,1A4 Other sectors,Carbon dioxide (CO2),6500
1994,1A4a Commercial and institutional,Carbon dioxide (CO2),1897
1994,"1A4ai Commercial/institutional, stationary",Carbon dioxide (CO2),1484
1994,"1A4aii Commercial/institutional, off-road vehicles and other machinery",Carbon dioxide (CO2),413
1994,1A4b Residential,Carbon dioxide (CO2),2749
1994,"1A4bi Residential, stationary",Carbon dioxide (CO2),2593
1994,"1A4bii Residential, off-road vehicles and other machinery",Carbon dioxide (CO2),155
1994,"1A4c Agriculture, forestry anf fishing",Carbon dioxide (CO2),1854
1994,"1A4ci Agriculture/forestry, stationary",Carbon dioxide (CO2),822
1994,"1A4cii Agriculture/forestry, off-road vehicles and other machinery",Carbon dioxide (CO2),873
1994,1A4ciii Fishing,Carbon dioxide (CO2),160
1994,1A5 Other fuel use,Carbon dioxide (CO2),1228
1994,1B Fugitive emissions from fuels,Carbon dioxide (CO2),66
1994,1D International transport,Carbon dioxide (CO2),2169
1994,1D1a International aviation,Carbon dioxide (CO2),829
1994,1D1b International navigation,Carbon dioxide (CO2),1340
1994,2 Industrial processes and product use,Carbon dioxide (CO2),3529
1994,2A Mineral industry,Carbon dioxide (CO2),898
1994,2B Chemical industry,Carbon dioxide (CO2),313
1994,2C Metal industry,Carbon dioxide (CO2),2122
1994,2D Non-energy products from fuels and solvent use,Carbon dioxide (CO2),196
1994,2F Product uses as substitutes for ozone-depleting substances,Carbon dioxide (CO2),-
1994,2F1 Refrigeration and air conditioning,Carbon dioxide (CO2),-
1994,2F1a Commercial refrigeration,Carbon dioxide (CO2),-
1994,2F1b Domestic refrigeration,Carbon dioxide (CO2),-
1994,2F1c Industrial refrigeration,Carbon dioxide (CO2),-
1994,2F1d Transport refrigeration,Carbon dioxide (CO2),-
1994,2F1e Mobile air-conditioning,Carbon dioxide (CO2),-
1994,2F1f Stationary air-conditioning,Carbon dioxide (CO2),-
1994,2F2 Foam blowing agents,Carbon dioxide (CO2),-
1994,2F4 Aerosols,Carbon dioxide (CO2),-
1994,2G Other product manufacture and use,Carbon dioxide (CO2),-
1994,2H Other emissions from industrial processses,Carbon dioxide (CO2),-
1994,3 Agriculture,Carbon dioxide (CO2),473
1994,3A  Enteric fermentation,Carbon dioxide (CO2),-
1994,3A1 Cattle,Carbon dioxide (CO2),-
1994,3A1a Dairy cattle,Carbon dioxide (CO2),-
1994,3A1b Non-dairy cattle,Carbon dioxide (CO2),-
1994,3A2 Sheep,Carbon dioxide (CO2),-
1994,3A3 Swine,Carbon dioxide (CO2),-
1994,3A4d Goats,Carbon dioxide (CO2),-
1994,3A4e Horses and ponies,Carbon dioxide (CO2),-
1994,3A4hii Reindeer,Carbon dioxide (CO2),-
1994,3A4hiv Fur-bearing animals,Carbon dioxide (CO2),-
1994,3B Manure management,Carbon dioxide (CO2),-
1994,3B1 Cattle,Carbon dioxide (CO2),-
1994,3B1a Dairy cattle,Carbon dioxide (CO2),-
1994,3B1b Non-dairy cattle,Carbon dioxide (CO2),-
1994,3B2 Sheep,Carbon dioxide (CO2),-
1994,3B3 Swine,Carbon dioxide (CO2),-
1994,3B4d Goats,Carbon dioxide (CO2),-
1994,3B4e Horses and ponies,Carbon dioxide (CO2),-
1994,3B4g Poultry,Carbon dioxide (CO2),-
1994,3B4hii Reindeer,Carbon dioxide (CO2),-
1994,3B4hiv Fur-bearing animals,Carbon dioxide (CO2),-
1994,3B5 Indirect N2O emissions from manure management,Carbon dioxide (CO2),-
1994,3D Agricultural soils,Carbon dioxide (CO2),-
1994,3D1 Direct N2O emissions from managed soils,Carbon dioxide (CO2),-
1994,3D1a Inorganic N fertilizers,Carbon dioxide (CO2),-
1994,3D1b Organic N fertilizers,Carbon dioxide (CO2),-
1994,3D1c Urine and dung deposited by grazing animals,Carbon dioxide (CO2),-
1994,3D1d Crop residues,Carbon dioxide (CO2),-
1994,3D1e N2O emissions from nitrogen mineralization associated with loss of soil organic matter in mineral soils,Carbon dioxide (CO2),-
1994,3D1f Cultivation of organic soils of croplands and grasslands,Carbon dioxide (CO2),-
1994,3D2 Indirect N2O emissions from managed soils,Carbon dioxide (CO2),-
1994,3F Field burning of agricultural residues,Carbon dioxide (CO2),-
1994,3G Liming,Carbon dioxide (CO2),472
1994,3H Urea application,Carbon dioxide (CO2),1
1994,"4 Land use, land-use change and forestry (LULUCF)",Carbon dioxide (CO2),-33480
1994,4A Forest land,Carbon dioxide (CO2),-37055
1994,4Ai1 Forest land: biomass (mineral soils),Carbon dioxide (CO2),-8938
1994,4Ai2 Forest land: biomass (organic soils),Carbon dioxide (CO2),-18467
1994,4Aiv Forest land: DOM + SOM (mineral soils),Carbon dioxide (CO2),-9863
1994,4Av Forest land: DOM + SOM (organic soils),Carbon dioxide (CO2),212
1994,4(i)A Forest land: N2O emissions from N-fertilization,Carbon dioxide (CO2),-
1994,4(ii)A Forest land: emissions and removals from drainage and rewetting,Carbon dioxide (CO2),-
1994,4(iii)A Forest land: N2O emissions from nitrogen mineralization associated with loss of soil organic matter in mineral soils,Carbon dioxide (CO2),-
1994,"4(iv)A Forest land: biomass burning (wildfires, prescribed and restoration burnings)",Carbon dioxide (CO2),-
1994,4B Cropland,Carbon dioxide (CO2),5285
1994,4Bi Cropland: biomass,Carbon dioxide (CO2),317
1994,4Biv Cropland: DOM + SOM (mineral soils),Carbon dioxide (CO2),-172
1994,4Bv Cropland: DOM + SOM (organic soils),Carbon dioxide (CO2),5140
1994,4(iii)B Cropland: N2O emissions from nitrogen mineralization associated with loss of soil organic matter in mineral soils,Carbon dioxide (CO2),-
1994,4C Grassland,Carbon dioxide (CO2),938
1994,4Ci Grassland: biomass,Carbon dioxide (CO2),6
1994,4Civ Grassland: DOM + SOM (mineral soils),Carbon dioxide (CO2),-31
1994,4Cv Grassland: DOM + SOM (organic soils),Carbon dioxide (CO2),963
1994,4(iii)C Grassland: N2O emissions from nitrogen mineralization associated with loss of soil organic matter in mineral soils,Carbon dioxide (CO2),-
1994,"4(iv)C Grassland: biomass burning (wildfires, prescribed and restoration burnings)",Carbon dioxide (CO2),0
1994,4D Wetlands,Carbon dioxide (CO2),1663
1994,4Di Wetlands: biomass,Carbon dioxide (CO2),88
1994,4Diii Wetlands: dead wood,Carbon dioxide (CO2),2
1994,4Dv Wetlands: SOM,Carbon dioxide (CO2),1573
1994,4(ii)D Wetlands: emissions and removals from drainage and rewetting,Carbon dioxide (CO2),-
1994,4E Settlements,Carbon dioxide (CO2),1113
1994,4Ei Settlements: biomass,Carbon dioxide (CO2),852
1994,4Eiii Settlements: dead wood,Carbon dioxide (CO2),16
1994,4Eiv-v Settlements: SOM  and litter,Carbon dioxide (CO2),246
1994,4(i)E Settlements: N2O emissions from N-fertilization,Carbon dioxide (CO2),-
1994,4(ii)E Settlements: emissions and removals from drainage and rewetting,Carbon dioxide (CO2),-
1994,4(iii)E Settlements: N2O emissions from nitrogen mineralization associated with loss of soil organic matter in mineral soils,Carbon dioxide (CO2),-
1994,4G Harvested wood products,Carbon dioxide (CO2),-5424
1994,5 Waste management,Carbon dioxide (CO2),-
1994,5A Waste disposal,Carbon dioxide (CO2),-
1994,5B Biological treatment of  waste,Carbon dioxide (CO2),-
1994,5D Wastewater treatment and discharge,Carbon dioxide (CO2),-
1994,Indirect CO2 emission,Carbon dioxide (CO2),139
1995,Emissions without LULUCF,Carbon dioxide (CO2),58254
1995,Emissions with LULUCF,Carbon dioxide (CO2),26161
1995,1 Energy,Carbon dioxide (CO2),54223
1995,1A1 Energy industries,Carbon dioxide (CO2),23752
1995,1A2 Manufacturing industries and construction,Carbon dioxide (CO2),11985
1995,1A2(-1A2gvii) Manufacturing industries and construction excl. off-road vehicles and other machinery,Carbon dioxide (CO2),11068
1995,1A2gvii Off-road vehicles and other machinery production,Carbon dioxide (CO2),917
1995,1A3 Transport,Carbon dioxide (CO2),11076
1995,1A3a Domestic aviation,Carbon dioxide (CO2),262
1995,1A3b Road transportation,Carbon dioxide (CO2),10162
1995,1A3bi Cars,Carbon dioxide (CO2),-
1995,1A3bii Light duty trucks,Carbon dioxide (CO2),-
1995,1A3biii Heavyduty trucks,Carbon dioxide (CO2),-
1995,1A3biv Motorcycles,Carbon dioxide (CO2),-
1995,1A3c Railways,Carbon dioxide (CO2),193
1995,1A3d Domestic navigation,Carbon dioxide (CO2),459
1995,1A4 Other sectors,Carbon dioxide (CO2),6016
1995,1A4a Commercial and institutional,Carbon dioxide (CO2),1579
1995,"1A4ai Commercial/institutional, stationary",Carbon dioxide (CO2),1172
1995,"1A4aii Commercial/institutional, off-road vehicles and other machinery",Carbon dioxide (CO2),406
1995,1A4b Residential,Carbon dioxide (CO2),2693
1995,"1A4bi Residential, stationary",Carbon dioxide (CO2),2538
1995,"1A4bii Residential, off-road vehicles and other machinery",Carbon dioxide (CO2),155
1995,"1A4c Agriculture, forestry anf fishing",Carbon dioxide (CO2),1744
1995,"1A4ci Agriculture/forestry, stationary",Carbon dioxide (CO2),716
1995,"1A4cii Agriculture/forestry, off-road vehicles and other machinery",Carbon dioxide (CO2),870
1995,1A4ciii Fishing,Carbon dioxide (CO2),158
1995,1A5 Other fuel use,Carbon dioxide (CO2),1319
1995,1B Fugitive emissions from fuels,Carbon dioxide (CO2),75
1995,1D International transport,Carbon dioxide (CO2),1956
1995,1D1a International aviation,Carbon dioxide (CO2),897
1995,1D1b International navigation,Carbon dioxide (CO2),1059
1995,2 Industrial processes and product use,Carbon dioxide (CO2),3490
1995,2A Mineral industry,Carbon dioxide (CO2),874
1995,2B Chemical industry,Carbon dioxide (CO2),355
1995,2C Metal industry,Carbon dioxide (CO2),2076
1995,2D Non-energy products from fuels and solvent use,Carbon dioxide (CO2),186
1995,2F Product uses as substitutes for ozone-depleting substances,Carbon dioxide (CO2),-
1995,2F1 Refrigeration and air conditioning,Carbon dioxide (CO2),-
1995,2F1a Commercial refrigeration,Carbon dioxide (CO2),-
1995,2F1b Domestic refrigeration,Carbon dioxide (CO2),-
1995,2F1c Industrial refrigeration,Carbon dioxide (CO2),-
1995,2F1d Transport refrigeration,Carbon dioxide (CO2),-
1995,2F1e Mobile air-conditioning,Carbon dioxide (CO2),-
1995,2F1f Stationary air-conditioning,Carbon dioxide (CO2),-
1995,2F2 Foam blowing agents,Carbon dioxide (CO2),-
1995,2F4 Aerosols,Carbon dioxide (CO2),-
1995,2G Other product manufacture and use,Carbon dioxide (CO2),-
1995,2H Other emissions from industrial processses,Carbon dioxide (CO2),-
1995,3 Agriculture,Carbon dioxide (CO2),410
1995,3A  Enteric fermentation,Carbon dioxide (CO2),-
1995,3A1 Cattle,Carbon dioxide (CO2),-
1995,3A1a Dairy cattle,Carbon dioxide (CO2),-
1995,3A1b Non-dairy cattle,Carbon dioxide (CO2),-
1995,3A2 Sheep,Carbon dioxide (CO2),-
1995,3A3 Swine,Carbon dioxide (CO2),-
1995,3A4d Goats,Carbon dioxide (CO2),-
1995,3A4e Horses and ponies,Carbon dioxide (CO2),-
1995,3A4hii Reindeer,Carbon dioxide (CO2),-
1995,3A4hiv Fur-bearing animals,Carbon dioxide (CO2),-
1995,3B Manure management,Carbon dioxide (CO2),-
1995,3B1 Cattle,Carbon dioxide (CO2),-
1995,3B1a Dairy cattle,Carbon dioxide (CO2),-
1995,3B1b Non-dairy cattle,Carbon dioxide (CO2),-
1995,3B2 Sheep,Carbon dioxide (CO2),-
1995,3B3 Swine,Carbon dioxide (CO2),-
1995,3B4d Goats,Carbon dioxide (CO2),-
1995,3B4e Horses and ponies,Carbon dioxide (CO2),-
1995,3B4g Poultry,Carbon dioxide (CO2),-
1995,3B4hii Reindeer,Carbon dioxide (CO2),-
1995,3B4hiv Fur-bearing animals,Carbon dioxide (CO2),-
1995,3B5 Indirect N2O emissions from manure management,Carbon dioxide (CO2),-
1995,3D Agricultural soils,Carbon dioxide (CO2),-
1995,3D1 Direct N2O emissions from managed soils,Carbon dioxide (CO2),-
1995,3D1a Inorganic N fertilizers,Carbon dioxide (CO2),-
1995,3D1b Organic N fertilizers,Carbon dioxide (CO2),-
1995,3D1c Urine and dung deposited by grazing animals,Carbon dioxide (CO2),-
1995,3D1d Crop residues,Carbon dioxide (CO2),-
1995,3D1e N2O emissions from nitrogen mineralization associated with loss of soil organic matter in mineral soils,Carbon dioxide (CO2),-
1995,3D1f Cultivation of organic soils of croplands and grasslands,Carbon dioxide (CO2),-
1995,3D2 Indirect N2O emissions from managed soils,Carbon dioxide (CO2),-
1995,3F Field burning of agricultural residues,Carbon dioxide (CO2),-
1995,3G Liming,Carbon dioxide (CO2),410
1995,3H Urea application,Carbon dioxide (CO2),1
1995,"4 Land use, land-use change and forestry (LULUCF)",Carbon dioxide (CO2),-32093
1995,4A Forest land,Carbon dioxide (CO2),-36374
1995,4Ai1 Forest land: biomass (mineral soils),Carbon dioxide (CO2),-7495
1995,4Ai2 Forest land: biomass (organic soils),Carbon dioxide (CO2),-18656
1995,4Aiv Forest land: DOM + SOM (mineral soils),Carbon dioxide (CO2),-10694
1995,4Av Forest land: DOM + SOM (organic soils),Carbon dioxide (CO2),471
1995,4(i)A Forest land: N2O emissions from N-fertilization,Carbon dioxide (CO2),-
1995,4(ii)A Forest land: emissions and removals from drainage and rewetting,Carbon dioxide (CO2),-
1995,4(iii)A Forest land: N2O emissions from nitrogen mineralization associated with loss of soil organic matter in mineral soils,Carbon dioxide (CO2),-
1995,"4(iv)A Forest land: biomass burning (wildfires, prescribed and restoration burnings)",Carbon dioxide (CO2),-
1995,4B Cropland,Carbon dioxide (CO2),5609
1995,4Bi Cropland: biomass,Carbon dioxide (CO2),333
1995,4Biv Cropland: DOM + SOM (mineral soils),Carbon dioxide (CO2),110
1995,4Bv Cropland: DOM + SOM (organic soils),Carbon dioxide (CO2),5167
1995,4(iii)B Cropland: N2O emissions from nitrogen mineralization associated with loss of soil organic matter in mineral soils,Carbon dioxide (CO2),-
1995,4C Grassland,Carbon dioxide (CO2),919
1995,4Ci Grassland: biomass,Carbon dioxide (CO2),5
1995,4Civ Grassland: DOM + SOM (mineral soils),Carbon dioxide (CO2),-30
1995,4Cv Grassland: DOM + SOM (organic soils),Carbon dioxide (CO2),944
1995,4(iii)C Grassland: N2O emissions from nitrogen mineralization associated with loss of soil organic matter in mineral soils,Carbon dioxide (CO2),-
1995,"4(iv)C Grassland: biomass burning (wildfires, prescribed and restoration burnings)",Carbon dioxide (CO2),0
1995,4D Wetlands,Carbon dioxide (CO2),1532
1995,4Di Wetlands: biomass,Carbon dioxide (CO2),91
1995,4Diii Wetlands: dead wood,Carbon dioxide (CO2),2
1995,4Dv Wetlands: SOM,Carbon dioxide (CO2),1439
1995,4(ii)D Wetlands: emissions and removals from drainage and rewetting,Carbon dioxide (CO2),-
1995,4E Settlements,Carbon dioxide (CO2),1121
1995,4Ei Settlements: biomass,Carbon dioxide (CO2),854
1995,4Eiii Settlements: dead wood,Carbon dioxide (CO2),17
1995,4Eiv-v Settlements: SOM  and litter,Carbon dioxide (CO2),250
1995,4(i)E Settlements: N2O emissions from N-fertilization,Carbon dioxide (CO2),-
1995,4(ii)E Settlements: emissions and removals from drainage and rewetting,Carbon dioxide (CO2),-
1995,4(iii)E Settlements: N2O emissions from nitrogen mineralization associated with loss of soil organic matter in mineral soils,Carbon dioxide (CO2),-
1995,4G Harvested wood products,Carbon dioxide (CO2),-4900
1995,5 Waste management,Carbon dioxide (CO2),-
1995,5A Waste disposal,Carbon dioxide (CO2),-
1995,5B Biological treatment of  waste,Carbon dioxide (CO2),-
1995,5D Wastewater treatment and discharge,Carbon dioxide (CO2),-
1995,Indirect CO2 emission,Carbon dioxide (CO2),130
1996,Emissions without LULUCF,Carbon dioxide (CO2),64157
1996,Emissions with LULUCF,Carbon dioxide (CO2),24893
1996,1 Energy,Carbon dioxide (CO2),59953
1996,1A1 Energy industries,Carbon dioxide (CO2),29491
1996,1A2 Manufacturing industries and construction,Carbon dioxide (CO2),11846
1996,1A2(-1A2gvii) Manufacturing industries and construction excl. off-road vehicles and other machinery,Carbon dioxide (CO2),10930
1996,1A2gvii Off-road vehicles and other machinery production,Carbon dioxide (CO2),916
1996,1A3 Transport,Carbon dioxide (CO2),11078
1996,1A3a Domestic aviation,Carbon dioxide (CO2),305
1996,1A3b Road transportation,Carbon dioxide (CO2),10108
1996,1A3bi Cars,Carbon dioxide (CO2),-
1996,1A3bii Light duty trucks,Carbon dioxide (CO2),-
1996,1A3biii Heavyduty trucks,Carbon dioxide (CO2),-
1996,1A3biv Motorcycles,Carbon dioxide (CO2),-
1996,1A3c Railways,Carbon dioxide (CO2),176
1996,1A3d Domestic navigation,Carbon dioxide (CO2),488
1996,1A4 Other sectors,Carbon dioxide (CO2),6101
1996,1A4a Commercial and institutional,Carbon dioxide (CO2),1639
1996,"1A4ai Commercial/institutional, stationary",Carbon dioxide (CO2),1240
1996,"1A4aii Commercial/institutional, off-road vehicles and other machinery",Carbon dioxide (CO2),399
1996,1A4b Residential,Carbon dioxide (CO2),2738
1996,"1A4bi Residential, stationary",Carbon dioxide (CO2),2583
1996,"1A4bii Residential, off-road vehicles and other machinery",Carbon dioxide (CO2),155
1996,"1A4c Agriculture, forestry anf fishing",Carbon dioxide (CO2),1724
1996,"1A4ci Agriculture/forestry, stationary",Carbon dioxide (CO2),715
1996,"1A4cii Agriculture/forestry, off-road vehicles and other machinery",Carbon dioxide (CO2),852
1996,1A4ciii Fishing,Carbon dioxide (CO2),157
1996,1A5 Other fuel use,Carbon dioxide (CO2),1373
1996,1B Fugitive emissions from fuels,Carbon dioxide (CO2),65
1996,1D International transport,Carbon dioxide (CO2),2159
1996,1D1a International aviation,Carbon dioxide (CO2),960
1996,1D1b International navigation,Carbon dioxide (CO2),1199
1996,2 Industrial processes and product use,Carbon dioxide (CO2),3611
1996,2A Mineral industry,Carbon dioxide (CO2),914
1996,2B Chemical industry,Carbon dioxide (CO2),332
1996,2C Metal industry,Carbon dioxide (CO2),2199
1996,2D Non-energy products from fuels and solvent use,Carbon dioxide (CO2),166
1996,2F Product uses as substitutes for ozone-depleting substances,Carbon dioxide (CO2),-
1996,2F1 Refrigeration and air conditioning,Carbon dioxide (CO2),-
1996,2F1a Commercial refrigeration,Carbon dioxide (CO2),-
1996,2F1b Domestic refrigeration,Carbon dioxide (CO2),-
1996,2F1c Industrial refrigeration,Carbon dioxide (CO2),-
1996,2F1d Transport refrigeration,Carbon dioxide (CO2),-
1996,2F1e Mobile air-conditioning,Carbon dioxide (CO2),-
1996,2F1f Stationary air-conditioning,Carbon dioxide (CO2),-
1996,2F2 Foam blowing agents,Carbon dioxide (CO2),-
1996,2F4 Aerosols,Carbon dioxide (CO2),-
1996,2G Other product manufacture and use,Carbon dioxide (CO2),-
1996,2H Other emissions from industrial processses,Carbon dioxide (CO2),-
1996,3 Agriculture,Carbon dioxide (CO2),478
1996,3A  Enteric fermentation,Carbon dioxide (CO2),-
1996,3A1 Cattle,Carbon dioxide (CO2),-
1996,3A1a Dairy cattle,Carbon dioxide (CO2),-
1996,3A1b Non-dairy cattle,Carbon dioxide (CO2),-
1996,3A2 Sheep,Carbon dioxide (CO2),-
1996,3A3 Swine,Carbon dioxide (CO2),-
1996,3A4d Goats,Carbon dioxide (CO2),-
1996,3A4e Horses and ponies,Carbon dioxide (CO2),-
1996,3A4hii Reindeer,Carbon dioxide (CO2),-
1996,3A4hiv Fur-bearing animals,Carbon dioxide (CO2),-
1996,3B Manure management,Carbon dioxide (CO2),-
1996,3B1 Cattle,Carbon dioxide (CO2),-
1996,3B1a Dairy cattle,Carbon dioxide (CO2),-
1996,3B1b Non-dairy cattle,Carbon dioxide (CO2),-
1996,3B2 Sheep,Carbon dioxide (CO2),-
1996,3B3 Swine,Carbon dioxide (CO2),-
1996,3B4d Goats,Carbon dioxide (CO2),-
1996,3B4e Horses and ponies,Carbon dioxide (CO2),-
1996,3B4g Poultry,Carbon dioxide (CO2),-
1996,3B4hii Reindeer,Carbon dioxide (CO2),-
1996,3B4hiv Fur-bearing animals,Carbon dioxide (CO2),-
1996,3B5 Indirect N2O emissions from manure management,Carbon dioxide (CO2),-
1996,3D Agricultural soils,Carbon dioxide (CO2),-
1996,3D1 Direct N2O emissions from managed soils,Carbon dioxide (CO2),-
1996,3D1a Inorganic N fertilizers,Carbon dioxide (CO2),-
1996,3D1b Organic N fertilizers,Carbon dioxide (CO2),-
1996,3D1c Urine and dung deposited by grazing animals,Carbon dioxide (CO2),-
1996,3D1d Crop residues,Carbon dioxide (CO2),-
1996,3D1e N2O emissions from nitrogen mineralization associated with loss of soil organic matter in mineral soils,Carbon dioxide (CO2),-
1996,3D1f Cultivation of organic soils of croplands and grasslands,Carbon dioxide (CO2),-
1996,3D2 Indirect N2O emissions from managed soils,Carbon dioxide (CO2),-
1996,3F Field burning of agricultural residues,Carbon dioxide (CO2),-
1996,3G Liming,Carbon dioxide (CO2),477
1996,3H Urea application,Carbon dioxide (CO2),1
1996,"4 Land use, land-use change and forestry (LULUCF)",Carbon dioxide (CO2),-39264
1996,4A Forest land,Carbon dioxide (CO2),-44784
1996,4Ai1 Forest land: biomass (mineral soils),Carbon dioxide (CO2),-13873
1996,4Ai2 Forest land: biomass (organic soils),Carbon dioxide (CO2),-20668
1996,4Aiv Forest land: DOM + SOM (mineral soils),Carbon dioxide (CO2),-11348
1996,4Av Forest land: DOM + SOM (organic soils),Carbon dioxide (CO2),1106
1996,4(i)A Forest land: N2O emissions from N-fertilization,Carbon dioxide (CO2),-
1996,4(ii)A Forest land: emissions and removals from drainage and rewetting,Carbon dioxide (CO2),-
1996,4(iii)A Forest land: N2O emissions from nitrogen mineralization associated with loss of soil organic matter in mineral soils,Carbon dioxide (CO2),-
1996,"4(iv)A Forest land: biomass burning (wildfires, prescribed and restoration burnings)",Carbon dioxide (CO2),-
1996,4B Cropland,Carbon dioxide (CO2),5970
1996,4Bi Cropland: biomass,Carbon dioxide (CO2),410
1996,4Biv Cropland: DOM + SOM (mineral soils),Carbon dioxide (CO2),338
1996,4Bv Cropland: DOM + SOM (organic soils),Carbon dioxide (CO2),5222
1996,4(iii)B Cropland: N2O emissions from nitrogen mineralization associated with loss of soil organic matter in mineral soils,Carbon dioxide (CO2),-
1996,4C Grassland,Carbon dioxide (CO2),894
1996,4Ci Grassland: biomass,Carbon dioxide (CO2),-9
1996,4Civ Grassland: DOM + SOM (mineral soils),Carbon dioxide (CO2),-29
1996,4Cv Grassland: DOM + SOM (organic soils),Carbon dioxide (CO2),931
1996,4(iii)C Grassland: N2O emissions from nitrogen mineralization associated with loss of soil organic matter in mineral soils,Carbon dioxide (CO2),-
1996,"4(iv)C Grassland: biomass burning (wildfires, prescribed and restoration burnings)",Carbon dioxide (CO2),0
1996,4D Wetlands,Carbon dioxide (CO2),1578
1996,4Di Wetlands: biomass,Carbon dioxide (CO2),71
1996,4Diii Wetlands: dead wood,Carbon dioxide (CO2),2
1996,4Dv Wetlands: SOM,Carbon dioxide (CO2),1506
1996,4(ii)D Wetlands: emissions and removals from drainage and rewetting,Carbon dioxide (CO2),-
1996,4E Settlements,Carbon dioxide (CO2),1190
1996,4Ei Settlements: biomass,Carbon dioxide (CO2),916
1996,4Eiii Settlements: dead wood,Carbon dioxide (CO2),19
1996,4Eiv-v Settlements: SOM  and litter,Carbon dioxide (CO2),255
1996,4(i)E Settlements: N2O emissions from N-fertilization,Carbon dioxide (CO2),-
1996,4(ii)E Settlements: emissions and removals from drainage and rewetting,Carbon dioxide (CO2),-
1996,4(iii)E Settlements: N2O emissions from nitrogen mineralization associated with loss of soil organic matter in mineral soils,Carbon dioxide (CO2),-
1996,4G Harvested wood products,Carbon dioxide (CO2),-4113
1996,5 Waste management,Carbon dioxide (CO2),-
1996,5A Waste disposal,Carbon dioxide (CO2),-
1996,5B Biological treatment of  waste,Carbon dioxide (CO2),-
1996,5D Wastewater treatment and discharge,Carbon dioxide (CO2),-
1996,Indirect CO2 emission,Carbon dioxide (CO2),116
1997,Emissions without LULUCF,Carbon dioxide (CO2),62819
1997,Emissions with LULUCF,Carbon dioxide (CO2),27114
1997,1 Energy,Carbon dioxide (CO2),58382
1997,1A1 Energy industries,Carbon dioxide (CO2),27111
1997,1A2 Manufacturing industries and construction,Carbon dioxide (CO2),12109
1997,1A2(-1A2gvii) Manufacturing industries and construction excl. off-road vehicles and other machinery,Carbon dioxide (CO2),11184
1997,1A2gvii Off-road vehicles and other machinery production,Carbon dioxide (CO2),925
1997,1A3 Transport,Carbon dioxide (CO2),11638
1997,1A3a Domestic aviation,Carbon dioxide (CO2),339
1997,1A3b Road transportation,Carbon dioxide (CO2),10594
1997,1A3bi Cars,Carbon dioxide (CO2),-
1997,1A3bii Light duty trucks,Carbon dioxide (CO2),-
1997,1A3biii Heavyduty trucks,Carbon dioxide (CO2),-
1997,1A3biv Motorcycles,Carbon dioxide (CO2),-
1997,1A3c Railways,Carbon dioxide (CO2),187
1997,1A3d Domestic navigation,Carbon dioxide (CO2),517
1997,1A4 Other sectors,Carbon dioxide (CO2),6108
1997,1A4a Commercial and institutional,Carbon dioxide (CO2),1652
1997,"1A4ai Commercial/institutional, stationary",Carbon dioxide (CO2),1243
1997,"1A4aii Commercial/institutional, off-road vehicles and other machinery",Carbon dioxide (CO2),409
1997,1A4b Residential,Carbon dioxide (CO2),2736
1997,"1A4bi Residential, stationary",Carbon dioxide (CO2),2577
1997,"1A4bii Residential, off-road vehicles and other machinery",Carbon dioxide (CO2),158
1997,"1A4c Agriculture, forestry anf fishing",Carbon dioxide (CO2),1720
1997,"1A4ci Agriculture/forestry, stationary",Carbon dioxide (CO2),690
1997,"1A4cii Agriculture/forestry, off-road vehicles and other machinery",Carbon dioxide (CO2),873
1997,1A4ciii Fishing,Carbon dioxide (CO2),157
1997,1A5 Other fuel use,Carbon dioxide (CO2),1313
1997,1B Fugitive emissions from fuels,Carbon dioxide (CO2),103
1997,1D International transport,Carbon dioxide (CO2),2295
1997,1D1a International aviation,Carbon dioxide (CO2),998
1997,1D1b International navigation,Carbon dioxide (CO2),1297
1997,2 Industrial processes and product use,Carbon dioxide (CO2),3830
1997,2A Mineral industry,Carbon dioxide (CO2),943
1997,2B Chemical industry,Carbon dioxide (CO2),321
1997,2C Metal industry,Carbon dioxide (CO2),2415
1997,2D Non-energy products from fuels and solvent use,Carbon dioxide (CO2),151
1997,2F Product uses as substitutes for ozone-depleting substances,Carbon dioxide (CO2),-
1997,2F1 Refrigeration and air conditioning,Carbon dioxide (CO2),-
1997,2F1a Commercial refrigeration,Carbon dioxide (CO2),-
1997,2F1b Domestic refrigeration,Carbon dioxide (CO2),-
1997,2F1c Industrial refrigeration,Carbon dioxide (CO2),-
1997,2F1d Transport refrigeration,Carbon dioxide (CO2),-
1997,2F1e Mobile air-conditioning,Carbon dioxide (CO2),-
1997,2F1f Stationary air-conditioning,Carbon dioxide (CO2),-
1997,2F2 Foam blowing agents,Carbon dioxide (CO2),-
1997,2F4 Aerosols,Carbon dioxide (CO2),-
1997,2G Other product manufacture and use,Carbon dioxide (CO2),-
1997,2H Other emissions from industrial processses,Carbon dioxide (CO2),-
1997,3 Agriculture,Carbon dioxide (CO2),492
1997,3A  Enteric fermentation,Carbon dioxide (CO2),-
1997,3A1 Cattle,Carbon dioxide (CO2),-
1997,3A1a Dairy cattle,Carbon dioxide (CO2),-
1997,3A1b Non-dairy cattle,Carbon dioxide (CO2),-
1997,3A2 Sheep,Carbon dioxide (CO2),-
1997,3A3 Swine,Carbon dioxide (CO2),-
1997,3A4d Goats,Carbon dioxide (CO2),-
1997,3A4e Horses and ponies,Carbon dioxide (CO2),-
1997,3A4hii Reindeer,Carbon dioxide (CO2),-
1997,3A4hiv Fur-bearing animals,Carbon dioxide (CO2),-
1997,3B Manure management,Carbon dioxide (CO2),-
1997,3B1 Cattle,Carbon dioxide (CO2),-
1997,3B1a Dairy cattle,Carbon dioxide (CO2),-
1997,3B1b Non-dairy cattle,Carbon dioxide (CO2),-
1997,3B2 Sheep,Carbon dioxide (CO2),-
1997,3B3 Swine,Carbon dioxide (CO2),-
1997,3B4d Goats,Carbon dioxide (CO2),-
1997,3B4e Horses and ponies,Carbon dioxide (CO2),-
1997,3B4g Poultry,Carbon dioxide (CO2),-
1997,3B4hii Reindeer,Carbon dioxide (CO2),-
1997,3B4hiv Fur-bearing animals,Carbon dioxide (CO2),-
1997,3B5 Indirect N2O emissions from manure management,Carbon dioxide (CO2),-
1997,3D Agricultural soils,Carbon dioxide (CO2),-
1997,3D1 Direct N2O emissions from managed soils,Carbon dioxide (CO2),-
1997,3D1a Inorganic N fertilizers,Carbon dioxide (CO2),-
1997,3D1b Organic N fertilizers,Carbon dioxide (CO2),-
1997,3D1c Urine and dung deposited by grazing animals,Carbon dioxide (CO2),-
1997,3D1d Crop residues,Carbon dioxide (CO2),-
1997,3D1e N2O emissions from nitrogen mineralization associated with loss of soil organic matter in mineral soils,Carbon dioxide (CO2),-
1997,3D1f Cultivation of organic soils of croplands and grasslands,Carbon dioxide (CO2),-
1997,3D2 Indirect N2O emissions from managed soils,Carbon dioxide (CO2),-
1997,3F Field burning of agricultural residues,Carbon dioxide (CO2),-
1997,3G Liming,Carbon dioxide (CO2),491
1997,3H Urea application,Carbon dioxide (CO2),1
1997,"4 Land use, land-use change and forestry (LULUCF)",Carbon dioxide (CO2),-35705
1997,4A Forest land,Carbon dioxide (CO2),-38871
1997,4Ai1 Forest land: biomass (mineral soils),Carbon dioxide (CO2),-7828
1997,4Ai2 Forest land: biomass (organic soils),Carbon dioxide (CO2),-20170
1997,4Aiv Forest land: DOM + SOM (mineral soils),Carbon dioxide (CO2),-11144
1997,4Av Forest land: DOM + SOM (organic soils),Carbon dioxide (CO2),272
1997,4(i)A Forest land: N2O emissions from N-fertilization,Carbon dioxide (CO2),-
1997,4(ii)A Forest land: emissions and removals from drainage and rewetting,Carbon dioxide (CO2),-
1997,4(iii)A Forest land: N2O emissions from nitrogen mineralization associated with loss of soil organic matter in mineral soils,Carbon dioxide (CO2),-
1997,"4(iv)A Forest land: biomass burning (wildfires, prescribed and restoration burnings)",Carbon dioxide (CO2),-
1997,4B Cropland,Carbon dioxide (CO2),6100
1997,4Bi Cropland: biomass,Carbon dioxide (CO2),550
1997,4Biv Cropland: DOM + SOM (mineral soils),Carbon dioxide (CO2),297
1997,4Bv Cropland: DOM + SOM (organic soils),Carbon dioxide (CO2),5253
1997,4(iii)B Cropland: N2O emissions from nitrogen mineralization associated with loss of soil organic matter in mineral soils,Carbon dioxide (CO2),-
1997,4C Grassland,Carbon dioxide (CO2),900
1997,4Ci Grassland: biomass,Carbon dioxide (CO2),12
1997,4Civ Grassland: DOM + SOM (mineral soils),Carbon dioxide (CO2),-29
1997,4Cv Grassland: DOM + SOM (organic soils),Carbon dioxide (CO2),917
1997,4(iii)C Grassland: N2O emissions from nitrogen mineralization associated with loss of soil organic matter in mineral soils,Carbon dioxide (CO2),-
1997,"4(iv)C Grassland: biomass burning (wildfires, prescribed and restoration burnings)",Carbon dioxide (CO2),0
1997,4D Wetlands,Carbon dioxide (CO2),1650
1997,4Di Wetlands: biomass,Carbon dioxide (CO2),50
1997,4Diii Wetlands: dead wood,Carbon dioxide (CO2),1
1997,4Dv Wetlands: SOM,Carbon dioxide (CO2),1599
1997,4(ii)D Wetlands: emissions and removals from drainage and rewetting,Carbon dioxide (CO2),-
1997,4E Settlements,Carbon dioxide (CO2),1295
1997,4Ei Settlements: biomass,Carbon dioxide (CO2),1013
1997,4Eiii Settlements: dead wood,Carbon dioxide (CO2),22
1997,4Eiv-v Settlements: SOM  and litter,Carbon dioxide (CO2),261
1997,4(i)E Settlements: N2O emissions from N-fertilization,Carbon dioxide (CO2),-
1997,4(ii)E Settlements: emissions and removals from drainage and rewetting,Carbon dioxide (CO2),-
1997,4(iii)E Settlements: N2O emissions from nitrogen mineralization associated with loss of soil organic matter in mineral soils,Carbon dioxide (CO2),-
1997,4G Harvested wood products,Carbon dioxide (CO2),-6779
1997,5 Waste management,Carbon dioxide (CO2),-
1997,5A Waste disposal,Carbon dioxide (CO2),-
1997,5B Biological treatment of  waste,Carbon dioxide (CO2),-
1997,5D Wastewater treatment and discharge,Carbon dioxide (CO2),-
1997,Indirect CO2 emission,Carbon dioxide (CO2),115
1998,Emissions without LULUCF,Carbon dioxide (CO2),59471
1998,Emissions with LULUCF,Carbon dioxide (CO2),26424
1998,1 Energy,Carbon dioxide (CO2),55075
1998,1A1 Energy industries,Carbon dioxide (CO2),23873
1998,1A2 Manufacturing industries and construction,Carbon dioxide (CO2),11740
1998,1A2(-1A2gvii) Manufacturing industries and construction excl. off-road vehicles and other machinery,Carbon dioxide (CO2),10791
1998,1A2gvii Off-road vehicles and other machinery production,Carbon dioxide (CO2),949
1998,1A3 Transport,Carbon dioxide (CO2),11771
1998,1A3a Domestic aviation,Carbon dioxide (CO2),387
1998,1A3b Road transportation,Carbon dioxide (CO2),10703
1998,1A3bi Cars,Carbon dioxide (CO2),-
1998,1A3bii Light duty trucks,Carbon dioxide (CO2),-
1998,1A3biii Heavyduty trucks,Carbon dioxide (CO2),-
1998,1A3biv Motorcycles,Carbon dioxide (CO2),-
1998,1A3c Railways,Carbon dioxide (CO2),177
1998,1A3d Domestic navigation,Carbon dioxide (CO2),504
1998,1A4 Other sectors,Carbon dioxide (CO2),6196
1998,1A4a Commercial and institutional,Carbon dioxide (CO2),1675
1998,"1A4ai Commercial/institutional, stationary",Carbon dioxide (CO2),1251
1998,"1A4aii Commercial/institutional, off-road vehicles and other machinery",Carbon dioxide (CO2),424
1998,1A4b Residential,Carbon dioxide (CO2),2770
1998,"1A4bi Residential, stationary",Carbon dioxide (CO2),2609
1998,"1A4bii Residential, off-road vehicles and other machinery",Carbon dioxide (CO2),162
1998,"1A4c Agriculture, forestry anf fishing",Carbon dioxide (CO2),1751
1998,"1A4ci Agriculture/forestry, stationary",Carbon dioxide (CO2),701
1998,"1A4cii Agriculture/forestry, off-road vehicles and other machinery",Carbon dioxide (CO2),899
1998,1A4ciii Fishing,Carbon dioxide (CO2),151
1998,1A5 Other fuel use,Carbon dioxide (CO2),1430
1998,1B Fugitive emissions from fuels,Carbon dioxide (CO2),64
1998,1D International transport,Carbon dioxide (CO2),2681
1998,1D1a International aviation,Carbon dioxide (CO2),1022
1998,1D1b International navigation,Carbon dioxide (CO2),1659
1998,2 Industrial processes and product use,Carbon dioxide (CO2),3831
1998,2A Mineral industry,Carbon dioxide (CO2),956
1998,2B Chemical industry,Carbon dioxide (CO2),309
1998,2C Metal industry,Carbon dioxide (CO2),2420
1998,2D Non-energy products from fuels and solvent use,Carbon dioxide (CO2),146
1998,2F Product uses as substitutes for ozone-depleting substances,Carbon dioxide (CO2),-
1998,2F1 Refrigeration and air conditioning,Carbon dioxide (CO2),-
1998,2F1a Commercial refrigeration,Carbon dioxide (CO2),-
1998,2F1b Domestic refrigeration,Carbon dioxide (CO2),-
1998,2F1c Industrial refrigeration,Carbon dioxide (CO2),-
1998,2F1d Transport refrigeration,Carbon dioxide (CO2),-
1998,2F1e Mobile air-conditioning,Carbon dioxide (CO2),-
1998,2F1f Stationary air-conditioning,Carbon dioxide (CO2),-
1998,2F2 Foam blowing agents,Carbon dioxide (CO2),-
1998,2F4 Aerosols,Carbon dioxide (CO2),-
1998,2G Other product manufacture and use,Carbon dioxide (CO2),-
1998,2H Other emissions from industrial processses,Carbon dioxide (CO2),-
1998,3 Agriculture,Carbon dioxide (CO2),452
1998,3A  Enteric fermentation,Carbon dioxide (CO2),-
1998,3A1 Cattle,Carbon dioxide (CO2),-
1998,3A1a Dairy cattle,Carbon dioxide (CO2),-
1998,3A1b Non-dairy cattle,Carbon dioxide (CO2),-
1998,3A2 Sheep,Carbon dioxide (CO2),-
1998,3A3 Swine,Carbon dioxide (CO2),-
1998,3A4d Goats,Carbon dioxide (CO2),-
1998,3A4e Horses and ponies,Carbon dioxide (CO2),-
1998,3A4hii Reindeer,Carbon dioxide (CO2),-
1998,3A4hiv Fur-bearing animals,Carbon dioxide (CO2),-
1998,3B Manure management,Carbon dioxide (CO2),-
1998,3B1 Cattle,Carbon dioxide (CO2),-
1998,3B1a Dairy cattle,Carbon dioxide (CO2),-
1998,3B1b Non-dairy cattle,Carbon dioxide (CO2),-
1998,3B2 Sheep,Carbon dioxide (CO2),-
1998,3B3 Swine,Carbon dioxide (CO2),-
1998,3B4d Goats,Carbon dioxide (CO2),-
1998,3B4e Horses and ponies,Carbon dioxide (CO2),-
1998,3B4g Poultry,Carbon dioxide (CO2),-
1998,3B4hii Reindeer,Carbon dioxide (CO2),-
1998,3B4hiv Fur-bearing animals,Carbon dioxide (CO2),-
1998,3B5 Indirect N2O emissions from manure management,Carbon dioxide (CO2),-
1998,3D Agricultural soils,Carbon dioxide (CO2),-
1998,3D1 Direct N2O emissions from managed soils,Carbon dioxide (CO2),-
1998,3D1a Inorganic N fertilizers,Carbon dioxide (CO2),-
1998,3D1b Organic N fertilizers,Carbon dioxide (CO2),-
1998,3D1c Urine and dung deposited by grazing animals,Carbon dioxide (CO2),-
1998,3D1d Crop residues,Carbon dioxide (CO2),-
1998,3D1e N2O emissions from nitrogen mineralization associated with loss of soil organic matter in mineral soils,Carbon dioxide (CO2),-
1998,3D1f Cultivation of organic soils of croplands and grasslands,Carbon dioxide (CO2),-
1998,3D2 Indirect N2O emissions from managed soils,Carbon dioxide (CO2),-
1998,3F Field burning of agricultural residues,Carbon dioxide (CO2),-
1998,3G Liming,Carbon dioxide (CO2),452
1998,3H Urea application,Carbon dioxide (CO2),1
1998,"4 Land use, land-use change and forestry (LULUCF)",Carbon dioxide (CO2),-33046
1998,4A Forest land,Carbon dioxide (CO2),-36984
1998,4Ai1 Forest land: biomass (mineral soils),Carbon dioxide (CO2),-6237
1998,4Ai2 Forest land: biomass (organic soils),Carbon dioxide (CO2),-20293
1998,4Aiv Forest land: DOM + SOM (mineral soils),Carbon dioxide (CO2),-10894
1998,4Av Forest land: DOM + SOM (organic soils),Carbon dioxide (CO2),440
1998,4(i)A Forest land: N2O emissions from N-fertilization,Carbon dioxide (CO2),-
1998,4(ii)A Forest land: emissions and removals from drainage and rewetting,Carbon dioxide (CO2),-
1998,4(iii)A Forest land: N2O emissions from nitrogen mineralization associated with loss of soil organic matter in mineral soils,Carbon dioxide (CO2),-
1998,"4(iv)A Forest land: biomass burning (wildfires, prescribed and restoration burnings)",Carbon dioxide (CO2),-
1998,4B Cropland,Carbon dioxide (CO2),6986
1998,4Bi Cropland: biomass,Carbon dioxide (CO2),655
1998,4Biv Cropland: DOM + SOM (mineral soils),Carbon dioxide (CO2),1053
1998,4Bv Cropland: DOM + SOM (organic soils),Carbon dioxide (CO2),5277
1998,4(iii)B Cropland: N2O emissions from nitrogen mineralization associated with loss of soil organic matter in mineral soils,Carbon dioxide (CO2),-
1998,4C Grassland,Carbon dioxide (CO2),873
1998,4Ci Grassland: biomass,Carbon dioxide (CO2),-5
1998,4Civ Grassland: DOM + SOM (mineral soils),Carbon dioxide (CO2),-28
1998,4Cv Grassland: DOM + SOM (organic soils),Carbon dioxide (CO2),906
1998,4(iii)C Grassland: N2O emissions from nitrogen mineralization associated with loss of soil organic matter in mineral soils,Carbon dioxide (CO2),-
1998,"4(iv)C Grassland: biomass burning (wildfires, prescribed and restoration burnings)",Carbon dioxide (CO2),0
1998,4D Wetlands,Carbon dioxide (CO2),1453
1998,4Di Wetlands: biomass,Carbon dioxide (CO2),37
1998,4Diii Wetlands: dead wood,Carbon dioxide (CO2),1
1998,4Dv Wetlands: SOM,Carbon dioxide (CO2),1416
1998,4(ii)D Wetlands: emissions and removals from drainage and rewetting,Carbon dioxide (CO2),-
1998,4E Settlements,Carbon dioxide (CO2),1350
1998,4Ei Settlements: biomass,Carbon dioxide (CO2),1060
1998,4Eiii Settlements: dead wood,Carbon dioxide (CO2),23
1998,4Eiv-v Settlements: SOM  and litter,Carbon dioxide (CO2),267
1998,4(i)E Settlements: N2O emissions from N-fertilization,Carbon dioxide (CO2),-
1998,4(ii)E Settlements: emissions and removals from drainage and rewetting,Carbon dioxide (CO2),-
1998,4(iii)E Settlements: N2O emissions from nitrogen mineralization associated with loss of soil organic matter in mineral soils,Carbon dioxide (CO2),-
1998,4G Harvested wood products,Carbon dioxide (CO2),-6725
1998,5 Waste management,Carbon dioxide (CO2),-
1998,5A Waste disposal,Carbon dioxide (CO2),-
1998,5B Biological treatment of  waste,Carbon dioxide (CO2),-
1998,5D Wastewater treatment and discharge,Carbon dioxide (CO2),-
1998,Indirect CO2 emission,Carbon dioxide (CO2),112
1999,Emissions without LULUCF,Carbon dioxide (CO2),58983
1999,Emissions with LULUCF,Carbon dioxide (CO2),25915
1999,1 Energy,Carbon dioxide (CO2),54458
1999,1A1 Energy industries,Carbon dioxide (CO2),23299
1999,1A2 Manufacturing industries and construction,Carbon dioxide (CO2),11671
1999,1A2(-1A2gvii) Manufacturing industries and construction excl. off-road vehicles and other machinery,Carbon dioxide (CO2),10690
1999,1A2gvii Off-road vehicles and other machinery production,Carbon dioxide (CO2),981
1999,1A3 Transport,Carbon dioxide (CO2),11989
1999,1A3a Domestic aviation,Carbon dioxide (CO2),383
1999,1A3b Road transportation,Carbon dioxide (CO2),10910
1999,1A3bi Cars,Carbon dioxide (CO2),-
1999,1A3bii Light duty trucks,Carbon dioxide (CO2),-
1999,1A3biii Heavyduty trucks,Carbon dioxide (CO2),-
1999,1A3biv Motorcycles,Carbon dioxide (CO2),-
1999,1A3c Railways,Carbon dioxide (CO2),170
1999,1A3d Domestic navigation,Carbon dioxide (CO2),525
1999,1A4 Other sectors,Carbon dioxide (CO2),6116
1999,1A4a Commercial and institutional,Carbon dioxide (CO2),1669
1999,"1A4ai Commercial/institutional, stationary",Carbon dioxide (CO2),1232
1999,"1A4aii Commercial/institutional, off-road vehicles and other machinery",Carbon dioxide (CO2),438
1999,1A4b Residential,Carbon dioxide (CO2),2723
1999,"1A4bi Residential, stationary",Carbon dioxide (CO2),2554
1999,"1A4bii Residential, off-road vehicles and other machinery",Carbon dioxide (CO2),169
1999,"1A4c Agriculture, forestry anf fishing",Carbon dioxide (CO2),1724
1999,"1A4ci Agriculture/forestry, stationary",Carbon dioxide (CO2),677
1999,"1A4cii Agriculture/forestry, off-road vehicles and other machinery",Carbon dioxide (CO2),901
1999,1A4ciii Fishing,Carbon dioxide (CO2),145
1999,1A5 Other fuel use,Carbon dioxide (CO2),1328
1999,1B Fugitive emissions from fuels,Carbon dioxide (CO2),55
1999,1D International transport,Carbon dioxide (CO2),2864
1999,1D1a International aviation,Carbon dioxide (CO2),1094
1999,1D1b International navigation,Carbon dioxide (CO2),1770
1999,2 Industrial processes and product use,Carbon dioxide (CO2),3963
1999,2A Mineral industry,Carbon dioxide (CO2),1030
1999,2B Chemical industry,Carbon dioxide (CO2),344
1999,2C Metal industry,Carbon dioxide (CO2),2448
1999,2D Non-energy products from fuels and solvent use,Carbon dioxide (CO2),140
1999,2F Product uses as substitutes for ozone-depleting substances,Carbon dioxide (CO2),-
1999,2F1 Refrigeration and air conditioning,Carbon dioxide (CO2),-
1999,2F1a Commercial refrigeration,Carbon dioxide (CO2),-
1999,2F1b Domestic refrigeration,Carbon dioxide (CO2),-
1999,2F1c Industrial refrigeration,Carbon dioxide (CO2),-
1999,2F1d Transport refrigeration,Carbon dioxide (CO2),-
1999,2F1e Mobile air-conditioning,Carbon dioxide (CO2),-
1999,2F1f Stationary air-conditioning,Carbon dioxide (CO2),-
1999,2F2 Foam blowing agents,Carbon dioxide (CO2),-
1999,2F4 Aerosols,Carbon dioxide (CO2),-
1999,2G Other product manufacture and use,Carbon dioxide (CO2),-
1999,2H Other emissions from industrial processses,Carbon dioxide (CO2),-
1999,3 Agriculture,Carbon dioxide (CO2),454
1999,3A  Enteric fermentation,Carbon dioxide (CO2),-
1999,3A1 Cattle,Carbon dioxide (CO2),-
1999,3A1a Dairy cattle,Carbon dioxide (CO2),-
1999,3A1b Non-dairy cattle,Carbon dioxide (CO2),-
1999,3A2 Sheep,Carbon dioxide (CO2),-
1999,3A3 Swine,Carbon dioxide (CO2),-
1999,3A4d Goats,Carbon dioxide (CO2),-
1999,3A4e Horses and ponies,Carbon dioxide (CO2),-
1999,3A4hii Reindeer,Carbon dioxide (CO2),-
1999,3A4hiv Fur-bearing animals,Carbon dioxide (CO2),-
1999,3B Manure management,Carbon dioxide (CO2),-
1999,3B1 Cattle,Carbon dioxide (CO2),-
1999,3B1a Dairy cattle,Carbon dioxide (CO2),-
1999,3B1b Non-dairy cattle,Carbon dioxide (CO2),-
1999,3B2 Sheep,Carbon dioxide (CO2),-
1999,3B3 Swine,Carbon dioxide (CO2),-
1999,3B4d Goats,Carbon dioxide (CO2),-
1999,3B4e Horses and ponies,Carbon dioxide (CO2),-
1999,3B4g Poultry,Carbon dioxide (CO2),-
1999,3B4hii Reindeer,Carbon dioxide (CO2),-
1999,3B4hiv Fur-bearing animals,Carbon dioxide (CO2),-
1999,3B5 Indirect N2O emissions from manure management,Carbon dioxide (CO2),-
1999,3D Agricultural soils,Carbon dioxide (CO2),-
1999,3D1 Direct N2O emissions from managed soils,Carbon dioxide (CO2),-
1999,3D1a Inorganic N fertilizers,Carbon dioxide (CO2),-
1999,3D1b Organic N fertilizers,Carbon dioxide (CO2),-
1999,3D1c Urine and dung deposited by grazing animals,Carbon dioxide (CO2),-
1999,3D1d Crop residues,Carbon dioxide (CO2),-
1999,3D1e N2O emissions from nitrogen mineralization associated with loss of soil organic matter in mineral soils,Carbon dioxide (CO2),-
1999,3D1f Cultivation of organic soils of croplands and grasslands,Carbon dioxide (CO2),-
1999,3D2 Indirect N2O emissions from managed soils,Carbon dioxide (CO2),-
1999,3F Field burning of agricultural residues,Carbon dioxide (CO2),-
1999,3G Liming,Carbon dioxide (CO2),453
1999,3H Urea application,Carbon dioxide (CO2),1
1999,"4 Land use, land-use change and forestry (LULUCF)",Carbon dioxide (CO2),-33068
1999,4A Forest land,Carbon dioxide (CO2),-38320
1999,4Ai1 Forest land: biomass (mineral soils),Carbon dioxide (CO2),-7104
1999,4Ai2 Forest land: biomass (organic soils),Carbon dioxide (CO2),-20929
1999,4Aiv Forest land: DOM + SOM (mineral soils),Carbon dioxide (CO2),-10933
1999,4Av Forest land: DOM + SOM (organic soils),Carbon dioxide (CO2),647
1999,4(i)A Forest land: N2O emissions from N-fertilization,Carbon dioxide (CO2),-
1999,4(ii)A Forest land: emissions and removals from drainage and rewetting,Carbon dioxide (CO2),-
1999,4(iii)A Forest land: N2O emissions from nitrogen mineralization associated with loss of soil organic matter in mineral soils,Carbon dioxide (CO2),-
1999,"4(iv)A Forest land: biomass burning (wildfires, prescribed and restoration burnings)",Carbon dioxide (CO2),-
1999,4B Cropland,Carbon dioxide (CO2),7662
1999,4Bi Cropland: biomass,Carbon dioxide (CO2),783
1999,4Biv Cropland: DOM + SOM (mineral soils),Carbon dioxide (CO2),1586
1999,4Bv Cropland: DOM + SOM (organic soils),Carbon dioxide (CO2),5293
1999,4(iii)B Cropland: N2O emissions from nitrogen mineralization associated with loss of soil organic matter in mineral soils,Carbon dioxide (CO2),-
1999,4C Grassland,Carbon dioxide (CO2),859
1999,4Ci Grassland: biomass,Carbon dioxide (CO2),-14
1999,4Civ Grassland: DOM + SOM (mineral soils),Carbon dioxide (CO2),-27
1999,4Cv Grassland: DOM + SOM (organic soils),Carbon dioxide (CO2),901
1999,4(iii)C Grassland: N2O emissions from nitrogen mineralization associated with loss of soil organic matter in mineral soils,Carbon dioxide (CO2),-
1999,"4(iv)C Grassland: biomass burning (wildfires, prescribed and restoration burnings)",Carbon dioxide (CO2),0
1999,4D Wetlands,Carbon dioxide (CO2),1862
1999,4Di Wetlands: biomass,Carbon dioxide (CO2),70
1999,4Diii Wetlands: dead wood,Carbon dioxide (CO2),1
1999,4Dv Wetlands: SOM,Carbon dioxide (CO2),1791
1999,4(ii)D Wetlands: emissions and removals from drainage and rewetting,Carbon dioxide (CO2),-
1999,4E Settlements,Carbon dioxide (CO2),1352
1999,4Ei Settlements: biomass,Carbon dioxide (CO2),1054
1999,4Eiii Settlements: dead wood,Carbon dioxide (CO2),23
1999,4Eiv-v Settlements: SOM  and litter,Carbon dioxide (CO2),275
1999,4(i)E Settlements: N2O emissions from N-fertilization,Carbon dioxide (CO2),-
1999,4(ii)E Settlements: emissions and removals from drainage and rewetting,Carbon dioxide (CO2),-
1999,4(iii)E Settlements: N2O emissions from nitrogen mineralization associated with loss of soil organic matter in mineral soils,Carbon dioxide (CO2),-
1999,4G Harvested wood products,Carbon dioxide (CO2),-6483
1999,5 Waste management,Carbon dioxide (CO2),-
1999,5A Waste disposal,Carbon dioxide (CO2),-
1999,5B Biological treatment of  waste,Carbon dioxide (CO2),-
1999,5D Wastewater treatment and discharge,Carbon dioxide (CO2),-
1999,Indirect CO2 emission,Carbon dioxide (CO2),108
2000,Emissions without LULUCF,Carbon dioxide (CO2),57125
2000,Emissions with LULUCF,Carbon dioxide (CO2),24078
2000,1 Energy,Carbon dioxide (CO2),52631
2000,1A1 Energy industries,Carbon dioxide (CO2),21783
2000,1A2 Manufacturing industries and construction,Carbon dioxide (CO2),11690
2000,1A2(-1A2gvii) Manufacturing industries and construction excl. off-road vehicles and other machinery,Carbon dioxide (CO2),10676
2000,1A2gvii Off-road vehicles and other machinery production,Carbon dioxide (CO2),1015
2000,1A3 Transport,Carbon dioxide (CO2),11890
2000,1A3a Domestic aviation,Carbon dioxide (CO2),380
2000,1A3b Road transportation,Carbon dioxide (CO2),10824
2000,1A3bi Cars,Carbon dioxide (CO2),-
2000,1A3bii Light duty trucks,Carbon dioxide (CO2),-
2000,1A3biii Heavyduty trucks,Carbon dioxide (CO2),-
2000,1A3biv Motorcycles,Carbon dioxide (CO2),-
2000,1A3c Railways,Carbon dioxide (CO2),161
2000,1A3d Domestic navigation,Carbon dioxide (CO2),526
2000,1A4 Other sectors,Carbon dioxide (CO2),5775
2000,1A4a Commercial and institutional,Carbon dioxide (CO2),1569
2000,"1A4ai Commercial/institutional, stationary",Carbon dioxide (CO2),1128
2000,"1A4aii Commercial/institutional, off-road vehicles and other machinery",Carbon dioxide (CO2),441
2000,1A4b Residential,Carbon dioxide (CO2),2533
2000,"1A4bi Residential, stationary",Carbon dioxide (CO2),2360
2000,"1A4bii Residential, off-road vehicles and other machinery",Carbon dioxide (CO2),173
2000,"1A4c Agriculture, forestry anf fishing",Carbon dioxide (CO2),1673
2000,"1A4ci Agriculture/forestry, stationary",Carbon dioxide (CO2),635
2000,"1A4cii Agriculture/forestry, off-road vehicles and other machinery",Carbon dioxide (CO2),898
2000,1A4ciii Fishing,Carbon dioxide (CO2),140
2000,1A5 Other fuel use,Carbon dioxide (CO2),1434
2000,1B Fugitive emissions from fuels,Carbon dioxide (CO2),58
2000,1D International transport,Carbon dioxide (CO2),3110
2000,1D1a International aviation,Carbon dioxide (CO2),1063
2000,1D1b International navigation,Carbon dioxide (CO2),2047
2000,2 Industrial processes and product use,Carbon dioxide (CO2),4037
2000,2A Mineral industry,Carbon dioxide (CO2),1080
2000,2B Chemical industry,Carbon dioxide (CO2),430
2000,2C Metal industry,Carbon dioxide (CO2),2389
2000,2D Non-energy products from fuels and solvent use,Carbon dioxide (CO2),137
2000,2F Product uses as substitutes for ozone-depleting substances,Carbon dioxide (CO2),-
2000,2F1 Refrigeration and air conditioning,Carbon dioxide (CO2),-
2000,2F1a Commercial refrigeration,Carbon dioxide (CO2),-
2000,2F1b Domestic refrigeration,Carbon dioxide (CO2),-
2000,2F1c Industrial refrigeration,Carbon dioxide (CO2),-
2000,2F1d Transport refrigeration,Carbon dioxide (CO2),-
2000,2F1e Mobile air-conditioning,Carbon dioxide (CO2),-
2000,2F1f Stationary air-conditioning,Carbon dioxide (CO2),-
2000,2F2 Foam blowing agents,Carbon dioxide (CO2),-
2000,2F4 Aerosols,Carbon dioxide (CO2),-
2000,2G Other product manufacture and use,Carbon dioxide (CO2),-
2000,2H Other emissions from industrial processses,Carbon dioxide (CO2),-
2000,3 Agriculture,Carbon dioxide (CO2),351
2000,3A  Enteric fermentation,Carbon dioxide (CO2),-
2000,3A1 Cattle,Carbon dioxide (CO2),-
2000,3A1a Dairy cattle,Carbon dioxide (CO2),-
2000,3A1b Non-dairy cattle,Carbon dioxide (CO2),-
2000,3A2 Sheep,Carbon dioxide (CO2),-
2000,3A3 Swine,Carbon dioxide (CO2),-
2000,3A4d Goats,Carbon dioxide (CO2),-
2000,3A4e Horses and ponies,Carbon dioxide (CO2),-
2000,3A4hii Reindeer,Carbon dioxide (CO2),-
2000,3A4hiv Fur-bearing animals,Carbon dioxide (CO2),-
2000,3B Manure management,Carbon dioxide (CO2),-
2000,3B1 Cattle,Carbon dioxide (CO2),-
2000,3B1a Dairy cattle,Carbon dioxide (CO2),-
2000,3B1b Non-dairy cattle,Carbon dioxide (CO2),-
2000,3B2 Sheep,Carbon dioxide (CO2),-
2000,3B3 Swine,Carbon dioxide (CO2),-
2000,3B4d Goats,Carbon dioxide (CO2),-
2000,3B4e Horses and ponies,Carbon dioxide (CO2),-
2000,3B4g Poultry,Carbon dioxide (CO2),-
2000,3B4hii Reindeer,Carbon dioxide (CO2),-
2000,3B4hiv Fur-bearing animals,Carbon dioxide (CO2),-
2000,3B5 Indirect N2O emissions from manure management,Carbon dioxide (CO2),-
2000,3D Agricultural soils,Carbon dioxide (CO2),-
2000,3D1 Direct N2O emissions from managed soils,Carbon dioxide (CO2),-
2000,3D1a Inorganic N fertilizers,Carbon dioxide (CO2),-
2000,3D1b Organic N fertilizers,Carbon dioxide (CO2),-
2000,3D1c Urine and dung deposited by grazing animals,Carbon dioxide (CO2),-
2000,3D1d Crop residues,Carbon dioxide (CO2),-
2000,3D1e N2O emissions from nitrogen mineralization associated with loss of soil organic matter in mineral soils,Carbon dioxide (CO2),-
2000,3D1f Cultivation of organic soils of croplands and grasslands,Carbon dioxide (CO2),-
2000,3D2 Indirect N2O emissions from managed soils,Carbon dioxide (CO2),-
2000,3F Field burning of agricultural residues,Carbon dioxide (CO2),-
2000,3G Liming,Carbon dioxide (CO2),350
2000,3H Urea application,Carbon dioxide (CO2),1
2000,"4 Land use, land-use change and forestry (LULUCF)",Carbon dioxide (CO2),-33046
2000,4A Forest land,Carbon dioxide (CO2),-37953
2000,4Ai1 Forest land: biomass (mineral soils),Carbon dioxide (CO2),-7134
2000,4Ai2 Forest land: biomass (organic soils),Carbon dioxide (CO2),-21281
2000,4Aiv Forest land: DOM + SOM (mineral soils),Carbon dioxide (CO2),-10251
2000,4Av Forest land: DOM + SOM (organic soils),Carbon dioxide (CO2),713
2000,4(i)A Forest land: N2O emissions from N-fertilization,Carbon dioxide (CO2),-
2000,4(ii)A Forest land: emissions and removals from drainage and rewetting,Carbon dioxide (CO2),-
2000,4(iii)A Forest land: N2O emissions from nitrogen mineralization associated with loss of soil organic matter in mineral soils,Carbon dioxide (CO2),-
2000,"4(iv)A Forest land: biomass burning (wildfires, prescribed and restoration burnings)",Carbon dioxide (CO2),-
2000,4B Cropland,Carbon dioxide (CO2),7621
2000,4Bi Cropland: biomass,Carbon dioxide (CO2),941
2000,4Biv Cropland: DOM + SOM (mineral soils),Carbon dioxide (CO2),1318
2000,4Bv Cropland: DOM + SOM (organic soils),Carbon dioxide (CO2),5362
2000,4(iii)B Cropland: N2O emissions from nitrogen mineralization associated with loss of soil organic matter in mineral soils,Carbon dioxide (CO2),-
2000,4C Grassland,Carbon dioxide (CO2),848
2000,4Ci Grassland: biomass,Carbon dioxide (CO2),-23
2000,4Civ Grassland: DOM + SOM (mineral soils),Carbon dioxide (CO2),-25
2000,4Cv Grassland: DOM + SOM (organic soils),Carbon dioxide (CO2),896
2000,4(iii)C Grassland: N2O emissions from nitrogen mineralization associated with loss of soil organic matter in mineral soils,Carbon dioxide (CO2),-
2000,"4(iv)C Grassland: biomass burning (wildfires, prescribed and restoration burnings)",Carbon dioxide (CO2),-
2000,4D Wetlands,Carbon dioxide (CO2),1668
2000,4Di Wetlands: biomass,Carbon dioxide (CO2),80
2000,4Diii Wetlands: dead wood,Carbon dioxide (CO2),1
2000,4Dv Wetlands: SOM,Carbon dioxide (CO2),1587
2000,4(ii)D Wetlands: emissions and removals from drainage and rewetting,Carbon dioxide (CO2),-
2000,4E Settlements,Carbon dioxide (CO2),1375
2000,4Ei Settlements: biomass,Carbon dioxide (CO2),1070
2000,4Eiii Settlements: dead wood,Carbon dioxide (CO2),24
2000,4Eiv-v Settlements: SOM  and litter,Carbon dioxide (CO2),282
2000,4(i)E Settlements: N2O emissions from N-fertilization,Carbon dioxide (CO2),-
2000,4(ii)E Settlements: emissions and removals from drainage and rewetting,Carbon dioxide (CO2),-
2000,4(iii)E Settlements: N2O emissions from nitrogen mineralization associated with loss of soil organic matter in mineral soils,Carbon dioxide (CO2),-
2000,4G Harvested wood products,Carbon dioxide (CO2),-6606
2000,5 Waste management,Carbon dioxide (CO2),-
2000,5A Waste disposal,Carbon dioxide (CO2),-
2000,5B Biological treatment of  waste,Carbon dioxide (CO2),-
2000,5D Wastewater treatment and discharge,Carbon dioxide (CO2),-
2000,Indirect CO2 emission,Carbon dioxide (CO2),106
2001,Emissions without LULUCF,Carbon dioxide (CO2),62628
2001,Emissions with LULUCF,Carbon dioxide (CO2),29273
2001,1 Energy,Carbon dioxide (CO2),58039
2001,1A1 Energy industries,Carbon dioxide (CO2),27208
2001,1A2 Manufacturing industries and construction,Carbon dioxide (CO2),11281
2001,1A2(-1A2gvii) Manufacturing industries and construction excl. off-road vehicles and other machinery,Carbon dioxide (CO2),10242
2001,1A2gvii Off-road vehicles and other machinery production,Carbon dioxide (CO2),1038
2001,1A3 Transport,Carbon dioxide (CO2),12007
2001,1A3a Domestic aviation,Carbon dioxide (CO2),372
2001,1A3b Road transportation,Carbon dioxide (CO2),11014
2001,1A3bi Cars,Carbon dioxide (CO2),-
2001,1A3bii Light duty trucks,Carbon dioxide (CO2),-
2001,1A3biii Heavyduty trucks,Carbon dioxide (CO2),-
2001,1A3biv Motorcycles,Carbon dioxide (CO2),-
2001,1A3c Railways,Carbon dioxide (CO2),142
2001,1A3d Domestic navigation,Carbon dioxide (CO2),479
2001,1A4 Other sectors,Carbon dioxide (CO2),5986
2001,1A4a Commercial and institutional,Carbon dioxide (CO2),1613
2001,"1A4ai Commercial/institutional, stationary",Carbon dioxide (CO2),1170
2001,"1A4aii Commercial/institutional, off-road vehicles and other machinery",Carbon dioxide (CO2),443
2001,1A4b Residential,Carbon dioxide (CO2),2697
2001,"1A4bi Residential, stationary",Carbon dioxide (CO2),2525
2001,"1A4bii Residential, off-road vehicles and other machinery",Carbon dioxide (CO2),173
2001,"1A4c Agriculture, forestry anf fishing",Carbon dioxide (CO2),1676
2001,"1A4ci Agriculture/forestry, stationary",Carbon dioxide (CO2),648
2001,"1A4cii Agriculture/forestry, off-road vehicles and other machinery",Carbon dioxide (CO2),894
2001,1A4ciii Fishing,Carbon dioxide (CO2),134
2001,1A5 Other fuel use,Carbon dioxide (CO2),1505
2001,1B Fugitive emissions from fuels,Carbon dioxide (CO2),53
2001,1D International transport,Carbon dioxide (CO2),2923
2001,1D1a International aviation,Carbon dioxide (CO2),1090
2001,1D1b International navigation,Carbon dioxide (CO2),1833
2001,2 Industrial processes and product use,Carbon dioxide (CO2),4063
2001,2A Mineral industry,Carbon dioxide (CO2),1084
2001,2B Chemical industry,Carbon dioxide (CO2),395
2001,2C Metal industry,Carbon dioxide (CO2),2440
2001,2D Non-energy products from fuels and solvent use,Carbon dioxide (CO2),143
2001,2F Product uses as substitutes for ozone-depleting substances,Carbon dioxide (CO2),-
2001,2F1 Refrigeration and air conditioning,Carbon dioxide (CO2),-
2001,2F1a Commercial refrigeration,Carbon dioxide (CO2),-
2001,2F1b Domestic refrigeration,Carbon dioxide (CO2),-
2001,2F1c Industrial refrigeration,Carbon dioxide (CO2),-
2001,2F1d Transport refrigeration,Carbon dioxide (CO2),-
2001,2F1e Mobile air-conditioning,Carbon dioxide (CO2),-
2001,2F1f Stationary air-conditioning,Carbon dioxide (CO2),-
2001,2F2 Foam blowing agents,Carbon dioxide (CO2),-
2001,2F4 Aerosols,Carbon dioxide (CO2),-
2001,2G Other product manufacture and use,Carbon dioxide (CO2),-
2001,2H Other emissions from industrial processses,Carbon dioxide (CO2),-
2001,3 Agriculture,Carbon dioxide (CO2),420
2001,3A  Enteric fermentation,Carbon dioxide (CO2),-
2001,3A1 Cattle,Carbon dioxide (CO2),-
2001,3A1a Dairy cattle,Carbon dioxide (CO2),-
2001,3A1b Non-dairy cattle,Carbon dioxide (CO2),-
2001,3A2 Sheep,Carbon dioxide (CO2),-
2001,3A3 Swine,Carbon dioxide (CO2),-
2001,3A4d Goats,Carbon dioxide (CO2),-
2001,3A4e Horses and ponies,Carbon dioxide (CO2),-
2001,3A4hii Reindeer,Carbon dioxide (CO2),-
2001,3A4hiv Fur-bearing animals,Carbon dioxide (CO2),-
2001,3B Manure management,Carbon dioxide (CO2),-
2001,3B1 Cattle,Carbon dioxide (CO2),-
2001,3B1a Dairy cattle,Carbon dioxide (CO2),-
2001,3B1b Non-dairy cattle,Carbon dioxide (CO2),-
2001,3B2 Sheep,Carbon dioxide (CO2),-
2001,3B3 Swine,Carbon dioxide (CO2),-
2001,3B4d Goats,Carbon dioxide (CO2),-
2001,3B4e Horses and ponies,Carbon dioxide (CO2),-
2001,3B4g Poultry,Carbon dioxide (CO2),-
2001,3B4hii Reindeer,Carbon dioxide (CO2),-
2001,3B4hiv Fur-bearing animals,Carbon dioxide (CO2),-
2001,3B5 Indirect N2O emissions from manure management,Carbon dioxide (CO2),-
2001,3D Agricultural soils,Carbon dioxide (CO2),-
2001,3D1 Direct N2O emissions from managed soils,Carbon dioxide (CO2),-
2001,3D1a Inorganic N fertilizers,Carbon dioxide (CO2),-
2001,3D1b Organic N fertilizers,Carbon dioxide (CO2),-
2001,3D1c Urine and dung deposited by grazing animals,Carbon dioxide (CO2),-
2001,3D1d Crop residues,Carbon dioxide (CO2),-
2001,3D1e N2O emissions from nitrogen mineralization associated with loss of soil organic matter in mineral soils,Carbon dioxide (CO2),-
2001,3D1f Cultivation of organic soils of croplands and grasslands,Carbon dioxide (CO2),-
2001,3D2 Indirect N2O emissions from managed soils,Carbon dioxide (CO2),-
2001,3F Field burning of agricultural residues,Carbon dioxide (CO2),-
2001,3G Liming,Carbon dioxide (CO2),419
2001,3H Urea application,Carbon dioxide (CO2),1
2001,"4 Land use, land-use change and forestry (LULUCF)",Carbon dioxide (CO2),-33355
2001,4A Forest land,Carbon dioxide (CO2),-41286
2001,4Ai1 Forest land: biomass (mineral soils),Carbon dioxide (CO2),-11091
2001,4Ai2 Forest land: biomass (organic soils),Carbon dioxide (CO2),-22113
2001,4Aiv Forest land: DOM + SOM (mineral soils),Carbon dioxide (CO2),-9522
2001,4Av Forest land: DOM + SOM (organic soils),Carbon dioxide (CO2),1439
2001,4(i)A Forest land: N2O emissions from N-fertilization,Carbon dioxide (CO2),-
2001,4(ii)A Forest land: emissions and removals from drainage and rewetting,Carbon dioxide (CO2),-
2001,4(iii)A Forest land: N2O emissions from nitrogen mineralization associated with loss of soil organic matter in mineral soils,Carbon dioxide (CO2),-
2001,"4(iv)A Forest land: biomass burning (wildfires, prescribed and restoration burnings)",Carbon dioxide (CO2),-
2001,4B Cropland,Carbon dioxide (CO2),7846
2001,4Bi Cropland: biomass,Carbon dioxide (CO2),1098
2001,4Biv Cropland: DOM + SOM (mineral soils),Carbon dioxide (CO2),1317
2001,4Bv Cropland: DOM + SOM (organic soils),Carbon dioxide (CO2),5431
2001,4(iii)B Cropland: N2O emissions from nitrogen mineralization associated with loss of soil organic matter in mineral soils,Carbon dioxide (CO2),-
2001,4C Grassland,Carbon dioxide (CO2),867
2001,4Ci Grassland: biomass,Carbon dioxide (CO2),2
2001,4Civ Grassland: DOM + SOM (mineral soils),Carbon dioxide (CO2),-23
2001,4Cv Grassland: DOM + SOM (organic soils),Carbon dioxide (CO2),888
2001,4(iii)C Grassland: N2O emissions from nitrogen mineralization associated with loss of soil organic matter in mineral soils,Carbon dioxide (CO2),-
2001,"4(iv)C Grassland: biomass burning (wildfires, prescribed and restoration burnings)",Carbon dioxide (CO2),0
2001,4D Wetlands,Carbon dioxide (CO2),1879
2001,4Di Wetlands: biomass,Carbon dioxide (CO2),79
2001,4Diii Wetlands: dead wood,Carbon dioxide (CO2),1
2001,4Dv Wetlands: SOM,Carbon dioxide (CO2),1798
2001,4(ii)D Wetlands: emissions and removals from drainage and rewetting,Carbon dioxide (CO2),-
2001,4E Settlements,Carbon dioxide (CO2),1544
2001,4Ei Settlements: biomass,Carbon dioxide (CO2),1227
2001,4Eiii Settlements: dead wood,Carbon dioxide (CO2),26
2001,4Eiv-v Settlements: SOM  and litter,Carbon dioxide (CO2),291
2001,4(i)E Settlements: N2O emissions from N-fertilization,Carbon dioxide (CO2),-
2001,4(ii)E Settlements: emissions and removals from drainage and rewetting,Carbon dioxide (CO2),-
2001,4(iii)E Settlements: N2O emissions from nitrogen mineralization associated with loss of soil organic matter in mineral soils,Carbon dioxide (CO2),-
2001,4G Harvested wood products,Carbon dioxide (CO2),-4203
2001,5 Waste management,Carbon dioxide (CO2),-
2001,5A Waste disposal,Carbon dioxide (CO2),-
2001,5B Biological treatment of  waste,Carbon dioxide (CO2),-
2001,5D Wastewater treatment and discharge,Carbon dioxide (CO2),-
2001,Indirect CO2 emission,Carbon dioxide (CO2),106
2002,Emissions without LULUCF,Carbon dioxide (CO2),65145
2002,Emissions with LULUCF,Carbon dioxide (CO2),30872
2002,1 Energy,Carbon dioxide (CO2),60646
2002,1A1 Energy industries,Carbon dioxide (CO2),29996
2002,1A2 Manufacturing industries and construction,Carbon dioxide (CO2),10981
2002,1A2(-1A2gvii) Manufacturing industries and construction excl. off-road vehicles and other machinery,Carbon dioxide (CO2),9934
2002,1A2gvii Off-road vehicles and other machinery production,Carbon dioxide (CO2),1048
2002,1A3 Transport,Carbon dioxide (CO2),12201
2002,1A3a Domestic aviation,Carbon dioxide (CO2),323
2002,1A3b Road transportation,Carbon dioxide (CO2),11238
2002,1A3bi Cars,Carbon dioxide (CO2),-
2002,1A3bii Light duty trucks,Carbon dioxide (CO2),-
2002,1A3biii Heavyduty trucks,Carbon dioxide (CO2),-
2002,1A3biv Motorcycles,Carbon dioxide (CO2),-
2002,1A3c Railways,Carbon dioxide (CO2),137
2002,1A3d Domestic navigation,Carbon dioxide (CO2),504
2002,1A4 Other sectors,Carbon dioxide (CO2),5940
2002,1A4a Commercial and institutional,Carbon dioxide (CO2),1599
2002,"1A4ai Commercial/institutional, stationary",Carbon dioxide (CO2),1158
2002,"1A4aii Commercial/institutional, off-road vehicles and other machinery",Carbon dioxide (CO2),442
2002,1A4b Residential,Carbon dioxide (CO2),2647
2002,"1A4bi Residential, stationary",Carbon dioxide (CO2),2472
2002,"1A4bii Residential, off-road vehicles and other machinery",Carbon dioxide (CO2),175
2002,"1A4c Agriculture, forestry anf fishing",Carbon dioxide (CO2),1694
2002,"1A4ci Agriculture/forestry, stationary",Carbon dioxide (CO2),659
2002,"1A4cii Agriculture/forestry, off-road vehicles and other machinery",Carbon dioxide (CO2),899
2002,1A4ciii Fishing,Carbon dioxide (CO2),136
2002,1A5 Other fuel use,Carbon dioxide (CO2),1466
2002,1B Fugitive emissions from fuels,Carbon dioxide (CO2),62
2002,1D International transport,Carbon dioxide (CO2),3147
2002,1D1a International aviation,Carbon dioxide (CO2),1078
2002,1D1b International navigation,Carbon dioxide (CO2),2069
2002,2 Industrial processes and product use,Carbon dioxide (CO2),3956
2002,2A Mineral industry,Carbon dioxide (CO2),1084
2002,2B Chemical industry,Carbon dioxide (CO2),411
2002,2C Metal industry,Carbon dioxide (CO2),2318
2002,2D Non-energy products from fuels and solvent use,Carbon dioxide (CO2),142
2002,2F Product uses as substitutes for ozone-depleting substances,Carbon dioxide (CO2),-
2002,2F1 Refrigeration and air conditioning,Carbon dioxide (CO2),-
2002,2F1a Commercial refrigeration,Carbon dioxide (CO2),-
2002,2F1b Domestic refrigeration,Carbon dioxide (CO2),-
2002,2F1c Industrial refrigeration,Carbon dioxide (CO2),-
2002,2F1d Transport refrigeration,Carbon dioxide (CO2),-
2002,2F1e Mobile air-conditioning,Carbon dioxide (CO2),-
2002,2F1f Stationary air-conditioning,Carbon dioxide (CO2),-
2002,2F2 Foam blowing agents,Carbon dioxide (CO2),-
2002,2F4 Aerosols,Carbon dioxide (CO2),-
2002,2G Other product manufacture and use,Carbon dioxide (CO2),-
2002,2H Other emissions from industrial processses,Carbon dioxide (CO2),-
2002,3 Agriculture,Carbon dioxide (CO2),447
2002,3A  Enteric fermentation,Carbon dioxide (CO2),-
2002,3A1 Cattle,Carbon dioxide (CO2),-
2002,3A1a Dairy cattle,Carbon dioxide (CO2),-
2002,3A1b Non-dairy cattle,Carbon dioxide (CO2),-
2002,3A2 Sheep,Carbon dioxide (CO2),-
2002,3A3 Swine,Carbon dioxide (CO2),-
2002,3A4d Goats,Carbon dioxide (CO2),-
2002,3A4e Horses and ponies,Carbon dioxide (CO2),-
2002,3A4hii Reindeer,Carbon dioxide (CO2),-
2002,3A4hiv Fur-bearing animals,Carbon dioxide (CO2),-
2002,3B Manure management,Carbon dioxide (CO2),-
2002,3B1 Cattle,Carbon dioxide (CO2),-
2002,3B1a Dairy cattle,Carbon dioxide (CO2),-
2002,3B1b Non-dairy cattle,Carbon dioxide (CO2),-
2002,3B2 Sheep,Carbon dioxide (CO2),-
2002,3B3 Swine,Carbon dioxide (CO2),-
2002,3B4d Goats,Carbon dioxide (CO2),-
2002,3B4e Horses and ponies,Carbon dioxide (CO2),-
2002,3B4g Poultry,Carbon dioxide (CO2),-
2002,3B4hii Reindeer,Carbon dioxide (CO2),-
2002,3B4hiv Fur-bearing animals,Carbon dioxide (CO2),-
2002,3B5 Indirect N2O emissions from manure management,Carbon dioxide (CO2),-
2002,3D Agricultural soils,Carbon dioxide (CO2),-
2002,3D1 Direct N2O emissions from managed soils,Carbon dioxide (CO2),-
2002,3D1a Inorganic N fertilizers,Carbon dioxide (CO2),-
2002,3D1b Organic N fertilizers,Carbon dioxide (CO2),-
2002,3D1c Urine and dung deposited by grazing animals,Carbon dioxide (CO2),-
2002,3D1d Crop residues,Carbon dioxide (CO2),-
2002,3D1e N2O emissions from nitrogen mineralization associated with loss of soil organic matter in mineral soils,Carbon dioxide (CO2),-
2002,3D1f Cultivation of organic soils of croplands and grasslands,Carbon dioxide (CO2),-
2002,3D2 Indirect N2O emissions from managed soils,Carbon dioxide (CO2),-
2002,3F Field burning of agricultural residues,Carbon dioxide (CO2),-
2002,3G Liming,Carbon dioxide (CO2),446
2002,3H Urea application,Carbon dioxide (CO2),1
2002,"4 Land use, land-use change and forestry (LULUCF)",Carbon dioxide (CO2),-34273
2002,4A Forest land,Carbon dioxide (CO2),-42038
2002,4Ai1 Forest land: biomass (mineral soils),Carbon dioxide (CO2),-11633
2002,4Ai2 Forest land: biomass (organic soils),Carbon dioxide (CO2),-22607
2002,4Aiv Forest land: DOM + SOM (mineral soils),Carbon dioxide (CO2),-9131
2002,4Av Forest land: DOM + SOM (organic soils),Carbon dioxide (CO2),1333
2002,4(i)A Forest land: N2O emissions from N-fertilization,Carbon dioxide (CO2),-
2002,4(ii)A Forest land: emissions and removals from drainage and rewetting,Carbon dioxide (CO2),-
2002,4(iii)A Forest land: N2O emissions from nitrogen mineralization associated with loss of soil organic matter in mineral soils,Carbon dioxide (CO2),-
2002,"4(iv)A Forest land: biomass burning (wildfires, prescribed and restoration burnings)",Carbon dioxide (CO2),-
2002,4B Cropland,Carbon dioxide (CO2),8036
2002,4Bi Cropland: biomass,Carbon dioxide (CO2),1240
2002,4Biv Cropland: DOM + SOM (mineral soils),Carbon dioxide (CO2),1230
2002,4Bv Cropland: DOM + SOM (organic soils),Carbon dioxide (CO2),5567
2002,4(iii)B Cropland: N2O emissions from nitrogen mineralization associated with loss of soil organic matter in mineral soils,Carbon dioxide (CO2),-
2002,4C Grassland,Carbon dioxide (CO2),846
2002,4Ci Grassland: biomass,Carbon dioxide (CO2),-19
2002,4Civ Grassland: DOM + SOM (mineral soils),Carbon dioxide (CO2),-20
2002,4Cv Grassland: DOM + SOM (organic soils),Carbon dioxide (CO2),885
2002,4(iii)C Grassland: N2O emissions from nitrogen mineralization associated with loss of soil organic matter in mineral soils,Carbon dioxide (CO2),-
2002,"4(iv)C Grassland: biomass burning (wildfires, prescribed and restoration burnings)",Carbon dioxide (CO2),0
2002,4D Wetlands,Carbon dioxide (CO2),1915
2002,4Di Wetlands: biomass,Carbon dioxide (CO2),76
2002,4Diii Wetlands: dead wood,Carbon dioxide (CO2),1
2002,4Dv Wetlands: SOM,Carbon dioxide (CO2),1838
2002,4(ii)D Wetlands: emissions and removals from drainage and rewetting,Carbon dioxide (CO2),-
2002,4E Settlements,Carbon dioxide (CO2),1518
2002,4Ei Settlements: biomass,Carbon dioxide (CO2),1194
2002,4Eiii Settlements: dead wood,Carbon dioxide (CO2),26
2002,4Eiv-v Settlements: SOM  and litter,Carbon dioxide (CO2),298
2002,4(i)E Settlements: N2O emissions from N-fertilization,Carbon dioxide (CO2),-
2002,4(ii)E Settlements: emissions and removals from drainage and rewetting,Carbon dioxide (CO2),-
2002,4(iii)E Settlements: N2O emissions from nitrogen mineralization associated with loss of soil organic matter in mineral soils,Carbon dioxide (CO2),-
2002,4G Harvested wood products,Carbon dioxide (CO2),-4550
2002,5 Waste management,Carbon dioxide (CO2),-
2002,5A Waste disposal,Carbon dioxide (CO2),-
2002,5B Biological treatment of  waste,Carbon dioxide (CO2),-
2002,5D Wastewater treatment and discharge,Carbon dioxide (CO2),-
2002,Indirect CO2 emission,Carbon dioxide (CO2),96
2003,Emissions without LULUCF,Carbon dioxide (CO2),72756
2003,Emissions with LULUCF,Carbon dioxide (CO2),37492
2003,1 Energy,Carbon dioxide (CO2),68186
2003,1A1 Energy industries,Carbon dioxide (CO2),36997
2003,1A2 Manufacturing industries and construction,Carbon dioxide (CO2),11371
2003,1A2(-1A2gvii) Manufacturing industries and construction excl. off-road vehicles and other machinery,Carbon dioxide (CO2),10320
2003,1A2gvii Off-road vehicles and other machinery production,Carbon dioxide (CO2),1051
2003,1A3 Transport,Carbon dioxide (CO2),12401
2003,1A3a Domestic aviation,Carbon dioxide (CO2),327
2003,1A3b Road transportation,Carbon dioxide (CO2),11425
2003,1A3bi Cars,Carbon dioxide (CO2),-
2003,1A3bii Light duty trucks,Carbon dioxide (CO2),-
2003,1A3biii Heavyduty trucks,Carbon dioxide (CO2),-
2003,1A3biv Motorcycles,Carbon dioxide (CO2),-
2003,1A3c Railways,Carbon dioxide (CO2),136
2003,1A3d Domestic navigation,Carbon dioxide (CO2),513
2003,1A4 Other sectors,Carbon dioxide (CO2),5842
2003,1A4a Commercial and institutional,Carbon dioxide (CO2),1572
2003,"1A4ai Commercial/institutional, stationary",Carbon dioxide (CO2),1136
2003,"1A4aii Commercial/institutional, off-road vehicles and other machinery",Carbon dioxide (CO2),436
2003,1A4b Residential,Carbon dioxide (CO2),2577
2003,"1A4bi Residential, stationary",Carbon dioxide (CO2),2401
2003,"1A4bii Residential, off-road vehicles and other machinery",Carbon dioxide (CO2),176
2003,"1A4c Agriculture, forestry anf fishing",Carbon dioxide (CO2),1692
2003,"1A4ci Agriculture/forestry, stationary",Carbon dioxide (CO2),653
2003,"1A4cii Agriculture/forestry, off-road vehicles and other machinery",Carbon dioxide (CO2),903
2003,1A4ciii Fishing,Carbon dioxide (CO2),136
2003,1A5 Other fuel use,Carbon dioxide (CO2),1519
2003,1B Fugitive emissions from fuels,Carbon dioxide (CO2),56
2003,1D International transport,Carbon dioxide (CO2),3168
2003,1D1a International aviation,Carbon dioxide (CO2),1114
2003,1D1b International navigation,Carbon dioxide (CO2),2054
2003,2 Industrial processes and product use,Carbon dioxide (CO2),4171
2003,2A Mineral industry,Carbon dioxide (CO2),1128
2003,2B Chemical industry,Carbon dioxide (CO2),445
2003,2C Metal industry,Carbon dioxide (CO2),2481
2003,2D Non-energy products from fuels and solvent use,Carbon dioxide (CO2),117
2003,2F Product uses as substitutes for ozone-depleting substances,Carbon dioxide (CO2),-
2003,2F1 Refrigeration and air conditioning,Carbon dioxide (CO2),-
2003,2F1a Commercial refrigeration,Carbon dioxide (CO2),-
2003,2F1b Domestic refrigeration,Carbon dioxide (CO2),-
2003,2F1c Industrial refrigeration,Carbon dioxide (CO2),-
2003,2F1d Transport refrigeration,Carbon dioxide (CO2),-
2003,2F1e Mobile air-conditioning,Carbon dioxide (CO2),-
2003,2F1f Stationary air-conditioning,Carbon dioxide (CO2),-
2003,2F2 Foam blowing agents,Carbon dioxide (CO2),-
2003,2F4 Aerosols,Carbon dioxide (CO2),-
2003,2G Other product manufacture and use,Carbon dioxide (CO2),-
2003,2H Other emissions from industrial processses,Carbon dioxide (CO2),-
2003,3 Agriculture,Carbon dioxide (CO2),303
2003,3A  Enteric fermentation,Carbon dioxide (CO2),-
2003,3A1 Cattle,Carbon dioxide (CO2),-
2003,3A1a Dairy cattle,Carbon dioxide (CO2),-
2003,3A1b Non-dairy cattle,Carbon dioxide (CO2),-
2003,3A2 Sheep,Carbon dioxide (CO2),-
2003,3A3 Swine,Carbon dioxide (CO2),-
2003,3A4d Goats,Carbon dioxide (CO2),-
2003,3A4e Horses and ponies,Carbon dioxide (CO2),-
2003,3A4hii Reindeer,Carbon dioxide (CO2),-
2003,3A4hiv Fur-bearing animals,Carbon dioxide (CO2),-
2003,3B Manure management,Carbon dioxide (CO2),-
2003,3B1 Cattle,Carbon dioxide (CO2),-
2003,3B1a Dairy cattle,Carbon dioxide (CO2),-
2003,3B1b Non-dairy cattle,Carbon dioxide (CO2),-
2003,3B2 Sheep,Carbon dioxide (CO2),-
2003,3B3 Swine,Carbon dioxide (CO2),-
2003,3B4d Goats,Carbon dioxide (CO2),-
2003,3B4e Horses and ponies,Carbon dioxide (CO2),-
2003,3B4g Poultry,Carbon dioxide (CO2),-
2003,3B4hii Reindeer,Carbon dioxide (CO2),-
2003,3B4hiv Fur-bearing animals,Carbon dioxide (CO2),-
2003,3B5 Indirect N2O emissions from manure management,Carbon dioxide (CO2),-
2003,3D Agricultural soils,Carbon dioxide (CO2),-
2003,3D1 Direct N2O emissions from managed soils,Carbon dioxide (CO2),-
2003,3D1a Inorganic N fertilizers,Carbon dioxide (CO2),-
2003,3D1b Organic N fertilizers,Carbon dioxide (CO2),-
2003,3D1c Urine and dung deposited by grazing animals,Carbon dioxide (CO2),-
2003,3D1d Crop residues,Carbon dioxide (CO2),-
2003,3D1e N2O emissions from nitrogen mineralization associated with loss of soil organic matter in mineral soils,Carbon dioxide (CO2),-
2003,3D1f Cultivation of organic soils of croplands and grasslands,Carbon dioxide (CO2),-
2003,3D2 Indirect N2O emissions from managed soils,Carbon dioxide (CO2),-
2003,3F Field burning of agricultural residues,Carbon dioxide (CO2),-
2003,3G Liming,Carbon dioxide (CO2),302
2003,3H Urea application,Carbon dioxide (CO2),1
2003,"4 Land use, land-use change and forestry (LULUCF)",Carbon dioxide (CO2),-35264
2003,4A Forest land,Carbon dioxide (CO2),-42204
2003,4Ai1 Forest land: biomass (mineral soils),Carbon dioxide (CO2),-12304
2003,4Ai2 Forest land: biomass (organic soils),Carbon dioxide (CO2),-23007
2003,4Aiv Forest land: DOM + SOM (mineral soils),Carbon dioxide (CO2),-8540
2003,4Av Forest land: DOM + SOM (organic soils),Carbon dioxide (CO2),1647
2003,4(i)A Forest land: N2O emissions from N-fertilization,Carbon dioxide (CO2),-
2003,4(ii)A Forest land: emissions and removals from drainage and rewetting,Carbon dioxide (CO2),-
2003,4(iii)A Forest land: N2O emissions from nitrogen mineralization associated with loss of soil organic matter in mineral soils,Carbon dioxide (CO2),-
2003,"4(iv)A Forest land: biomass burning (wildfires, prescribed and restoration burnings)",Carbon dioxide (CO2),-
2003,4B Cropland,Carbon dioxide (CO2),7797
2003,4Bi Cropland: biomass,Carbon dioxide (CO2),1315
2003,4Biv Cropland: DOM + SOM (mineral soils),Carbon dioxide (CO2),785
2003,4Bv Cropland: DOM + SOM (organic soils),Carbon dioxide (CO2),5698
2003,4(iii)B Cropland: N2O emissions from nitrogen mineralization associated with loss of soil organic matter in mineral soils,Carbon dioxide (CO2),-
2003,4C Grassland,Carbon dioxide (CO2),844
2003,4Ci Grassland: biomass,Carbon dioxide (CO2),-25
2003,4Civ Grassland: DOM + SOM (mineral soils),Carbon dioxide (CO2),-19
2003,4Cv Grassland: DOM + SOM (organic soils),Carbon dioxide (CO2),888
2003,4(iii)C Grassland: N2O emissions from nitrogen mineralization associated with loss of soil organic matter in mineral soils,Carbon dioxide (CO2),-
2003,"4(iv)C Grassland: biomass burning (wildfires, prescribed and restoration burnings)",Carbon dioxide (CO2),0
2003,4D Wetlands,Carbon dioxide (CO2),1836
2003,4Di Wetlands: biomass,Carbon dioxide (CO2),112
2003,4Diii Wetlands: dead wood,Carbon dioxide (CO2),1
2003,4Dv Wetlands: SOM,Carbon dioxide (CO2),1723
2003,4(ii)D Wetlands: emissions and removals from drainage and rewetting,Carbon dioxide (CO2),-
2003,4E Settlements,Carbon dioxide (CO2),1560
2003,4Ei Settlements: biomass,Carbon dioxide (CO2),1227
2003,4Eiii Settlements: dead wood,Carbon dioxide (CO2),27
2003,4Eiv-v Settlements: SOM  and litter,Carbon dioxide (CO2),306
2003,4(i)E Settlements: N2O emissions from N-fertilization,Carbon dioxide (CO2),-
2003,4(ii)E Settlements: emissions and removals from drainage and rewetting,Carbon dioxide (CO2),-
2003,4(iii)E Settlements: N2O emissions from nitrogen mineralization associated with loss of soil organic matter in mineral soils,Carbon dioxide (CO2),-
2003,4G Harvested wood products,Carbon dioxide (CO2),-5097
2003,5 Waste management,Carbon dioxide (CO2),-
2003,5A Waste disposal,Carbon dioxide (CO2),-
2003,5B Biological treatment of  waste,Carbon dioxide (CO2),-
2003,5D Wastewater treatment and discharge,Carbon dioxide (CO2),-
2003,Indirect CO2 emission,Carbon dioxide (CO2),96
2004,Emissions without LULUCF,Carbon dioxide (CO2),69041
2004,Emissions with LULUCF,Carbon dioxide (CO2),31724
2004,1 Energy,Carbon dioxide (CO2),64293
2004,1A1 Energy industries,Carbon dioxide (CO2),32917
2004,1A2 Manufacturing industries and construction,Carbon dioxide (CO2),11440
2004,1A2(-1A2gvii) Manufacturing industries and construction excl. off-road vehicles and other machinery,Carbon dioxide (CO2),10385
2004,1A2gvii Off-road vehicles and other machinery production,Carbon dioxide (CO2),1055
2004,1A3 Transport,Carbon dioxide (CO2),12754
2004,1A3a Domestic aviation,Carbon dioxide (CO2),332
2004,1A3b Road transportation,Carbon dioxide (CO2),11783
2004,1A3bi Cars,Carbon dioxide (CO2),-
2004,1A3bii Light duty trucks,Carbon dioxide (CO2),-
2004,1A3biii Heavyduty trucks,Carbon dioxide (CO2),-
2004,1A3biv Motorcycles,Carbon dioxide (CO2),-
2004,1A3c Railways,Carbon dioxide (CO2),140
2004,1A3d Domestic navigation,Carbon dioxide (CO2),500
2004,1A4 Other sectors,Carbon dioxide (CO2),5742
2004,1A4a Commercial and institutional,Carbon dioxide (CO2),1542
2004,"1A4ai Commercial/institutional, stationary",Carbon dioxide (CO2),1112
2004,"1A4aii Commercial/institutional, off-road vehicles and other machinery",Carbon dioxide (CO2),430
2004,1A4b Residential,Carbon dioxide (CO2),2528
2004,"1A4bi Residential, stationary",Carbon dioxide (CO2),2345
2004,"1A4bii Residential, off-road vehicles and other machinery",Carbon dioxide (CO2),183
2004,"1A4c Agriculture, forestry anf fishing",Carbon dioxide (CO2),1672
2004,"1A4ci Agriculture/forestry, stationary",Carbon dioxide (CO2),643
2004,"1A4cii Agriculture/forestry, off-road vehicles and other machinery",Carbon dioxide (CO2),905
2004,1A4ciii Fishing,Carbon dioxide (CO2),124
2004,1A5 Other fuel use,Carbon dioxide (CO2),1385
2004,1B Fugitive emissions from fuels,Carbon dioxide (CO2),55
2004,1D International transport,Carbon dioxide (CO2),2931
2004,1D1a International aviation,Carbon dioxide (CO2),1282
2004,1D1b International navigation,Carbon dioxide (CO2),1649
2004,2 Industrial processes and product use,Carbon dioxide (CO2),4377
2004,2A Mineral industry,Carbon dioxide (CO2),1189
2004,2B Chemical industry,Carbon dioxide (CO2),502
2004,2C Metal industry,Carbon dioxide (CO2),2576
2004,2D Non-energy products from fuels and solvent use,Carbon dioxide (CO2),110
2004,2F Product uses as substitutes for ozone-depleting substances,Carbon dioxide (CO2),-
2004,2F1 Refrigeration and air conditioning,Carbon dioxide (CO2),-
2004,2F1a Commercial refrigeration,Carbon dioxide (CO2),-
2004,2F1b Domestic refrigeration,Carbon dioxide (CO2),-
2004,2F1c Industrial refrigeration,Carbon dioxide (CO2),-
2004,2F1d Transport refrigeration,Carbon dioxide (CO2),-
2004,2F1e Mobile air-conditioning,Carbon dioxide (CO2),-
2004,2F1f Stationary air-conditioning,Carbon dioxide (CO2),-
2004,2F2 Foam blowing agents,Carbon dioxide (CO2),-
2004,2F4 Aerosols,Carbon dioxide (CO2),-
2004,2G Other product manufacture and use,Carbon dioxide (CO2),-
2004,2H Other emissions from industrial processses,Carbon dioxide (CO2),-
2004,3 Agriculture,Carbon dioxide (CO2),277
2004,3A  Enteric fermentation,Carbon dioxide (CO2),-
2004,3A1 Cattle,Carbon dioxide (CO2),-
2004,3A1a Dairy cattle,Carbon dioxide (CO2),-
2004,3A1b Non-dairy cattle,Carbon dioxide (CO2),-
2004,3A2 Sheep,Carbon dioxide (CO2),-
2004,3A3 Swine,Carbon dioxide (CO2),-
2004,3A4d Goats,Carbon dioxide (CO2),-
2004,3A4e Horses and ponies,Carbon dioxide (CO2),-
2004,3A4hii Reindeer,Carbon dioxide (CO2),-
2004,3A4hiv Fur-bearing animals,Carbon dioxide (CO2),-
2004,3B Manure management,Carbon dioxide (CO2),-
2004,3B1 Cattle,Carbon dioxide (CO2),-
2004,3B1a Dairy cattle,Carbon dioxide (CO2),-
2004,3B1b Non-dairy cattle,Carbon dioxide (CO2),-
2004,3B2 Sheep,Carbon dioxide (CO2),-
2004,3B3 Swine,Carbon dioxide (CO2),-
2004,3B4d Goats,Carbon dioxide (CO2),-
2004,3B4e Horses and ponies,Carbon dioxide (CO2),-
2004,3B4g Poultry,Carbon dioxide (CO2),-
2004,3B4hii Reindeer,Carbon dioxide (CO2),-
2004,3B4hiv Fur-bearing animals,Carbon dioxide (CO2),-
2004,3B5 Indirect N2O emissions from manure management,Carbon dioxide (CO2),-
2004,3D Agricultural soils,Carbon dioxide (CO2),-
2004,3D1 Direct N2O emissions from managed soils,Carbon dioxide (CO2),-
2004,3D1a Inorganic N fertilizers,Carbon dioxide (CO2),-
2004,3D1b Organic N fertilizers,Carbon dioxide (CO2),-
2004,3D1c Urine and dung deposited by grazing animals,Carbon dioxide (CO2),-
2004,3D1d Crop residues,Carbon dioxide (CO2),-
2004,3D1e N2O emissions from nitrogen mineralization associated with loss of soil organic matter in mineral soils,Carbon dioxide (CO2),-
2004,3D1f Cultivation of organic soils of croplands and grasslands,Carbon dioxide (CO2),-
2004,3D2 Indirect N2O emissions from managed soils,Carbon dioxide (CO2),-
2004,3F Field burning of agricultural residues,Carbon dioxide (CO2),-
2004,3G Liming,Carbon dioxide (CO2),276
2004,3H Urea application,Carbon dioxide (CO2),1
2004,"4 Land use, land-use change and forestry (LULUCF)",Carbon dioxide (CO2),-37317
2004,4A Forest land,Carbon dioxide (CO2),-43805
2004,4Ai1 Forest land: biomass (mineral soils),Carbon dioxide (CO2),-13819
2004,4Ai2 Forest land: biomass (organic soils),Carbon dioxide (CO2),-23410
2004,4Aiv Forest land: DOM + SOM (mineral soils),Carbon dioxide (CO2),-7782
2004,4Av Forest land: DOM + SOM (organic soils),Carbon dioxide (CO2),1206
2004,4(i)A Forest land: N2O emissions from N-fertilization,Carbon dioxide (CO2),-
2004,4(ii)A Forest land: emissions and removals from drainage and rewetting,Carbon dioxide (CO2),-
2004,4(iii)A Forest land: N2O emissions from nitrogen mineralization associated with loss of soil organic matter in mineral soils,Carbon dioxide (CO2),-
2004,"4(iv)A Forest land: biomass burning (wildfires, prescribed and restoration burnings)",Carbon dioxide (CO2),-
2004,4B Cropland,Carbon dioxide (CO2),7539
2004,4Bi Cropland: biomass,Carbon dioxide (CO2),1250
2004,4Biv Cropland: DOM + SOM (mineral soils),Carbon dioxide (CO2),447
2004,4Bv Cropland: DOM + SOM (organic soils),Carbon dioxide (CO2),5842
2004,4(iii)B Cropland: N2O emissions from nitrogen mineralization associated with loss of soil organic matter in mineral soils,Carbon dioxide (CO2),-
2004,4C Grassland,Carbon dioxide (CO2),898
2004,4Ci Grassland: biomass,Carbon dioxide (CO2),30
2004,4Civ Grassland: DOM + SOM (mineral soils),Carbon dioxide (CO2),-19
2004,4Cv Grassland: DOM + SOM (organic soils),Carbon dioxide (CO2),887
2004,4(iii)C Grassland: N2O emissions from nitrogen mineralization associated with loss of soil organic matter in mineral soils,Carbon dioxide (CO2),-
2004,"4(iv)C Grassland: biomass burning (wildfires, prescribed and restoration burnings)",Carbon dioxide (CO2),0
2004,4D Wetlands,Carbon dioxide (CO2),1755
2004,4Di Wetlands: biomass,Carbon dioxide (CO2),93
2004,4Diii Wetlands: dead wood,Carbon dioxide (CO2),1
2004,4Dv Wetlands: SOM,Carbon dioxide (CO2),1660
2004,4(ii)D Wetlands: emissions and removals from drainage and rewetting,Carbon dioxide (CO2),-
2004,4E Settlements,Carbon dioxide (CO2),1698
2004,4Ei Settlements: biomass,Carbon dioxide (CO2),1350
2004,4Eiii Settlements: dead wood,Carbon dioxide (CO2),32
2004,4Eiv-v Settlements: SOM  and litter,Carbon dioxide (CO2),316
2004,4(i)E Settlements: N2O emissions from N-fertilization,Carbon dioxide (CO2),-
2004,4(ii)E Settlements: emissions and removals from drainage and rewetting,Carbon dioxide (CO2),-
2004,4(iii)E Settlements: N2O emissions from nitrogen mineralization associated with loss of soil organic matter in mineral soils,Carbon dioxide (CO2),-
2004,4G Harvested wood products,Carbon dioxide (CO2),-5400
2004,5 Waste management,Carbon dioxide (CO2),-
2004,5A Waste disposal,Carbon dioxide (CO2),-
2004,5B Biological treatment of  waste,Carbon dioxide (CO2),-
2004,5D Wastewater treatment and discharge,Carbon dioxide (CO2),-
2004,Indirect CO2 emission,Carbon dioxide (CO2),93
2005,Emissions without LULUCF,Carbon dioxide (CO2),57152
2005,Emissions with LULUCF,Carbon dioxide (CO2),19770
2005,1 Energy,Carbon dioxide (CO2),52658
2005,1A1 Energy industries,Carbon dioxide (CO2),21757
2005,1A2 Manufacturing industries and construction,Carbon dioxide (CO2),11175
2005,1A2(-1A2gvii) Manufacturing industries and construction excl. off-road vehicles and other machinery,Carbon dioxide (CO2),10116
2005,1A2gvii Off-road vehicles and other machinery production,Carbon dioxide (CO2),1059
2005,1A3 Transport,Carbon dioxide (CO2),12743
2005,1A3a Domestic aviation,Carbon dioxide (CO2),302
2005,1A3b Road transportation,Carbon dioxide (CO2),11808
2005,1A3bi Cars,Carbon dioxide (CO2),-
2005,1A3bii Light duty trucks,Carbon dioxide (CO2),-
2005,1A3biii Heavyduty trucks,Carbon dioxide (CO2),-
2005,1A3biv Motorcycles,Carbon dioxide (CO2),-
2005,1A3c Railways,Carbon dioxide (CO2),128
2005,1A3d Domestic navigation,Carbon dioxide (CO2),504
2005,1A4 Other sectors,Carbon dioxide (CO2),5424
2005,1A4a Commercial and institutional,Carbon dioxide (CO2),1482
2005,"1A4ai Commercial/institutional, stationary",Carbon dioxide (CO2),1059
2005,"1A4aii Commercial/institutional, off-road vehicles and other machinery",Carbon dioxide (CO2),422
2005,1A4b Residential,Carbon dioxide (CO2),2313
2005,"1A4bi Residential, stationary",Carbon dioxide (CO2),2125
2005,"1A4bii Residential, off-road vehicles and other machinery",Carbon dioxide (CO2),188
2005,"1A4c Agriculture, forestry anf fishing",Carbon dioxide (CO2),1628
2005,"1A4ci Agriculture/forestry, stationary",Carbon dioxide (CO2),609
2005,"1A4cii Agriculture/forestry, off-road vehicles and other machinery",Carbon dioxide (CO2),903
2005,1A4ciii Fishing,Carbon dioxide (CO2),116
2005,1A5 Other fuel use,Carbon dioxide (CO2),1489
2005,1B Fugitive emissions from fuels,Carbon dioxide (CO2),70
2005,1D International transport,Carbon dioxide (CO2),2904
2005,1D1a International aviation,Carbon dioxide (CO2),1290
2005,1D1b International navigation,Carbon dioxide (CO2),1614
2005,2 Industrial processes and product use,Carbon dioxide (CO2),4116
2005,2A Mineral industry,Carbon dioxide (CO2),1176
2005,2B Chemical industry,Carbon dioxide (CO2),434
2005,2C Metal industry,Carbon dioxide (CO2),2404
2005,2D Non-energy products from fuels and solvent use,Carbon dioxide (CO2),102
2005,2F Product uses as substitutes for ozone-depleting substances,Carbon dioxide (CO2),-
2005,2F1 Refrigeration and air conditioning,Carbon dioxide (CO2),-
2005,2F1a Commercial refrigeration,Carbon dioxide (CO2),-
2005,2F1b Domestic refrigeration,Carbon dioxide (CO2),-
2005,2F1c Industrial refrigeration,Carbon dioxide (CO2),-
2005,2F1d Transport refrigeration,Carbon dioxide (CO2),-
2005,2F1e Mobile air-conditioning,Carbon dioxide (CO2),-
2005,2F1f Stationary air-conditioning,Carbon dioxide (CO2),-
2005,2F2 Foam blowing agents,Carbon dioxide (CO2),-
2005,2F4 Aerosols,Carbon dioxide (CO2),-
2005,2G Other product manufacture and use,Carbon dioxide (CO2),-
2005,2H Other emissions from industrial processses,Carbon dioxide (CO2),-
2005,3 Agriculture,Carbon dioxide (CO2),291
2005,3A  Enteric fermentation,Carbon dioxide (CO2),-
2005,3A1 Cattle,Carbon dioxide (CO2),-
2005,3A1a Dairy cattle,Carbon dioxide (CO2),-
2005,3A1b Non-dairy cattle,Carbon dioxide (CO2),-
2005,3A2 Sheep,Carbon dioxide (CO2),-
2005,3A3 Swine,Carbon dioxide (CO2),-
2005,3A4d Goats,Carbon dioxide (CO2),-
2005,3A4e Horses and ponies,Carbon dioxide (CO2),-
2005,3A4hii Reindeer,Carbon dioxide (CO2),-
2005,3A4hiv Fur-bearing animals,Carbon dioxide (CO2),-
2005,3B Manure management,Carbon dioxide (CO2),-
2005,3B1 Cattle,Carbon dioxide (CO2),-
2005,3B1a Dairy cattle,Carbon dioxide (CO2),-
2005,3B1b Non-dairy cattle,Carbon dioxide (CO2),-
2005,3B2 Sheep,Carbon dioxide (CO2),-
2005,3B3 Swine,Carbon dioxide (CO2),-
2005,3B4d Goats,Carbon dioxide (CO2),-
2005,3B4e Horses and ponies,Carbon dioxide (CO2),-
2005,3B4g Poultry,Carbon dioxide (CO2),-
2005,3B4hii Reindeer,Carbon dioxide (CO2),-
2005,3B4hiv Fur-bearing animals,Carbon dioxide (CO2),-
2005,3B5 Indirect N2O emissions from manure management,Carbon dioxide (CO2),-
2005,3D Agricultural soils,Carbon dioxide (CO2),-
2005,3D1 Direct N2O emissions from managed soils,Carbon dioxide (CO2),-
2005,3D1a Inorganic N fertilizers,Carbon dioxide (CO2),-
2005,3D1b Organic N fertilizers,Carbon dioxide (CO2),-
2005,3D1c Urine and dung deposited by grazing animals,Carbon dioxide (CO2),-
2005,3D1d Crop residues,Carbon dioxide (CO2),-
2005,3D1e N2O emissions from nitrogen mineralization associated with loss of soil organic matter in mineral soils,Carbon dioxide (CO2),-
2005,3D1f Cultivation of organic soils of croplands and grasslands,Carbon dioxide (CO2),-
2005,3D2 Indirect N2O emissions from managed soils,Carbon dioxide (CO2),-
2005,3F Field burning of agricultural residues,Carbon dioxide (CO2),-
2005,3G Liming,Carbon dioxide (CO2),290
2005,3H Urea application,Carbon dioxide (CO2),1
2005,"4 Land use, land-use change and forestry (LULUCF)",Carbon dioxide (CO2),-37381
2005,4A Forest land,Carbon dioxide (CO2),-47512
2005,4Ai1 Forest land: biomass (mineral soils),Carbon dioxide (CO2),-17749
2005,4Ai2 Forest land: biomass (organic soils),Carbon dioxide (CO2),-23977
2005,4Aiv Forest land: DOM + SOM (mineral soils),Carbon dioxide (CO2),-7561
2005,4Av Forest land: DOM + SOM (organic soils),Carbon dioxide (CO2),1775
2005,4(i)A Forest land: N2O emissions from N-fertilization,Carbon dioxide (CO2),-
2005,4(ii)A Forest land: emissions and removals from drainage and rewetting,Carbon dioxide (CO2),-
2005,4(iii)A Forest land: N2O emissions from nitrogen mineralization associated with loss of soil organic matter in mineral soils,Carbon dioxide (CO2),-
2005,"4(iv)A Forest land: biomass burning (wildfires, prescribed and restoration burnings)",Carbon dioxide (CO2),-
2005,4B Cropland,Carbon dioxide (CO2),7489
2005,4Bi Cropland: biomass,Carbon dioxide (CO2),1088
2005,4Biv Cropland: DOM + SOM (mineral soils),Carbon dioxide (CO2),518
2005,4Bv Cropland: DOM + SOM (organic soils),Carbon dioxide (CO2),5882
2005,4(iii)B Cropland: N2O emissions from nitrogen mineralization associated with loss of soil organic matter in mineral soils,Carbon dioxide (CO2),-
2005,4C Grassland,Carbon dioxide (CO2),925
2005,4Ci Grassland: biomass,Carbon dioxide (CO2),55
2005,4Civ Grassland: DOM + SOM (mineral soils),Carbon dioxide (CO2),-19
2005,4Cv Grassland: DOM + SOM (organic soils),Carbon dioxide (CO2),889
2005,4(iii)C Grassland: N2O emissions from nitrogen mineralization associated with loss of soil organic matter in mineral soils,Carbon dioxide (CO2),-
2005,"4(iv)C Grassland: biomass burning (wildfires, prescribed and restoration burnings)",Carbon dioxide (CO2),0
2005,4D Wetlands,Carbon dioxide (CO2),1977
2005,4Di Wetlands: biomass,Carbon dioxide (CO2),125
2005,4Diii Wetlands: dead wood,Carbon dioxide (CO2),2
2005,4Dv Wetlands: SOM,Carbon dioxide (CO2),1850
2005,4(ii)D Wetlands: emissions and removals from drainage and rewetting,Carbon dioxide (CO2),-
2005,4E Settlements,Carbon dioxide (CO2),1711
2005,4Ei Settlements: biomass,Carbon dioxide (CO2),1353
2005,4Eiii Settlements: dead wood,Carbon dioxide (CO2),33
2005,4Eiv-v Settlements: SOM  and litter,Carbon dioxide (CO2),325
2005,4(i)E Settlements: N2O emissions from N-fertilization,Carbon dioxide (CO2),-
2005,4(ii)E Settlements: emissions and removals from drainage and rewetting,Carbon dioxide (CO2),-
2005,4(iii)E Settlements: N2O emissions from nitrogen mineralization associated with loss of soil organic matter in mineral soils,Carbon dioxide (CO2),-
2005,4G Harvested wood products,Carbon dioxide (CO2),-1971
2005,5 Waste management,Carbon dioxide (CO2),-
2005,5A Waste disposal,Carbon dioxide (CO2),-
2005,5B Biological treatment of  waste,Carbon dioxide (CO2),-
2005,5D Wastewater treatment and discharge,Carbon dioxide (CO2),-
2005,Indirect CO2 emission,Carbon dioxide (CO2),86
2006,Emissions without LULUCF,Carbon dioxide (CO2),68461
2006,Emissions with LULUCF,Carbon dioxide (CO2),27128
2006,1 Energy,Carbon dioxide (CO2),63751
2006,1A1 Energy industries,Carbon dioxide (CO2),32611
2006,1A2 Manufacturing industries and construction,Carbon dioxide (CO2),11443
2006,1A2(-1A2gvii) Manufacturing industries and construction excl. off-road vehicles and other machinery,Carbon dioxide (CO2),10366
2006,1A2gvii Off-road vehicles and other machinery production,Carbon dioxide (CO2),1077
2006,1A3 Transport,Carbon dioxide (CO2),12914
2006,1A3a Domestic aviation,Carbon dioxide (CO2),283
2006,1A3b Road transportation,Carbon dioxide (CO2),11963
2006,1A3bi Cars,Carbon dioxide (CO2),-
2006,1A3bii Light duty trucks,Carbon dioxide (CO2),-
2006,1A3biii Heavyduty trucks,Carbon dioxide (CO2),-
2006,1A3biv Motorcycles,Carbon dioxide (CO2),-
2006,1A3c Railways,Carbon dioxide (CO2),129
2006,1A3d Domestic navigation,Carbon dioxide (CO2),538
2006,1A4 Other sectors,Carbon dioxide (CO2),5324
2006,1A4a Commercial and institutional,Carbon dioxide (CO2),1471
2006,"1A4ai Commercial/institutional, stationary",Carbon dioxide (CO2),1048
2006,"1A4aii Commercial/institutional, off-road vehicles and other machinery",Carbon dioxide (CO2),423
2006,1A4b Residential,Carbon dioxide (CO2),2271
2006,"1A4bi Residential, stationary",Carbon dioxide (CO2),2080
2006,"1A4bii Residential, off-road vehicles and other machinery",Carbon dioxide (CO2),191
2006,"1A4c Agriculture, forestry anf fishing",Carbon dioxide (CO2),1582
2006,"1A4ci Agriculture/forestry, stationary",Carbon dioxide (CO2),577
2006,"1A4cii Agriculture/forestry, off-road vehicles and other machinery",Carbon dioxide (CO2),881
2006,1A4ciii Fishing,Carbon dioxide (CO2),124
2006,1A5 Other fuel use,Carbon dioxide (CO2),1400
2006,1B Fugitive emissions from fuels,Carbon dioxide (CO2),58
2006,1D International transport,Carbon dioxide (CO2),3222
2006,1D1a International aviation,Carbon dioxide (CO2),1435
2006,1D1b International navigation,Carbon dioxide (CO2),1788
2006,2 Industrial processes and product use,Carbon dioxide (CO2),4302
2006,2A Mineral industry,Carbon dioxide (CO2),1270
2006,2B Chemical industry,Carbon dioxide (CO2),445
2006,2C Metal industry,Carbon dioxide (CO2),2473
2006,2D Non-energy products from fuels and solvent use,Carbon dioxide (CO2),114
2006,2F Product uses as substitutes for ozone-depleting substances,Carbon dioxide (CO2),-
2006,2F1 Refrigeration and air conditioning,Carbon dioxide (CO2),-
2006,2F1a Commercial refrigeration,Carbon dioxide (CO2),-
2006,2F1b Domestic refrigeration,Carbon dioxide (CO2),-
2006,2F1c Industrial refrigeration,Carbon dioxide (CO2),-
2006,2F1d Transport refrigeration,Carbon dioxide (CO2),-
2006,2F1e Mobile air-conditioning,Carbon dioxide (CO2),-
2006,2F1f Stationary air-conditioning,Carbon dioxide (CO2),-
2006,2F2 Foam blowing agents,Carbon dioxide (CO2),-
2006,2F4 Aerosols,Carbon dioxide (CO2),-
2006,2G Other product manufacture and use,Carbon dioxide (CO2),-
2006,2H Other emissions from industrial processses,Carbon dioxide (CO2),-
2006,3 Agriculture,Carbon dioxide (CO2),322
2006,3A  Enteric fermentation,Carbon dioxide (CO2),-
2006,3A1 Cattle,Carbon dioxide (CO2),-
2006,3A1a Dairy cattle,Carbon dioxide (CO2),-
2006,3A1b Non-dairy cattle,Carbon dioxide (CO2),-
2006,3A2 Sheep,Carbon dioxide (CO2),-
2006,3A3 Swine,Carbon dioxide (CO2),-
2006,3A4d Goats,Carbon dioxide (CO2),-
2006,3A4e Horses and ponies,Carbon dioxide (CO2),-
2006,3A4hii Reindeer,Carbon dioxide (CO2),-
2006,3A4hiv Fur-bearing animals,Carbon dioxide (CO2),-
2006,3B Manure management,Carbon dioxide (CO2),-
2006,3B1 Cattle,Carbon dioxide (CO2),-
2006,3B1a Dairy cattle,Carbon dioxide (CO2),-
2006,3B1b Non-dairy cattle,Carbon dioxide (CO2),-
2006,3B2 Sheep,Carbon dioxide (CO2),-
2006,3B3 Swine,Carbon dioxide (CO2),-
2006,3B4d Goats,Carbon dioxide (CO2),-
2006,3B4e Horses and ponies,Carbon dioxide (CO2),-
2006,3B4g Poultry,Carbon dioxide (CO2),-
2006,3B4hii Reindeer,Carbon dioxide (CO2),-
2006,3B4hiv Fur-bearing animals,Carbon dioxide (CO2),-
2006,3B5 Indirect N2O emissions from manure management,Carbon dioxide (CO2),-
2006,3D Agricultural soils,Carbon dioxide (CO2),-
2006,3D1 Direct N2O emissions from managed soils,Carbon dioxide (CO2),-
2006,3D1a Inorganic N fertilizers,Carbon dioxide (CO2),-
2006,3D1b Organic N fertilizers,Carbon dioxide (CO2),-
2006,3D1c Urine and dung deposited by grazing animals,Carbon dioxide (CO2),-
2006,3D1d Crop residues,Carbon dioxide (CO2),-
2006,3D1e N2O emissions from nitrogen mineralization associated with loss of soil organic matter in mineral soils,Carbon dioxide (CO2),-
2006,3D1f Cultivation of organic soils of croplands and grasslands,Carbon dioxide (CO2),-
2006,3D2 Indirect N2O emissions from managed soils,Carbon dioxide (CO2),-
2006,3F Field burning of agricultural residues,Carbon dioxide (CO2),-
2006,3G Liming,Carbon dioxide (CO2),321
2006,3H Urea application,Carbon dioxide (CO2),1
2006,"4 Land use, land-use change and forestry (LULUCF)",Carbon dioxide (CO2),-41334
2006,4A Forest land,Carbon dioxide (CO2),-48874
2006,4Ai1 Forest land: biomass (mineral soils),Carbon dioxide (CO2),-20900
2006,4Ai2 Forest land: biomass (organic soils),Carbon dioxide (CO2),-24646
2006,4Aiv Forest land: DOM + SOM (mineral soils),Carbon dioxide (CO2),-6638
2006,4Av Forest land: DOM + SOM (organic soils),Carbon dioxide (CO2),3309
2006,4(i)A Forest land: N2O emissions from N-fertilization,Carbon dioxide (CO2),-
2006,4(ii)A Forest land: emissions and removals from drainage and rewetting,Carbon dioxide (CO2),-
2006,4(iii)A Forest land: N2O emissions from nitrogen mineralization associated with loss of soil organic matter in mineral soils,Carbon dioxide (CO2),-
2006,"4(iv)A Forest land: biomass burning (wildfires, prescribed and restoration burnings)",Carbon dioxide (CO2),-
2006,4B Cropland,Carbon dioxide (CO2),7536
2006,4Bi Cropland: biomass,Carbon dioxide (CO2),965
2006,4Biv Cropland: DOM + SOM (mineral soils),Carbon dioxide (CO2),561
2006,4Bv Cropland: DOM + SOM (organic soils),Carbon dioxide (CO2),6010
2006,4(iii)B Cropland: N2O emissions from nitrogen mineralization associated with loss of soil organic matter in mineral soils,Carbon dioxide (CO2),-
2006,4C Grassland,Carbon dioxide (CO2),922
2006,4Ci Grassland: biomass,Carbon dioxide (CO2),46
2006,4Civ Grassland: DOM + SOM (mineral soils),Carbon dioxide (CO2),-20
2006,4Cv Grassland: DOM + SOM (organic soils),Carbon dioxide (CO2),895
2006,4(iii)C Grassland: N2O emissions from nitrogen mineralization associated with loss of soil organic matter in mineral soils,Carbon dioxide (CO2),-
2006,"4(iv)C Grassland: biomass burning (wildfires, prescribed and restoration burnings)",Carbon dioxide (CO2),0
2006,4D Wetlands,Carbon dioxide (CO2),2247
2006,4Di Wetlands: biomass,Carbon dioxide (CO2),139
2006,4Diii Wetlands: dead wood,Carbon dioxide (CO2),3
2006,4Dv Wetlands: SOM,Carbon dioxide (CO2),2105
2006,4(ii)D Wetlands: emissions and removals from drainage and rewetting,Carbon dioxide (CO2),-
2006,4E Settlements,Carbon dioxide (CO2),1599
2006,4Ei Settlements: biomass,Carbon dioxide (CO2),1233
2006,4Eiii Settlements: dead wood,Carbon dioxide (CO2),32
2006,4Eiv-v Settlements: SOM  and litter,Carbon dioxide (CO2),334
2006,4(i)E Settlements: N2O emissions from N-fertilization,Carbon dioxide (CO2),-
2006,4(ii)E Settlements: emissions and removals from drainage and rewetting,Carbon dioxide (CO2),-
2006,4(iii)E Settlements: N2O emissions from nitrogen mineralization associated with loss of soil organic matter in mineral soils,Carbon dioxide (CO2),-
2006,4G Harvested wood products,Carbon dioxide (CO2),-4763
2006,5 Waste management,Carbon dioxide (CO2),-
2006,5A Waste disposal,Carbon dioxide (CO2),-
2006,5B Biological treatment of  waste,Carbon dioxide (CO2),-
2006,5D Wastewater treatment and discharge,Carbon dioxide (CO2),-
2006,Indirect CO2 emission,Carbon dioxide (CO2),87
2007,Emissions without LULUCF,Carbon dioxide (CO2),66854
2007,Emissions with LULUCF,Carbon dioxide (CO2),35099
2007,1 Energy,Carbon dioxide (CO2),61653
2007,1A1 Energy industries,Carbon dioxide (CO2),30507
2007,1A2 Manufacturing industries and construction,Carbon dioxide (CO2),11275
2007,1A2(-1A2gvii) Manufacturing industries and construction excl. off-road vehicles and other machinery,Carbon dioxide (CO2),10154
2007,1A2gvii Off-road vehicles and other machinery production,Carbon dioxide (CO2),1121
2007,1A3 Transport,Carbon dioxide (CO2),13274
2007,1A3a Domestic aviation,Carbon dioxide (CO2),265
2007,1A3b Road transportation,Carbon dioxide (CO2),12349
2007,1A3bi Cars,Carbon dioxide (CO2),-
2007,1A3bii Light duty trucks,Carbon dioxide (CO2),-
2007,1A3biii Heavyduty trucks,Carbon dioxide (CO2),-
2007,1A3biv Motorcycles,Carbon dioxide (CO2),-
2007,1A3c Railways,Carbon dioxide (CO2),109
2007,1A3d Domestic navigation,Carbon dioxide (CO2),551
2007,1A4 Other sectors,Carbon dioxide (CO2),5179
2007,1A4a Commercial and institutional,Carbon dioxide (CO2),1434
2007,"1A4ai Commercial/institutional, stationary",Carbon dioxide (CO2),1002
2007,"1A4aii Commercial/institutional, off-road vehicles and other machinery",Carbon dioxide (CO2),432
2007,1A4b Residential,Carbon dioxide (CO2),2129
2007,"1A4bi Residential, stationary",Carbon dioxide (CO2),1932
2007,"1A4bii Residential, off-road vehicles and other machinery",Carbon dioxide (CO2),198
2007,"1A4c Agriculture, forestry anf fishing",Carbon dioxide (CO2),1616
2007,"1A4ci Agriculture/forestry, stationary",Carbon dioxide (CO2),618
2007,"1A4cii Agriculture/forestry, off-road vehicles and other machinery",Carbon dioxide (CO2),878
2007,1A4ciii Fishing,Carbon dioxide (CO2),120
2007,1A5 Other fuel use,Carbon dioxide (CO2),1336
2007,1B Fugitive emissions from fuels,Carbon dioxide (CO2),81
2007,1D International transport,Carbon dioxide (CO2),3114
2007,1D1a International aviation,Carbon dioxide (CO2),1656
2007,1D1b International navigation,Carbon dioxide (CO2),1458
2007,2 Industrial processes and product use,Carbon dioxide (CO2),4837
2007,2A Mineral industry,Carbon dioxide (CO2),1295
2007,2B Chemical industry,Carbon dioxide (CO2),916
2007,2C Metal industry,Carbon dioxide (CO2),2495
2007,2D Non-energy products from fuels and solvent use,Carbon dioxide (CO2),130
2007,2F Product uses as substitutes for ozone-depleting substances,Carbon dioxide (CO2),-
2007,2F1 Refrigeration and air conditioning,Carbon dioxide (CO2),-
2007,2F1a Commercial refrigeration,Carbon dioxide (CO2),-
2007,2F1b Domestic refrigeration,Carbon dioxide (CO2),-
2007,2F1c Industrial refrigeration,Carbon dioxide (CO2),-
2007,2F1d Transport refrigeration,Carbon dioxide (CO2),-
2007,2F1e Mobile air-conditioning,Carbon dioxide (CO2),-
2007,2F1f Stationary air-conditioning,Carbon dioxide (CO2),-
2007,2F2 Foam blowing agents,Carbon dioxide (CO2),-
2007,2F4 Aerosols,Carbon dioxide (CO2),-
2007,2G Other product manufacture and use,Carbon dioxide (CO2),-
2007,2H Other emissions from industrial processses,Carbon dioxide (CO2),-
2007,3 Agriculture,Carbon dioxide (CO2),277
2007,3A  Enteric fermentation,Carbon dioxide (CO2),-
2007,3A1 Cattle,Carbon dioxide (CO2),-
2007,3A1a Dairy cattle,Carbon dioxide (CO2),-
2007,3A1b Non-dairy cattle,Carbon dioxide (CO2),-
2007,3A2 Sheep,Carbon dioxide (CO2),-
2007,3A3 Swine,Carbon dioxide (CO2),-
2007,3A4d Goats,Carbon dioxide (CO2),-
2007,3A4e Horses and ponies,Carbon dioxide (CO2),-
2007,3A4hii Reindeer,Carbon dioxide (CO2),-
2007,3A4hiv Fur-bearing animals,Carbon dioxide (CO2),-
2007,3B Manure management,Carbon dioxide (CO2),-
2007,3B1 Cattle,Carbon dioxide (CO2),-
2007,3B1a Dairy cattle,Carbon dioxide (CO2),-
2007,3B1b Non-dairy cattle,Carbon dioxide (CO2),-
2007,3B2 Sheep,Carbon dioxide (CO2),-
2007,3B3 Swine,Carbon dioxide (CO2),-
2007,3B4d Goats,Carbon dioxide (CO2),-
2007,3B4e Horses and ponies,Carbon dioxide (CO2),-
2007,3B4g Poultry,Carbon dioxide (CO2),-
2007,3B4hii Reindeer,Carbon dioxide (CO2),-
2007,3B4hiv Fur-bearing animals,Carbon dioxide (CO2),-
2007,3B5 Indirect N2O emissions from manure management,Carbon dioxide (CO2),-
2007,3D Agricultural soils,Carbon dioxide (CO2),-
2007,3D1 Direct N2O emissions from managed soils,Carbon dioxide (CO2),-
2007,3D1a Inorganic N fertilizers,Carbon dioxide (CO2),-
2007,3D1b Organic N fertilizers,Carbon dioxide (CO2),-
2007,3D1c Urine and dung deposited by grazing animals,Carbon dioxide (CO2),-
2007,3D1d Crop residues,Carbon dioxide (CO2),-
2007,3D1e N2O emissions from nitrogen mineralization associated with loss of soil organic matter in mineral soils,Carbon dioxide (CO2),-
2007,3D1f Cultivation of organic soils of croplands and grasslands,Carbon dioxide (CO2),-
2007,3D2 Indirect N2O emissions from managed soils,Carbon dioxide (CO2),-
2007,3F Field burning of agricultural residues,Carbon dioxide (CO2),-
2007,3G Liming,Carbon dioxide (CO2),275
2007,3H Urea application,Carbon dioxide (CO2),2
2007,"4 Land use, land-use change and forestry (LULUCF)",Carbon dioxide (CO2),-31755
2007,4A Forest land,Carbon dioxide (CO2),-37957
2007,4Ai1 Forest land: biomass (mineral soils),Carbon dioxide (CO2),-13664
2007,4Ai2 Forest land: biomass (organic soils),Carbon dioxide (CO2),-23132
2007,4Aiv Forest land: DOM + SOM (mineral soils),Carbon dioxide (CO2),-4522
2007,4Av Forest land: DOM + SOM (organic soils),Carbon dioxide (CO2),3360
2007,4(i)A Forest land: N2O emissions from N-fertilization,Carbon dioxide (CO2),-
2007,4(ii)A Forest land: emissions and removals from drainage and rewetting,Carbon dioxide (CO2),-
2007,4(iii)A Forest land: N2O emissions from nitrogen mineralization associated with loss of soil organic matter in mineral soils,Carbon dioxide (CO2),-
2007,"4(iv)A Forest land: biomass burning (wildfires, prescribed and restoration burnings)",Carbon dioxide (CO2),-
2007,4B Cropland,Carbon dioxide (CO2),7251
2007,4Bi Cropland: biomass,Carbon dioxide (CO2),734
2007,4Biv Cropland: DOM + SOM (mineral soils),Carbon dioxide (CO2),458
2007,4Bv Cropland: DOM + SOM (organic soils),Carbon dioxide (CO2),6059
2007,4(iii)B Cropland: N2O emissions from nitrogen mineralization associated with loss of soil organic matter in mineral soils,Carbon dioxide (CO2),-
2007,4C Grassland,Carbon dioxide (CO2),918
2007,4Ci Grassland: biomass,Carbon dioxide (CO2),45
2007,4Civ Grassland: DOM + SOM (mineral soils),Carbon dioxide (CO2),-20
2007,4Cv Grassland: DOM + SOM (organic soils),Carbon dioxide (CO2),893
2007,4(iii)C Grassland: N2O emissions from nitrogen mineralization associated with loss of soil organic matter in mineral soils,Carbon dioxide (CO2),-
2007,"4(iv)C Grassland: biomass burning (wildfires, prescribed and restoration burnings)",Carbon dioxide (CO2),0
2007,4D Wetlands,Carbon dioxide (CO2),1941
2007,4Di Wetlands: biomass,Carbon dioxide (CO2),208
2007,4Diii Wetlands: dead wood,Carbon dioxide (CO2),4
2007,4Dv Wetlands: SOM,Carbon dioxide (CO2),1729
2007,4(ii)D Wetlands: emissions and removals from drainage and rewetting,Carbon dioxide (CO2),-
2007,4E Settlements,Carbon dioxide (CO2),1702
2007,4Ei Settlements: biomass,Carbon dioxide (CO2),1325
2007,4Eiii Settlements: dead wood,Carbon dioxide (CO2),33
2007,4Eiv-v Settlements: SOM  and litter,Carbon dioxide (CO2),344
2007,4(i)E Settlements: N2O emissions from N-fertilization,Carbon dioxide (CO2),-
2007,4(ii)E Settlements: emissions and removals from drainage and rewetting,Carbon dioxide (CO2),-
2007,4(iii)E Settlements: N2O emissions from nitrogen mineralization associated with loss of soil organic matter in mineral soils,Carbon dioxide (CO2),-
2007,4G Harvested wood products,Carbon dioxide (CO2),-5610
2007,5 Waste management,Carbon dioxide (CO2),-
2007,5A Waste disposal,Carbon dioxide (CO2),-
2007,5B Biological treatment of  waste,Carbon dioxide (CO2),-
2007,5D Wastewater treatment and discharge,Carbon dioxide (CO2),-
2007,Indirect CO2 emission,Carbon dioxide (CO2),87
2008,Emissions without LULUCF,Carbon dioxide (CO2),58701
2008,Emissions with LULUCF,Carbon dioxide (CO2),23883
2008,1 Energy,Carbon dioxide (CO2),53427
2008,1A1 Energy industries,Carbon dioxide (CO2),24076
2008,1A2 Manufacturing industries and construction,Carbon dioxide (CO2),10737
2008,1A2(-1A2gvii) Manufacturing industries and construction excl. off-road vehicles and other machinery,Carbon dioxide (CO2),9531
2008,1A2gvii Off-road vehicles and other machinery production,Carbon dioxide (CO2),1206
2008,1A3 Transport,Carbon dioxide (CO2),12641
2008,1A3a Domestic aviation,Carbon dioxide (CO2),258
2008,1A3b Road transportation,Carbon dioxide (CO2),11807
2008,1A3bi Cars,Carbon dioxide (CO2),-
2008,1A3bii Light duty trucks,Carbon dioxide (CO2),-
2008,1A3biii Heavyduty trucks,Carbon dioxide (CO2),-
2008,1A3biv Motorcycles,Carbon dioxide (CO2),-
2008,1A3c Railways,Carbon dioxide (CO2),116
2008,1A3d Domestic navigation,Carbon dioxide (CO2),461
2008,1A4 Other sectors,Carbon dioxide (CO2),4693
2008,1A4a Commercial and institutional,Carbon dioxide (CO2),1253
2008,"1A4ai Commercial/institutional, stationary",Carbon dioxide (CO2),832
2008,"1A4aii Commercial/institutional, off-road vehicles and other machinery",Carbon dioxide (CO2),421
2008,1A4b Residential,Carbon dioxide (CO2),1840
2008,"1A4bi Residential, stationary",Carbon dioxide (CO2),1651
2008,"1A4bii Residential, off-road vehicles and other machinery",Carbon dioxide (CO2),190
2008,"1A4c Agriculture, forestry anf fishing",Carbon dioxide (CO2),1600
2008,"1A4ci Agriculture/forestry, stationary",Carbon dioxide (CO2),612
2008,"1A4cii Agriculture/forestry, off-road vehicles and other machinery",Carbon dioxide (CO2),871
2008,1A4ciii Fishing,Carbon dioxide (CO2),116
2008,1A5 Other fuel use,Carbon dioxide (CO2),1183
2008,1B Fugitive emissions from fuels,Carbon dioxide (CO2),97
2008,1D International transport,Carbon dioxide (CO2),3068
2008,1D1a International aviation,Carbon dioxide (CO2),1792
2008,1D1b International navigation,Carbon dioxide (CO2),1276
2008,2 Industrial processes and product use,Carbon dioxide (CO2),4870
2008,2A Mineral industry,Carbon dioxide (CO2),1227
2008,2B Chemical industry,Carbon dioxide (CO2),963
2008,2C Metal industry,Carbon dioxide (CO2),2554
2008,2D Non-energy products from fuels and solvent use,Carbon dioxide (CO2),126
2008,2F Product uses as substitutes for ozone-depleting substances,Carbon dioxide (CO2),-
2008,2F1 Refrigeration and air conditioning,Carbon dioxide (CO2),-
2008,2F1a Commercial refrigeration,Carbon dioxide (CO2),-
2008,2F1b Domestic refrigeration,Carbon dioxide (CO2),-
2008,2F1c Industrial refrigeration,Carbon dioxide (CO2),-
2008,2F1d Transport refrigeration,Carbon dioxide (CO2),-
2008,2F1e Mobile air-conditioning,Carbon dioxide (CO2),-
2008,2F1f Stationary air-conditioning,Carbon dioxide (CO2),-
2008,2F2 Foam blowing agents,Carbon dioxide (CO2),-
2008,2F4 Aerosols,Carbon dioxide (CO2),-
2008,2G Other product manufacture and use,Carbon dioxide (CO2),-
2008,2H Other emissions from industrial processses,Carbon dioxide (CO2),-
2008,3 Agriculture,Carbon dioxide (CO2),327
2008,3A  Enteric fermentation,Carbon dioxide (CO2),-
2008,3A1 Cattle,Carbon dioxide (CO2),-
2008,3A1a Dairy cattle,Carbon dioxide (CO2),-
2008,3A1b Non-dairy cattle,Carbon dioxide (CO2),-
2008,3A2 Sheep,Carbon dioxide (CO2),-
2008,3A3 Swine,Carbon dioxide (CO2),-
2008,3A4d Goats,Carbon dioxide (CO2),-
2008,3A4e Horses and ponies,Carbon dioxide (CO2),-
2008,3A4hii Reindeer,Carbon dioxide (CO2),-
2008,3A4hiv Fur-bearing animals,Carbon dioxide (CO2),-
2008,3B Manure management,Carbon dioxide (CO2),-
2008,3B1 Cattle,Carbon dioxide (CO2),-
2008,3B1a Dairy cattle,Carbon dioxide (CO2),-
2008,3B1b Non-dairy cattle,Carbon dioxide (CO2),-
2008,3B2 Sheep,Carbon dioxide (CO2),-
2008,3B3 Swine,Carbon dioxide (CO2),-
2008,3B4d Goats,Carbon dioxide (CO2),-
2008,3B4e Horses and ponies,Carbon dioxide (CO2),-
2008,3B4g Poultry,Carbon dioxide (CO2),-
2008,3B4hii Reindeer,Carbon dioxide (CO2),-
2008,3B4hiv Fur-bearing animals,Carbon dioxide (CO2),-
2008,3B5 Indirect N2O emissions from manure management,Carbon dioxide (CO2),-
2008,3D Agricultural soils,Carbon dioxide (CO2),-
2008,3D1 Direct N2O emissions from managed soils,Carbon dioxide (CO2),-
2008,3D1a Inorganic N fertilizers,Carbon dioxide (CO2),-
2008,3D1b Organic N fertilizers,Carbon dioxide (CO2),-
2008,3D1c Urine and dung deposited by grazing animals,Carbon dioxide (CO2),-
2008,3D1d Crop residues,Carbon dioxide (CO2),-
2008,3D1e N2O emissions from nitrogen mineralization associated with loss of soil organic matter in mineral soils,Carbon dioxide (CO2),-
2008,3D1f Cultivation of organic soils of croplands and grasslands,Carbon dioxide (CO2),-
2008,3D2 Indirect N2O emissions from managed soils,Carbon dioxide (CO2),-
2008,3F Field burning of agricultural residues,Carbon dioxide (CO2),-
2008,3G Liming,Carbon dioxide (CO2),325
2008,3H Urea application,Carbon dioxide (CO2),2
2008,"4 Land use, land-use change and forestry (LULUCF)",Carbon dioxide (CO2),-34819
2008,4A Forest land,Carbon dioxide (CO2),-45003
2008,4Ai1 Forest land: biomass (mineral soils),Carbon dioxide (CO2),-20886
2008,4Ai2 Forest land: biomass (organic soils),Carbon dioxide (CO2),-23791
2008,4Aiv Forest land: DOM + SOM (mineral soils),Carbon dioxide (CO2),-3928
2008,4Av Forest land: DOM + SOM (organic soils),Carbon dioxide (CO2),3602
2008,4(i)A Forest land: N2O emissions from N-fertilization,Carbon dioxide (CO2),-
2008,4(ii)A Forest land: emissions and removals from drainage and rewetting,Carbon dioxide (CO2),-
2008,4(iii)A Forest land: N2O emissions from nitrogen mineralization associated with loss of soil organic matter in mineral soils,Carbon dioxide (CO2),-
2008,"4(iv)A Forest land: biomass burning (wildfires, prescribed and restoration burnings)",Carbon dioxide (CO2),-
2008,4B Cropland,Carbon dioxide (CO2),7275
2008,4Bi Cropland: biomass,Carbon dioxide (CO2),655
2008,4Biv Cropland: DOM + SOM (mineral soils),Carbon dioxide (CO2),466
2008,4Bv Cropland: DOM + SOM (organic soils),Carbon dioxide (CO2),6154
2008,4(iii)B Cropland: N2O emissions from nitrogen mineralization associated with loss of soil organic matter in mineral soils,Carbon dioxide (CO2),-
2008,4C Grassland,Carbon dioxide (CO2),905
2008,4Ci Grassland: biomass,Carbon dioxide (CO2),35
2008,4Civ Grassland: DOM + SOM (mineral soils),Carbon dioxide (CO2),-20
2008,4Cv Grassland: DOM + SOM (organic soils),Carbon dioxide (CO2),889
2008,4(iii)C Grassland: N2O emissions from nitrogen mineralization associated with loss of soil organic matter in mineral soils,Carbon dioxide (CO2),-
2008,"4(iv)C Grassland: biomass burning (wildfires, prescribed and restoration burnings)",Carbon dioxide (CO2),0
2008,4D Wetlands,Carbon dioxide (CO2),2080
2008,4Di Wetlands: biomass,Carbon dioxide (CO2),193
2008,4Diii Wetlands: dead wood,Carbon dioxide (CO2),4
2008,4Dv Wetlands: SOM,Carbon dioxide (CO2),1882
2008,4(ii)D Wetlands: emissions and removals from drainage and rewetting,Carbon dioxide (CO2),-
2008,4E Settlements,Carbon dioxide (CO2),1710
2008,4Ei Settlements: biomass,Carbon dioxide (CO2),1326
2008,4Eiii Settlements: dead wood,Carbon dioxide (CO2),34
2008,4Eiv-v Settlements: SOM  and litter,Carbon dioxide (CO2),351
2008,4(i)E Settlements: N2O emissions from N-fertilization,Carbon dioxide (CO2),-
2008,4(ii)E Settlements: emissions and removals from drainage and rewetting,Carbon dioxide (CO2),-
2008,4(iii)E Settlements: N2O emissions from nitrogen mineralization associated with loss of soil organic matter in mineral soils,Carbon dioxide (CO2),-
2008,4G Harvested wood products,Carbon dioxide (CO2),-1785
2008,5 Waste management,Carbon dioxide (CO2),-
2008,5A Waste disposal,Carbon dioxide (CO2),-
2008,5B Biological treatment of  waste,Carbon dioxide (CO2),-
2008,5D Wastewater treatment and discharge,Carbon dioxide (CO2),-
2008,Indirect CO2 emission,Carbon dioxide (CO2),78
2009,Emissions without LULUCF,Carbon dioxide (CO2),55990
2009,Emissions with LULUCF,Carbon dioxide (CO2),10153
2009,1 Energy,Carbon dioxide (CO2),51592
2009,1A1 Energy industries,Carbon dioxide (CO2),25176
2009,1A2 Manufacturing industries and construction,Carbon dioxide (CO2),8574
2009,1A2(-1A2gvii) Manufacturing industries and construction excl. off-road vehicles and other machinery,Carbon dioxide (CO2),7380
2009,1A2gvii Off-road vehicles and other machinery production,Carbon dioxide (CO2),1195
2009,1A3 Transport,Carbon dioxide (CO2),12076
2009,1A3a Domestic aviation,Carbon dioxide (CO2),236
2009,1A3b Road transportation,Carbon dioxide (CO2),11270
2009,1A3bi Cars,Carbon dioxide (CO2),-
2009,1A3bii Light duty trucks,Carbon dioxide (CO2),-
2009,1A3biii Heavyduty trucks,Carbon dioxide (CO2),-
2009,1A3biv Motorcycles,Carbon dioxide (CO2),-
2009,1A3c Railways,Carbon dioxide (CO2),92
2009,1A3d Domestic navigation,Carbon dioxide (CO2),477
2009,1A4 Other sectors,Carbon dioxide (CO2),4597
2009,1A4a Commercial and institutional,Carbon dioxide (CO2),1232
2009,"1A4ai Commercial/institutional, stationary",Carbon dioxide (CO2),894
2009,"1A4aii Commercial/institutional, off-road vehicles and other machinery",Carbon dioxide (CO2),338
2009,1A4b Residential,Carbon dioxide (CO2),1832
2009,"1A4bi Residential, stationary",Carbon dioxide (CO2),1650
2009,"1A4bii Residential, off-road vehicles and other machinery",Carbon dioxide (CO2),182
2009,"1A4c Agriculture, forestry anf fishing",Carbon dioxide (CO2),1533
2009,"1A4ci Agriculture/forestry, stationary",Carbon dioxide (CO2),581
2009,"1A4cii Agriculture/forestry, off-road vehicles and other machinery",Carbon dioxide (CO2),838
2009,1A4ciii Fishing,Carbon dioxide (CO2),114
2009,1A5 Other fuel use,Carbon dioxide (CO2),1095
2009,1B Fugitive emissions from fuels,Carbon dioxide (CO2),75
2009,1D International transport,Carbon dioxide (CO2),2351
2009,1D1a International aviation,Carbon dioxide (CO2),1570
2009,1D1b International navigation,Carbon dioxide (CO2),781
2009,2 Industrial processes and product use,Carbon dioxide (CO2),3990
2009,2A Mineral industry,Carbon dioxide (CO2),910
2009,2B Chemical industry,Carbon dioxide (CO2),981
2009,2C Metal industry,Carbon dioxide (CO2),1969
2009,2D Non-energy products from fuels and solvent use,Carbon dioxide (CO2),130
2009,2F Product uses as substitutes for ozone-depleting substances,Carbon dioxide (CO2),-
2009,2F1 Refrigeration and air conditioning,Carbon dioxide (CO2),-
2009,2F1a Commercial refrigeration,Carbon dioxide (CO2),-
2009,2F1b Domestic refrigeration,Carbon dioxide (CO2),-
2009,2F1c Industrial refrigeration,Carbon dioxide (CO2),-
2009,2F1d Transport refrigeration,Carbon dioxide (CO2),-
2009,2F1e Mobile air-conditioning,Carbon dioxide (CO2),-
2009,2F1f Stationary air-conditioning,Carbon dioxide (CO2),-
2009,2F2 Foam blowing agents,Carbon dioxide (CO2),-
2009,2F4 Aerosols,Carbon dioxide (CO2),-
2009,2G Other product manufacture and use,Carbon dioxide (CO2),-
2009,2H Other emissions from industrial processses,Carbon dioxide (CO2),-
2009,3 Agriculture,Carbon dioxide (CO2),340
2009,3A  Enteric fermentation,Carbon dioxide (CO2),-
2009,3A1 Cattle,Carbon dioxide (CO2),-
2009,3A1a Dairy cattle,Carbon dioxide (CO2),-
2009,3A1b Non-dairy cattle,Carbon dioxide (CO2),-
2009,3A2 Sheep,Carbon dioxide (CO2),-
2009,3A3 Swine,Carbon dioxide (CO2),-
2009,3A4d Goats,Carbon dioxide (CO2),-
2009,3A4e Horses and ponies,Carbon dioxide (CO2),-
2009,3A4hii Reindeer,Carbon dioxide (CO2),-
2009,3A4hiv Fur-bearing animals,Carbon dioxide (CO2),-
2009,3B Manure management,Carbon dioxide (CO2),-
2009,3B1 Cattle,Carbon dioxide (CO2),-
2009,3B1a Dairy cattle,Carbon dioxide (CO2),-
2009,3B1b Non-dairy cattle,Carbon dioxide (CO2),-
2009,3B2 Sheep,Carbon dioxide (CO2),-
2009,3B3 Swine,Carbon dioxide (CO2),-
2009,3B4d Goats,Carbon dioxide (CO2),-
2009,3B4e Horses and ponies,Carbon dioxide (CO2),-
2009,3B4g Poultry,Carbon dioxide (CO2),-
2009,3B4hii Reindeer,Carbon dioxide (CO2),-
2009,3B4hiv Fur-bearing animals,Carbon dioxide (CO2),-
2009,3B5 Indirect N2O emissions from manure management,Carbon dioxide (CO2),-
2009,3D Agricultural soils,Carbon dioxide (CO2),-
2009,3D1 Direct N2O emissions from managed soils,Carbon dioxide (CO2),-
2009,3D1a Inorganic N fertilizers,Carbon dioxide (CO2),-
2009,3D1b Organic N fertilizers,Carbon dioxide (CO2),-
2009,3D1c Urine and dung deposited by grazing animals,Carbon dioxide (CO2),-
2009,3D1d Crop residues,Carbon dioxide (CO2),-
2009,3D1e N2O emissions from nitrogen mineralization associated with loss of soil organic matter in mineral soils,Carbon dioxide (CO2),-
2009,3D1f Cultivation of organic soils of croplands and grasslands,Carbon dioxide (CO2),-
2009,3D2 Indirect N2O emissions from managed soils,Carbon dioxide (CO2),-
2009,3F Field burning of agricultural residues,Carbon dioxide (CO2),-
2009,3G Liming,Carbon dioxide (CO2),338
2009,3H Urea application,Carbon dioxide (CO2),1
2009,"4 Land use, land-use change and forestry (LULUCF)",Carbon dioxide (CO2),-45837
2009,4A Forest land,Carbon dioxide (CO2),-59621
2009,4Ai1 Forest land: biomass (mineral soils),Carbon dioxide (CO2),-34341
2009,4Ai2 Forest land: biomass (organic soils),Carbon dioxide (CO2),-26205
2009,4Aiv Forest land: DOM + SOM (mineral soils),Carbon dioxide (CO2),-3753
2009,4Av Forest land: DOM + SOM (organic soils),Carbon dioxide (CO2),4677
2009,4(i)A Forest land: N2O emissions from N-fertilization,Carbon dioxide (CO2),-
2009,4(ii)A Forest land: emissions and removals from drainage and rewetting,Carbon dioxide (CO2),-
2009,4(iii)A Forest land: N2O emissions from nitrogen mineralization associated with loss of soil organic matter in mineral soils,Carbon dioxide (CO2),-
2009,"4(iv)A Forest land: biomass burning (wildfires, prescribed and restoration burnings)",Carbon dioxide (CO2),-
2009,4B Cropland,Carbon dioxide (CO2),7407
2009,4Bi Cropland: biomass,Carbon dioxide (CO2),829
2009,4Biv Cropland: DOM + SOM (mineral soils),Carbon dioxide (CO2),361
2009,4Bv Cropland: DOM + SOM (organic soils),Carbon dioxide (CO2),6217
2009,4(iii)B Cropland: N2O emissions from nitrogen mineralization associated with loss of soil organic matter in mineral soils,Carbon dioxide (CO2),-
2009,4C Grassland,Carbon dioxide (CO2),854
2009,4Ci Grassland: biomass,Carbon dioxide (CO2),-15
2009,4Civ Grassland: DOM + SOM (mineral soils),Carbon dioxide (CO2),-19
2009,4Cv Grassland: DOM + SOM (organic soils),Carbon dioxide (CO2),889
2009,4(iii)C Grassland: N2O emissions from nitrogen mineralization associated with loss of soil organic matter in mineral soils,Carbon dioxide (CO2),-
2009,"4(iv)C Grassland: biomass burning (wildfires, prescribed and restoration burnings)",Carbon dioxide (CO2),0
2009,4D Wetlands,Carbon dioxide (CO2),2205
2009,4Di Wetlands: biomass,Carbon dioxide (CO2),229
2009,4Diii Wetlands: dead wood,Carbon dioxide (CO2),4
2009,4Dv Wetlands: SOM,Carbon dioxide (CO2),1972
2009,4(ii)D Wetlands: emissions and removals from drainage and rewetting,Carbon dioxide (CO2),-
2009,4E Settlements,Carbon dioxide (CO2),1672
2009,4Ei Settlements: biomass,Carbon dioxide (CO2),1286
2009,4Eiii Settlements: dead wood,Carbon dioxide (CO2),30
2009,4Eiv-v Settlements: SOM  and litter,Carbon dioxide (CO2),356
2009,4(i)E Settlements: N2O emissions from N-fertilization,Carbon dioxide (CO2),-
2009,4(ii)E Settlements: emissions and removals from drainage and rewetting,Carbon dioxide (CO2),-
2009,4(iii)E Settlements: N2O emissions from nitrogen mineralization associated with loss of soil organic matter in mineral soils,Carbon dioxide (CO2),-
2009,4G Harvested wood products,Carbon dioxide (CO2),1646
2009,5 Waste management,Carbon dioxide (CO2),-
2009,5A Waste disposal,Carbon dioxide (CO2),-
2009,5B Biological treatment of  waste,Carbon dioxide (CO2),-
2009,5D Wastewater treatment and discharge,Carbon dioxide (CO2),-
2009,Indirect CO2 emission,Carbon dioxide (CO2),69
2010,Emissions without LULUCF,Carbon dioxide (CO2),64158
2010,Emissions with LULUCF,Carbon dioxide (CO2),30301
2010,1 Energy,Carbon dioxide (CO2),59101
2010,1A1 Energy industries,Carbon dioxide (CO2),30482
2010,1A2 Manufacturing industries and construction,Carbon dioxide (CO2),9861
2010,1A2(-1A2gvii) Manufacturing industries and construction excl. off-road vehicles and other machinery,Carbon dioxide (CO2),8707
2010,1A2gvii Off-road vehicles and other machinery production,Carbon dioxide (CO2),1154
2010,1A3 Transport,Carbon dioxide (CO2),12571
2010,1A3a Domestic aviation,Carbon dioxide (CO2),228
2010,1A3b Road transportation,Carbon dioxide (CO2),11719
2010,1A3bi Cars,Carbon dioxide (CO2),-
2010,1A3bii Light duty trucks,Carbon dioxide (CO2),-
2010,1A3biii Heavyduty trucks,Carbon dioxide (CO2),-
2010,1A3biv Motorcycles,Carbon dioxide (CO2),-
2010,1A3c Railways,Carbon dioxide (CO2),96
2010,1A3d Domestic navigation,Carbon dioxide (CO2),529
2010,1A4 Other sectors,Carbon dioxide (CO2),4895
2010,1A4a Commercial and institutional,Carbon dioxide (CO2),1342
2010,"1A4ai Commercial/institutional, stationary",Carbon dioxide (CO2),978
2010,"1A4aii Commercial/institutional, off-road vehicles and other machinery",Carbon dioxide (CO2),364
2010,1A4b Residential,Carbon dioxide (CO2),1982
2010,"1A4bi Residential, stationary",Carbon dioxide (CO2),1795
2010,"1A4bii Residential, off-road vehicles and other machinery",Carbon dioxide (CO2),186
2010,"1A4c Agriculture, forestry anf fishing",Carbon dioxide (CO2),1572
2010,"1A4ci Agriculture/forestry, stationary",Carbon dioxide (CO2),626
2010,"1A4cii Agriculture/forestry, off-road vehicles and other machinery",Carbon dioxide (CO2),835
2010,1A4ciii Fishing,Carbon dioxide (CO2),111
2010,1A5 Other fuel use,Carbon dioxide (CO2),1196
2010,1B Fugitive emissions from fuels,Carbon dioxide (CO2),96
2010,1D International transport,Carbon dioxide (CO2),2309
2010,1D1a International aviation,Carbon dioxide (CO2),1654
2010,1D1b International navigation,Carbon dioxide (CO2),655
2010,2 Industrial processes and product use,Carbon dioxide (CO2),4712
2010,2A Mineral industry,Carbon dioxide (CO2),1168
2010,2B Chemical industry,Carbon dioxide (CO2),991
2010,2C Metal industry,Carbon dioxide (CO2),2439
2010,2D Non-energy products from fuels and solvent use,Carbon dioxide (CO2),114
2010,2F Product uses as substitutes for ozone-depleting substances,Carbon dioxide (CO2),-
2010,2F1 Refrigeration and air conditioning,Carbon dioxide (CO2),-
2010,2F1a Commercial refrigeration,Carbon dioxide (CO2),-
2010,2F1b Domestic refrigeration,Carbon dioxide (CO2),-
2010,2F1c Industrial refrigeration,Carbon dioxide (CO2),-
2010,2F1d Transport refrigeration,Carbon dioxide (CO2),-
2010,2F1e Mobile air-conditioning,Carbon dioxide (CO2),-
2010,2F1f Stationary air-conditioning,Carbon dioxide (CO2),-
2010,2F2 Foam blowing agents,Carbon dioxide (CO2),-
2010,2F4 Aerosols,Carbon dioxide (CO2),-
2010,2G Other product manufacture and use,Carbon dioxide (CO2),-
2010,2H Other emissions from industrial processses,Carbon dioxide (CO2),-
2010,3 Agriculture,Carbon dioxide (CO2),279
2010,3A  Enteric fermentation,Carbon dioxide (CO2),-
2010,3A1 Cattle,Carbon dioxide (CO2),-
2010,3A1a Dairy cattle,Carbon dioxide (CO2),-
2010,3A1b Non-dairy cattle,Carbon dioxide (CO2),-
2010,3A2 Sheep,Carbon dioxide (CO2),-
2010,3A3 Swine,Carbon dioxide (CO2),-
2010,3A4d Goats,Carbon dioxide (CO2),-
2010,3A4e Horses and ponies,Carbon dioxide (CO2),-
2010,3A4hii Reindeer,Carbon dioxide (CO2),-
2010,3A4hiv Fur-bearing animals,Carbon dioxide (CO2),-
2010,3B Manure management,Carbon dioxide (CO2),-
2010,3B1 Cattle,Carbon dioxide (CO2),-
2010,3B1a Dairy cattle,Carbon dioxide (CO2),-
2010,3B1b Non-dairy cattle,Carbon dioxide (CO2),-
2010,3B2 Sheep,Carbon dioxide (CO2),-
2010,3B3 Swine,Carbon dioxide (CO2),-
2010,3B4d Goats,Carbon dioxide (CO2),-
2010,3B4e Horses and ponies,Carbon dioxide (CO2),-
2010,3B4g Poultry,Carbon dioxide (CO2),-
2010,3B4hii Reindeer,Carbon dioxide (CO2),-
2010,3B4hiv Fur-bearing animals,Carbon dioxide (CO2),-
2010,3B5 Indirect N2O emissions from manure management,Carbon dioxide (CO2),-
2010,3D Agricultural soils,Carbon dioxide (CO2),-
2010,3D1 Direct N2O emissions from managed soils,Carbon dioxide (CO2),-
2010,3D1a Inorganic N fertilizers,Carbon dioxide (CO2),-
2010,3D1b Organic N fertilizers,Carbon dioxide (CO2),-
2010,3D1c Urine and dung deposited by grazing animals,Carbon dioxide (CO2),-
2010,3D1d Crop residues,Carbon dioxide (CO2),-
2010,3D1e N2O emissions from nitrogen mineralization associated with loss of soil organic matter in mineral soils,Carbon dioxide (CO2),-
2010,3D1f Cultivation of organic soils of croplands and grasslands,Carbon dioxide (CO2),-
2010,3D2 Indirect N2O emissions from managed soils,Carbon dioxide (CO2),-
2010,3F Field burning of agricultural residues,Carbon dioxide (CO2),-
2010,3G Liming,Carbon dioxide (CO2),277
2010,3H Urea application,Carbon dioxide (CO2),2
2010,"4 Land use, land-use change and forestry (LULUCF)",Carbon dioxide (CO2),-33857
2010,4A Forest land,Carbon dioxide (CO2),-44305
2010,4Ai1 Forest land: biomass (mineral soils),Carbon dioxide (CO2),-22032
2010,4Ai2 Forest land: biomass (organic soils),Carbon dioxide (CO2),-23065
2010,4Aiv Forest land: DOM + SOM (mineral soils),Carbon dioxide (CO2),-2835
2010,4Av Forest land: DOM + SOM (organic soils),Carbon dioxide (CO2),3626
2010,4(i)A Forest land: N2O emissions from N-fertilization,Carbon dioxide (CO2),-
2010,4(ii)A Forest land: emissions and removals from drainage and rewetting,Carbon dioxide (CO2),-
2010,4(iii)A Forest land: N2O emissions from nitrogen mineralization associated with loss of soil organic matter in mineral soils,Carbon dioxide (CO2),-
2010,"4(iv)A Forest land: biomass burning (wildfires, prescribed and restoration burnings)",Carbon dioxide (CO2),-
2010,4B Cropland,Carbon dioxide (CO2),7868
2010,4Bi Cropland: biomass,Carbon dioxide (CO2),935
2010,4Biv Cropland: DOM + SOM (mineral soils),Carbon dioxide (CO2),715
2010,4Bv Cropland: DOM + SOM (organic soils),Carbon dioxide (CO2),6217
2010,4(iii)B Cropland: N2O emissions from nitrogen mineralization associated with loss of soil organic matter in mineral soils,Carbon dioxide (CO2),-
2010,4C Grassland,Carbon dioxide (CO2),819
2010,4Ci Grassland: biomass,Carbon dioxide (CO2),-47
2010,4Civ Grassland: DOM + SOM (mineral soils),Carbon dioxide (CO2),-20
2010,4Cv Grassland: DOM + SOM (organic soils),Carbon dioxide (CO2),885
2010,4(iii)C Grassland: N2O emissions from nitrogen mineralization associated with loss of soil organic matter in mineral soils,Carbon dioxide (CO2),-
2010,"4(iv)C Grassland: biomass burning (wildfires, prescribed and restoration burnings)",Carbon dioxide (CO2),0
2010,4D Wetlands,Carbon dioxide (CO2),2188
2010,4Di Wetlands: biomass,Carbon dioxide (CO2),212
2010,4Diii Wetlands: dead wood,Carbon dioxide (CO2),3
2010,4Dv Wetlands: SOM,Carbon dioxide (CO2),1973
2010,4(ii)D Wetlands: emissions and removals from drainage and rewetting,Carbon dioxide (CO2),-
2010,4E Settlements,Carbon dioxide (CO2),1769
2010,4Ei Settlements: biomass,Carbon dioxide (CO2),1375
2010,4Eiii Settlements: dead wood,Carbon dioxide (CO2),30
2010,4Eiv-v Settlements: SOM  and litter,Carbon dioxide (CO2),363
2010,4(i)E Settlements: N2O emissions from N-fertilization,Carbon dioxide (CO2),-
2010,4(ii)E Settlements: emissions and removals from drainage and rewetting,Carbon dioxide (CO2),-
2010,4(iii)E Settlements: N2O emissions from nitrogen mineralization associated with loss of soil organic matter in mineral soils,Carbon dioxide (CO2),-
2010,4G Harvested wood products,Carbon dioxide (CO2),-2195
2010,5 Waste management,Carbon dioxide (CO2),-
2010,5A Waste disposal,Carbon dioxide (CO2),-
2010,5B Biological treatment of  waste,Carbon dioxide (CO2),-
2010,5D Wastewater treatment and discharge,Carbon dioxide (CO2),-
2010,Indirect CO2 emission,Carbon dioxide (CO2),67
2011,Emissions without LULUCF,Carbon dioxide (CO2),56713
2011,Emissions with LULUCF,Carbon dioxide (CO2),23571
2011,1 Energy,Carbon dioxide (CO2),51705
2011,1A1 Energy industries,Carbon dioxide (CO2),24466
2011,1A2 Manufacturing industries and construction,Carbon dioxide (CO2),9461
2011,1A2(-1A2gvii) Manufacturing industries and construction excl. off-road vehicles and other machinery,Carbon dioxide (CO2),8407
2011,1A2gvii Off-road vehicles and other machinery production,Carbon dioxide (CO2),1055
2011,1A3 Transport,Carbon dioxide (CO2),12396
2011,1A3a Domestic aviation,Carbon dioxide (CO2),254
2011,1A3b Road transportation,Carbon dioxide (CO2),11539
2011,1A3bi Cars,Carbon dioxide (CO2),-
2011,1A3bii Light duty trucks,Carbon dioxide (CO2),-
2011,1A3biii Heavyduty trucks,Carbon dioxide (CO2),-
2011,1A3biv Motorcycles,Carbon dioxide (CO2),-
2011,1A3c Railways,Carbon dioxide (CO2),99
2011,1A3d Domestic navigation,Carbon dioxide (CO2),504
2011,1A4 Other sectors,Carbon dioxide (CO2),4269
2011,1A4a Commercial and institutional,Carbon dioxide (CO2),1229
2011,"1A4ai Commercial/institutional, stationary",Carbon dioxide (CO2),863
2011,"1A4aii Commercial/institutional, off-road vehicles and other machinery",Carbon dioxide (CO2),367
2011,1A4b Residential,Carbon dioxide (CO2),1542
2011,"1A4bi Residential, stationary",Carbon dioxide (CO2),1350
2011,"1A4bii Residential, off-road vehicles and other machinery",Carbon dioxide (CO2),192
2011,"1A4c Agriculture, forestry anf fishing",Carbon dioxide (CO2),1498
2011,"1A4ci Agriculture/forestry, stationary",Carbon dioxide (CO2),570
2011,"1A4cii Agriculture/forestry, off-road vehicles and other machinery",Carbon dioxide (CO2),819
2011,1A4ciii Fishing,Carbon dioxide (CO2),108
2011,1A5 Other fuel use,Carbon dioxide (CO2),1026
2011,1B Fugitive emissions from fuels,Carbon dioxide (CO2),88
2011,1D International transport,Carbon dioxide (CO2),2567
2011,1D1a International aviation,Carbon dioxide (CO2),1957
2011,1D1b International navigation,Carbon dioxide (CO2),610
2011,2 Industrial processes and product use,Carbon dioxide (CO2),4740
2011,2A Mineral industry,Carbon dioxide (CO2),1257
2011,2B Chemical industry,Carbon dioxide (CO2),987
2011,2C Metal industry,Carbon dioxide (CO2),2383
2011,2D Non-energy products from fuels and solvent use,Carbon dioxide (CO2),112
2011,2F Product uses as substitutes for ozone-depleting substances,Carbon dioxide (CO2),-
2011,2F1 Refrigeration and air conditioning,Carbon dioxide (CO2),-
2011,2F1a Commercial refrigeration,Carbon dioxide (CO2),-
2011,2F1b Domestic refrigeration,Carbon dioxide (CO2),-
2011,2F1c Industrial refrigeration,Carbon dioxide (CO2),-
2011,2F1d Transport refrigeration,Carbon dioxide (CO2),-
2011,2F1e Mobile air-conditioning,Carbon dioxide (CO2),-
2011,2F1f Stationary air-conditioning,Carbon dioxide (CO2),-
2011,2F2 Foam blowing agents,Carbon dioxide (CO2),-
2011,2F4 Aerosols,Carbon dioxide (CO2),-
2011,2G Other product manufacture and use,Carbon dioxide (CO2),-
2011,2H Other emissions from industrial processses,Carbon dioxide (CO2),-
2011,3 Agriculture,Carbon dioxide (CO2),202
2011,3A  Enteric fermentation,Carbon dioxide (CO2),-
2011,3A1 Cattle,Carbon dioxide (CO2),-
2011,3A1a Dairy cattle,Carbon dioxide (CO2),-
2011,3A1b Non-dairy cattle,Carbon dioxide (CO2),-
2011,3A2 Sheep,Carbon dioxide (CO2),-
2011,3A3 Swine,Carbon dioxide (CO2),-
2011,3A4d Goats,Carbon dioxide (CO2),-
2011,3A4e Horses and ponies,Carbon dioxide (CO2),-
2011,3A4hii Reindeer,Carbon dioxide (CO2),-
2011,3A4hiv Fur-bearing animals,Carbon dioxide (CO2),-
2011,3B Manure management,Carbon dioxide (CO2),-
2011,3B1 Cattle,Carbon dioxide (CO2),-
2011,3B1a Dairy cattle,Carbon dioxide (CO2),-
2011,3B1b Non-dairy cattle,Carbon dioxide (CO2),-
2011,3B2 Sheep,Carbon dioxide (CO2),-
2011,3B3 Swine,Carbon dioxide (CO2),-
2011,3B4d Goats,Carbon dioxide (CO2),-
2011,3B4e Horses and ponies,Carbon dioxide (CO2),-
2011,3B4g Poultry,Carbon dioxide (CO2),-
2011,3B4hii Reindeer,Carbon dioxide (CO2),-
2011,3B4hiv Fur-bearing animals,Carbon dioxide (CO2),-
2011,3B5 Indirect N2O emissions from manure management,Carbon dioxide (CO2),-
2011,3D Agricultural soils,Carbon dioxide (CO2),-
2011,3D1 Direct N2O emissions from managed soils,Carbon dioxide (CO2),-
2011,3D1a Inorganic N fertilizers,Carbon dioxide (CO2),-
2011,3D1b Organic N fertilizers,Carbon dioxide (CO2),-
2011,3D1c Urine and dung deposited by grazing animals,Carbon dioxide (CO2),-
2011,3D1d Crop residues,Carbon dioxide (CO2),-
2011,3D1e N2O emissions from nitrogen mineralization associated with loss of soil organic matter in mineral soils,Carbon dioxide (CO2),-
2011,3D1f Cultivation of organic soils of croplands and grasslands,Carbon dioxide (CO2),-
2011,3D2 Indirect N2O emissions from managed soils,Carbon dioxide (CO2),-
2011,3F Field burning of agricultural residues,Carbon dioxide (CO2),-
2011,3G Liming,Carbon dioxide (CO2),200
2011,3H Urea application,Carbon dioxide (CO2),3
2011,"4 Land use, land-use change and forestry (LULUCF)",Carbon dioxide (CO2),-33142
2011,4A Forest land,Carbon dioxide (CO2),-43526
2011,4Ai1 Forest land: biomass (mineral soils),Carbon dioxide (CO2),-22405
2011,4Ai2 Forest land: biomass (organic soils),Carbon dioxide (CO2),-22070
2011,4Aiv Forest land: DOM + SOM (mineral soils),Carbon dioxide (CO2),-3269
2011,4Av Forest land: DOM + SOM (organic soils),Carbon dioxide (CO2),4219
2011,4(i)A Forest land: N2O emissions from N-fertilization,Carbon dioxide (CO2),-
2011,4(ii)A Forest land: emissions and removals from drainage and rewetting,Carbon dioxide (CO2),-
2011,4(iii)A Forest land: N2O emissions from nitrogen mineralization associated with loss of soil organic matter in mineral soils,Carbon dioxide (CO2),-
2011,"4(iv)A Forest land: biomass burning (wildfires, prescribed and restoration burnings)",Carbon dioxide (CO2),-
2011,4B Cropland,Carbon dioxide (CO2),7826
2011,4Bi Cropland: biomass,Carbon dioxide (CO2),925
2011,4Biv Cropland: DOM + SOM (mineral soils),Carbon dioxide (CO2),619
2011,4Bv Cropland: DOM + SOM (organic soils),Carbon dioxide (CO2),6283
2011,4(iii)B Cropland: N2O emissions from nitrogen mineralization associated with loss of soil organic matter in mineral soils,Carbon dioxide (CO2),-
2011,4C Grassland,Carbon dioxide (CO2),774
2011,4Ci Grassland: biomass,Carbon dioxide (CO2),-87
2011,4Civ Grassland: DOM + SOM (mineral soils),Carbon dioxide (CO2),-21
2011,4Cv Grassland: DOM + SOM (organic soils),Carbon dioxide (CO2),881
2011,4(iii)C Grassland: N2O emissions from nitrogen mineralization associated with loss of soil organic matter in mineral soils,Carbon dioxide (CO2),-
2011,"4(iv)C Grassland: biomass burning (wildfires, prescribed and restoration burnings)",Carbon dioxide (CO2),0
2011,4D Wetlands,Carbon dioxide (CO2),2117
2011,4Di Wetlands: biomass,Carbon dioxide (CO2),207
2011,4Diii Wetlands: dead wood,Carbon dioxide (CO2),3
2011,4Dv Wetlands: SOM,Carbon dioxide (CO2),1907
2011,4(ii)D Wetlands: emissions and removals from drainage and rewetting,Carbon dioxide (CO2),-
2011,4E Settlements,Carbon dioxide (CO2),1838
2011,4Ei Settlements: biomass,Carbon dioxide (CO2),1441
2011,4Eiii Settlements: dead wood,Carbon dioxide (CO2),30
2011,4Eiv-v Settlements: SOM  and litter,Carbon dioxide (CO2),368
2011,4(i)E Settlements: N2O emissions from N-fertilization,Carbon dioxide (CO2),-
2011,4(ii)E Settlements: emissions and removals from drainage and rewetting,Carbon dioxide (CO2),-
2011,4(iii)E Settlements: N2O emissions from nitrogen mineralization associated with loss of soil organic matter in mineral soils,Carbon dioxide (CO2),-
2011,4G Harvested wood products,Carbon dioxide (CO2),-2171
2011,5 Waste management,Carbon dioxide (CO2),-
2011,5A Waste disposal,Carbon dioxide (CO2),-
2011,5B Biological treatment of  waste,Carbon dioxide (CO2),-
2011,5D Wastewater treatment and discharge,Carbon dioxide (CO2),-
2011,Indirect CO2 emission,Carbon dioxide (CO2),66
2012,Emissions without LULUCF,Carbon dioxide (CO2),51215
2012,Emissions with LULUCF,Carbon dioxide (CO2),16433
2012,1 Energy,Carbon dioxide (CO2),46438
2012,1A1 Energy industries,Carbon dioxide (CO2),20421
2012,1A2 Manufacturing industries and construction,Carbon dioxide (CO2),8243
2012,1A2(-1A2gvii) Manufacturing industries and construction excl. off-road vehicles and other machinery,Carbon dioxide (CO2),7101
2012,1A2gvii Off-road vehicles and other machinery production,Carbon dioxide (CO2),1141
2012,1A3 Transport,Carbon dioxide (CO2),12092
2012,1A3a Domestic aviation,Carbon dioxide (CO2),211
2012,1A3b Road transportation,Carbon dioxide (CO2),11303
2012,1A3bi Cars,Carbon dioxide (CO2),-
2012,1A3bii Light duty trucks,Carbon dioxide (CO2),-
2012,1A3biii Heavyduty trucks,Carbon dioxide (CO2),-
2012,1A3biv Motorcycles,Carbon dioxide (CO2),-
2012,1A3c Railways,Carbon dioxide (CO2),99
2012,1A3d Domestic navigation,Carbon dioxide (CO2),479
2012,1A4 Other sectors,Carbon dioxide (CO2),4533
2012,1A4a Commercial and institutional,Carbon dioxide (CO2),1324
2012,"1A4ai Commercial/institutional, stationary",Carbon dioxide (CO2),947
2012,"1A4aii Commercial/institutional, off-road vehicles and other machinery",Carbon dioxide (CO2),377
2012,1A4b Residential,Carbon dioxide (CO2),1639
2012,"1A4bi Residential, stationary",Carbon dioxide (CO2),1438
2012,"1A4bii Residential, off-road vehicles and other machinery",Carbon dioxide (CO2),201
2012,"1A4c Agriculture, forestry anf fishing",Carbon dioxide (CO2),1570
2012,"1A4ci Agriculture/forestry, stationary",Carbon dioxide (CO2),584
2012,"1A4cii Agriculture/forestry, off-road vehicles and other machinery",Carbon dioxide (CO2),875
2012,1A4ciii Fishing,Carbon dioxide (CO2),111
2012,1A5 Other fuel use,Carbon dioxide (CO2),1048
2012,1B Fugitive emissions from fuels,Carbon dioxide (CO2),102
2012,1D International transport,Carbon dioxide (CO2),2237
2012,1D1a International aviation,Carbon dioxide (CO2),1889
2012,1D1b International navigation,Carbon dioxide (CO2),348
2012,2 Industrial processes and product use,Carbon dioxide (CO2),4513
2012,2A Mineral industry,Carbon dioxide (CO2),1121
2012,2B Chemical industry,Carbon dioxide (CO2),985
2012,2C Metal industry,Carbon dioxide (CO2),2291
2012,2D Non-energy products from fuels and solvent use,Carbon dioxide (CO2),116
2012,2F Product uses as substitutes for ozone-depleting substances,Carbon dioxide (CO2),-
2012,2F1 Refrigeration and air conditioning,Carbon dioxide (CO2),-
2012,2F1a Commercial refrigeration,Carbon dioxide (CO2),-
2012,2F1b Domestic refrigeration,Carbon dioxide (CO2),-
2012,2F1c Industrial refrigeration,Carbon dioxide (CO2),-
2012,2F1d Transport refrigeration,Carbon dioxide (CO2),-
2012,2F1e Mobile air-conditioning,Carbon dioxide (CO2),-
2012,2F1f Stationary air-conditioning,Carbon dioxide (CO2),-
2012,2F2 Foam blowing agents,Carbon dioxide (CO2),-
2012,2F4 Aerosols,Carbon dioxide (CO2),-
2012,2G Other product manufacture and use,Carbon dioxide (CO2),-
2012,2H Other emissions from industrial processses,Carbon dioxide (CO2),-
2012,3 Agriculture,Carbon dioxide (CO2),203
2012,3A  Enteric fermentation,Carbon dioxide (CO2),-
2012,3A1 Cattle,Carbon dioxide (CO2),-
2012,3A1a Dairy cattle,Carbon dioxide (CO2),-
2012,3A1b Non-dairy cattle,Carbon dioxide (CO2),-
2012,3A2 Sheep,Carbon dioxide (CO2),-
2012,3A3 Swine,Carbon dioxide (CO2),-
2012,3A4d Goats,Carbon dioxide (CO2),-
2012,3A4e Horses and ponies,Carbon dioxide (CO2),-
2012,3A4hii Reindeer,Carbon dioxide (CO2),-
2012,3A4hiv Fur-bearing animals,Carbon dioxide (CO2),-
2012,3B Manure management,Carbon dioxide (CO2),-
2012,3B1 Cattle,Carbon dioxide (CO2),-
2012,3B1a Dairy cattle,Carbon dioxide (CO2),-
2012,3B1b Non-dairy cattle,Carbon dioxide (CO2),-
2012,3B2 Sheep,Carbon dioxide (CO2),-
2012,3B3 Swine,Carbon dioxide (CO2),-
2012,3B4d Goats,Carbon dioxide (CO2),-
2012,3B4e Horses and ponies,Carbon dioxide (CO2),-
2012,3B4g Poultry,Carbon dioxide (CO2),-
2012,3B4hii Reindeer,Carbon dioxide (CO2),-
2012,3B4hiv Fur-bearing animals,Carbon dioxide (CO2),-
2012,3B5 Indirect N2O emissions from manure management,Carbon dioxide (CO2),-
2012,3D Agricultural soils,Carbon dioxide (CO2),-
2012,3D1 Direct N2O emissions from managed soils,Carbon dioxide (CO2),-
2012,3D1a Inorganic N fertilizers,Carbon dioxide (CO2),-
2012,3D1b Organic N fertilizers,Carbon dioxide (CO2),-
2012,3D1c Urine and dung deposited by grazing animals,Carbon dioxide (CO2),-
2012,3D1d Crop residues,Carbon dioxide (CO2),-
2012,3D1e N2O emissions from nitrogen mineralization associated with loss of soil organic matter in mineral soils,Carbon dioxide (CO2),-
2012,3D1f Cultivation of organic soils of croplands and grasslands,Carbon dioxide (CO2),-
2012,3D2 Indirect N2O emissions from managed soils,Carbon dioxide (CO2),-
2012,3F Field burning of agricultural residues,Carbon dioxide (CO2),-
2012,3G Liming,Carbon dioxide (CO2),202
2012,3H Urea application,Carbon dioxide (CO2),2
2012,"4 Land use, land-use change and forestry (LULUCF)",Carbon dioxide (CO2),-34781
2012,4A Forest land,Carbon dioxide (CO2),-45702
2012,4Ai1 Forest land: biomass (mineral soils),Carbon dioxide (CO2),-24239
2012,4Ai2 Forest land: biomass (organic soils),Carbon dioxide (CO2),-21633
2012,4Aiv Forest land: DOM + SOM (mineral soils),Carbon dioxide (CO2),-4579
2012,4Av Forest land: DOM + SOM (organic soils),Carbon dioxide (CO2),4750
2012,4(i)A Forest land: N2O emissions from N-fertilization,Carbon dioxide (CO2),-
2012,4(ii)A Forest land: emissions and removals from drainage and rewetting,Carbon dioxide (CO2),-
2012,4(iii)A Forest land: N2O emissions from nitrogen mineralization associated with loss of soil organic matter in mineral soils,Carbon dioxide (CO2),-
2012,"4(iv)A Forest land: biomass burning (wildfires, prescribed and restoration burnings)",Carbon dioxide (CO2),-
2012,4B Cropland,Carbon dioxide (CO2),8137
2012,4Bi Cropland: biomass,Carbon dioxide (CO2),972
2012,4Biv Cropland: DOM + SOM (mineral soils),Carbon dioxide (CO2),799
2012,4Bv Cropland: DOM + SOM (organic soils),Carbon dioxide (CO2),6367
2012,4(iii)B Cropland: N2O emissions from nitrogen mineralization associated with loss of soil organic matter in mineral soils,Carbon dioxide (CO2),-
2012,4C Grassland,Carbon dioxide (CO2),775
2012,4Ci Grassland: biomass,Carbon dioxide (CO2),-86
2012,4Civ Grassland: DOM + SOM (mineral soils),Carbon dioxide (CO2),-22
2012,4Cv Grassland: DOM + SOM (organic soils),Carbon dioxide (CO2),883
2012,4(iii)C Grassland: N2O emissions from nitrogen mineralization associated with loss of soil organic matter in mineral soils,Carbon dioxide (CO2),-
2012,"4(iv)C Grassland: biomass burning (wildfires, prescribed and restoration burnings)",Carbon dioxide (CO2),-
2012,4D Wetlands,Carbon dioxide (CO2),1969
2012,4Di Wetlands: biomass,Carbon dioxide (CO2),156
2012,4Diii Wetlands: dead wood,Carbon dioxide (CO2),2
2012,4Dv Wetlands: SOM,Carbon dioxide (CO2),1810
2012,4(ii)D Wetlands: emissions and removals from drainage and rewetting,Carbon dioxide (CO2),-
2012,4E Settlements,Carbon dioxide (CO2),1714
2012,4Ei Settlements: biomass,Carbon dioxide (CO2),1311
2012,4Eiii Settlements: dead wood,Carbon dioxide (CO2),28
2012,4Eiv-v Settlements: SOM  and litter,Carbon dioxide (CO2),375
2012,4(i)E Settlements: N2O emissions from N-fertilization,Carbon dioxide (CO2),-
2012,4(ii)E Settlements: emissions and removals from drainage and rewetting,Carbon dioxide (CO2),-
2012,4(iii)E Settlements: N2O emissions from nitrogen mineralization associated with loss of soil organic matter in mineral soils,Carbon dioxide (CO2),-
2012,4G Harvested wood products,Carbon dioxide (CO2),-1675
2012,5 Waste management,Carbon dioxide (CO2),-
2012,5A Waste disposal,Carbon dioxide (CO2),-
2012,5B Biological treatment of  waste,Carbon dioxide (CO2),-
2012,5D Wastewater treatment and discharge,Carbon dioxide (CO2),-
2012,Indirect CO2 emission,Carbon dioxide (CO2),61
2013,Emissions without LULUCF,Carbon dioxide (CO2),51779
2013,Emissions with LULUCF,Carbon dioxide (CO2),24084
2013,1 Energy,Carbon dioxide (CO2),47081
2013,1A1 Energy industries,Carbon dioxide (CO2),21748
2013,1A2 Manufacturing industries and construction,Carbon dioxide (CO2),8213
2013,1A2(-1A2gvii) Manufacturing industries and construction excl. off-road vehicles and other machinery,Carbon dioxide (CO2),7105
2013,1A2gvii Off-road vehicles and other machinery production,Carbon dioxide (CO2),1108
2013,1A3 Transport,Carbon dioxide (CO2),11871
2013,1A3a Domestic aviation,Carbon dioxide (CO2),180
2013,1A3b Road transportation,Carbon dioxide (CO2),11128
2013,1A3bi Cars,Carbon dioxide (CO2),-
2013,1A3bii Light duty trucks,Carbon dioxide (CO2),-
2013,1A3biii Heavyduty trucks,Carbon dioxide (CO2),-
2013,1A3biv Motorcycles,Carbon dioxide (CO2),-
2013,1A3c Railways,Carbon dioxide (CO2),92
2013,1A3d Domestic navigation,Carbon dioxide (CO2),471
2013,1A4 Other sectors,Carbon dioxide (CO2),4158
2013,1A4a Commercial and institutional,Carbon dioxide (CO2),1223
2013,"1A4ai Commercial/institutional, stationary",Carbon dioxide (CO2),853
2013,"1A4aii Commercial/institutional, off-road vehicles and other machinery",Carbon dioxide (CO2),370
2013,1A4b Residential,Carbon dioxide (CO2),1438
2013,"1A4bi Residential, stationary",Carbon dioxide (CO2),1236
2013,"1A4bii Residential, off-road vehicles and other machinery",Carbon dioxide (CO2),202
2013,"1A4c Agriculture, forestry anf fishing",Carbon dioxide (CO2),1497
2013,"1A4ci Agriculture/forestry, stationary",Carbon dioxide (CO2),512
2013,"1A4cii Agriculture/forestry, off-road vehicles and other machinery",Carbon dioxide (CO2),868
2013,1A4ciii Fishing,Carbon dioxide (CO2),117
2013,1A5 Other fuel use,Carbon dioxide (CO2),1011
2013,1B Fugitive emissions from fuels,Carbon dioxide (CO2),79
2013,1D International transport,Carbon dioxide (CO2),2318
2013,1D1a International aviation,Carbon dioxide (CO2),1949
2013,1D1b International navigation,Carbon dioxide (CO2),368
2013,2 Industrial processes and product use,Carbon dioxide (CO2),4323
2013,2A Mineral industry,Carbon dioxide (CO2),1062
2013,2B Chemical industry,Carbon dioxide (CO2),1041
2013,2C Metal industry,Carbon dioxide (CO2),2095
2013,2D Non-energy products from fuels and solvent use,Carbon dioxide (CO2),126
2013,2F Product uses as substitutes for ozone-depleting substances,Carbon dioxide (CO2),-
2013,2F1 Refrigeration and air conditioning,Carbon dioxide (CO2),-
2013,2F1a Commercial refrigeration,Carbon dioxide (CO2),-
2013,2F1b Domestic refrigeration,Carbon dioxide (CO2),-
2013,2F1c Industrial refrigeration,Carbon dioxide (CO2),-
2013,2F1d Transport refrigeration,Carbon dioxide (CO2),-
2013,2F1e Mobile air-conditioning,Carbon dioxide (CO2),-
2013,2F1f Stationary air-conditioning,Carbon dioxide (CO2),-
2013,2F2 Foam blowing agents,Carbon dioxide (CO2),-
2013,2F4 Aerosols,Carbon dioxide (CO2),-
2013,2G Other product manufacture and use,Carbon dioxide (CO2),-
2013,2H Other emissions from industrial processses,Carbon dioxide (CO2),-
2013,3 Agriculture,Carbon dioxide (CO2),315
2013,3A  Enteric fermentation,Carbon dioxide (CO2),-
2013,3A1 Cattle,Carbon dioxide (CO2),-
2013,3A1a Dairy cattle,Carbon dioxide (CO2),-
2013,3A1b Non-dairy cattle,Carbon dioxide (CO2),-
2013,3A2 Sheep,Carbon dioxide (CO2),-
2013,3A3 Swine,Carbon dioxide (CO2),-
2013,3A4d Goats,Carbon dioxide (CO2),-
2013,3A4e Horses and ponies,Carbon dioxide (CO2),-
2013,3A4hii Reindeer,Carbon dioxide (CO2),-
2013,3A4hiv Fur-bearing animals,Carbon dioxide (CO2),-
2013,3B Manure management,Carbon dioxide (CO2),-
2013,3B1 Cattle,Carbon dioxide (CO2),-
2013,3B1a Dairy cattle,Carbon dioxide (CO2),-
2013,3B1b Non-dairy cattle,Carbon dioxide (CO2),-
2013,3B2 Sheep,Carbon dioxide (CO2),-
2013,3B3 Swine,Carbon dioxide (CO2),-
2013,3B4d Goats,Carbon dioxide (CO2),-
2013,3B4e Horses and ponies,Carbon dioxide (CO2),-
2013,3B4g Poultry,Carbon dioxide (CO2),-
2013,3B4hii Reindeer,Carbon dioxide (CO2),-
2013,3B4hiv Fur-bearing animals,Carbon dioxide (CO2),-
2013,3B5 Indirect N2O emissions from manure management,Carbon dioxide (CO2),-
2013,3D Agricultural soils,Carbon dioxide (CO2),-
2013,3D1 Direct N2O emissions from managed soils,Carbon dioxide (CO2),-
2013,3D1a Inorganic N fertilizers,Carbon dioxide (CO2),-
2013,3D1b Organic N fertilizers,Carbon dioxide (CO2),-
2013,3D1c Urine and dung deposited by grazing animals,Carbon dioxide (CO2),-
2013,3D1d Crop residues,Carbon dioxide (CO2),-
2013,3D1e N2O emissions from nitrogen mineralization associated with loss of soil organic matter in mineral soils,Carbon dioxide (CO2),-
2013,3D1f Cultivation of organic soils of croplands and grasslands,Carbon dioxide (CO2),-
2013,3D2 Indirect N2O emissions from managed soils,Carbon dioxide (CO2),-
2013,3F Field burning of agricultural residues,Carbon dioxide (CO2),-
2013,3G Liming,Carbon dioxide (CO2),314
2013,3H Urea application,Carbon dioxide (CO2),1
2013,"4 Land use, land-use change and forestry (LULUCF)",Carbon dioxide (CO2),-27694
2013,4A Forest land,Carbon dioxide (CO2),-37981
2013,4Ai1 Forest land: biomass (mineral soils),Carbon dioxide (CO2),-18550
2013,4Ai2 Forest land: biomass (organic soils),Carbon dioxide (CO2),-19431
2013,4Aiv Forest land: DOM + SOM (mineral soils),Carbon dioxide (CO2),-4494
2013,4Av Forest land: DOM + SOM (organic soils),Carbon dioxide (CO2),4495
2013,4(i)A Forest land: N2O emissions from N-fertilization,Carbon dioxide (CO2),-
2013,4(ii)A Forest land: emissions and removals from drainage and rewetting,Carbon dioxide (CO2),-
2013,4(iii)A Forest land: N2O emissions from nitrogen mineralization associated with loss of soil organic matter in mineral soils,Carbon dioxide (CO2),-
2013,"4(iv)A Forest land: biomass burning (wildfires, prescribed and restoration burnings)",Carbon dioxide (CO2),-
2013,4B Cropland,Carbon dioxide (CO2),8061
2013,4Bi Cropland: biomass,Carbon dioxide (CO2),925
2013,4Biv Cropland: DOM + SOM (mineral soils),Carbon dioxide (CO2),698
2013,4Bv Cropland: DOM + SOM (organic soils),Carbon dioxide (CO2),6438
2013,4(iii)B Cropland: N2O emissions from nitrogen mineralization associated with loss of soil organic matter in mineral soils,Carbon dioxide (CO2),-
2013,4C Grassland,Carbon dioxide (CO2),779
2013,4Ci Grassland: biomass,Carbon dioxide (CO2),-80
2013,4Civ Grassland: DOM + SOM (mineral soils),Carbon dioxide (CO2),-22
2013,4Cv Grassland: DOM + SOM (organic soils),Carbon dioxide (CO2),881
2013,4(iii)C Grassland: N2O emissions from nitrogen mineralization associated with loss of soil organic matter in mineral soils,Carbon dioxide (CO2),-
2013,"4(iv)C Grassland: biomass burning (wildfires, prescribed and restoration burnings)",Carbon dioxide (CO2),0
2013,4D Wetlands,Carbon dioxide (CO2),2184
2013,4Di Wetlands: biomass,Carbon dioxide (CO2),164
2013,4Diii Wetlands: dead wood,Carbon dioxide (CO2),2
2013,4Dv Wetlands: SOM,Carbon dioxide (CO2),2018
2013,4(ii)D Wetlands: emissions and removals from drainage and rewetting,Carbon dioxide (CO2),-
2013,4E Settlements,Carbon dioxide (CO2),1629
2013,4Ei Settlements: biomass,Carbon dioxide (CO2),1224
2013,4Eiii Settlements: dead wood,Carbon dioxide (CO2),26
2013,4Eiv-v Settlements: SOM  and litter,Carbon dioxide (CO2),380
2013,4(i)E Settlements: N2O emissions from N-fertilization,Carbon dioxide (CO2),-
2013,4(ii)E Settlements: emissions and removals from drainage and rewetting,Carbon dioxide (CO2),-
2013,4(iii)E Settlements: N2O emissions from nitrogen mineralization associated with loss of soil organic matter in mineral soils,Carbon dioxide (CO2),-
2013,4G Harvested wood products,Carbon dioxide (CO2),-2367
2013,5 Waste management,Carbon dioxide (CO2),-
2013,5A Waste disposal,Carbon dioxide (CO2),-
2013,5B Biological treatment of  waste,Carbon dioxide (CO2),-
2013,5D Wastewater treatment and discharge,Carbon dioxide (CO2),-
2013,Indirect CO2 emission,Carbon dioxide (CO2),59
2014,Emissions without LULUCF,Carbon dioxide (CO2),47678
2014,Emissions with LULUCF,Carbon dioxide (CO2),19079
2014,1 Energy,Carbon dioxide (CO2),43284
2014,1A1 Energy industries,Carbon dioxide (CO2),20575
2014,1A2 Manufacturing industries and construction,Carbon dioxide (CO2),6889
2014,1A2(-1A2gvii) Manufacturing industries and construction excl. off-road vehicles and other machinery,Carbon dioxide (CO2),5815
2014,1A2gvii Off-road vehicles and other machinery production,Carbon dioxide (CO2),1074
2014,1A3 Transport,Carbon dioxide (CO2),10749
2014,1A3a Domestic aviation,Carbon dioxide (CO2),182
2014,1A3b Road transportation,Carbon dioxide (CO2),10077
2014,1A3bi Cars,Carbon dioxide (CO2),-
2014,1A3bii Light duty trucks,Carbon dioxide (CO2),-
2014,1A3biii Heavyduty trucks,Carbon dioxide (CO2),-
2014,1A3biv Motorcycles,Carbon dioxide (CO2),-
2014,1A3c Railways,Carbon dioxide (CO2),84
2014,1A3d Domestic navigation,Carbon dioxide (CO2),406
2014,1A4 Other sectors,Carbon dioxide (CO2),4041
2014,1A4a Commercial and institutional,Carbon dioxide (CO2),1206
2014,"1A4ai Commercial/institutional, stationary",Carbon dioxide (CO2),839
2014,"1A4aii Commercial/institutional, off-road vehicles and other machinery",Carbon dioxide (CO2),367
2014,1A4b Residential,Carbon dioxide (CO2),1394
2014,"1A4bi Residential, stationary",Carbon dioxide (CO2),1194
2014,"1A4bii Residential, off-road vehicles and other machinery",Carbon dioxide (CO2),200
2014,"1A4c Agriculture, forestry anf fishing",Carbon dioxide (CO2),1442
2014,"1A4ci Agriculture/forestry, stationary",Carbon dioxide (CO2),477
2014,"1A4cii Agriculture/forestry, off-road vehicles and other machinery",Carbon dioxide (CO2),854
2014,1A4ciii Fishing,Carbon dioxide (CO2),110
2014,1A5 Other fuel use,Carbon dioxide (CO2),947
2014,1B Fugitive emissions from fuels,Carbon dioxide (CO2),84
2014,1D International transport,Carbon dioxide (CO2),2190
2014,1D1a International aviation,Carbon dioxide (CO2),1921
2014,1D1b International navigation,Carbon dioxide (CO2),269
2014,2 Industrial processes and product use,Carbon dioxide (CO2),4093
2014,2A Mineral industry,Carbon dioxide (CO2),1033
2014,2B Chemical industry,Carbon dioxide (CO2),876
2014,2C Metal industry,Carbon dioxide (CO2),2070
2014,2D Non-energy products from fuels and solvent use,Carbon dioxide (CO2),114
2014,2F Product uses as substitutes for ozone-depleting substances,Carbon dioxide (CO2),-
2014,2F1 Refrigeration and air conditioning,Carbon dioxide (CO2),-
2014,2F1a Commercial refrigeration,Carbon dioxide (CO2),-
2014,2F1b Domestic refrigeration,Carbon dioxide (CO2),-
2014,2F1c Industrial refrigeration,Carbon dioxide (CO2),-
2014,2F1d Transport refrigeration,Carbon dioxide (CO2),-
2014,2F1e Mobile air-conditioning,Carbon dioxide (CO2),-
2014,2F1f Stationary air-conditioning,Carbon dioxide (CO2),-
2014,2F2 Foam blowing agents,Carbon dioxide (CO2),-
2014,2F4 Aerosols,Carbon dioxide (CO2),-
2014,2G Other product manufacture and use,Carbon dioxide (CO2),-
2014,2H Other emissions from industrial processses,Carbon dioxide (CO2),-
2014,3 Agriculture,Carbon dioxide (CO2),245
2014,3A  Enteric fermentation,Carbon dioxide (CO2),-
2014,3A1 Cattle,Carbon dioxide (CO2),-
2014,3A1a Dairy cattle,Carbon dioxide (CO2),-
2014,3A1b Non-dairy cattle,Carbon dioxide (CO2),-
2014,3A2 Sheep,Carbon dioxide (CO2),-
2014,3A3 Swine,Carbon dioxide (CO2),-
2014,3A4d Goats,Carbon dioxide (CO2),-
2014,3A4e Horses and ponies,Carbon dioxide (CO2),-
2014,3A4hii Reindeer,Carbon dioxide (CO2),-
2014,3A4hiv Fur-bearing animals,Carbon dioxide (CO2),-
2014,3B Manure management,Carbon dioxide (CO2),-
2014,3B1 Cattle,Carbon dioxide (CO2),-
2014,3B1a Dairy cattle,Carbon dioxide (CO2),-
2014,3B1b Non-dairy cattle,Carbon dioxide (CO2),-
2014,3B2 Sheep,Carbon dioxide (CO2),-
2014,3B3 Swine,Carbon dioxide (CO2),-
2014,3B4d Goats,Carbon dioxide (CO2),-
2014,3B4e Horses and ponies,Carbon dioxide (CO2),-
2014,3B4g Poultry,Carbon dioxide (CO2),-
2014,3B4hii Reindeer,Carbon dioxide (CO2),-
2014,3B4hiv Fur-bearing animals,Carbon dioxide (CO2),-
2014,3B5 Indirect N2O emissions from manure management,Carbon dioxide (CO2),-
2014,3D Agricultural soils,Carbon dioxide (CO2),-
2014,3D1 Direct N2O emissions from managed soils,Carbon dioxide (CO2),-
2014,3D1a Inorganic N fertilizers,Carbon dioxide (CO2),-
2014,3D1b Organic N fertilizers,Carbon dioxide (CO2),-
2014,3D1c Urine and dung deposited by grazing animals,Carbon dioxide (CO2),-
2014,3D1d Crop residues,Carbon dioxide (CO2),-
2014,3D1e N2O emissions from nitrogen mineralization associated with loss of soil organic matter in mineral soils,Carbon dioxide (CO2),-
2014,3D1f Cultivation of organic soils of croplands and grasslands,Carbon dioxide (CO2),-
2014,3D2 Indirect N2O emissions from managed soils,Carbon dioxide (CO2),-
2014,3F Field burning of agricultural residues,Carbon dioxide (CO2),-
2014,3G Liming,Carbon dioxide (CO2),244
2014,3H Urea application,Carbon dioxide (CO2),2
2014,"4 Land use, land-use change and forestry (LULUCF)",Carbon dioxide (CO2),-28599
2014,4A Forest land,Carbon dioxide (CO2),-37987
2014,4Ai1 Forest land: biomass (mineral soils),Carbon dioxide (CO2),-19367
2014,4Ai2 Forest land: biomass (organic soils),Carbon dioxide (CO2),-18590
2014,4Aiv Forest land: DOM + SOM (mineral soils),Carbon dioxide (CO2),-4598
2014,4Av Forest land: DOM + SOM (organic soils),Carbon dioxide (CO2),4568
2014,4(i)A Forest land: N2O emissions from N-fertilization,Carbon dioxide (CO2),-
2014,4(ii)A Forest land: emissions and removals from drainage and rewetting,Carbon dioxide (CO2),-
2014,4(iii)A Forest land: N2O emissions from nitrogen mineralization associated with loss of soil organic matter in mineral soils,Carbon dioxide (CO2),-
2014,"4(iv)A Forest land: biomass burning (wildfires, prescribed and restoration burnings)",Carbon dioxide (CO2),-
2014,4B Cropland,Carbon dioxide (CO2),7988
2014,4Bi Cropland: biomass,Carbon dioxide (CO2),799
2014,4Biv Cropland: DOM + SOM (mineral soils),Carbon dioxide (CO2),687
2014,4Bv Cropland: DOM + SOM (organic soils),Carbon dioxide (CO2),6501
2014,4(iii)B Cropland: N2O emissions from nitrogen mineralization associated with loss of soil organic matter in mineral soils,Carbon dioxide (CO2),-
2014,4C Grassland,Carbon dioxide (CO2),764
2014,4Ci Grassland: biomass,Carbon dioxide (CO2),-86
2014,4Civ Grassland: DOM + SOM (mineral soils),Carbon dioxide (CO2),-24
2014,4Cv Grassland: DOM + SOM (organic soils),Carbon dioxide (CO2),874
2014,4(iii)C Grassland: N2O emissions from nitrogen mineralization associated with loss of soil organic matter in mineral soils,Carbon dioxide (CO2),-
2014,"4(iv)C Grassland: biomass burning (wildfires, prescribed and restoration burnings)",Carbon dioxide (CO2),0
2014,4D Wetlands,Carbon dioxide (CO2),2059
2014,4Di Wetlands: biomass,Carbon dioxide (CO2),119
2014,4Diii Wetlands: dead wood,Carbon dioxide (CO2),2
2014,4Dv Wetlands: SOM,Carbon dioxide (CO2),1938
2014,4(ii)D Wetlands: emissions and removals from drainage and rewetting,Carbon dioxide (CO2),-
2014,4E Settlements,Carbon dioxide (CO2),1605
2014,4Ei Settlements: biomass,Carbon dioxide (CO2),1196
2014,4Eiii Settlements: dead wood,Carbon dioxide (CO2),24
2014,4Eiv-v Settlements: SOM  and litter,Carbon dioxide (CO2),384
2014,4(i)E Settlements: N2O emissions from N-fertilization,Carbon dioxide (CO2),-
2014,4(ii)E Settlements: emissions and removals from drainage and rewetting,Carbon dioxide (CO2),-
2014,4(iii)E Settlements: N2O emissions from nitrogen mineralization associated with loss of soil organic matter in mineral soils,Carbon dioxide (CO2),-
2014,4G Harvested wood products,Carbon dioxide (CO2),-3027
2014,5 Waste management,Carbon dioxide (CO2),-
2014,5A Waste disposal,Carbon dioxide (CO2),-
2014,5B Biological treatment of  waste,Carbon dioxide (CO2),-
2014,5D Wastewater treatment and discharge,Carbon dioxide (CO2),-
2014,Indirect CO2 emission,Carbon dioxide (CO2),55
2015,Emissions without LULUCF,Carbon dioxide (CO2),44247
2015,Emissions with LULUCF,Carbon dioxide (CO2),20784
2015,1 Energy,Carbon dioxide (CO2),39734
2015,1A1 Energy industries,Carbon dioxide (CO2),17414
2015,1A2 Manufacturing industries and construction,Carbon dioxide (CO2),6574
2015,1A2(-1A2gvii) Manufacturing industries and construction excl. off-road vehicles and other machinery,Carbon dioxide (CO2),5556
2015,1A2gvii Off-road vehicles and other machinery production,Carbon dioxide (CO2),1018
2015,1A3 Transport,Carbon dioxide (CO2),10759
2015,1A3a Domestic aviation,Carbon dioxide (CO2),179
2015,1A3b Road transportation,Carbon dioxide (CO2),10093
2015,1A3bi Cars,Carbon dioxide (CO2),-
2015,1A3bii Light duty trucks,Carbon dioxide (CO2),-
2015,1A3biii Heavyduty trucks,Carbon dioxide (CO2),-
2015,1A3biv Motorcycles,Carbon dioxide (CO2),-
2015,1A3c Railways,Carbon dioxide (CO2),68
2015,1A3d Domestic navigation,Carbon dioxide (CO2),419
2015,1A4 Other sectors,Carbon dioxide (CO2),3934
2015,1A4a Commercial and institutional,Carbon dioxide (CO2),1129
2015,"1A4ai Commercial/institutional, stationary",Carbon dioxide (CO2),771
2015,"1A4aii Commercial/institutional, off-road vehicles and other machinery",Carbon dioxide (CO2),358
2015,1A4b Residential,Carbon dioxide (CO2),1259
2015,"1A4bi Residential, stationary",Carbon dioxide (CO2),1065
2015,"1A4bii Residential, off-road vehicles and other machinery",Carbon dioxide (CO2),194
2015,"1A4c Agriculture, forestry anf fishing",Carbon dioxide (CO2),1546
2015,"1A4ci Agriculture/forestry, stationary",Carbon dioxide (CO2),488
2015,"1A4cii Agriculture/forestry, off-road vehicles and other machinery",Carbon dioxide (CO2),953
2015,1A4ciii Fishing,Carbon dioxide (CO2),104
2015,1A5 Other fuel use,Carbon dioxide (CO2),945
2015,1B Fugitive emissions from fuels,Carbon dioxide (CO2),109
2015,1D International transport,Carbon dioxide (CO2),2882
2015,1D1a International aviation,Carbon dioxide (CO2),1963
2015,1D1b International navigation,Carbon dioxide (CO2),919
2015,2 Industrial processes and product use,Carbon dioxide (CO2),4291
2015,2A Mineral industry,Carbon dioxide (CO2),967
2015,2B Chemical industry,Carbon dioxide (CO2),1036
2015,2C Metal industry,Carbon dioxide (CO2),2150
2015,2D Non-energy products from fuels and solvent use,Carbon dioxide (CO2),138
2015,2F Product uses as substitutes for ozone-depleting substances,Carbon dioxide (CO2),-
2015,2F1 Refrigeration and air conditioning,Carbon dioxide (CO2),-
2015,2F1a Commercial refrigeration,Carbon dioxide (CO2),-
2015,2F1b Domestic refrigeration,Carbon dioxide (CO2),-
2015,2F1c Industrial refrigeration,Carbon dioxide (CO2),-
2015,2F1d Transport refrigeration,Carbon dioxide (CO2),-
2015,2F1e Mobile air-conditioning,Carbon dioxide (CO2),-
2015,2F1f Stationary air-conditioning,Carbon dioxide (CO2),-
2015,2F2 Foam blowing agents,Carbon dioxide (CO2),-
2015,2F4 Aerosols,Carbon dioxide (CO2),-
2015,2G Other product manufacture and use,Carbon dioxide (CO2),-
2015,2H Other emissions from industrial processses,Carbon dioxide (CO2),-
2015,3 Agriculture,Carbon dioxide (CO2),167
2015,3A  Enteric fermentation,Carbon dioxide (CO2),-
2015,3A1 Cattle,Carbon dioxide (CO2),-
2015,3A1a Dairy cattle,Carbon dioxide (CO2),-
2015,3A1b Non-dairy cattle,Carbon dioxide (CO2),-
2015,3A2 Sheep,Carbon dioxide (CO2),-
2015,3A3 Swine,Carbon dioxide (CO2),-
2015,3A4d Goats,Carbon dioxide (CO2),-
2015,3A4e Horses and ponies,Carbon dioxide (CO2),-
2015,3A4hii Reindeer,Carbon dioxide (CO2),-
2015,3A4hiv Fur-bearing animals,Carbon dioxide (CO2),-
2015,3B Manure management,Carbon dioxide (CO2),-
2015,3B1 Cattle,Carbon dioxide (CO2),-
2015,3B1a Dairy cattle,Carbon dioxide (CO2),-
2015,3B1b Non-dairy cattle,Carbon dioxide (CO2),-
2015,3B2 Sheep,Carbon dioxide (CO2),-
2015,3B3 Swine,Carbon dioxide (CO2),-
2015,3B4d Goats,Carbon dioxide (CO2),-
2015,3B4e Horses and ponies,Carbon dioxide (CO2),-
2015,3B4g Poultry,Carbon dioxide (CO2),-
2015,3B4hii Reindeer,Carbon dioxide (CO2),-
2015,3B4hiv Fur-bearing animals,Carbon dioxide (CO2),-
2015,3B5 Indirect N2O emissions from manure management,Carbon dioxide (CO2),-
2015,3D Agricultural soils,Carbon dioxide (CO2),-
2015,3D1 Direct N2O emissions from managed soils,Carbon dioxide (CO2),-
2015,3D1a Inorganic N fertilizers,Carbon dioxide (CO2),-
2015,3D1b Organic N fertilizers,Carbon dioxide (CO2),-
2015,3D1c Urine and dung deposited by grazing animals,Carbon dioxide (CO2),-
2015,3D1d Crop residues,Carbon dioxide (CO2),-
2015,3D1e N2O emissions from nitrogen mineralization associated with loss of soil organic matter in mineral soils,Carbon dioxide (CO2),-
2015,3D1f Cultivation of organic soils of croplands and grasslands,Carbon dioxide (CO2),-
2015,3D2 Indirect N2O emissions from managed soils,Carbon dioxide (CO2),-
2015,3F Field burning of agricultural residues,Carbon dioxide (CO2),-
2015,3G Liming,Carbon dioxide (CO2),165
2015,3H Urea application,Carbon dioxide (CO2),2
2015,"4 Land use, land-use change and forestry (LULUCF)",Carbon dioxide (CO2),-23463
2015,4A Forest land,Carbon dioxide (CO2),-32395
2015,4Ai1 Forest land: biomass (mineral soils),Carbon dioxide (CO2),-15360
2015,4Ai2 Forest land: biomass (organic soils),Carbon dioxide (CO2),-16865
2015,4Aiv Forest land: DOM + SOM (mineral soils),Carbon dioxide (CO2),-4764
2015,4Av Forest land: DOM + SOM (organic soils),Carbon dioxide (CO2),4594
2015,4(i)A Forest land: N2O emissions from N-fertilization,Carbon dioxide (CO2),-
2015,4(ii)A Forest land: emissions and removals from drainage and rewetting,Carbon dioxide (CO2),-
2015,4(iii)A Forest land: N2O emissions from nitrogen mineralization associated with loss of soil organic matter in mineral soils,Carbon dioxide (CO2),-
2015,"4(iv)A Forest land: biomass burning (wildfires, prescribed and restoration burnings)",Carbon dioxide (CO2),-
2015,4B Cropland,Carbon dioxide (CO2),7657
2015,4Bi Cropland: biomass,Carbon dioxide (CO2),823
2015,4Biv Cropland: DOM + SOM (mineral soils),Carbon dioxide (CO2),271
2015,4Bv Cropland: DOM + SOM (organic soils),Carbon dioxide (CO2),6562
2015,4(iii)B Cropland: N2O emissions from nitrogen mineralization associated with loss of soil organic matter in mineral soils,Carbon dioxide (CO2),-
2015,4C Grassland,Carbon dioxide (CO2),775
2015,4Ci Grassland: biomass,Carbon dioxide (CO2),-63
2015,4Civ Grassland: DOM + SOM (mineral soils),Carbon dioxide (CO2),-26
2015,4Cv Grassland: DOM + SOM (organic soils),Carbon dioxide (CO2),864
2015,4(iii)C Grassland: N2O emissions from nitrogen mineralization associated with loss of soil organic matter in mineral soils,Carbon dioxide (CO2),-
2015,"4(iv)C Grassland: biomass burning (wildfires, prescribed and restoration burnings)",Carbon dioxide (CO2),-
2015,4D Wetlands,Carbon dioxide (CO2),1993
2015,4Di Wetlands: biomass,Carbon dioxide (CO2),88
2015,4Diii Wetlands: dead wood,Carbon dioxide (CO2),2
2015,4Dv Wetlands: SOM,Carbon dioxide (CO2),1904
2015,4(ii)D Wetlands: emissions and removals from drainage and rewetting,Carbon dioxide (CO2),-
2015,4E Settlements,Carbon dioxide (CO2),1416
2015,4Ei Settlements: biomass,Carbon dioxide (CO2),1010
2015,4Eiii Settlements: dead wood,Carbon dioxide (CO2),21
2015,4Eiv-v Settlements: SOM  and litter,Carbon dioxide (CO2),385
2015,4(i)E Settlements: N2O emissions from N-fertilization,Carbon dioxide (CO2),-
2015,4(ii)E Settlements: emissions and removals from drainage and rewetting,Carbon dioxide (CO2),-
2015,4(iii)E Settlements: N2O emissions from nitrogen mineralization associated with loss of soil organic matter in mineral soils,Carbon dioxide (CO2),-
2015,4G Harvested wood products,Carbon dioxide (CO2),-2909
2015,5 Waste management,Carbon dioxide (CO2),-
2015,5A Waste disposal,Carbon dioxide (CO2),-
2015,5B Biological treatment of  waste,Carbon dioxide (CO2),-
2015,5D Wastewater treatment and discharge,Carbon dioxide (CO2),-
2015,Indirect CO2 emission,Carbon dioxide (CO2),55
2016,Emissions without LULUCF,Carbon dioxide (CO2),47307
2016,Emissions with LULUCF,Carbon dioxide (CO2),28974
2016,1 Energy,Carbon dioxide (CO2),42389
2016,1A1 Energy industries,Carbon dioxide (CO2),18755
2016,1A2 Manufacturing industries and construction,Carbon dioxide (CO2),6616
2016,1A2(-1A2gvii) Manufacturing industries and construction excl. off-road vehicles and other machinery,Carbon dioxide (CO2),5670
2016,1A2gvii Off-road vehicles and other machinery production,Carbon dioxide (CO2),946
2016,1A3 Transport,Carbon dioxide (CO2),11970
2016,1A3a Domestic aviation,Carbon dioxide (CO2),182
2016,1A3b Road transportation,Carbon dioxide (CO2),11319
2016,1A3bi Cars,Carbon dioxide (CO2),-
2016,1A3bii Light duty trucks,Carbon dioxide (CO2),-
2016,1A3biii Heavyduty trucks,Carbon dioxide (CO2),-
2016,1A3biv Motorcycles,Carbon dioxide (CO2),-
2016,1A3c Railways,Carbon dioxide (CO2),63
2016,1A3d Domestic navigation,Carbon dioxide (CO2),406
2016,1A4 Other sectors,Carbon dioxide (CO2),4054
2016,1A4a Commercial and institutional,Carbon dioxide (CO2),1203
2016,"1A4ai Commercial/institutional, stationary",Carbon dioxide (CO2),854
2016,"1A4aii Commercial/institutional, off-road vehicles and other machinery",Carbon dioxide (CO2),349
2016,1A4b Residential,Carbon dioxide (CO2),1287
2016,"1A4bi Residential, stationary",Carbon dioxide (CO2),1098
2016,"1A4bii Residential, off-road vehicles and other machinery",Carbon dioxide (CO2),189
2016,"1A4c Agriculture, forestry anf fishing",Carbon dioxide (CO2),1564
2016,"1A4ci Agriculture/forestry, stationary",Carbon dioxide (CO2),506
2016,"1A4cii Agriculture/forestry, off-road vehicles and other machinery",Carbon dioxide (CO2),963
2016,1A4ciii Fishing,Carbon dioxide (CO2),95
2016,1A5 Other fuel use,Carbon dioxide (CO2),889
2016,1B Fugitive emissions from fuels,Carbon dioxide (CO2),104
2016,1D International transport,Carbon dioxide (CO2),2854
2016,1D1a International aviation,Carbon dioxide (CO2),1968
2016,1D1b International navigation,Carbon dioxide (CO2),886
2016,2 Industrial processes and product use,Carbon dioxide (CO2),4605
2016,2A Mineral industry,Carbon dioxide (CO2),1085
2016,2B Chemical industry,Carbon dioxide (CO2),1179
2016,2C Metal industry,Carbon dioxide (CO2),2197
2016,2D Non-energy products from fuels and solvent use,Carbon dioxide (CO2),145
2016,2F Product uses as substitutes for ozone-depleting substances,Carbon dioxide (CO2),-
2016,2F1 Refrigeration and air conditioning,Carbon dioxide (CO2),-
2016,2F1a Commercial refrigeration,Carbon dioxide (CO2),-
2016,2F1b Domestic refrigeration,Carbon dioxide (CO2),-
2016,2F1c Industrial refrigeration,Carbon dioxide (CO2),-
2016,2F1d Transport refrigeration,Carbon dioxide (CO2),-
2016,2F1e Mobile air-conditioning,Carbon dioxide (CO2),-
2016,2F1f Stationary air-conditioning,Carbon dioxide (CO2),-
2016,2F2 Foam blowing agents,Carbon dioxide (CO2),-
2016,2F4 Aerosols,Carbon dioxide (CO2),-
2016,2G Other product manufacture and use,Carbon dioxide (CO2),-
2016,2H Other emissions from industrial processses,Carbon dioxide (CO2),-
2016,3 Agriculture,Carbon dioxide (CO2),259
2016,3A  Enteric fermentation,Carbon dioxide (CO2),-
2016,3A1 Cattle,Carbon dioxide (CO2),-
2016,3A1a Dairy cattle,Carbon dioxide (CO2),-
2016,3A1b Non-dairy cattle,Carbon dioxide (CO2),-
2016,3A2 Sheep,Carbon dioxide (CO2),-
2016,3A3 Swine,Carbon dioxide (CO2),-
2016,3A4d Goats,Carbon dioxide (CO2),-
2016,3A4e Horses and ponies,Carbon dioxide (CO2),-
2016,3A4hii Reindeer,Carbon dioxide (CO2),-
2016,3A4hiv Fur-bearing animals,Carbon dioxide (CO2),-
2016,3B Manure management,Carbon dioxide (CO2),-
2016,3B1 Cattle,Carbon dioxide (CO2),-
2016,3B1a Dairy cattle,Carbon dioxide (CO2),-
2016,3B1b Non-dairy cattle,Carbon dioxide (CO2),-
2016,3B2 Sheep,Carbon dioxide (CO2),-
2016,3B3 Swine,Carbon dioxide (CO2),-
2016,3B4d Goats,Carbon dioxide (CO2),-
2016,3B4e Horses and ponies,Carbon dioxide (CO2),-
2016,3B4g Poultry,Carbon dioxide (CO2),-
2016,3B4hii Reindeer,Carbon dioxide (CO2),-
2016,3B4hiv Fur-bearing animals,Carbon dioxide (CO2),-
2016,3B5 Indirect N2O emissions from manure management,Carbon dioxide (CO2),-
2016,3D Agricultural soils,Carbon dioxide (CO2),-
2016,3D1 Direct N2O emissions from managed soils,Carbon dioxide (CO2),-
2016,3D1a Inorganic N fertilizers,Carbon dioxide (CO2),-
2016,3D1b Organic N fertilizers,Carbon dioxide (CO2),-
2016,3D1c Urine and dung deposited by grazing animals,Carbon dioxide (CO2),-
2016,3D1d Crop residues,Carbon dioxide (CO2),-
2016,3D1e N2O emissions from nitrogen mineralization associated with loss of soil organic matter in mineral soils,Carbon dioxide (CO2),-
2016,3D1f Cultivation of organic soils of croplands and grasslands,Carbon dioxide (CO2),-
2016,3D2 Indirect N2O emissions from managed soils,Carbon dioxide (CO2),-
2016,3F Field burning of agricultural residues,Carbon dioxide (CO2),-
2016,3G Liming,Carbon dioxide (CO2),256
2016,3H Urea application,Carbon dioxide (CO2),3
2016,"4 Land use, land-use change and forestry (LULUCF)",Carbon dioxide (CO2),-18333
2016,4A Forest land,Carbon dioxide (CO2),-26305
2016,4Ai1 Forest land: biomass (mineral soils),Carbon dioxide (CO2),-11179
2016,4Ai2 Forest land: biomass (organic soils),Carbon dioxide (CO2),-15201
2016,4Aiv Forest land: DOM + SOM (mineral soils),Carbon dioxide (CO2),-4814
2016,4Av Forest land: DOM + SOM (organic soils),Carbon dioxide (CO2),4889
2016,4(i)A Forest land: N2O emissions from N-fertilization,Carbon dioxide (CO2),-
2016,4(ii)A Forest land: emissions and removals from drainage and rewetting,Carbon dioxide (CO2),-
2016,4(iii)A Forest land: N2O emissions from nitrogen mineralization associated with loss of soil organic matter in mineral soils,Carbon dioxide (CO2),-
2016,"4(iv)A Forest land: biomass burning (wildfires, prescribed and restoration burnings)",Carbon dioxide (CO2),-
2016,4B Cropland,Carbon dioxide (CO2),7663
2016,4Bi Cropland: biomass,Carbon dioxide (CO2),766
2016,4Biv Cropland: DOM + SOM (mineral soils),Carbon dioxide (CO2),281
2016,4Bv Cropland: DOM + SOM (organic soils),Carbon dioxide (CO2),6616
2016,4(iii)B Cropland: N2O emissions from nitrogen mineralization associated with loss of soil organic matter in mineral soils,Carbon dioxide (CO2),-
2016,4C Grassland,Carbon dioxide (CO2),800
2016,4Ci Grassland: biomass,Carbon dioxide (CO2),-27
2016,4Civ Grassland: DOM + SOM (mineral soils),Carbon dioxide (CO2),-27
2016,4Cv Grassland: DOM + SOM (organic soils),Carbon dioxide (CO2),854
2016,4(iii)C Grassland: N2O emissions from nitrogen mineralization associated with loss of soil organic matter in mineral soils,Carbon dioxide (CO2),-
2016,"4(iv)C Grassland: biomass burning (wildfires, prescribed and restoration burnings)",Carbon dioxide (CO2),0
2016,4D Wetlands,Carbon dioxide (CO2),2013
2016,4Di Wetlands: biomass,Carbon dioxide (CO2),80
2016,4Diii Wetlands: dead wood,Carbon dioxide (CO2),2
2016,4Dv Wetlands: SOM,Carbon dioxide (CO2),1931
2016,4(ii)D Wetlands: emissions and removals from drainage and rewetting,Carbon dioxide (CO2),-
2016,4E Settlements,Carbon dioxide (CO2),1314
2016,4Ei Settlements: biomass,Carbon dioxide (CO2),911
2016,4Eiii Settlements: dead wood,Carbon dioxide (CO2),19
2016,4Eiv-v Settlements: SOM  and litter,Carbon dioxide (CO2),384
2016,4(i)E Settlements: N2O emissions from N-fertilization,Carbon dioxide (CO2),-
2016,4(ii)E Settlements: emissions and removals from drainage and rewetting,Carbon dioxide (CO2),-
2016,4(iii)E Settlements: N2O emissions from nitrogen mineralization associated with loss of soil organic matter in mineral soils,Carbon dioxide (CO2),-
2016,4G Harvested wood products,Carbon dioxide (CO2),-3818
2016,5 Waste management,Carbon dioxide (CO2),-
2016,5A Waste disposal,Carbon dioxide (CO2),-
2016,5B Biological treatment of  waste,Carbon dioxide (CO2),-
2016,5D Wastewater treatment and discharge,Carbon dioxide (CO2),-
2016,Indirect CO2 emission,Carbon dioxide (CO2),55
2017,Emissions without LULUCF,Carbon dioxide (CO2),44712
2017,Emissions with LULUCF,Carbon dioxide (CO2),31446
2017,1 Energy,Carbon dioxide (CO2),39967
2017,1A1 Energy industries,Carbon dioxide (CO2),17143
2017,1A2 Manufacturing industries and construction,Carbon dioxide (CO2),6424
2017,1A2(-1A2gvii) Manufacturing industries and construction excl. off-road vehicles and other machinery,Carbon dioxide (CO2),5335
2017,1A2gvii Off-road vehicles and other machinery production,Carbon dioxide (CO2),1089
2017,1A3 Transport,Carbon dioxide (CO2),11373
2017,1A3a Domestic aviation,Carbon dioxide (CO2),193
2017,1A3b Road transportation,Carbon dioxide (CO2),10693
2017,1A3bi Cars,Carbon dioxide (CO2),6000
2017,1A3bii Light duty trucks,Carbon dioxide (CO2),1031
2017,1A3biii Heavyduty trucks,Carbon dioxide (CO2),3570
2017,1A3biv Motorcycles,Carbon dioxide (CO2),91
2017,1A3c Railways,Carbon dioxide (CO2),66
2017,1A3d Domestic navigation,Carbon dioxide (CO2),420
2017,1A4 Other sectors,Carbon dioxide (CO2),3955
2017,1A4a Commercial and institutional,Carbon dioxide (CO2),1190
2017,"1A4ai Commercial/institutional, stationary",Carbon dioxide (CO2),852
2017,"1A4aii Commercial/institutional, off-road vehicles and other machinery",Carbon dioxide (CO2),338
2017,1A4b Residential,Carbon dioxide (CO2),1205
2017,"1A4bi Residential, stationary",Carbon dioxide (CO2),1024
2017,"1A4bii Residential, off-road vehicles and other machinery",Carbon dioxide (CO2),181
2017,"1A4c Agriculture, forestry anf fishing",Carbon dioxide (CO2),1561
2017,"1A4ci Agriculture/forestry, stationary",Carbon dioxide (CO2),482
2017,"1A4cii Agriculture/forestry, off-road vehicles and other machinery",Carbon dioxide (CO2),987
2017,1A4ciii Fishing,Carbon dioxide (CO2),92
2017,1A5 Other fuel use,Carbon dioxide (CO2),926
2017,1B Fugitive emissions from fuels,Carbon dioxide (CO2),147
2017,1D International transport,Carbon dioxide (CO2),3192
2017,1D1a International aviation,Carbon dioxide (CO2),2097
2017,1D1b International navigation,Carbon dioxide (CO2),1094
2017,2 Industrial processes and product use,Carbon dioxide (CO2),4502
2017,2A Mineral industry,Carbon dioxide (CO2),1136
2017,2B Chemical industry,Carbon dioxide (CO2),1297
2017,2C Metal industry,Carbon dioxide (CO2),1928
2017,2D Non-energy products from fuels and solvent use,Carbon dioxide (CO2),141
2017,2F Product uses as substitutes for ozone-depleting substances,Carbon dioxide (CO2),-
2017,2F1 Refrigeration and air conditioning,Carbon dioxide (CO2),-
2017,2F1a Commercial refrigeration,Carbon dioxide (CO2),-
2017,2F1b Domestic refrigeration,Carbon dioxide (CO2),-
2017,2F1c Industrial refrigeration,Carbon dioxide (CO2),-
2017,2F1d Transport refrigeration,Carbon dioxide (CO2),-
2017,2F1e Mobile air-conditioning,Carbon dioxide (CO2),-
2017,2F1f Stationary air-conditioning,Carbon dioxide (CO2),-
2017,2F2 Foam blowing agents,Carbon dioxide (CO2),-
2017,2F4 Aerosols,Carbon dioxide (CO2),-
2017,2G Other product manufacture and use,Carbon dioxide (CO2),-
2017,2H Other emissions from industrial processses,Carbon dioxide (CO2),-
2017,3 Agriculture,Carbon dioxide (CO2),189
2017,3A  Enteric fermentation,Carbon dioxide (CO2),-
2017,3A1 Cattle,Carbon dioxide (CO2),-
2017,3A1a Dairy cattle,Carbon dioxide (CO2),-
2017,3A1b Non-dairy cattle,Carbon dioxide (CO2),-
2017,3A2 Sheep,Carbon dioxide (CO2),-
2017,3A3 Swine,Carbon dioxide (CO2),-
2017,3A4d Goats,Carbon dioxide (CO2),-
2017,3A4e Horses and ponies,Carbon dioxide (CO2),-
2017,3A4hii Reindeer,Carbon dioxide (CO2),-
2017,3A4hiv Fur-bearing animals,Carbon dioxide (CO2),-
2017,3B Manure management,Carbon dioxide (CO2),-
2017,3B1 Cattle,Carbon dioxide (CO2),-
2017,3B1a Dairy cattle,Carbon dioxide (CO2),-
2017,3B1b Non-dairy cattle,Carbon dioxide (CO2),-
2017,3B2 Sheep,Carbon dioxide (CO2),-
2017,3B3 Swine,Carbon dioxide (CO2),-
2017,3B4d Goats,Carbon dioxide (CO2),-
2017,3B4e Horses and ponies,Carbon dioxide (CO2),-
2017,3B4g Poultry,Carbon dioxide (CO2),-
2017,3B4hii Reindeer,Carbon dioxide (CO2),-
2017,3B4hiv Fur-bearing animals,Carbon dioxide (CO2),-
2017,3B5 Indirect N2O emissions from manure management,Carbon dioxide (CO2),-
2017,3D Agricultural soils,Carbon dioxide (CO2),-
2017,3D1 Direct N2O emissions from managed soils,Carbon dioxide (CO2),-
2017,3D1a Inorganic N fertilizers,Carbon dioxide (CO2),-
2017,3D1b Organic N fertilizers,Carbon dioxide (CO2),-
2017,3D1c Urine and dung deposited by grazing animals,Carbon dioxide (CO2),-
2017,3D1d Crop residues,Carbon dioxide (CO2),-
2017,3D1e N2O emissions from nitrogen mineralization associated with loss of soil organic matter in mineral soils,Carbon dioxide (CO2),-
2017,3D1f Cultivation of organic soils of croplands and grasslands,Carbon dioxide (CO2),-
2017,3D2 Indirect N2O emissions from managed soils,Carbon dioxide (CO2),-
2017,3F Field burning of agricultural residues,Carbon dioxide (CO2),-
2017,3G Liming,Carbon dioxide (CO2),187
2017,3H Urea application,Carbon dioxide (CO2),2
2017,"4 Land use, land-use change and forestry (LULUCF)",Carbon dioxide (CO2),-13266
2017,4A Forest land,Carbon dioxide (CO2),-20433
2017,4Ai1 Forest land: biomass (mineral soils),Carbon dioxide (CO2),-7650
2017,4Ai2 Forest land: biomass (organic soils),Carbon dioxide (CO2),-13094
2017,4Aiv Forest land: DOM + SOM (mineral soils),Carbon dioxide (CO2),-4409
2017,4Av Forest land: DOM + SOM (organic soils),Carbon dioxide (CO2),4721
2017,4(i)A Forest land: N2O emissions from N-fertilization,Carbon dioxide (CO2),-
2017,4(ii)A Forest land: emissions and removals from drainage and rewetting,Carbon dioxide (CO2),-
2017,4(iii)A Forest land: N2O emissions from nitrogen mineralization associated with loss of soil organic matter in mineral soils,Carbon dioxide (CO2),-
2017,"4(iv)A Forest land: biomass burning (wildfires, prescribed and restoration burnings)",Carbon dioxide (CO2),-
2017,4B Cropland,Carbon dioxide (CO2),7558
2017,4Bi Cropland: biomass,Carbon dioxide (CO2),743
2017,4Biv Cropland: DOM + SOM (mineral soils),Carbon dioxide (CO2),162
2017,4Bv Cropland: DOM + SOM (organic soils),Carbon dioxide (CO2),6653
2017,4(iii)B Cropland: N2O emissions from nitrogen mineralization associated with loss of soil organic matter in mineral soils,Carbon dioxide (CO2),-
2017,4C Grassland,Carbon dioxide (CO2),796
2017,4Ci Grassland: biomass,Carbon dioxide (CO2),-17
2017,4Civ Grassland: DOM + SOM (mineral soils),Carbon dioxide (CO2),-27
2017,4Cv Grassland: DOM + SOM (organic soils),Carbon dioxide (CO2),840
2017,4(iii)C Grassland: N2O emissions from nitrogen mineralization associated with loss of soil organic matter in mineral soils,Carbon dioxide (CO2),-
2017,"4(iv)C Grassland: biomass burning (wildfires, prescribed and restoration burnings)",Carbon dioxide (CO2),0
2017,4D Wetlands,Carbon dioxide (CO2),2007
2017,4Di Wetlands: biomass,Carbon dioxide (CO2),61
2017,4Diii Wetlands: dead wood,Carbon dioxide (CO2),1
2017,4Dv Wetlands: SOM,Carbon dioxide (CO2),1945
2017,4(ii)D Wetlands: emissions and removals from drainage and rewetting,Carbon dioxide (CO2),-
2017,4E Settlements,Carbon dioxide (CO2),1304
2017,4Ei Settlements: biomass,Carbon dioxide (CO2),907
2017,4Eiii Settlements: dead wood,Carbon dioxide (CO2),18
2017,4Eiv-v Settlements: SOM  and litter,Carbon dioxide (CO2),378
2017,4(i)E Settlements: N2O emissions from N-fertilization,Carbon dioxide (CO2),-
2017,4(ii)E Settlements: emissions and removals from drainage and rewetting,Carbon dioxide (CO2),-
2017,4(iii)E Settlements: N2O emissions from nitrogen mineralization associated with loss of soil organic matter in mineral soils,Carbon dioxide (CO2),-
2017,4G Harvested wood products,Carbon dioxide (CO2),-4498
2017,5 Waste management,Carbon dioxide (CO2),-
2017,5A Waste disposal,Carbon dioxide (CO2),-
2017,5B Biological treatment of  waste,Carbon dioxide (CO2),-
2017,5D Wastewater treatment and discharge,Carbon dioxide (CO2),-
2017,Indirect CO2 emission,Carbon dioxide (CO2),54
2018,Emissions without LULUCF,Carbon dioxide (CO2),45788
2018,Emissions with LULUCF,Carbon dioxide (CO2),45024
2018,1 Energy,Carbon dioxide (CO2),40945
2018,1A1 Energy industries,Carbon dioxide (CO2),18269
2018,1A2 Manufacturing industries and construction,Carbon dioxide (CO2),6556
2018,1A2(-1A2gvii) Manufacturing industries and construction excl. off-road vehicles and other machinery,Carbon dioxide (CO2),5431
2018,1A2gvii Off-road vehicles and other machinery production,Carbon dioxide (CO2),1125
2018,1A3 Transport,Carbon dioxide (CO2),11573
2018,1A3a Domestic aviation,Carbon dioxide (CO2),216
2018,1A3b Road transportation,Carbon dioxide (CO2),10861
2018,1A3bi Cars,Carbon dioxide (CO2),6006
2018,1A3bii Light duty trucks,Carbon dioxide (CO2),1062
2018,1A3biii Heavyduty trucks,Carbon dioxide (CO2),3701
2018,1A3biv Motorcycles,Carbon dioxide (CO2),91
2018,1A3c Railways,Carbon dioxide (CO2),71
2018,1A3d Domestic navigation,Carbon dioxide (CO2),425
2018,1A4 Other sectors,Carbon dioxide (CO2),3740
2018,1A4a Commercial and institutional,Carbon dioxide (CO2),1172
2018,"1A4ai Commercial/institutional, stationary",Carbon dioxide (CO2),841
2018,"1A4aii Commercial/institutional, off-road vehicles and other machinery",Carbon dioxide (CO2),331
2018,1A4b Residential,Carbon dioxide (CO2),1111
2018,"1A4bi Residential, stationary",Carbon dioxide (CO2),936
2018,"1A4bii Residential, off-road vehicles and other machinery",Carbon dioxide (CO2),175
2018,"1A4c Agriculture, forestry anf fishing",Carbon dioxide (CO2),1457
2018,"1A4ci Agriculture/forestry, stationary",Carbon dioxide (CO2),437
2018,"1A4cii Agriculture/forestry, off-road vehicles and other machinery",Carbon dioxide (CO2),930
2018,1A4ciii Fishing,Carbon dioxide (CO2),90
2018,1A5 Other fuel use,Carbon dioxide (CO2),716
2018,1B Fugitive emissions from fuels,Carbon dioxide (CO2),91
2018,1D International transport,Carbon dioxide (CO2),3400
2018,1D1a International aviation,Carbon dioxide (CO2),2388
2018,1D1b International navigation,Carbon dioxide (CO2),1011
2018,2 Industrial processes and product use,Carbon dioxide (CO2),4587
2018,2A Mineral industry,Carbon dioxide (CO2),1062
2018,2B Chemical industry,Carbon dioxide (CO2),1271
2018,2C Metal industry,Carbon dioxide (CO2),2096
2018,2D Non-energy products from fuels and solvent use,Carbon dioxide (CO2),158
2018,2F Product uses as substitutes for ozone-depleting substances,Carbon dioxide (CO2),-
2018,2F1 Refrigeration and air conditioning,Carbon dioxide (CO2),-
2018,2F1a Commercial refrigeration,Carbon dioxide (CO2),-
2018,2F1b Domestic refrigeration,Carbon dioxide (CO2),-
2018,2F1c Industrial refrigeration,Carbon dioxide (CO2),-
2018,2F1d Transport refrigeration,Carbon dioxide (CO2),-
2018,2F1e Mobile air-conditioning,Carbon dioxide (CO2),-
2018,2F1f Stationary air-conditioning,Carbon dioxide (CO2),-
2018,2F2 Foam blowing agents,Carbon dioxide (CO2),-
2018,2F4 Aerosols,Carbon dioxide (CO2),-
2018,2G Other product manufacture and use,Carbon dioxide (CO2),-
2018,2H Other emissions from industrial processses,Carbon dioxide (CO2),-
2018,3 Agriculture,Carbon dioxide (CO2),203
2018,3A  Enteric fermentation,Carbon dioxide (CO2),-
2018,3A1 Cattle,Carbon dioxide (CO2),-
2018,3A1a Dairy cattle,Carbon dioxide (CO2),-
2018,3A1b Non-dairy cattle,Carbon dioxide (CO2),-
2018,3A2 Sheep,Carbon dioxide (CO2),-
2018,3A3 Swine,Carbon dioxide (CO2),-
2018,3A4d Goats,Carbon dioxide (CO2),-
2018,3A4e Horses and ponies,Carbon dioxide (CO2),-
2018,3A4hii Reindeer,Carbon dioxide (CO2),-
2018,3A4hiv Fur-bearing animals,Carbon dioxide (CO2),-
2018,3B Manure management,Carbon dioxide (CO2),-
2018,3B1 Cattle,Carbon dioxide (CO2),-
2018,3B1a Dairy cattle,Carbon dioxide (CO2),-
2018,3B1b Non-dairy cattle,Carbon dioxide (CO2),-
2018,3B2 Sheep,Carbon dioxide (CO2),-
2018,3B3 Swine,Carbon dioxide (CO2),-
2018,3B4d Goats,Carbon dioxide (CO2),-
2018,3B4e Horses and ponies,Carbon dioxide (CO2),-
2018,3B4g Poultry,Carbon dioxide (CO2),-
2018,3B4hii Reindeer,Carbon dioxide (CO2),-
2018,3B4hiv Fur-bearing animals,Carbon dioxide (CO2),-
2018,3B5 Indirect N2O emissions from manure management,Carbon dioxide (CO2),-
2018,3D Agricultural soils,Carbon dioxide (CO2),-
2018,3D1 Direct N2O emissions from managed soils,Carbon dioxide (CO2),-
2018,3D1a Inorganic N fertilizers,Carbon dioxide (CO2),-
2018,3D1b Organic N fertilizers,Carbon dioxide (CO2),-
2018,3D1c Urine and dung deposited by grazing animals,Carbon dioxide (CO2),-
2018,3D1d Crop residues,Carbon dioxide (CO2),-
2018,3D1e N2O emissions from nitrogen mineralization associated with loss of soil organic matter in mineral soils,Carbon dioxide (CO2),-
2018,3D1f Cultivation of organic soils of croplands and grasslands,Carbon dioxide (CO2),-
2018,3D2 Indirect N2O emissions from managed soils,Carbon dioxide (CO2),-
2018,3F Field burning of agricultural residues,Carbon dioxide (CO2),-
2018,3G Liming,Carbon dioxide (CO2),201
2018,3H Urea application,Carbon dioxide (CO2),1
2018,"4 Land use, land-use change and forestry (LULUCF)",Carbon dioxide (CO2),-763
2018,4A Forest land,Carbon dioxide (CO2),-8548
2018,4Ai1 Forest land: biomass (mineral soils),Carbon dioxide (CO2),585
2018,4Ai2 Forest land: biomass (organic soils),Carbon dioxide (CO2),-9559
2018,4Aiv Forest land: DOM + SOM (mineral soils),Carbon dioxide (CO2),-3674
2018,4Av Forest land: DOM + SOM (organic soils),Carbon dioxide (CO2),4100
2018,4(i)A Forest land: N2O emissions from N-fertilization,Carbon dioxide (CO2),-
2018,4(ii)A Forest land: emissions and removals from drainage and rewetting,Carbon dioxide (CO2),-
2018,4(iii)A Forest land: N2O emissions from nitrogen mineralization associated with loss of soil organic matter in mineral soils,Carbon dioxide (CO2),-
2018,"4(iv)A Forest land: biomass burning (wildfires, prescribed and restoration burnings)",Carbon dioxide (CO2),-
2018,4B Cropland,Carbon dioxide (CO2),8098
2018,4Bi Cropland: biomass,Carbon dioxide (CO2),782
2018,4Biv Cropland: DOM + SOM (mineral soils),Carbon dioxide (CO2),628
2018,4Bv Cropland: DOM + SOM (organic soils),Carbon dioxide (CO2),6688
2018,4(iii)B Cropland: N2O emissions from nitrogen mineralization associated with loss of soil organic matter in mineral soils,Carbon dioxide (CO2),-
2018,4C Grassland,Carbon dioxide (CO2),797
2018,4Ci Grassland: biomass,Carbon dioxide (CO2),-2
2018,4Civ Grassland: DOM + SOM (mineral soils),Carbon dioxide (CO2),-27
2018,4Cv Grassland: DOM + SOM (organic soils),Carbon dioxide (CO2),827
2018,4(iii)C Grassland: N2O emissions from nitrogen mineralization associated with loss of soil organic matter in mineral soils,Carbon dioxide (CO2),-
2018,"4(iv)C Grassland: biomass burning (wildfires, prescribed and restoration burnings)",Carbon dioxide (CO2),0
2018,4D Wetlands,Carbon dioxide (CO2),2128
2018,4Di Wetlands: biomass,Carbon dioxide (CO2),22
2018,4Diii Wetlands: dead wood,Carbon dioxide (CO2),1
2018,4Dv Wetlands: SOM,Carbon dioxide (CO2),2105
2018,4(ii)D Wetlands: emissions and removals from drainage and rewetting,Carbon dioxide (CO2),-
2018,4E Settlements,Carbon dioxide (CO2),1346
2018,4Ei Settlements: biomass,Carbon dioxide (CO2),957
2018,4Eiii Settlements: dead wood,Carbon dioxide (CO2),19
2018,4Eiv-v Settlements: SOM  and litter,Carbon dioxide (CO2),371
2018,4(i)E Settlements: N2O emissions from N-fertilization,Carbon dioxide (CO2),-
2018,4(ii)E Settlements: emissions and removals from drainage and rewetting,Carbon dioxide (CO2),-
2018,4(iii)E Settlements: N2O emissions from nitrogen mineralization associated with loss of soil organic matter in mineral soils,Carbon dioxide (CO2),-
2018,4G Harvested wood products,Carbon dioxide (CO2),-4584
2018,5 Waste management,Carbon dioxide (CO2),-
2018,5A Waste disposal,Carbon dioxide (CO2),-
2018,5B Biological treatment of  waste,Carbon dioxide (CO2),-
2018,5D Wastewater treatment and discharge,Carbon dioxide (CO2),-
2018,Indirect CO2 emission,Carbon dioxide (CO2),54
2019,Emissions without LULUCF,Carbon dioxide (CO2),42493
2019,Emissions with LULUCF,Carbon dioxide (CO2),38407
2019,1 Energy,Carbon dioxide (CO2),37943
2019,1A1 Energy industries,Carbon dioxide (CO2),15833
2019,1A2 Manufacturing industries and construction,Carbon dioxide (CO2),6367
2019,1A2(-1A2gvii) Manufacturing industries and construction excl. off-road vehicles and other machinery,Carbon dioxide (CO2),5243
2019,1A2gvii Off-road vehicles and other machinery production,Carbon dioxide (CO2),1124
2019,1A3 Transport,Carbon dioxide (CO2),11166
2019,1A3a Domestic aviation,Carbon dioxide (CO2),210
2019,1A3b Road transportation,Carbon dioxide (CO2),10458
2019,1A3bi Cars,Carbon dioxide (CO2),5838
2019,1A3bii Light duty trucks,Carbon dioxide (CO2),1025
2019,1A3biii Heavyduty trucks,Carbon dioxide (CO2),3505
2019,1A3biv Motorcycles,Carbon dioxide (CO2),90
2019,1A3c Railways,Carbon dioxide (CO2),69
2019,1A3d Domestic navigation,Carbon dioxide (CO2),429
2019,1A4 Other sectors,Carbon dioxide (CO2),3763
2019,1A4a Commercial and institutional,Carbon dioxide (CO2),1166
2019,"1A4ai Commercial/institutional, stationary",Carbon dioxide (CO2),842
2019,"1A4aii Commercial/institutional, off-road vehicles and other machinery",Carbon dioxide (CO2),323
2019,1A4b Residential,Carbon dioxide (CO2),1024
2019,"1A4bi Residential, stationary",Carbon dioxide (CO2),855
2019,"1A4bii Residential, off-road vehicles and other machinery",Carbon dioxide (CO2),170
2019,"1A4c Agriculture, forestry anf fishing",Carbon dioxide (CO2),1573
2019,"1A4ci Agriculture/forestry, stationary",Carbon dioxide (CO2),429
2019,"1A4cii Agriculture/forestry, off-road vehicles and other machinery",Carbon dioxide (CO2),1040
2019,1A4ciii Fishing,Carbon dioxide (CO2),104
2019,1A5 Other fuel use,Carbon dioxide (CO2),749
2019,1B Fugitive emissions from fuels,Carbon dioxide (CO2),65
2019,1D International transport,Carbon dioxide (CO2),3619
2019,1D1a International aviation,Carbon dioxide (CO2),2574
2019,1D1b International navigation,Carbon dioxide (CO2),1045
2019,2 Industrial processes and product use,Carbon dioxide (CO2),4307
2019,2A Mineral industry,Carbon dioxide (CO2),973
2019,2B Chemical industry,Carbon dioxide (CO2),1306
2019,2C Metal industry,Carbon dioxide (CO2),1875
2019,2D Non-energy products from fuels and solvent use,Carbon dioxide (CO2),154
2019,2F Product uses as substitutes for ozone-depleting substances,Carbon dioxide (CO2),-
2019,2F1 Refrigeration and air conditioning,Carbon dioxide (CO2),-
2019,2F1a Commercial refrigeration,Carbon dioxide (CO2),-
2019,2F1b Domestic refrigeration,Carbon dioxide (CO2),-
2019,2F1c Industrial refrigeration,Carbon dioxide (CO2),-
2019,2F1d Transport refrigeration,Carbon dioxide (CO2),-
2019,2F1e Mobile air-conditioning,Carbon dioxide (CO2),-
2019,2F1f Stationary air-conditioning,Carbon dioxide (CO2),-
2019,2F2 Foam blowing agents,Carbon dioxide (CO2),-
2019,2F4 Aerosols,Carbon dioxide (CO2),-
2019,2G Other product manufacture and use,Carbon dioxide (CO2),-
2019,2H Other emissions from industrial processses,Carbon dioxide (CO2),-
2019,3 Agriculture,Carbon dioxide (CO2),190
2019,3A  Enteric fermentation,Carbon dioxide (CO2),-
2019,3A1 Cattle,Carbon dioxide (CO2),-
2019,3A1a Dairy cattle,Carbon dioxide (CO2),-
2019,3A1b Non-dairy cattle,Carbon dioxide (CO2),-
2019,3A2 Sheep,Carbon dioxide (CO2),-
2019,3A3 Swine,Carbon dioxide (CO2),-
2019,3A4d Goats,Carbon dioxide (CO2),-
2019,3A4e Horses and ponies,Carbon dioxide (CO2),-
2019,3A4hii Reindeer,Carbon dioxide (CO2),-
2019,3A4hiv Fur-bearing animals,Carbon dioxide (CO2),-
2019,3B Manure management,Carbon dioxide (CO2),-
2019,3B1 Cattle,Carbon dioxide (CO2),-
2019,3B1a Dairy cattle,Carbon dioxide (CO2),-
2019,3B1b Non-dairy cattle,Carbon dioxide (CO2),-
2019,3B2 Sheep,Carbon dioxide (CO2),-
2019,3B3 Swine,Carbon dioxide (CO2),-
2019,3B4d Goats,Carbon dioxide (CO2),-
2019,3B4e Horses and ponies,Carbon dioxide (CO2),-
2019,3B4g Poultry,Carbon dioxide (CO2),-
2019,3B4hii Reindeer,Carbon dioxide (CO2),-
2019,3B4hiv Fur-bearing animals,Carbon dioxide (CO2),-
2019,3B5 Indirect N2O emissions from manure management,Carbon dioxide (CO2),-
2019,3D Agricultural soils,Carbon dioxide (CO2),-
2019,3D1 Direct N2O emissions from managed soils,Carbon dioxide (CO2),-
2019,3D1a Inorganic N fertilizers,Carbon dioxide (CO2),-
2019,3D1b Organic N fertilizers,Carbon dioxide (CO2),-
2019,3D1c Urine and dung deposited by grazing animals,Carbon dioxide (CO2),-
2019,3D1d Crop residues,Carbon dioxide (CO2),-
2019,3D1e N2O emissions from nitrogen mineralization associated with loss of soil organic matter in mineral soils,Carbon dioxide (CO2),-
2019,3D1f Cultivation of organic soils of croplands and grasslands,Carbon dioxide (CO2),-
2019,3D2 Indirect N2O emissions from managed soils,Carbon dioxide (CO2),-
2019,3F Field burning of agricultural residues,Carbon dioxide (CO2),-
2019,3G Liming,Carbon dioxide (CO2),188
2019,3H Urea application,Carbon dioxide (CO2),2
2019,"4 Land use, land-use change and forestry (LULUCF)",Carbon dioxide (CO2),-4086
2019,4A Forest land,Carbon dioxide (CO2),-12687
2019,4Ai1 Forest land: biomass (mineral soils),Carbon dioxide (CO2),-3956
2019,4Ai2 Forest land: biomass (organic soils),Carbon dioxide (CO2),-9851
2019,4Aiv Forest land: DOM + SOM (mineral soils),Carbon dioxide (CO2),-3509
2019,4Av Forest land: DOM + SOM (organic soils),Carbon dioxide (CO2),4628
2019,4(i)A Forest land: N2O emissions from N-fertilization,Carbon dioxide (CO2),-
2019,4(ii)A Forest land: emissions and removals from drainage and rewetting,Carbon dioxide (CO2),-
2019,4(iii)A Forest land: N2O emissions from nitrogen mineralization associated with loss of soil organic matter in mineral soils,Carbon dioxide (CO2),-
2019,"4(iv)A Forest land: biomass burning (wildfires, prescribed and restoration burnings)",Carbon dioxide (CO2),-
2019,4B Cropland,Carbon dioxide (CO2),7901
2019,4Bi Cropland: biomass,Carbon dioxide (CO2),717
2019,4Biv Cropland: DOM + SOM (mineral soils),Carbon dioxide (CO2),440
2019,4Bv Cropland: DOM + SOM (organic soils),Carbon dioxide (CO2),6744
2019,4(iii)B Cropland: N2O emissions from nitrogen mineralization associated with loss of soil organic matter in mineral soils,Carbon dioxide (CO2),-
2019,4C Grassland,Carbon dioxide (CO2),795
2019,4Ci Grassland: biomass,Carbon dioxide (CO2),5
2019,4Civ Grassland: DOM + SOM (mineral soils),Carbon dioxide (CO2),-27
2019,4Cv Grassland: DOM + SOM (organic soils),Carbon dioxide (CO2),817
2019,4(iii)C Grassland: N2O emissions from nitrogen mineralization associated with loss of soil organic matter in mineral soils,Carbon dioxide (CO2),-
2019,"4(iv)C Grassland: biomass burning (wildfires, prescribed and restoration burnings)",Carbon dioxide (CO2),0
2019,4D Wetlands,Carbon dioxide (CO2),2017
2019,4Di Wetlands: biomass,Carbon dioxide (CO2),9
2019,4Diii Wetlands: dead wood,Carbon dioxide (CO2),0
2019,4Dv Wetlands: SOM,Carbon dioxide (CO2),2007
2019,4(ii)D Wetlands: emissions and removals from drainage and rewetting,Carbon dioxide (CO2),-
2019,4E Settlements,Carbon dioxide (CO2),1300
2019,4Ei Settlements: biomass,Carbon dioxide (CO2),920
2019,4Eiii Settlements: dead wood,Carbon dioxide (CO2),18
2019,4Eiv-v Settlements: SOM  and litter,Carbon dioxide (CO2),362
2019,4(i)E Settlements: N2O emissions from N-fertilization,Carbon dioxide (CO2),-
2019,4(ii)E Settlements: emissions and removals from drainage and rewetting,Carbon dioxide (CO2),-
2019,4(iii)E Settlements: N2O emissions from nitrogen mineralization associated with loss of soil organic matter in mineral soils,Carbon dioxide (CO2),-
2019,4G Harvested wood products,Carbon dioxide (CO2),-3412
2019,5 Waste management,Carbon dioxide (CO2),-
2019,5A Waste disposal,Carbon dioxide (CO2),-
2019,5B Biological treatment of  waste,Carbon dioxide (CO2),-
2019,5D Wastewater treatment and discharge,Carbon dioxide (CO2),-
2019,Indirect CO2 emission,Carbon dioxide (CO2),53
2020,Emissions without LULUCF,Carbon dioxide (CO2),37784
2020,Emissions with LULUCF,Carbon dioxide (CO2),32831
2020,1 Energy,Carbon dioxide (CO2),33480
2020,1A1 Energy industries,Carbon dioxide (CO2),12729
2020,1A2 Manufacturing industries and construction,Carbon dioxide (CO2),6073
2020,1A2(-1A2gvii) Manufacturing industries and construction excl. off-road vehicles and other machinery,Carbon dioxide (CO2),4909
2020,1A2gvii Off-road vehicles and other machinery production,Carbon dioxide (CO2),1164
2020,1A3 Transport,Carbon dioxide (CO2),10361
2020,1A3a Domestic aviation,Carbon dioxide (CO2),89
2020,1A3b Road transportation,Carbon dioxide (CO2),9858
2020,1A3bi Cars,Carbon dioxide (CO2),5422
2020,1A3bii Light duty trucks,Carbon dioxide (CO2),1001
2020,1A3biii Heavyduty trucks,Carbon dioxide (CO2),3349
2020,1A3biv Motorcycles,Carbon dioxide (CO2),86
2020,1A3c Railways,Carbon dioxide (CO2),64
2020,1A3d Domestic navigation,Carbon dioxide (CO2),350
2020,1A4 Other sectors,Carbon dioxide (CO2),3541
2020,1A4a Commercial and institutional,Carbon dioxide (CO2),1062
2020,"1A4ai Commercial/institutional, stationary",Carbon dioxide (CO2),748
2020,"1A4aii Commercial/institutional, off-road vehicles and other machinery",Carbon dioxide (CO2),313
2020,1A4b Residential,Carbon dioxide (CO2),914
2020,"1A4bi Residential, stationary",Carbon dioxide (CO2),748
2020,"1A4bii Residential, off-road vehicles and other machinery",Carbon dioxide (CO2),165
2020,"1A4c Agriculture, forestry anf fishing",Carbon dioxide (CO2),1566
2020,"1A4ci Agriculture/forestry, stationary",Carbon dioxide (CO2),434
2020,"1A4cii Agriculture/forestry, off-road vehicles and other machinery",Carbon dioxide (CO2),1034
2020,1A4ciii Fishing,Carbon dioxide (CO2),99
2020,1A5 Other fuel use,Carbon dioxide (CO2),700
2020,1B Fugitive emissions from fuels,Carbon dioxide (CO2),76
2020,1D International transport,Carbon dioxide (CO2),1849
2020,1D1a International aviation,Carbon dioxide (CO2),869
2020,1D1b International navigation,Carbon dioxide (CO2),980
2020,2 Industrial processes and product use,Carbon dioxide (CO2),4036
2020,2A Mineral industry,Carbon dioxide (CO2),947
2020,2B Chemical industry,Carbon dioxide (CO2),1200
2020,2C Metal industry,Carbon dioxide (CO2),1757
2020,2D Non-energy products from fuels and solvent use,Carbon dioxide (CO2),132
2020,2F Product uses as substitutes for ozone-depleting substances,Carbon dioxide (CO2),-
2020,2F1 Refrigeration and air conditioning,Carbon dioxide (CO2),-
2020,2F1a Commercial refrigeration,Carbon dioxide (CO2),-
2020,2F1b Domestic refrigeration,Carbon dioxide (CO2),-
2020,2F1c Industrial refrigeration,Carbon dioxide (CO2),-
2020,2F1d Transport refrigeration,Carbon dioxide (CO2),-
2020,2F1e Mobile air-conditioning,Carbon dioxide (CO2),-
2020,2F1f Stationary air-conditioning,Carbon dioxide (CO2),-
2020,2F2 Foam blowing agents,Carbon dioxide (CO2),-
2020,2F4 Aerosols,Carbon dioxide (CO2),-
2020,2G Other product manufacture and use,Carbon dioxide (CO2),-
2020,2H Other emissions from industrial processses,Carbon dioxide (CO2),-
2020,3 Agriculture,Carbon dioxide (CO2),203
2020,3A  Enteric fermentation,Carbon dioxide (CO2),-
2020,3A1 Cattle,Carbon dioxide (CO2),-
2020,3A1a Dairy cattle,Carbon dioxide (CO2),-
2020,3A1b Non-dairy cattle,Carbon dioxide (CO2),-
2020,3A2 Sheep,Carbon dioxide (CO2),-
2020,3A3 Swine,Carbon dioxide (CO2),-
2020,3A4d Goats,Carbon dioxide (CO2),-
2020,3A4e Horses and ponies,Carbon dioxide (CO2),-
2020,3A4hii Reindeer,Carbon dioxide (CO2),-
2020,3A4hiv Fur-bearing animals,Carbon dioxide (CO2),-
2020,3B Manure management,Carbon dioxide (CO2),-
2020,3B1 Cattle,Carbon dioxide (CO2),-
2020,3B1a Dairy cattle,Carbon dioxide (CO2),-
2020,3B1b Non-dairy cattle,Carbon dioxide (CO2),-
2020,3B2 Sheep,Carbon dioxide (CO2),-
2020,3B3 Swine,Carbon dioxide (CO2),-
2020,3B4d Goats,Carbon dioxide (CO2),-
2020,3B4e Horses and ponies,Carbon dioxide (CO2),-
2020,3B4g Poultry,Carbon dioxide (CO2),-
2020,3B4hii Reindeer,Carbon dioxide (CO2),-
2020,3B4hiv Fur-bearing animals,Carbon dioxide (CO2),-
2020,3B5 Indirect N2O emissions from manure management,Carbon dioxide (CO2),-
2020,3D Agricultural soils,Carbon dioxide (CO2),-
2020,3D1 Direct N2O emissions from managed soils,Carbon dioxide (CO2),-
2020,3D1a Inorganic N fertilizers,Carbon dioxide (CO2),-
2020,3D1b Organic N fertilizers,Carbon dioxide (CO2),-
2020,3D1c Urine and dung deposited by grazing animals,Carbon dioxide (CO2),-
2020,3D1d Crop residues,Carbon dioxide (CO2),-
2020,3D1e N2O emissions from nitrogen mineralization associated with loss of soil organic matter in mineral soils,Carbon dioxide (CO2),-
2020,3D1f Cultivation of organic soils of croplands and grasslands,Carbon dioxide (CO2),-
2020,3D2 Indirect N2O emissions from managed soils,Carbon dioxide (CO2),-
2020,3F Field burning of agricultural residues,Carbon dioxide (CO2),-
2020,3G Liming,Carbon dioxide (CO2),201
2020,3H Urea application,Carbon dioxide (CO2),2
2020,"4 Land use, land-use change and forestry (LULUCF)",Carbon dioxide (CO2),-4952
2020,4A Forest land,Carbon dioxide (CO2),-15832
2020,4Ai1 Forest land: biomass (mineral soils),Carbon dioxide (CO2),-7915
2020,4Ai2 Forest land: biomass (organic soils),Carbon dioxide (CO2),-10737
2020,4Aiv Forest land: DOM + SOM (mineral soils),Carbon dioxide (CO2),-3086
2020,4Av Forest land: DOM + SOM (organic soils),Carbon dioxide (CO2),5906
2020,4(i)A Forest land: N2O emissions from N-fertilization,Carbon dioxide (CO2),-
2020,4(ii)A Forest land: emissions and removals from drainage and rewetting,Carbon dioxide (CO2),-
2020,4(iii)A Forest land: N2O emissions from nitrogen mineralization associated with loss of soil organic matter in mineral soils,Carbon dioxide (CO2),-
2020,"4(iv)A Forest land: biomass burning (wildfires, prescribed and restoration burnings)",Carbon dioxide (CO2),-
2020,4B Cropland,Carbon dioxide (CO2),8126
2020,4Bi Cropland: biomass,Carbon dioxide (CO2),588
2020,4Biv Cropland: DOM + SOM (mineral soils),Carbon dioxide (CO2),732
2020,4Bv Cropland: DOM + SOM (organic soils),Carbon dioxide (CO2),6806
2020,4(iii)B Cropland: N2O emissions from nitrogen mineralization associated with loss of soil organic matter in mineral soils,Carbon dioxide (CO2),-
2020,4C Grassland,Carbon dioxide (CO2),756
2020,4Ci Grassland: biomass,Carbon dioxide (CO2),-29
2020,4Civ Grassland: DOM + SOM (mineral soils),Carbon dioxide (CO2),-28
2020,4Cv Grassland: DOM + SOM (organic soils),Carbon dioxide (CO2),813
2020,4(iii)C Grassland: N2O emissions from nitrogen mineralization associated with loss of soil organic matter in mineral soils,Carbon dioxide (CO2),-
2020,"4(iv)C Grassland: biomass burning (wildfires, prescribed and restoration burnings)",Carbon dioxide (CO2),0
2020,4D Wetlands,Carbon dioxide (CO2),2024
2020,4Di Wetlands: biomass,Carbon dioxide (CO2),9
2020,4Diii Wetlands: dead wood,Carbon dioxide (CO2),0
2020,4Dv Wetlands: SOM,Carbon dioxide (CO2),2015
2020,4(ii)D Wetlands: emissions and removals from drainage and rewetting,Carbon dioxide (CO2),-
2020,4E Settlements,Carbon dioxide (CO2),1279
2020,4Ei Settlements: biomass,Carbon dioxide (CO2),906
2020,4Eiii Settlements: dead wood,Carbon dioxide (CO2),18
2020,4Eiv-v Settlements: SOM  and litter,Carbon dioxide (CO2),355
2020,4(i)E Settlements: N2O emissions from N-fertilization,Carbon dioxide (CO2),-
2020,4(ii)E Settlements: emissions and removals from drainage and rewetting,Carbon dioxide (CO2),-
2020,4(iii)E Settlements: N2O emissions from nitrogen mineralization associated with loss of soil organic matter in mineral soils,Carbon dioxide (CO2),-
2020,4G Harvested wood products,Carbon dioxide (CO2),-1306
2020,5 Waste management,Carbon dioxide (CO2),-
2020,5A Waste disposal,Carbon dioxide (CO2),-
2020,5B Biological treatment of  waste,Carbon dioxide (CO2),-
2020,5D Wastewater treatment and discharge,Carbon dioxide (CO2),-
2020,Indirect CO2 emission,Carbon dioxide (CO2),66
2021,Emissions without LULUCF,Carbon dioxide (CO2),37879
2021,Emissions with LULUCF,Carbon dioxide (CO2),43045
2021,1 Energy,Carbon dioxide (CO2),33251
2021,1A1 Energy industries,Carbon dioxide (CO2),13051
2021,1A2 Manufacturing industries and construction,Carbon dioxide (CO2),6199
2021,1A2(-1A2gvii) Manufacturing industries and construction excl. off-road vehicles and other machinery,Carbon dioxide (CO2),5065
2021,1A2gvii Off-road vehicles and other machinery production,Carbon dioxide (CO2),1135
2021,1A3 Transport,Carbon dioxide (CO2),9904
2021,1A3a Domestic aviation,Carbon dioxide (CO2),81
2021,1A3b Road transportation,Carbon dioxide (CO2),9398
2021,1A3bi Cars,Carbon dioxide (CO2),5236
2021,1A3bii Light duty trucks,Carbon dioxide (CO2),947
2021,1A3biii Heavyduty trucks,Carbon dioxide (CO2),3126
2021,1A3biv Motorcycles,Carbon dioxide (CO2),90
2021,1A3c Railways,Carbon dioxide (CO2),71
2021,1A3d Domestic navigation,Carbon dioxide (CO2),354
2021,1A4 Other sectors,Carbon dioxide (CO2),3371
2021,1A4a Commercial and institutional,Carbon dioxide (CO2),1165
2021,"1A4ai Commercial/institutional, stationary",Carbon dioxide (CO2),871
2021,"1A4aii Commercial/institutional, off-road vehicles and other machinery",Carbon dioxide (CO2),294
2021,1A4b Residential,Carbon dioxide (CO2),841
2021,"1A4bi Residential, stationary",Carbon dioxide (CO2),679
2021,"1A4bii Residential, off-road vehicles and other machinery",Carbon dioxide (CO2),162
2021,"1A4c Agriculture, forestry anf fishing",Carbon dioxide (CO2),1365
2021,"1A4ci Agriculture/forestry, stationary",Carbon dioxide (CO2),364
2021,"1A4cii Agriculture/forestry, off-road vehicles and other machinery",Carbon dioxide (CO2),904
2021,1A4ciii Fishing,Carbon dioxide (CO2),98
2021,1A5 Other fuel use,Carbon dioxide (CO2),658
2021,1B Fugitive emissions from fuels,Carbon dioxide (CO2),68
2021,1D International transport,Carbon dioxide (CO2),1701
2021,1D1a International aviation,Carbon dioxide (CO2),824
2021,1D1b International navigation,Carbon dioxide (CO2),877
2021,2 Industrial processes and product use,Carbon dioxide (CO2),4370
2021,2A Mineral industry,Carbon dioxide (CO2),1017
2021,2B Chemical industry,Carbon dioxide (CO2),1106
2021,2C Metal industry,Carbon dioxide (CO2),2094
2021,2D Non-energy products from fuels and solvent use,Carbon dioxide (CO2),153
2021,2F Product uses as substitutes for ozone-depleting substances,Carbon dioxide (CO2),-
2021,2F1 Refrigeration and air conditioning,Carbon dioxide (CO2),-
2021,2F1a Commercial refrigeration,Carbon dioxide (CO2),-
2021,2F1b Domestic refrigeration,Carbon dioxide (CO2),-
2021,2F1c Industrial refrigeration,Carbon dioxide (CO2),-
2021,2F1d Transport refrigeration,Carbon dioxide (CO2),-
2021,2F1e Mobile air-conditioning,Carbon dioxide (CO2),-
2021,2F1f Stationary air-conditioning,Carbon dioxide (CO2),-
2021,2F2 Foam blowing agents,Carbon dioxide (CO2),-
2021,2F4 Aerosols,Carbon dioxide (CO2),-
2021,2G Other product manufacture and use,Carbon dioxide (CO2),-
2021,2H Other emissions from industrial processses,Carbon dioxide (CO2),-
2021,3 Agriculture,Carbon dioxide (CO2),201
2021,3A  Enteric fermentation,Carbon dioxide (CO2),-
2021,3A1 Cattle,Carbon dioxide (CO2),-
2021,3A1a Dairy cattle,Carbon dioxide (CO2),-
2021,3A1b Non-dairy cattle,Carbon dioxide (CO2),-
2021,3A2 Sheep,Carbon dioxide (CO2),-
2021,3A3 Swine,Carbon dioxide (CO2),-
2021,3A4d Goats,Carbon dioxide (CO2),-
2021,3A4e Horses and ponies,Carbon dioxide (CO2),-
2021,3A4hii Reindeer,Carbon dioxide (CO2),-
2021,3A4hiv Fur-bearing animals,Carbon dioxide (CO2),-
2021,3B Manure management,Carbon dioxide (CO2),-
2021,3B1 Cattle,Carbon dioxide (CO2),-
2021,3B1a Dairy cattle,Carbon dioxide (CO2),-
2021,3B1b Non-dairy cattle,Carbon dioxide (CO2),-
2021,3B2 Sheep,Carbon dioxide (CO2),-
2021,3B3 Swine,Carbon dioxide (CO2),-
2021,3B4d Goats,Carbon dioxide (CO2),-
2021,3B4e Horses and ponies,Carbon dioxide (CO2),-
2021,3B4g Poultry,Carbon dioxide (CO2),-
2021,3B4hii Reindeer,Carbon dioxide (CO2),-
2021,3B4hiv Fur-bearing animals,Carbon dioxide (CO2),-
2021,3B5 Indirect N2O emissions from manure management,Carbon dioxide (CO2),-
2021,3D Agricultural soils,Carbon dioxide (CO2),-
2021,3D1 Direct N2O emissions from managed soils,Carbon dioxide (CO2),-
2021,3D1a Inorganic N fertilizers,Carbon dioxide (CO2),-
2021,3D1b Organic N fertilizers,Carbon dioxide (CO2),-
2021,3D1c Urine and dung deposited by grazing animals,Carbon dioxide (CO2),-
2021,3D1d Crop residues,Carbon dioxide (CO2),-
2021,3D1e N2O emissions from nitrogen mineralization associated with loss of soil organic matter in mineral soils,Carbon dioxide (CO2),-
2021,3D1f Cultivation of organic soils of croplands and grasslands,Carbon dioxide (CO2),-
2021,3D2 Indirect N2O emissions from managed soils,Carbon dioxide (CO2),-
2021,3F Field burning of agricultural residues,Carbon dioxide (CO2),-
2021,3G Liming,Carbon dioxide (CO2),200
2021,3H Urea application,Carbon dioxide (CO2),1
2021,"4 Land use, land-use change and forestry (LULUCF)",Carbon dioxide (CO2),5166
2021,4A Forest land,Carbon dioxide (CO2),-3766
2021,4Ai1 Forest land: biomass (mineral soils),Carbon dioxide (CO2),658
2021,4Ai2 Forest land: biomass (organic soils),Carbon dioxide (CO2),-8546
2021,4Aiv Forest land: DOM + SOM (mineral soils),Carbon dioxide (CO2),-1810
2021,4Av Forest land: DOM + SOM (organic soils),Carbon dioxide (CO2),5932
2021,4(i)A Forest land: N2O emissions from N-fertilization,Carbon dioxide (CO2),-
2021,4(ii)A Forest land: emissions and removals from drainage and rewetting,Carbon dioxide (CO2),-
2021,4(iii)A Forest land: N2O emissions from nitrogen mineralization associated with loss of soil organic matter in mineral soils,Carbon dioxide (CO2),-
2021,"4(iv)A Forest land: biomass burning (wildfires, prescribed and restoration burnings)",Carbon dioxide (CO2),-
2021,4B Cropland,Carbon dioxide (CO2),8631
2021,4Bi Cropland: biomass,Carbon dioxide (CO2),550
2021,4Biv Cropland: DOM + SOM (mineral soils),Carbon dioxide (CO2),1227
2021,4Bv Cropland: DOM + SOM (organic soils),Carbon dioxide (CO2),6854
2021,4(iii)B Cropland: N2O emissions from nitrogen mineralization associated with loss of soil organic matter in mineral soils,Carbon dioxide (CO2),-
2021,4C Grassland,Carbon dioxide (CO2),721
2021,4Ci Grassland: biomass,Carbon dioxide (CO2),-58
2021,4Civ Grassland: DOM + SOM (mineral soils),Carbon dioxide (CO2),-29
2021,4Cv Grassland: DOM + SOM (organic soils),Carbon dioxide (CO2),807
2021,4(iii)C Grassland: N2O emissions from nitrogen mineralization associated with loss of soil organic matter in mineral soils,Carbon dioxide (CO2),-
2021,"4(iv)C Grassland: biomass burning (wildfires, prescribed and restoration burnings)",Carbon dioxide (CO2),0
2021,4D Wetlands,Carbon dioxide (CO2),2151
2021,4Di Wetlands: biomass,Carbon dioxide (CO2),0
2021,4Diii Wetlands: dead wood,Carbon dioxide (CO2),0
2021,4Dv Wetlands: SOM,Carbon dioxide (CO2),2151
2021,4(ii)D Wetlands: emissions and removals from drainage and rewetting,Carbon dioxide (CO2),-
2021,4E Settlements,Carbon dioxide (CO2),1147
2021,4Ei Settlements: biomass,Carbon dioxide (CO2),787
2021,4Eiii Settlements: dead wood,Carbon dioxide (CO2),15
2021,4Eiv-v Settlements: SOM  and litter,Carbon dioxide (CO2),345
2021,4(i)E Settlements: N2O emissions from N-fertilization,Carbon dioxide (CO2),-
2021,4(ii)E Settlements: emissions and removals from drainage and rewetting,Carbon dioxide (CO2),-
2021,4(iii)E Settlements: N2O emissions from nitrogen mineralization associated with loss of soil organic matter in mineral soils,Carbon dioxide (CO2),-
2021,4G Harvested wood products,Carbon dioxide (CO2),-3718
2021,5 Waste management,Carbon dioxide (CO2),-
2021,5A Waste disposal,Carbon dioxide (CO2),-
2021,5B Biological treatment of  waste,Carbon dioxide (CO2),-
2021,5D Wastewater treatment and discharge,Carbon dioxide (CO2),-
2021,Indirect CO2 emission,Carbon dioxide (CO2),56
2022,Emissions without LULUCF,Carbon dioxide (CO2),36380
2022,Emissions with LULUCF,Carbon dioxide (CO2),41934
2022,1 Energy,Carbon dioxide (CO2),31945
2022,1A1 Energy industries,Carbon dioxide (CO2),12547
2022,1A2 Manufacturing industries and construction,Carbon dioxide (CO2),5679
2022,1A2(-1A2gvii) Manufacturing industries and construction excl. off-road vehicles and other machinery,Carbon dioxide (CO2),4560
2022,1A2gvii Off-road vehicles and other machinery production,Carbon dioxide (CO2),1119
2022,1A3 Transport,Carbon dioxide (CO2),9735
2022,1A3a Domestic aviation,Carbon dioxide (CO2),137
2022,1A3b Road transportation,Carbon dioxide (CO2),9200
2022,1A3bi Cars,Carbon dioxide (CO2),4985
2022,1A3bii Light duty trucks,Carbon dioxide (CO2),943
2022,1A3biii Heavyduty trucks,Carbon dioxide (CO2),3186
2022,1A3biv Motorcycles,Carbon dioxide (CO2),86
2022,1A3c Railways,Carbon dioxide (CO2),59
2022,1A3d Domestic navigation,Carbon dioxide (CO2),340
2022,1A4 Other sectors,Carbon dioxide (CO2),3163
2022,1A4a Commercial and institutional,Carbon dioxide (CO2),1088
2022,"1A4ai Commercial/institutional, stationary",Carbon dioxide (CO2),805
2022,"1A4aii Commercial/institutional, off-road vehicles and other machinery",Carbon dioxide (CO2),283
2022,1A4b Residential,Carbon dioxide (CO2),641
2022,"1A4bi Residential, stationary",Carbon dioxide (CO2),484
2022,"1A4bii Residential, off-road vehicles and other machinery",Carbon dioxide (CO2),157
2022,"1A4c Agriculture, forestry anf fishing",Carbon dioxide (CO2),1434
2022,"1A4ci Agriculture/forestry, stationary",Carbon dioxide (CO2),366
2022,"1A4cii Agriculture/forestry, off-road vehicles and other machinery",Carbon dioxide (CO2),970
2022,1A4ciii Fishing,Carbon dioxide (CO2),97
2022,1A5 Other fuel use,Carbon dioxide (CO2),755
2022,1B Fugitive emissions from fuels,Carbon dioxide (CO2),65
2022,1D International transport,Carbon dioxide (CO2),2688
2022,1D1a International aviation,Carbon dioxide (CO2),1630
2022,1D1b International navigation,Carbon dioxide (CO2),1058
2022,2 Industrial processes and product use,Carbon dioxide (CO2),4166
2022,2A Mineral industry,Carbon dioxide (CO2),940
2022,2B Chemical industry,Carbon dioxide (CO2),1118
2022,2C Metal industry,Carbon dioxide (CO2),1974
2022,2D Non-energy products from fuels and solvent use,Carbon dioxide (CO2),134
2022,2F Product uses as substitutes for ozone-depleting substances,Carbon dioxide (CO2),-
2022,2F1 Refrigeration and air conditioning,Carbon dioxide (CO2),-
2022,2F1a Commercial refrigeration,Carbon dioxide (CO2),-
2022,2F1b Domestic refrigeration,Carbon dioxide (CO2),-
2022,2F1c Industrial refrigeration,Carbon dioxide (CO2),-
2022,2F1d Transport refrigeration,Carbon dioxide (CO2),-
2022,2F1e Mobile air-conditioning,Carbon dioxide (CO2),-
2022,2F1f Stationary air-conditioning,Carbon dioxide (CO2),-
2022,2F2 Foam blowing agents,Carbon dioxide (CO2),-
2022,2F4 Aerosols,Carbon dioxide (CO2),-
2022,2G Other product manufacture and use,Carbon dioxide (CO2),-
2022,2H Other emissions from industrial processses,Carbon dioxide (CO2),-
2022,3 Agriculture,Carbon dioxide (CO2),221
2022,3A  Enteric fermentation,Carbon dioxide (CO2),-
2022,3A1 Cattle,Carbon dioxide (CO2),-
2022,3A1a Dairy cattle,Carbon dioxide (CO2),-
2022,3A1b Non-dairy cattle,Carbon dioxide (CO2),-
2022,3A2 Sheep,Carbon dioxide (CO2),-
2022,3A3 Swine,Carbon dioxide (CO2),-
2022,3A4d Goats,Carbon dioxide (CO2),-
2022,3A4e Horses and ponies,Carbon dioxide (CO2),-
2022,3A4hii Reindeer,Carbon dioxide (CO2),-
2022,3A4hiv Fur-bearing animals,Carbon dioxide (CO2),-
2022,3B Manure management,Carbon dioxide (CO2),-
2022,3B1 Cattle,Carbon dioxide (CO2),-
2022,3B1a Dairy cattle,Carbon dioxide (CO2),-
2022,3B1b Non-dairy cattle,Carbon dioxide (CO2),-
2022,3B2 Sheep,Carbon dioxide (CO2),-
2022,3B3 Swine,Carbon dioxide (CO2),-
2022,3B4d Goats,Carbon dioxide (CO2),-
2022,3B4e Horses and ponies,Carbon dioxide (CO2),-
2022,3B4g Poultry,Carbon dioxide (CO2),-
2022,3B4hii Reindeer,Carbon dioxide (CO2),-
2022,3B4hiv Fur-bearing animals,Carbon dioxide (CO2),-
2022,3B5 Indirect N2O emissions from manure management,Carbon dioxide (CO2),-
2022,3D Agricultural soils,Carbon dioxide (CO2),-
2022,3D1 Direct N2O emissions from managed soils,Carbon dioxide (CO2),-
2022,3D1a Inorganic N fertilizers,Carbon dioxide (CO2),-
2022,3D1b Organic N fertilizers,Carbon dioxide (CO2),-
2022,3D1c Urine and dung deposited by grazing animals,Carbon dioxide (CO2),-
2022,3D1d Crop residues,Carbon dioxide (CO2),-
2022,3D1e N2O emissions from nitrogen mineralization associated with loss of soil organic matter in mineral soils,Carbon dioxide (CO2),-
2022,3D1f Cultivation of organic soils of croplands and grasslands,Carbon dioxide (CO2),-
2022,3D2 Indirect N2O emissions from managed soils,Carbon dioxide (CO2),-
2022,3F Field burning of agricultural residues,Carbon dioxide (CO2),-
2022,3G Liming,Carbon dioxide (CO2),215
2022,3H Urea application,Carbon dioxide (CO2),6
2022,"4 Land use, land-use change and forestry (LULUCF)",Carbon dioxide (CO2),5554
2022,4A Forest land,Carbon dioxide (CO2),-3541
2022,4Ai1 Forest land: biomass (mineral soils),Carbon dioxide (CO2),-605
2022,4Ai2 Forest land: biomass (organic soils),Carbon dioxide (CO2),-8927
2022,4Aiv Forest land: DOM + SOM (mineral soils),Carbon dioxide (CO2),-1298
2022,4Av Forest land: DOM + SOM (organic soils),Carbon dioxide (CO2),7289
2022,4(i)A Forest land: N2O emissions from N-fertilization,Carbon dioxide (CO2),-
2022,4(ii)A Forest land: emissions and removals from drainage and rewetting,Carbon dioxide (CO2),-
2022,4(iii)A Forest land: N2O emissions from nitrogen mineralization associated with loss of soil organic matter in mineral soils,Carbon dioxide (CO2),-
2022,"4(iv)A Forest land: biomass burning (wildfires, prescribed and restoration burnings)",Carbon dioxide (CO2),-
2022,4B Cropland,Carbon dioxide (CO2),8642
2022,4Bi Cropland: biomass,Carbon dioxide (CO2),480
2022,4Biv Cropland: DOM + SOM (mineral soils),Carbon dioxide (CO2),1247
2022,4Bv Cropland: DOM + SOM (organic soils),Carbon dioxide (CO2),6915
2022,4(iii)B Cropland: N2O emissions from nitrogen mineralization associated with loss of soil organic matter in mineral soils,Carbon dioxide (CO2),-
2022,4C Grassland,Carbon dioxide (CO2),696
2022,4Ci Grassland: biomass,Carbon dioxide (CO2),-76
2022,4Civ Grassland: DOM + SOM (mineral soils),Carbon dioxide (CO2),-30
2022,4Cv Grassland: DOM + SOM (organic soils),Carbon dioxide (CO2),802
2022,4(iii)C Grassland: N2O emissions from nitrogen mineralization associated with loss of soil organic matter in mineral soils,Carbon dioxide (CO2),-
2022,"4(iv)C Grassland: biomass burning (wildfires, prescribed and restoration burnings)",Carbon dioxide (CO2),0
2022,4D Wetlands,Carbon dioxide (CO2),1993
2022,4Di Wetlands: biomass,Carbon dioxide (CO2),0
2022,4Diii Wetlands: dead wood,Carbon dioxide (CO2),0
2022,4Dv Wetlands: SOM,Carbon dioxide (CO2),1993
2022,4(ii)D Wetlands: emissions and removals from drainage and rewetting,Carbon dioxide (CO2),-
2022,4E Settlements,Carbon dioxide (CO2),1050
2022,4Ei Settlements: biomass,Carbon dioxide (CO2),701
2022,4Eiii Settlements: dead wood,Carbon dioxide (CO2),13
2022,4Eiv-v Settlements: SOM  and litter,Carbon dioxide (CO2),335
2022,4(i)E Settlements: N2O emissions from N-fertilization,Carbon dioxide (CO2),-
2022,4(ii)E Settlements: emissions and removals from drainage and rewetting,Carbon dioxide (CO2),-
2022,4(iii)E Settlements: N2O emissions from nitrogen mineralization associated with loss of soil organic matter in mineral soils,Carbon dioxide (CO2),-
2022,4G Harvested wood products,Carbon dioxide (CO2),-3286
2022,5 Waste management,Carbon dioxide (CO2),-
2022,5A Waste disposal,Carbon dioxide (CO2),-
2022,5B Biological treatment of  waste,Carbon dioxide (CO2),-
2022,5D Wastewater treatment and discharge,Carbon dioxide (CO2),-
2022,Indirect CO2 emission,Carbon dioxide (CO2),47
2023,Emissions without LULUCF,Carbon dioxide (CO2),31917
2023,Emissions with LULUCF,Carbon dioxide (CO2),36430
2023,1 Energy,Carbon dioxide (CO2),27677
2023,1A1 Energy industries,Carbon dioxide (CO2),9746
2023,1A2 Manufacturing industries and construction,Carbon dioxide (CO2),4866
2023,1A2(-1A2gvii) Manufacturing industries and construction excl. off-road vehicles and other machinery,Carbon dioxide (CO2),3766
2023,1A2gvii Off-road vehicles and other machinery production,Carbon dioxide (CO2),1099
2023,1A3 Transport,Carbon dioxide (CO2),9357
2023,1A3a Domestic aviation,Carbon dioxide (CO2),135
2023,1A3b Road transportation,Carbon dioxide (CO2),8852
2023,1A3bi Cars,Carbon dioxide (CO2),4856
2023,1A3bii Light duty trucks,Carbon dioxide (CO2),928
2023,1A3biii Heavyduty trucks,Carbon dioxide (CO2),2980
2023,1A3biv Motorcycles,Carbon dioxide (CO2),87
2023,1A3c Railways,Carbon dioxide (CO2),56
2023,1A3d Domestic navigation,Carbon dioxide (CO2),315
2023,1A4 Other sectors,Carbon dioxide (CO2),2963
2023,1A4a Commercial and institutional,Carbon dioxide (CO2),1130
2023,"1A4ai Commercial/institutional, stationary",Carbon dioxide (CO2),858
2023,"1A4aii Commercial/institutional, off-road vehicles and other machinery",Carbon dioxide (CO2),272
2023,1A4b Residential,Carbon dioxide (CO2),385
2023,"1A4bi Residential, stationary",Carbon dioxide (CO2),233
2023,"1A4bii Residential, off-road vehicles and other machinery",Carbon dioxide (CO2),151
2023,"1A4c Agriculture, forestry anf fishing",Carbon dioxide (CO2),1448
2023,"1A4ci Agriculture/forestry, stationary",Carbon dioxide (CO2),375
2023,"1A4cii Agriculture/forestry, off-road vehicles and other machinery",Carbon dioxide (CO2),976
2023,1A4ciii Fishing,Carbon dioxide (CO2),98
2023,1A5 Other fuel use,Carbon dioxide (CO2),658
2023,1B Fugitive emissions from fuels,Carbon dioxide (CO2),86
2023,1D International transport,Carbon dioxide (CO2),2808
2023,1D1a International aviation,Carbon dioxide (CO2),1923
2023,1D1b International navigation,Carbon dioxide (CO2),885
2023,2 Industrial processes and product use,Carbon dioxide (CO2),4014
2023,2A Mineral industry,Carbon dioxide (CO2),765
2023,2B Chemical industry,Carbon dioxide (CO2),1153
2023,2C Metal industry,Carbon dioxide (CO2),1975
2023,2D Non-energy products from fuels and solvent use,Carbon dioxide (CO2),121
2023,2F Product uses as substitutes for ozone-depleting substances,Carbon dioxide (CO2),-
2023,2F1 Refrigeration and air conditioning,Carbon dioxide (CO2),-
2023,2F1a Commercial refrigeration,Carbon dioxide (CO2),-
2023,2F1b Domestic refrigeration,Carbon dioxide (CO2),-
2023,2F1c Industrial refrigeration,Carbon dioxide (CO2),-
2023,2F1d Transport refrigeration,Carbon dioxide (CO2),-
2023,2F1e Mobile air-conditioning,Carbon dioxide (CO2),-
2023,2F1f Stationary air-conditioning,Carbon dioxide (CO2),-
2023,2F2 Foam blowing agents,Carbon dioxide (CO2),-
2023,2F4 Aerosols,Carbon dioxide (CO2),-
2023,2G Other product manufacture and use,Carbon dioxide (CO2),-
2023,2H Other emissions from industrial processses,Carbon dioxide (CO2),-
2023,3 Agriculture,Carbon dioxide (CO2),183
2023,3A  Enteric fermentation,Carbon dioxide (CO2),-
2023,3A1 Cattle,Carbon dioxide (CO2),-
2023,3A1a Dairy cattle,Carbon dioxide (CO2),-
2023,3A1b Non-dairy cattle,Carbon dioxide (CO2),-
2023,3A2 Sheep,Carbon dioxide (CO2),-
2023,3A3 Swine,Carbon dioxide (CO2),-
2023,3A4d Goats,Carbon dioxide (CO2),-
2023,3A4e Horses and ponies,Carbon dioxide (CO2),-
2023,3A4hii Reindeer,Carbon dioxide (CO2),-
2023,3A4hiv Fur-bearing animals,Carbon dioxide (CO2),-
2023,3B Manure management,Carbon dioxide (CO2),-
2023,3B1 Cattle,Carbon dioxide (CO2),-
2023,3B1a Dairy cattle,Carbon dioxide (CO2),-
2023,3B1b Non-dairy cattle,Carbon dioxide (CO2),-
2023,3B2 Sheep,Carbon dioxide (CO2),-
2023,3B3 Swine,Carbon dioxide (CO2),-
2023,3B4d Goats,Carbon dioxide (CO2),-
2023,3B4e Horses and ponies,Carbon dioxide (CO2),-
2023,3B4g Poultry,Carbon dioxide (CO2),-
2023,3B4hii Reindeer,Carbon dioxide (CO2),-
2023,3B4hiv Fur-bearing animals,Carbon dioxide (CO2),-
2023,3B5 Indirect N2O emissions from manure management,Carbon dioxide (CO2),-
2023,3D Agricultural soils,Carbon dioxide (CO2),-
2023,3D1 Direct N2O emissions from managed soils,Carbon dioxide (CO2),-
2023,3D1a Inorganic N fertilizers,Carbon dioxide (CO2),-
2023,3D1b Organic N fertilizers,Carbon dioxide (CO2),-
2023,3D1c Urine and dung deposited by grazing animals,Carbon dioxide (CO2),-
2023,3D1d Crop residues,Carbon dioxide (CO2),-
2023,3D1e N2O emissions from nitrogen mineralization associated with loss of soil organic matter in mineral soils,Carbon dioxide (CO2),-
2023,3D1f Cultivation of organic soils of croplands and grasslands,Carbon dioxide (CO2),-
2023,3D2 Indirect N2O emissions from managed soils,Carbon dioxide (CO2),-
2023,3F Field burning of agricultural residues,Carbon dioxide (CO2),-
2023,3G Liming,Carbon dioxide (CO2),175
2023,3H Urea application,Carbon dioxide (CO2),9
2023,"4 Land use, land-use change and forestry (LULUCF)",Carbon dioxide (CO2),4513
2023,4A Forest land,Carbon dioxide (CO2),-5617
2023,4Ai1 Forest land: biomass (mineral soils),Carbon dioxide (CO2),-3367
2023,4Ai2 Forest land: biomass (organic soils),Carbon dioxide (CO2),-9513
2023,4Aiv Forest land: DOM + SOM (mineral soils),Carbon dioxide (CO2),-1482
2023,4Av Forest land: DOM + SOM (organic soils),Carbon dioxide (CO2),8745
2023,4(i)A Forest land: N2O emissions from N-fertilization,Carbon dioxide (CO2),-
2023,4(ii)A Forest land: emissions and removals from drainage and rewetting,Carbon dioxide (CO2),-
2023,4(iii)A Forest land: N2O emissions from nitrogen mineralization associated with loss of soil organic matter in mineral soils,Carbon dioxide (CO2),-
2023,"4(iv)A Forest land: biomass burning (wildfires, prescribed and restoration burnings)",Carbon dioxide (CO2),-
2023,4B Cropland,Carbon dioxide (CO2),8238
2023,4Bi Cropland: biomass,Carbon dioxide (CO2),401
2023,4Biv Cropland: DOM + SOM (mineral soils),Carbon dioxide (CO2),893
2023,4Bv Cropland: DOM + SOM (organic soils),Carbon dioxide (CO2),6944
2023,4(iii)B Cropland: N2O emissions from nitrogen mineralization associated with loss of soil organic matter in mineral soils,Carbon dioxide (CO2),-
2023,4C Grassland,Carbon dioxide (CO2),666
2023,4Ci Grassland: biomass,Carbon dioxide (CO2),-100
2023,4Civ Grassland: DOM + SOM (mineral soils),Carbon dioxide (CO2),-31
2023,4Cv Grassland: DOM + SOM (organic soils),Carbon dioxide (CO2),797
2023,4(iii)C Grassland: N2O emissions from nitrogen mineralization associated with loss of soil organic matter in mineral soils,Carbon dioxide (CO2),-
2023,"4(iv)C Grassland: biomass burning (wildfires, prescribed and restoration burnings)",Carbon dioxide (CO2),0
2023,4D Wetlands,Carbon dioxide (CO2),1927
2023,4Di Wetlands: biomass,Carbon dioxide (CO2),0
2023,4Diii Wetlands: dead wood,Carbon dioxide (CO2),0
2023,4Dv Wetlands: SOM,Carbon dioxide (CO2),1927
2023,4(ii)D Wetlands: emissions and removals from drainage and rewetting,Carbon dioxide (CO2),-
2023,4E Settlements,Carbon dioxide (CO2),937
2023,4Ei Settlements: biomass,Carbon dioxide (CO2),602
2023,4Eiii Settlements: dead wood,Carbon dioxide (CO2),12
2023,4Eiv-v Settlements: SOM  and litter,Carbon dioxide (CO2),324
2023,4(i)E Settlements: N2O emissions from N-fertilization,Carbon dioxide (CO2),-
2023,4(ii)E Settlements: emissions and removals from drainage and rewetting,Carbon dioxide (CO2),-
2023,4(iii)E Settlements: N2O emissions from nitrogen mineralization associated with loss of soil organic matter in mineral soils,Carbon dioxide (CO2),-
2023,4G Harvested wood products,Carbon dioxide (CO2),-1637
2023,5 Waste management,Carbon dioxide (CO2),-
2023,5A Waste disposal,Carbon dioxide (CO2),-
2023,5B Biological treatment of  waste,Carbon dioxide (CO2),-
2023,5D Wastewater treatment and discharge,Carbon dioxide (CO2),-
2023,Indirect CO2 emission,Carbon dioxide (CO2),43
2024,Emissions without LULUCF,Carbon dioxide (CO2),29945
2024,Emissions with LULUCF,Carbon dioxide (CO2),37333
2024,1 Energy,Carbon dioxide (CO2),25966
2024,1A1 Energy industries,Carbon dioxide (CO2),8145
2024,1A2 Manufacturing industries and construction,Carbon dioxide (CO2),4711
2024,1A2(-1A2gvii) Manufacturing industries and construction excl. off-road vehicles and other machinery,Carbon dioxide (CO2),3619
2024,1A2gvii Off-road vehicles and other machinery production,Carbon dioxide (CO2),1092
2024,1A3 Transport,Carbon dioxide (CO2),9542
2024,1A3a Domestic aviation,Carbon dioxide (CO2),147
2024,1A3b Road transportation,Carbon dioxide (CO2),9062
2024,1A3bi Cars,Carbon dioxide (CO2),4969
2024,1A3bii Light duty trucks,Carbon dioxide (CO2),963
2024,1A3biii Heavyduty trucks,Carbon dioxide (CO2),3039
2024,1A3biv Motorcycles,Carbon dioxide (CO2),91
2024,1A3c Railways,Carbon dioxide (CO2),45
2024,1A3d Domestic navigation,Carbon dioxide (CO2),288
2024,1A4 Other sectors,Carbon dioxide (CO2),2873
2024,1A4a Commercial and institutional,Carbon dioxide (CO2),1121
2024,"1A4ai Commercial/institutional, stationary",Carbon dioxide (CO2),848
2024,"1A4aii Commercial/institutional, off-road vehicles and other machinery",Carbon dioxide (CO2),273
2024,1A4b Residential,Carbon dioxide (CO2),342
2024,"1A4bi Residential, stationary",Carbon dioxide (CO2),196
2024,"1A4bii Residential, off-road vehicles and other machinery",Carbon dioxide (CO2),146
2024,"1A4c Agriculture, forestry anf fishing",Carbon dioxide (CO2),1410
2024,"1A4ci Agriculture/forestry, stationary",Carbon dioxide (CO2),407
2024,"1A4cii Agriculture/forestry, off-road vehicles and other machinery",Carbon dioxide (CO2),912
2024,1A4ciii Fishing,Carbon dioxide (CO2),91
2024,1A5 Other fuel use,Carbon dioxide (CO2),617
2024,1B Fugitive emissions from fuels,Carbon dioxide (CO2),78
2024,1D International transport,Carbon dioxide (CO2),2963
2024,1D1a International aviation,Carbon dioxide (CO2),2034
2024,1D1b International navigation,Carbon dioxide (CO2),929
2024,2 Industrial processes and product use,Carbon dioxide (CO2),3767
2024,2A Mineral industry,Carbon dioxide (CO2),586
2024,2B Chemical industry,Carbon dioxide (CO2),1089
2024,2C Metal industry,Carbon dioxide (CO2),1971
2024,2D Non-energy products from fuels and solvent use,Carbon dioxide (CO2),120
2024,2F Product uses as substitutes for ozone-depleting substances,Carbon dioxide (CO2),-
2024,2F1 Refrigeration and air conditioning,Carbon dioxide (CO2),-
2024,2F1a Commercial refrigeration,Carbon dioxide (CO2),-
2024,2F1b Domestic refrigeration,Carbon dioxide (CO2),-
2024,2F1c Industrial refrigeration,Carbon dioxide (CO2),-
2024,2F1d Transport refrigeration,Carbon dioxide (CO2),-
2024,2F1e Mobile air-conditioning,Carbon dioxide (CO2),-
2024,2F1f Stationary air-conditioning,Carbon dioxide (CO2),-
2024,2F2 Foam blowing agents,Carbon dioxide (CO2),-
2024,2F4 Aerosols,Carbon dioxide (CO2),-
2024,2G Other product manufacture and use,Carbon dioxide (CO2),-
2024,2H Other emissions from industrial processses,Carbon dioxide (CO2),-
2024,3 Agriculture,Carbon dioxide (CO2),170
2024,3A  Enteric fermentation,Carbon dioxide (CO2),-
2024,3A1 Cattle,Carbon dioxide (CO2),-
2024,3A1a Dairy cattle,Carbon dioxide (CO2),-
2024,3A1b Non-dairy cattle,Carbon dioxide (CO2),-
2024,3A2 Sheep,Carbon dioxide (CO2),-
2024,3A3 Swine,Carbon dioxide (CO2),-
2024,3A4d Goats,Carbon dioxide (CO2),-
2024,3A4e Horses and ponies,Carbon dioxide (CO2),-
2024,3A4hii Reindeer,Carbon dioxide (CO2),-
2024,3A4hiv Fur-bearing animals,Carbon dioxide (CO2),-
2024,3B Manure management,Carbon dioxide (CO2),-
2024,3B1 Cattle,Carbon dioxide (CO2),-
2024,3B1a Dairy cattle,Carbon dioxide (CO2),-
2024,3B1b Non-dairy cattle,Carbon dioxide (CO2),-
2024,3B2 Sheep,Carbon dioxide (CO2),-
2024,3B3 Swine,Carbon dioxide (CO2),-
2024,3B4d Goats,Carbon dioxide (CO2),-
2024,3B4e Horses and ponies,Carbon dioxide (CO2),-
2024,3B4g Poultry,Carbon dioxide (CO2),-
2024,3B4hii Reindeer,Carbon dioxide (CO2),-
2024,3B4hiv Fur-bearing animals,Carbon dioxide (CO2),-
2024,3B5 Indirect N2O emissions from manure management,Carbon dioxide (CO2),-
2024,3D Agricultural soils,Carbon dioxide (CO2),-
2024,3D1 Direct N2O emissions from managed soils,Carbon dioxide (CO2),-
2024,3D1a Inorganic N fertilizers,Carbon dioxide (CO2),-
2024,3D1b Organic N fertilizers,Carbon dioxide (CO2),-
2024,3D1c Urine and dung deposited by grazing animals,Carbon dioxide (CO2),-
2024,3D1d Crop residues,Carbon dioxide (CO2),-
2024,3D1e N2O emissions from nitrogen mineralization associated with loss of soil organic matter in mineral soils,Carbon dioxide (CO2),-
2024,3D1f Cultivation of organic soils of croplands and grasslands,Carbon dioxide (CO2),-
2024,3D2 Indirect N2O emissions from managed soils,Carbon dioxide (CO2),-
2024,3F Field burning of agricultural residues,Carbon dioxide (CO2),-
2024,3G Liming,Carbon dioxide (CO2),167
2024,3H Urea application,Carbon dioxide (CO2),4
2024,"4 Land use, land-use change and forestry (LULUCF)",Carbon dioxide (CO2),7388
2024,4A Forest land,Carbon dioxide (CO2),-2154
2024,4Ai1 Forest land: biomass (mineral soils),Carbon dioxide (CO2),-1912
2024,4Ai2 Forest land: biomass (organic soils),Carbon dioxide (CO2),-9194
2024,4Aiv Forest land: DOM + SOM (mineral soils),Carbon dioxide (CO2),-758
2024,4Av Forest land: DOM + SOM (organic soils),Carbon dioxide (CO2),9710
2024,4(i)A Forest land: N2O emissions from N-fertilization,Carbon dioxide (CO2),-
2024,4(ii)A Forest land: emissions and removals from drainage and rewetting,Carbon dioxide (CO2),-
2024,4(iii)A Forest land: N2O emissions from nitrogen mineralization associated with loss of soil organic matter in mineral soils,Carbon dioxide (CO2),-
2024,"4(iv)A Forest land: biomass burning (wildfires, prescribed and restoration burnings)",Carbon dioxide (CO2),-
2024,4B Cropland,Carbon dioxide (CO2),8432
2024,4Bi Cropland: biomass,Carbon dioxide (CO2),387
2024,4Biv Cropland: DOM + SOM (mineral soils),Carbon dioxide (CO2),1095
2024,4Bv Cropland: DOM + SOM (organic soils),Carbon dioxide (CO2),6950
2024,4(iii)B Cropland: N2O emissions from nitrogen mineralization associated with loss of soil organic matter in mineral soils,Carbon dioxide (CO2),-
2024,4C Grassland,Carbon dioxide (CO2),653
2024,4Ci Grassland: biomass,Carbon dioxide (CO2),-106
2024,4Civ Grassland: DOM + SOM (mineral soils),Carbon dioxide (CO2),-32
2024,4Cv Grassland: DOM + SOM (organic soils),Carbon dioxide (CO2),791
2024,4(iii)C Grassland: N2O emissions from nitrogen mineralization associated with loss of soil organic matter in mineral soils,Carbon dioxide (CO2),-
2024,"4(iv)C Grassland: biomass burning (wildfires, prescribed and restoration burnings)",Carbon dioxide (CO2),0
2024,4D Wetlands,Carbon dioxide (CO2),1764
2024,4Di Wetlands: biomass,Carbon dioxide (CO2),0
2024,4Diii Wetlands: dead wood,Carbon dioxide (CO2),0
2024,4Dv Wetlands: SOM,Carbon dioxide (CO2),1764
2024,4(ii)D Wetlands: emissions and removals from drainage and rewetting,Carbon dioxide (CO2),-
2024,4E Settlements,Carbon dioxide (CO2),835
2024,4Ei Settlements: biomass,Carbon dioxide (CO2),515
2024,4Eiii Settlements: dead wood,Carbon dioxide (CO2),9
2024,4Eiv-v Settlements: SOM  and litter,Carbon dioxide (CO2),311
2024,4(i)E Settlements: N2O emissions from N-fertilization,Carbon dioxide (CO2),-
2024,4(ii)E Settlements: emissions and removals from drainage and rewetting,Carbon dioxide (CO2),-
2024,4(iii)E Settlements: N2O emissions from nitrogen mineralization associated with loss of soil organic matter in mineral soils,Carbon dioxide (CO2),-
2024,4G Harvested wood products,Carbon dioxide (CO2),-2143
2024,5 Waste management,Carbon dioxide (CO2),-
2024,5A Waste disposal,Carbon dioxide (CO2),-
2024,5B Biological treatment of  waste,Carbon dioxide (CO2),-
2024,5D Wastewater treatment and discharge,Carbon dioxide (CO2),-
2024,Indirect CO2 emission,Carbon dioxide (CO2),42
2025*,Emissions without LULUCF,Carbon dioxide (CO2),27627
2025*,Emissions with LULUCF,Carbon dioxide (CO2),34681
2025*,1 Energy,Carbon dioxide (CO2),23412
2025*,1A1 Energy industries,Carbon dioxide (CO2),6713
2025*,1A2 Manufacturing industries and construction,Carbon dioxide (CO2),4640
2025*,1A2(-1A2gvii) Manufacturing industries and construction excl. off-road vehicles and other machinery,Carbon dioxide (CO2),3564
2025*,1A2gvii Off-road vehicles and other machinery production,Carbon dioxide (CO2),1076
2025*,1A3 Transport,Carbon dioxide (CO2),8886
2025*,1A3a Domestic aviation,Carbon dioxide (CO2),152
2025*,1A3b Road transportation,Carbon dioxide (CO2),8448
2025*,1A3bi Cars,Carbon dioxide (CO2),4658
2025*,1A3bii Light duty trucks,Carbon dioxide (CO2),879
2025*,1A3biii Heavyduty trucks,Carbon dioxide (CO2),2822
2025*,1A3biv Motorcycles,Carbon dioxide (CO2),89
2025*,1A3c Railways,Carbon dioxide (CO2),39
2025*,1A3d Domestic navigation,Carbon dioxide (CO2),247
2025*,1A4 Other sectors,Carbon dioxide (CO2),2560
2025*,1A4a Commercial and institutional,Carbon dioxide (CO2),.
2025*,"1A4ai Commercial/institutional, stationary",Carbon dioxide (CO2),.
2025*,"1A4aii Commercial/institutional, off-road vehicles and other machinery",Carbon dioxide (CO2),262
2025*,1A4b Residential,Carbon dioxide (CO2),.
2025*,"1A4bi Residential, stationary",Carbon dioxide (CO2),.
2025*,"1A4bii Residential, off-road vehicles and other machinery",Carbon dioxide (CO2),142
2025*,"1A4c Agriculture, forestry anf fishing",Carbon dioxide (CO2),.
2025*,"1A4ci Agriculture/forestry, stationary",Carbon dioxide (CO2),.
2025*,"1A4cii Agriculture/forestry, off-road vehicles and other machinery",Carbon dioxide (CO2),858
2025*,1A4ciii Fishing,Carbon dioxide (CO2),94
2025*,1A5 Other fuel use,Carbon dioxide (CO2),549
2025*,1B Fugitive emissions from fuels,Carbon dioxide (CO2),64
2025*,1D International transport,Carbon dioxide (CO2),2963
2025*,1D1a International aviation,Carbon dioxide (CO2),2034
2025*,1D1b International navigation,Carbon dioxide (CO2),929
2025*,2 Industrial processes and product use,Carbon dioxide (CO2),4002
2025*,2A Mineral industry,Carbon dioxide (CO2),678
2025*,2B Chemical industry,Carbon dioxide (CO2),1193
2025*,2C Metal industry,Carbon dioxide (CO2),2011
2025*,2D Non-energy products from fuels and solvent use,Carbon dioxide (CO2),120
2025*,2F Product uses as substitutes for ozone-depleting substances,Carbon dioxide (CO2),-
2025*,2F1 Refrigeration and air conditioning,Carbon dioxide (CO2),-
2025*,2F1a Commercial refrigeration,Carbon dioxide (CO2),-
2025*,2F1b Domestic refrigeration,Carbon dioxide (CO2),-
2025*,2F1c Industrial refrigeration,Carbon dioxide (CO2),-
2025*,2F1d Transport refrigeration,Carbon dioxide (CO2),-
2025*,2F1e Mobile air-conditioning,Carbon dioxide (CO2),-
2025*,2F1f Stationary air-conditioning,Carbon dioxide (CO2),-
2025*,2F2 Foam blowing agents,Carbon dioxide (CO2),-
2025*,2F4 Aerosols,Carbon dioxide (CO2),-
2025*,2G Other product manufacture and use,Carbon dioxide (CO2),-
2025*,2H Other emissions from industrial processses,Carbon dioxide (CO2),-
2025*,3 Agriculture,Carbon dioxide (CO2),170
2025*,3A  Enteric fermentation,Carbon dioxide (CO2),-
2025*,3A1 Cattle,Carbon dioxide (CO2),-
2025*,3A1a Dairy cattle,Carbon dioxide (CO2),-
2025*,3A1b Non-dairy cattle,Carbon dioxide (CO2),-
2025*,3A2 Sheep,Carbon dioxide (CO2),-
2025*,3A3 Swine,Carbon dioxide (CO2),-
2025*,3A4d Goats,Carbon dioxide (CO2),-
2025*,3A4e Horses and ponies,Carbon dioxide (CO2),-
2025*,3A4hii Reindeer,Carbon dioxide (CO2),-
2025*,3A4hiv Fur-bearing animals,Carbon dioxide (CO2),-
2025*,3B Manure management,Carbon dioxide (CO2),-
2025*,3B1 Cattle,Carbon dioxide (CO2),-
2025*,3B1a Dairy cattle,Carbon dioxide (CO2),-
2025*,3B1b Non-dairy cattle,Carbon dioxide (CO2),-
2025*,3B2 Sheep,Carbon dioxide (CO2),-
2025*,3B3 Swine,Carbon dioxide (CO2),-
2025*,3B4d Goats,Carbon dioxide (CO2),-
2025*,3B4e Horses and ponies,Carbon dioxide (CO2),-
2025*,3B4g Poultry,Carbon dioxide (CO2),-
2025*,3B4hii Reindeer,Carbon dioxide (CO2),-
2025*,3B4hiv Fur-bearing animals,Carbon dioxide (CO2),-
2025*,3B5 Indirect N2O emissions from manure management,Carbon dioxide (CO2),-
2025*,3D Agricultural soils,Carbon dioxide (CO2),-
2025*,3D1 Direct N2O emissions from managed soils,Carbon dioxide (CO2),-
2025*,3D1a Inorganic N fertilizers,Carbon dioxide (CO2),-
2025*,3D1b Organic N fertilizers,Carbon dioxide (CO2),-
2025*,3D1c Urine and dung deposited by grazing animals,Carbon dioxide (CO2),-
2025*,3D1d Crop residues,Carbon dioxide (CO2),-
2025*,3D1e N2O emissions from nitrogen mineralization associated with loss of soil organic matter in mineral soils,Carbon dioxide (CO2),-
2025*,3D1f Cultivation of organic soils of croplands and grasslands,Carbon dioxide (CO2),-
2025*,3D2 Indirect N2O emissions from managed soils,Carbon dioxide (CO2),-
2025*,3F Field burning of agricultural residues,Carbon dioxide (CO2),-
2025*,3G Liming,Carbon dioxide (CO2),167
2025*,3H Urea application,Carbon dioxide (CO2),4
2025*,"4 Land use, land-use change and forestry (LULUCF)",Carbon dioxide (CO2),7054
2025*,4A Forest land,Carbon dioxide (CO2),-685
2025*,4Ai1 Forest land: biomass (mineral soils),Carbon dioxide (CO2),.
2025*,4Ai2 Forest land: biomass (organic soils),Carbon dioxide (CO2),.
2025*,4Aiv Forest land: DOM + SOM (mineral soils),Carbon dioxide (CO2),.
2025*,4Av Forest land: DOM + SOM (organic soils),Carbon dioxide (CO2),.
2025*,4(i)A Forest land: N2O emissions from N-fertilization,Carbon dioxide (CO2),-
2025*,4(ii)A Forest land: emissions and removals from drainage and rewetting,Carbon dioxide (CO2),-
2025*,4(iii)A Forest land: N2O emissions from nitrogen mineralization associated with loss of soil organic matter in mineral soils,Carbon dioxide (CO2),-
2025*,"4(iv)A Forest land: biomass burning (wildfires, prescribed and restoration burnings)",Carbon dioxide (CO2),-
2025*,4B Cropland,Carbon dioxide (CO2),8186
2025*,4Bi Cropland: biomass,Carbon dioxide (CO2),.
2025*,4Biv Cropland: DOM + SOM (mineral soils),Carbon dioxide (CO2),.
2025*,4Bv Cropland: DOM + SOM (organic soils),Carbon dioxide (CO2),.
2025*,4(iii)B Cropland: N2O emissions from nitrogen mineralization associated with loss of soil organic matter in mineral soils,Carbon dioxide (CO2),-
2025*,4C Grassland,Carbon dioxide (CO2),653
2025*,4Ci Grassland: biomass,Carbon dioxide (CO2),.
2025*,4Civ Grassland: DOM + SOM (mineral soils),Carbon dioxide (CO2),.
2025*,4Cv Grassland: DOM + SOM (organic soils),Carbon dioxide (CO2),.
2025*,4(iii)C Grassland: N2O emissions from nitrogen mineralization associated with loss of soil organic matter in mineral soils,Carbon dioxide (CO2),-
2025*,"4(iv)C Grassland: biomass burning (wildfires, prescribed and restoration burnings)",Carbon dioxide (CO2),.
2025*,4D Wetlands,Carbon dioxide (CO2),1764
2025*,4Di Wetlands: biomass,Carbon dioxide (CO2),.
2025*,4Diii Wetlands: dead wood,Carbon dioxide (CO2),.
2025*,4Dv Wetlands: SOM,Carbon dioxide (CO2),.
2025*,4(ii)D Wetlands: emissions and removals from drainage and rewetting,Carbon dioxide (CO2),-
2025*,4E Settlements,Carbon dioxide (CO2),835
2025*,4Ei Settlements: biomass,Carbon dioxide (CO2),.
2025*,4Eiii Settlements: dead wood,Carbon dioxide (CO2),.
2025*,4Eiv-v Settlements: SOM  and litter,Carbon dioxide (CO2),.
2025*,4(i)E Settlements: N2O emissions from N-fertilization,Carbon dioxide (CO2),-
2025*,4(ii)E Settlements: emissions and removals from drainage and rewetting,Carbon dioxide (CO2),-
2025*,4(iii)E Settlements: N2O emissions from nitrogen mineralization associated with loss of soil organic matter in mineral soils,Carbon dioxide (CO2),-
2025*,4G Harvested wood products,Carbon dioxide (CO2),-3700
2025*,5 Waste management,Carbon dioxide (CO2),-
2025*,5A Waste disposal,Carbon dioxide (CO2),-
2025*,5B Biological treatment of  waste,Carbon dioxide (CO2),-
2025*,5D Wastewater treatment and discharge,Carbon dioxide (CO2),-
2025*,Indirect CO2 emission,Carbon dioxide (CO2),42
